<gpx xmlns:ns3="http://www.garmin.com/xmlschemas/TrackPointExtension/v1" xmlns="http://www.topografix.com/GPX/1/1" xmlns:xsi="http://www.w3.org/2001/XMLSchema-instance" xmlns:ns2="http://www.garmin.com/xmlschemas/GpxExtensions/v3" creator="Garmin Connect" version="1.1" xsi:schemaLocation="http://www.topografix.com/GPX/1/1 http://www.topografix.com/GPX/11.xsd">
  <extensions>
<distance>6005.03</distance>
<average_hr>146.0</average_hr>
<average_speed>2.803999900817871</average_speed>
<start_time>2026-05-11T12:35:58+00:00</start_time>
<end_time>2026-05-11T13:11:39.560000+00:00</end_time>
<moving_time>2134.232</moving_time>
<elapsed_time>2153.667</elapsed_time>
</extensions>
<metadata>
    <link href="connect.garmin.com">
      <text>Garmin Connect</text>
    </link>
    <time>2026-05-11T12:35:58.000Z</time>
  </metadata>
  <trk>
    <name>闵行区 - 基础训练</name>
    <type>running</type>
    <trkseg>
      <trkpt lat="31.02304712869226932525634765625" lon="121.428427733480930328369140625">
        <ele>6.80000019073486328125</ele>
        <time>2026-05-11T12:35:58.000Z</time>
        <extensions>
          <ns3:TrackPointExtension>
            <ns3:hr>73</ns3:hr>
            <ns3:cad>0</ns3:cad>
          </ns3:TrackPointExtension>
        </extensions>
      </trkpt>
      <trkpt lat="31.0230314545333385467529296875" lon="121.42841197550296783447265625">
        <ele>6.80000019073486328125</ele>
        <time>2026-05-11T12:35:59.000Z</time>
        <extensions>
          <ns3:TrackPointExtension>
            <ns3:hr>72</ns3:hr>
            <ns3:cad>0</ns3:cad>
          </ns3:TrackPointExtension>
        </extensions>
      </trkpt>
      <trkpt lat="31.0230237431824207305908203125" lon="121.4284071139991283416748046875">
        <ele>6.80000019073486328125</ele>
        <time>2026-05-11T12:36:00.000Z</time>
        <extensions>
          <ns3:TrackPointExtension>
            <ns3:hr>71</ns3:hr>
            <ns3:cad>0</ns3:cad>
          </ns3:TrackPointExtension>
        </extensions>
      </trkpt>
      <trkpt lat="31.02301175706088542938232421875" lon="121.42839814536273479461669921875">
        <ele>7</ele>
        <time>2026-05-11T12:36:01.000Z</time>
        <extensions>
          <ns3:TrackPointExtension>
            <ns3:hr>72</ns3:hr>
            <ns3:cad>0</ns3:cad>
          </ns3:TrackPointExtension>
        </extensions>
      </trkpt>
      <trkpt lat="31.0229959152638912200927734375" lon="121.42839529551565647125244140625">
        <ele>7</ele>
        <time>2026-05-11T12:36:02.000Z</time>
        <extensions>
          <ns3:TrackPointExtension>
            <ns3:hr>73</ns3:hr>
            <ns3:cad>57</ns3:cad>
          </ns3:TrackPointExtension>
        </extensions>
      </trkpt>
      <trkpt lat="31.02297923527657985687255859375" lon="121.428392194211483001708984375">
        <ele>7</ele>
        <time>2026-05-11T12:36:03.000Z</time>
        <extensions>
          <ns3:TrackPointExtension>
            <ns3:hr>74</ns3:hr>
            <ns3:cad>53</ns3:cad>
          </ns3:TrackPointExtension>
        </extensions>
      </trkpt>
      <trkpt lat="31.022967584431171417236328125" lon="121.42839194275438785552978515625">
        <ele>7</ele>
        <time>2026-05-11T12:36:04.000Z</time>
        <extensions>
          <ns3:TrackPointExtension>
            <ns3:hr>75</ns3:hr>
            <ns3:cad>53</ns3:cad>
          </ns3:TrackPointExtension>
        </extensions>
      </trkpt>
      <trkpt lat="31.02295559830963611602783203125" lon="121.42839227803051471710205078125">
        <ele>7</ele>
        <time>2026-05-11T12:36:05.000Z</time>
        <extensions>
          <ns3:TrackPointExtension>
            <ns3:hr>75</ns3:hr>
            <ns3:cad>52</ns3:cad>
          </ns3:TrackPointExtension>
        </extensions>
      </trkpt>
      <trkpt lat="31.022936739027500152587890625" lon="121.428395211696624755859375">
        <ele>7</ele>
        <time>2026-05-11T12:36:06.000Z</time>
        <extensions>
          <ns3:TrackPointExtension>
            <ns3:hr>75</ns3:hr>
            <ns3:cad>52</ns3:cad>
          </ns3:TrackPointExtension>
        </extensions>
      </trkpt>
      <trkpt lat="31.0229164548218250274658203125" lon="121.42840149812400341033935546875">
        <ele>6.80000019073486328125</ele>
        <time>2026-05-11T12:36:07.000Z</time>
        <extensions>
          <ns3:TrackPointExtension>
            <ns3:hr>75</ns3:hr>
            <ns3:cad>52</ns3:cad>
          </ns3:TrackPointExtension>
        </extensions>
      </trkpt>
      <trkpt lat="31.02289340458810329437255859375" lon="121.42840703018009662628173828125">
        <ele>6.80000019073486328125</ele>
        <time>2026-05-11T12:36:08.000Z</time>
        <extensions>
          <ns3:TrackPointExtension>
            <ns3:hr>75</ns3:hr>
            <ns3:cad>52</ns3:cad>
          </ns3:TrackPointExtension>
        </extensions>
      </trkpt>
      <trkpt lat="31.0228651575744152069091796875" lon="121.428410299122333526611328125">
        <ele>6.599999904632568359375</ele>
        <time>2026-05-11T12:36:09.000Z</time>
        <extensions>
          <ns3:TrackPointExtension>
            <ns3:hr>75</ns3:hr>
            <ns3:cad>104</ns3:cad>
          </ns3:TrackPointExtension>
        </extensions>
      </trkpt>
      <trkpt lat="31.02283841930329799652099609375" lon="121.42841272987425327301025390625">
        <ele>6.400000095367431640625</ele>
        <time>2026-05-11T12:36:10.000Z</time>
        <extensions>
          <ns3:TrackPointExtension>
            <ns3:hr>75</ns3:hr>
            <ns3:cad>77</ns3:cad>
          </ns3:TrackPointExtension>
        </extensions>
      </trkpt>
      <trkpt lat="31.0228162072598934173583984375" lon="121.42839931882917881011962890625">
        <ele>6.19999980926513671875</ele>
        <time>2026-05-11T12:36:11.000Z</time>
        <extensions>
          <ns3:TrackPointExtension>
            <ns3:hr>76</ns3:hr>
            <ns3:cad>77</ns3:cad>
          </ns3:TrackPointExtension>
        </extensions>
      </trkpt>
      <trkpt lat="31.0227890498936176300048828125" lon="121.428395546972751617431640625">
        <ele>6.19999980926513671875</ele>
        <time>2026-05-11T12:36:12.000Z</time>
        <extensions>
          <ns3:TrackPointExtension>
            <ns3:hr>78</ns3:hr>
            <ns3:cad>77</ns3:cad>
          </ns3:TrackPointExtension>
        </extensions>
      </trkpt>
      <trkpt lat="31.02276465855538845062255859375" lon="121.428397558629512786865234375">
        <ele>6.19999980926513671875</ele>
        <time>2026-05-11T12:36:13.000Z</time>
        <extensions>
          <ns3:TrackPointExtension>
            <ns3:hr>79</ns3:hr>
            <ns3:cad>78</ns3:cad>
          </ns3:TrackPointExtension>
        </extensions>
      </trkpt>
      <trkpt lat="31.02273548953235149383544921875" lon="121.4283992350101470947265625">
        <ele>6.400000095367431640625</ele>
        <time>2026-05-11T12:36:14.000Z</time>
        <extensions>
          <ns3:TrackPointExtension>
            <ns3:hr>81</ns3:hr>
            <ns3:cad>80</ns3:cad>
          </ns3:TrackPointExtension>
        </extensions>
      </trkpt>
      <trkpt lat="31.02271176874637603759765625" lon="121.4284034259617328643798828125">
        <ele>6.400000095367431640625</ele>
        <time>2026-05-11T12:36:15.000Z</time>
        <extensions>
          <ns3:TrackPointExtension>
            <ns3:hr>82</ns3:hr>
            <ns3:cad>80</ns3:cad>
          </ns3:TrackPointExtension>
        </extensions>
      </trkpt>
      <trkpt lat="31.0226891376078128814697265625" lon="121.4284111373126506805419921875">
        <ele>6.599999904632568359375</ele>
        <time>2026-05-11T12:36:16.000Z</time>
        <extensions>
          <ns3:TrackPointExtension>
            <ns3:hr>83</ns3:hr>
            <ns3:cad>80</ns3:cad>
          </ns3:TrackPointExtension>
        </extensions>
      </trkpt>
      <trkpt lat="31.0226680152118206024169921875" lon="121.42841507680714130401611328125">
        <ele>6.80000019073486328125</ele>
        <time>2026-05-11T12:36:17.000Z</time>
        <extensions>
          <ns3:TrackPointExtension>
            <ns3:hr>84</ns3:hr>
            <ns3:cad>80</ns3:cad>
          </ns3:TrackPointExtension>
        </extensions>
      </trkpt>
      <trkpt lat="31.022647060453891754150390625" lon="121.42842530272901058197021484375">
        <ele>6.80000019073486328125</ele>
        <time>2026-05-11T12:36:18.000Z</time>
        <extensions>
          <ns3:TrackPointExtension>
            <ns3:hr>85</ns3:hr>
            <ns3:cad>81</ns3:cad>
          </ns3:TrackPointExtension>
        </extensions>
      </trkpt>
      <trkpt lat="31.0226247645914554595947265625" lon="121.42843284644186496734619140625">
        <ele>7.19999980926513671875</ele>
        <time>2026-05-11T12:36:19.000Z</time>
        <extensions>
          <ns3:TrackPointExtension>
            <ns3:hr>85</ns3:hr>
            <ns3:cad>81</ns3:cad>
          </ns3:TrackPointExtension>
        </extensions>
      </trkpt>
      <trkpt lat="31.02260188199579715728759765625" lon="121.42843921668827533721923828125">
        <ele>7.599999904632568359375</ele>
        <time>2026-05-11T12:36:20.000Z</time>
        <extensions>
          <ns3:TrackPointExtension>
            <ns3:hr>86</ns3:hr>
            <ns3:cad>81</ns3:cad>
          </ns3:TrackPointExtension>
        </extensions>
      </trkpt>
      <trkpt lat="31.0225835256278514862060546875" lon="121.42844684422016143798828125">
        <ele>7.599999904632568359375</ele>
        <time>2026-05-11T12:36:21.000Z</time>
        <extensions>
          <ns3:TrackPointExtension>
            <ns3:hr>87</ns3:hr>
            <ns3:cad>81</ns3:cad>
          </ns3:TrackPointExtension>
        </extensions>
      </trkpt>
      <trkpt lat="31.02255578152835369110107421875" lon="121.4284543879330158233642578125">
        <ele>7.599999904632568359375</ele>
        <time>2026-05-11T12:36:22.000Z</time>
        <extensions>
          <ns3:TrackPointExtension>
            <ns3:hr>88</ns3:hr>
            <ns3:cad>81</ns3:cad>
          </ns3:TrackPointExtension>
        </extensions>
      </trkpt>
      <trkpt lat="31.02253398858010768890380859375" lon="121.4284641109406948089599609375">
        <ele>7.19999980926513671875</ele>
        <time>2026-05-11T12:36:23.000Z</time>
        <extensions>
          <ns3:TrackPointExtension>
            <ns3:hr>89</ns3:hr>
            <ns3:cad>81</ns3:cad>
          </ns3:TrackPointExtension>
        </extensions>
      </trkpt>
      <trkpt lat="31.02251286618411540985107421875" lon="121.42847173847258090972900390625">
        <ele>6.599999904632568359375</ele>
        <time>2026-05-11T12:36:24.000Z</time>
        <extensions>
          <ns3:TrackPointExtension>
            <ns3:hr>90</ns3:hr>
            <ns3:cad>81</ns3:cad>
          </ns3:TrackPointExtension>
        </extensions>
      </trkpt>
      <trkpt lat="31.022489480674266815185546875" lon="121.428475342690944671630859375">
        <ele>6.19999980926513671875</ele>
        <time>2026-05-11T12:36:25.000Z</time>
        <extensions>
          <ns3:TrackPointExtension>
            <ns3:hr>91</ns3:hr>
            <ns3:cad>81</ns3:cad>
          </ns3:TrackPointExtension>
        </extensions>
      </trkpt>
      <trkpt lat="31.0224668495357036590576171875" lon="121.42847760580480098724365234375">
        <ele>6.400000095367431640625</ele>
        <time>2026-05-11T12:36:26.000Z</time>
        <extensions>
          <ns3:TrackPointExtension>
            <ns3:hr>96</ns3:hr>
            <ns3:cad>81</ns3:cad>
          </ns3:TrackPointExtension>
        </extensions>
      </trkpt>
      <trkpt lat="31.022442877292633056640625" lon="121.4284812100231647491455078125">
        <ele>6.599999904632568359375</ele>
        <time>2026-05-11T12:36:27.000Z</time>
        <extensions>
          <ns3:TrackPointExtension>
            <ns3:hr>105</ns3:hr>
            <ns3:cad>81</ns3:cad>
          </ns3:TrackPointExtension>
        </extensions>
      </trkpt>
      <trkpt lat="31.02241513319313526153564453125" lon="121.428482718765735626220703125">
        <ele>6.80000019073486328125</ele>
        <time>2026-05-11T12:36:28.000Z</time>
        <extensions>
          <ns3:TrackPointExtension>
            <ns3:hr>117</ns3:hr>
            <ns3:cad>81</ns3:cad>
          </ns3:TrackPointExtension>
        </extensions>
      </trkpt>
      <trkpt lat="31.02239283733069896697998046875" lon="121.4284855686128139495849609375">
        <ele>7</ele>
        <time>2026-05-11T12:36:29.000Z</time>
        <extensions>
          <ns3:TrackPointExtension>
            <ns3:hr>121</ns3:hr>
            <ns3:cad>81</ns3:cad>
          </ns3:TrackPointExtension>
        </extensions>
      </trkpt>
      <trkpt lat="31.02237087674438953399658203125" lon="121.42849386669695377349853515625">
        <ele>7</ele>
        <time>2026-05-11T12:36:30.000Z</time>
        <extensions>
          <ns3:TrackPointExtension>
            <ns3:hr>122</ns3:hr>
            <ns3:cad>81</ns3:cad>
          </ns3:TrackPointExtension>
        </extensions>
      </trkpt>
      <trkpt lat="31.02234640158712863922119140625" lon="121.42849386669695377349853515625">
        <ele>7</ele>
        <time>2026-05-11T12:36:31.000Z</time>
        <extensions>
          <ns3:TrackPointExtension>
            <ns3:hr>123</ns3:hr>
            <ns3:cad>80</ns3:cad>
          </ns3:TrackPointExtension>
        </extensions>
      </trkpt>
      <trkpt lat="31.0223270393908023834228515625" lon="121.42850208096206188201904296875">
        <ele>6.80000019073486328125</ele>
        <time>2026-05-11T12:36:32.000Z</time>
        <extensions>
          <ns3:TrackPointExtension>
            <ns3:hr>124</ns3:hr>
            <ns3:cad>80</ns3:cad>
          </ns3:TrackPointExtension>
        </extensions>
      </trkpt>
      <trkpt lat="31.02229979820549488067626953125" lon="121.42850778065621852874755859375">
        <ele>7</ele>
        <time>2026-05-11T12:36:33.000Z</time>
        <extensions>
          <ns3:TrackPointExtension>
            <ns3:hr>124</ns3:hr>
            <ns3:cad>81</ns3:cad>
          </ns3:TrackPointExtension>
        </extensions>
      </trkpt>
      <trkpt lat="31.02227859199047088623046875" lon="121.42851213924586772918701171875">
        <ele>7</ele>
        <time>2026-05-11T12:36:34.000Z</time>
        <extensions>
          <ns3:TrackPointExtension>
            <ns3:hr>124</ns3:hr>
            <ns3:cad>82</ns3:cad>
          </ns3:TrackPointExtension>
        </extensions>
      </trkpt>
      <trkpt lat="31.02226107381284236907958984375" lon="121.42852353863418102264404296875">
        <ele>7</ele>
        <time>2026-05-11T12:36:35.000Z</time>
        <extensions>
          <ns3:TrackPointExtension>
            <ns3:hr>124</ns3:hr>
            <ns3:cad>82</ns3:cad>
          </ns3:TrackPointExtension>
        </extensions>
      </trkpt>
      <trkpt lat="31.02223475463688373565673828125" lon="121.4285284839570522308349609375">
        <ele>7</ele>
        <time>2026-05-11T12:36:36.000Z</time>
        <extensions>
          <ns3:TrackPointExtension>
            <ns3:hr>124</ns3:hr>
            <ns3:cad>82</ns3:cad>
          </ns3:TrackPointExtension>
        </extensions>
      </trkpt>
      <trkpt lat="31.0222123749554157257080078125" lon="121.4285331778228282928466796875">
        <ele>7</ele>
        <time>2026-05-11T12:36:37.000Z</time>
        <extensions>
          <ns3:TrackPointExtension>
            <ns3:hr>124</ns3:hr>
            <ns3:cad>82</ns3:cad>
          </ns3:TrackPointExtension>
        </extensions>
      </trkpt>
      <trkpt lat="31.022190414369106292724609375" lon="121.42854273319244384765625">
        <ele>7</ele>
        <time>2026-05-11T12:36:38.000Z</time>
        <extensions>
          <ns3:TrackPointExtension>
            <ns3:hr>124</ns3:hr>
            <ns3:cad>81</ns3:cad>
          </ns3:TrackPointExtension>
        </extensions>
      </trkpt>
      <trkpt lat="31.02216334082186222076416015625" lon="121.428545750677585601806640625">
        <ele>7</ele>
        <time>2026-05-11T12:36:39.000Z</time>
        <extensions>
          <ns3:TrackPointExtension>
            <ns3:hr>124</ns3:hr>
            <ns3:cad>81</ns3:cad>
          </ns3:TrackPointExtension>
        </extensions>
      </trkpt>
      <trkpt lat="31.02214154787361621856689453125" lon="121.428549773991107940673828125">
        <ele>7.19999980926513671875</ele>
        <time>2026-05-11T12:36:40.000Z</time>
        <extensions>
          <ns3:TrackPointExtension>
            <ns3:hr>124</ns3:hr>
            <ns3:cad>81</ns3:cad>
          </ns3:TrackPointExtension>
        </extensions>
      </trkpt>
      <trkpt lat="31.02212143130600452423095703125" lon="121.42855589278042316436767578125">
        <ele>7.19999980926513671875</ele>
        <time>2026-05-11T12:36:41.000Z</time>
        <extensions>
          <ns3:TrackPointExtension>
            <ns3:hr>124</ns3:hr>
            <ns3:cad>81</ns3:cad>
          </ns3:TrackPointExtension>
        </extensions>
      </trkpt>
      <trkpt lat="31.0220977105200290679931640625" lon="121.4285532943904399871826171875">
        <ele>7.19999980926513671875</ele>
        <time>2026-05-11T12:36:42.000Z</time>
        <extensions>
          <ns3:TrackPointExtension>
            <ns3:hr>125</ns3:hr>
            <ns3:cad>81</ns3:cad>
          </ns3:TrackPointExtension>
        </extensions>
      </trkpt>
      <trkpt lat="31.022079773247241973876953125" lon="121.42856075428426265716552734375">
        <ele>7.400000095367431640625</ele>
        <time>2026-05-11T12:36:43.000Z</time>
        <extensions>
          <ns3:TrackPointExtension>
            <ns3:hr>125</ns3:hr>
            <ns3:cad>81</ns3:cad>
          </ns3:TrackPointExtension>
        </extensions>
      </trkpt>
      <trkpt lat="31.02205672301352024078369140625" lon="121.42857282422482967376708984375">
        <ele>7.19999980926513671875</ele>
        <time>2026-05-11T12:36:44.000Z</time>
        <extensions>
          <ns3:TrackPointExtension>
            <ns3:hr>125</ns3:hr>
            <ns3:cad>81</ns3:cad>
          </ns3:TrackPointExtension>
        </extensions>
      </trkpt>
      <trkpt lat="31.02202973328530788421630859375" lon="121.4285834692418575286865234375">
        <ele>7.19999980926513671875</ele>
        <time>2026-05-11T12:36:45.000Z</time>
        <extensions>
          <ns3:TrackPointExtension>
            <ns3:hr>125</ns3:hr>
            <ns3:cad>81</ns3:cad>
          </ns3:TrackPointExtension>
        </extensions>
      </trkpt>
      <trkpt lat="31.0220088623464107513427734375" lon="121.42859377898275852203369140625">
        <ele>7.19999980926513671875</ele>
        <time>2026-05-11T12:36:46.000Z</time>
        <extensions>
          <ns3:TrackPointExtension>
            <ns3:hr>126</ns3:hr>
            <ns3:cad>80</ns3:cad>
          </ns3:TrackPointExtension>
        </extensions>
      </trkpt>
      <trkpt lat="31.0219827108085155487060546875" lon="121.4286069385707378387451171875">
        <ele>7.19999980926513671875</ele>
        <time>2026-05-11T12:36:47.000Z</time>
        <extensions>
          <ns3:TrackPointExtension>
            <ns3:hr>126</ns3:hr>
            <ns3:cad>81</ns3:cad>
          </ns3:TrackPointExtension>
        </extensions>
      </trkpt>
      <trkpt lat="31.021958403289318084716796875" lon="121.42862093634903430938720703125">
        <ele>7.19999980926513671875</ele>
        <time>2026-05-11T12:36:48.000Z</time>
        <extensions>
          <ns3:TrackPointExtension>
            <ns3:hr>127</ns3:hr>
            <ns3:cad>81</ns3:cad>
          </ns3:TrackPointExtension>
        </extensions>
      </trkpt>
      <trkpt lat="31.0219381190836429595947265625" lon="121.42864088527858257293701171875">
        <ele>7.19999980926513671875</ele>
        <time>2026-05-11T12:36:49.000Z</time>
        <extensions>
          <ns3:TrackPointExtension>
            <ns3:hr>127</ns3:hr>
            <ns3:cad>82</ns3:cad>
          </ns3:TrackPointExtension>
        </extensions>
      </trkpt>
      <trkpt lat="31.02190936915576457977294921875" lon="121.42865178175270557403564453125">
        <ele>7.19999980926513671875</ele>
        <time>2026-05-11T12:36:50.000Z</time>
        <extensions>
          <ns3:TrackPointExtension>
            <ns3:hr>128</ns3:hr>
            <ns3:cad>83</ns3:cad>
          </ns3:TrackPointExtension>
        </extensions>
      </trkpt>
      <trkpt lat="31.02188942022621631622314453125" lon="121.42866720445454120635986328125">
        <ele>7.19999980926513671875</ele>
        <time>2026-05-11T12:36:51.000Z</time>
        <extensions>
          <ns3:TrackPointExtension>
            <ns3:hr>128</ns3:hr>
            <ns3:cad>83</ns3:cad>
          </ns3:TrackPointExtension>
        </extensions>
      </trkpt>
      <trkpt lat="31.02187030948698520660400390625" lon="121.4286857284605503082275390625">
        <ele>7.19999980926513671875</ele>
        <time>2026-05-11T12:36:52.000Z</time>
        <extensions>
          <ns3:TrackPointExtension>
            <ns3:hr>128</ns3:hr>
            <ns3:cad>83</ns3:cad>
          </ns3:TrackPointExtension>
        </extensions>
      </trkpt>
      <trkpt lat="31.02184734307229518890380859375" lon="121.42870140261948108673095703125">
        <ele>7.19999980926513671875</ele>
        <time>2026-05-11T12:36:53.000Z</time>
        <extensions>
          <ns3:TrackPointExtension>
            <ns3:hr>129</ns3:hr>
            <ns3:cad>83</ns3:cad>
          </ns3:TrackPointExtension>
        </extensions>
      </trkpt>
      <trkpt lat="31.0218321718275547027587890625" lon="121.42871749587357044219970703125">
        <ele>7.19999980926513671875</ele>
        <time>2026-05-11T12:36:54.000Z</time>
        <extensions>
          <ns3:TrackPointExtension>
            <ns3:hr>129</ns3:hr>
            <ns3:cad>82</ns3:cad>
          </ns3:TrackPointExtension>
        </extensions>
      </trkpt>
      <trkpt lat="31.02181348018348217010498046875" lon="121.428742222487926483154296875">
        <ele>7.19999980926513671875</ele>
        <time>2026-05-11T12:36:55.000Z</time>
        <extensions>
          <ns3:TrackPointExtension>
            <ns3:hr>130</ns3:hr>
            <ns3:cad>82</ns3:cad>
          </ns3:TrackPointExtension>
        </extensions>
      </trkpt>
      <trkpt lat="31.021795459091663360595703125" lon="121.42876342870295047760009765625">
        <ele>7.400000095367431640625</ele>
        <time>2026-05-11T12:36:56.000Z</time>
        <extensions>
          <ns3:TrackPointExtension>
            <ns3:hr>131</ns3:hr>
            <ns3:cad>82</ns3:cad>
          </ns3:TrackPointExtension>
        </extensions>
      </trkpt>
      <trkpt lat="31.02178313769400119781494140625" lon="121.42878756858408451080322265625">
        <ele>7.400000095367431640625</ele>
        <time>2026-05-11T12:36:57.000Z</time>
        <extensions>
          <ns3:TrackPointExtension>
            <ns3:hr>132</ns3:hr>
            <ns3:cad>81</ns3:cad>
          </ns3:TrackPointExtension>
        </extensions>
      </trkpt>
      <trkpt lat="31.021764613687992095947265625" lon="121.428813971579074859619140625">
        <ele>7.400000095367431640625</ele>
        <time>2026-05-11T12:36:58.000Z</time>
        <extensions>
          <ns3:TrackPointExtension>
            <ns3:hr>133</ns3:hr>
            <ns3:cad>81</ns3:cad>
          </ns3:TrackPointExtension>
        </extensions>
      </trkpt>
      <trkpt lat="31.02175245992839336395263671875" lon="121.4288382790982723236083984375">
        <ele>7.400000095367431640625</ele>
        <time>2026-05-11T12:36:59.000Z</time>
        <extensions>
          <ns3:TrackPointExtension>
            <ns3:hr>133</ns3:hr>
            <ns3:cad>81</ns3:cad>
          </ns3:TrackPointExtension>
        </extensions>
      </trkpt>
      <trkpt lat="31.0217382945120334625244140625" lon="121.42886887304484844207763671875">
        <ele>7.400000095367431640625</ele>
        <time>2026-05-11T12:37:00.000Z</time>
        <extensions>
          <ns3:TrackPointExtension>
            <ns3:hr>134</ns3:hr>
            <ns3:cad>81</ns3:cad>
          </ns3:TrackPointExtension>
        </extensions>
      </trkpt>
      <trkpt lat="31.0217280685901641845703125" lon="121.42889301292598247528076171875">
        <ele>7.400000095367431640625</ele>
        <time>2026-05-11T12:37:01.000Z</time>
        <extensions>
          <ns3:TrackPointExtension>
            <ns3:hr>134</ns3:hr>
            <ns3:cad>82</ns3:cad>
          </ns3:TrackPointExtension>
        </extensions>
      </trkpt>
      <trkpt lat="31.02172211743891239166259765625" lon="121.4289167337119579315185546875">
        <ele>7.400000095367431640625</ele>
        <time>2026-05-11T12:37:02.000Z</time>
        <extensions>
          <ns3:TrackPointExtension>
            <ns3:hr>134</ns3:hr>
            <ns3:cad>82</ns3:cad>
          </ns3:TrackPointExtension>
        </extensions>
      </trkpt>
      <trkpt lat="31.0217118076980113983154296875" lon="121.428945064544677734375">
        <ele>7.400000095367431640625</ele>
        <time>2026-05-11T12:37:03.000Z</time>
        <extensions>
          <ns3:TrackPointExtension>
            <ns3:hr>134</ns3:hr>
            <ns3:cad>82</ns3:cad>
          </ns3:TrackPointExtension>
        </extensions>
      </trkpt>
      <trkpt lat="31.0217037610709667205810546875" lon="121.42897297628223896026611328125">
        <ele>7.400000095367431640625</ele>
        <time>2026-05-11T12:37:04.000Z</time>
        <extensions>
          <ns3:TrackPointExtension>
            <ns3:hr>134</ns3:hr>
            <ns3:cad>82</ns3:cad>
          </ns3:TrackPointExtension>
        </extensions>
      </trkpt>
      <trkpt lat="31.0217010788619518280029296875" lon="121.428999044001102447509765625">
        <ele>7.599999904632568359375</ele>
        <time>2026-05-11T12:37:05.000Z</time>
        <extensions>
          <ns3:TrackPointExtension>
            <ns3:hr>134</ns3:hr>
            <ns3:cad>83</ns3:cad>
          </ns3:TrackPointExtension>
        </extensions>
      </trkpt>
      <trkpt lat="31.02169060148298740386962890625" lon="121.4290300570428371429443359375">
        <ele>7.599999904632568359375</ele>
        <time>2026-05-11T12:37:06.000Z</time>
        <extensions>
          <ns3:TrackPointExtension>
            <ns3:hr>135</ns3:hr>
            <ns3:cad>83</ns3:cad>
          </ns3:TrackPointExtension>
        </extensions>
      </trkpt>
      <trkpt lat="31.02168875746428966522216796875" lon="121.42905646003782749176025390625">
        <ele>7.599999904632568359375</ele>
        <time>2026-05-11T12:37:07.000Z</time>
        <extensions>
          <ns3:TrackPointExtension>
            <ns3:hr>135</ns3:hr>
            <ns3:cad>83</ns3:cad>
          </ns3:TrackPointExtension>
        </extensions>
      </trkpt>
      <trkpt lat="31.02168691344559192657470703125" lon="121.4290904067456722259521484375">
        <ele>7.599999904632568359375</ele>
        <time>2026-05-11T12:37:08.000Z</time>
        <extensions>
          <ns3:TrackPointExtension>
            <ns3:hr>135</ns3:hr>
            <ns3:cad>83</ns3:cad>
          </ns3:TrackPointExtension>
        </extensions>
      </trkpt>
      <trkpt lat="31.02168708108365535736083984375" lon="121.42912150360643863677978515625">
        <ele>7.400000095367431640625</ele>
        <time>2026-05-11T12:37:09.000Z</time>
        <extensions>
          <ns3:TrackPointExtension>
            <ns3:hr>135</ns3:hr>
            <ns3:cad>82</ns3:cad>
          </ns3:TrackPointExtension>
        </extensions>
      </trkpt>
      <trkpt lat="31.0216905176639556884765625" lon="121.42914765514433383941650390625">
        <ele>7.400000095367431640625</ele>
        <time>2026-05-11T12:37:10.000Z</time>
        <extensions>
          <ns3:TrackPointExtension>
            <ns3:hr>136</ns3:hr>
            <ns3:cad>82</ns3:cad>
          </ns3:TrackPointExtension>
        </extensions>
      </trkpt>
      <trkpt lat="31.021694205701351165771484375" lon="121.4291755668818950653076171875">
        <ele>7.599999904632568359375</ele>
        <time>2026-05-11T12:37:11.000Z</time>
        <extensions>
          <ns3:TrackPointExtension>
            <ns3:hr>136</ns3:hr>
            <ns3:cad>82</ns3:cad>
          </ns3:TrackPointExtension>
        </extensions>
      </trkpt>
      <trkpt lat="31.0217020846903324127197265625" lon="121.42919442616403102874755859375">
        <ele>7.599999904632568359375</ele>
        <time>2026-05-11T12:37:12.000Z</time>
        <extensions>
          <ns3:TrackPointExtension>
            <ns3:hr>136</ns3:hr>
            <ns3:cad>82</ns3:cad>
          </ns3:TrackPointExtension>
        </extensions>
      </trkpt>
      <trkpt lat="31.02171138860285282135009765625" lon="121.42922208644449710845947265625">
        <ele>7.599999904632568359375</ele>
        <time>2026-05-11T12:37:13.000Z</time>
        <extensions>
          <ns3:TrackPointExtension>
            <ns3:hr>136</ns3:hr>
            <ns3:cad>82</ns3:cad>
          </ns3:TrackPointExtension>
        </extensions>
      </trkpt>
      <trkpt lat="31.021718345582485198974609375" lon="121.42925175838172435760498046875">
        <ele>7.400000095367431640625</ele>
        <time>2026-05-11T12:37:14.000Z</time>
        <extensions>
          <ns3:TrackPointExtension>
            <ns3:hr>136</ns3:hr>
            <ns3:cad>83</ns3:cad>
          </ns3:TrackPointExtension>
        </extensions>
      </trkpt>
      <trkpt lat="31.0217312537133693695068359375" lon="121.429275982081890106201171875">
        <ele>7.400000095367431640625</ele>
        <time>2026-05-11T12:37:15.000Z</time>
        <extensions>
          <ns3:TrackPointExtension>
            <ns3:hr>137</ns3:hr>
            <ns3:cad>83</ns3:cad>
          </ns3:TrackPointExtension>
        </extensions>
      </trkpt>
      <trkpt lat="31.02174072526395320892333984375" lon="121.42931043170392513275146484375">
        <ele>7.400000095367431640625</ele>
        <time>2026-05-11T12:37:16.000Z</time>
        <extensions>
          <ns3:TrackPointExtension>
            <ns3:hr>137</ns3:hr>
            <ns3:cad>83</ns3:cad>
          </ns3:TrackPointExtension>
        </extensions>
      </trkpt>
      <trkpt lat="31.02175765670835971832275390625" lon="121.42932971008121967315673828125">
        <ele>7.400000095367431640625</ele>
        <time>2026-05-11T12:37:17.000Z</time>
        <extensions>
          <ns3:TrackPointExtension>
            <ns3:hr>137</ns3:hr>
            <ns3:cad>85</ns3:cad>
          </ns3:TrackPointExtension>
        </extensions>
      </trkpt>
      <trkpt lat="31.021774671971797943115234375" lon="121.42935938201844692230224609375">
        <ele>7.599999904632568359375</ele>
        <time>2026-05-11T12:37:18.000Z</time>
        <extensions>
          <ns3:TrackPointExtension>
            <ns3:hr>137</ns3:hr>
            <ns3:cad>85</ns3:cad>
          </ns3:TrackPointExtension>
        </extensions>
      </trkpt>
      <trkpt lat="31.02179269306361675262451171875" lon="121.42937958240509033203125">
        <ele>7.599999904632568359375</ele>
        <time>2026-05-11T12:37:19.000Z</time>
        <extensions>
          <ns3:TrackPointExtension>
            <ns3:hr>137</ns3:hr>
            <ns3:cad>85</ns3:cad>
          </ns3:TrackPointExtension>
        </extensions>
      </trkpt>
      <trkpt lat="31.021815240383148193359375" lon="121.429398357868194580078125">
        <ele>7.599999904632568359375</ele>
        <time>2026-05-11T12:37:20.000Z</time>
        <extensions>
          <ns3:TrackPointExtension>
            <ns3:hr>138</ns3:hr>
            <ns3:cad>85</ns3:cad>
          </ns3:TrackPointExtension>
        </extensions>
      </trkpt>
      <trkpt lat="31.0218353569507598876953125" lon="121.42942258156836032867431640625">
        <ele>7.599999904632568359375</ele>
        <time>2026-05-11T12:37:21.000Z</time>
        <extensions>
          <ns3:TrackPointExtension>
            <ns3:hr>139</ns3:hr>
            <ns3:cad>85</ns3:cad>
          </ns3:TrackPointExtension>
        </extensions>
      </trkpt>
      <trkpt lat="31.02185882627964019775390625" lon="121.42943465150892734527587890625">
        <ele>7.599999904632568359375</ele>
        <time>2026-05-11T12:37:22.000Z</time>
        <extensions>
          <ns3:TrackPointExtension>
            <ns3:hr>139</ns3:hr>
            <ns3:cad>85</ns3:cad>
          </ns3:TrackPointExtension>
        </extensions>
      </trkpt>
      <trkpt lat="31.02188204415142536163330078125" lon="121.42945929430425167083740234375">
        <ele>7.599999904632568359375</ele>
        <time>2026-05-11T12:37:23.000Z</time>
        <extensions>
          <ns3:TrackPointExtension>
            <ns3:hr>139</ns3:hr>
            <ns3:cad>85</ns3:cad>
          </ns3:TrackPointExtension>
        </extensions>
      </trkpt>
      <trkpt lat="31.021902076900005340576171875" lon="121.42946985550224781036376953125">
        <ele>7.599999904632568359375</ele>
        <time>2026-05-11T12:37:24.000Z</time>
        <extensions>
          <ns3:TrackPointExtension>
            <ns3:hr>139</ns3:hr>
            <ns3:cad>84</ns3:cad>
          </ns3:TrackPointExtension>
        </extensions>
      </trkpt>
      <trkpt lat="31.02192898280918598175048828125" lon="121.42948058433830738067626953125">
        <ele>7.599999904632568359375</ele>
        <time>2026-05-11T12:37:25.000Z</time>
        <extensions>
          <ns3:TrackPointExtension>
            <ns3:hr>140</ns3:hr>
            <ns3:cad>84</ns3:cad>
          </ns3:TrackPointExtension>
        </extensions>
      </trkpt>
      <trkpt lat="31.02195178158581256866455078125" lon="121.4294957555830478668212890625">
        <ele>7.599999904632568359375</ele>
        <time>2026-05-11T12:37:26.000Z</time>
        <extensions>
          <ns3:TrackPointExtension>
            <ns3:hr>140</ns3:hr>
            <ns3:cad>85</ns3:cad>
          </ns3:TrackPointExtension>
        </extensions>
      </trkpt>
      <trkpt lat="31.0219783522188663482666015625" lon="121.42950237728655338287353515625">
        <ele>7.599999904632568359375</ele>
        <time>2026-05-11T12:37:27.000Z</time>
        <extensions>
          <ns3:TrackPointExtension>
            <ns3:hr>140</ns3:hr>
            <ns3:cad>85</ns3:cad>
          </ns3:TrackPointExtension>
        </extensions>
      </trkpt>
      <trkpt lat="31.02200827561318874359130859375" lon="121.42951830290257930755615234375">
        <ele>7.599999904632568359375</ele>
        <time>2026-05-11T12:37:28.000Z</time>
        <extensions>
          <ns3:TrackPointExtension>
            <ns3:hr>140</ns3:hr>
            <ns3:cad>85</ns3:cad>
          </ns3:TrackPointExtension>
        </extensions>
      </trkpt>
      <trkpt lat="31.0220309905707836151123046875" lon="121.42952199093997478485107421875">
        <ele>7.599999904632568359375</ele>
        <time>2026-05-11T12:37:29.000Z</time>
        <extensions>
          <ns3:TrackPointExtension>
            <ns3:hr>140</ns3:hr>
            <ns3:cad>85</ns3:cad>
          </ns3:TrackPointExtension>
        </extensions>
      </trkpt>
      <trkpt lat="31.0220655240118503570556640625" lon="121.42953045666217803955078125">
        <ele>7.599999904632568359375</ele>
        <time>2026-05-11T12:37:30.000Z</time>
        <extensions>
          <ns3:TrackPointExtension>
            <ns3:hr>140</ns3:hr>
            <ns3:cad>85</ns3:cad>
          </ns3:TrackPointExtension>
        </extensions>
      </trkpt>
      <trkpt lat="31.0220876522362232208251953125" lon="121.42952450551092624664306640625">
        <ele>7.599999904632568359375</ele>
        <time>2026-05-11T12:37:31.000Z</time>
        <extensions>
          <ns3:TrackPointExtension>
            <ns3:hr>140</ns3:hr>
            <ns3:cad>85</ns3:cad>
          </ns3:TrackPointExtension>
        </extensions>
      </trkpt>
      <trkpt lat="31.0221144743263721466064453125" lon="121.429520063102245330810546875">
        <ele>7.599999904632568359375</ele>
        <time>2026-05-11T12:37:32.000Z</time>
        <extensions>
          <ns3:TrackPointExtension>
            <ns3:hr>140</ns3:hr>
            <ns3:cad>85</ns3:cad>
          </ns3:TrackPointExtension>
        </extensions>
      </trkpt>
      <trkpt lat="31.022143475711345672607421875" lon="121.42951964400708675384521484375">
        <ele>7.599999904632568359375</ele>
        <time>2026-05-11T12:37:33.000Z</time>
        <extensions>
          <ns3:TrackPointExtension>
            <ns3:hr>140</ns3:hr>
            <ns3:cad>85</ns3:cad>
          </ns3:TrackPointExtension>
        </extensions>
      </trkpt>
      <trkpt lat="31.02216585539281368255615234375" lon="121.4295108430087566375732421875">
        <ele>7.599999904632568359375</ele>
        <time>2026-05-11T12:37:34.000Z</time>
        <extensions>
          <ns3:TrackPointExtension>
            <ns3:hr>140</ns3:hr>
            <ns3:cad>85</ns3:cad>
          </ns3:TrackPointExtension>
        </extensions>
      </trkpt>
      <trkpt lat="31.0221979580819606781005859375" lon="121.42950723879039287567138671875">
        <ele>7.599999904632568359375</ele>
        <time>2026-05-11T12:37:35.000Z</time>
        <extensions>
          <ns3:TrackPointExtension>
            <ns3:hr>140</ns3:hr>
            <ns3:cad>85</ns3:cad>
          </ns3:TrackPointExtension>
        </extensions>
      </trkpt>
      <trkpt lat="31.02221949957311153411865234375" lon="121.42949801869690418243408203125">
        <ele>7.400000095367431640625</ele>
        <time>2026-05-11T12:37:36.000Z</time>
        <extensions>
          <ns3:TrackPointExtension>
            <ns3:hr>140</ns3:hr>
            <ns3:cad>85</ns3:cad>
          </ns3:TrackPointExtension>
        </extensions>
      </trkpt>
      <trkpt lat="31.02224531583487987518310546875" lon="121.4294853620231151580810546875">
        <ele>7.599999904632568359375</ele>
        <time>2026-05-11T12:37:37.000Z</time>
        <extensions>
          <ns3:TrackPointExtension>
            <ns3:hr>140</ns3:hr>
            <ns3:cad>85</ns3:cad>
          </ns3:TrackPointExtension>
        </extensions>
      </trkpt>
      <trkpt lat="31.02227062918245792388916015625" lon="121.42947949469089508056640625">
        <ele>7.599999904632568359375</ele>
        <time>2026-05-11T12:37:38.000Z</time>
        <extensions>
          <ns3:TrackPointExtension>
            <ns3:hr>141</ns3:hr>
            <ns3:cad>85</ns3:cad>
          </ns3:TrackPointExtension>
        </extensions>
      </trkpt>
      <trkpt lat="31.022292338311672210693359375" lon="121.42947169952094554901123046875">
        <ele>7.599999904632568359375</ele>
        <time>2026-05-11T12:37:39.000Z</time>
        <extensions>
          <ns3:TrackPointExtension>
            <ns3:hr>141</ns3:hr>
            <ns3:cad>85</ns3:cad>
          </ns3:TrackPointExtension>
        </extensions>
      </trkpt>
      <trkpt lat="31.02232058532536029815673828125" lon="121.42947169952094554901123046875">
        <ele>7.599999904632568359375</ele>
        <time>2026-05-11T12:37:40.000Z</time>
        <extensions>
          <ns3:TrackPointExtension>
            <ns3:hr>141</ns3:hr>
            <ns3:cad>84</ns3:cad>
          </ns3:TrackPointExtension>
        </extensions>
      </trkpt>
      <trkpt lat="31.022342629730701446533203125" lon="121.42946499399840831756591796875">
        <ele>7.599999904632568359375</ele>
        <time>2026-05-11T12:37:41.000Z</time>
        <extensions>
          <ns3:TrackPointExtension>
            <ns3:hr>141</ns3:hr>
            <ns3:cad>84</ns3:cad>
          </ns3:TrackPointExtension>
        </extensions>
      </trkpt>
      <trkpt lat="31.02237381041049957275390625" lon="121.4294578693807125091552734375">
        <ele>7.599999904632568359375</ele>
        <time>2026-05-11T12:37:42.000Z</time>
        <extensions>
          <ns3:TrackPointExtension>
            <ns3:hr>141</ns3:hr>
            <ns3:cad>85</ns3:cad>
          </ns3:TrackPointExtension>
        </extensions>
      </trkpt>
      <trkpt lat="31.02239451371133327484130859375" lon="121.42945133149623870849609375">
        <ele>7.599999904632568359375</ele>
        <time>2026-05-11T12:37:43.000Z</time>
        <extensions>
          <ns3:TrackPointExtension>
            <ns3:hr>141</ns3:hr>
            <ns3:cad>85</ns3:cad>
          </ns3:TrackPointExtension>
        </extensions>
      </trkpt>
      <trkpt lat="31.022417731583118438720703125" lon="121.42944135703146457672119140625">
        <ele>7.599999904632568359375</ele>
        <time>2026-05-11T12:37:44.000Z</time>
        <extensions>
          <ns3:TrackPointExtension>
            <ns3:hr>142</ns3:hr>
            <ns3:cad>85</ns3:cad>
          </ns3:TrackPointExtension>
        </extensions>
      </trkpt>
      <trkpt lat="31.022444553673267364501953125" lon="121.42944269813597202301025390625">
        <ele>7.599999904632568359375</ele>
        <time>2026-05-11T12:37:45.000Z</time>
        <extensions>
          <ns3:TrackPointExtension>
            <ns3:hr>142</ns3:hr>
            <ns3:cad>85</ns3:cad>
          </ns3:TrackPointExtension>
        </extensions>
      </trkpt>
      <trkpt lat="31.022464670240879058837890625" lon="121.4294374175369739532470703125">
        <ele>7.599999904632568359375</ele>
        <time>2026-05-11T12:37:46.000Z</time>
        <extensions>
          <ns3:TrackPointExtension>
            <ns3:hr>142</ns3:hr>
            <ns3:cad>84</ns3:cad>
          </ns3:TrackPointExtension>
        </extensions>
      </trkpt>
      <trkpt lat="31.0224930010735988616943359375" lon="121.42943347804248332977294921875">
        <ele>7.599999904632568359375</ele>
        <time>2026-05-11T12:37:47.000Z</time>
        <extensions>
          <ns3:TrackPointExtension>
            <ns3:hr>143</ns3:hr>
            <ns3:cad>84</ns3:cad>
          </ns3:TrackPointExtension>
        </extensions>
      </trkpt>
      <trkpt lat="31.02251328527927398681640625" lon="121.42942308448255062103271484375">
        <ele>7.599999904632568359375</ele>
        <time>2026-05-11T12:37:48.000Z</time>
        <extensions>
          <ns3:TrackPointExtension>
            <ns3:hr>143</ns3:hr>
            <ns3:cad>84</ns3:cad>
          </ns3:TrackPointExtension>
        </extensions>
      </trkpt>
      <trkpt lat="31.02254002355039119720458984375" lon="121.42941034398972988128662109375">
        <ele>7.599999904632568359375</ele>
        <time>2026-05-11T12:37:49.000Z</time>
        <extensions>
          <ns3:TrackPointExtension>
            <ns3:hr>143</ns3:hr>
            <ns3:cad>84</ns3:cad>
          </ns3:TrackPointExtension>
        </extensions>
      </trkpt>
      <trkpt lat="31.022567264735698699951171875" lon="121.42940414138138294219970703125">
        <ele>7.599999904632568359375</ele>
        <time>2026-05-11T12:37:50.000Z</time>
        <extensions>
          <ns3:TrackPointExtension>
            <ns3:hr>143</ns3:hr>
            <ns3:cad>84</ns3:cad>
          </ns3:TrackPointExtension>
        </extensions>
      </trkpt>
      <trkpt lat="31.02259106934070587158203125" lon="121.42939290963113307952880859375">
        <ele>7.599999904632568359375</ele>
        <time>2026-05-11T12:37:51.000Z</time>
        <extensions>
          <ns3:TrackPointExtension>
            <ns3:hr>143</ns3:hr>
            <ns3:cad>84</ns3:cad>
          </ns3:TrackPointExtension>
        </extensions>
      </trkpt>
      <trkpt lat="31.0226212441921234130859375" lon="121.42939098179340362548828125">
        <ele>7.400000095367431640625</ele>
        <time>2026-05-11T12:37:52.000Z</time>
        <extensions>
          <ns3:TrackPointExtension>
            <ns3:hr>144</ns3:hr>
            <ns3:cad>84</ns3:cad>
          </ns3:TrackPointExtension>
        </extensions>
      </trkpt>
      <trkpt lat="31.02264144457876682281494140625" lon="121.4293810911476612091064453125">
        <ele>7.400000095367431640625</ele>
        <time>2026-05-11T12:37:53.000Z</time>
        <extensions>
          <ns3:TrackPointExtension>
            <ns3:hr>143</ns3:hr>
            <ns3:cad>84</ns3:cad>
          </ns3:TrackPointExtension>
        </extensions>
      </trkpt>
      <trkpt lat="31.02266977541148662567138671875" lon="121.4293717034161090850830078125">
        <ele>7.400000095367431640625</ele>
        <time>2026-05-11T12:37:54.000Z</time>
        <extensions>
          <ns3:TrackPointExtension>
            <ns3:hr>143</ns3:hr>
            <ns3:cad>84</ns3:cad>
          </ns3:TrackPointExtension>
        </extensions>
      </trkpt>
      <trkpt lat="31.0226877965033054351806640625" lon="121.42936290241777896881103515625">
        <ele>7.400000095367431640625</ele>
        <time>2026-05-11T12:37:55.000Z</time>
        <extensions>
          <ns3:TrackPointExtension>
            <ns3:hr>143</ns3:hr>
            <ns3:cad>84</ns3:cad>
          </ns3:TrackPointExtension>
        </extensions>
      </trkpt>
      <trkpt lat="31.0227112658321857452392578125" lon="121.4293512515723705291748046875">
        <ele>7.400000095367431640625</ele>
        <time>2026-05-11T12:37:56.000Z</time>
        <extensions>
          <ns3:TrackPointExtension>
            <ns3:hr>144</ns3:hr>
            <ns3:cad>85</ns3:cad>
          </ns3:TrackPointExtension>
        </extensions>
      </trkpt>
      <trkpt lat="31.02273649536073207855224609375" lon="121.42934965901076793670654296875">
        <ele>7.400000095367431640625</ele>
        <time>2026-05-11T12:37:57.000Z</time>
        <extensions>
          <ns3:TrackPointExtension>
            <ns3:hr>143</ns3:hr>
            <ns3:cad>86</ns3:cad>
          </ns3:TrackPointExtension>
        </extensions>
      </trkpt>
      <trkpt lat="31.0227571986615657806396484375" lon="121.42934110946953296661376953125">
        <ele>7.400000095367431640625</ele>
        <time>2026-05-11T12:37:58.000Z</time>
        <extensions>
          <ns3:TrackPointExtension>
            <ns3:hr>143</ns3:hr>
            <ns3:cad>87</ns3:cad>
          </ns3:TrackPointExtension>
        </extensions>
      </trkpt>
      <trkpt lat="31.022783853113651275634765625" lon="121.42934027127921581268310546875">
        <ele>7.599999904632568359375</ele>
        <time>2026-05-11T12:37:59.000Z</time>
        <extensions>
          <ns3:TrackPointExtension>
            <ns3:hr>143</ns3:hr>
            <ns3:cad>87</ns3:cad>
          </ns3:TrackPointExtension>
        </extensions>
      </trkpt>
      <trkpt lat="31.0228031314909458160400390625" lon="121.4293326437473297119140625">
        <ele>7.400000095367431640625</ele>
        <time>2026-05-11T12:38:00.000Z</time>
        <extensions>
          <ns3:TrackPointExtension>
            <ns3:hr>143</ns3:hr>
            <ns3:cad>86</ns3:cad>
          </ns3:TrackPointExtension>
        </extensions>
      </trkpt>
      <trkpt lat="31.0228262655436992645263671875" lon="121.4293247647583484649658203125">
        <ele>7.400000095367431640625</ele>
        <time>2026-05-11T12:38:01.000Z</time>
        <extensions>
          <ns3:TrackPointExtension>
            <ns3:hr>143</ns3:hr>
            <ns3:cad>85</ns3:cad>
          </ns3:TrackPointExtension>
        </extensions>
      </trkpt>
      <trkpt lat="31.02284763939678668975830078125" lon="121.4293190650641918182373046875">
        <ele>7.400000095367431640625</ele>
        <time>2026-05-11T12:38:02.000Z</time>
        <extensions>
          <ns3:TrackPointExtension>
            <ns3:hr>143</ns3:hr>
            <ns3:cad>85</ns3:cad>
          </ns3:TrackPointExtension>
        </extensions>
      </trkpt>
      <trkpt lat="31.02286926470696926116943359375" lon="121.42931110225617885589599609375">
        <ele>7.400000095367431640625</ele>
        <time>2026-05-11T12:38:03.000Z</time>
        <extensions>
          <ns3:TrackPointExtension>
            <ns3:hr>143</ns3:hr>
            <ns3:cad>85</ns3:cad>
          </ns3:TrackPointExtension>
        </extensions>
      </trkpt>
      <trkpt lat="31.02289759553968906402587890625" lon="121.42931093461811542510986328125">
        <ele>7.400000095367431640625</ele>
        <time>2026-05-11T12:38:04.000Z</time>
        <extensions>
          <ns3:TrackPointExtension>
            <ns3:hr>142</ns3:hr>
            <ns3:cad>84</ns3:cad>
          </ns3:TrackPointExtension>
        </extensions>
      </trkpt>
      <trkpt lat="31.02291620336472988128662109375" lon="121.4293026365339756011962890625">
        <ele>7.400000095367431640625</ele>
        <time>2026-05-11T12:38:05.000Z</time>
        <extensions>
          <ns3:TrackPointExtension>
            <ns3:hr>143</ns3:hr>
            <ns3:cad>84</ns3:cad>
          </ns3:TrackPointExtension>
        </extensions>
      </trkpt>
      <trkpt lat="31.02294118143618106842041015625" lon="121.429290734231472015380859375">
        <ele>7.599999904632568359375</ele>
        <time>2026-05-11T12:38:06.000Z</time>
        <extensions>
          <ns3:TrackPointExtension>
            <ns3:hr>143</ns3:hr>
            <ns3:cad>84</ns3:cad>
          </ns3:TrackPointExtension>
        </extensions>
      </trkpt>
      <trkpt lat="31.02296297438442707061767578125" lon="121.4292815141379833221435546875">
        <ele>7.400000095367431640625</ele>
        <time>2026-05-11T12:38:07.000Z</time>
        <extensions>
          <ns3:TrackPointExtension>
            <ns3:hr>142</ns3:hr>
            <ns3:cad>84</ns3:cad>
          </ns3:TrackPointExtension>
        </extensions>
      </trkpt>
      <trkpt lat="31.02298325859010219573974609375" lon="121.4292660914361476898193359375">
        <ele>7.400000095367431640625</ele>
        <time>2026-05-11T12:38:08.000Z</time>
        <extensions>
          <ns3:TrackPointExtension>
            <ns3:hr>143</ns3:hr>
            <ns3:cad>84</ns3:cad>
          </ns3:TrackPointExtension>
        </extensions>
      </trkpt>
      <trkpt lat="31.0230113379657268524169921875" lon="121.4292546920478343963623046875">
        <ele>7.400000095367431640625</ele>
        <time>2026-05-11T12:38:09.000Z</time>
        <extensions>
          <ns3:TrackPointExtension>
            <ns3:hr>143</ns3:hr>
            <ns3:cad>84</ns3:cad>
          </ns3:TrackPointExtension>
        </extensions>
      </trkpt>
      <trkpt lat="31.02302919141948223114013671875" lon="121.42923784442245960235595703125">
        <ele>7.400000095367431640625</ele>
        <time>2026-05-11T12:38:10.000Z</time>
        <extensions>
          <ns3:TrackPointExtension>
            <ns3:hr>142</ns3:hr>
            <ns3:cad>84</ns3:cad>
          </ns3:TrackPointExtension>
        </extensions>
      </trkpt>
      <trkpt lat="31.02304830215871334075927734375" lon="121.42921487800776958465576171875">
        <ele>7.400000095367431640625</ele>
        <time>2026-05-11T12:38:11.000Z</time>
        <extensions>
          <ns3:TrackPointExtension>
            <ns3:hr>142</ns3:hr>
            <ns3:cad>84</ns3:cad>
          </ns3:TrackPointExtension>
        </extensions>
      </trkpt>
      <trkpt lat="31.023067496716976165771484375" lon="121.42919660545885562896728515625">
        <ele>7.400000095367431640625</ele>
        <time>2026-05-11T12:38:12.000Z</time>
        <extensions>
          <ns3:TrackPointExtension>
            <ns3:hr>142</ns3:hr>
            <ns3:cad>84</ns3:cad>
          </ns3:TrackPointExtension>
        </extensions>
      </trkpt>
      <trkpt lat="31.02308333851397037506103515625" lon="121.429175399243831634521484375">
        <ele>7.400000095367431640625</ele>
        <time>2026-05-11T12:38:13.000Z</time>
        <extensions>
          <ns3:TrackPointExtension>
            <ns3:hr>141</ns3:hr>
            <ns3:cad>84</ns3:cad>
          </ns3:TrackPointExtension>
        </extensions>
      </trkpt>
      <trkpt lat="31.0231072269380092620849609375" lon="121.429153271019458770751953125">
        <ele>7.400000095367431640625</ele>
        <time>2026-05-11T12:38:14.000Z</time>
        <extensions>
          <ns3:TrackPointExtension>
            <ns3:hr>141</ns3:hr>
            <ns3:cad>84</ns3:cad>
          </ns3:TrackPointExtension>
        </extensions>
      </trkpt>
      <trkpt lat="31.02311435155570507049560546875" lon="121.42913240008056163787841796875">
        <ele>7.400000095367431640625</ele>
        <time>2026-05-11T12:38:15.000Z</time>
        <extensions>
          <ns3:TrackPointExtension>
            <ns3:hr>141</ns3:hr>
            <ns3:cad>83</ns3:cad>
          </ns3:TrackPointExtension>
        </extensions>
      </trkpt>
      <trkpt lat="31.02312885224819183349609375" lon="121.42910675145685672760009765625">
        <ele>7.400000095367431640625</ele>
        <time>2026-05-11T12:38:16.000Z</time>
        <extensions>
          <ns3:TrackPointExtension>
            <ns3:hr>141</ns3:hr>
            <ns3:cad>84</ns3:cad>
          </ns3:TrackPointExtension>
        </extensions>
      </trkpt>
      <trkpt lat="31.02314419113099575042724609375" lon="121.42908294685184955596923828125">
        <ele>7.400000095367431640625</ele>
        <time>2026-05-11T12:38:17.000Z</time>
        <extensions>
          <ns3:TrackPointExtension>
            <ns3:hr>141</ns3:hr>
            <ns3:cad>84</ns3:cad>
          </ns3:TrackPointExtension>
        </extensions>
      </trkpt>
      <trkpt lat="31.023151986300945281982421875" lon="121.4290625788271427154541015625">
        <ele>7.599999904632568359375</ele>
        <time>2026-05-11T12:38:18.000Z</time>
        <extensions>
          <ns3:TrackPointExtension>
            <ns3:hr>141</ns3:hr>
            <ns3:cad>84</ns3:cad>
          </ns3:TrackPointExtension>
        </extensions>
      </trkpt>
      <trkpt lat="31.0231638886034488677978515625" lon="121.429034583270549774169921875">
        <ele>7.599999904632568359375</ele>
        <time>2026-05-11T12:38:19.000Z</time>
        <extensions>
          <ns3:TrackPointExtension>
            <ns3:hr>141</ns3:hr>
            <ns3:cad>84</ns3:cad>
          </ns3:TrackPointExtension>
        </extensions>
      </trkpt>
      <trkpt lat="31.023175455629825592041015625" lon="121.4290119521319866180419921875">
        <ele>7.599999904632568359375</ele>
        <time>2026-05-11T12:38:20.000Z</time>
        <extensions>
          <ns3:TrackPointExtension>
            <ns3:hr>141</ns3:hr>
            <ns3:cad>83</ns3:cad>
          </ns3:TrackPointExtension>
        </extensions>
      </trkpt>
      <trkpt lat="31.023180820047855377197265625" lon="121.4289878122508525848388671875">
        <ele>7.400000095367431640625</ele>
        <time>2026-05-11T12:38:21.000Z</time>
        <extensions>
          <ns3:TrackPointExtension>
            <ns3:hr>141</ns3:hr>
            <ns3:cad>83</ns3:cad>
          </ns3:TrackPointExtension>
        </extensions>
      </trkpt>
      <trkpt lat="31.0231900401413440704345703125" lon="121.42896207980811595916748046875">
        <ele>7.400000095367431640625</ele>
        <time>2026-05-11T12:38:22.000Z</time>
        <extensions>
          <ns3:TrackPointExtension>
            <ns3:hr>141</ns3:hr>
            <ns3:cad>83</ns3:cad>
          </ns3:TrackPointExtension>
        </extensions>
      </trkpt>
      <trkpt lat="31.02318861521780490875244140625" lon="121.428946740925312042236328125">
        <ele>7.400000095367431640625</ele>
        <time>2026-05-11T12:38:23.000Z</time>
        <extensions>
          <ns3:TrackPointExtension>
            <ns3:hr>141</ns3:hr>
            <ns3:cad>82</ns3:cad>
          </ns3:TrackPointExtension>
        </extensions>
      </trkpt>
      <trkpt lat="31.02319615893065929412841796875" lon="121.42892553471028804779052734375">
        <ele>7.400000095367431640625</ele>
        <time>2026-05-11T12:38:24.000Z</time>
        <extensions>
          <ns3:TrackPointExtension>
            <ns3:hr>141</ns3:hr>
            <ns3:cad>81</ns3:cad>
          </ns3:TrackPointExtension>
        </extensions>
      </trkpt>
      <trkpt lat="31.0232155211269855499267578125" lon="121.42891111783683300018310546875">
        <ele>7.400000095367431640625</ele>
        <time>2026-05-11T12:38:25.000Z</time>
        <extensions>
          <ns3:TrackPointExtension>
            <ns3:hr>140</ns3:hr>
            <ns3:cad>81</ns3:cad>
          </ns3:TrackPointExtension>
        </extensions>
      </trkpt>
      <trkpt lat="31.02321761660277843475341796875" lon="121.4289061725139617919921875">
        <ele>7.400000095367431640625</ele>
        <time>2026-05-11T12:38:26.000Z</time>
        <extensions>
          <ns3:TrackPointExtension>
            <ns3:hr>140</ns3:hr>
            <ns3:cad>81</ns3:cad>
          </ns3:TrackPointExtension>
        </extensions>
      </trkpt>
      <trkpt lat="31.023215688765048980712890625" lon="121.42889209091663360595703125">
        <ele>7.400000095367431640625</ele>
        <time>2026-05-11T12:38:27.000Z</time>
        <extensions>
          <ns3:TrackPointExtension>
            <ns3:hr>139</ns3:hr>
            <ns3:cad>81</ns3:cad>
          </ns3:TrackPointExtension>
        </extensions>
      </trkpt>
      <trkpt lat="31.0232148505747318267822265625" lon="121.42886417917907238006591796875">
        <ele>7.19999980926513671875</ele>
        <time>2026-05-11T12:38:28.000Z</time>
        <extensions>
          <ns3:TrackPointExtension>
            <ns3:hr>138</ns3:hr>
            <ns3:cad>81</ns3:cad>
          </ns3:TrackPointExtension>
        </extensions>
      </trkpt>
      <trkpt lat="31.02320806123316287994384765625" lon="121.42884741537272930145263671875">
        <ele>7.19999980926513671875</ele>
        <time>2026-05-11T12:38:29.000Z</time>
        <extensions>
          <ns3:TrackPointExtension>
            <ns3:hr>137</ns3:hr>
            <ns3:cad>80</ns3:cad>
          </ns3:TrackPointExtension>
        </extensions>
      </trkpt>
      <trkpt lat="31.02319850586354732513427734375" lon="121.42882193438708782196044921875">
        <ele>7.19999980926513671875</ele>
        <time>2026-05-11T12:38:30.000Z</time>
        <extensions>
          <ns3:TrackPointExtension>
            <ns3:hr>135</ns3:hr>
            <ns3:cad>80</ns3:cad>
          </ns3:TrackPointExtension>
        </extensions>
      </trkpt>
      <trkpt lat="31.0231898725032806396484375" lon="121.42879527993500232696533203125">
        <ele>7.19999980926513671875</ele>
        <time>2026-05-11T12:38:31.000Z</time>
        <extensions>
          <ns3:TrackPointExtension>
            <ns3:hr>135</ns3:hr>
            <ns3:cad>80</ns3:cad>
          </ns3:TrackPointExtension>
        </extensions>
      </trkpt>
      <trkpt lat="31.02317637763917446136474609375" lon="121.42877466045320034027099609375">
        <ele>7.19999980926513671875</ele>
        <time>2026-05-11T12:38:32.000Z</time>
        <extensions>
          <ns3:TrackPointExtension>
            <ns3:hr>134</ns3:hr>
            <ns3:cad>80</ns3:cad>
          </ns3:TrackPointExtension>
        </extensions>
      </trkpt>
      <trkpt lat="31.02316514588892459869384765625" lon="121.42874582670629024505615234375">
        <ele>7.400000095367431640625</ele>
        <time>2026-05-11T12:38:33.000Z</time>
        <extensions>
          <ns3:TrackPointExtension>
            <ns3:hr>134</ns3:hr>
            <ns3:cad>81</ns3:cad>
          </ns3:TrackPointExtension>
        </extensions>
      </trkpt>
      <trkpt lat="31.023156009614467620849609375" lon="121.428727805614471435546875">
        <ele>7.400000095367431640625</ele>
        <time>2026-05-11T12:38:34.000Z</time>
        <extensions>
          <ns3:TrackPointExtension>
            <ns3:hr>134</ns3:hr>
            <ns3:cad>81</ns3:cad>
          </ns3:TrackPointExtension>
        </extensions>
      </trkpt>
      <trkpt lat="31.02314033545553684234619140625" lon="121.42870207317173480987548828125">
        <ele>7.400000095367431640625</ele>
        <time>2026-05-11T12:38:35.000Z</time>
        <extensions>
          <ns3:TrackPointExtension>
            <ns3:hr>134</ns3:hr>
            <ns3:cad>82</ns3:cad>
          </ns3:TrackPointExtension>
        </extensions>
      </trkpt>
      <trkpt lat="31.02313153445720672607421875" lon="121.42867776565253734588623046875">
        <ele>7.400000095367431640625</ele>
        <time>2026-05-11T12:38:36.000Z</time>
        <extensions>
          <ns3:TrackPointExtension>
            <ns3:hr>134</ns3:hr>
            <ns3:cad>84</ns3:cad>
          </ns3:TrackPointExtension>
        </extensions>
      </trkpt>
      <trkpt lat="31.02311837486922740936279296875" lon="121.42865530215203762054443359375">
        <ele>7.400000095367431640625</ele>
        <time>2026-05-11T12:38:37.000Z</time>
        <extensions>
          <ns3:TrackPointExtension>
            <ns3:hr>133</ns3:hr>
            <ns3:cad>85</ns3:cad>
          </ns3:TrackPointExtension>
        </extensions>
      </trkpt>
      <trkpt lat="31.0231048800051212310791015625" lon="121.42862831242382526397705078125">
        <ele>7.400000095367431640625</ele>
        <time>2026-05-11T12:38:38.000Z</time>
        <extensions>
          <ns3:TrackPointExtension>
            <ns3:hr>134</ns3:hr>
            <ns3:cad>85</ns3:cad>
          </ns3:TrackPointExtension>
        </extensions>
      </trkpt>
      <trkpt lat="31.02309239096939563751220703125" lon="121.42861003987491130828857421875">
        <ele>7.400000095367431640625</ele>
        <time>2026-05-11T12:38:39.000Z</time>
        <extensions>
          <ns3:TrackPointExtension>
            <ns3:hr>134</ns3:hr>
            <ns3:cad>85</ns3:cad>
          </ns3:TrackPointExtension>
        </extensions>
      </trkpt>
      <trkpt lat="31.02307328023016452789306640625" lon="121.42858858220279216766357421875">
        <ele>7.400000095367431640625</ele>
        <time>2026-05-11T12:38:40.000Z</time>
        <extensions>
          <ns3:TrackPointExtension>
            <ns3:hr>133</ns3:hr>
            <ns3:cad>85</ns3:cad>
          </ns3:TrackPointExtension>
        </extensions>
      </trkpt>
      <trkpt lat="31.02305701933801174163818359375" lon="121.42856813035905361175537109375">
        <ele>7.400000095367431640625</ele>
        <time>2026-05-11T12:38:41.000Z</time>
        <extensions>
          <ns3:TrackPointExtension>
            <ns3:hr>134</ns3:hr>
            <ns3:cad>84</ns3:cad>
          </ns3:TrackPointExtension>
        </extensions>
      </trkpt>
      <trkpt lat="31.0230396687984466552734375" lon="121.4285574853420257568359375">
        <ele>7.400000095367431640625</ele>
        <time>2026-05-11T12:38:42.000Z</time>
        <extensions>
          <ns3:TrackPointExtension>
            <ns3:hr>133</ns3:hr>
            <ns3:cad>84</ns3:cad>
          </ns3:TrackPointExtension>
        </extensions>
      </trkpt>
      <trkpt lat="31.023020558059215545654296875" lon="121.42853728495538234710693359375">
        <ele>7.19999980926513671875</ele>
        <time>2026-05-11T12:38:43.000Z</time>
        <extensions>
          <ns3:TrackPointExtension>
            <ns3:hr>133</ns3:hr>
            <ns3:cad>83</ns3:cad>
          </ns3:TrackPointExtension>
        </extensions>
      </trkpt>
      <trkpt lat="31.02300203405320644378662109375" lon="121.42852622084319591522216796875">
        <ele>7.19999980926513671875</ele>
        <time>2026-05-11T12:38:44.000Z</time>
        <extensions>
          <ns3:TrackPointExtension>
            <ns3:hr>133</ns3:hr>
            <ns3:cad>82</ns3:cad>
          </ns3:TrackPointExtension>
        </extensions>
      </trkpt>
      <trkpt lat="31.022979319095611572265625" lon="121.42851264216005802154541015625">
        <ele>7.19999980926513671875</ele>
        <time>2026-05-11T12:38:45.000Z</time>
        <extensions>
          <ns3:TrackPointExtension>
            <ns3:hr>134</ns3:hr>
            <ns3:cad>82</ns3:cad>
          </ns3:TrackPointExtension>
        </extensions>
      </trkpt>
      <trkpt lat="31.02296012453734874725341796875" lon="121.4284993149340152740478515625">
        <ele>7.19999980926513671875</ele>
        <time>2026-05-11T12:38:46.000Z</time>
        <extensions>
          <ns3:TrackPointExtension>
            <ns3:hr>133</ns3:hr>
            <ns3:cad>82</ns3:cad>
          </ns3:TrackPointExtension>
        </extensions>
      </trkpt>
      <trkpt lat="31.02294285781681537628173828125" lon="121.428496129810810089111328125">
        <ele>7.19999980926513671875</ele>
        <time>2026-05-11T12:38:47.000Z</time>
        <extensions>
          <ns3:TrackPointExtension>
            <ns3:hr>133</ns3:hr>
            <ns3:cad>83</ns3:cad>
          </ns3:TrackPointExtension>
        </extensions>
      </trkpt>
      <trkpt lat="31.02291704155504703521728515625" lon="121.4284822158515453338623046875">
        <ele>7.19999980926513671875</ele>
        <time>2026-05-11T12:38:48.000Z</time>
        <extensions>
          <ns3:TrackPointExtension>
            <ns3:hr>134</ns3:hr>
            <ns3:cad>83</ns3:cad>
          </ns3:TrackPointExtension>
        </extensions>
      </trkpt>
      <trkpt lat="31.02289491333067417144775390625" lon="121.42847224138677120208740234375">
        <ele>7.19999980926513671875</ele>
        <time>2026-05-11T12:38:49.000Z</time>
        <extensions>
          <ns3:TrackPointExtension>
            <ns3:hr>133</ns3:hr>
            <ns3:cad>83</ns3:cad>
          </ns3:TrackPointExtension>
        </extensions>
      </trkpt>
      <trkpt lat="31.02287094108760356903076171875" lon="121.42846939153969287872314453125">
        <ele>7.400000095367431640625</ele>
        <time>2026-05-11T12:38:50.000Z</time>
        <extensions>
          <ns3:TrackPointExtension>
            <ns3:hr>133</ns3:hr>
            <ns3:cad>83</ns3:cad>
          </ns3:TrackPointExtension>
        </extensions>
      </trkpt>
      <trkpt lat="31.0228443704545497894287109375" lon="121.42845983617007732391357421875">
        <ele>7.400000095367431640625</ele>
        <time>2026-05-11T12:38:51.000Z</time>
        <extensions>
          <ns3:TrackPointExtension>
            <ns3:hr>134</ns3:hr>
            <ns3:cad>82</ns3:cad>
          </ns3:TrackPointExtension>
        </extensions>
      </trkpt>
      <trkpt lat="31.02282433770596981048583984375" lon="121.42846184782683849334716796875">
        <ele>7.400000095367431640625</ele>
        <time>2026-05-11T12:38:52.000Z</time>
        <extensions>
          <ns3:TrackPointExtension>
            <ns3:hr>133</ns3:hr>
            <ns3:cad>81</ns3:cad>
          </ns3:TrackPointExtension>
        </extensions>
      </trkpt>
      <trkpt lat="31.0228004492819309234619140625" lon="121.4284644462168216705322265625">
        <ele>7.400000095367431640625</ele>
        <time>2026-05-11T12:38:53.000Z</time>
        <extensions>
          <ns3:TrackPointExtension>
            <ns3:hr>134</ns3:hr>
            <ns3:cad>81</ns3:cad>
          </ns3:TrackPointExtension>
        </extensions>
      </trkpt>
      <trkpt lat="31.02277480065822601318359375" lon="121.428461931645870208740234375">
        <ele>7.599999904632568359375</ele>
        <time>2026-05-11T12:38:54.000Z</time>
        <extensions>
          <ns3:TrackPointExtension>
            <ns3:hr>134</ns3:hr>
            <ns3:cad>81</ns3:cad>
          </ns3:TrackPointExtension>
        </extensions>
      </trkpt>
      <trkpt lat="31.0227561928331851959228515625" lon="121.42846972681581974029541015625">
        <ele>7.400000095367431640625</ele>
        <time>2026-05-11T12:38:55.000Z</time>
        <extensions>
          <ns3:TrackPointExtension>
            <ns3:hr>134</ns3:hr>
            <ns3:cad>80</ns3:cad>
          </ns3:TrackPointExtension>
        </extensions>
      </trkpt>
      <trkpt lat="31.0227340646088123321533203125" lon="121.42847844399511814117431640625">
        <ele>7.400000095367431640625</ele>
        <time>2026-05-11T12:38:56.000Z</time>
        <extensions>
          <ns3:TrackPointExtension>
            <ns3:hr>134</ns3:hr>
            <ns3:cad>81</ns3:cad>
          </ns3:TrackPointExtension>
        </extensions>
      </trkpt>
      <trkpt lat="31.02271218784153461456298828125" lon="121.42848213203251361846923828125">
        <ele>7.400000095367431640625</ele>
        <time>2026-05-11T12:38:57.000Z</time>
        <extensions>
          <ns3:TrackPointExtension>
            <ns3:hr>134</ns3:hr>
            <ns3:cad>81</ns3:cad>
          </ns3:TrackPointExtension>
        </extensions>
      </trkpt>
      <trkpt lat="31.02269408293068408966064453125" lon="121.4284912683069705963134765625">
        <ele>7.19999980926513671875</ele>
        <time>2026-05-11T12:38:58.000Z</time>
        <extensions>
          <ns3:TrackPointExtension>
            <ns3:hr>134</ns3:hr>
            <ns3:cad>81</ns3:cad>
          </ns3:TrackPointExtension>
        </extensions>
      </trkpt>
      <trkpt lat="31.02266809903085231781005859375" lon="121.42849822528660297393798828125">
        <ele>7.19999980926513671875</ele>
        <time>2026-05-11T12:38:59.000Z</time>
        <extensions>
          <ns3:TrackPointExtension>
            <ns3:hr>134</ns3:hr>
            <ns3:cad>81</ns3:cad>
          </ns3:TrackPointExtension>
        </extensions>
      </trkpt>
      <trkpt lat="31.02264714427292346954345703125" lon="121.428502835333347320556640625">
        <ele>7</ele>
        <time>2026-05-11T12:39:00.000Z</time>
        <extensions>
          <ns3:TrackPointExtension>
            <ns3:hr>133</ns3:hr>
            <ns3:cad>81</ns3:cad>
          </ns3:TrackPointExtension>
        </extensions>
      </trkpt>
      <trkpt lat="31.022626273334026336669921875" lon="121.4285066910088062286376953125">
        <ele>7</ele>
        <time>2026-05-11T12:39:01.000Z</time>
        <extensions>
          <ns3:TrackPointExtension>
            <ns3:hr>133</ns3:hr>
            <ns3:cad>81</ns3:cad>
          </ns3:TrackPointExtension>
        </extensions>
      </trkpt>
      <trkpt lat="31.02260406129062175750732421875" lon="121.428510211408138275146484375">
        <ele>7.19999980926513671875</ele>
        <time>2026-05-11T12:39:02.000Z</time>
        <extensions>
          <ns3:TrackPointExtension>
            <ns3:hr>133</ns3:hr>
            <ns3:cad>81</ns3:cad>
          </ns3:TrackPointExtension>
        </extensions>
      </trkpt>
      <trkpt lat="31.0225868783891201019287109375" lon="121.42851783894002437591552734375">
        <ele>7.19999980926513671875</ele>
        <time>2026-05-11T12:39:03.000Z</time>
        <extensions>
          <ns3:TrackPointExtension>
            <ns3:hr>134</ns3:hr>
            <ns3:cad>82</ns3:cad>
          </ns3:TrackPointExtension>
        </extensions>
      </trkpt>
      <trkpt lat="31.02256466634571552276611328125" lon="121.42852789722383022308349609375">
        <ele>7.19999980926513671875</ele>
        <time>2026-05-11T12:39:04.000Z</time>
        <extensions>
          <ns3:TrackPointExtension>
            <ns3:hr>133</ns3:hr>
            <ns3:cad>83</ns3:cad>
          </ns3:TrackPointExtension>
        </extensions>
      </trkpt>
      <trkpt lat="31.022538430988788604736328125" lon="121.4285301603376865386962890625">
        <ele>7.19999980926513671875</ele>
        <time>2026-05-11T12:39:05.000Z</time>
        <extensions>
          <ns3:TrackPointExtension>
            <ns3:hr>133</ns3:hr>
            <ns3:cad>83</ns3:cad>
          </ns3:TrackPointExtension>
        </extensions>
      </trkpt>
      <trkpt lat="31.02252133190631866455078125" lon="121.42853669822216033935546875">
        <ele>7.19999980926513671875</ele>
        <time>2026-05-11T12:39:06.000Z</time>
        <extensions>
          <ns3:TrackPointExtension>
            <ns3:hr>134</ns3:hr>
            <ns3:cad>83</ns3:cad>
          </ns3:TrackPointExtension>
        </extensions>
      </trkpt>
      <trkpt lat="31.02249627001583576202392578125" lon="121.42854667268693447113037109375">
        <ele>7.19999980926513671875</ele>
        <time>2026-05-11T12:39:07.000Z</time>
        <extensions>
          <ns3:TrackPointExtension>
            <ns3:hr>134</ns3:hr>
            <ns3:cad>82</ns3:cad>
          </ns3:TrackPointExtension>
        </extensions>
      </trkpt>
      <trkpt lat="31.0224710404872894287109375" lon="121.42855145037174224853515625">
        <ele>7.400000095367431640625</ele>
        <time>2026-05-11T12:39:08.000Z</time>
        <extensions>
          <ns3:TrackPointExtension>
            <ns3:hr>134</ns3:hr>
            <ns3:cad>81</ns3:cad>
          </ns3:TrackPointExtension>
        </extensions>
      </trkpt>
      <trkpt lat="31.02245519869029521942138671875" lon="121.428563855588436126708984375">
        <ele>7.400000095367431640625</ele>
        <time>2026-05-11T12:39:09.000Z</time>
        <extensions>
          <ns3:TrackPointExtension>
            <ns3:hr>134</ns3:hr>
            <ns3:cad>81</ns3:cad>
          </ns3:TrackPointExtension>
        </extensions>
      </trkpt>
      <trkpt lat="31.02242753840982913970947265625" lon="121.42857533879578113555908203125">
        <ele>7.400000095367431640625</ele>
        <time>2026-05-11T12:39:10.000Z</time>
        <extensions>
          <ns3:TrackPointExtension>
            <ns3:hr>133</ns3:hr>
            <ns3:cad>81</ns3:cad>
          </ns3:TrackPointExtension>
        </extensions>
      </trkpt>
      <trkpt lat="31.022407002747058868408203125" lon="121.42858288250863552093505859375">
        <ele>7.400000095367431640625</ele>
        <time>2026-05-11T12:39:11.000Z</time>
        <extensions>
          <ns3:TrackPointExtension>
            <ns3:hr>133</ns3:hr>
            <ns3:cad>81</ns3:cad>
          </ns3:TrackPointExtension>
        </extensions>
      </trkpt>
      <trkpt lat="31.02239258587360382080078125" lon="121.4285925216972827911376953125">
        <ele>7.400000095367431640625</ele>
        <time>2026-05-11T12:39:12.000Z</time>
        <extensions>
          <ns3:TrackPointExtension>
            <ns3:hr>134</ns3:hr>
            <ns3:cad>81</ns3:cad>
          </ns3:TrackPointExtension>
        </extensions>
      </trkpt>
      <trkpt lat="31.0223666019737720489501953125" lon="121.4285972155630588531494140625">
        <ele>7.400000095367431640625</ele>
        <time>2026-05-11T12:39:13.000Z</time>
        <extensions>
          <ns3:TrackPointExtension>
            <ns3:hr>134</ns3:hr>
            <ns3:cad>81</ns3:cad>
          </ns3:TrackPointExtension>
        </extensions>
      </trkpt>
      <trkpt lat="31.02234606631100177764892578125" lon="121.4286042563617229461669921875">
        <ele>7.400000095367431640625</ele>
        <time>2026-05-11T12:39:14.000Z</time>
        <extensions>
          <ns3:TrackPointExtension>
            <ns3:hr>134</ns3:hr>
            <ns3:cad>81</ns3:cad>
          </ns3:TrackPointExtension>
        </extensions>
      </trkpt>
      <trkpt lat="31.0223253630101680755615234375" lon="121.4286099560558795928955078125">
        <ele>7.400000095367431640625</ele>
        <time>2026-05-11T12:39:15.000Z</time>
        <extensions>
          <ns3:TrackPointExtension>
            <ns3:hr>135</ns3:hr>
            <ns3:cad>81</ns3:cad>
          </ns3:TrackPointExtension>
        </extensions>
      </trkpt>
      <trkpt lat="31.02229761891067028045654296875" lon="121.4286069385707378387451171875">
        <ele>7.599999904632568359375</ele>
        <time>2026-05-11T12:39:16.000Z</time>
        <extensions>
          <ns3:TrackPointExtension>
            <ns3:hr>135</ns3:hr>
            <ns3:cad>81</ns3:cad>
          </ns3:TrackPointExtension>
        </extensions>
      </trkpt>
      <trkpt lat="31.0222774185240268707275390625" lon="121.4286119677126407623291015625">
        <ele>7.599999904632568359375</ele>
        <time>2026-05-11T12:39:17.000Z</time>
        <extensions>
          <ns3:TrackPointExtension>
            <ns3:hr>135</ns3:hr>
            <ns3:cad>81</ns3:cad>
          </ns3:TrackPointExtension>
        </extensions>
      </trkpt>
      <trkpt lat="31.0222529433667659759521484375" lon="121.42861942760646343231201171875">
        <ele>7.599999904632568359375</ele>
        <time>2026-05-11T12:39:18.000Z</time>
        <extensions>
          <ns3:TrackPointExtension>
            <ns3:hr>135</ns3:hr>
            <ns3:cad>81</ns3:cad>
          </ns3:TrackPointExtension>
        </extensions>
      </trkpt>
      <trkpt lat="31.0222296416759490966796875" lon="121.4286223612725734710693359375">
        <ele>7.599999904632568359375</ele>
        <time>2026-05-11T12:39:19.000Z</time>
        <extensions>
          <ns3:TrackPointExtension>
            <ns3:hr>135</ns3:hr>
            <ns3:cad>82</ns3:cad>
          </ns3:TrackPointExtension>
        </extensions>
      </trkpt>
      <trkpt lat="31.022209189832210540771484375" lon="121.4286280609667301177978515625">
        <ele>7.400000095367431640625</ele>
        <time>2026-05-11T12:39:20.000Z</time>
        <extensions>
          <ns3:TrackPointExtension>
            <ns3:hr>135</ns3:hr>
            <ns3:cad>82</ns3:cad>
          </ns3:TrackPointExtension>
        </extensions>
      </trkpt>
      <trkpt lat="31.022183038294315338134765625" lon="121.42862764187157154083251953125">
        <ele>7.400000095367431640625</ele>
        <time>2026-05-11T12:39:21.000Z</time>
        <extensions>
          <ns3:TrackPointExtension>
            <ns3:hr>135</ns3:hr>
            <ns3:cad>82</ns3:cad>
          </ns3:TrackPointExtension>
        </extensions>
      </trkpt>
      <trkpt lat="31.02216233499348163604736328125" lon="121.42863015644252300262451171875">
        <ele>7.400000095367431640625</ele>
        <time>2026-05-11T12:39:22.000Z</time>
        <extensions>
          <ns3:TrackPointExtension>
            <ns3:hr>135</ns3:hr>
            <ns3:cad>82</ns3:cad>
          </ns3:TrackPointExtension>
        </extensions>
      </trkpt>
      <trkpt lat="31.0221429727971553802490234375" lon="121.42863635905086994171142578125">
        <ele>7.599999904632568359375</ele>
        <time>2026-05-11T12:39:23.000Z</time>
        <extensions>
          <ns3:TrackPointExtension>
            <ns3:hr>135</ns3:hr>
            <ns3:cad>82</ns3:cad>
          </ns3:TrackPointExtension>
        </extensions>
      </trkpt>
      <trkpt lat="31.02212159894406795501708984375" lon="121.42863702960312366485595703125">
        <ele>7.599999904632568359375</ele>
        <time>2026-05-11T12:39:24.000Z</time>
        <extensions>
          <ns3:TrackPointExtension>
            <ns3:hr>135</ns3:hr>
            <ns3:cad>82</ns3:cad>
          </ns3:TrackPointExtension>
        </extensions>
      </trkpt>
      <trkpt lat="31.0221027396619319915771484375" lon="121.42864524386823177337646484375">
        <ele>7.599999904632568359375</ele>
        <time>2026-05-11T12:39:25.000Z</time>
        <extensions>
          <ns3:TrackPointExtension>
            <ns3:hr>135</ns3:hr>
            <ns3:cad>82</ns3:cad>
          </ns3:TrackPointExtension>
        </extensions>
      </trkpt>
      <trkpt lat="31.02207566611468791961669921875" lon="121.428649015724658966064453125">
        <ele>7.599999904632568359375</ele>
        <time>2026-05-11T12:39:26.000Z</time>
        <extensions>
          <ns3:TrackPointExtension>
            <ns3:hr>135</ns3:hr>
            <ns3:cad>83</ns3:cad>
          </ns3:TrackPointExtension>
        </extensions>
      </trkpt>
      <trkpt lat="31.02205404080450534820556640625" lon="121.42865513451397418975830078125">
        <ele>7.400000095367431640625</ele>
        <time>2026-05-11T12:39:27.000Z</time>
        <extensions>
          <ns3:TrackPointExtension>
            <ns3:hr>135</ns3:hr>
            <ns3:cad>83</ns3:cad>
          </ns3:TrackPointExtension>
        </extensions>
      </trkpt>
      <trkpt lat="31.02203425951302051544189453125" lon="121.42866737209260463714599609375">
        <ele>7.400000095367431640625</ele>
        <time>2026-05-11T12:39:28.000Z</time>
        <extensions>
          <ns3:TrackPointExtension>
            <ns3:hr>135</ns3:hr>
            <ns3:cad>83</ns3:cad>
          </ns3:TrackPointExtension>
        </extensions>
      </trkpt>
      <trkpt lat="31.02200643159449100494384765625" lon="121.42866888083517551422119140625">
        <ele>7.599999904632568359375</ele>
        <time>2026-05-11T12:39:29.000Z</time>
        <extensions>
          <ns3:TrackPointExtension>
            <ns3:hr>135</ns3:hr>
            <ns3:cad>83</ns3:cad>
          </ns3:TrackPointExtension>
        </extensions>
      </trkpt>
      <trkpt lat="31.02198581211268901824951171875" lon="121.4286763407289981842041015625">
        <ele>7.599999904632568359375</ele>
        <time>2026-05-11T12:39:30.000Z</time>
        <extensions>
          <ns3:TrackPointExtension>
            <ns3:hr>135</ns3:hr>
            <ns3:cad>83</ns3:cad>
          </ns3:TrackPointExtension>
        </extensions>
      </trkpt>
      <trkpt lat="31.021965779364109039306640625" lon="121.4286910928785800933837890625">
        <ele>7.80000019073486328125</ele>
        <time>2026-05-11T12:39:31.000Z</time>
        <extensions>
          <ns3:TrackPointExtension>
            <ns3:hr>135</ns3:hr>
            <ns3:cad>83</ns3:cad>
          </ns3:TrackPointExtension>
        </extensions>
      </trkpt>
      <trkpt lat="31.02194004692137241363525390625" lon="121.42869628965854644775390625">
        <ele>8</ele>
        <time>2026-05-11T12:39:32.000Z</time>
        <extensions>
          <ns3:TrackPointExtension>
            <ns3:hr>135</ns3:hr>
            <ns3:cad>82</ns3:cad>
          </ns3:TrackPointExtension>
        </extensions>
      </trkpt>
      <trkpt lat="31.02192479185760021209716796875" lon="121.4287081919610500335693359375">
        <ele>8</ele>
        <time>2026-05-11T12:39:33.000Z</time>
        <extensions>
          <ns3:TrackPointExtension>
            <ns3:hr>135</ns3:hr>
            <ns3:cad>82</ns3:cad>
          </ns3:TrackPointExtension>
        </extensions>
      </trkpt>
      <trkpt lat="31.02190618403255939483642578125" lon="121.428725458681583404541015625">
        <ele>8</ele>
        <time>2026-05-11T12:39:34.000Z</time>
        <extensions>
          <ns3:TrackPointExtension>
            <ns3:hr>135</ns3:hr>
            <ns3:cad>81</ns3:cad>
          </ns3:TrackPointExtension>
        </extensions>
      </trkpt>
      <trkpt lat="31.02188405580818653106689453125" lon="121.4287371933460235595703125">
        <ele>8</ele>
        <time>2026-05-11T12:39:35.000Z</time>
        <extensions>
          <ns3:TrackPointExtension>
            <ns3:hr>135</ns3:hr>
            <ns3:cad>80</ns3:cad>
          </ns3:TrackPointExtension>
        </extensions>
      </trkpt>
      <trkpt lat="31.021869890391826629638671875" lon="121.4287537895143032073974609375">
        <ele>7.80000019073486328125</ele>
        <time>2026-05-11T12:39:36.000Z</time>
        <extensions>
          <ns3:TrackPointExtension>
            <ns3:hr>135</ns3:hr>
            <ns3:cad>80</ns3:cad>
          </ns3:TrackPointExtension>
        </extensions>
      </trkpt>
      <trkpt lat="31.02184901945292949676513671875" lon="121.42877818085253238677978515625">
        <ele>7.80000019073486328125</ele>
        <time>2026-05-11T12:39:37.000Z</time>
        <extensions>
          <ns3:TrackPointExtension>
            <ns3:hr>136</ns3:hr>
            <ns3:cad>80</ns3:cad>
          </ns3:TrackPointExtension>
        </extensions>
      </trkpt>
      <trkpt lat="31.021833680570125579833984375" lon="121.42879880033433437347412109375">
        <ele>7.80000019073486328125</ele>
        <time>2026-05-11T12:39:38.000Z</time>
        <extensions>
          <ns3:TrackPointExtension>
            <ns3:hr>136</ns3:hr>
            <ns3:cad>81</ns3:cad>
          </ns3:TrackPointExtension>
        </extensions>
      </trkpt>
      <trkpt lat="31.02182303555309772491455078125" lon="121.4288208447396755218505859375">
        <ele>7.80000019073486328125</ele>
        <time>2026-05-11T12:39:39.000Z</time>
        <extensions>
          <ns3:TrackPointExtension>
            <ns3:hr>136</ns3:hr>
            <ns3:cad>81</ns3:cad>
          </ns3:TrackPointExtension>
        </extensions>
      </trkpt>
      <trkpt lat="31.021804511547088623046875" lon="121.4288446493446826934814453125">
        <ele>7.80000019073486328125</ele>
        <time>2026-05-11T12:39:40.000Z</time>
        <extensions>
          <ns3:TrackPointExtension>
            <ns3:hr>136</ns3:hr>
            <ns3:cad>81</ns3:cad>
          </ns3:TrackPointExtension>
        </extensions>
      </trkpt>
      <trkpt lat="31.02179168723523616790771484375" lon="121.42886568792164325714111328125">
        <ele>7.80000019073486328125</ele>
        <time>2026-05-11T12:39:41.000Z</time>
        <extensions>
          <ns3:TrackPointExtension>
            <ns3:hr>137</ns3:hr>
            <ns3:cad>81</ns3:cad>
          </ns3:TrackPointExtension>
        </extensions>
      </trkpt>
      <trkpt lat="31.02178062312304973602294921875" lon="121.428890414535999298095703125">
        <ele>7.80000019073486328125</ele>
        <time>2026-05-11T12:39:42.000Z</time>
        <extensions>
          <ns3:TrackPointExtension>
            <ns3:hr>137</ns3:hr>
            <ns3:cad>82</ns3:cad>
          </ns3:TrackPointExtension>
        </extensions>
      </trkpt>
      <trkpt lat="31.02176603861153125762939453125" lon="121.4289143867790699005126953125">
        <ele>7.80000019073486328125</ele>
        <time>2026-05-11T12:39:43.000Z</time>
        <extensions>
          <ns3:TrackPointExtension>
            <ns3:hr>137</ns3:hr>
            <ns3:cad>81</ns3:cad>
          </ns3:TrackPointExtension>
        </extensions>
      </trkpt>
      <trkpt lat="31.02175866253674030303955078125" lon="121.4289331622421741485595703125">
        <ele>7.80000019073486328125</ele>
        <time>2026-05-11T12:39:44.000Z</time>
        <extensions>
          <ns3:TrackPointExtension>
            <ns3:hr>137</ns3:hr>
            <ns3:cad>81</ns3:cad>
          </ns3:TrackPointExtension>
        </extensions>
      </trkpt>
      <trkpt lat="31.02174885571002960205078125" lon="121.42895705066621303558349609375">
        <ele>7.80000019073486328125</ele>
        <time>2026-05-11T12:39:45.000Z</time>
        <extensions>
          <ns3:TrackPointExtension>
            <ns3:hr>138</ns3:hr>
            <ns3:cad>81</ns3:cad>
          </ns3:TrackPointExtension>
        </extensions>
      </trkpt>
      <trkpt lat="31.0217413119971752166748046875" lon="121.428982280194759368896484375">
        <ele>7.80000019073486328125</ele>
        <time>2026-05-11T12:39:46.000Z</time>
        <extensions>
          <ns3:TrackPointExtension>
            <ns3:hr>138</ns3:hr>
            <ns3:cad>82</ns3:cad>
          </ns3:TrackPointExtension>
        </extensions>
      </trkpt>
      <trkpt lat="31.021739132702350616455078125" lon="121.42900499515235424041748046875">
        <ele>7.599999904632568359375</ele>
        <time>2026-05-11T12:39:47.000Z</time>
        <extensions>
          <ns3:TrackPointExtension>
            <ns3:hr>138</ns3:hr>
            <ns3:cad>82</ns3:cad>
          </ns3:TrackPointExtension>
        </extensions>
      </trkpt>
      <trkpt lat="31.02173267863690853118896484375" lon="121.4290367625653743743896484375">
        <ele>7.599999904632568359375</ele>
        <time>2026-05-11T12:39:48.000Z</time>
        <extensions>
          <ns3:TrackPointExtension>
            <ns3:hr>138</ns3:hr>
            <ns3:cad>82</ns3:cad>
          </ns3:TrackPointExtension>
        </extensions>
      </trkpt>
      <trkpt lat="31.02173452265560626983642578125" lon="121.4290592260658740997314453125">
        <ele>7.599999904632568359375</ele>
        <time>2026-05-11T12:39:49.000Z</time>
        <extensions>
          <ns3:TrackPointExtension>
            <ns3:hr>137</ns3:hr>
            <ns3:cad>82</ns3:cad>
          </ns3:TrackPointExtension>
        </extensions>
      </trkpt>
      <trkpt lat="31.02173770777881145477294921875" lon="121.4290890656411647796630859375">
        <ele>7.599999904632568359375</ele>
        <time>2026-05-11T12:39:50.000Z</time>
        <extensions>
          <ns3:TrackPointExtension>
            <ns3:hr>137</ns3:hr>
            <ns3:cad>82</ns3:cad>
          </ns3:TrackPointExtension>
        </extensions>
      </trkpt>
      <trkpt lat="31.0217389650642871856689453125" lon="121.42911680974066257476806640625">
        <ele>7.599999904632568359375</ele>
        <time>2026-05-11T12:39:51.000Z</time>
        <extensions>
          <ns3:TrackPointExtension>
            <ns3:hr>136</ns3:hr>
            <ns3:cad>82</ns3:cad>
          </ns3:TrackPointExtension>
        </extensions>
      </trkpt>
      <trkpt lat="31.02174483239650726318359375" lon="121.429143883287906646728515625">
        <ele>7.599999904632568359375</ele>
        <time>2026-05-11T12:39:52.000Z</time>
        <extensions>
          <ns3:TrackPointExtension>
            <ns3:hr>135</ns3:hr>
            <ns3:cad>83</ns3:cad>
          </ns3:TrackPointExtension>
        </extensions>
      </trkpt>
      <trkpt lat="31.02174709551036357879638671875" lon="121.42917078919708728790283203125">
        <ele>7.599999904632568359375</ele>
        <time>2026-05-11T12:39:53.000Z</time>
        <extensions>
          <ns3:TrackPointExtension>
            <ns3:hr>134</ns3:hr>
            <ns3:cad>83</ns3:cad>
          </ns3:TrackPointExtension>
        </extensions>
      </trkpt>
      <trkpt lat="31.02175732143223285675048828125" lon="121.4291930012404918670654296875">
        <ele>7.599999904632568359375</ele>
        <time>2026-05-11T12:39:54.000Z</time>
        <extensions>
          <ns3:TrackPointExtension>
            <ns3:hr>133</ns3:hr>
            <ns3:cad>86</ns3:cad>
          </ns3:TrackPointExtension>
        </extensions>
      </trkpt>
      <trkpt lat="31.021764613687992095947265625" lon="121.42921873368322849273681640625">
        <ele>7.599999904632568359375</ele>
        <time>2026-05-11T12:39:55.000Z</time>
        <extensions>
          <ns3:TrackPointExtension>
            <ns3:hr>133</ns3:hr>
            <ns3:cad>86</ns3:cad>
          </ns3:TrackPointExtension>
        </extensions>
      </trkpt>
      <trkpt lat="31.02177358232438564300537109375" lon="121.42924622632563114166259765625">
        <ele>7.80000019073486328125</ele>
        <time>2026-05-11T12:39:56.000Z</time>
        <extensions>
          <ns3:TrackPointExtension>
            <ns3:hr>133</ns3:hr>
            <ns3:cad>86</ns3:cad>
          </ns3:TrackPointExtension>
        </extensions>
      </trkpt>
      <trkpt lat="31.0217865742743015289306640625" lon="121.42926399596035480499267578125">
        <ele>7.599999904632568359375</ele>
        <time>2026-05-11T12:39:57.000Z</time>
        <extensions>
          <ns3:TrackPointExtension>
            <ns3:hr>133</ns3:hr>
            <ns3:cad>86</ns3:cad>
          </ns3:TrackPointExtension>
        </extensions>
      </trkpt>
      <trkpt lat="31.0217951238155364990234375" lon="121.4292892254889011383056640625">
        <ele>7.599999904632568359375</ele>
        <time>2026-05-11T12:39:58.000Z</time>
        <extensions>
          <ns3:TrackPointExtension>
            <ns3:hr>133</ns3:hr>
            <ns3:cad>84</ns3:cad>
          </ns3:TrackPointExtension>
        </extensions>
      </trkpt>
      <trkpt lat="31.02180409245193004608154296875" lon="121.4293090067803859710693359375">
        <ele>7.599999904632568359375</ele>
        <time>2026-05-11T12:39:59.000Z</time>
        <extensions>
          <ns3:TrackPointExtension>
            <ns3:hr>134</ns3:hr>
            <ns3:cad>83</ns3:cad>
          </ns3:TrackPointExtension>
        </extensions>
      </trkpt>
      <trkpt lat="31.0218197666108608245849609375" lon="121.42932593822479248046875">
        <ele>7.599999904632568359375</ele>
        <time>2026-05-11T12:40:00.000Z</time>
        <extensions>
          <ns3:TrackPointExtension>
            <ns3:hr>134</ns3:hr>
            <ns3:cad>82</ns3:cad>
          </ns3:TrackPointExtension>
        </extensions>
      </trkpt>
      <trkpt lat="31.0218298248946666717529296875" lon="121.42935066483914852142333984375">
        <ele>7.599999904632568359375</ele>
        <time>2026-05-11T12:40:01.000Z</time>
        <extensions>
          <ns3:TrackPointExtension>
            <ns3:hr>134</ns3:hr>
            <ns3:cad>82</ns3:cad>
          </ns3:TrackPointExtension>
        </extensions>
      </trkpt>
      <trkpt lat="31.02184281684458255767822265625" lon="121.42936575226485729217529296875">
        <ele>7.599999904632568359375</ele>
        <time>2026-05-11T12:40:02.000Z</time>
        <extensions>
          <ns3:TrackPointExtension>
            <ns3:hr>133</ns3:hr>
            <ns3:cad>82</ns3:cad>
          </ns3:TrackPointExtension>
        </extensions>
      </trkpt>
      <trkpt lat="31.02185958065092563629150390625" lon="121.42938167788088321685791015625">
        <ele>7.599999904632568359375</ele>
        <time>2026-05-11T12:40:03.000Z</time>
        <extensions>
          <ns3:TrackPointExtension>
            <ns3:hr>133</ns3:hr>
            <ns3:cad>82</ns3:cad>
          </ns3:TrackPointExtension>
        </extensions>
      </trkpt>
      <trkpt lat="31.02187667973339557647705078125" lon="121.42939902842044830322265625">
        <ele>7.599999904632568359375</ele>
        <time>2026-05-11T12:40:04.000Z</time>
        <extensions>
          <ns3:TrackPointExtension>
            <ns3:hr>132</ns3:hr>
            <ns3:cad>82</ns3:cad>
          </ns3:TrackPointExtension>
        </extensions>
      </trkpt>
      <trkpt lat="31.02189629338681697845458984375" lon="121.42941051162779331207275390625">
        <ele>7.599999904632568359375</ele>
        <time>2026-05-11T12:40:05.000Z</time>
        <extensions>
          <ns3:TrackPointExtension>
            <ns3:hr>132</ns3:hr>
            <ns3:cad>82</ns3:cad>
          </ns3:TrackPointExtension>
        </extensions>
      </trkpt>
      <trkpt lat="31.0219163261353969573974609375" lon="121.42942861653864383697509765625">
        <ele>7.599999904632568359375</ele>
        <time>2026-05-11T12:40:06.000Z</time>
        <extensions>
          <ns3:TrackPointExtension>
            <ns3:hr>132</ns3:hr>
            <ns3:cad>82</ns3:cad>
          </ns3:TrackPointExtension>
        </extensions>
      </trkpt>
      <trkpt lat="31.02193552069365978240966796875" lon="121.429436914622783660888671875">
        <ele>7.599999904632568359375</ele>
        <time>2026-05-11T12:40:07.000Z</time>
        <extensions>
          <ns3:TrackPointExtension>
            <ns3:hr>132</ns3:hr>
            <ns3:cad>82</ns3:cad>
          </ns3:TrackPointExtension>
        </extensions>
      </trkpt>
      <trkpt lat="31.0219573974609375" lon="121.4294478110969066619873046875">
        <ele>7.599999904632568359375</ele>
        <time>2026-05-11T12:40:08.000Z</time>
        <extensions>
          <ns3:TrackPointExtension>
            <ns3:hr>132</ns3:hr>
            <ns3:cad>82</ns3:cad>
          </ns3:TrackPointExtension>
        </extensions>
      </trkpt>
      <trkpt lat="31.0219776816666126251220703125" lon="121.429460383951663970947265625">
        <ele>7.599999904632568359375</ele>
        <time>2026-05-11T12:40:09.000Z</time>
        <extensions>
          <ns3:TrackPointExtension>
            <ns3:hr>132</ns3:hr>
            <ns3:cad>82</ns3:cad>
          </ns3:TrackPointExtension>
        </extensions>
      </trkpt>
      <trkpt lat="31.02199804969131946563720703125" lon="121.429470442235469818115234375">
        <ele>7.599999904632568359375</ele>
        <time>2026-05-11T12:40:10.000Z</time>
        <extensions>
          <ns3:TrackPointExtension>
            <ns3:hr>132</ns3:hr>
            <ns3:cad>83</ns3:cad>
          </ns3:TrackPointExtension>
        </extensions>
      </trkpt>
      <trkpt lat="31.0220212675631046295166015625" lon="121.42947790212929248809814453125">
        <ele>7.599999904632568359375</ele>
        <time>2026-05-11T12:40:11.000Z</time>
        <extensions>
          <ns3:TrackPointExtension>
            <ns3:hr>132</ns3:hr>
            <ns3:cad>83</ns3:cad>
          </ns3:TrackPointExtension>
        </extensions>
      </trkpt>
      <trkpt lat="31.02204255759716033935546875" lon="121.42948745749890804290771484375">
        <ele>7.599999904632568359375</ele>
        <time>2026-05-11T12:40:12.000Z</time>
        <extensions>
          <ns3:TrackPointExtension>
            <ns3:hr>132</ns3:hr>
            <ns3:cad>83</ns3:cad>
          </ns3:TrackPointExtension>
        </extensions>
      </trkpt>
      <trkpt lat="31.02206661365926265716552734375" lon="121.42948796041309833526611328125">
        <ele>7.599999904632568359375</ele>
        <time>2026-05-11T12:40:13.000Z</time>
        <extensions>
          <ns3:TrackPointExtension>
            <ns3:hr>132</ns3:hr>
            <ns3:cad>83</ns3:cad>
          </ns3:TrackPointExtension>
        </extensions>
      </trkpt>
      <trkpt lat="31.0220910049974918365478515625" lon="121.42949013970792293548583984375">
        <ele>7.599999904632568359375</ele>
        <time>2026-05-11T12:40:14.000Z</time>
        <extensions>
          <ns3:TrackPointExtension>
            <ns3:hr>132</ns3:hr>
            <ns3:cad>83</ns3:cad>
          </ns3:TrackPointExtension>
        </extensions>
      </trkpt>
      <trkpt lat="31.0221138037741184234619140625" lon="121.4294940792024135589599609375">
        <ele>7.599999904632568359375</ele>
        <time>2026-05-11T12:40:15.000Z</time>
        <extensions>
          <ns3:TrackPointExtension>
            <ns3:hr>132</ns3:hr>
            <ns3:cad>82</ns3:cad>
          </ns3:TrackPointExtension>
        </extensions>
      </trkpt>
      <trkpt lat="31.0221409611403942108154296875" lon="121.42948628403246402740478515625">
        <ele>7.599999904632568359375</ele>
        <time>2026-05-11T12:40:16.000Z</time>
        <extensions>
          <ns3:TrackPointExtension>
            <ns3:hr>132</ns3:hr>
            <ns3:cad>82</ns3:cad>
          </ns3:TrackPointExtension>
        </extensions>
      </trkpt>
      <trkpt lat="31.022170297801494598388671875" lon="121.4294816739857196807861328125">
        <ele>7.599999904632568359375</ele>
        <time>2026-05-11T12:40:17.000Z</time>
        <extensions>
          <ns3:TrackPointExtension>
            <ns3:hr>133</ns3:hr>
            <ns3:cad>82</ns3:cad>
          </ns3:TrackPointExtension>
        </extensions>
      </trkpt>
      <trkpt lat="31.022191755473613739013671875" lon="121.42947488464415073394775390625">
        <ele>7.599999904632568359375</ele>
        <time>2026-05-11T12:40:18.000Z</time>
        <extensions>
          <ns3:TrackPointExtension>
            <ns3:hr>133</ns3:hr>
            <ns3:cad>82</ns3:cad>
          </ns3:TrackPointExtension>
        </extensions>
      </trkpt>
      <trkpt lat="31.02221882902085781097412109375" lon="121.42946608364582061767578125">
        <ele>7.599999904632568359375</ele>
        <time>2026-05-11T12:40:19.000Z</time>
        <extensions>
          <ns3:TrackPointExtension>
            <ns3:hr>133</ns3:hr>
            <ns3:cad>82</ns3:cad>
          </ns3:TrackPointExtension>
        </extensions>
      </trkpt>
      <trkpt lat="31.022245399653911590576171875" lon="121.429465748369693756103515625">
        <ele>7.400000095367431640625</ele>
        <time>2026-05-11T12:40:20.000Z</time>
        <extensions>
          <ns3:TrackPointExtension>
            <ns3:hr>133</ns3:hr>
            <ns3:cad>82</ns3:cad>
          </ns3:TrackPointExtension>
        </extensions>
      </trkpt>
      <trkpt lat="31.022261492908000946044921875" lon="121.4294592104852199554443359375">
        <ele>7.400000095367431640625</ele>
        <time>2026-05-11T12:40:21.000Z</time>
        <extensions>
          <ns3:TrackPointExtension>
            <ns3:hr>133</ns3:hr>
            <ns3:cad>83</ns3:cad>
          </ns3:TrackPointExtension>
        </extensions>
      </trkpt>
      <trkpt lat="31.022283621132373809814453125" lon="121.42945208586752414703369140625">
        <ele>7.400000095367431640625</ele>
        <time>2026-05-11T12:40:22.000Z</time>
        <extensions>
          <ns3:TrackPointExtension>
            <ns3:hr>134</ns3:hr>
            <ns3:cad>83</ns3:cad>
          </ns3:TrackPointExtension>
        </extensions>
      </trkpt>
      <trkpt lat="31.0223015584051609039306640625" lon="121.42944638617336750030517578125">
        <ele>7.400000095367431640625</ele>
        <time>2026-05-11T12:40:23.000Z</time>
        <extensions>
          <ns3:TrackPointExtension>
            <ns3:hr>135</ns3:hr>
            <ns3:cad>83</ns3:cad>
          </ns3:TrackPointExtension>
        </extensions>
      </trkpt>
      <trkpt lat="31.02232309989631175994873046875" lon="121.4294384233653545379638671875">
        <ele>7.400000095367431640625</ele>
        <time>2026-05-11T12:40:24.000Z</time>
        <extensions>
          <ns3:TrackPointExtension>
            <ns3:hr>135</ns3:hr>
            <ns3:cad>83</ns3:cad>
          </ns3:TrackPointExtension>
        </extensions>
      </trkpt>
      <trkpt lat="31.0223491676151752471923828125" lon="121.4294360764324665069580078125">
        <ele>7.400000095367431640625</ele>
        <time>2026-05-11T12:40:25.000Z</time>
        <extensions>
          <ns3:TrackPointExtension>
            <ns3:hr>136</ns3:hr>
            <ns3:cad>83</ns3:cad>
          </ns3:TrackPointExtension>
        </extensions>
      </trkpt>
      <trkpt lat="31.02236752398312091827392578125" lon="121.42942761071026325225830078125">
        <ele>7.400000095367431640625</ele>
        <time>2026-05-11T12:40:26.000Z</time>
        <extensions>
          <ns3:TrackPointExtension>
            <ns3:hr>137</ns3:hr>
            <ns3:cad>83</ns3:cad>
          </ns3:TrackPointExtension>
        </extensions>
      </trkpt>
      <trkpt lat="31.02239451371133327484130859375" lon="121.42941872589290142059326171875">
        <ele>7.400000095367431640625</ele>
        <time>2026-05-11T12:40:27.000Z</time>
        <extensions>
          <ns3:TrackPointExtension>
            <ns3:hr>137</ns3:hr>
            <ns3:cad>83</ns3:cad>
          </ns3:TrackPointExtension>
        </extensions>
      </trkpt>
      <trkpt lat="31.0224182344973087310791015625" lon="121.4294122718274593353271484375">
        <ele>7.400000095367431640625</ele>
        <time>2026-05-11T12:40:28.000Z</time>
        <extensions>
          <ns3:TrackPointExtension>
            <ns3:hr>137</ns3:hr>
            <ns3:cad>83</ns3:cad>
          </ns3:TrackPointExtension>
        </extensions>
      </trkpt>
      <trkpt lat="31.0224410332739353179931640625" lon="121.42940430901944637298583984375">
        <ele>7.599999904632568359375</ele>
        <time>2026-05-11T12:40:29.000Z</time>
        <extensions>
          <ns3:TrackPointExtension>
            <ns3:hr>137</ns3:hr>
            <ns3:cad>83</ns3:cad>
          </ns3:TrackPointExtension>
        </extensions>
      </trkpt>
      <trkpt lat="31.02247028611600399017333984375" lon="121.4294022135436534881591796875">
        <ele>7.599999904632568359375</ele>
        <time>2026-05-11T12:40:30.000Z</time>
        <extensions>
          <ns3:TrackPointExtension>
            <ns3:hr>138</ns3:hr>
            <ns3:cad>83</ns3:cad>
          </ns3:TrackPointExtension>
        </extensions>
      </trkpt>
      <trkpt lat="31.0224903188645839691162109375" lon="121.4293971844017505645751953125">
        <ele>7.599999904632568359375</ele>
        <time>2026-05-11T12:40:31.000Z</time>
        <extensions>
          <ns3:TrackPointExtension>
            <ns3:hr>138</ns3:hr>
            <ns3:cad>83</ns3:cad>
          </ns3:TrackPointExtension>
        </extensions>
      </trkpt>
      <trkpt lat="31.02251462638378143310546875" lon="121.429388634860515594482421875">
        <ele>7.599999904632568359375</ele>
        <time>2026-05-11T12:40:32.000Z</time>
        <extensions>
          <ns3:TrackPointExtension>
            <ns3:hr>138</ns3:hr>
            <ns3:cad>83</ns3:cad>
          </ns3:TrackPointExtension>
        </extensions>
      </trkpt>
      <trkpt lat="31.0225426219403743743896484375" lon="121.4293877966701984405517578125">
        <ele>7.599999904632568359375</ele>
        <time>2026-05-11T12:40:33.000Z</time>
        <extensions>
          <ns3:TrackPointExtension>
            <ns3:hr>138</ns3:hr>
            <ns3:cad>83</ns3:cad>
          </ns3:TrackPointExtension>
        </extensions>
      </trkpt>
      <trkpt lat="31.02256382815539836883544921875" lon="121.42937933094799518585205078125">
        <ele>7.400000095367431640625</ele>
        <time>2026-05-11T12:40:34.000Z</time>
        <extensions>
          <ns3:TrackPointExtension>
            <ns3:hr>138</ns3:hr>
            <ns3:cad>82</ns3:cad>
          </ns3:TrackPointExtension>
        </extensions>
      </trkpt>
      <trkpt lat="31.02258981205523014068603515625" lon="121.42936960794031620025634765625">
        <ele>7.400000095367431640625</ele>
        <time>2026-05-11T12:40:35.000Z</time>
        <extensions>
          <ns3:TrackPointExtension>
            <ns3:hr>138</ns3:hr>
            <ns3:cad>82</ns3:cad>
          </ns3:TrackPointExtension>
        </extensions>
      </trkpt>
      <trkpt lat="31.0226158797740936279296875" lon="121.42936541698873043060302734375">
        <ele>7.400000095367431640625</ele>
        <time>2026-05-11T12:40:36.000Z</time>
        <extensions>
          <ns3:TrackPointExtension>
            <ns3:hr>138</ns3:hr>
            <ns3:cad>82</ns3:cad>
          </ns3:TrackPointExtension>
        </extensions>
      </trkpt>
      <trkpt lat="31.02263473905622959136962890625" lon="121.42935854382812976837158203125">
        <ele>7.400000095367431640625</ele>
        <time>2026-05-11T12:40:37.000Z</time>
        <extensions>
          <ns3:TrackPointExtension>
            <ns3:hr>138</ns3:hr>
            <ns3:cad>82</ns3:cad>
          </ns3:TrackPointExtension>
        </extensions>
      </trkpt>
      <trkpt lat="31.022657789289951324462890625" lon="121.429351083934307098388671875">
        <ele>7.599999904632568359375</ele>
        <time>2026-05-11T12:40:38.000Z</time>
        <extensions>
          <ns3:TrackPointExtension>
            <ns3:hr>138</ns3:hr>
            <ns3:cad>81</ns3:cad>
          </ns3:TrackPointExtension>
        </extensions>
      </trkpt>
      <trkpt lat="31.02267832495272159576416015625" lon="121.429345719516277313232421875">
        <ele>7.599999904632568359375</ele>
        <time>2026-05-11T12:40:39.000Z</time>
        <extensions>
          <ns3:TrackPointExtension>
            <ns3:hr>138</ns3:hr>
            <ns3:cad>81</ns3:cad>
          </ns3:TrackPointExtension>
        </extensions>
      </trkpt>
      <trkpt lat="31.02269793860614299774169921875" lon="121.4293361641466617584228515625">
        <ele>7.599999904632568359375</ele>
        <time>2026-05-11T12:40:40.000Z</time>
        <extensions>
          <ns3:TrackPointExtension>
            <ns3:hr>138</ns3:hr>
            <ns3:cad>81</ns3:cad>
          </ns3:TrackPointExtension>
        </extensions>
      </trkpt>
      <trkpt lat="31.022724173963069915771484375" lon="121.42933574505150318145751953125">
        <ele>7.400000095367431640625</ele>
        <time>2026-05-11T12:40:41.000Z</time>
        <extensions>
          <ns3:TrackPointExtension>
            <ns3:hr>138</ns3:hr>
            <ns3:cad>81</ns3:cad>
          </ns3:TrackPointExtension>
        </extensions>
      </trkpt>
      <trkpt lat="31.0227454639971256256103515625" lon="121.42933063209056854248046875">
        <ele>7.400000095367431640625</ele>
        <time>2026-05-11T12:40:42.000Z</time>
        <extensions>
          <ns3:TrackPointExtension>
            <ns3:hr>138</ns3:hr>
            <ns3:cad>82</ns3:cad>
          </ns3:TrackPointExtension>
        </extensions>
      </trkpt>
      <trkpt lat="31.02277002297341823577880859375" lon="121.42932417802512645721435546875">
        <ele>7.400000095367431640625</ele>
        <time>2026-05-11T12:40:43.000Z</time>
        <extensions>
          <ns3:TrackPointExtension>
            <ns3:hr>138</ns3:hr>
            <ns3:cad>82</ns3:cad>
          </ns3:TrackPointExtension>
        </extensions>
      </trkpt>
      <trkpt lat="31.0227967612445354461669921875" lon="121.42932082526385784149169921875">
        <ele>7.400000095367431640625</ele>
        <time>2026-05-11T12:40:44.000Z</time>
        <extensions>
          <ns3:TrackPointExtension>
            <ns3:hr>139</ns3:hr>
            <ns3:cad>82</ns3:cad>
          </ns3:TrackPointExtension>
        </extensions>
      </trkpt>
      <trkpt lat="31.02281595580279827117919921875" lon="121.42931395210325717926025390625">
        <ele>7.400000095367431640625</ele>
        <time>2026-05-11T12:40:45.000Z</time>
        <extensions>
          <ns3:TrackPointExtension>
            <ns3:hr>139</ns3:hr>
            <ns3:cad>83</ns3:cad>
          </ns3:TrackPointExtension>
        </extensions>
      </trkpt>
      <trkpt lat="31.02284747175872325897216796875" lon="121.42931043170392513275146484375">
        <ele>7.400000095367431640625</ele>
        <time>2026-05-11T12:40:46.000Z</time>
        <extensions>
          <ns3:TrackPointExtension>
            <ns3:hr>139</ns3:hr>
            <ns3:cad>83</ns3:cad>
          </ns3:TrackPointExtension>
        </extensions>
      </trkpt>
      <trkpt lat="31.02286524139344692230224609375" lon="121.429300121963024139404296875">
        <ele>7.400000095367431640625</ele>
        <time>2026-05-11T12:40:47.000Z</time>
        <extensions>
          <ns3:TrackPointExtension>
            <ns3:hr>139</ns3:hr>
            <ns3:cad>82</ns3:cad>
          </ns3:TrackPointExtension>
        </extensions>
      </trkpt>
      <trkpt lat="31.02288854308426380157470703125" lon="121.429290063679218292236328125">
        <ele>7.400000095367431640625</ele>
        <time>2026-05-11T12:40:48.000Z</time>
        <extensions>
          <ns3:TrackPointExtension>
            <ns3:hr>139</ns3:hr>
            <ns3:cad>82</ns3:cad>
          </ns3:TrackPointExtension>
        </extensions>
      </trkpt>
      <trkpt lat="31.02291301824152469635009765625" lon="121.4292862080037593841552734375">
        <ele>7.400000095367431640625</ele>
        <time>2026-05-11T12:40:49.000Z</time>
        <extensions>
          <ns3:TrackPointExtension>
            <ns3:hr>140</ns3:hr>
            <ns3:cad>82</ns3:cad>
          </ns3:TrackPointExtension>
        </extensions>
      </trkpt>
      <trkpt lat="31.02293531410396099090576171875" lon="121.4292763173580169677734375">
        <ele>7.19999980926513671875</ele>
        <time>2026-05-11T12:40:50.000Z</time>
        <extensions>
          <ns3:TrackPointExtension>
            <ns3:hr>140</ns3:hr>
            <ns3:cad>82</ns3:cad>
          </ns3:TrackPointExtension>
        </extensions>
      </trkpt>
      <trkpt lat="31.02296054363250732421875" lon="121.42926969565451145172119140625">
        <ele>7.19999980926513671875</ele>
        <time>2026-05-11T12:40:51.000Z</time>
        <extensions>
          <ns3:TrackPointExtension>
            <ns3:hr>140</ns3:hr>
            <ns3:cad>84</ns3:cad>
          </ns3:TrackPointExtension>
        </extensions>
      </trkpt>
      <trkpt lat="31.02297822944819927215576171875" lon="121.42925561405718326568603515625">
        <ele>7.19999980926513671875</ele>
        <time>2026-05-11T12:40:52.000Z</time>
        <extensions>
          <ns3:TrackPointExtension>
            <ns3:hr>139</ns3:hr>
            <ns3:cad>84</ns3:cad>
          </ns3:TrackPointExtension>
        </extensions>
      </trkpt>
      <trkpt lat="31.02299650199711322784423828125" lon="121.4292375929653644561767578125">
        <ele>7.19999980926513671875</ele>
        <time>2026-05-11T12:40:53.000Z</time>
        <extensions>
          <ns3:TrackPointExtension>
            <ns3:hr>140</ns3:hr>
            <ns3:cad>85</ns3:cad>
          </ns3:TrackPointExtension>
        </extensions>
      </trkpt>
      <trkpt lat="31.0230183787643909454345703125" lon="121.42922476865351200103759765625">
        <ele>7.19999980926513671875</ele>
        <time>2026-05-11T12:40:54.000Z</time>
        <extensions>
          <ns3:TrackPointExtension>
            <ns3:hr>140</ns3:hr>
            <ns3:cad>85</ns3:cad>
          </ns3:TrackPointExtension>
        </extensions>
      </trkpt>
      <trkpt lat="31.02303631603717803955078125" lon="121.429207585752010345458984375">
        <ele>7.19999980926513671875</ele>
        <time>2026-05-11T12:40:55.000Z</time>
        <extensions>
          <ns3:TrackPointExtension>
            <ns3:hr>139</ns3:hr>
            <ns3:cad>83</ns3:cad>
          </ns3:TrackPointExtension>
        </extensions>
      </trkpt>
      <trkpt lat="31.023059785366058349609375" lon="121.42919342033565044403076171875">
        <ele>7.19999980926513671875</ele>
        <time>2026-05-11T12:40:56.000Z</time>
        <extensions>
          <ns3:TrackPointExtension>
            <ns3:hr>140</ns3:hr>
            <ns3:cad>83</ns3:cad>
          </ns3:TrackPointExtension>
        </extensions>
      </trkpt>
      <trkpt lat="31.0230726934969425201416015625" lon="121.429176740348339080810546875">
        <ele>7.19999980926513671875</ele>
        <time>2026-05-11T12:40:57.000Z</time>
        <extensions>
          <ns3:TrackPointExtension>
            <ns3:hr>140</ns3:hr>
            <ns3:cad>83</ns3:cad>
          </ns3:TrackPointExtension>
        </extensions>
      </trkpt>
      <trkpt lat="31.02308685891330242156982421875" lon="121.42915452830493450164794921875">
        <ele>7.19999980926513671875</ele>
        <time>2026-05-11T12:40:58.000Z</time>
        <extensions>
          <ns3:TrackPointExtension>
            <ns3:hr>141</ns3:hr>
            <ns3:cad>84</ns3:cad>
          </ns3:TrackPointExtension>
        </extensions>
      </trkpt>
      <trkpt lat="31.02310630492866039276123046875" lon="121.42913742922246456146240234375">
        <ele>7.19999980926513671875</ele>
        <time>2026-05-11T12:40:59.000Z</time>
        <extensions>
          <ns3:TrackPointExtension>
            <ns3:hr>141</ns3:hr>
            <ns3:cad>84</ns3:cad>
          </ns3:TrackPointExtension>
        </extensions>
      </trkpt>
      <trkpt lat="31.02311812341213226318359375" lon="121.42911764793097972869873046875">
        <ele>7.19999980926513671875</ele>
        <time>2026-05-11T12:41:00.000Z</time>
        <extensions>
          <ns3:TrackPointExtension>
            <ns3:hr>141</ns3:hr>
            <ns3:cad>84</ns3:cad>
          </ns3:TrackPointExtension>
        </extensions>
      </trkpt>
      <trkpt lat="31.02313446812331676483154296875" lon="121.42909233458340167999267578125">
        <ele>7.19999980926513671875</ele>
        <time>2026-05-11T12:41:01.000Z</time>
        <extensions>
          <ns3:TrackPointExtension>
            <ns3:hr>141</ns3:hr>
            <ns3:cad>83</ns3:cad>
          </ns3:TrackPointExtension>
        </extensions>
      </trkpt>
      <trkpt lat="31.0231467895209789276123046875" lon="121.42906987108290195465087890625">
        <ele>7.19999980926513671875</ele>
        <time>2026-05-11T12:41:02.000Z</time>
        <extensions>
          <ns3:TrackPointExtension>
            <ns3:hr>141</ns3:hr>
            <ns3:cad>82</ns3:cad>
          </ns3:TrackPointExtension>
        </extensions>
      </trkpt>
      <trkpt lat="31.0231531597673892974853515625" lon="121.4290456473827362060546875">
        <ele>7.19999980926513671875</ele>
        <time>2026-05-11T12:41:03.000Z</time>
        <extensions>
          <ns3:TrackPointExtension>
            <ns3:hr>141</ns3:hr>
            <ns3:cad>82</ns3:cad>
          </ns3:TrackPointExtension>
        </extensions>
      </trkpt>
      <trkpt lat="31.02316028438508510589599609375" lon="121.42901890911161899566650390625">
        <ele>7.19999980926513671875</ele>
        <time>2026-05-11T12:41:04.000Z</time>
        <extensions>
          <ns3:TrackPointExtension>
            <ns3:hr>141</ns3:hr>
            <ns3:cad>82</ns3:cad>
          </ns3:TrackPointExtension>
        </extensions>
      </trkpt>
      <trkpt lat="31.0231684148311614990234375" lon="121.42899309284985065460205078125">
        <ele>7.19999980926513671875</ele>
        <time>2026-05-11T12:41:05.000Z</time>
        <extensions>
          <ns3:TrackPointExtension>
            <ns3:hr>141</ns3:hr>
            <ns3:cad>82</ns3:cad>
          </ns3:TrackPointExtension>
        </extensions>
      </trkpt>
      <trkpt lat="31.02317285723984241485595703125" lon="121.428964175283908843994140625">
        <ele>7.19999980926513671875</ele>
        <time>2026-05-11T12:41:06.000Z</time>
        <extensions>
          <ns3:TrackPointExtension>
            <ns3:hr>141</ns3:hr>
            <ns3:cad>83</ns3:cad>
          </ns3:TrackPointExtension>
        </extensions>
      </trkpt>
      <trkpt lat="31.02317939512431621551513671875" lon="121.4289365150034427642822265625">
        <ele>7.19999980926513671875</ele>
        <time>2026-05-11T12:41:07.000Z</time>
        <extensions>
          <ns3:TrackPointExtension>
            <ns3:hr>141</ns3:hr>
            <ns3:cad>83</ns3:cad>
          </ns3:TrackPointExtension>
        </extensions>
      </trkpt>
      <trkpt lat="31.0231813229620456695556640625" lon="121.42891581170260906219482421875">
        <ele>7.19999980926513671875</ele>
        <time>2026-05-11T12:41:08.000Z</time>
        <extensions>
          <ns3:TrackPointExtension>
            <ns3:hr>141</ns3:hr>
            <ns3:cad>83</ns3:cad>
          </ns3:TrackPointExtension>
        </extensions>
      </trkpt>
      <trkpt lat="31.0231818258762359619140625" lon="121.42888404428958892822265625">
        <ele>7.19999980926513671875</ele>
        <time>2026-05-11T12:41:09.000Z</time>
        <extensions>
          <ns3:TrackPointExtension>
            <ns3:hr>140</ns3:hr>
            <ns3:cad>83</ns3:cad>
          </ns3:TrackPointExtension>
        </extensions>
      </trkpt>
      <trkpt lat="31.02318308316171169281005859375" lon="121.42885856330394744873046875">
        <ele>7.19999980926513671875</ele>
        <time>2026-05-11T12:41:10.000Z</time>
        <extensions>
          <ns3:TrackPointExtension>
            <ns3:hr>140</ns3:hr>
            <ns3:cad>83</ns3:cad>
          </ns3:TrackPointExtension>
        </extensions>
      </trkpt>
      <trkpt lat="31.02317981421947479248046875" lon="121.42883040010929107666015625">
        <ele>7.19999980926513671875</ele>
        <time>2026-05-11T12:41:11.000Z</time>
        <extensions>
          <ns3:TrackPointExtension>
            <ns3:hr>140</ns3:hr>
            <ns3:cad>83</ns3:cad>
          </ns3:TrackPointExtension>
        </extensions>
      </trkpt>
      <trkpt lat="31.023177467286586761474609375" lon="121.4288003928959369659423828125">
        <ele>7.19999980926513671875</ele>
        <time>2026-05-11T12:41:12.000Z</time>
        <extensions>
          <ns3:TrackPointExtension>
            <ns3:hr>139</ns3:hr>
            <ns3:cad>83</ns3:cad>
          </ns3:TrackPointExtension>
        </extensions>
      </trkpt>
      <trkpt lat="31.0231746174395084381103515625" lon="121.4287755824625492095947265625">
        <ele>7.19999980926513671875</ele>
        <time>2026-05-11T12:41:13.000Z</time>
        <extensions>
          <ns3:TrackPointExtension>
            <ns3:hr>139</ns3:hr>
            <ns3:cad>83</ns3:cad>
          </ns3:TrackPointExtension>
        </extensions>
      </trkpt>
      <trkpt lat="31.02316615171730518341064453125" lon="121.4287464134395122528076171875">
        <ele>7.19999980926513671875</ele>
        <time>2026-05-11T12:41:14.000Z</time>
        <extensions>
          <ns3:TrackPointExtension>
            <ns3:hr>139</ns3:hr>
            <ns3:cad>83</ns3:cad>
          </ns3:TrackPointExtension>
        </extensions>
      </trkpt>
      <trkpt lat="31.023159362375736236572265625" lon="121.428720094263553619384765625">
        <ele>7.19999980926513671875</ele>
        <time>2026-05-11T12:41:15.000Z</time>
        <extensions>
          <ns3:TrackPointExtension>
            <ns3:hr>138</ns3:hr>
            <ns3:cad>83</ns3:cad>
          </ns3:TrackPointExtension>
        </extensions>
      </trkpt>
      <trkpt lat="31.02315190248191356658935546875" lon="121.42869804985821247100830078125">
        <ele>7.19999980926513671875</ele>
        <time>2026-05-11T12:41:16.000Z</time>
        <extensions>
          <ns3:TrackPointExtension>
            <ns3:hr>138</ns3:hr>
            <ns3:cad>82</ns3:cad>
          </ns3:TrackPointExtension>
        </extensions>
      </trkpt>
      <trkpt lat="31.02313865907490253448486328125" lon="121.4286703057587146759033203125">
        <ele>7.19999980926513671875</ele>
        <time>2026-05-11T12:41:17.000Z</time>
        <extensions>
          <ns3:TrackPointExtension>
            <ns3:hr>139</ns3:hr>
            <ns3:cad>82</ns3:cad>
          </ns3:TrackPointExtension>
        </extensions>
      </trkpt>
      <trkpt lat="31.02312290109694004058837890625" lon="121.4286418072879314422607421875">
        <ele>7.19999980926513671875</ele>
        <time>2026-05-11T12:41:18.000Z</time>
        <extensions>
          <ns3:TrackPointExtension>
            <ns3:hr>139</ns3:hr>
            <ns3:cad>82</ns3:cad>
          </ns3:TrackPointExtension>
        </extensions>
      </trkpt>
      <trkpt lat="31.023109741508960723876953125" lon="121.428618170320987701416015625">
        <ele>7.19999980926513671875</ele>
        <time>2026-05-11T12:41:19.000Z</time>
        <extensions>
          <ns3:TrackPointExtension>
            <ns3:hr>139</ns3:hr>
            <ns3:cad>82</ns3:cad>
          </ns3:TrackPointExtension>
        </extensions>
      </trkpt>
      <trkpt lat="31.02309440262615680694580078125" lon="121.42859227024018764495849609375">
        <ele>7.19999980926513671875</ele>
        <time>2026-05-11T12:41:20.000Z</time>
        <extensions>
          <ns3:TrackPointExtension>
            <ns3:hr>139</ns3:hr>
            <ns3:cad>82</ns3:cad>
          </ns3:TrackPointExtension>
        </extensions>
      </trkpt>
      <trkpt lat="31.02308216504752635955810546875" lon="121.42857282422482967376708984375">
        <ele>7.19999980926513671875</ele>
        <time>2026-05-11T12:41:21.000Z</time>
        <extensions>
          <ns3:TrackPointExtension>
            <ns3:hr>140</ns3:hr>
            <ns3:cad>82</ns3:cad>
          </ns3:TrackPointExtension>
        </extensions>
      </trkpt>
      <trkpt lat="31.0230619646608829498291015625" lon="121.4285574853420257568359375">
        <ele>7.19999980926513671875</ele>
        <time>2026-05-11T12:41:22.000Z</time>
        <extensions>
          <ns3:TrackPointExtension>
            <ns3:hr>140</ns3:hr>
            <ns3:cad>82</ns3:cad>
          </ns3:TrackPointExtension>
        </extensions>
      </trkpt>
      <trkpt lat="31.02304209955036640167236328125" lon="121.428538374602794647216796875">
        <ele>7.19999980926513671875</ele>
        <time>2026-05-11T12:41:23.000Z</time>
        <extensions>
          <ns3:TrackPointExtension>
            <ns3:hr>140</ns3:hr>
            <ns3:cad>82</ns3:cad>
          </ns3:TrackPointExtension>
        </extensions>
      </trkpt>
      <trkpt lat="31.02302650921046733856201171875" lon="121.42852471210062503814697265625">
        <ele>7.19999980926513671875</ele>
        <time>2026-05-11T12:41:24.000Z</time>
        <extensions>
          <ns3:TrackPointExtension>
            <ns3:hr>140</ns3:hr>
            <ns3:cad>82</ns3:cad>
          </ns3:TrackPointExtension>
        </extensions>
      </trkpt>
      <trkpt lat="31.0230036266148090362548828125" lon="121.42850727774202823638916015625">
        <ele>7.19999980926513671875</ele>
        <time>2026-05-11T12:41:25.000Z</time>
        <extensions>
          <ns3:TrackPointExtension>
            <ns3:hr>139</ns3:hr>
            <ns3:cad>82</ns3:cad>
          </ns3:TrackPointExtension>
        </extensions>
      </trkpt>
      <trkpt lat="31.022981666028499603271484375" lon="121.42849403433501720428466796875">
        <ele>7.19999980926513671875</ele>
        <time>2026-05-11T12:41:26.000Z</time>
        <extensions>
          <ns3:TrackPointExtension>
            <ns3:hr>139</ns3:hr>
            <ns3:cad>82</ns3:cad>
          </ns3:TrackPointExtension>
        </extensions>
      </trkpt>
      <trkpt lat="31.02296054363250732421875" lon="121.4284842275083065032958984375">
        <ele>7.19999980926513671875</ele>
        <time>2026-05-11T12:41:27.000Z</time>
        <extensions>
          <ns3:TrackPointExtension>
            <ns3:hr>139</ns3:hr>
            <ns3:cad>82</ns3:cad>
          </ns3:TrackPointExtension>
        </extensions>
      </trkpt>
      <trkpt lat="31.02293573319911956787109375" lon="121.4284701459109783172607421875">
        <ele>7.19999980926513671875</ele>
        <time>2026-05-11T12:41:28.000Z</time>
        <extensions>
          <ns3:TrackPointExtension>
            <ns3:hr>140</ns3:hr>
            <ns3:cad>82</ns3:cad>
          </ns3:TrackPointExtension>
        </extensions>
      </trkpt>
      <trkpt lat="31.02291368879377841949462890625" lon="121.4284657873213291168212890625">
        <ele>7.19999980926513671875</ele>
        <time>2026-05-11T12:41:29.000Z</time>
        <extensions>
          <ns3:TrackPointExtension>
            <ns3:hr>140</ns3:hr>
            <ns3:cad>82</ns3:cad>
          </ns3:TrackPointExtension>
        </extensions>
      </trkpt>
      <trkpt lat="31.0228886269032955169677734375" lon="121.42846159636974334716796875">
        <ele>7.19999980926513671875</ele>
        <time>2026-05-11T12:41:30.000Z</time>
        <extensions>
          <ns3:TrackPointExtension>
            <ns3:hr>140</ns3:hr>
            <ns3:cad>83</ns3:cad>
          </ns3:TrackPointExtension>
        </extensions>
      </trkpt>
      <trkpt lat="31.02286289446055889129638671875" lon="121.42845220863819122314453125">
        <ele>7.19999980926513671875</ele>
        <time>2026-05-11T12:41:31.000Z</time>
        <extensions>
          <ns3:TrackPointExtension>
            <ns3:hr>140</ns3:hr>
            <ns3:cad>83</ns3:cad>
          </ns3:TrackPointExtension>
        </extensions>
      </trkpt>
      <trkpt lat="31.02284185588359832763671875" lon="121.42844910733401775360107421875">
        <ele>7.19999980926513671875</ele>
        <time>2026-05-11T12:41:32.000Z</time>
        <extensions>
          <ns3:TrackPointExtension>
            <ns3:hr>139</ns3:hr>
            <ns3:cad>83</ns3:cad>
          </ns3:TrackPointExtension>
        </extensions>
      </trkpt>
      <trkpt lat="31.0228155367076396942138671875" lon="121.42844416201114654541015625">
        <ele>7.19999980926513671875</ele>
        <time>2026-05-11T12:41:33.000Z</time>
        <extensions>
          <ns3:TrackPointExtension>
            <ns3:hr>140</ns3:hr>
            <ns3:cad>82</ns3:cad>
          </ns3:TrackPointExtension>
        </extensions>
      </trkpt>
      <trkpt lat="31.02279064245522022247314453125" lon="121.42843971960246562957763671875">
        <ele>7.19999980926513671875</ele>
        <time>2026-05-11T12:41:34.000Z</time>
        <extensions>
          <ns3:TrackPointExtension>
            <ns3:hr>140</ns3:hr>
            <ns3:cad>82</ns3:cad>
          </ns3:TrackPointExtension>
        </extensions>
      </trkpt>
      <trkpt lat="31.02276264689862728118896484375" lon="121.4284416474401950836181640625">
        <ele>7.19999980926513671875</ele>
        <time>2026-05-11T12:41:35.000Z</time>
        <extensions>
          <ns3:TrackPointExtension>
            <ns3:hr>140</ns3:hr>
            <ns3:cad>82</ns3:cad>
          </ns3:TrackPointExtension>
        </extensions>
      </trkpt>
      <trkpt lat="31.02273498661816120147705078125" lon="121.428440473973751068115234375">
        <ele>7.19999980926513671875</ele>
        <time>2026-05-11T12:41:36.000Z</time>
        <extensions>
          <ns3:TrackPointExtension>
            <ns3:hr>140</ns3:hr>
            <ns3:cad>82</ns3:cad>
          </ns3:TrackPointExtension>
        </extensions>
      </trkpt>
      <trkpt lat="31.02271470241248607635498046875" lon="121.4284473471343517303466796875">
        <ele>7.19999980926513671875</ele>
        <time>2026-05-11T12:41:37.000Z</time>
        <extensions>
          <ns3:TrackPointExtension>
            <ns3:hr>140</ns3:hr>
            <ns3:cad>83</ns3:cad>
          </ns3:TrackPointExtension>
        </extensions>
      </trkpt>
      <trkpt lat="31.02269165217876434326171875" lon="121.428452543914318084716796875">
        <ele>7.19999980926513671875</ele>
        <time>2026-05-11T12:41:38.000Z</time>
        <extensions>
          <ns3:TrackPointExtension>
            <ns3:hr>141</ns3:hr>
            <ns3:cad>84</ns3:cad>
          </ns3:TrackPointExtension>
        </extensions>
      </trkpt>
      <trkpt lat="31.02266876958310604095458984375" lon="121.42845690250396728515625">
        <ele>7.400000095367431640625</ele>
        <time>2026-05-11T12:41:39.000Z</time>
        <extensions>
          <ns3:TrackPointExtension>
            <ns3:hr>141</ns3:hr>
            <ns3:cad>84</ns3:cad>
          </ns3:TrackPointExtension>
        </extensions>
      </trkpt>
      <trkpt lat="31.02264915592968463897705078125" lon="121.42846385948359966278076171875">
        <ele>7.400000095367431640625</ele>
        <time>2026-05-11T12:41:40.000Z</time>
        <extensions>
          <ns3:TrackPointExtension>
            <ns3:hr>141</ns3:hr>
            <ns3:cad>83</ns3:cad>
          </ns3:TrackPointExtension>
        </extensions>
      </trkpt>
      <trkpt lat="31.02262216620147228240966796875" lon="121.428464949131011962890625">
        <ele>7.19999980926513671875</ele>
        <time>2026-05-11T12:41:41.000Z</time>
        <extensions>
          <ns3:TrackPointExtension>
            <ns3:hr>141</ns3:hr>
            <ns3:cad>82</ns3:cad>
          </ns3:TrackPointExtension>
        </extensions>
      </trkpt>
      <trkpt lat="31.0226024687290191650390625" lon="121.428471989929676055908203125">
        <ele>7.19999980926513671875</ele>
        <time>2026-05-11T12:41:42.000Z</time>
        <extensions>
          <ns3:TrackPointExtension>
            <ns3:hr>141</ns3:hr>
            <ns3:cad>80</ns3:cad>
          </ns3:TrackPointExtension>
        </extensions>
      </trkpt>
      <trkpt lat="31.02257925085723400115966796875" lon="121.42848095856606960296630859375">
        <ele>7.19999980926513671875</ele>
        <time>2026-05-11T12:41:43.000Z</time>
        <extensions>
          <ns3:TrackPointExtension>
            <ns3:hr>142</ns3:hr>
            <ns3:cad>80</ns3:cad>
          </ns3:TrackPointExtension>
        </extensions>
      </trkpt>
      <trkpt lat="31.02255351841449737548828125" lon="121.428483389317989349365234375">
        <ele>7.19999980926513671875</ele>
        <time>2026-05-11T12:41:44.000Z</time>
        <extensions>
          <ns3:TrackPointExtension>
            <ns3:hr>142</ns3:hr>
            <ns3:cad>81</ns3:cad>
          </ns3:TrackPointExtension>
        </extensions>
      </trkpt>
      <trkpt lat="31.02253482677042484283447265625" lon="121.4284949563443660736083984375">
        <ele>7.19999980926513671875</ele>
        <time>2026-05-11T12:41:45.000Z</time>
        <extensions>
          <ns3:TrackPointExtension>
            <ns3:hr>142</ns3:hr>
            <ns3:cad>82</ns3:cad>
          </ns3:TrackPointExtension>
        </extensions>
      </trkpt>
      <trkpt lat="31.02251135744154453277587890625" lon="121.4285016618669033050537109375">
        <ele>7.19999980926513671875</ele>
        <time>2026-05-11T12:41:46.000Z</time>
        <extensions>
          <ns3:TrackPointExtension>
            <ns3:hr>142</ns3:hr>
            <ns3:cad>82</ns3:cad>
          </ns3:TrackPointExtension>
        </extensions>
      </trkpt>
      <trkpt lat="31.0224896483123302459716796875" lon="121.42850794829428195953369140625">
        <ele>7.19999980926513671875</ele>
        <time>2026-05-11T12:41:47.000Z</time>
        <extensions>
          <ns3:TrackPointExtension>
            <ns3:hr>143</ns3:hr>
            <ns3:cad>82</ns3:cad>
          </ns3:TrackPointExtension>
        </extensions>
      </trkpt>
      <trkpt lat="31.02246877737343311309814453125" lon="121.4285164140164852142333984375">
        <ele>7.19999980926513671875</ele>
        <time>2026-05-11T12:41:48.000Z</time>
        <extensions>
          <ns3:TrackPointExtension>
            <ns3:hr>142</ns3:hr>
            <ns3:cad>83</ns3:cad>
          </ns3:TrackPointExtension>
        </extensions>
      </trkpt>
      <trkpt lat="31.022445224225521087646484375" lon="121.42851633019745349884033203125">
        <ele>7</ele>
        <time>2026-05-11T12:41:49.000Z</time>
        <extensions>
          <ns3:TrackPointExtension>
            <ns3:hr>142</ns3:hr>
            <ns3:cad>83</ns3:cad>
          </ns3:TrackPointExtension>
        </extensions>
      </trkpt>
      <trkpt lat="31.0224282927811145782470703125" lon="121.4285227842628955841064453125">
        <ele>7</ele>
        <time>2026-05-11T12:41:50.000Z</time>
        <extensions>
          <ns3:TrackPointExtension>
            <ns3:hr>142</ns3:hr>
            <ns3:cad>83</ns3:cad>
          </ns3:TrackPointExtension>
        </extensions>
      </trkpt>
      <trkpt lat="31.02240591309964656829833984375" lon="121.4285268075764179229736328125">
        <ele>6.80000019073486328125</ele>
        <time>2026-05-11T12:41:51.000Z</time>
        <extensions>
          <ns3:TrackPointExtension>
            <ns3:hr>142</ns3:hr>
            <ns3:cad>83</ns3:cad>
          </ns3:TrackPointExtension>
        </extensions>
      </trkpt>
      <trkpt lat="31.02238663472235202789306640625" lon="121.42853200435638427734375">
        <ele>6.80000019073486328125</ele>
        <time>2026-05-11T12:41:52.000Z</time>
        <extensions>
          <ns3:TrackPointExtension>
            <ns3:hr>141</ns3:hr>
            <ns3:cad>83</ns3:cad>
          </ns3:TrackPointExtension>
        </extensions>
      </trkpt>
      <trkpt lat="31.0223696194589138031005859375" lon="121.42853845842182636260986328125">
        <ele>6.599999904632568359375</ele>
        <time>2026-05-11T12:41:53.000Z</time>
        <extensions>
          <ns3:TrackPointExtension>
            <ns3:hr>141</ns3:hr>
            <ns3:cad>83</ns3:cad>
          </ns3:TrackPointExtension>
        </extensions>
      </trkpt>
      <trkpt lat="31.02234690450131893157958984375" lon="121.4285392127931118011474609375">
        <ele>6.80000019073486328125</ele>
        <time>2026-05-11T12:41:54.000Z</time>
        <extensions>
          <ns3:TrackPointExtension>
            <ns3:hr>141</ns3:hr>
            <ns3:cad>83</ns3:cad>
          </ns3:TrackPointExtension>
        </extensions>
      </trkpt>
      <trkpt lat="31.0223270393908023834228515625" lon="121.42854784615337848663330078125">
        <ele>6.80000019073486328125</ele>
        <time>2026-05-11T12:41:55.000Z</time>
        <extensions>
          <ns3:TrackPointExtension>
            <ns3:hr>141</ns3:hr>
            <ns3:cad>83</ns3:cad>
          </ns3:TrackPointExtension>
        </extensions>
      </trkpt>
      <trkpt lat="31.02230600081384181976318359375" lon="121.428555138409137725830078125">
        <ele>6.80000019073486328125</ele>
        <time>2026-05-11T12:41:56.000Z</time>
        <extensions>
          <ns3:TrackPointExtension>
            <ns3:hr>141</ns3:hr>
            <ns3:cad>82</ns3:cad>
          </ns3:TrackPointExtension>
        </extensions>
      </trkpt>
      <trkpt lat="31.02228269912302494049072265625" lon="121.42855455167591571807861328125">
        <ele>6.80000019073486328125</ele>
        <time>2026-05-11T12:41:57.000Z</time>
        <extensions>
          <ns3:TrackPointExtension>
            <ns3:hr>140</ns3:hr>
            <ns3:cad>82</ns3:cad>
          </ns3:TrackPointExtension>
        </extensions>
      </trkpt>
      <trkpt lat="31.0222636722028255462646484375" lon="121.42856528051197528839111328125">
        <ele>6.80000019073486328125</ele>
        <time>2026-05-11T12:41:58.000Z</time>
        <extensions>
          <ns3:TrackPointExtension>
            <ns3:hr>140</ns3:hr>
            <ns3:cad>82</ns3:cad>
          </ns3:TrackPointExtension>
        </extensions>
      </trkpt>
      <trkpt lat="31.02224246598780155181884765625" lon="121.42857248894870281219482421875">
        <ele>6.80000019073486328125</ele>
        <time>2026-05-11T12:41:59.000Z</time>
        <extensions>
          <ns3:TrackPointExtension>
            <ns3:hr>140</ns3:hr>
            <ns3:cad>82</ns3:cad>
          </ns3:TrackPointExtension>
        </extensions>
      </trkpt>
      <trkpt lat="31.0222200863063335418701171875" lon="121.4285777695477008819580078125">
        <ele>6.599999904632568359375</ele>
        <time>2026-05-11T12:42:00.000Z</time>
        <extensions>
          <ns3:TrackPointExtension>
            <ns3:hr>140</ns3:hr>
            <ns3:cad>82</ns3:cad>
          </ns3:TrackPointExtension>
        </extensions>
      </trkpt>
      <trkpt lat="31.0222013108432292938232421875" lon="121.428583972156047821044921875">
        <ele>6.80000019073486328125</ele>
        <time>2026-05-11T12:42:01.000Z</time>
        <extensions>
          <ns3:TrackPointExtension>
            <ns3:hr>140</ns3:hr>
            <ns3:cad>81</ns3:cad>
          </ns3:TrackPointExtension>
        </extensions>
      </trkpt>
      <trkpt lat="31.02217541076242923736572265625" lon="121.42858573235571384429931640625">
        <ele>7</ele>
        <time>2026-05-11T12:42:02.000Z</time>
        <extensions>
          <ns3:TrackPointExtension>
            <ns3:hr>139</ns3:hr>
            <ns3:cad>81</ns3:cad>
          </ns3:TrackPointExtension>
        </extensions>
      </trkpt>
      <trkpt lat="31.02215529419481754302978515625" lon="121.42859109677374362945556640625">
        <ele>7</ele>
        <time>2026-05-11T12:42:03.000Z</time>
        <extensions>
          <ns3:TrackPointExtension>
            <ns3:hr>139</ns3:hr>
            <ns3:cad>81</ns3:cad>
          </ns3:TrackPointExtension>
        </extensions>
      </trkpt>
      <trkpt lat="31.0221362672746181488037109375" lon="121.42860048450529575347900390625">
        <ele>7.19999980926513671875</ele>
        <time>2026-05-11T12:42:04.000Z</time>
        <extensions>
          <ns3:TrackPointExtension>
            <ns3:hr>139</ns3:hr>
            <ns3:cad>82</ns3:cad>
          </ns3:TrackPointExtension>
        </extensions>
      </trkpt>
      <trkpt lat="31.02211170829832553863525390625" lon="121.42860182560980319976806640625">
        <ele>7.19999980926513671875</ele>
        <time>2026-05-11T12:42:05.000Z</time>
        <extensions>
          <ns3:TrackPointExtension>
            <ns3:hr>139</ns3:hr>
            <ns3:cad>82</ns3:cad>
          </ns3:TrackPointExtension>
        </extensions>
      </trkpt>
      <trkpt lat="31.02209427393972873687744140625" lon="121.4286079443991184234619140625">
        <ele>7.19999980926513671875</ele>
        <time>2026-05-11T12:42:06.000Z</time>
        <extensions>
          <ns3:TrackPointExtension>
            <ns3:hr>138</ns3:hr>
            <ns3:cad>82</ns3:cad>
          </ns3:TrackPointExtension>
        </extensions>
      </trkpt>
      <trkpt lat="31.02207398973405361175537109375" lon="121.42861657775938510894775390625">
        <ele>7.19999980926513671875</ele>
        <time>2026-05-11T12:42:07.000Z</time>
        <extensions>
          <ns3:TrackPointExtension>
            <ns3:hr>138</ns3:hr>
            <ns3:cad>82</ns3:cad>
          </ns3:TrackPointExtension>
        </extensions>
      </trkpt>
      <trkpt lat="31.022050268948078155517578125" lon="121.42861741594970226287841796875">
        <ele>7.400000095367431640625</ele>
        <time>2026-05-11T12:42:08.000Z</time>
        <extensions>
          <ns3:TrackPointExtension>
            <ns3:hr>138</ns3:hr>
            <ns3:cad>81</ns3:cad>
          </ns3:TrackPointExtension>
        </extensions>
      </trkpt>
      <trkpt lat="31.02203174494206905364990234375" lon="121.428621523082256317138671875">
        <ele>7.19999980926513671875</ele>
        <time>2026-05-11T12:42:09.000Z</time>
        <extensions>
          <ns3:TrackPointExtension>
            <ns3:hr>138</ns3:hr>
            <ns3:cad>81</ns3:cad>
          </ns3:TrackPointExtension>
        </extensions>
      </trkpt>
      <trkpt lat="31.022010035812854766845703125" lon="121.42862630076706409454345703125">
        <ele>7.19999980926513671875</ele>
        <time>2026-05-11T12:42:10.000Z</time>
        <extensions>
          <ns3:TrackPointExtension>
            <ns3:hr>138</ns3:hr>
            <ns3:cad>81</ns3:cad>
          </ns3:TrackPointExtension>
        </extensions>
      </trkpt>
      <trkpt lat="31.02198916487395763397216796875" lon="121.428634263575077056884765625">
        <ele>7.19999980926513671875</ele>
        <time>2026-05-11T12:42:11.000Z</time>
        <extensions>
          <ns3:TrackPointExtension>
            <ns3:hr>138</ns3:hr>
            <ns3:cad>81</ns3:cad>
          </ns3:TrackPointExtension>
        </extensions>
      </trkpt>
      <trkpt lat="31.021968461573123931884765625" lon="121.42864692024886608123779296875">
        <ele>7.19999980926513671875</ele>
        <time>2026-05-11T12:42:12.000Z</time>
        <extensions>
          <ns3:TrackPointExtension>
            <ns3:hr>138</ns3:hr>
            <ns3:cad>81</ns3:cad>
          </ns3:TrackPointExtension>
        </extensions>
      </trkpt>
      <trkpt lat="31.0219434835016727447509765625" lon="121.42866184003651142120361328125">
        <ele>7.19999980926513671875</ele>
        <time>2026-05-11T12:42:13.000Z</time>
        <extensions>
          <ns3:TrackPointExtension>
            <ns3:hr>138</ns3:hr>
            <ns3:cad>81</ns3:cad>
          </ns3:TrackPointExtension>
        </extensions>
      </trkpt>
      <trkpt lat="31.0219230316579341888427734375" lon="121.4286749996244907379150390625">
        <ele>7.19999980926513671875</ele>
        <time>2026-05-11T12:42:14.000Z</time>
        <extensions>
          <ns3:TrackPointExtension>
            <ns3:hr>138</ns3:hr>
            <ns3:cad>81</ns3:cad>
          </ns3:TrackPointExtension>
        </extensions>
      </trkpt>
      <trkpt lat="31.0219055972993373870849609375" lon="121.428689919412136077880859375">
        <ele>7.19999980926513671875</ele>
        <time>2026-05-11T12:42:15.000Z</time>
        <extensions>
          <ns3:TrackPointExtension>
            <ns3:hr>138</ns3:hr>
            <ns3:cad>81</ns3:cad>
          </ns3:TrackPointExtension>
        </extensions>
      </trkpt>
      <trkpt lat="31.02188439108431339263916015625" lon="121.42871028743684291839599609375">
        <ele>7.400000095367431640625</ele>
        <time>2026-05-11T12:42:16.000Z</time>
        <extensions>
          <ns3:TrackPointExtension>
            <ns3:hr>138</ns3:hr>
            <ns3:cad>81</ns3:cad>
          </ns3:TrackPointExtension>
        </extensions>
      </trkpt>
      <trkpt lat="31.0218653641641139984130859375" lon="121.42872579395771026611328125">
        <ele>7.400000095367431640625</ele>
        <time>2026-05-11T12:42:17.000Z</time>
        <extensions>
          <ns3:TrackPointExtension>
            <ns3:hr>138</ns3:hr>
            <ns3:cad>80</ns3:cad>
          </ns3:TrackPointExtension>
        </extensions>
      </trkpt>
      <trkpt lat="31.0218522883951663970947265625" lon="121.42874381504952907562255859375">
        <ele>7.400000095367431640625</ele>
        <time>2026-05-11T12:42:18.000Z</time>
        <extensions>
          <ns3:TrackPointExtension>
            <ns3:hr>138</ns3:hr>
            <ns3:cad>80</ns3:cad>
          </ns3:TrackPointExtension>
        </extensions>
      </trkpt>
      <trkpt lat="31.02183678187429904937744140625" lon="121.42876527272164821624755859375">
        <ele>7.400000095367431640625</ele>
        <time>2026-05-11T12:42:19.000Z</time>
        <extensions>
          <ns3:TrackPointExtension>
            <ns3:hr>138</ns3:hr>
            <ns3:cad>80</ns3:cad>
          </ns3:TrackPointExtension>
        </extensions>
      </trkpt>
      <trkpt lat="31.0218217782676219940185546875" lon="121.4287829585373401641845703125">
        <ele>7.400000095367431640625</ele>
        <time>2026-05-11T12:42:20.000Z</time>
        <extensions>
          <ns3:TrackPointExtension>
            <ns3:hr>138</ns3:hr>
            <ns3:cad>79</ns3:cad>
          </ns3:TrackPointExtension>
        </extensions>
      </trkpt>
      <trkpt lat="31.02181012742221355438232421875" lon="121.428801231086254119873046875">
        <ele>7.400000095367431640625</ele>
        <time>2026-05-11T12:42:21.000Z</time>
        <extensions>
          <ns3:TrackPointExtension>
            <ns3:hr>137</ns3:hr>
            <ns3:cad>79</ns3:cad>
          </ns3:TrackPointExtension>
        </extensions>
      </trkpt>
      <trkpt lat="31.02179889567196369171142578125" lon="121.42882243730127811431884765625">
        <ele>7.400000095367431640625</ele>
        <time>2026-05-11T12:42:22.000Z</time>
        <extensions>
          <ns3:TrackPointExtension>
            <ns3:hr>137</ns3:hr>
            <ns3:cad>79</ns3:cad>
          </ns3:TrackPointExtension>
        </extensions>
      </trkpt>
      <trkpt lat="31.02178347297012805938720703125" lon="121.42884741537272930145263671875">
        <ele>7.400000095367431640625</ele>
        <time>2026-05-11T12:42:23.000Z</time>
        <extensions>
          <ns3:TrackPointExtension>
            <ns3:hr>137</ns3:hr>
            <ns3:cad>79</ns3:cad>
          </ns3:TrackPointExtension>
        </extensions>
      </trkpt>
      <trkpt lat="31.0217755101621150970458984375" lon="121.42886786721646785736083984375">
        <ele>7.400000095367431640625</ele>
        <time>2026-05-11T12:42:24.000Z</time>
        <extensions>
          <ns3:TrackPointExtension>
            <ns3:hr>136</ns3:hr>
            <ns3:cad>80</ns3:cad>
          </ns3:TrackPointExtension>
        </extensions>
      </trkpt>
      <trkpt lat="31.02176352404057979583740234375" lon="121.42888982780277729034423828125">
        <ele>7.19999980926513671875</ele>
        <time>2026-05-11T12:42:25.000Z</time>
        <extensions>
          <ns3:TrackPointExtension>
            <ns3:hr>136</ns3:hr>
            <ns3:cad>80</ns3:cad>
          </ns3:TrackPointExtension>
        </extensions>
      </trkpt>
      <trkpt lat="31.02175145410001277923583984375" lon="121.42891245894134044647216796875">
        <ele>7.19999980926513671875</ele>
        <time>2026-05-11T12:42:26.000Z</time>
        <extensions>
          <ns3:TrackPointExtension>
            <ns3:hr>135</ns3:hr>
            <ns3:cad>80</ns3:cad>
          </ns3:TrackPointExtension>
        </extensions>
      </trkpt>
      <trkpt lat="31.02174349129199981689453125" lon="121.42893341369926929473876953125">
        <ele>7.19999980926513671875</ele>
        <time>2026-05-11T12:42:27.000Z</time>
        <extensions>
          <ns3:TrackPointExtension>
            <ns3:hr>135</ns3:hr>
            <ns3:cad>80</ns3:cad>
          </ns3:TrackPointExtension>
        </extensions>
      </trkpt>
      <trkpt lat="31.0217387974262237548828125" lon="121.42895604483783245086669921875">
        <ele>7.19999980926513671875</ele>
        <time>2026-05-11T12:42:28.000Z</time>
        <extensions>
          <ns3:TrackPointExtension>
            <ns3:hr>135</ns3:hr>
            <ns3:cad>80</ns3:cad>
          </ns3:TrackPointExtension>
        </extensions>
      </trkpt>
      <trkpt lat="31.02173167280852794647216796875" lon="121.42898303456604480743408203125">
        <ele>7.19999980926513671875</ele>
        <time>2026-05-11T12:42:29.000Z</time>
        <extensions>
          <ns3:TrackPointExtension>
            <ns3:hr>135</ns3:hr>
            <ns3:cad>80</ns3:cad>
          </ns3:TrackPointExtension>
        </extensions>
      </trkpt>
      <trkpt lat="31.02172882296144962310791015625" lon="121.42900348640978336334228515625">
        <ele>7.19999980926513671875</ele>
        <time>2026-05-11T12:42:30.000Z</time>
        <extensions>
          <ns3:TrackPointExtension>
            <ns3:hr>134</ns3:hr>
            <ns3:cad>80</ns3:cad>
          </ns3:TrackPointExtension>
        </extensions>
      </trkpt>
      <trkpt lat="31.021721698343753814697265625" lon="121.42903248779475688934326171875">
        <ele>7.19999980926513671875</ele>
        <time>2026-05-11T12:42:31.000Z</time>
        <extensions>
          <ns3:TrackPointExtension>
            <ns3:hr>134</ns3:hr>
            <ns3:cad>80</ns3:cad>
          </ns3:TrackPointExtension>
        </extensions>
      </trkpt>
      <trkpt lat="31.02171842940151691436767578125" lon="121.4290605671703815460205078125">
        <ele>7.400000095367431640625</ele>
        <time>2026-05-11T12:42:32.000Z</time>
        <extensions>
          <ns3:TrackPointExtension>
            <ns3:hr>134</ns3:hr>
            <ns3:cad>81</ns3:cad>
          </ns3:TrackPointExtension>
        </extensions>
      </trkpt>
      <trkpt lat="31.02171893231570720672607421875" lon="121.42908663488924503326416015625">
        <ele>7.400000095367431640625</ele>
        <time>2026-05-11T12:42:33.000Z</time>
        <extensions>
          <ns3:TrackPointExtension>
            <ns3:hr>134</ns3:hr>
            <ns3:cad>81</ns3:cad>
          </ns3:TrackPointExtension>
        </extensions>
      </trkpt>
      <trkpt lat="31.02171893231570720672607421875" lon="121.4291142113506793975830078125">
        <ele>7.400000095367431640625</ele>
        <time>2026-05-11T12:42:34.000Z</time>
        <extensions>
          <ns3:TrackPointExtension>
            <ns3:hr>133</ns3:hr>
            <ns3:cad>81</ns3:cad>
          </ns3:TrackPointExtension>
        </extensions>
      </trkpt>
      <trkpt lat="31.0217218659818172454833984375" lon="121.4291368424892425537109375">
        <ele>7.400000095367431640625</ele>
        <time>2026-05-11T12:42:35.000Z</time>
        <extensions>
          <ns3:TrackPointExtension>
            <ns3:hr>133</ns3:hr>
            <ns3:cad>81</ns3:cad>
          </ns3:TrackPointExtension>
        </extensions>
      </trkpt>
      <trkpt lat="31.02172245271503925323486328125" lon="121.42916508950293064117431640625">
        <ele>7.400000095367431640625</ele>
        <time>2026-05-11T12:42:36.000Z</time>
        <extensions>
          <ns3:TrackPointExtension>
            <ns3:hr>133</ns3:hr>
            <ns3:cad>83</ns3:cad>
          </ns3:TrackPointExtension>
        </extensions>
      </trkpt>
      <trkpt lat="31.0217289067804813385009765625" lon="121.429187469184398651123046875">
        <ele>7.400000095367431640625</ele>
        <time>2026-05-11T12:42:37.000Z</time>
        <extensions>
          <ns3:TrackPointExtension>
            <ns3:hr>134</ns3:hr>
            <ns3:cad>83</ns3:cad>
          </ns3:TrackPointExtension>
        </extensions>
      </trkpt>
      <trkpt lat="31.02173686958849430084228515625" lon="121.42920901067554950714111328125">
        <ele>7.19999980926513671875</ele>
        <time>2026-05-11T12:42:38.000Z</time>
        <extensions>
          <ns3:TrackPointExtension>
            <ns3:hr>133</ns3:hr>
            <ns3:cad>83</ns3:cad>
          </ns3:TrackPointExtension>
        </extensions>
      </trkpt>
      <trkpt lat="31.02174617350101470947265625" lon="121.42923767678439617156982421875">
        <ele>7.19999980926513671875</ele>
        <time>2026-05-11T12:42:39.000Z</time>
        <extensions>
          <ns3:TrackPointExtension>
            <ns3:hr>133</ns3:hr>
            <ns3:cad>82</ns3:cad>
          </ns3:TrackPointExtension>
        </extensions>
      </trkpt>
      <trkpt lat="31.02175346575677394866943359375" lon="121.42925745807588100433349609375">
        <ele>7.19999980926513671875</ele>
        <time>2026-05-11T12:42:40.000Z</time>
        <extensions>
          <ns3:TrackPointExtension>
            <ns3:hr>134</ns3:hr>
            <ns3:cad>81</ns3:cad>
          </ns3:TrackPointExtension>
        </extensions>
      </trkpt>
      <trkpt lat="31.02176687680184841156005859375" lon="121.42928235232830047607421875">
        <ele>7.19999980926513671875</ele>
        <time>2026-05-11T12:42:41.000Z</time>
        <extensions>
          <ns3:TrackPointExtension>
            <ns3:hr>133</ns3:hr>
            <ns3:cad>81</ns3:cad>
          </ns3:TrackPointExtension>
        </extensions>
      </trkpt>
      <trkpt lat="31.0217755101621150970458984375" lon="121.42930925823748111724853515625">
        <ele>7.19999980926513671875</ele>
        <time>2026-05-11T12:42:42.000Z</time>
        <extensions>
          <ns3:TrackPointExtension>
            <ns3:hr>133</ns3:hr>
            <ns3:cad>81</ns3:cad>
          </ns3:TrackPointExtension>
        </extensions>
      </trkpt>
      <trkpt lat="31.02178732864558696746826171875" lon="121.42933054827153682708740234375">
        <ele>7.19999980926513671875</ele>
        <time>2026-05-11T12:42:43.000Z</time>
        <extensions>
          <ns3:TrackPointExtension>
            <ns3:hr>134</ns3:hr>
            <ns3:cad>81</ns3:cad>
          </ns3:TrackPointExtension>
        </extensions>
      </trkpt>
      <trkpt lat="31.0218013264238834381103515625" lon="121.42935317941009998321533203125">
        <ele>7.19999980926513671875</ele>
        <time>2026-05-11T12:42:44.000Z</time>
        <extensions>
          <ns3:TrackPointExtension>
            <ns3:hr>133</ns3:hr>
            <ns3:cad>82</ns3:cad>
          </ns3:TrackPointExtension>
        </extensions>
      </trkpt>
      <trkpt lat="31.02181565947830677032470703125" lon="121.42937346361577510833740234375">
        <ele>7.19999980926513671875</ele>
        <time>2026-05-11T12:42:45.000Z</time>
        <extensions>
          <ns3:TrackPointExtension>
            <ns3:hr>133</ns3:hr>
            <ns3:cad>82</ns3:cad>
          </ns3:TrackPointExtension>
        </extensions>
      </trkpt>
      <trkpt lat="31.02183326147496700286865234375" lon="121.429391987621784210205078125">
        <ele>7.19999980926513671875</ele>
        <time>2026-05-11T12:42:46.000Z</time>
        <extensions>
          <ns3:TrackPointExtension>
            <ns3:hr>134</ns3:hr>
            <ns3:cad>82</ns3:cad>
          </ns3:TrackPointExtension>
        </extensions>
      </trkpt>
      <trkpt lat="31.02184985764324665069580078125" lon="121.4294122718274593353271484375">
        <ele>7.19999980926513671875</ele>
        <time>2026-05-11T12:42:47.000Z</time>
        <extensions>
          <ns3:TrackPointExtension>
            <ns3:hr>133</ns3:hr>
            <ns3:cad>83</ns3:cad>
          </ns3:TrackPointExtension>
        </extensions>
      </trkpt>
      <trkpt lat="31.0218653641641139984130859375" lon="121.42942626960575580596923828125">
        <ele>7.19999980926513671875</ele>
        <time>2026-05-11T12:42:48.000Z</time>
        <extensions>
          <ns3:TrackPointExtension>
            <ns3:hr>133</ns3:hr>
            <ns3:cad>83</ns3:cad>
          </ns3:TrackPointExtension>
        </extensions>
      </trkpt>
      <trkpt lat="31.0218864865601062774658203125" lon="121.42944135703146457672119140625">
        <ele>7.19999980926513671875</ele>
        <time>2026-05-11T12:42:49.000Z</time>
        <extensions>
          <ns3:TrackPointExtension>
            <ns3:hr>134</ns3:hr>
            <ns3:cad>83</ns3:cad>
          </ns3:TrackPointExtension>
        </extensions>
      </trkpt>
      <trkpt lat="31.0219079442322254180908203125" lon="121.42945225350558757781982421875">
        <ele>7</ele>
        <time>2026-05-11T12:42:50.000Z</time>
        <extensions>
          <ns3:TrackPointExtension>
            <ns3:hr>134</ns3:hr>
            <ns3:cad>83</ns3:cad>
          </ns3:TrackPointExtension>
        </extensions>
      </trkpt>
      <trkpt lat="31.021928898990154266357421875" lon="121.42946314997971057891845703125">
        <ele>7</ele>
        <time>2026-05-11T12:42:51.000Z</time>
        <extensions>
          <ns3:TrackPointExtension>
            <ns3:hr>134</ns3:hr>
            <ns3:cad>83</ns3:cad>
          </ns3:TrackPointExtension>
        </extensions>
      </trkpt>
      <trkpt lat="31.02195178158581256866455078125" lon="121.4294773153960704803466796875">
        <ele>7</ele>
        <time>2026-05-11T12:42:52.000Z</time>
        <extensions>
          <ns3:TrackPointExtension>
            <ns3:hr>135</ns3:hr>
            <ns3:cad>85</ns3:cad>
          </ns3:TrackPointExtension>
        </extensions>
      </trkpt>
      <trkpt lat="31.02197273634374141693115234375" lon="121.42948460765182971954345703125">
        <ele>7</ele>
        <time>2026-05-11T12:42:53.000Z</time>
        <extensions>
          <ns3:TrackPointExtension>
            <ns3:hr>135</ns3:hr>
            <ns3:cad>85</ns3:cad>
          </ns3:TrackPointExtension>
        </extensions>
      </trkpt>
      <trkpt lat="31.0219967924058437347412109375" lon="121.4294934086501598358154296875">
        <ele>7</ele>
        <time>2026-05-11T12:42:54.000Z</time>
        <extensions>
          <ns3:TrackPointExtension>
            <ns3:hr>135</ns3:hr>
            <ns3:cad>85</ns3:cad>
          </ns3:TrackPointExtension>
        </extensions>
      </trkpt>
      <trkpt lat="31.022019423544406890869140625" lon="121.42950003035366535186767578125">
        <ele>7</ele>
        <time>2026-05-11T12:42:55.000Z</time>
        <extensions>
          <ns3:TrackPointExtension>
            <ns3:hr>135</ns3:hr>
            <ns3:cad>85</ns3:cad>
          </ns3:TrackPointExtension>
        </extensions>
      </trkpt>
      <trkpt lat="31.0220418870449066162109375" lon="121.42950220964848995208740234375">
        <ele>7</ele>
        <time>2026-05-11T12:42:56.000Z</time>
        <extensions>
          <ns3:TrackPointExtension>
            <ns3:hr>135</ns3:hr>
            <ns3:cad>84</ns3:cad>
          </ns3:TrackPointExtension>
        </extensions>
      </trkpt>
      <trkpt lat="31.02207214571535587310791015625" lon="121.42950774170458316802978515625">
        <ele>7</ele>
        <time>2026-05-11T12:42:57.000Z</time>
        <extensions>
          <ns3:TrackPointExtension>
            <ns3:hr>135</ns3:hr>
            <ns3:cad>84</ns3:cad>
          </ns3:TrackPointExtension>
        </extensions>
      </trkpt>
      <trkpt lat="31.02209393866360187530517578125" lon="121.42950941808521747589111328125">
        <ele>7</ele>
        <time>2026-05-11T12:42:58.000Z</time>
        <extensions>
          <ns3:TrackPointExtension>
            <ns3:hr>135</ns3:hr>
            <ns3:cad>84</ns3:cad>
          </ns3:TrackPointExtension>
        </extensions>
      </trkpt>
      <trkpt lat="31.02211824618279933929443359375" lon="121.4295054785907268524169921875">
        <ele>7</ele>
        <time>2026-05-11T12:42:59.000Z</time>
        <extensions>
          <ns3:TrackPointExtension>
            <ns3:hr>135</ns3:hr>
            <ns3:cad>81</ns3:cad>
          </ns3:TrackPointExtension>
        </extensions>
      </trkpt>
      <trkpt lat="31.0221439786255359649658203125" lon="121.42950765788555145263671875">
        <ele>7</ele>
        <time>2026-05-11T12:43:00.000Z</time>
        <extensions>
          <ns3:TrackPointExtension>
            <ns3:hr>135</ns3:hr>
            <ns3:cad>81</ns3:cad>
          </ns3:TrackPointExtension>
        </extensions>
      </trkpt>
      <trkpt lat="31.022163927555084228515625" lon="121.429503299295902252197265625">
        <ele>7</ele>
        <time>2026-05-11T12:43:01.000Z</time>
        <extensions>
          <ns3:TrackPointExtension>
            <ns3:hr>136</ns3:hr>
            <ns3:cad>81</ns3:cad>
          </ns3:TrackPointExtension>
        </extensions>
      </trkpt>
      <trkpt lat="31.02219200693070888519287109375" lon="121.429500281810760498046875">
        <ele>7</ele>
        <time>2026-05-11T12:43:02.000Z</time>
        <extensions>
          <ns3:TrackPointExtension>
            <ns3:hr>136</ns3:hr>
            <ns3:cad>81</ns3:cad>
          </ns3:TrackPointExtension>
        </extensions>
      </trkpt>
      <trkpt lat="31.02221019566059112548828125" lon="121.4294934086501598358154296875">
        <ele>7</ele>
        <time>2026-05-11T12:43:03.000Z</time>
        <extensions>
          <ns3:TrackPointExtension>
            <ns3:hr>136</ns3:hr>
            <ns3:cad>82</ns3:cad>
          </ns3:TrackPointExtension>
        </extensions>
      </trkpt>
      <trkpt lat="31.02223525755107402801513671875" lon="121.4294840209186077117919921875">
        <ele>7</ele>
        <time>2026-05-11T12:43:04.000Z</time>
        <extensions>
          <ns3:TrackPointExtension>
            <ns3:hr>136</ns3:hr>
            <ns3:cad>83</ns3:cad>
          </ns3:TrackPointExtension>
        </extensions>
      </trkpt>
      <trkpt lat="31.0222591459751129150390625" lon="121.4294801652431488037109375">
        <ele>7</ele>
        <time>2026-05-11T12:43:05.000Z</time>
        <extensions>
          <ns3:TrackPointExtension>
            <ns3:hr>136</ns3:hr>
            <ns3:cad>83</ns3:cad>
          </ns3:TrackPointExtension>
        </extensions>
      </trkpt>
      <trkpt lat="31.02228135801851749420166015625" lon="121.42947253771126270294189453125">
        <ele>7</ele>
        <time>2026-05-11T12:43:06.000Z</time>
        <extensions>
          <ns3:TrackPointExtension>
            <ns3:hr>137</ns3:hr>
            <ns3:cad>83</ns3:cad>
          </ns3:TrackPointExtension>
        </extensions>
      </trkpt>
      <trkpt lat="31.02230700664222240447998046875" lon="121.4294665865600109100341796875">
        <ele>7</ele>
        <time>2026-05-11T12:43:07.000Z</time>
        <extensions>
          <ns3:TrackPointExtension>
            <ns3:hr>136</ns3:hr>
            <ns3:cad>84</ns3:cad>
          </ns3:TrackPointExtension>
        </extensions>
      </trkpt>
      <trkpt lat="31.0223250277340412139892578125" lon="121.42945560626685619354248046875">
        <ele>7</ele>
        <time>2026-05-11T12:43:08.000Z</time>
        <extensions>
          <ns3:TrackPointExtension>
            <ns3:hr>136</ns3:hr>
            <ns3:cad>84</ns3:cad>
          </ns3:TrackPointExtension>
        </extensions>
      </trkpt>
      <trkpt lat="31.0223491676151752471923828125" lon="121.4294468052685260772705078125">
        <ele>7</ele>
        <time>2026-05-11T12:43:09.000Z</time>
        <extensions>
          <ns3:TrackPointExtension>
            <ns3:hr>137</ns3:hr>
            <ns3:cad>83</ns3:cad>
          </ns3:TrackPointExtension>
        </extensions>
      </trkpt>
      <trkpt lat="31.02237649261951446533203125" lon="121.42944806255400180816650390625">
        <ele>7</ele>
        <time>2026-05-11T12:43:10.000Z</time>
        <extensions>
          <ns3:TrackPointExtension>
            <ns3:hr>137</ns3:hr>
            <ns3:cad>83</ns3:cad>
          </ns3:TrackPointExtension>
        </extensions>
      </trkpt>
      <trkpt lat="31.02239619009196758270263671875" lon="121.4294424466788768768310546875">
        <ele>7</ele>
        <time>2026-05-11T12:43:11.000Z</time>
        <extensions>
          <ns3:TrackPointExtension>
            <ns3:hr>137</ns3:hr>
            <ns3:cad>83</ns3:cad>
          </ns3:TrackPointExtension>
        </extensions>
      </trkpt>
      <trkpt lat="31.0224249400198459625244140625" lon="121.429432891309261322021484375">
        <ele>7</ele>
        <time>2026-05-11T12:43:12.000Z</time>
        <extensions>
          <ns3:TrackPointExtension>
            <ns3:hr>137</ns3:hr>
            <ns3:cad>83</ns3:cad>
          </ns3:TrackPointExtension>
        </extensions>
      </trkpt>
      <trkpt lat="31.02244782261550426483154296875" lon="121.42942593432962894439697265625">
        <ele>7</ele>
        <time>2026-05-11T12:43:13.000Z</time>
        <extensions>
          <ns3:TrackPointExtension>
            <ns3:hr>138</ns3:hr>
            <ns3:cad>83</ns3:cad>
          </ns3:TrackPointExtension>
        </extensions>
      </trkpt>
      <trkpt lat="31.022472381591796875" lon="121.4294166304171085357666015625">
        <ele>7</ele>
        <time>2026-05-11T12:43:14.000Z</time>
        <extensions>
          <ns3:TrackPointExtension>
            <ns3:hr>138</ns3:hr>
            <ns3:cad>83</ns3:cad>
          </ns3:TrackPointExtension>
        </extensions>
      </trkpt>
      <trkpt lat="31.02249828167259693145751953125" lon="121.42941738478839397430419921875">
        <ele>7</ele>
        <time>2026-05-11T12:43:15.000Z</time>
        <extensions>
          <ns3:TrackPointExtension>
            <ns3:hr>138</ns3:hr>
            <ns3:cad>83</ns3:cad>
          </ns3:TrackPointExtension>
        </extensions>
      </trkpt>
      <trkpt lat="31.0225178115069866180419921875" lon="121.42941419966518878936767578125">
        <ele>7</ele>
        <time>2026-05-11T12:43:16.000Z</time>
        <extensions>
          <ns3:TrackPointExtension>
            <ns3:hr>138</ns3:hr>
            <ns3:cad>83</ns3:cad>
          </ns3:TrackPointExtension>
        </extensions>
      </trkpt>
      <trkpt lat="31.02254220284521579742431640625" lon="121.42940933816134929656982421875">
        <ele>7</ele>
        <time>2026-05-11T12:43:17.000Z</time>
        <extensions>
          <ns3:TrackPointExtension>
            <ns3:hr>138</ns3:hr>
            <ns3:cad>83</ns3:cad>
          </ns3:TrackPointExtension>
        </extensions>
      </trkpt>
      <trkpt lat="31.02256634272634983062744140625" lon="121.42940497957170009613037109375">
        <ele>7</ele>
        <time>2026-05-11T12:43:18.000Z</time>
        <extensions>
          <ns3:TrackPointExtension>
            <ns3:hr>138</ns3:hr>
            <ns3:cad>83</ns3:cad>
          </ns3:TrackPointExtension>
        </extensions>
      </trkpt>
      <trkpt lat="31.02258696220815181732177734375" lon="121.4293958432972431182861328125">
        <ele>7</ele>
        <time>2026-05-11T12:43:19.000Z</time>
        <extensions>
          <ns3:TrackPointExtension>
            <ns3:hr>138</ns3:hr>
            <ns3:cad>83</ns3:cad>
          </ns3:TrackPointExtension>
        </extensions>
      </trkpt>
      <trkpt lat="31.02261395193636417388916015625" lon="121.42939106561243534088134765625">
        <ele>7</ele>
        <time>2026-05-11T12:43:20.000Z</time>
        <extensions>
          <ns3:TrackPointExtension>
            <ns3:hr>139</ns3:hr>
            <ns3:cad>83</ns3:cad>
          </ns3:TrackPointExtension>
        </extensions>
      </trkpt>
      <trkpt lat="31.02263306267559528350830078125" lon="121.42938285134732723236083984375">
        <ele>7</ele>
        <time>2026-05-11T12:43:21.000Z</time>
        <extensions>
          <ns3:TrackPointExtension>
            <ns3:hr>139</ns3:hr>
            <ns3:cad>83</ns3:cad>
          </ns3:TrackPointExtension>
        </extensions>
      </trkpt>
      <trkpt lat="31.02265544235706329345703125" lon="121.4293713681399822235107421875">
        <ele>7</ele>
        <time>2026-05-11T12:43:22.000Z</time>
        <extensions>
          <ns3:TrackPointExtension>
            <ns3:hr>139</ns3:hr>
            <ns3:cad>83</ns3:cad>
          </ns3:TrackPointExtension>
        </extensions>
      </trkpt>
      <trkpt lat="31.02268000133335590362548828125" lon="121.4293710328638553619384765625">
        <ele>7</ele>
        <time>2026-05-11T12:43:23.000Z</time>
        <extensions>
          <ns3:TrackPointExtension>
            <ns3:hr>139</ns3:hr>
            <ns3:cad>83</ns3:cad>
          </ns3:TrackPointExtension>
        </extensions>
      </trkpt>
      <trkpt lat="31.02269969880580902099609375" lon="121.429364494979381561279296875">
        <ele>7</ele>
        <time>2026-05-11T12:43:24.000Z</time>
        <extensions>
          <ns3:TrackPointExtension>
            <ns3:hr>139</ns3:hr>
            <ns3:cad>82</ns3:cad>
          </ns3:TrackPointExtension>
        </extensions>
      </trkpt>
      <trkpt lat="31.0227203182876110076904296875" lon="121.4293556101620197296142578125">
        <ele>7</ele>
        <time>2026-05-11T12:43:25.000Z</time>
        <extensions>
          <ns3:TrackPointExtension>
            <ns3:hr>140</ns3:hr>
            <ns3:cad>82</ns3:cad>
          </ns3:TrackPointExtension>
        </extensions>
      </trkpt>
      <trkpt lat="31.022743619978427886962890625" lon="121.42935301177203655242919921875">
        <ele>7</ele>
        <time>2026-05-11T12:43:26.000Z</time>
        <extensions>
          <ns3:TrackPointExtension>
            <ns3:hr>139</ns3:hr>
            <ns3:cad>82</ns3:cad>
          </ns3:TrackPointExtension>
        </extensions>
      </trkpt>
      <trkpt lat="31.022761724889278411865234375" lon="121.42934664152562618255615234375">
        <ele>6.80000019073486328125</ele>
        <time>2026-05-11T12:43:27.000Z</time>
        <extensions>
          <ns3:TrackPointExtension>
            <ns3:hr>139</ns3:hr>
            <ns3:cad>82</ns3:cad>
          </ns3:TrackPointExtension>
        </extensions>
      </trkpt>
      <trkpt lat="31.0227863676846027374267578125" lon="121.42934278585016727447509765625">
        <ele>6.80000019073486328125</ele>
        <time>2026-05-11T12:43:28.000Z</time>
        <extensions>
          <ns3:TrackPointExtension>
            <ns3:hr>140</ns3:hr>
            <ns3:cad>82</ns3:cad>
          </ns3:TrackPointExtension>
        </extensions>
      </trkpt>
      <trkpt lat="31.02280857972800731658935546875" lon="121.429338343441486358642578125">
        <ele>6.80000019073486328125</ele>
        <time>2026-05-11T12:43:29.000Z</time>
        <extensions>
          <ns3:TrackPointExtension>
            <ns3:hr>139</ns3:hr>
            <ns3:cad>82</ns3:cad>
          </ns3:TrackPointExtension>
        </extensions>
      </trkpt>
      <trkpt lat="31.02282601408660411834716796875" lon="121.42933197319507598876953125">
        <ele>6.80000019073486328125</ele>
        <time>2026-05-11T12:43:30.000Z</time>
        <extensions>
          <ns3:TrackPointExtension>
            <ns3:hr>139</ns3:hr>
            <ns3:cad>82</ns3:cad>
          </ns3:TrackPointExtension>
        </extensions>
      </trkpt>
      <trkpt lat="31.0228500701487064361572265625" lon="121.429324932396411895751953125">
        <ele>6.80000019073486328125</ele>
        <time>2026-05-11T12:43:31.000Z</time>
        <extensions>
          <ns3:TrackPointExtension>
            <ns3:hr>139</ns3:hr>
            <ns3:cad>82</ns3:cad>
          </ns3:TrackPointExtension>
        </extensions>
      </trkpt>
      <trkpt lat="31.02287010289728641510009765625" lon="121.4293204061686992645263671875">
        <ele>6.80000019073486328125</ele>
        <time>2026-05-11T12:43:32.000Z</time>
        <extensions>
          <ns3:TrackPointExtension>
            <ns3:hr>138</ns3:hr>
            <ns3:cad>81</ns3:cad>
          </ns3:TrackPointExtension>
        </extensions>
      </trkpt>
      <trkpt lat="31.022889129817485809326171875" lon="121.4293093420565128326416015625">
        <ele>6.80000019073486328125</ele>
        <time>2026-05-11T12:43:33.000Z</time>
        <extensions>
          <ns3:TrackPointExtension>
            <ns3:hr>138</ns3:hr>
            <ns3:cad>81</ns3:cad>
          </ns3:TrackPointExtension>
        </extensions>
      </trkpt>
      <trkpt lat="31.0229131020605564117431640625" lon="121.42930389381945133209228515625">
        <ele>6.80000019073486328125</ele>
        <time>2026-05-11T12:43:34.000Z</time>
        <extensions>
          <ns3:TrackPointExtension>
            <ns3:hr>138</ns3:hr>
            <ns3:cad>81</ns3:cad>
          </ns3:TrackPointExtension>
        </extensions>
      </trkpt>
      <trkpt lat="31.0229305364191532135009765625" lon="121.42929668538272380828857421875">
        <ele>6.80000019073486328125</ele>
        <time>2026-05-11T12:43:35.000Z</time>
        <extensions>
          <ns3:TrackPointExtension>
            <ns3:hr>138</ns3:hr>
            <ns3:cad>81</ns3:cad>
          </ns3:TrackPointExtension>
        </extensions>
      </trkpt>
      <trkpt lat="31.022952497005462646484375" lon="121.42928310669958591461181640625">
        <ele>6.80000019073486328125</ele>
        <time>2026-05-11T12:43:36.000Z</time>
        <extensions>
          <ns3:TrackPointExtension>
            <ns3:hr>137</ns3:hr>
            <ns3:cad>81</ns3:cad>
          </ns3:TrackPointExtension>
        </extensions>
      </trkpt>
      <trkpt lat="31.0229744575917720794677734375" lon="121.42927288077771663665771484375">
        <ele>6.80000019073486328125</ele>
        <time>2026-05-11T12:43:37.000Z</time>
        <extensions>
          <ns3:TrackPointExtension>
            <ns3:hr>137</ns3:hr>
            <ns3:cad>82</ns3:cad>
          </ns3:TrackPointExtension>
        </extensions>
      </trkpt>
      <trkpt lat="31.0229942388832569122314453125" lon="121.42925796099007129669189453125">
        <ele>6.80000019073486328125</ele>
        <time>2026-05-11T12:43:38.000Z</time>
        <extensions>
          <ns3:TrackPointExtension>
            <ns3:hr>137</ns3:hr>
            <ns3:cad>82</ns3:cad>
          </ns3:TrackPointExtension>
        </extensions>
      </trkpt>
      <trkpt lat="31.0230156965553760528564453125" lon="121.429242454469203948974609375">
        <ele>7</ele>
        <time>2026-05-11T12:43:39.000Z</time>
        <extensions>
          <ns3:TrackPointExtension>
            <ns3:hr>136</ns3:hr>
            <ns3:cad>83</ns3:cad>
          </ns3:TrackPointExtension>
        </extensions>
      </trkpt>
      <trkpt lat="31.0230351425707340240478515625" lon="121.42923004925251007080078125">
        <ele>6.80000019073486328125</ele>
        <time>2026-05-11T12:43:40.000Z</time>
        <extensions>
          <ns3:TrackPointExtension>
            <ns3:hr>136</ns3:hr>
            <ns3:cad>83</ns3:cad>
          </ns3:TrackPointExtension>
        </extensions>
      </trkpt>
      <trkpt lat="31.02305064909160137176513671875" lon="121.4292154647409915924072265625">
        <ele>6.80000019073486328125</ele>
        <time>2026-05-11T12:43:41.000Z</time>
        <extensions>
          <ns3:TrackPointExtension>
            <ns3:hr>136</ns3:hr>
            <ns3:cad>83</ns3:cad>
          </ns3:TrackPointExtension>
        </extensions>
      </trkpt>
      <trkpt lat="31.0230693407356739044189453125" lon="121.42919710837304592132568359375">
        <ele>7</ele>
        <time>2026-05-11T12:43:42.000Z</time>
        <extensions>
          <ns3:TrackPointExtension>
            <ns3:hr>136</ns3:hr>
            <ns3:cad>83</ns3:cad>
          </ns3:TrackPointExtension>
        </extensions>
      </trkpt>
      <trkpt lat="31.0230874456465244293212890625" lon="121.42917833290994167327880859375">
        <ele>7</ele>
        <time>2026-05-11T12:43:43.000Z</time>
        <extensions>
          <ns3:TrackPointExtension>
            <ns3:hr>136</ns3:hr>
            <ns3:cad>82</ns3:cad>
          </ns3:TrackPointExtension>
        </extensions>
      </trkpt>
      <trkpt lat="31.02310471236705780029296875" lon="121.42916031181812286376953125">
        <ele>6.80000019073486328125</ele>
        <time>2026-05-11T12:43:44.000Z</time>
        <extensions>
          <ns3:TrackPointExtension>
            <ns3:hr>137</ns3:hr>
            <ns3:cad>81</ns3:cad>
          </ns3:TrackPointExtension>
        </extensions>
      </trkpt>
      <trkpt lat="31.02312223054468631744384765625" lon="121.4291403628885746002197265625">
        <ele>6.80000019073486328125</ele>
        <time>2026-05-11T12:43:45.000Z</time>
        <extensions>
          <ns3:TrackPointExtension>
            <ns3:hr>136</ns3:hr>
            <ns3:cad>81</ns3:cad>
          </ns3:TrackPointExtension>
        </extensions>
      </trkpt>
      <trkpt lat="31.0231447778642177581787109375" lon="121.4291269518435001373291015625">
        <ele>6.80000019073486328125</ele>
        <time>2026-05-11T12:43:46.000Z</time>
        <extensions>
          <ns3:TrackPointExtension>
            <ns3:hr>136</ns3:hr>
            <ns3:cad>81</ns3:cad>
          </ns3:TrackPointExtension>
        </extensions>
      </trkpt>
      <trkpt lat="31.0231602005660533905029296875" lon="121.42910608090460300445556640625">
        <ele>6.80000019073486328125</ele>
        <time>2026-05-11T12:43:47.000Z</time>
        <extensions>
          <ns3:TrackPointExtension>
            <ns3:hr>137</ns3:hr>
            <ns3:cad>80</ns3:cad>
          </ns3:TrackPointExtension>
        </extensions>
      </trkpt>
      <trkpt lat="31.02317905984818935394287109375" lon="121.4290857128798961639404296875">
        <ele>6.599999904632568359375</ele>
        <time>2026-05-11T12:43:48.000Z</time>
        <extensions>
          <ns3:TrackPointExtension>
            <ns3:hr>137</ns3:hr>
            <ns3:cad>81</ns3:cad>
          </ns3:TrackPointExtension>
        </extensions>
      </trkpt>
      <trkpt lat="31.0232034511864185333251953125" lon="121.42906484194099903106689453125">
        <ele>6.599999904632568359375</ele>
        <time>2026-05-11T12:43:49.000Z</time>
        <extensions>
          <ns3:TrackPointExtension>
            <ns3:hr>137</ns3:hr>
            <ns3:cad>81</ns3:cad>
          </ns3:TrackPointExtension>
        </extensions>
      </trkpt>
      <trkpt lat="31.02322817780077457427978515625" lon="121.42904774285852909088134765625">
        <ele>6.80000019073486328125</ele>
        <time>2026-05-11T12:43:50.000Z</time>
        <extensions>
          <ns3:TrackPointExtension>
            <ns3:hr>139</ns3:hr>
            <ns3:cad>81</ns3:cad>
          </ns3:TrackPointExtension>
        </extensions>
      </trkpt>
      <trkpt lat="31.0232467018067836761474609375" lon="121.429029218852519989013671875">
        <ele>6.80000019073486328125</ele>
        <time>2026-05-11T12:43:51.000Z</time>
        <extensions>
          <ns3:TrackPointExtension>
            <ns3:hr>140</ns3:hr>
            <ns3:cad>81</ns3:cad>
          </ns3:TrackPointExtension>
        </extensions>
      </trkpt>
      <trkpt lat="31.023257263004779815673828125" lon="121.429015137255191802978515625">
        <ele>6.80000019073486328125</ele>
        <time>2026-05-11T12:43:52.000Z</time>
        <extensions>
          <ns3:TrackPointExtension>
            <ns3:hr>142</ns3:hr>
            <ns3:cad>81</ns3:cad>
          </ns3:TrackPointExtension>
        </extensions>
      </trkpt>
      <trkpt lat="31.02326908148825168609619140625" lon="121.42899577505886554718017578125">
        <ele>6.80000019073486328125</ele>
        <time>2026-05-11T12:43:53.000Z</time>
        <extensions>
          <ns3:TrackPointExtension>
            <ns3:hr>143</ns3:hr>
            <ns3:cad>81</ns3:cad>
          </ns3:TrackPointExtension>
        </extensions>
      </trkpt>
      <trkpt lat="31.0232621245086193084716796875" lon="121.42897255718708038330078125">
        <ele>6.80000019073486328125</ele>
        <time>2026-05-11T12:43:54.000Z</time>
        <extensions>
          <ns3:TrackPointExtension>
            <ns3:hr>143</ns3:hr>
            <ns3:cad>81</ns3:cad>
          </ns3:TrackPointExtension>
        </extensions>
      </trkpt>
      <trkpt lat="31.0232564248144626617431640625" lon="121.42894514836370944976806640625">
        <ele>6.599999904632568359375</ele>
        <time>2026-05-11T12:43:55.000Z</time>
        <extensions>
          <ns3:TrackPointExtension>
            <ns3:hr>144</ns3:hr>
            <ns3:cad>79</ns3:cad>
          </ns3:TrackPointExtension>
        </extensions>
      </trkpt>
      <trkpt lat="31.02324158884584903717041015625" lon="121.428919248282909393310546875">
        <ele>6.400000095367431640625</ele>
        <time>2026-05-11T12:43:56.000Z</time>
        <extensions>
          <ns3:TrackPointExtension>
            <ns3:hr>145</ns3:hr>
            <ns3:cad>77</ns3:cad>
          </ns3:TrackPointExtension>
        </extensions>
      </trkpt>
      <trkpt lat="31.0232275910675525665283203125" lon="121.42889603041112422943115234375">
        <ele>6.19999980926513671875</ele>
        <time>2026-05-11T12:43:57.000Z</time>
        <extensions>
          <ns3:TrackPointExtension>
            <ns3:hr>145</ns3:hr>
            <ns3:cad>77</ns3:cad>
          </ns3:TrackPointExtension>
        </extensions>
      </trkpt>
      <trkpt lat="31.02321929298341274261474609375" lon="121.4288600720465183258056640625">
        <ele>6.19999980926513671875</ele>
        <time>2026-05-11T12:43:58.000Z</time>
        <extensions>
          <ns3:TrackPointExtension>
            <ns3:hr>145</ns3:hr>
            <ns3:cad>77</ns3:cad>
          </ns3:TrackPointExtension>
        </extensions>
      </trkpt>
      <trkpt lat="31.0232061333954334259033203125" lon="121.42883819527924060821533203125">
        <ele>6.400000095367431640625</ele>
        <time>2026-05-11T12:43:59.000Z</time>
        <extensions>
          <ns3:TrackPointExtension>
            <ns3:hr>144</ns3:hr>
            <ns3:cad>77</ns3:cad>
          </ns3:TrackPointExtension>
        </extensions>
      </trkpt>
      <trkpt lat="31.0232034511864185333251953125" lon="121.42880617640912532806396484375">
        <ele>6.400000095367431640625</ele>
        <time>2026-05-11T12:44:00.000Z</time>
        <extensions>
          <ns3:TrackPointExtension>
            <ns3:hr>145</ns3:hr>
            <ns3:cad>77</ns3:cad>
          </ns3:TrackPointExtension>
        </extensions>
      </trkpt>
      <trkpt lat="31.023196242749691009521484375" lon="121.428776420652866363525390625">
        <ele>6.599999904632568359375</ele>
        <time>2026-05-11T12:44:01.000Z</time>
        <extensions>
          <ns3:TrackPointExtension>
            <ns3:hr>145</ns3:hr>
            <ns3:cad>82</ns3:cad>
          </ns3:TrackPointExtension>
        </extensions>
      </trkpt>
      <trkpt lat="31.02319062687456607818603515625" lon="121.42875119112432003021240234375">
        <ele>6.599999904632568359375</ele>
        <time>2026-05-11T12:44:02.000Z</time>
        <extensions>
          <ns3:TrackPointExtension>
            <ns3:hr>146</ns3:hr>
            <ns3:cad>82</ns3:cad>
          </ns3:TrackPointExtension>
        </extensions>
      </trkpt>
      <trkpt lat="31.023184172809123992919921875" lon="121.4287219382822513580322265625">
        <ele>6.599999904632568359375</ele>
        <time>2026-05-11T12:44:03.000Z</time>
        <extensions>
          <ns3:TrackPointExtension>
            <ns3:hr>146</ns3:hr>
            <ns3:cad>84</ns3:cad>
          </ns3:TrackPointExtension>
        </extensions>
      </trkpt>
      <trkpt lat="31.02317352779209613800048828125" lon="121.42869469709694385528564453125">
        <ele>6.400000095367431640625</ele>
        <time>2026-05-11T12:44:04.000Z</time>
        <extensions>
          <ns3:TrackPointExtension>
            <ns3:hr>146</ns3:hr>
            <ns3:cad>84</ns3:cad>
          </ns3:TrackPointExtension>
        </extensions>
      </trkpt>
      <trkpt lat="31.0231622122228145599365234375" lon="121.42866955138742923736572265625">
        <ele>6.400000095367431640625</ele>
        <time>2026-05-11T12:44:05.000Z</time>
        <extensions>
          <ns3:TrackPointExtension>
            <ns3:hr>146</ns3:hr>
            <ns3:cad>84</ns3:cad>
          </ns3:TrackPointExtension>
        </extensions>
      </trkpt>
      <trkpt lat="31.023151986300945281982421875" lon="121.42864591442048549652099609375">
        <ele>6.400000095367431640625</ele>
        <time>2026-05-11T12:44:06.000Z</time>
        <extensions>
          <ns3:TrackPointExtension>
            <ns3:hr>146</ns3:hr>
            <ns3:cad>84</ns3:cad>
          </ns3:TrackPointExtension>
        </extensions>
      </trkpt>
      <trkpt lat="31.023139916360378265380859375" lon="121.4286250434815883636474609375">
        <ele>6.400000095367431640625</ele>
        <time>2026-05-11T12:44:07.000Z</time>
        <extensions>
          <ns3:TrackPointExtension>
            <ns3:hr>147</ns3:hr>
            <ns3:cad>82</ns3:cad>
          </ns3:TrackPointExtension>
        </extensions>
      </trkpt>
      <trkpt lat="31.02312575094401836395263671875" lon="121.42860107123851776123046875">
        <ele>6.400000095367431640625</ele>
        <time>2026-05-11T12:44:08.000Z</time>
        <extensions>
          <ns3:TrackPointExtension>
            <ns3:hr>148</ns3:hr>
            <ns3:cad>82</ns3:cad>
          </ns3:TrackPointExtension>
        </extensions>
      </trkpt>
      <trkpt lat="31.02311284281313419342041015625" lon="121.4285824634134769439697265625">
        <ele>6.599999904632568359375</ele>
        <time>2026-05-11T12:44:09.000Z</time>
        <extensions>
          <ns3:TrackPointExtension>
            <ns3:hr>149</ns3:hr>
            <ns3:cad>82</ns3:cad>
          </ns3:TrackPointExtension>
        </extensions>
      </trkpt>
      <trkpt lat="31.02309800684452056884765625" lon="121.42856058664619922637939453125">
        <ele>6.599999904632568359375</ele>
        <time>2026-05-11T12:44:10.000Z</time>
        <extensions>
          <ns3:TrackPointExtension>
            <ns3:hr>149</ns3:hr>
            <ns3:cad>82</ns3:cad>
          </ns3:TrackPointExtension>
        </extensions>
      </trkpt>
      <trkpt lat="31.02308082394301891326904296875" lon="121.42853694967925548553466796875">
        <ele>6.599999904632568359375</ele>
        <time>2026-05-11T12:44:11.000Z</time>
        <extensions>
          <ns3:TrackPointExtension>
            <ns3:hr>149</ns3:hr>
            <ns3:cad>83</ns3:cad>
          </ns3:TrackPointExtension>
        </extensions>
      </trkpt>
      <trkpt lat="31.02306489832699298858642578125" lon="121.4285227842628955841064453125">
        <ele>6.599999904632568359375</ele>
        <time>2026-05-11T12:44:12.000Z</time>
        <extensions>
          <ns3:TrackPointExtension>
            <ns3:hr>149</ns3:hr>
            <ns3:cad>83</ns3:cad>
          </ns3:TrackPointExtension>
        </extensions>
      </trkpt>
      <trkpt lat="31.02304545231163501739501953125" lon="121.42850509844720363616943359375">
        <ele>6.599999904632568359375</ele>
        <time>2026-05-11T12:44:13.000Z</time>
        <extensions>
          <ns3:TrackPointExtension>
            <ns3:hr>149</ns3:hr>
            <ns3:cad>82</ns3:cad>
          </ns3:TrackPointExtension>
        </extensions>
      </trkpt>
      <trkpt lat="31.02302424609661102294921875" lon="121.42849034629762172698974609375">
        <ele>6.599999904632568359375</ele>
        <time>2026-05-11T12:44:14.000Z</time>
        <extensions>
          <ns3:TrackPointExtension>
            <ns3:hr>148</ns3:hr>
            <ns3:cad>82</ns3:cad>
          </ns3:TrackPointExtension>
        </extensions>
      </trkpt>
      <trkpt lat="31.02300605736672878265380859375" lon="121.42847836017608642578125">
        <ele>6.80000019073486328125</ele>
        <time>2026-05-11T12:44:15.000Z</time>
        <extensions>
          <ns3:TrackPointExtension>
            <ns3:hr>148</ns3:hr>
            <ns3:cad>82</ns3:cad>
          </ns3:TrackPointExtension>
        </extensions>
      </trkpt>
      <trkpt lat="31.0229851864278316497802734375" lon="121.42846293747425079345703125">
        <ele>6.80000019073486328125</ele>
        <time>2026-05-11T12:44:16.000Z</time>
        <extensions>
          <ns3:TrackPointExtension>
            <ns3:hr>147</ns3:hr>
            <ns3:cad>82</ns3:cad>
          </ns3:TrackPointExtension>
        </extensions>
      </trkpt>
      <trkpt lat="31.0229603759944438934326171875" lon="121.42845614813268184661865234375">
        <ele>7</ele>
        <time>2026-05-11T12:44:17.000Z</time>
        <extensions>
          <ns3:TrackPointExtension>
            <ns3:hr>147</ns3:hr>
            <ns3:cad>82</ns3:cad>
          </ns3:TrackPointExtension>
        </extensions>
      </trkpt>
      <trkpt lat="31.022939421236515045166015625" lon="121.42844910733401775360107421875">
        <ele>7</ele>
        <time>2026-05-11T12:44:18.000Z</time>
        <extensions>
          <ns3:TrackPointExtension>
            <ns3:hr>147</ns3:hr>
            <ns3:cad>82</ns3:cad>
          </ns3:TrackPointExtension>
        </extensions>
      </trkpt>
      <trkpt lat="31.02291603572666645050048828125" lon="121.42844089306890964508056640625">
        <ele>7</ele>
        <time>2026-05-11T12:44:19.000Z</time>
        <extensions>
          <ns3:TrackPointExtension>
            <ns3:hr>146</ns3:hr>
            <ns3:cad>83</ns3:cad>
          </ns3:TrackPointExtension>
        </extensions>
      </trkpt>
      <trkpt lat="31.0228976793587207794189453125" lon="121.42843536101281642913818359375">
        <ele>6.80000019073486328125</ele>
        <time>2026-05-11T12:44:20.000Z</time>
        <extensions>
          <ns3:TrackPointExtension>
            <ns3:hr>146</ns3:hr>
            <ns3:cad>83</ns3:cad>
          </ns3:TrackPointExtension>
        </extensions>
      </trkpt>
      <trkpt lat="31.02287127636373043060302734375" lon="121.428427398204803466796875">
        <ele>6.80000019073486328125</ele>
        <time>2026-05-11T12:44:21.000Z</time>
        <extensions>
          <ns3:TrackPointExtension>
            <ns3:hr>145</ns3:hr>
            <ns3:cad>83</ns3:cad>
          </ns3:TrackPointExtension>
        </extensions>
      </trkpt>
      <trkpt lat="31.02284747175872325897216796875" lon="121.42842228524386882781982421875">
        <ele>6.599999904632568359375</ele>
        <time>2026-05-11T12:44:22.000Z</time>
        <extensions>
          <ns3:TrackPointExtension>
            <ns3:hr>145</ns3:hr>
            <ns3:cad>83</ns3:cad>
          </ns3:TrackPointExtension>
        </extensions>
      </trkpt>
      <trkpt lat="31.02282500825822353363037109375" lon="121.4284233748912811279296875">
        <ele>6.599999904632568359375</ele>
        <time>2026-05-11T12:44:23.000Z</time>
        <extensions>
          <ns3:TrackPointExtension>
            <ns3:hr>144</ns3:hr>
            <ns3:cad>83</ns3:cad>
          </ns3:TrackPointExtension>
        </extensions>
      </trkpt>
      <trkpt lat="31.02280019782483577728271484375" lon="121.4284191839396953582763671875">
        <ele>6.599999904632568359375</ele>
        <time>2026-05-11T12:44:24.000Z</time>
        <extensions>
          <ns3:TrackPointExtension>
            <ns3:hr>144</ns3:hr>
            <ns3:cad>83</ns3:cad>
          </ns3:TrackPointExtension>
        </extensions>
      </trkpt>
      <trkpt lat="31.02277806960046291351318359375" lon="121.42842060886323451995849609375">
        <ele>6.599999904632568359375</ele>
        <time>2026-05-11T12:44:25.000Z</time>
        <extensions>
          <ns3:TrackPointExtension>
            <ns3:hr>144</ns3:hr>
            <ns3:cad>82</ns3:cad>
          </ns3:TrackPointExtension>
        </extensions>
      </trkpt>
      <trkpt lat="31.0227553546428680419921875" lon="121.42843066714704036712646484375">
        <ele>6.599999904632568359375</ele>
        <time>2026-05-11T12:44:26.000Z</time>
        <extensions>
          <ns3:TrackPointExtension>
            <ns3:hr>144</ns3:hr>
            <ns3:cad>82</ns3:cad>
          </ns3:TrackPointExtension>
        </extensions>
      </trkpt>
      <trkpt lat="31.022731550037860870361328125" lon="121.42843544483184814453125">
        <ele>6.599999904632568359375</ele>
        <time>2026-05-11T12:44:27.000Z</time>
        <extensions>
          <ns3:TrackPointExtension>
            <ns3:hr>144</ns3:hr>
            <ns3:cad>81</ns3:cad>
          </ns3:TrackPointExtension>
        </extensions>
      </trkpt>
      <trkpt lat="31.0227124392986297607421875" lon="121.42844282090663909912109375">
        <ele>6.599999904632568359375</ele>
        <time>2026-05-11T12:44:28.000Z</time>
        <extensions>
          <ns3:TrackPointExtension>
            <ns3:hr>144</ns3:hr>
            <ns3:cad>81</ns3:cad>
          </ns3:TrackPointExtension>
        </extensions>
      </trkpt>
      <trkpt lat="31.02268754504621028900146484375" lon="121.42844994552433490753173828125">
        <ele>6.599999904632568359375</ele>
        <time>2026-05-11T12:44:29.000Z</time>
        <extensions>
          <ns3:TrackPointExtension>
            <ns3:hr>144</ns3:hr>
            <ns3:cad>81</ns3:cad>
          </ns3:TrackPointExtension>
        </extensions>
      </trkpt>
      <trkpt lat="31.022663824260234832763671875" lon="121.42845732159912586212158203125">
        <ele>6.599999904632568359375</ele>
        <time>2026-05-11T12:44:30.000Z</time>
        <extensions>
          <ns3:TrackPointExtension>
            <ns3:hr>144</ns3:hr>
            <ns3:cad>81</ns3:cad>
          </ns3:TrackPointExtension>
        </extensions>
      </trkpt>
      <trkpt lat="31.02264077402651309967041015625" lon="121.42846293747425079345703125">
        <ele>6.400000095367431640625</ele>
        <time>2026-05-11T12:44:31.000Z</time>
        <extensions>
          <ns3:TrackPointExtension>
            <ns3:hr>144</ns3:hr>
            <ns3:cad>82</ns3:cad>
          </ns3:TrackPointExtension>
        </extensions>
      </trkpt>
      <trkpt lat="31.02261562831699848175048828125" lon="121.42846964299678802490234375">
        <ele>6.400000095367431640625</ele>
        <time>2026-05-11T12:44:32.000Z</time>
        <extensions>
          <ns3:TrackPointExtension>
            <ns3:hr>144</ns3:hr>
            <ns3:cad>82</ns3:cad>
          </ns3:TrackPointExtension>
        </extensions>
      </trkpt>
      <trkpt lat="31.02259634993970394134521484375" lon="121.428476013243198394775390625">
        <ele>6.400000095367431640625</ele>
        <time>2026-05-11T12:44:33.000Z</time>
        <extensions>
          <ns3:TrackPointExtension>
            <ns3:hr>143</ns3:hr>
            <ns3:cad>83</ns3:cad>
          </ns3:TrackPointExtension>
        </extensions>
      </trkpt>
      <trkpt lat="31.0225744731724262237548828125" lon="121.42848414368927478790283203125">
        <ele>6.599999904632568359375</ele>
        <time>2026-05-11T12:44:34.000Z</time>
        <extensions>
          <ns3:TrackPointExtension>
            <ns3:hr>143</ns3:hr>
            <ns3:cad>83</ns3:cad>
          </ns3:TrackPointExtension>
        </extensions>
      </trkpt>
      <trkpt lat="31.02254949510097503662109375" lon="121.42848950810730457305908203125">
        <ele>6.599999904632568359375</ele>
        <time>2026-05-11T12:44:35.000Z</time>
        <extensions>
          <ns3:TrackPointExtension>
            <ns3:hr>143</ns3:hr>
            <ns3:cad>82</ns3:cad>
          </ns3:TrackPointExtension>
        </extensions>
      </trkpt>
      <trkpt lat="31.02252862416207790374755859375" lon="121.428498812019824981689453125">
        <ele>6.599999904632568359375</ele>
        <time>2026-05-11T12:44:36.000Z</time>
        <extensions>
          <ns3:TrackPointExtension>
            <ns3:hr>143</ns3:hr>
            <ns3:cad>82</ns3:cad>
          </ns3:TrackPointExtension>
        </extensions>
      </trkpt>
      <trkpt lat="31.02250582538545131683349609375" lon="121.42850224860012531280517578125">
        <ele>6.599999904632568359375</ele>
        <time>2026-05-11T12:44:37.000Z</time>
        <extensions>
          <ns3:TrackPointExtension>
            <ns3:hr>142</ns3:hr>
            <ns3:cad>82</ns3:cad>
          </ns3:TrackPointExtension>
        </extensions>
      </trkpt>
      <trkpt lat="31.0224862955510616302490234375" lon="121.4285080321133136749267578125">
        <ele>6.599999904632568359375</ele>
        <time>2026-05-11T12:44:38.000Z</time>
        <extensions>
          <ns3:TrackPointExtension>
            <ns3:hr>143</ns3:hr>
            <ns3:cad>82</ns3:cad>
          </ns3:TrackPointExtension>
        </extensions>
      </trkpt>
      <trkpt lat="31.02246768772602081298828125" lon="121.42851364798843860626220703125">
        <ele>6.599999904632568359375</ele>
        <time>2026-05-11T12:44:39.000Z</time>
        <extensions>
          <ns3:TrackPointExtension>
            <ns3:hr>143</ns3:hr>
            <ns3:cad>82</ns3:cad>
          </ns3:TrackPointExtension>
        </extensions>
      </trkpt>
      <trkpt lat="31.0224427096545696258544921875" lon="121.42851767130196094512939453125">
        <ele>6.599999904632568359375</ele>
        <time>2026-05-11T12:44:40.000Z</time>
        <extensions>
          <ns3:TrackPointExtension>
            <ns3:hr>142</ns3:hr>
            <ns3:cad>82</ns3:cad>
          </ns3:TrackPointExtension>
        </extensions>
      </trkpt>
      <trkpt lat="31.02242317982017993927001953125" lon="121.4285237900912761688232421875">
        <ele>6.599999904632568359375</ele>
        <time>2026-05-11T12:44:41.000Z</time>
        <extensions>
          <ns3:TrackPointExtension>
            <ns3:hr>143</ns3:hr>
            <ns3:cad>82</ns3:cad>
          </ns3:TrackPointExtension>
        </extensions>
      </trkpt>
      <trkpt lat="31.02240054868161678314208984375" lon="121.42852789722383022308349609375">
        <ele>6.599999904632568359375</ele>
        <time>2026-05-11T12:44:42.000Z</time>
        <extensions>
          <ns3:TrackPointExtension>
            <ns3:hr>143</ns3:hr>
            <ns3:cad>82</ns3:cad>
          </ns3:TrackPointExtension>
        </extensions>
      </trkpt>
      <trkpt lat="31.022375486791133880615234375" lon="121.4285318367183208465576171875">
        <ele>6.80000019073486328125</ele>
        <time>2026-05-11T12:44:43.000Z</time>
        <extensions>
          <ns3:TrackPointExtension>
            <ns3:hr>142</ns3:hr>
            <ns3:cad>82</ns3:cad>
          </ns3:TrackPointExtension>
        </extensions>
      </trkpt>
      <trkpt lat="31.022358052432537078857421875" lon="121.42853829078376293182373046875">
        <ele>6.80000019073486328125</ele>
        <time>2026-05-11T12:44:44.000Z</time>
        <extensions>
          <ns3:TrackPointExtension>
            <ns3:hr>142</ns3:hr>
            <ns3:cad>82</ns3:cad>
          </ns3:TrackPointExtension>
        </extensions>
      </trkpt>
      <trkpt lat="31.0223342478275299072265625" lon="121.4285408891737461090087890625">
        <ele>6.80000019073486328125</ele>
        <time>2026-05-11T12:44:45.000Z</time>
        <extensions>
          <ns3:TrackPointExtension>
            <ns3:hr>142</ns3:hr>
            <ns3:cad>82</ns3:cad>
          </ns3:TrackPointExtension>
        </extensions>
      </trkpt>
      <trkpt lat="31.02231555618345737457275390625" lon="121.42854801379144191741943359375">
        <ele>6.80000019073486328125</ele>
        <time>2026-05-11T12:44:46.000Z</time>
        <extensions>
          <ns3:TrackPointExtension>
            <ns3:hr>143</ns3:hr>
            <ns3:cad>82</ns3:cad>
          </ns3:TrackPointExtension>
        </extensions>
      </trkpt>
      <trkpt lat="31.0222958587110042572021484375" lon="121.42855547368526458740234375">
        <ele>6.80000019073486328125</ele>
        <time>2026-05-11T12:44:47.000Z</time>
        <extensions>
          <ns3:TrackPointExtension>
            <ns3:hr>142</ns3:hr>
            <ns3:cad>82</ns3:cad>
          </ns3:TrackPointExtension>
        </extensions>
      </trkpt>
      <trkpt lat="31.02226979099214076995849609375" lon="121.428561173379421234130859375">
        <ele>7</ele>
        <time>2026-05-11T12:44:48.000Z</time>
        <extensions>
          <ns3:TrackPointExtension>
            <ns3:hr>142</ns3:hr>
            <ns3:cad>83</ns3:cad>
          </ns3:TrackPointExtension>
        </extensions>
      </trkpt>
      <trkpt lat="31.02224950678646564483642578125" lon="121.4285660348832607269287109375">
        <ele>7</ele>
        <time>2026-05-11T12:44:49.000Z</time>
        <extensions>
          <ns3:TrackPointExtension>
            <ns3:hr>143</ns3:hr>
            <ns3:cad>84</ns3:cad>
          </ns3:TrackPointExtension>
        </extensions>
      </trkpt>
      <trkpt lat="31.0222241096198558807373046875" lon="121.4285724051296710968017578125">
        <ele>7</ele>
        <time>2026-05-11T12:44:50.000Z</time>
        <extensions>
          <ns3:TrackPointExtension>
            <ns3:hr>143</ns3:hr>
            <ns3:cad>84</ns3:cad>
          </ns3:TrackPointExtension>
        </extensions>
      </trkpt>
      <trkpt lat="31.02220374159514904022216796875" lon="121.42857936210930347442626953125">
        <ele>7</ele>
        <time>2026-05-11T12:44:51.000Z</time>
        <extensions>
          <ns3:TrackPointExtension>
            <ns3:hr>143</ns3:hr>
            <ns3:cad>83</ns3:cad>
          </ns3:TrackPointExtension>
        </extensions>
      </trkpt>
      <trkpt lat="31.02217943407595157623291015625" lon="121.42858623526990413665771484375">
        <ele>7</ele>
        <time>2026-05-11T12:44:52.000Z</time>
        <extensions>
          <ns3:TrackPointExtension>
            <ns3:hr>142</ns3:hr>
            <ns3:cad>82</ns3:cad>
          </ns3:TrackPointExtension>
        </extensions>
      </trkpt>
      <trkpt lat="31.02215345017611980438232421875" lon="121.4285881631076335906982421875">
        <ele>7</ele>
        <time>2026-05-11T12:44:53.000Z</time>
        <extensions>
          <ns3:TrackPointExtension>
            <ns3:hr>143</ns3:hr>
            <ns3:cad>83</ns3:cad>
          </ns3:TrackPointExtension>
        </extensions>
      </trkpt>
      <trkpt lat="31.02213551290333271026611328125" lon="121.42859830521047115325927734375">
        <ele>7</ele>
        <time>2026-05-11T12:44:54.000Z</time>
        <extensions>
          <ns3:TrackPointExtension>
            <ns3:hr>143</ns3:hr>
            <ns3:cad>83</ns3:cad>
          </ns3:TrackPointExtension>
        </extensions>
      </trkpt>
      <trkpt lat="31.02211237885057926177978515625" lon="121.428604759275913238525390625">
        <ele>7.19999980926513671875</ele>
        <time>2026-05-11T12:44:55.000Z</time>
        <extensions>
          <ns3:TrackPointExtension>
            <ns3:hr>142</ns3:hr>
            <ns3:cad>84</ns3:cad>
          </ns3:TrackPointExtension>
        </extensions>
      </trkpt>
      <trkpt lat="31.0220920108258724212646484375" lon="121.428608782589435577392578125">
        <ele>7.19999980926513671875</ele>
        <time>2026-05-11T12:44:56.000Z</time>
        <extensions>
          <ns3:TrackPointExtension>
            <ns3:hr>143</ns3:hr>
            <ns3:cad>84</ns3:cad>
          </ns3:TrackPointExtension>
        </extensions>
      </trkpt>
      <trkpt lat="31.02207063697278499603271484375" lon="121.42861490137875080108642578125">
        <ele>7.19999980926513671875</ele>
        <time>2026-05-11T12:44:57.000Z</time>
        <extensions>
          <ns3:TrackPointExtension>
            <ns3:hr>143</ns3:hr>
            <ns3:cad>83</ns3:cad>
          </ns3:TrackPointExtension>
        </extensions>
      </trkpt>
      <trkpt lat="31.0220464132726192474365234375" lon="121.428615152835845947265625">
        <ele>7.19999980926513671875</ele>
        <time>2026-05-11T12:44:58.000Z</time>
        <extensions>
          <ns3:TrackPointExtension>
            <ns3:hr>142</ns3:hr>
            <ns3:cad>83</ns3:cad>
          </ns3:TrackPointExtension>
        </extensions>
      </trkpt>
      <trkpt lat="31.02202654816210269927978515625" lon="121.42861909233033657073974609375">
        <ele>7.19999980926513671875</ele>
        <time>2026-05-11T12:44:59.000Z</time>
        <extensions>
          <ns3:TrackPointExtension>
            <ns3:hr>143</ns3:hr>
            <ns3:cad>82</ns3:cad>
          </ns3:TrackPointExtension>
        </extensions>
      </trkpt>
      <trkpt lat="31.022004000842571258544921875" lon="121.42862579785287380218505859375">
        <ele>7.19999980926513671875</ele>
        <time>2026-05-11T12:45:00.000Z</time>
        <extensions>
          <ns3:TrackPointExtension>
            <ns3:hr>143</ns3:hr>
            <ns3:cad>82</ns3:cad>
          </ns3:TrackPointExtension>
        </extensions>
      </trkpt>
      <trkpt lat="31.02198095060884952545166015625" lon="121.4286327548325061798095703125">
        <ele>7.19999980926513671875</ele>
        <time>2026-05-11T12:45:01.000Z</time>
        <extensions>
          <ns3:TrackPointExtension>
            <ns3:hr>142</ns3:hr>
            <ns3:cad>82</ns3:cad>
          </ns3:TrackPointExtension>
        </extensions>
      </trkpt>
      <trkpt lat="31.02196267805993556976318359375" lon="121.42864172346889972686767578125">
        <ele>7</ele>
        <time>2026-05-11T12:45:02.000Z</time>
        <extensions>
          <ns3:TrackPointExtension>
            <ns3:hr>142</ns3:hr>
            <ns3:cad>82</ns3:cad>
          </ns3:TrackPointExtension>
        </extensions>
      </trkpt>
      <trkpt lat="31.0219411365687847137451171875" lon="121.42865194939076900482177734375">
        <ele>7.19999980926513671875</ele>
        <time>2026-05-11T12:45:03.000Z</time>
        <extensions>
          <ns3:TrackPointExtension>
            <ns3:hr>142</ns3:hr>
            <ns3:cad>83</ns3:cad>
          </ns3:TrackPointExtension>
        </extensions>
      </trkpt>
      <trkpt lat="31.02192454040050506591796875" lon="121.42866544425487518310546875">
        <ele>7.19999980926513671875</ele>
        <time>2026-05-11T12:45:04.000Z</time>
        <extensions>
          <ns3:TrackPointExtension>
            <ns3:hr>141</ns3:hr>
            <ns3:cad>83</ns3:cad>
          </ns3:TrackPointExtension>
        </extensions>
      </trkpt>
      <trkpt lat="31.02190710604190826416015625" lon="121.4286800287663936614990234375">
        <ele>7.19999980926513671875</ele>
        <time>2026-05-11T12:45:05.000Z</time>
        <extensions>
          <ns3:TrackPointExtension>
            <ns3:hr>141</ns3:hr>
            <ns3:cad>82</ns3:cad>
          </ns3:TrackPointExtension>
        </extensions>
      </trkpt>
      <trkpt lat="31.02188824675977230072021484375" lon="121.4286931045353412628173828125">
        <ele>7.19999980926513671875</ele>
        <time>2026-05-11T12:45:06.000Z</time>
        <extensions>
          <ns3:TrackPointExtension>
            <ns3:hr>141</ns3:hr>
            <ns3:cad>82</ns3:cad>
          </ns3:TrackPointExtension>
        </extensions>
      </trkpt>
      <trkpt lat="31.02187332697212696075439453125" lon="121.42870995216071605682373046875">
        <ele>7.19999980926513671875</ele>
        <time>2026-05-11T12:45:07.000Z</time>
        <extensions>
          <ns3:TrackPointExtension>
            <ns3:hr>141</ns3:hr>
            <ns3:cad>83</ns3:cad>
          </ns3:TrackPointExtension>
        </extensions>
      </trkpt>
      <trkpt lat="31.02185572497546672821044921875" lon="121.42872713506221771240234375">
        <ele>7.19999980926513671875</ele>
        <time>2026-05-11T12:45:08.000Z</time>
        <extensions>
          <ns3:TrackPointExtension>
            <ns3:hr>140</ns3:hr>
            <ns3:cad>83</ns3:cad>
          </ns3:TrackPointExtension>
        </extensions>
      </trkpt>
      <trkpt lat="31.02183870971202850341796875" lon="121.42874850891530513763427734375">
        <ele>7</ele>
        <time>2026-05-11T12:45:09.000Z</time>
        <extensions>
          <ns3:TrackPointExtension>
            <ns3:hr>140</ns3:hr>
            <ns3:cad>83</ns3:cad>
          </ns3:TrackPointExtension>
        </extensions>
      </trkpt>
      <trkpt lat="31.02182789705693721771240234375" lon="121.4287695474922657012939453125">
        <ele>7.19999980926513671875</ele>
        <time>2026-05-11T12:45:10.000Z</time>
        <extensions>
          <ns3:TrackPointExtension>
            <ns3:hr>140</ns3:hr>
            <ns3:cad>83</ns3:cad>
          </ns3:TrackPointExtension>
        </extensions>
      </trkpt>
      <trkpt lat="31.02180828340351581573486328125" lon="121.42879561521112918853759765625">
        <ele>7.19999980926513671875</ele>
        <time>2026-05-11T12:45:11.000Z</time>
        <extensions>
          <ns3:TrackPointExtension>
            <ns3:hr>140</ns3:hr>
            <ns3:cad>83</ns3:cad>
          </ns3:TrackPointExtension>
        </extensions>
      </trkpt>
      <trkpt lat="31.02179470472037792205810546875" lon="121.42881673760712146759033203125">
        <ele>7.19999980926513671875</ele>
        <time>2026-05-11T12:45:12.000Z</time>
        <extensions>
          <ns3:TrackPointExtension>
            <ns3:hr>139</ns3:hr>
            <ns3:cad>83</ns3:cad>
          </ns3:TrackPointExtension>
        </extensions>
      </trkpt>
      <trkpt lat="31.02178028784692287445068359375" lon="121.42884322442114353179931640625">
        <ele>7.19999980926513671875</ele>
        <time>2026-05-11T12:45:13.000Z</time>
        <extensions>
          <ns3:TrackPointExtension>
            <ns3:hr>139</ns3:hr>
            <ns3:cad>83</ns3:cad>
          </ns3:TrackPointExtension>
        </extensions>
      </trkpt>
      <trkpt lat="31.02176486514508724212646484375" lon="121.428872309625148773193359375">
        <ele>7.19999980926513671875</ele>
        <time>2026-05-11T12:45:14.000Z</time>
        <extensions>
          <ns3:TrackPointExtension>
            <ns3:hr>139</ns3:hr>
            <ns3:cad>83</ns3:cad>
          </ns3:TrackPointExtension>
        </extensions>
      </trkpt>
      <trkpt lat="31.02176134474575519561767578125" lon="121.42889804206788539886474609375">
        <ele>7.19999980926513671875</ele>
        <time>2026-05-11T12:45:15.000Z</time>
        <extensions>
          <ns3:TrackPointExtension>
            <ns3:hr>139</ns3:hr>
            <ns3:cad>82</ns3:cad>
          </ns3:TrackPointExtension>
        </extensions>
      </trkpt>
      <trkpt lat="31.021751873195171356201171875" lon="121.42892687581479549407958984375">
        <ele>7.19999980926513671875</ele>
        <time>2026-05-11T12:45:16.000Z</time>
        <extensions>
          <ns3:TrackPointExtension>
            <ns3:hr>139</ns3:hr>
            <ns3:cad>82</ns3:cad>
          </ns3:TrackPointExtension>
        </extensions>
      </trkpt>
      <trkpt lat="31.02174558676779270172119140625" lon="121.428950093686580657958984375">
        <ele>7.400000095367431640625</ele>
        <time>2026-05-11T12:45:17.000Z</time>
        <extensions>
          <ns3:TrackPointExtension>
            <ns3:hr>138</ns3:hr>
            <ns3:cad>83</ns3:cad>
          </ns3:TrackPointExtension>
        </extensions>
      </trkpt>
      <trkpt lat="31.021741144359111785888671875" lon="121.42897984944283962249755859375">
        <ele>7.400000095367431640625</ele>
        <time>2026-05-11T12:45:18.000Z</time>
        <extensions>
          <ns3:TrackPointExtension>
            <ns3:hr>138</ns3:hr>
            <ns3:cad>83</ns3:cad>
          </ns3:TrackPointExtension>
        </extensions>
      </trkpt>
      <trkpt lat="31.0217361152172088623046875" lon="121.42900365404784679412841796875">
        <ele>7.400000095367431640625</ele>
        <time>2026-05-11T12:45:19.000Z</time>
        <extensions>
          <ns3:TrackPointExtension>
            <ns3:hr>138</ns3:hr>
            <ns3:cad>84</ns3:cad>
          </ns3:TrackPointExtension>
        </extensions>
      </trkpt>
      <trkpt lat="31.02173401974141597747802734375" lon="121.429026536643505096435546875">
        <ele>7.400000095367431640625</ele>
        <time>2026-05-11T12:45:20.000Z</time>
        <extensions>
          <ns3:TrackPointExtension>
            <ns3:hr>138</ns3:hr>
            <ns3:cad>84</ns3:cad>
          </ns3:TrackPointExtension>
        </extensions>
      </trkpt>
      <trkpt lat="31.0217289067804813385009765625" lon="121.4290528558194637298583984375">
        <ele>7.400000095367431640625</ele>
        <time>2026-05-11T12:45:21.000Z</time>
        <extensions>
          <ns3:TrackPointExtension>
            <ns3:hr>138</ns3:hr>
            <ns3:cad>84</ns3:cad>
          </ns3:TrackPointExtension>
        </extensions>
      </trkpt>
      <trkpt lat="31.02173200808465480804443359375" lon="121.429074816405773162841796875">
        <ele>7.400000095367431640625</ele>
        <time>2026-05-11T12:45:22.000Z</time>
        <extensions>
          <ns3:TrackPointExtension>
            <ns3:hr>138</ns3:hr>
            <ns3:cad>84</ns3:cad>
          </ns3:TrackPointExtension>
        </extensions>
      </trkpt>
      <trkpt lat="31.0217295773327350616455078125" lon="121.42910440452396869659423828125">
        <ele>7.400000095367431640625</ele>
        <time>2026-05-11T12:45:23.000Z</time>
        <extensions>
          <ns3:TrackPointExtension>
            <ns3:hr>138</ns3:hr>
            <ns3:cad>85</ns3:cad>
          </ns3:TrackPointExtension>
        </extensions>
      </trkpt>
      <trkpt lat="31.021729744970798492431640625" lon="121.42912904731929302215576171875">
        <ele>7.19999980926513671875</ele>
        <time>2026-05-11T12:45:24.000Z</time>
        <extensions>
          <ns3:TrackPointExtension>
            <ns3:hr>138</ns3:hr>
            <ns3:cad>85</ns3:cad>
          </ns3:TrackPointExtension>
        </extensions>
      </trkpt>
      <trkpt lat="31.02173678576946258544921875" lon="121.42915821634232997894287109375">
        <ele>7.19999980926513671875</ele>
        <time>2026-05-11T12:45:25.000Z</time>
        <extensions>
          <ns3:TrackPointExtension>
            <ns3:hr>138</ns3:hr>
            <ns3:cad>84</ns3:cad>
          </ns3:TrackPointExtension>
        </extensions>
      </trkpt>
      <trkpt lat="31.021738462150096893310546875" lon="121.42918520607054233551025390625">
        <ele>7.19999980926513671875</ele>
        <time>2026-05-11T12:45:26.000Z</time>
        <extensions>
          <ns3:TrackPointExtension>
            <ns3:hr>138</ns3:hr>
            <ns3:cad>84</ns3:cad>
          </ns3:TrackPointExtension>
        </extensions>
      </trkpt>
      <trkpt lat="31.02174776606261730194091796875" lon="121.42921018414199352264404296875">
        <ele>7.19999980926513671875</ele>
        <time>2026-05-11T12:45:27.000Z</time>
        <extensions>
          <ns3:TrackPointExtension>
            <ns3:hr>138</ns3:hr>
            <ns3:cad>84</ns3:cad>
          </ns3:TrackPointExtension>
        </extensions>
      </trkpt>
      <trkpt lat="31.02175413630902767181396484375" lon="121.429238431155681610107421875">
        <ele>7.19999980926513671875</ele>
        <time>2026-05-11T12:45:28.000Z</time>
        <extensions>
          <ns3:TrackPointExtension>
            <ns3:hr>138</ns3:hr>
            <ns3:cad>84</ns3:cad>
          </ns3:TrackPointExtension>
        </extensions>
      </trkpt>
      <trkpt lat="31.02176235057413578033447265625" lon="121.4292563684284687042236328125">
        <ele>7.19999980926513671875</ele>
        <time>2026-05-11T12:45:29.000Z</time>
        <extensions>
          <ns3:TrackPointExtension>
            <ns3:hr>138</ns3:hr>
            <ns3:cad>84</ns3:cad>
          </ns3:TrackPointExtension>
        </extensions>
      </trkpt>
      <trkpt lat="31.021771989762783050537109375" lon="121.42927967011928558349609375">
        <ele>7.19999980926513671875</ele>
        <time>2026-05-11T12:45:30.000Z</time>
        <extensions>
          <ns3:TrackPointExtension>
            <ns3:hr>138</ns3:hr>
            <ns3:cad>84</ns3:cad>
          </ns3:TrackPointExtension>
        </extensions>
      </trkpt>
      <trkpt lat="31.02178246714174747467041015625" lon="121.42930456437170505523681640625">
        <ele>7.19999980926513671875</ele>
        <time>2026-05-11T12:45:31.000Z</time>
        <extensions>
          <ns3:TrackPointExtension>
            <ns3:hr>138</ns3:hr>
            <ns3:cad>84</ns3:cad>
          </ns3:TrackPointExtension>
        </extensions>
      </trkpt>
      <trkpt lat="31.0217969678342342376708984375" lon="121.42932258546352386474609375">
        <ele>7.19999980926513671875</ele>
        <time>2026-05-11T12:45:32.000Z</time>
        <extensions>
          <ns3:TrackPointExtension>
            <ns3:hr>138</ns3:hr>
            <ns3:cad>83</ns3:cad>
          </ns3:TrackPointExtension>
        </extensions>
      </trkpt>
      <trkpt lat="31.02181079797446727752685546875" lon="121.4293442107737064361572265625">
        <ele>7.19999980926513671875</ele>
        <time>2026-05-11T12:45:33.000Z</time>
        <extensions>
          <ns3:TrackPointExtension>
            <ns3:hr>138</ns3:hr>
            <ns3:cad>83</ns3:cad>
          </ns3:TrackPointExtension>
        </extensions>
      </trkpt>
      <trkpt lat="31.02182320319116115570068359375" lon="121.42936709336936473846435546875">
        <ele>7.19999980926513671875</ele>
        <time>2026-05-11T12:45:34.000Z</time>
        <extensions>
          <ns3:TrackPointExtension>
            <ns3:hr>138</ns3:hr>
            <ns3:cad>83</ns3:cad>
          </ns3:TrackPointExtension>
        </extensions>
      </trkpt>
      <trkpt lat="31.021841727197170257568359375" lon="121.42938100732862949371337890625">
        <ele>7.19999980926513671875</ele>
        <time>2026-05-11T12:45:35.000Z</time>
        <extensions>
          <ns3:TrackPointExtension>
            <ns3:hr>137</ns3:hr>
            <ns3:cad>82</ns3:cad>
          </ns3:TrackPointExtension>
        </extensions>
      </trkpt>
      <trkpt lat="31.02185773663222789764404296875" lon="121.4294012077152729034423828125">
        <ele>7.19999980926513671875</ele>
        <time>2026-05-11T12:45:36.000Z</time>
        <extensions>
          <ns3:TrackPointExtension>
            <ns3:hr>137</ns3:hr>
            <ns3:cad>81</ns3:cad>
          </ns3:TrackPointExtension>
        </extensions>
      </trkpt>
      <trkpt lat="31.02187148295342922210693359375" lon="121.42941822297871112823486328125">
        <ele>7.19999980926513671875</ele>
        <time>2026-05-11T12:45:37.000Z</time>
        <extensions>
          <ns3:TrackPointExtension>
            <ns3:hr>137</ns3:hr>
            <ns3:cad>81</ns3:cad>
          </ns3:TrackPointExtension>
        </extensions>
      </trkpt>
      <trkpt lat="31.02189227007329463958740234375" lon="121.42943180166184902191162109375">
        <ele>7.19999980926513671875</ele>
        <time>2026-05-11T12:45:38.000Z</time>
        <extensions>
          <ns3:TrackPointExtension>
            <ns3:hr>137</ns3:hr>
            <ns3:cad>81</ns3:cad>
          </ns3:TrackPointExtension>
        </extensions>
      </trkpt>
      <trkpt lat="31.02191112935543060302734375" lon="121.42945309169590473175048828125">
        <ele>7.19999980926513671875</ele>
        <time>2026-05-11T12:45:39.000Z</time>
        <extensions>
          <ns3:TrackPointExtension>
            <ns3:hr>136</ns3:hr>
            <ns3:cad>80</ns3:cad>
          </ns3:TrackPointExtension>
        </extensions>
      </trkpt>
      <trkpt lat="31.02192730642855167388916015625" lon="121.42946281470358371734619140625">
        <ele>7.19999980926513671875</ele>
        <time>2026-05-11T12:45:40.000Z</time>
        <extensions>
          <ns3:TrackPointExtension>
            <ns3:hr>136</ns3:hr>
            <ns3:cad>80</ns3:cad>
          </ns3:TrackPointExtension>
        </extensions>
      </trkpt>
      <trkpt lat="31.02195136249065399169921875" lon="121.42947019077837467193603515625">
        <ele>7.19999980926513671875</ele>
        <time>2026-05-11T12:45:41.000Z</time>
        <extensions>
          <ns3:TrackPointExtension>
            <ns3:hr>136</ns3:hr>
            <ns3:cad>80</ns3:cad>
          </ns3:TrackPointExtension>
        </extensions>
      </trkpt>
      <trkpt lat="31.0219729878008365631103515625" lon="121.42948410473763942718505859375">
        <ele>7.19999980926513671875</ele>
        <time>2026-05-11T12:45:42.000Z</time>
        <extensions>
          <ns3:TrackPointExtension>
            <ns3:hr>137</ns3:hr>
            <ns3:cad>80</ns3:cad>
          </ns3:TrackPointExtension>
        </extensions>
      </trkpt>
      <trkpt lat="31.02199771441519260406494140625" lon="121.42948888242244720458984375">
        <ele>7.19999980926513671875</ele>
        <time>2026-05-11T12:45:43.000Z</time>
        <extensions>
          <ns3:TrackPointExtension>
            <ns3:hr>136</ns3:hr>
            <ns3:cad>82</ns3:cad>
          </ns3:TrackPointExtension>
        </extensions>
      </trkpt>
      <trkpt lat="31.0220266319811344146728515625" lon="121.4294991083443164825439453125">
        <ele>7.19999980926513671875</ele>
        <time>2026-05-11T12:45:44.000Z</time>
        <extensions>
          <ns3:TrackPointExtension>
            <ns3:hr>136</ns3:hr>
            <ns3:cad>83</ns3:cad>
          </ns3:TrackPointExtension>
        </extensions>
      </trkpt>
      <trkpt lat="31.022051274776458740234375" lon="121.42950271256268024444580078125">
        <ele>7.19999980926513671875</ele>
        <time>2026-05-11T12:45:45.000Z</time>
        <extensions>
          <ns3:TrackPointExtension>
            <ns3:hr>136</ns3:hr>
            <ns3:cad>83</ns3:cad>
          </ns3:TrackPointExtension>
        </extensions>
      </trkpt>
      <trkpt lat="31.022073738276958465576171875" lon="121.42950539477169513702392578125">
        <ele>7.19999980926513671875</ele>
        <time>2026-05-11T12:45:46.000Z</time>
        <extensions>
          <ns3:TrackPointExtension>
            <ns3:hr>136</ns3:hr>
            <ns3:cad>83</ns3:cad>
          </ns3:TrackPointExtension>
        </extensions>
      </trkpt>
      <trkpt lat="31.022099219262599945068359375" lon="121.429508663713932037353515625">
        <ele>7.19999980926513671875</ele>
        <time>2026-05-11T12:45:47.000Z</time>
        <extensions>
          <ns3:TrackPointExtension>
            <ns3:hr>136</ns3:hr>
            <ns3:cad>84</ns3:cad>
          </ns3:TrackPointExtension>
        </extensions>
      </trkpt>
      <trkpt lat="31.0221245326101779937744140625" lon="121.42950757406651973724365234375">
        <ele>7.19999980926513671875</ele>
        <time>2026-05-11T12:45:48.000Z</time>
        <extensions>
          <ns3:TrackPointExtension>
            <ns3:hr>136</ns3:hr>
            <ns3:cad>83</ns3:cad>
          </ns3:TrackPointExtension>
        </extensions>
      </trkpt>
      <trkpt lat="31.022152192890644073486328125" lon="121.4295068196952342987060546875">
        <ele>7.19999980926513671875</ele>
        <time>2026-05-11T12:45:49.000Z</time>
        <extensions>
          <ns3:TrackPointExtension>
            <ns3:hr>136</ns3:hr>
            <ns3:cad>83</ns3:cad>
          </ns3:TrackPointExtension>
        </extensions>
      </trkpt>
      <trkpt lat="31.02217356674373149871826171875" lon="121.4294981025159358978271484375">
        <ele>7.19999980926513671875</ele>
        <time>2026-05-11T12:45:50.000Z</time>
        <extensions>
          <ns3:TrackPointExtension>
            <ns3:hr>136</ns3:hr>
            <ns3:cad>83</ns3:cad>
          </ns3:TrackPointExtension>
        </extensions>
      </trkpt>
      <trkpt lat="31.02219418622553348541259765625" lon="121.4294910617172718048095703125">
        <ele>7.19999980926513671875</ele>
        <time>2026-05-11T12:45:51.000Z</time>
        <extensions>
          <ns3:TrackPointExtension>
            <ns3:hr>135</ns3:hr>
            <ns3:cad>82</ns3:cad>
          </ns3:TrackPointExtension>
        </extensions>
      </trkpt>
      <trkpt lat="31.0222204215824604034423828125" lon="121.4294913969933986663818359375">
        <ele>7.400000095367431640625</ele>
        <time>2026-05-11T12:45:52.000Z</time>
        <extensions>
          <ns3:TrackPointExtension>
            <ns3:hr>135</ns3:hr>
            <ns3:cad>82</ns3:cad>
          </ns3:TrackPointExtension>
        </extensions>
      </trkpt>
      <trkpt lat="31.02223693393170833587646484375" lon="121.429483853280544281005859375">
        <ele>7.400000095367431640625</ele>
        <time>2026-05-11T12:45:53.000Z</time>
        <extensions>
          <ns3:TrackPointExtension>
            <ns3:hr>135</ns3:hr>
            <ns3:cad>82</ns3:cad>
          </ns3:TrackPointExtension>
        </extensions>
      </trkpt>
      <trkpt lat="31.022257469594478607177734375" lon="121.4294779859483242034912109375">
        <ele>7.400000095367431640625</ele>
        <time>2026-05-11T12:45:54.000Z</time>
        <extensions>
          <ns3:TrackPointExtension>
            <ns3:hr>136</ns3:hr>
            <ns3:cad>82</ns3:cad>
          </ns3:TrackPointExtension>
        </extensions>
      </trkpt>
      <trkpt lat="31.0222784243524074554443359375" lon="121.42947278916835784912109375">
        <ele>7.19999980926513671875</ele>
        <time>2026-05-11T12:45:55.000Z</time>
        <extensions>
          <ns3:TrackPointExtension>
            <ns3:hr>136</ns3:hr>
            <ns3:cad>83</ns3:cad>
          </ns3:TrackPointExtension>
        </extensions>
      </trkpt>
      <trkpt lat="31.02230013348162174224853515625" lon="121.42946365289390087127685546875">
        <ele>7.19999980926513671875</ele>
        <time>2026-05-11T12:45:56.000Z</time>
        <extensions>
          <ns3:TrackPointExtension>
            <ns3:hr>136</ns3:hr>
            <ns3:cad>84</ns3:cad>
          </ns3:TrackPointExtension>
        </extensions>
      </trkpt>
      <trkpt lat="31.0223256982862949371337890625" lon="121.42946113832294940948486328125">
        <ele>7.19999980926513671875</ele>
        <time>2026-05-11T12:45:57.000Z</time>
        <extensions>
          <ns3:TrackPointExtension>
            <ns3:hr>137</ns3:hr>
            <ns3:cad>84</ns3:cad>
          </ns3:TrackPointExtension>
        </extensions>
      </trkpt>
      <trkpt lat="31.0223451443016529083251953125" lon="121.429452002048492431640625">
        <ele>7.19999980926513671875</ele>
        <time>2026-05-11T12:45:58.000Z</time>
        <extensions>
          <ns3:TrackPointExtension>
            <ns3:hr>136</ns3:hr>
            <ns3:cad>84</ns3:cad>
          </ns3:TrackPointExtension>
        </extensions>
      </trkpt>
      <trkpt lat="31.0223699547350406646728515625" lon="121.4294474758207798004150390625">
        <ele>7.19999980926513671875</ele>
        <time>2026-05-11T12:45:59.000Z</time>
        <extensions>
          <ns3:TrackPointExtension>
            <ns3:hr>136</ns3:hr>
            <ns3:cad>84</ns3:cad>
          </ns3:TrackPointExtension>
        </extensions>
      </trkpt>
      <trkpt lat="31.02238998748362064361572265625" lon="121.42943901009857654571533203125">
        <ele>7.19999980926513671875</ele>
        <time>2026-05-11T12:46:00.000Z</time>
        <extensions>
          <ns3:TrackPointExtension>
            <ns3:hr>137</ns3:hr>
            <ns3:cad>84</ns3:cad>
          </ns3:TrackPointExtension>
        </extensions>
      </trkpt>
      <trkpt lat="31.0224128700792789459228515625" lon="121.4294317178428173065185546875">
        <ele>7.19999980926513671875</ele>
        <time>2026-05-11T12:46:01.000Z</time>
        <extensions>
          <ns3:TrackPointExtension>
            <ns3:hr>137</ns3:hr>
            <ns3:cad>84</ns3:cad>
          </ns3:TrackPointExtension>
        </extensions>
      </trkpt>
      <trkpt lat="31.022437848150730133056640625" lon="121.42942979000508785247802734375">
        <ele>7.19999980926513671875</ele>
        <time>2026-05-11T12:46:02.000Z</time>
        <extensions>
          <ns3:TrackPointExtension>
            <ns3:hr>137</ns3:hr>
            <ns3:cad>84</ns3:cad>
          </ns3:TrackPointExtension>
        </extensions>
      </trkpt>
      <trkpt lat="31.0224614851176738739013671875" lon="121.42942425794899463653564453125">
        <ele>7.19999980926513671875</ele>
        <time>2026-05-11T12:46:03.000Z</time>
        <extensions>
          <ns3:TrackPointExtension>
            <ns3:hr>138</ns3:hr>
            <ns3:cad>84</ns3:cad>
          </ns3:TrackPointExtension>
        </extensions>
      </trkpt>
      <trkpt lat="31.0224844515323638916015625" lon="121.42941788770258426666259765625">
        <ele>7.19999980926513671875</ele>
        <time>2026-05-11T12:46:04.000Z</time>
        <extensions>
          <ns3:TrackPointExtension>
            <ns3:hr>138</ns3:hr>
            <ns3:cad>84</ns3:cad>
          </ns3:TrackPointExtension>
        </extensions>
      </trkpt>
      <trkpt lat="31.0225084237754344940185546875" lon="121.42941512167453765869140625">
        <ele>7.19999980926513671875</ele>
        <time>2026-05-11T12:46:05.000Z</time>
        <extensions>
          <ns3:TrackPointExtension>
            <ns3:hr>138</ns3:hr>
            <ns3:cad>84</ns3:cad>
          </ns3:TrackPointExtension>
        </extensions>
      </trkpt>
      <trkpt lat="31.02252795360982418060302734375" lon="121.429406739771366119384765625">
        <ele>7.19999980926513671875</ele>
        <time>2026-05-11T12:46:06.000Z</time>
        <extensions>
          <ns3:TrackPointExtension>
            <ns3:hr>138</ns3:hr>
            <ns3:cad>84</ns3:cad>
          </ns3:TrackPointExtension>
        </extensions>
      </trkpt>
      <trkpt lat="31.02255578152835369110107421875" lon="121.42940363846719264984130859375">
        <ele>7.19999980926513671875</ele>
        <time>2026-05-11T12:46:07.000Z</time>
        <extensions>
          <ns3:TrackPointExtension>
            <ns3:hr>138</ns3:hr>
            <ns3:cad>83</ns3:cad>
          </ns3:TrackPointExtension>
        </extensions>
      </trkpt>
      <trkpt lat="31.02257497608661651611328125" lon="121.4293955080211162567138671875">
        <ele>7.19999980926513671875</ele>
        <time>2026-05-11T12:46:08.000Z</time>
        <extensions>
          <ns3:TrackPointExtension>
            <ns3:hr>138</ns3:hr>
            <ns3:cad>82</ns3:cad>
          </ns3:TrackPointExtension>
        </extensions>
      </trkpt>
      <trkpt lat="31.022598110139369964599609375" lon="121.4293884672224521636962890625">
        <ele>7.19999980926513671875</ele>
        <time>2026-05-11T12:46:09.000Z</time>
        <extensions>
          <ns3:TrackPointExtension>
            <ns3:hr>138</ns3:hr>
            <ns3:cad>82</ns3:cad>
          </ns3:TrackPointExtension>
        </extensions>
      </trkpt>
      <trkpt lat="31.02262233383953571319580078125" lon="121.42938687466084957122802734375">
        <ele>7.19999980926513671875</ele>
        <time>2026-05-11T12:46:10.000Z</time>
        <extensions>
          <ns3:TrackPointExtension>
            <ns3:hr>138</ns3:hr>
            <ns3:cad>82</ns3:cad>
          </ns3:TrackPointExtension>
        </extensions>
      </trkpt>
      <trkpt lat="31.02264337241649627685546875" lon="121.4293794147670269012451171875">
        <ele>7.19999980926513671875</ele>
        <time>2026-05-11T12:46:11.000Z</time>
        <extensions>
          <ns3:TrackPointExtension>
            <ns3:hr>138</ns3:hr>
            <ns3:cad>83</ns3:cad>
          </ns3:TrackPointExtension>
        </extensions>
      </trkpt>
      <trkpt lat="31.02266642265021800994873046875" lon="121.42937530763447284698486328125">
        <ele>7.19999980926513671875</ele>
        <time>2026-05-11T12:46:12.000Z</time>
        <extensions>
          <ns3:TrackPointExtension>
            <ns3:hr>138</ns3:hr>
            <ns3:cad>83</ns3:cad>
          </ns3:TrackPointExtension>
        </extensions>
      </trkpt>
      <trkpt lat="31.02268570102751255035400390625" lon="121.429364494979381561279296875">
        <ele>7.19999980926513671875</ele>
        <time>2026-05-11T12:46:13.000Z</time>
        <extensions>
          <ns3:TrackPointExtension>
            <ns3:hr>139</ns3:hr>
            <ns3:cad>83</ns3:cad>
          </ns3:TrackPointExtension>
        </extensions>
      </trkpt>
      <trkpt lat="31.0227062366902828216552734375" lon="121.42935477197170257568359375">
        <ele>7.19999980926513671875</ele>
        <time>2026-05-11T12:46:14.000Z</time>
        <extensions>
          <ns3:TrackPointExtension>
            <ns3:hr>138</ns3:hr>
            <ns3:cad>83</ns3:cad>
          </ns3:TrackPointExtension>
        </extensions>
      </trkpt>
      <trkpt lat="31.0227290354669094085693359375" lon="121.4293519221246242523193359375">
        <ele>7.19999980926513671875</ele>
        <time>2026-05-11T12:46:15.000Z</time>
        <extensions>
          <ns3:TrackPointExtension>
            <ns3:hr>138</ns3:hr>
            <ns3:cad>83</ns3:cad>
          </ns3:TrackPointExtension>
        </extensions>
      </trkpt>
      <trkpt lat="31.022748313844203948974609375" lon="121.42934630624949932098388671875">
        <ele>7.19999980926513671875</ele>
        <time>2026-05-11T12:46:16.000Z</time>
        <extensions>
          <ns3:TrackPointExtension>
            <ns3:hr>139</ns3:hr>
            <ns3:cad>83</ns3:cad>
          </ns3:TrackPointExtension>
        </extensions>
      </trkpt>
      <trkpt lat="31.02277253754436969757080078125" lon="121.42934404313564300537109375">
        <ele>7.19999980926513671875</ele>
        <time>2026-05-11T12:46:17.000Z</time>
        <extensions>
          <ns3:TrackPointExtension>
            <ns3:hr>138</ns3:hr>
            <ns3:cad>83</ns3:cad>
          </ns3:TrackPointExtension>
        </extensions>
      </trkpt>
      <trkpt lat="31.0227910615503787994384765625" lon="121.42933708615601062774658203125">
        <ele>7.19999980926513671875</ele>
        <time>2026-05-11T12:46:18.000Z</time>
        <extensions>
          <ns3:TrackPointExtension>
            <ns3:hr>138</ns3:hr>
            <ns3:cad>83</ns3:cad>
          </ns3:TrackPointExtension>
        </extensions>
      </trkpt>
      <trkpt lat="31.02281612344086170196533203125" lon="121.4293301291763782501220703125">
        <ele>7.19999980926513671875</ele>
        <time>2026-05-11T12:46:19.000Z</time>
        <extensions>
          <ns3:TrackPointExtension>
            <ns3:hr>138</ns3:hr>
            <ns3:cad>85</ns3:cad>
          </ns3:TrackPointExtension>
        </extensions>
      </trkpt>
      <trkpt lat="31.0228390060365200042724609375" lon="121.4293220825493335723876953125">
        <ele>7.19999980926513671875</ele>
        <time>2026-05-11T12:46:20.000Z</time>
        <extensions>
          <ns3:TrackPointExtension>
            <ns3:hr>138</ns3:hr>
            <ns3:cad>85</ns3:cad>
          </ns3:TrackPointExtension>
        </extensions>
      </trkpt>
      <trkpt lat="31.02286423556506633758544921875" lon="121.4293160475790500640869140625">
        <ele>7.19999980926513671875</ele>
        <time>2026-05-11T12:46:21.000Z</time>
        <extensions>
          <ns3:TrackPointExtension>
            <ns3:hr>138</ns3:hr>
            <ns3:cad>85</ns3:cad>
          </ns3:TrackPointExtension>
        </extensions>
      </trkpt>
      <trkpt lat="31.0228948295116424560546875" lon="121.4293160475790500640869140625">
        <ele>7.19999980926513671875</ele>
        <time>2026-05-11T12:46:22.000Z</time>
        <extensions>
          <ns3:TrackPointExtension>
            <ns3:hr>138</ns3:hr>
            <ns3:cad>85</ns3:cad>
          </ns3:TrackPointExtension>
        </extensions>
      </trkpt>
      <trkpt lat="31.0229136049747467041015625" lon="121.4293086715042591094970703125">
        <ele>7.19999980926513671875</ele>
        <time>2026-05-11T12:46:23.000Z</time>
        <extensions>
          <ns3:TrackPointExtension>
            <ns3:hr>138</ns3:hr>
            <ns3:cad>85</ns3:cad>
          </ns3:TrackPointExtension>
        </extensions>
      </trkpt>
      <trkpt lat="31.0229404270648956298828125" lon="121.429300121963024139404296875">
        <ele>7.19999980926513671875</ele>
        <time>2026-05-11T12:46:24.000Z</time>
        <extensions>
          <ns3:TrackPointExtension>
            <ns3:hr>138</ns3:hr>
            <ns3:cad>85</ns3:cad>
          </ns3:TrackPointExtension>
        </extensions>
      </trkpt>
      <trkpt lat="31.02295853197574615478515625" lon="121.42929039895534515380859375">
        <ele>7.19999980926513671875</ele>
        <time>2026-05-11T12:46:25.000Z</time>
        <extensions>
          <ns3:TrackPointExtension>
            <ns3:hr>138</ns3:hr>
            <ns3:cad>85</ns3:cad>
          </ns3:TrackPointExtension>
        </extensions>
      </trkpt>
      <trkpt lat="31.02297864854335784912109375" lon="121.42927656881511211395263671875">
        <ele>7.19999980926513671875</ele>
        <time>2026-05-11T12:46:26.000Z</time>
        <extensions>
          <ns3:TrackPointExtension>
            <ns3:hr>139</ns3:hr>
            <ns3:cad>85</ns3:cad>
          </ns3:TrackPointExtension>
        </extensions>
      </trkpt>
      <trkpt lat="31.02299918420612812042236328125" lon="121.42926516942679882049560546875">
        <ele>7.19999980926513671875</ele>
        <time>2026-05-11T12:46:27.000Z</time>
        <extensions>
          <ns3:TrackPointExtension>
            <ns3:hr>138</ns3:hr>
            <ns3:cad>85</ns3:cad>
          </ns3:TrackPointExtension>
        </extensions>
      </trkpt>
      <trkpt lat="31.023016870021820068359375" lon="121.4292521774768829345703125">
        <ele>7.19999980926513671875</ele>
        <time>2026-05-11T12:46:28.000Z</time>
        <extensions>
          <ns3:TrackPointExtension>
            <ns3:hr>138</ns3:hr>
            <ns3:cad>85</ns3:cad>
          </ns3:TrackPointExtension>
        </extensions>
      </trkpt>
      <trkpt lat="31.0230398364365100860595703125" lon="121.42923851497471332550048828125">
        <ele>7.19999980926513671875</ele>
        <time>2026-05-11T12:46:29.000Z</time>
        <extensions>
          <ns3:TrackPointExtension>
            <ns3:hr>139</ns3:hr>
            <ns3:cad>85</ns3:cad>
          </ns3:TrackPointExtension>
        </extensions>
      </trkpt>
      <trkpt lat="31.023052744567394256591796875" lon="121.42922309227287769317626953125">
        <ele>7.19999980926513671875</ele>
        <time>2026-05-11T12:46:30.000Z</time>
        <extensions>
          <ns3:TrackPointExtension>
            <ns3:hr>139</ns3:hr>
            <ns3:cad>85</ns3:cad>
          </ns3:TrackPointExtension>
        </extensions>
      </trkpt>
      <trkpt lat="31.02307344786822795867919921875" lon="121.429199874401092529296875">
        <ele>7.400000095367431640625</ele>
        <time>2026-05-11T12:46:31.000Z</time>
        <extensions>
          <ns3:TrackPointExtension>
            <ns3:hr>139</ns3:hr>
            <ns3:cad>85</ns3:cad>
          </ns3:TrackPointExtension>
        </extensions>
      </trkpt>
      <trkpt lat="31.02308861911296844482421875" lon="121.4291816018521785736083984375">
        <ele>7.400000095367431640625</ele>
        <time>2026-05-11T12:46:32.000Z</time>
        <extensions>
          <ns3:TrackPointExtension>
            <ns3:hr>139</ns3:hr>
            <ns3:cad>85</ns3:cad>
          </ns3:TrackPointExtension>
        </extensions>
      </trkpt>
      <trkpt lat="31.023103035986423492431640625" lon="121.42916031181812286376953125">
        <ele>7.400000095367431640625</ele>
        <time>2026-05-11T12:46:33.000Z</time>
        <extensions>
          <ns3:TrackPointExtension>
            <ns3:hr>140</ns3:hr>
            <ns3:cad>85</ns3:cad>
          </ns3:TrackPointExtension>
        </extensions>
      </trkpt>
      <trkpt lat="31.0231172852218151092529296875" lon="121.42913885414600372314453125">
        <ele>7.19999980926513671875</ele>
        <time>2026-05-11T12:46:34.000Z</time>
        <extensions>
          <ns3:TrackPointExtension>
            <ns3:hr>139</ns3:hr>
            <ns3:cad>85</ns3:cad>
          </ns3:TrackPointExtension>
        </extensions>
      </trkpt>
      <trkpt lat="31.02312843315303325653076171875" lon="121.42911781556904315948486328125">
        <ele>7.19999980926513671875</ele>
        <time>2026-05-11T12:46:35.000Z</time>
        <extensions>
          <ns3:TrackPointExtension>
            <ns3:hr>140</ns3:hr>
            <ns3:cad>86</ns3:cad>
          </ns3:TrackPointExtension>
        </extensions>
      </trkpt>
      <trkpt lat="31.02314502932131290435791015625" lon="121.4290961064398288726806640625">
        <ele>7.19999980926513671875</ele>
        <time>2026-05-11T12:46:36.000Z</time>
        <extensions>
          <ns3:TrackPointExtension>
            <ns3:hr>140</ns3:hr>
            <ns3:cad>86</ns3:cad>
          </ns3:TrackPointExtension>
        </extensions>
      </trkpt>
      <trkpt lat="31.02315575815737247467041015625" lon="121.429076492786407470703125">
        <ele>7.19999980926513671875</ele>
        <time>2026-05-11T12:46:37.000Z</time>
        <extensions>
          <ns3:TrackPointExtension>
            <ns3:hr>140</ns3:hr>
            <ns3:cad>86</ns3:cad>
          </ns3:TrackPointExtension>
        </extensions>
      </trkpt>
      <trkpt lat="31.02316774427890777587890625" lon="121.42905344255268573760986328125">
        <ele>7.19999980926513671875</ele>
        <time>2026-05-11T12:46:38.000Z</time>
        <extensions>
          <ns3:TrackPointExtension>
            <ns3:hr>139</ns3:hr>
            <ns3:cad>85</ns3:cad>
          </ns3:TrackPointExtension>
        </extensions>
      </trkpt>
      <trkpt lat="31.02317570708692073822021484375" lon="121.4290370978415012359619140625">
        <ele>7.19999980926513671875</ele>
        <time>2026-05-11T12:46:39.000Z</time>
        <extensions>
          <ns3:TrackPointExtension>
            <ns3:hr>140</ns3:hr>
            <ns3:cad>85</ns3:cad>
          </ns3:TrackPointExtension>
        </extensions>
      </trkpt>
      <trkpt lat="31.02318157441914081573486328125" lon="121.4290142990648746490478515625">
        <ele>7.19999980926513671875</ele>
        <time>2026-05-11T12:46:40.000Z</time>
        <extensions>
          <ns3:TrackPointExtension>
            <ns3:hr>140</ns3:hr>
            <ns3:cad>84</ns3:cad>
          </ns3:TrackPointExtension>
        </extensions>
      </trkpt>
      <trkpt lat="31.02319129742681980133056640625" lon="121.42899292521178722381591796875">
        <ele>7.19999980926513671875</ele>
        <time>2026-05-11T12:46:41.000Z</time>
        <extensions>
          <ns3:TrackPointExtension>
            <ns3:hr>139</ns3:hr>
            <ns3:cad>84</ns3:cad>
          </ns3:TrackPointExtension>
        </extensions>
      </trkpt>
      <trkpt lat="31.0231943987309932708740234375" lon="121.4289653487503528594970703125">
        <ele>7.19999980926513671875</ele>
        <time>2026-05-11T12:46:42.000Z</time>
        <extensions>
          <ns3:TrackPointExtension>
            <ns3:hr>140</ns3:hr>
            <ns3:cad>84</ns3:cad>
          </ns3:TrackPointExtension>
        </extensions>
      </trkpt>
      <trkpt lat="31.0232017748057842254638671875" lon="121.4289331622421741485595703125">
        <ele>7.19999980926513671875</ele>
        <time>2026-05-11T12:46:43.000Z</time>
        <extensions>
          <ns3:TrackPointExtension>
            <ns3:hr>140</ns3:hr>
            <ns3:cad>84</ns3:cad>
          </ns3:TrackPointExtension>
        </extensions>
      </trkpt>
      <trkpt lat="31.02320395410060882568359375" lon="121.42890223301947116851806640625">
        <ele>7.19999980926513671875</ele>
        <time>2026-05-11T12:46:44.000Z</time>
        <extensions>
          <ns3:TrackPointExtension>
            <ns3:hr>139</ns3:hr>
            <ns3:cad>84</ns3:cad>
          </ns3:TrackPointExtension>
        </extensions>
      </trkpt>
      <trkpt lat="31.02320395410060882568359375" lon="121.42887121997773647308349609375">
        <ele>7.19999980926513671875</ele>
        <time>2026-05-11T12:46:45.000Z</time>
        <extensions>
          <ns3:TrackPointExtension>
            <ns3:hr>139</ns3:hr>
            <ns3:cad>84</ns3:cad>
          </ns3:TrackPointExtension>
        </extensions>
      </trkpt>
      <trkpt lat="31.02320185862481594085693359375" lon="121.4288399554789066314697265625">
        <ele>7.19999980926513671875</ele>
        <time>2026-05-11T12:46:46.000Z</time>
        <extensions>
          <ns3:TrackPointExtension>
            <ns3:hr>139</ns3:hr>
            <ns3:cad>84</ns3:cad>
          </ns3:TrackPointExtension>
        </extensions>
      </trkpt>
      <trkpt lat="31.02319817058742046356201171875" lon="121.4288158155977725982666015625">
        <ele>7.19999980926513671875</ele>
        <time>2026-05-11T12:46:47.000Z</time>
        <extensions>
          <ns3:TrackPointExtension>
            <ns3:hr>140</ns3:hr>
            <ns3:cad>85</ns3:cad>
          </ns3:TrackPointExtension>
        </extensions>
      </trkpt>
      <trkpt lat="31.02319230325520038604736328125" lon="121.428785137832164764404296875">
        <ele>7.19999980926513671875</ele>
        <time>2026-05-11T12:46:48.000Z</time>
        <extensions>
          <ns3:TrackPointExtension>
            <ns3:hr>139</ns3:hr>
            <ns3:cad>85</ns3:cad>
          </ns3:TrackPointExtension>
        </extensions>
      </trkpt>
      <trkpt lat="31.0231860168278217315673828125" lon="121.42875873483717441558837890625">
        <ele>7.19999980926513671875</ele>
        <time>2026-05-11T12:46:49.000Z</time>
        <extensions>
          <ns3:TrackPointExtension>
            <ns3:hr>139</ns3:hr>
            <ns3:cad>85</ns3:cad>
          </ns3:TrackPointExtension>
        </extensions>
      </trkpt>
      <trkpt lat="31.02317922748625278472900390625" lon="121.42872872762382030487060546875">
        <ele>7.19999980926513671875</ele>
        <time>2026-05-11T12:46:50.000Z</time>
        <extensions>
          <ns3:TrackPointExtension>
            <ns3:hr>138</ns3:hr>
            <ns3:cad>85</ns3:cad>
          </ns3:TrackPointExtension>
        </extensions>
      </trkpt>
      <trkpt lat="31.0231689177453517913818359375" lon="121.42869737930595874786376953125">
        <ele>7.19999980926513671875</ele>
        <time>2026-05-11T12:46:51.000Z</time>
        <extensions>
          <ns3:TrackPointExtension>
            <ns3:hr>138</ns3:hr>
            <ns3:cad>85</ns3:cad>
          </ns3:TrackPointExtension>
        </extensions>
      </trkpt>
      <trkpt lat="31.0231603682041168212890625" lon="121.4286768436431884765625">
        <ele>7.19999980926513671875</ele>
        <time>2026-05-11T12:46:52.000Z</time>
        <extensions>
          <ns3:TrackPointExtension>
            <ns3:hr>138</ns3:hr>
            <ns3:cad>84</ns3:cad>
          </ns3:TrackPointExtension>
        </extensions>
      </trkpt>
      <trkpt lat="31.02314637042582035064697265625" lon="121.42865027301013469696044921875">
        <ele>7.19999980926513671875</ele>
        <time>2026-05-11T12:46:53.000Z</time>
        <extensions>
          <ns3:TrackPointExtension>
            <ns3:hr>138</ns3:hr>
            <ns3:cad>84</ns3:cad>
          </ns3:TrackPointExtension>
        </extensions>
      </trkpt>
      <trkpt lat="31.0231363959610462188720703125" lon="121.42862931825220584869384765625">
        <ele>7.19999980926513671875</ele>
        <time>2026-05-11T12:46:54.000Z</time>
        <extensions>
          <ns3:TrackPointExtension>
            <ns3:hr>138</ns3:hr>
            <ns3:cad>84</ns3:cad>
          </ns3:TrackPointExtension>
        </extensions>
      </trkpt>
      <trkpt lat="31.02312223054468631744384765625" lon="121.42860651947557926177978515625">
        <ele>7.19999980926513671875</ele>
        <time>2026-05-11T12:46:55.000Z</time>
        <extensions>
          <ns3:TrackPointExtension>
            <ns3:hr>138</ns3:hr>
            <ns3:cad>84</ns3:cad>
          </ns3:TrackPointExtension>
        </extensions>
      </trkpt>
      <trkpt lat="31.0231068916618824005126953125" lon="121.42858154140412807464599609375">
        <ele>7.19999980926513671875</ele>
        <time>2026-05-11T12:46:56.000Z</time>
        <extensions>
          <ns3:TrackPointExtension>
            <ns3:hr>138</ns3:hr>
            <ns3:cad>83</ns3:cad>
          </ns3:TrackPointExtension>
        </extensions>
      </trkpt>
      <trkpt lat="31.02309155277907848358154296875" lon="121.4285630173981189727783203125">
        <ele>7.19999980926513671875</ele>
        <time>2026-05-11T12:46:57.000Z</time>
        <extensions>
          <ns3:TrackPointExtension>
            <ns3:hr>138</ns3:hr>
            <ns3:cad>83</ns3:cad>
          </ns3:TrackPointExtension>
        </extensions>
      </trkpt>
      <trkpt lat="31.02307378314435482025146484375" lon="121.42854206264019012451171875">
        <ele>7.19999980926513671875</ele>
        <time>2026-05-11T12:46:58.000Z</time>
        <extensions>
          <ns3:TrackPointExtension>
            <ns3:hr>138</ns3:hr>
            <ns3:cad>83</ns3:cad>
          </ns3:TrackPointExtension>
        </extensions>
      </trkpt>
      <trkpt lat="31.0230576060712337493896484375" lon="121.42852655611932277679443359375">
        <ele>7.19999980926513671875</ele>
        <time>2026-05-11T12:46:59.000Z</time>
        <extensions>
          <ns3:TrackPointExtension>
            <ns3:hr>138</ns3:hr>
            <ns3:cad>85</ns3:cad>
          </ns3:TrackPointExtension>
        </extensions>
      </trkpt>
      <trkpt lat="31.0230364836752414703369140625" lon="121.42850493080914020538330078125">
        <ele>7.19999980926513671875</ele>
        <time>2026-05-11T12:47:00.000Z</time>
        <extensions>
          <ns3:TrackPointExtension>
            <ns3:hr>138</ns3:hr>
            <ns3:cad>86</ns3:cad>
          </ns3:TrackPointExtension>
        </extensions>
      </trkpt>
      <trkpt lat="31.02301879785954952239990234375" lon="121.428492777049541473388671875">
        <ele>7.19999980926513671875</ele>
        <time>2026-05-11T12:47:01.000Z</time>
        <extensions>
          <ns3:TrackPointExtension>
            <ns3:hr>138</ns3:hr>
            <ns3:cad>86</ns3:cad>
          </ns3:TrackPointExtension>
        </extensions>
      </trkpt>
      <trkpt lat="31.02299465797841548919677734375" lon="121.4284812100231647491455078125">
        <ele>7.19999980926513671875</ele>
        <time>2026-05-11T12:47:02.000Z</time>
        <extensions>
          <ns3:TrackPointExtension>
            <ns3:hr>138</ns3:hr>
            <ns3:cad>86</ns3:cad>
          </ns3:TrackPointExtension>
        </extensions>
      </trkpt>
      <trkpt lat="31.022974289953708648681640625" lon="121.4284689724445343017578125">
        <ele>7.19999980926513671875</ele>
        <time>2026-05-11T12:47:03.000Z</time>
        <extensions>
          <ns3:TrackPointExtension>
            <ns3:hr>138</ns3:hr>
            <ns3:cad>86</ns3:cad>
          </ns3:TrackPointExtension>
        </extensions>
      </trkpt>
      <trkpt lat="31.022952832281589508056640625" lon="121.42845891416072845458984375">
        <ele>7.19999980926513671875</ele>
        <time>2026-05-11T12:47:04.000Z</time>
        <extensions>
          <ns3:TrackPointExtension>
            <ns3:hr>138</ns3:hr>
            <ns3:cad>86</ns3:cad>
          </ns3:TrackPointExtension>
        </extensions>
      </trkpt>
      <trkpt lat="31.02292793802917003631591796875" lon="121.4284446649253368377685546875">
        <ele>7.19999980926513671875</ele>
        <time>2026-05-11T12:47:05.000Z</time>
        <extensions>
          <ns3:TrackPointExtension>
            <ns3:hr>138</ns3:hr>
            <ns3:cad>86</ns3:cad>
          </ns3:TrackPointExtension>
        </extensions>
      </trkpt>
      <trkpt lat="31.022906564176082611083984375" lon="121.42843879759311676025390625">
        <ele>7.19999980926513671875</ele>
        <time>2026-05-11T12:47:06.000Z</time>
        <extensions>
          <ns3:TrackPointExtension>
            <ns3:hr>138</ns3:hr>
            <ns3:cad>86</ns3:cad>
          </ns3:TrackPointExtension>
        </extensions>
      </trkpt>
      <trkpt lat="31.02288016118109226226806640625" lon="121.42842848785221576690673828125">
        <ele>7.19999980926513671875</ele>
        <time>2026-05-11T12:47:07.000Z</time>
        <extensions>
          <ns3:TrackPointExtension>
            <ns3:hr>138</ns3:hr>
            <ns3:cad>86</ns3:cad>
          </ns3:TrackPointExtension>
        </extensions>
      </trkpt>
      <trkpt lat="31.0228587873280048370361328125" lon="121.428427398204803466796875">
        <ele>7.19999980926513671875</ele>
        <time>2026-05-11T12:47:08.000Z</time>
        <extensions>
          <ns3:TrackPointExtension>
            <ns3:hr>138</ns3:hr>
            <ns3:cad>85</ns3:cad>
          </ns3:TrackPointExtension>
        </extensions>
      </trkpt>
      <trkpt lat="31.02283154614269733428955078125" lon="121.42842345871031284332275390625">
        <ele>7.19999980926513671875</ele>
        <time>2026-05-11T12:47:09.000Z</time>
        <extensions>
          <ns3:TrackPointExtension>
            <ns3:hr>138</ns3:hr>
            <ns3:cad>85</ns3:cad>
          </ns3:TrackPointExtension>
        </extensions>
      </trkpt>
      <trkpt lat="31.0228084959089756011962890625" lon="121.42842027358710765838623046875">
        <ele>7.19999980926513671875</ele>
        <time>2026-05-11T12:47:10.000Z</time>
        <extensions>
          <ns3:TrackPointExtension>
            <ns3:hr>139</ns3:hr>
            <ns3:cad>85</ns3:cad>
          </ns3:TrackPointExtension>
        </extensions>
      </trkpt>
      <trkpt lat="31.0227863676846027374267578125" lon="121.42842479981482028961181640625">
        <ele>7.19999980926513671875</ele>
        <time>2026-05-11T12:47:11.000Z</time>
        <extensions>
          <ns3:TrackPointExtension>
            <ns3:hr>139</ns3:hr>
            <ns3:cad>85</ns3:cad>
          </ns3:TrackPointExtension>
        </extensions>
      </trkpt>
      <trkpt lat="31.0227618925273418426513671875" lon="121.42842077650129795074462890625">
        <ele>7</ele>
        <time>2026-05-11T12:47:12.000Z</time>
        <extensions>
          <ns3:TrackPointExtension>
            <ns3:hr>139</ns3:hr>
            <ns3:cad>85</ns3:cad>
          </ns3:TrackPointExtension>
        </extensions>
      </trkpt>
      <trkpt lat="31.0227414406836032867431640625" lon="121.42842815257608890533447265625">
        <ele>7</ele>
        <time>2026-05-11T12:47:13.000Z</time>
        <extensions>
          <ns3:TrackPointExtension>
            <ns3:hr>140</ns3:hr>
            <ns3:cad>85</ns3:cad>
          </ns3:TrackPointExtension>
        </extensions>
      </trkpt>
      <trkpt lat="31.0227152891457080841064453125" lon="121.4284369535744190216064453125">
        <ele>7</ele>
        <time>2026-05-11T12:47:14.000Z</time>
        <extensions>
          <ns3:TrackPointExtension>
            <ns3:hr>140</ns3:hr>
            <ns3:cad>85</ns3:cad>
          </ns3:TrackPointExtension>
        </extensions>
      </trkpt>
      <trkpt lat="31.022692658007144927978515625" lon="121.42844659276306629180908203125">
        <ele>7</ele>
        <time>2026-05-11T12:47:15.000Z</time>
        <extensions>
          <ns3:TrackPointExtension>
            <ns3:hr>140</ns3:hr>
            <ns3:cad>84</ns3:cad>
          </ns3:TrackPointExtension>
        </extensions>
      </trkpt>
      <trkpt lat="31.02267094887793064117431640625" lon="121.42845530994236469268798828125">
        <ele>7</ele>
        <time>2026-05-11T12:47:16.000Z</time>
        <extensions>
          <ns3:TrackPointExtension>
            <ns3:hr>139</ns3:hr>
            <ns3:cad>84</ns3:cad>
          </ns3:TrackPointExtension>
        </extensions>
      </trkpt>
      <trkpt lat="31.0226438753306865692138671875" lon="121.4284580759704113006591796875">
        <ele>7</ele>
        <time>2026-05-11T12:47:17.000Z</time>
        <extensions>
          <ns3:TrackPointExtension>
            <ns3:hr>140</ns3:hr>
            <ns3:cad>84</ns3:cad>
          </ns3:TrackPointExtension>
        </extensions>
      </trkpt>
      <trkpt lat="31.0226254351437091827392578125" lon="121.42846402712166309356689453125">
        <ele>7.19999980926513671875</ele>
        <time>2026-05-11T12:47:18.000Z</time>
        <extensions>
          <ns3:TrackPointExtension>
            <ns3:hr>140</ns3:hr>
            <ns3:cad>84</ns3:cad>
          </ns3:TrackPointExtension>
        </extensions>
      </trkpt>
      <trkpt lat="31.02259802632033824920654296875" lon="121.42846838571131229400634765625">
        <ele>7.19999980926513671875</ele>
        <time>2026-05-11T12:47:19.000Z</time>
        <extensions>
          <ns3:TrackPointExtension>
            <ns3:hr>139</ns3:hr>
            <ns3:cad>84</ns3:cad>
          </ns3:TrackPointExtension>
        </extensions>
      </trkpt>
      <trkpt lat="31.02257765829563140869140625" lon="121.42847375012934207916259765625">
        <ele>7.19999980926513671875</ele>
        <time>2026-05-11T12:47:20.000Z</time>
        <extensions>
          <ns3:TrackPointExtension>
            <ns3:hr>140</ns3:hr>
            <ns3:cad>84</ns3:cad>
          </ns3:TrackPointExtension>
        </extensions>
      </trkpt>
      <trkpt lat="31.02255444042384624481201171875" lon="121.42848146148025989532470703125">
        <ele>7.19999980926513671875</ele>
        <time>2026-05-11T12:47:21.000Z</time>
        <extensions>
          <ns3:TrackPointExtension>
            <ns3:hr>140</ns3:hr>
            <ns3:cad>84</ns3:cad>
          </ns3:TrackPointExtension>
        </extensions>
      </trkpt>
      <trkpt lat="31.0225295461714267730712890625" lon="121.42848682589828968048095703125">
        <ele>7.19999980926513671875</ele>
        <time>2026-05-11T12:47:22.000Z</time>
        <extensions>
          <ns3:TrackPointExtension>
            <ns3:hr>139</ns3:hr>
            <ns3:cad>85</ns3:cad>
          </ns3:TrackPointExtension>
        </extensions>
      </trkpt>
      <trkpt lat="31.02251068688929080963134765625" lon="121.42849445343017578125">
        <ele>7.19999980926513671875</ele>
        <time>2026-05-11T12:47:23.000Z</time>
        <extensions>
          <ns3:TrackPointExtension>
            <ns3:hr>140</ns3:hr>
            <ns3:cad>85</ns3:cad>
          </ns3:TrackPointExtension>
        </extensions>
      </trkpt>
      <trkpt lat="31.0224844515323638916015625" lon="121.42849504016339778900146484375">
        <ele>7.19999980926513671875</ele>
        <time>2026-05-11T12:47:24.000Z</time>
        <extensions>
          <ns3:TrackPointExtension>
            <ns3:hr>140</ns3:hr>
            <ns3:cad>85</ns3:cad>
          </ns3:TrackPointExtension>
        </extensions>
      </trkpt>
      <trkpt lat="31.0224665142595767974853515625" lon="121.42850317060947418212890625">
        <ele>7</ele>
        <time>2026-05-11T12:47:25.000Z</time>
        <extensions>
          <ns3:TrackPointExtension>
            <ns3:hr>140</ns3:hr>
            <ns3:cad>85</ns3:cad>
          </ns3:TrackPointExtension>
        </extensions>
      </trkpt>
      <trkpt lat="31.0224442183971405029296875" lon="121.428512223064899444580078125">
        <ele>7</ele>
        <time>2026-05-11T12:47:26.000Z</time>
        <extensions>
          <ns3:TrackPointExtension>
            <ns3:hr>141</ns3:hr>
            <ns3:cad>85</ns3:cad>
          </ns3:TrackPointExtension>
        </extensions>
      </trkpt>
      <trkpt lat="31.02242301218211650848388671875" lon="121.42851750366389751434326171875">
        <ele>7</ele>
        <time>2026-05-11T12:47:27.000Z</time>
        <extensions>
          <ns3:TrackPointExtension>
            <ns3:hr>140</ns3:hr>
            <ns3:cad>84</ns3:cad>
          </ns3:TrackPointExtension>
        </extensions>
      </trkpt>
      <trkpt lat="31.02240406908094882965087890625" lon="121.42852487973868846893310546875">
        <ele>7</ele>
        <time>2026-05-11T12:47:28.000Z</time>
        <extensions>
          <ns3:TrackPointExtension>
            <ns3:hr>140</ns3:hr>
            <ns3:cad>84</ns3:cad>
          </ns3:TrackPointExtension>
        </extensions>
      </trkpt>
      <trkpt lat="31.02237976156175136566162109375" lon="121.4285281486809253692626953125">
        <ele>7</ele>
        <time>2026-05-11T12:47:29.000Z</time>
        <extensions>
          <ns3:TrackPointExtension>
            <ns3:hr>140</ns3:hr>
            <ns3:cad>84</ns3:cad>
          </ns3:TrackPointExtension>
        </extensions>
      </trkpt>
      <trkpt lat="31.0223605670034885406494140625" lon="121.42853493802249431610107421875">
        <ele>7</ele>
        <time>2026-05-11T12:47:30.000Z</time>
        <extensions>
          <ns3:TrackPointExtension>
            <ns3:hr>140</ns3:hr>
            <ns3:cad>84</ns3:cad>
          </ns3:TrackPointExtension>
        </extensions>
      </trkpt>
      <trkpt lat="31.02233634330332279205322265625" lon="121.42854164354503154754638671875">
        <ele>7</ele>
        <time>2026-05-11T12:47:31.000Z</time>
        <extensions>
          <ns3:TrackPointExtension>
            <ns3:hr>139</ns3:hr>
            <ns3:cad>84</ns3:cad>
          </ns3:TrackPointExtension>
        </extensions>
      </trkpt>
      <trkpt lat="31.02231471799314022064208984375" lon="121.42854767851531505584716796875">
        <ele>7</ele>
        <time>2026-05-11T12:47:32.000Z</time>
        <extensions>
          <ns3:TrackPointExtension>
            <ns3:hr>138</ns3:hr>
            <ns3:cad>85</ns3:cad>
          </ns3:TrackPointExtension>
        </extensions>
      </trkpt>
      <trkpt lat="31.02228957228362560272216796875" lon="121.42855136655271053314208984375">
        <ele>7</ele>
        <time>2026-05-11T12:47:33.000Z</time>
        <extensions>
          <ns3:TrackPointExtension>
            <ns3:hr>138</ns3:hr>
            <ns3:cad>85</ns3:cad>
          </ns3:TrackPointExtension>
        </extensions>
      </trkpt>
      <trkpt lat="31.02226560004055500030517578125" lon="121.42855740152299404144287109375">
        <ele>7.19999980926513671875</ele>
        <time>2026-05-11T12:47:34.000Z</time>
        <extensions>
          <ns3:TrackPointExtension>
            <ns3:hr>137</ns3:hr>
            <ns3:cad>85</ns3:cad>
          </ns3:TrackPointExtension>
        </extensions>
      </trkpt>
      <trkpt lat="31.0222479142248630523681640625" lon="121.428564526140689849853515625">
        <ele>7.400000095367431640625</ele>
        <time>2026-05-11T12:47:35.000Z</time>
        <extensions>
          <ns3:TrackPointExtension>
            <ns3:hr>137</ns3:hr>
            <ns3:cad>85</ns3:cad>
          </ns3:TrackPointExtension>
        </extensions>
      </trkpt>
      <trkpt lat="31.02222100831568241119384765625" lon="121.42856528051197528839111328125">
        <ele>7.400000095367431640625</ele>
        <time>2026-05-11T12:47:36.000Z</time>
        <extensions>
          <ns3:TrackPointExtension>
            <ns3:hr>137</ns3:hr>
            <ns3:cad>85</ns3:cad>
          </ns3:TrackPointExtension>
        </extensions>
      </trkpt>
      <trkpt lat="31.0222033224999904632568359375" lon="121.42857064493000507354736328125">
        <ele>7.400000095367431640625</ele>
        <time>2026-05-11T12:47:37.000Z</time>
        <extensions>
          <ns3:TrackPointExtension>
            <ns3:hr>137</ns3:hr>
            <ns3:cad>85</ns3:cad>
          </ns3:TrackPointExtension>
        </extensions>
      </trkpt>
      <trkpt lat="31.02218027226626873016357421875" lon="121.42857986502349376678466796875">
        <ele>7.400000095367431640625</ele>
        <time>2026-05-11T12:47:38.000Z</time>
        <extensions>
          <ns3:TrackPointExtension>
            <ns3:hr>137</ns3:hr>
            <ns3:cad>85</ns3:cad>
          </ns3:TrackPointExtension>
        </extensions>
      </trkpt>
      <trkpt lat="31.02216199971735477447509765625" lon="121.42858791165053844451904296875">
        <ele>7.400000095367431640625</ele>
        <time>2026-05-11T12:47:39.000Z</time>
        <extensions>
          <ns3:TrackPointExtension>
            <ns3:hr>136</ns3:hr>
            <ns3:cad>85</ns3:cad>
          </ns3:TrackPointExtension>
        </extensions>
      </trkpt>
      <trkpt lat="31.022141464054584503173828125" lon="121.4285978861153125762939453125">
        <ele>7.400000095367431640625</ele>
        <time>2026-05-11T12:47:40.000Z</time>
        <extensions>
          <ns3:TrackPointExtension>
            <ns3:hr>137</ns3:hr>
            <ns3:cad>85</ns3:cad>
          </ns3:TrackPointExtension>
        </extensions>
      </trkpt>
      <trkpt lat="31.02211774326860904693603515625" lon="121.4285992272198200225830078125">
        <ele>7.19999980926513671875</ele>
        <time>2026-05-11T12:47:41.000Z</time>
        <extensions>
          <ns3:TrackPointExtension>
            <ns3:hr>137</ns3:hr>
            <ns3:cad>85</ns3:cad>
          </ns3:TrackPointExtension>
        </extensions>
      </trkpt>
      <trkpt lat="31.0220997221767902374267578125" lon="121.4286072738468647003173828125">
        <ele>7.19999980926513671875</ele>
        <time>2026-05-11T12:47:42.000Z</time>
        <extensions>
          <ns3:TrackPointExtension>
            <ns3:hr>137</ns3:hr>
            <ns3:cad>85</ns3:cad>
          </ns3:TrackPointExtension>
        </extensions>
      </trkpt>
      <trkpt lat="31.02207298390567302703857421875" lon="121.42860777676105499267578125">
        <ele>7.19999980926513671875</ele>
        <time>2026-05-11T12:47:43.000Z</time>
        <extensions>
          <ns3:TrackPointExtension>
            <ns3:hr>137</ns3:hr>
            <ns3:cad>85</ns3:cad>
          </ns3:TrackPointExtension>
        </extensions>
      </trkpt>
      <trkpt lat="31.0220539569854736328125" lon="121.4286136440932750701904296875">
        <ele>7.19999980926513671875</ele>
        <time>2026-05-11T12:47:44.000Z</time>
        <extensions>
          <ns3:TrackPointExtension>
            <ns3:hr>137</ns3:hr>
            <ns3:cad>85</ns3:cad>
          </ns3:TrackPointExtension>
        </extensions>
      </trkpt>
      <trkpt lat="31.022028811275959014892578125" lon="121.428618170320987701416015625">
        <ele>7.400000095367431640625</ele>
        <time>2026-05-11T12:47:45.000Z</time>
        <extensions>
          <ns3:TrackPointExtension>
            <ns3:hr>137</ns3:hr>
            <ns3:cad>85</ns3:cad>
          </ns3:TrackPointExtension>
        </extensions>
      </trkpt>
      <trkpt lat="31.022002995014190673828125" lon="121.42862294800579547882080078125">
        <ele>7.400000095367431640625</ele>
        <time>2026-05-11T12:47:46.000Z</time>
        <extensions>
          <ns3:TrackPointExtension>
            <ns3:hr>138</ns3:hr>
            <ns3:cad>87</ns3:cad>
          </ns3:TrackPointExtension>
        </extensions>
      </trkpt>
      <trkpt lat="31.02198229171335697174072265625" lon="121.4286307431757450103759765625">
        <ele>7.400000095367431640625</ele>
        <time>2026-05-11T12:47:47.000Z</time>
        <extensions>
          <ns3:TrackPointExtension>
            <ns3:hr>138</ns3:hr>
            <ns3:cad>87</ns3:cad>
          </ns3:TrackPointExtension>
        </extensions>
      </trkpt>
      <trkpt lat="31.0219614207744598388671875" lon="121.42863669432699680328369140625">
        <ele>7.400000095367431640625</ele>
        <time>2026-05-11T12:47:48.000Z</time>
        <extensions>
          <ns3:TrackPointExtension>
            <ns3:hr>138</ns3:hr>
            <ns3:cad>86</ns3:cad>
          </ns3:TrackPointExtension>
        </extensions>
      </trkpt>
      <trkpt lat="31.02194256149232387542724609375" lon="121.42864759080111980438232421875">
        <ele>7.400000095367431640625</ele>
        <time>2026-05-11T12:47:49.000Z</time>
        <extensions>
          <ns3:TrackPointExtension>
            <ns3:hr>138</ns3:hr>
            <ns3:cad>86</ns3:cad>
          </ns3:TrackPointExtension>
        </extensions>
      </trkpt>
      <trkpt lat="31.02191858924925327301025390625" lon="121.42865337431430816650390625">
        <ele>7.400000095367431640625</ele>
        <time>2026-05-11T12:47:50.000Z</time>
        <extensions>
          <ns3:TrackPointExtension>
            <ns3:hr>138</ns3:hr>
            <ns3:cad>86</ns3:cad>
          </ns3:TrackPointExtension>
        </extensions>
      </trkpt>
      <trkpt lat="31.02190014906227588653564453125" lon="121.42866603098809719085693359375">
        <ele>7.400000095367431640625</ele>
        <time>2026-05-11T12:47:51.000Z</time>
        <extensions>
          <ns3:TrackPointExtension>
            <ns3:hr>137</ns3:hr>
            <ns3:cad>86</ns3:cad>
          </ns3:TrackPointExtension>
        </extensions>
      </trkpt>
      <trkpt lat="31.0218809545040130615234375" lon="121.42868162132799625396728515625">
        <ele>7.599999904632568359375</ele>
        <time>2026-05-11T12:47:52.000Z</time>
        <extensions>
          <ns3:TrackPointExtension>
            <ns3:hr>137</ns3:hr>
            <ns3:cad>85</ns3:cad>
          </ns3:TrackPointExtension>
        </extensions>
      </trkpt>
      <trkpt lat="31.0218603350222110748291015625" lon="121.42869897186756134033203125">
        <ele>7.599999904632568359375</ele>
        <time>2026-05-11T12:47:53.000Z</time>
        <extensions>
          <ns3:TrackPointExtension>
            <ns3:hr>137</ns3:hr>
            <ns3:cad>85</ns3:cad>
          </ns3:TrackPointExtension>
        </extensions>
      </trkpt>
      <trkpt lat="31.02184734307229518890380859375" lon="121.42871498130261898040771484375">
        <ele>7.599999904632568359375</ele>
        <time>2026-05-11T12:47:54.000Z</time>
        <extensions>
          <ns3:TrackPointExtension>
            <ns3:hr>137</ns3:hr>
            <ns3:cad>84</ns3:cad>
          </ns3:TrackPointExtension>
        </extensions>
      </trkpt>
      <trkpt lat="31.02182839997112751007080078125" lon="121.42873526550829410552978515625">
        <ele>7.599999904632568359375</ele>
        <time>2026-05-11T12:47:55.000Z</time>
        <extensions>
          <ns3:TrackPointExtension>
            <ns3:hr>137</ns3:hr>
            <ns3:cad>84</ns3:cad>
          </ns3:TrackPointExtension>
        </extensions>
      </trkpt>
      <trkpt lat="31.0218154080212116241455078125" lon="121.42875353805720806121826171875">
        <ele>7.599999904632568359375</ele>
        <time>2026-05-11T12:47:56.000Z</time>
        <extensions>
          <ns3:TrackPointExtension>
            <ns3:hr>136</ns3:hr>
            <ns3:cad>84</ns3:cad>
          </ns3:TrackPointExtension>
        </extensions>
      </trkpt>
      <trkpt lat="31.0218026675283908843994140625" lon="121.42877482809126377105712890625">
        <ele>7.599999904632568359375</ele>
        <time>2026-05-11T12:47:57.000Z</time>
        <extensions>
          <ns3:TrackPointExtension>
            <ns3:hr>137</ns3:hr>
            <ns3:cad>84</ns3:cad>
          </ns3:TrackPointExtension>
        </extensions>
      </trkpt>
      <trkpt lat="31.02178548462688922882080078125" lon="121.4287960343062877655029296875">
        <ele>7.599999904632568359375</ele>
        <time>2026-05-11T12:47:58.000Z</time>
        <extensions>
          <ns3:TrackPointExtension>
            <ns3:hr>137</ns3:hr>
            <ns3:cad>83</ns3:cad>
          </ns3:TrackPointExtension>
        </extensions>
      </trkpt>
      <trkpt lat="31.0217785276472568511962890625" lon="121.42881304956972599029541015625">
        <ele>7.599999904632568359375</ele>
        <time>2026-05-11T12:47:59.000Z</time>
        <extensions>
          <ns3:TrackPointExtension>
            <ns3:hr>136</ns3:hr>
            <ns3:cad>83</ns3:cad>
          </ns3:TrackPointExtension>
        </extensions>
      </trkpt>
      <trkpt lat="31.02176570333540439605712890625" lon="121.42883232794702053070068359375">
        <ele>7.599999904632568359375</ele>
        <time>2026-05-11T12:48:00.000Z</time>
        <extensions>
          <ns3:TrackPointExtension>
            <ns3:hr>137</ns3:hr>
            <ns3:cad>84</ns3:cad>
          </ns3:TrackPointExtension>
        </extensions>
      </trkpt>
      <trkpt lat="31.02175799198448657989501953125" lon="121.428851522505283355712890625">
        <ele>7.599999904632568359375</ele>
        <time>2026-05-11T12:48:01.000Z</time>
        <extensions>
          <ns3:TrackPointExtension>
            <ns3:hr>137</ns3:hr>
            <ns3:cad>84</ns3:cad>
          </ns3:TrackPointExtension>
        </extensions>
      </trkpt>
      <trkpt lat="31.02175019681453704833984375" lon="121.42887406982481479644775390625">
        <ele>7.599999904632568359375</ele>
        <time>2026-05-11T12:48:02.000Z</time>
        <extensions>
          <ns3:TrackPointExtension>
            <ns3:hr>136</ns3:hr>
            <ns3:cad>84</ns3:cad>
          </ns3:TrackPointExtension>
        </extensions>
      </trkpt>
      <trkpt lat="31.021739803254604339599609375" lon="121.42889854498207569122314453125">
        <ele>7.599999904632568359375</ele>
        <time>2026-05-11T12:48:03.000Z</time>
        <extensions>
          <ns3:TrackPointExtension>
            <ns3:hr>137</ns3:hr>
            <ns3:cad>85</ns3:cad>
          </ns3:TrackPointExtension>
        </extensions>
      </trkpt>
      <trkpt lat="31.0217366181313991546630859375" lon="121.428920589387416839599609375">
        <ele>7.599999904632568359375</ele>
        <time>2026-05-11T12:48:04.000Z</time>
        <extensions>
          <ns3:TrackPointExtension>
            <ns3:hr>137</ns3:hr>
            <ns3:cad>85</ns3:cad>
          </ns3:TrackPointExtension>
        </extensions>
      </trkpt>
      <trkpt lat="31.02172614075243473052978515625" lon="121.42894950695335865020751953125">
        <ele>7.599999904632568359375</ele>
        <time>2026-05-11T12:48:05.000Z</time>
        <extensions>
          <ns3:TrackPointExtension>
            <ns3:hr>136</ns3:hr>
            <ns3:cad>85</ns3:cad>
          </ns3:TrackPointExtension>
        </extensions>
      </trkpt>
      <trkpt lat="31.0217228718101978302001953125" lon="121.4289723895490169525146484375">
        <ele>7.599999904632568359375</ele>
        <time>2026-05-11T12:48:06.000Z</time>
        <extensions>
          <ns3:TrackPointExtension>
            <ns3:hr>137</ns3:hr>
            <ns3:cad>84</ns3:cad>
          </ns3:TrackPointExtension>
        </extensions>
      </trkpt>
      <trkpt lat="31.02171742357313632965087890625" lon="121.42900030128657817840576171875">
        <ele>7.599999904632568359375</ele>
        <time>2026-05-11T12:48:07.000Z</time>
        <extensions>
          <ns3:TrackPointExtension>
            <ns3:hr>136</ns3:hr>
            <ns3:cad>83</ns3:cad>
          </ns3:TrackPointExtension>
        </extensions>
      </trkpt>
      <trkpt lat="31.0217108018696308135986328125" lon="121.42902511171996593475341796875">
        <ele>7.599999904632568359375</ele>
        <time>2026-05-11T12:48:08.000Z</time>
        <extensions>
          <ns3:TrackPointExtension>
            <ns3:hr>136</ns3:hr>
            <ns3:cad>83</ns3:cad>
          </ns3:TrackPointExtension>
        </extensions>
      </trkpt>
      <trkpt lat="31.02171138860285282135009765625" lon="121.4290481619536876678466796875">
        <ele>7.599999904632568359375</ele>
        <time>2026-05-11T12:48:09.000Z</time>
        <extensions>
          <ns3:TrackPointExtension>
            <ns3:hr>136</ns3:hr>
            <ns3:cad>83</ns3:cad>
          </ns3:TrackPointExtension>
        </extensions>
      </trkpt>
      <trkpt lat="31.02170904166996479034423828125" lon="121.42907624132931232452392578125">
        <ele>7.599999904632568359375</ele>
        <time>2026-05-11T12:48:10.000Z</time>
        <extensions>
          <ns3:TrackPointExtension>
            <ns3:hr>137</ns3:hr>
            <ns3:cad>84</ns3:cad>
          </ns3:TrackPointExtension>
        </extensions>
      </trkpt>
      <trkpt lat="31.02171088568866252899169921875" lon="121.42909535206854343414306640625">
        <ele>7.599999904632568359375</ele>
        <time>2026-05-11T12:48:11.000Z</time>
        <extensions>
          <ns3:TrackPointExtension>
            <ns3:hr>136</ns3:hr>
            <ns3:cad>84</ns3:cad>
          </ns3:TrackPointExtension>
        </extensions>
      </trkpt>
      <trkpt lat="31.02171541191637516021728515625" lon="121.42912083305418491363525390625">
        <ele>7.599999904632568359375</ele>
        <time>2026-05-11T12:48:12.000Z</time>
        <extensions>
          <ns3:TrackPointExtension>
            <ns3:hr>136</ns3:hr>
            <ns3:cad>84</ns3:cad>
          </ns3:TrackPointExtension>
        </extensions>
      </trkpt>
      <trkpt lat="31.0217171721160411834716796875" lon="121.42914614640176296234130859375">
        <ele>7.599999904632568359375</ele>
        <time>2026-05-11T12:48:13.000Z</time>
        <extensions>
          <ns3:TrackPointExtension>
            <ns3:hr>137</ns3:hr>
            <ns3:cad>84</ns3:cad>
          </ns3:TrackPointExtension>
        </extensions>
      </trkpt>
      <trkpt lat="31.02172345854341983795166015625" lon="121.42916190437972545623779296875">
        <ele>7.599999904632568359375</ele>
        <time>2026-05-11T12:48:14.000Z</time>
        <extensions>
          <ns3:TrackPointExtension>
            <ns3:hr>136</ns3:hr>
            <ns3:cad>83</ns3:cad>
          </ns3:TrackPointExtension>
        </extensions>
      </trkpt>
      <trkpt lat="31.0217275656759738922119140625" lon="121.42919006757438182830810546875">
        <ele>7.599999904632568359375</ele>
        <time>2026-05-11T12:48:15.000Z</time>
        <extensions>
          <ns3:TrackPointExtension>
            <ns3:hr>136</ns3:hr>
            <ns3:cad>83</ns3:cad>
          </ns3:TrackPointExtension>
        </extensions>
      </trkpt>
      <trkpt lat="31.0217352770268917083740234375" lon="121.42922066152095794677734375">
        <ele>7.599999904632568359375</ele>
        <time>2026-05-11T12:48:16.000Z</time>
        <extensions>
          <ns3:TrackPointExtension>
            <ns3:hr>137</ns3:hr>
            <ns3:cad>81</ns3:cad>
          </ns3:TrackPointExtension>
        </extensions>
      </trkpt>
      <trkpt lat="31.02174558676779270172119140625" lon="121.42924488522112369537353515625">
        <ele>7.599999904632568359375</ele>
        <time>2026-05-11T12:48:17.000Z</time>
        <extensions>
          <ns3:TrackPointExtension>
            <ns3:hr>136</ns3:hr>
            <ns3:cad>81</ns3:cad>
          </ns3:TrackPointExtension>
        </extensions>
      </trkpt>
      <trkpt lat="31.02175715379416942596435546875" lon="121.42927271313965320587158203125">
        <ele>7.599999904632568359375</ele>
        <time>2026-05-11T12:48:18.000Z</time>
        <extensions>
          <ns3:TrackPointExtension>
            <ns3:hr>136</ns3:hr>
            <ns3:cad>82</ns3:cad>
          </ns3:TrackPointExtension>
        </extensions>
      </trkpt>
      <trkpt lat="31.02176805026829242706298828125" lon="121.4292955957353115081787109375">
        <ele>7.400000095367431640625</ele>
        <time>2026-05-11T12:48:19.000Z</time>
        <extensions>
          <ns3:TrackPointExtension>
            <ns3:hr>137</ns3:hr>
            <ns3:cad>82</ns3:cad>
          </ns3:TrackPointExtension>
        </extensions>
      </trkpt>
      <trkpt lat="31.0217817127704620361328125" lon="121.4293147064745426177978515625">
        <ele>7.400000095367431640625</ele>
        <time>2026-05-11T12:48:20.000Z</time>
        <extensions>
          <ns3:TrackPointExtension>
            <ns3:hr>136</ns3:hr>
            <ns3:cad>81</ns3:cad>
          </ns3:TrackPointExtension>
        </extensions>
      </trkpt>
      <trkpt lat="31.02179587818682193756103515625" lon="121.42933666706085205078125">
        <ele>7.400000095367431640625</ele>
        <time>2026-05-11T12:48:21.000Z</time>
        <extensions>
          <ns3:TrackPointExtension>
            <ns3:hr>136</ns3:hr>
            <ns3:cad>81</ns3:cad>
          </ns3:TrackPointExtension>
        </extensions>
      </trkpt>
      <trkpt lat="31.0218113847076892852783203125" lon="121.4293465577065944671630859375">
        <ele>7.400000095367431640625</ele>
        <time>2026-05-11T12:48:22.000Z</time>
        <extensions>
          <ns3:TrackPointExtension>
            <ns3:hr>136</ns3:hr>
            <ns3:cad>81</ns3:cad>
          </ns3:TrackPointExtension>
        </extensions>
      </trkpt>
      <trkpt lat="31.0218298248946666717529296875" lon="121.42936239950358867645263671875">
        <ele>7.400000095367431640625</ele>
        <time>2026-05-11T12:48:23.000Z</time>
        <extensions>
          <ns3:TrackPointExtension>
            <ns3:hr>137</ns3:hr>
            <ns3:cad>81</ns3:cad>
          </ns3:TrackPointExtension>
        </extensions>
      </trkpt>
      <trkpt lat="31.02184734307229518890380859375" lon="121.42938268370926380157470703125">
        <ele>7.599999904632568359375</ele>
        <time>2026-05-11T12:48:24.000Z</time>
        <extensions>
          <ns3:TrackPointExtension>
            <ns3:hr>136</ns3:hr>
            <ns3:cad>82</ns3:cad>
          </ns3:TrackPointExtension>
        </extensions>
      </trkpt>
      <trkpt lat="31.021865867078304290771484375" lon="121.42939844168722629547119140625">
        <ele>7.599999904632568359375</ele>
        <time>2026-05-11T12:48:25.000Z</time>
        <extensions>
          <ns3:TrackPointExtension>
            <ns3:hr>136</ns3:hr>
            <ns3:cad>82</ns3:cad>
          </ns3:TrackPointExtension>
        </extensions>
      </trkpt>
      <trkpt lat="31.02188296616077423095703125" lon="121.42942191101610660552978515625">
        <ele>7.599999904632568359375</ele>
        <time>2026-05-11T12:48:26.000Z</time>
        <extensions>
          <ns3:TrackPointExtension>
            <ns3:hr>137</ns3:hr>
            <ns3:cad>82</ns3:cad>
          </ns3:TrackPointExtension>
        </extensions>
      </trkpt>
      <trkpt lat="31.02190014906227588653564453125" lon="121.42943465150892734527587890625">
        <ele>7.599999904632568359375</ele>
        <time>2026-05-11T12:48:27.000Z</time>
        <extensions>
          <ns3:TrackPointExtension>
            <ns3:hr>136</ns3:hr>
            <ns3:cad>83</ns3:cad>
          </ns3:TrackPointExtension>
        </extensions>
      </trkpt>
      <trkpt lat="31.02192076854407787322998046875" lon="121.4294471405446529388427734375">
        <ele>7.599999904632568359375</ele>
        <time>2026-05-11T12:48:28.000Z</time>
        <extensions>
          <ns3:TrackPointExtension>
            <ns3:hr>136</ns3:hr>
            <ns3:cad>83</ns3:cad>
          </ns3:TrackPointExtension>
        </extensions>
      </trkpt>
      <trkpt lat="31.021941639482975006103515625" lon="121.4294605515897274017333984375">
        <ele>7.400000095367431640625</ele>
        <time>2026-05-11T12:48:29.000Z</time>
        <extensions>
          <ns3:TrackPointExtension>
            <ns3:hr>137</ns3:hr>
            <ns3:cad>83</ns3:cad>
          </ns3:TrackPointExtension>
        </extensions>
      </trkpt>
      <trkpt lat="31.02196284569799900054931640625" lon="121.42947019077837467193603515625">
        <ele>7.400000095367431640625</ele>
        <time>2026-05-11T12:48:30.000Z</time>
        <extensions>
          <ns3:TrackPointExtension>
            <ns3:hr>137</ns3:hr>
            <ns3:cad>83</ns3:cad>
          </ns3:TrackPointExtension>
        </extensions>
      </trkpt>
      <trkpt lat="31.0219874046742916107177734375" lon="121.4294833503663539886474609375">
        <ele>7.400000095367431640625</ele>
        <time>2026-05-11T12:48:31.000Z</time>
        <extensions>
          <ns3:TrackPointExtension>
            <ns3:hr>138</ns3:hr>
            <ns3:cad>83</ns3:cad>
          </ns3:TrackPointExtension>
        </extensions>
      </trkpt>
      <trkpt lat="31.0220058448612689971923828125" lon="121.4294887147843837738037109375">
        <ele>7.400000095367431640625</ele>
        <time>2026-05-11T12:48:32.000Z</time>
        <extensions>
          <ns3:TrackPointExtension>
            <ns3:hr>138</ns3:hr>
            <ns3:cad>83</ns3:cad>
          </ns3:TrackPointExtension>
        </extensions>
      </trkpt>
      <trkpt lat="31.02203224785625934600830078125" lon="121.4294927380979061126708984375">
        <ele>7.400000095367431640625</ele>
        <time>2026-05-11T12:48:33.000Z</time>
        <extensions>
          <ns3:TrackPointExtension>
            <ns3:hr>138</ns3:hr>
            <ns3:cad>83</ns3:cad>
          </ns3:TrackPointExtension>
        </extensions>
      </trkpt>
      <trkpt lat="31.0220578126609325408935546875" lon="121.42949952743947505950927734375">
        <ele>7.400000095367431640625</ele>
        <time>2026-05-11T12:48:34.000Z</time>
        <extensions>
          <ns3:TrackPointExtension>
            <ns3:hr>138</ns3:hr>
            <ns3:cad>83</ns3:cad>
          </ns3:TrackPointExtension>
        </extensions>
      </trkpt>
      <trkpt lat="31.02208270691335201263427734375" lon="121.42950095236301422119140625">
        <ele>7.400000095367431640625</ele>
        <time>2026-05-11T12:48:35.000Z</time>
        <extensions>
          <ns3:TrackPointExtension>
            <ns3:hr>138</ns3:hr>
            <ns3:cad>83</ns3:cad>
          </ns3:TrackPointExtension>
        </extensions>
      </trkpt>
      <trkpt lat="31.02210600860416889190673828125" lon="121.429503299295902252197265625">
        <ele>7.599999904632568359375</ele>
        <time>2026-05-11T12:48:36.000Z</time>
        <extensions>
          <ns3:TrackPointExtension>
            <ns3:hr>139</ns3:hr>
            <ns3:cad>84</ns3:cad>
          </ns3:TrackPointExtension>
        </extensions>
      </trkpt>
      <trkpt lat="31.02212570607662200927734375" lon="121.42949827015399932861328125">
        <ele>7.599999904632568359375</ele>
        <time>2026-05-11T12:48:37.000Z</time>
        <extensions>
          <ns3:TrackPointExtension>
            <ns3:hr>138</ns3:hr>
            <ns3:cad>84</ns3:cad>
          </ns3:TrackPointExtension>
        </extensions>
      </trkpt>
      <trkpt lat="31.02215294726192951202392578125" lon="121.4295041374862194061279296875">
        <ele>7.599999904632568359375</ele>
        <time>2026-05-11T12:48:38.000Z</time>
        <extensions>
          <ns3:TrackPointExtension>
            <ns3:hr>138</ns3:hr>
            <ns3:cad>86</ns3:cad>
          </ns3:TrackPointExtension>
        </extensions>
      </trkpt>
      <trkpt lat="31.0221708007156848907470703125" lon="121.4294977672398090362548828125">
        <ele>7.599999904632568359375</ele>
        <time>2026-05-11T12:48:39.000Z</time>
        <extensions>
          <ns3:TrackPointExtension>
            <ns3:hr>138</ns3:hr>
            <ns3:cad>88</ns3:cad>
          </ns3:TrackPointExtension>
        </extensions>
      </trkpt>
      <trkpt lat="31.02219284512102603912353515625" lon="121.42949156463146209716796875">
        <ele>7.599999904632568359375</ele>
        <time>2026-05-11T12:48:40.000Z</time>
        <extensions>
          <ns3:TrackPointExtension>
            <ns3:hr>138</ns3:hr>
            <ns3:cad>88</ns3:cad>
          </ns3:TrackPointExtension>
        </extensions>
      </trkpt>
      <trkpt lat="31.02221463806927204132080078125" lon="121.42948963679373264312744140625">
        <ele>7.599999904632568359375</ele>
        <time>2026-05-11T12:48:41.000Z</time>
        <extensions>
          <ns3:TrackPointExtension>
            <ns3:hr>138</ns3:hr>
            <ns3:cad>88</ns3:cad>
          </ns3:TrackPointExtension>
        </extensions>
      </trkpt>
      <trkpt lat="31.0222324915230274200439453125" lon="121.42948343418538570404052734375">
        <ele>7.599999904632568359375</ele>
        <time>2026-05-11T12:48:42.000Z</time>
        <extensions>
          <ns3:TrackPointExtension>
            <ns3:hr>138</ns3:hr>
            <ns3:cad>85</ns3:cad>
          </ns3:TrackPointExtension>
        </extensions>
      </trkpt>
      <trkpt lat="31.02225269190967082977294921875" lon="121.4294779859483242034912109375">
        <ele>7.599999904632568359375</ele>
        <time>2026-05-11T12:48:43.000Z</time>
        <extensions>
          <ns3:TrackPointExtension>
            <ns3:hr>138</ns3:hr>
            <ns3:cad>83</ns3:cad>
          </ns3:TrackPointExtension>
        </extensions>
      </trkpt>
      <trkpt lat="31.02227389812469482421875" lon="121.4294709451496601104736328125">
        <ele>7.599999904632568359375</ele>
        <time>2026-05-11T12:48:44.000Z</time>
        <extensions>
          <ns3:TrackPointExtension>
            <ns3:hr>138</ns3:hr>
            <ns3:cad>82</ns3:cad>
          </ns3:TrackPointExtension>
        </extensions>
      </trkpt>
      <trkpt lat="31.0222966969013214111328125" lon="121.4294682629406452178955078125">
        <ele>7.599999904632568359375</ele>
        <time>2026-05-11T12:48:45.000Z</time>
        <extensions>
          <ns3:TrackPointExtension>
            <ns3:hr>139</ns3:hr>
            <ns3:cad>82</ns3:cad>
          </ns3:TrackPointExtension>
        </extensions>
      </trkpt>
      <trkpt lat="31.0223243571817874908447265625" lon="121.42946817912161350250244140625">
        <ele>7.599999904632568359375</ele>
        <time>2026-05-11T12:48:46.000Z</time>
        <extensions>
          <ns3:TrackPointExtension>
            <ns3:hr>139</ns3:hr>
            <ns3:cad>82</ns3:cad>
          </ns3:TrackPointExtension>
        </extensions>
      </trkpt>
      <trkpt lat="31.02234321646392345428466796875" lon="121.42945711500942707061767578125">
        <ele>7.599999904632568359375</ele>
        <time>2026-05-11T12:48:47.000Z</time>
        <extensions>
          <ns3:TrackPointExtension>
            <ns3:hr>139</ns3:hr>
            <ns3:cad>82</ns3:cad>
          </ns3:TrackPointExtension>
        </extensions>
      </trkpt>
      <trkpt lat="31.0223716311156749725341796875" lon="121.4294464699923992156982421875">
        <ele>7.599999904632568359375</ele>
        <time>2026-05-11T12:48:48.000Z</time>
        <extensions>
          <ns3:TrackPointExtension>
            <ns3:hr>139</ns3:hr>
            <ns3:cad>83</ns3:cad>
          </ns3:TrackPointExtension>
        </extensions>
      </trkpt>
      <trkpt lat="31.02239501662552356719970703125" lon="121.4294407702982425689697265625">
        <ele>7.599999904632568359375</ele>
        <time>2026-05-11T12:48:49.000Z</time>
        <extensions>
          <ns3:TrackPointExtension>
            <ns3:hr>140</ns3:hr>
            <ns3:cad>83</ns3:cad>
          </ns3:TrackPointExtension>
        </extensions>
      </trkpt>
      <trkpt lat="31.02241999469697475433349609375" lon="121.42943180166184902191162109375">
        <ele>7.80000019073486328125</ele>
        <time>2026-05-11T12:48:50.000Z</time>
        <extensions>
          <ns3:TrackPointExtension>
            <ns3:hr>139</ns3:hr>
            <ns3:cad>83</ns3:cad>
          </ns3:TrackPointExtension>
        </extensions>
      </trkpt>
      <trkpt lat="31.02244354784488677978515625" lon="121.4294265210628509521484375">
        <ele>7.80000019073486328125</ele>
        <time>2026-05-11T12:48:51.000Z</time>
        <extensions>
          <ns3:TrackPointExtension>
            <ns3:hr>139</ns3:hr>
            <ns3:cad>83</ns3:cad>
          </ns3:TrackPointExtension>
        </extensions>
      </trkpt>
      <trkpt lat="31.02246223948895931243896484375" lon="121.42942006699740886688232421875">
        <ele>7.599999904632568359375</ele>
        <time>2026-05-11T12:48:52.000Z</time>
        <extensions>
          <ns3:TrackPointExtension>
            <ns3:hr>140</ns3:hr>
            <ns3:cad>84</ns3:cad>
          </ns3:TrackPointExtension>
        </extensions>
      </trkpt>
      <trkpt lat="31.0224866308271884918212890625" lon="121.42941646277904510498046875">
        <ele>7.599999904632568359375</ele>
        <time>2026-05-11T12:48:53.000Z</time>
        <extensions>
          <ns3:TrackPointExtension>
            <ns3:hr>139</ns3:hr>
            <ns3:cad>84</ns3:cad>
          </ns3:TrackPointExtension>
        </extensions>
      </trkpt>
      <trkpt lat="31.02250867523252964019775390625" lon="121.42941302619874477386474609375">
        <ele>7.599999904632568359375</ele>
        <time>2026-05-11T12:48:54.000Z</time>
        <extensions>
          <ns3:TrackPointExtension>
            <ns3:hr>140</ns3:hr>
            <ns3:cad>84</ns3:cad>
          </ns3:TrackPointExtension>
        </extensions>
      </trkpt>
      <trkpt lat="31.02253247983753681182861328125" lon="121.42940816469490528106689453125">
        <ele>7.599999904632568359375</ele>
        <time>2026-05-11T12:48:55.000Z</time>
        <extensions>
          <ns3:TrackPointExtension>
            <ns3:hr>140</ns3:hr>
            <ns3:cad>84</ns3:cad>
          </ns3:TrackPointExtension>
        </extensions>
      </trkpt>
      <trkpt lat="31.02255008183419704437255859375" lon="121.42940028570592403411865234375">
        <ele>7.599999904632568359375</ele>
        <time>2026-05-11T12:48:56.000Z</time>
        <extensions>
          <ns3:TrackPointExtension>
            <ns3:hr>140</ns3:hr>
            <ns3:cad>84</ns3:cad>
          </ns3:TrackPointExtension>
        </extensions>
      </trkpt>
      <trkpt lat="31.0225689411163330078125" lon="121.42939307726919651031494140625">
        <ele>7.599999904632568359375</ele>
        <time>2026-05-11T12:48:57.000Z</time>
        <extensions>
          <ns3:TrackPointExtension>
            <ns3:hr>139</ns3:hr>
            <ns3:cad>84</ns3:cad>
          </ns3:TrackPointExtension>
        </extensions>
      </trkpt>
      <trkpt lat="31.0225929133594036102294921875" lon="121.42939643003046512603759765625">
        <ele>7.599999904632568359375</ele>
        <time>2026-05-11T12:48:58.000Z</time>
        <extensions>
          <ns3:TrackPointExtension>
            <ns3:hr>139</ns3:hr>
            <ns3:cad>86</ns3:cad>
          </ns3:TrackPointExtension>
        </extensions>
      </trkpt>
      <trkpt lat="31.0226116888225078582763671875" lon="121.4293911494314670562744140625">
        <ele>7.599999904632568359375</ele>
        <time>2026-05-11T12:48:59.000Z</time>
        <extensions>
          <ns3:TrackPointExtension>
            <ns3:hr>139</ns3:hr>
            <ns3:cad>86</ns3:cad>
          </ns3:TrackPointExtension>
        </extensions>
      </trkpt>
      <trkpt lat="31.02263423614203929901123046875" lon="121.429383270442485809326171875">
        <ele>7.599999904632568359375</ele>
        <time>2026-05-11T12:49:00.000Z</time>
        <extensions>
          <ns3:TrackPointExtension>
            <ns3:hr>140</ns3:hr>
            <ns3:cad>86</ns3:cad>
          </ns3:TrackPointExtension>
        </extensions>
      </trkpt>
      <trkpt lat="31.0226562805473804473876953125" lon="121.42937631346285343170166015625">
        <ele>7.599999904632568359375</ele>
        <time>2026-05-11T12:49:01.000Z</time>
        <extensions>
          <ns3:TrackPointExtension>
            <ns3:hr>140</ns3:hr>
            <ns3:cad>86</ns3:cad>
          </ns3:TrackPointExtension>
        </extensions>
      </trkpt>
      <trkpt lat="31.0226784087717533111572265625" lon="121.4293675124645233154296875">
        <ele>7.599999904632568359375</ele>
        <time>2026-05-11T12:49:02.000Z</time>
        <extensions>
          <ns3:TrackPointExtension>
            <ns3:hr>140</ns3:hr>
            <ns3:cad>84</ns3:cad>
          </ns3:TrackPointExtension>
        </extensions>
      </trkpt>
      <trkpt lat="31.02270464412868022918701171875" lon="121.42936994321644306182861328125">
        <ele>7.599999904632568359375</ele>
        <time>2026-05-11T12:49:03.000Z</time>
        <extensions>
          <ns3:TrackPointExtension>
            <ns3:hr>140</ns3:hr>
            <ns3:cad>84</ns3:cad>
          </ns3:TrackPointExtension>
        </extensions>
      </trkpt>
      <trkpt lat="31.022725515067577362060546875" lon="121.42936374060809612274169921875">
        <ele>7.599999904632568359375</ele>
        <time>2026-05-11T12:49:04.000Z</time>
        <extensions>
          <ns3:TrackPointExtension>
            <ns3:hr>141</ns3:hr>
            <ns3:cad>84</ns3:cad>
          </ns3:TrackPointExtension>
        </extensions>
      </trkpt>
      <trkpt lat="31.022747643291950225830078125" lon="121.4293552748858928680419921875">
        <ele>7.599999904632568359375</ele>
        <time>2026-05-11T12:49:05.000Z</time>
        <extensions>
          <ns3:TrackPointExtension>
            <ns3:hr>141</ns3:hr>
            <ns3:cad>84</ns3:cad>
          </ns3:TrackPointExtension>
        </extensions>
      </trkpt>
      <trkpt lat="31.02277270518243312835693359375" lon="121.42935368232429027557373046875">
        <ele>7.400000095367431640625</ele>
        <time>2026-05-11T12:49:06.000Z</time>
        <extensions>
          <ns3:TrackPointExtension>
            <ns3:hr>141</ns3:hr>
            <ns3:cad>83</ns3:cad>
          </ns3:TrackPointExtension>
        </extensions>
      </trkpt>
      <trkpt lat="31.0227937437593936920166015625" lon="121.42934806644916534423828125">
        <ele>7.400000095367431640625</ele>
        <time>2026-05-11T12:49:07.000Z</time>
        <extensions>
          <ns3:TrackPointExtension>
            <ns3:hr>142</ns3:hr>
            <ns3:cad>83</ns3:cad>
          </ns3:TrackPointExtension>
        </extensions>
      </trkpt>
      <trkpt lat="31.02281830273568630218505859375" lon="121.4293418638408184051513671875">
        <ele>7.400000095367431640625</ele>
        <time>2026-05-11T12:49:08.000Z</time>
        <extensions>
          <ns3:TrackPointExtension>
            <ns3:hr>142</ns3:hr>
            <ns3:cad>83</ns3:cad>
          </ns3:TrackPointExtension>
        </extensions>
      </trkpt>
      <trkpt lat="31.02284378372132778167724609375" lon="121.42933775670826435089111328125">
        <ele>7.400000095367431640625</ele>
        <time>2026-05-11T12:49:09.000Z</time>
        <extensions>
          <ns3:TrackPointExtension>
            <ns3:hr>143</ns3:hr>
            <ns3:cad>83</ns3:cad>
          </ns3:TrackPointExtension>
        </extensions>
      </trkpt>
      <trkpt lat="31.022867001593112945556640625" lon="121.429328955709934234619140625">
        <ele>7.400000095367431640625</ele>
        <time>2026-05-11T12:49:10.000Z</time>
        <extensions>
          <ns3:TrackPointExtension>
            <ns3:hr>143</ns3:hr>
            <ns3:cad>82</ns3:cad>
          </ns3:TrackPointExtension>
        </extensions>
      </trkpt>
      <trkpt lat="31.02289793081581592559814453125" lon="121.4293297939002513885498046875">
        <ele>7.400000095367431640625</ele>
        <time>2026-05-11T12:49:11.000Z</time>
        <extensions>
          <ns3:TrackPointExtension>
            <ns3:hr>143</ns3:hr>
            <ns3:cad>82</ns3:cad>
          </ns3:TrackPointExtension>
        </extensions>
      </trkpt>
      <trkpt lat="31.02291620336472988128662109375" lon="121.42931629903614521026611328125">
        <ele>7.400000095367431640625</ele>
        <time>2026-05-11T12:49:12.000Z</time>
        <extensions>
          <ns3:TrackPointExtension>
            <ns3:hr>143</ns3:hr>
            <ns3:cad>82</ns3:cad>
          </ns3:TrackPointExtension>
        </extensions>
      </trkpt>
      <trkpt lat="31.02293975651264190673828125" lon="121.429301463067531585693359375">
        <ele>7.400000095367431640625</ele>
        <time>2026-05-11T12:49:13.000Z</time>
        <extensions>
          <ns3:TrackPointExtension>
            <ns3:hr>144</ns3:hr>
            <ns3:cad>82</ns3:cad>
          </ns3:TrackPointExtension>
        </extensions>
      </trkpt>
      <trkpt lat="31.02296498604118824005126953125" lon="121.42929081805050373077392578125">
        <ele>7.400000095367431640625</ele>
        <time>2026-05-11T12:49:14.000Z</time>
        <extensions>
          <ns3:TrackPointExtension>
            <ns3:hr>144</ns3:hr>
            <ns3:cad>82</ns3:cad>
          </ns3:TrackPointExtension>
        </extensions>
      </trkpt>
      <trkpt lat="31.02298543788492679595947265625" lon="121.42927723936736583709716796875">
        <ele>7.400000095367431640625</ele>
        <time>2026-05-11T12:49:15.000Z</time>
        <extensions>
          <ns3:TrackPointExtension>
            <ns3:hr>144</ns3:hr>
            <ns3:cad>82</ns3:cad>
          </ns3:TrackPointExtension>
        </extensions>
      </trkpt>
      <trkpt lat="31.02301754057407379150390625" lon="121.42926885746419429779052734375">
        <ele>7.400000095367431640625</ele>
        <time>2026-05-11T12:49:16.000Z</time>
        <extensions>
          <ns3:TrackPointExtension>
            <ns3:hr>144</ns3:hr>
            <ns3:cad>83</ns3:cad>
          </ns3:TrackPointExtension>
        </extensions>
      </trkpt>
      <trkpt lat="31.02303631603717803955078125" lon="121.42925142310559749603271484375">
        <ele>7.400000095367431640625</ele>
        <time>2026-05-11T12:49:17.000Z</time>
        <extensions>
          <ns3:TrackPointExtension>
            <ns3:hr>144</ns3:hr>
            <ns3:cad>83</ns3:cad>
          </ns3:TrackPointExtension>
        </extensions>
      </trkpt>
      <trkpt lat="31.023058779537677764892578125" lon="121.42923080362379550933837890625">
        <ele>7.400000095367431640625</ele>
        <time>2026-05-11T12:49:18.000Z</time>
        <extensions>
          <ns3:TrackPointExtension>
            <ns3:hr>144</ns3:hr>
            <ns3:cad>83</ns3:cad>
          </ns3:TrackPointExtension>
        </extensions>
      </trkpt>
      <trkpt lat="31.02308400906622409820556640625" lon="121.42921068705618381500244140625">
        <ele>7.400000095367431640625</ele>
        <time>2026-05-11T12:49:19.000Z</time>
        <extensions>
          <ns3:TrackPointExtension>
            <ns3:hr>145</ns3:hr>
            <ns3:cad>83</ns3:cad>
          </ns3:TrackPointExtension>
        </extensions>
      </trkpt>
      <trkpt lat="31.023101024329662322998046875" lon="121.42919241450726985931396484375">
        <ele>7.400000095367431640625</ele>
        <time>2026-05-11T12:49:20.000Z</time>
        <extensions>
          <ns3:TrackPointExtension>
            <ns3:hr>145</ns3:hr>
            <ns3:cad>83</ns3:cad>
          </ns3:TrackPointExtension>
        </extensions>
      </trkpt>
      <trkpt lat="31.0231206379830837249755859375" lon="121.42916433513164520263671875">
        <ele>7.400000095367431640625</ele>
        <time>2026-05-11T12:49:21.000Z</time>
        <extensions>
          <ns3:TrackPointExtension>
            <ns3:hr>145</ns3:hr>
            <ns3:cad>82</ns3:cad>
          </ns3:TrackPointExtension>
        </extensions>
      </trkpt>
      <trkpt lat="31.02313689887523651123046875" lon="121.42914162017405033111572265625">
        <ele>7.400000095367431640625</ele>
        <time>2026-05-11T12:49:22.000Z</time>
        <extensions>
          <ns3:TrackPointExtension>
            <ns3:hr>145</ns3:hr>
            <ns3:cad>82</ns3:cad>
          </ns3:TrackPointExtension>
        </extensions>
      </trkpt>
      <trkpt lat="31.02314620278775691986083984375" lon="121.429116390645503997802734375">
        <ele>7.19999980926513671875</ele>
        <time>2026-05-11T12:49:23.000Z</time>
        <extensions>
          <ns3:TrackPointExtension>
            <ns3:hr>146</ns3:hr>
            <ns3:cad>82</ns3:cad>
          </ns3:TrackPointExtension>
        </extensions>
      </trkpt>
      <trkpt lat="31.0231642238795757293701171875" lon="121.4290924184024333953857421875">
        <ele>7.19999980926513671875</ele>
        <time>2026-05-11T12:49:24.000Z</time>
        <extensions>
          <ns3:TrackPointExtension>
            <ns3:hr>146</ns3:hr>
            <ns3:cad>82</ns3:cad>
          </ns3:TrackPointExtension>
        </extensions>
      </trkpt>
      <trkpt lat="31.02317503653466701507568359375" lon="121.42906920053064823150634765625">
        <ele>7.19999980926513671875</ele>
        <time>2026-05-11T12:49:25.000Z</time>
        <extensions>
          <ns3:TrackPointExtension>
            <ns3:hr>146</ns3:hr>
            <ns3:cad>83</ns3:cad>
          </ns3:TrackPointExtension>
        </extensions>
      </trkpt>
      <trkpt lat="31.02318610064685344696044921875" lon="121.42904070205986499786376953125">
        <ele>7.400000095367431640625</ele>
        <time>2026-05-11T12:49:26.000Z</time>
        <extensions>
          <ns3:TrackPointExtension>
            <ns3:hr>146</ns3:hr>
            <ns3:cad>83</ns3:cad>
          </ns3:TrackPointExtension>
        </extensions>
      </trkpt>
      <trkpt lat="31.0231960751116275787353515625" lon="121.42901438288390636444091796875">
        <ele>7.400000095367431640625</ele>
        <time>2026-05-11T12:49:27.000Z</time>
        <extensions>
          <ns3:TrackPointExtension>
            <ns3:hr>145</ns3:hr>
            <ns3:cad>83</ns3:cad>
          </ns3:TrackPointExtension>
        </extensions>
      </trkpt>
      <trkpt lat="31.02319934405386447906494140625" lon="121.42898621968924999237060546875">
        <ele>7.19999980926513671875</ele>
        <time>2026-05-11T12:49:28.000Z</time>
        <extensions>
          <ns3:TrackPointExtension>
            <ns3:hr>146</ns3:hr>
            <ns3:cad>83</ns3:cad>
          </ns3:TrackPointExtension>
        </extensions>
      </trkpt>
      <trkpt lat="31.0232047922909259796142578125" lon="121.4289552904665470123291015625">
        <ele>7.19999980926513671875</ele>
        <time>2026-05-11T12:49:29.000Z</time>
        <extensions>
          <ns3:TrackPointExtension>
            <ns3:hr>146</ns3:hr>
            <ns3:cad>84</ns3:cad>
          </ns3:TrackPointExtension>
        </extensions>
      </trkpt>
      <trkpt lat="31.02320739068090915679931640625" lon="121.42893039621412754058837890625">
        <ele>7.19999980926513671875</ele>
        <time>2026-05-11T12:49:30.000Z</time>
        <extensions>
          <ns3:TrackPointExtension>
            <ns3:hr>145</ns3:hr>
            <ns3:cad>84</ns3:cad>
          </ns3:TrackPointExtension>
        </extensions>
      </trkpt>
      <trkpt lat="31.02321141399443149566650390625" lon="121.42889519222080707550048828125">
        <ele>7</ele>
        <time>2026-05-11T12:49:31.000Z</time>
        <extensions>
          <ns3:TrackPointExtension>
            <ns3:hr>146</ns3:hr>
            <ns3:cad>84</ns3:cad>
          </ns3:TrackPointExtension>
        </extensions>
      </trkpt>
      <trkpt lat="31.02321325801312923431396484375" lon="121.42886082641780376434326171875">
        <ele>7</ele>
        <time>2026-05-11T12:49:32.000Z</time>
        <extensions>
          <ns3:TrackPointExtension>
            <ns3:hr>146</ns3:hr>
            <ns3:cad>84</ns3:cad>
          </ns3:TrackPointExtension>
        </extensions>
      </trkpt>
      <trkpt lat="31.0232091508805751800537109375" lon="121.42883048392832279205322265625">
        <ele>7</ele>
        <time>2026-05-11T12:49:33.000Z</time>
        <extensions>
          <ns3:TrackPointExtension>
            <ns3:hr>145</ns3:hr>
            <ns3:cad>84</ns3:cad>
          </ns3:TrackPointExtension>
        </extensions>
      </trkpt>
      <trkpt lat="31.0232061333954334259033203125" lon="121.4287913404405117034912109375">
        <ele>7</ele>
        <time>2026-05-11T12:49:34.000Z</time>
        <extensions>
          <ns3:TrackPointExtension>
            <ns3:hr>146</ns3:hr>
            <ns3:cad>84</ns3:cad>
          </ns3:TrackPointExtension>
        </extensions>
      </trkpt>
      <trkpt lat="31.02319858968257904052734375" lon="121.4287638477981090545654296875">
        <ele>7</ele>
        <time>2026-05-11T12:49:35.000Z</time>
        <extensions>
          <ns3:TrackPointExtension>
            <ns3:hr>146</ns3:hr>
            <ns3:cad>85</ns3:cad>
          </ns3:TrackPointExtension>
        </extensions>
      </trkpt>
      <trkpt lat="31.02318962104618549346923828125" lon="121.4287319965660572052001953125">
        <ele>7</ele>
        <time>2026-05-11T12:49:36.000Z</time>
        <extensions>
          <ns3:TrackPointExtension>
            <ns3:hr>145</ns3:hr>
            <ns3:cad>85</ns3:cad>
          </ns3:TrackPointExtension>
        </extensions>
      </trkpt>
      <trkpt lat="31.02317905984818935394287109375" lon="121.42870525829493999481201171875">
        <ele>7</ele>
        <time>2026-05-11T12:49:37.000Z</time>
        <extensions>
          <ns3:TrackPointExtension>
            <ns3:hr>146</ns3:hr>
            <ns3:cad>85</ns3:cad>
          </ns3:TrackPointExtension>
        </extensions>
      </trkpt>
      <trkpt lat="31.02316380478441715240478515625" lon="121.4286763407289981842041015625">
        <ele>7</ele>
        <time>2026-05-11T12:49:38.000Z</time>
        <extensions>
          <ns3:TrackPointExtension>
            <ns3:hr>146</ns3:hr>
            <ns3:cad>84</ns3:cad>
          </ns3:TrackPointExtension>
        </extensions>
      </trkpt>
      <trkpt lat="31.02315290831029415130615234375" lon="121.42864608205854892730712890625">
        <ele>7</ele>
        <time>2026-05-11T12:49:39.000Z</time>
        <extensions>
          <ns3:TrackPointExtension>
            <ns3:hr>146</ns3:hr>
            <ns3:cad>84</ns3:cad>
          </ns3:TrackPointExtension>
        </extensions>
      </trkpt>
      <trkpt lat="31.02313916198909282684326171875" lon="121.42862311564385890960693359375">
        <ele>7</ele>
        <time>2026-05-11T12:49:40.000Z</time>
        <extensions>
          <ns3:TrackPointExtension>
            <ns3:hr>147</ns3:hr>
            <ns3:cad>84</ns3:cad>
          </ns3:TrackPointExtension>
        </extensions>
      </trkpt>
      <trkpt lat="31.02312088944017887115478515625" lon="121.42859302461147308349609375">
        <ele>7</ele>
        <time>2026-05-11T12:49:41.000Z</time>
        <extensions>
          <ns3:TrackPointExtension>
            <ns3:hr>147</ns3:hr>
            <ns3:cad>84</ns3:cad>
          </ns3:TrackPointExtension>
        </extensions>
      </trkpt>
      <trkpt lat="31.0231042094528675079345703125" lon="121.42857232131063938140869140625">
        <ele>7.19999980926513671875</ele>
        <time>2026-05-11T12:49:42.000Z</time>
        <extensions>
          <ns3:TrackPointExtension>
            <ns3:hr>147</ns3:hr>
            <ns3:cad>84</ns3:cad>
          </ns3:TrackPointExtension>
        </extensions>
      </trkpt>
      <trkpt lat="31.02307948283851146697998046875" lon="121.42854876816272735595703125">
        <ele>7.19999980926513671875</ele>
        <time>2026-05-11T12:49:43.000Z</time>
        <extensions>
          <ns3:TrackPointExtension>
            <ns3:hr>147</ns3:hr>
            <ns3:cad>85</ns3:cad>
          </ns3:TrackPointExtension>
        </extensions>
      </trkpt>
      <trkpt lat="31.023059450089931488037109375" lon="121.42852655611932277679443359375">
        <ele>7.19999980926513671875</ele>
        <time>2026-05-11T12:49:44.000Z</time>
        <extensions>
          <ns3:TrackPointExtension>
            <ns3:hr>148</ns3:hr>
            <ns3:cad>85</ns3:cad>
          </ns3:TrackPointExtension>
        </extensions>
      </trkpt>
      <trkpt lat="31.02303572930395603179931640625" lon="121.42850509844720363616943359375">
        <ele>7.19999980926513671875</ele>
        <time>2026-05-11T12:49:45.000Z</time>
        <extensions>
          <ns3:TrackPointExtension>
            <ns3:hr>148</ns3:hr>
            <ns3:cad>85</ns3:cad>
          </ns3:TrackPointExtension>
        </extensions>
      </trkpt>
      <trkpt lat="31.023011840879917144775390625" lon="121.42848380841314792633056640625">
        <ele>7.19999980926513671875</ele>
        <time>2026-05-11T12:49:46.000Z</time>
        <extensions>
          <ns3:TrackPointExtension>
            <ns3:hr>148</ns3:hr>
            <ns3:cad>85</ns3:cad>
          </ns3:TrackPointExtension>
        </extensions>
      </trkpt>
      <trkpt lat="31.0229922272264957427978515625" lon="121.428473331034183502197265625">
        <ele>7.19999980926513671875</ele>
        <time>2026-05-11T12:49:47.000Z</time>
        <extensions>
          <ns3:TrackPointExtension>
            <ns3:hr>149</ns3:hr>
            <ns3:cad>85</ns3:cad>
          </ns3:TrackPointExtension>
        </extensions>
      </trkpt>
      <trkpt lat="31.0229623876512050628662109375" lon="121.42845698632299900054931640625">
        <ele>7.400000095367431640625</ele>
        <time>2026-05-11T12:49:48.000Z</time>
        <extensions>
          <ns3:TrackPointExtension>
            <ns3:hr>149</ns3:hr>
            <ns3:cad>85</ns3:cad>
          </ns3:TrackPointExtension>
        </extensions>
      </trkpt>
      <trkpt lat="31.0229377448558807373046875" lon="121.42844642512500286102294921875">
        <ele>7.400000095367431640625</ele>
        <time>2026-05-11T12:49:49.000Z</time>
        <extensions>
          <ns3:TrackPointExtension>
            <ns3:hr>150</ns3:hr>
            <ns3:cad>85</ns3:cad>
          </ns3:TrackPointExtension>
        </extensions>
      </trkpt>
      <trkpt lat="31.02290832437574863433837890625" lon="121.42843611538410186767578125">
        <ele>7.400000095367431640625</ele>
        <time>2026-05-11T12:49:50.000Z</time>
        <extensions>
          <ns3:TrackPointExtension>
            <ns3:hr>150</ns3:hr>
            <ns3:cad>84</ns3:cad>
          </ns3:TrackPointExtension>
        </extensions>
      </trkpt>
      <trkpt lat="31.0228842683136463165283203125" lon="121.428425721824169158935546875">
        <ele>7.400000095367431640625</ele>
        <time>2026-05-11T12:49:51.000Z</time>
        <extensions>
          <ns3:TrackPointExtension>
            <ns3:hr>150</ns3:hr>
            <ns3:cad>84</ns3:cad>
          </ns3:TrackPointExtension>
        </extensions>
      </trkpt>
      <trkpt lat="31.02285987697541713714599609375" lon="121.42842178232967853546142578125">
        <ele>7.400000095367431640625</ele>
        <time>2026-05-11T12:49:52.000Z</time>
        <extensions>
          <ns3:TrackPointExtension>
            <ns3:hr>150</ns3:hr>
            <ns3:cad>84</ns3:cad>
          </ns3:TrackPointExtension>
        </extensions>
      </trkpt>
      <trkpt lat="31.02283171378076076507568359375" lon="121.4284094609320163726806640625">
        <ele>7.19999980926513671875</ele>
        <time>2026-05-11T12:49:53.000Z</time>
        <extensions>
          <ns3:TrackPointExtension>
            <ns3:hr>150</ns3:hr>
            <ns3:cad>85</ns3:cad>
          </ns3:TrackPointExtension>
        </extensions>
      </trkpt>
      <trkpt lat="31.02280891500413417816162109375" lon="121.42840904183685779571533203125">
        <ele>7.19999980926513671875</ele>
        <time>2026-05-11T12:49:54.000Z</time>
        <extensions>
          <ns3:TrackPointExtension>
            <ns3:hr>151</ns3:hr>
            <ns3:cad>86</ns3:cad>
          </ns3:TrackPointExtension>
        </extensions>
      </trkpt>
      <trkpt lat="31.02278008125722408294677734375" lon="121.4284051023423671722412109375">
        <ele>7.400000095367431640625</ele>
        <time>2026-05-11T12:49:55.000Z</time>
        <extensions>
          <ns3:TrackPointExtension>
            <ns3:hr>150</ns3:hr>
            <ns3:cad>86</ns3:cad>
          </ns3:TrackPointExtension>
        </extensions>
      </trkpt>
      <trkpt lat="31.02275493554770946502685546875" lon="121.42840216867625713348388671875">
        <ele>7.400000095367431640625</ele>
        <time>2026-05-11T12:49:56.000Z</time>
        <extensions>
          <ns3:TrackPointExtension>
            <ns3:hr>150</ns3:hr>
            <ns3:cad>86</ns3:cad>
          </ns3:TrackPointExtension>
        </extensions>
      </trkpt>
      <trkpt lat="31.0227300412952899932861328125" lon="121.42840770073235034942626953125">
        <ele>7.400000095367431640625</ele>
        <time>2026-05-11T12:49:57.000Z</time>
        <extensions>
          <ns3:TrackPointExtension>
            <ns3:hr>150</ns3:hr>
            <ns3:cad>84</ns3:cad>
          </ns3:TrackPointExtension>
        </extensions>
      </trkpt>
      <trkpt lat="31.0227018781006336212158203125" lon="121.42840753309428691864013671875">
        <ele>7.400000095367431640625</ele>
        <time>2026-05-11T12:49:58.000Z</time>
        <extensions>
          <ns3:TrackPointExtension>
            <ns3:hr>150</ns3:hr>
            <ns3:cad>84</ns3:cad>
          </ns3:TrackPointExtension>
        </extensions>
      </trkpt>
      <trkpt lat="31.022678911685943603515625" lon="121.42841373570263385772705078125">
        <ele>7.19999980926513671875</ele>
        <time>2026-05-11T12:49:59.000Z</time>
        <extensions>
          <ns3:TrackPointExtension>
            <ns3:hr>151</ns3:hr>
            <ns3:cad>84</ns3:cad>
          </ns3:TrackPointExtension>
        </extensions>
      </trkpt>
      <trkpt lat="31.0226482339203357696533203125" lon="121.42842262051999568939208984375">
        <ele>7.400000095367431640625</ele>
        <time>2026-05-11T12:50:00.000Z</time>
        <extensions>
          <ns3:TrackPointExtension>
            <ns3:hr>150</ns3:hr>
            <ns3:cad>84</ns3:cad>
          </ns3:TrackPointExtension>
        </extensions>
      </trkpt>
      <trkpt lat="31.02262283675372600555419921875" lon="121.42842899076640605926513671875">
        <ele>7.400000095367431640625</ele>
        <time>2026-05-11T12:50:01.000Z</time>
        <extensions>
          <ns3:TrackPointExtension>
            <ns3:hr>150</ns3:hr>
            <ns3:cad>84</ns3:cad>
          </ns3:TrackPointExtension>
        </extensions>
      </trkpt>
      <trkpt lat="31.02259869687259197235107421875" lon="121.4284394681453704833984375">
        <ele>7.400000095367431640625</ele>
        <time>2026-05-11T12:50:02.000Z</time>
        <extensions>
          <ns3:TrackPointExtension>
            <ns3:hr>150</ns3:hr>
            <ns3:cad>84</ns3:cad>
          </ns3:TrackPointExtension>
        </extensions>
      </trkpt>
      <trkpt lat="31.0225681029260158538818359375" lon="121.428441144526004791259765625">
        <ele>7.400000095367431640625</ele>
        <time>2026-05-11T12:50:03.000Z</time>
        <extensions>
          <ns3:TrackPointExtension>
            <ns3:hr>151</ns3:hr>
            <ns3:cad>83</ns3:cad>
          </ns3:TrackPointExtension>
        </extensions>
      </trkpt>
      <trkpt lat="31.02254756726324558258056640625" lon="121.42844843678176403045654296875">
        <ele>7.400000095367431640625</ele>
        <time>2026-05-11T12:50:04.000Z</time>
        <extensions>
          <ns3:TrackPointExtension>
            <ns3:hr>150</ns3:hr>
            <ns3:cad>83</ns3:cad>
          </ns3:TrackPointExtension>
        </extensions>
      </trkpt>
      <trkpt lat="31.022518984973430633544921875" lon="121.42845933325588703155517578125">
        <ele>7.400000095367431640625</ele>
        <time>2026-05-11T12:50:05.000Z</time>
        <extensions>
          <ns3:TrackPointExtension>
            <ns3:hr>150</ns3:hr>
            <ns3:cad>83</ns3:cad>
          </ns3:TrackPointExtension>
        </extensions>
      </trkpt>
      <trkpt lat="31.02249392308294773101806640625" lon="121.4284654520452022552490234375">
        <ele>7.400000095367431640625</ele>
        <time>2026-05-11T12:50:06.000Z</time>
        <extensions>
          <ns3:TrackPointExtension>
            <ns3:hr>150</ns3:hr>
            <ns3:cad>83</ns3:cad>
          </ns3:TrackPointExtension>
        </extensions>
      </trkpt>
      <trkpt lat="31.02247112430632114410400390625" lon="121.42847626470029354095458984375">
        <ele>7.400000095367431640625</ele>
        <time>2026-05-11T12:50:07.000Z</time>
        <extensions>
          <ns3:TrackPointExtension>
            <ns3:hr>151</ns3:hr>
            <ns3:cad>83</ns3:cad>
          </ns3:TrackPointExtension>
        </extensions>
      </trkpt>
      <trkpt lat="31.02244279347360134124755859375" lon="121.42847827635705471038818359375">
        <ele>7.400000095367431640625</ele>
        <time>2026-05-11T12:50:08.000Z</time>
        <extensions>
          <ns3:TrackPointExtension>
            <ns3:hr>150</ns3:hr>
            <ns3:cad>83</ns3:cad>
          </ns3:TrackPointExtension>
        </extensions>
      </trkpt>
      <trkpt lat="31.02242234162986278533935546875" lon="121.4284882508218288421630859375">
        <ele>7.400000095367431640625</ele>
        <time>2026-05-11T12:50:09.000Z</time>
        <extensions>
          <ns3:TrackPointExtension>
            <ns3:hr>150</ns3:hr>
            <ns3:cad>83</ns3:cad>
          </ns3:TrackPointExtension>
        </extensions>
      </trkpt>
      <trkpt lat="31.02239535190165042877197265625" lon="121.42849939875304698944091796875">
        <ele>7.400000095367431640625</ele>
        <time>2026-05-11T12:50:10.000Z</time>
        <extensions>
          <ns3:TrackPointExtension>
            <ns3:hr>150</ns3:hr>
            <ns3:cad>83</ns3:cad>
          </ns3:TrackPointExtension>
        </extensions>
      </trkpt>
      <trkpt lat="31.0223655961453914642333984375" lon="121.4285009913146495819091796875">
        <ele>7.400000095367431640625</ele>
        <time>2026-05-11T12:50:11.000Z</time>
        <extensions>
          <ns3:TrackPointExtension>
            <ns3:hr>151</ns3:hr>
            <ns3:cad>83</ns3:cad>
          </ns3:TrackPointExtension>
        </extensions>
      </trkpt>
      <trkpt lat="31.02234455756843090057373046875" lon="121.428505517542362213134765625">
        <ele>7.400000095367431640625</ele>
        <time>2026-05-11T12:50:12.000Z</time>
        <extensions>
          <ns3:TrackPointExtension>
            <ns3:hr>150</ns3:hr>
            <ns3:cad>83</ns3:cad>
          </ns3:TrackPointExtension>
        </extensions>
      </trkpt>
      <trkpt lat="31.022315137088298797607421875" lon="121.42850861884653568267822265625">
        <ele>7.400000095367431640625</ele>
        <time>2026-05-11T12:50:13.000Z</time>
        <extensions>
          <ns3:TrackPointExtension>
            <ns3:hr>150</ns3:hr>
            <ns3:cad>83</ns3:cad>
          </ns3:TrackPointExtension>
        </extensions>
      </trkpt>
      <trkpt lat="31.0222971998155117034912109375" lon="121.42851968295872211456298828125">
        <ele>7.400000095367431640625</ele>
        <time>2026-05-11T12:50:14.000Z</time>
        <extensions>
          <ns3:TrackPointExtension>
            <ns3:hr>150</ns3:hr>
            <ns3:cad>83</ns3:cad>
          </ns3:TrackPointExtension>
        </extensions>
      </trkpt>
      <trkpt lat="31.022274233400821685791015625" lon="121.42853225581347942352294921875">
        <ele>7.400000095367431640625</ele>
        <time>2026-05-11T12:50:15.000Z</time>
        <extensions>
          <ns3:TrackPointExtension>
            <ns3:hr>150</ns3:hr>
            <ns3:cad>83</ns3:cad>
          </ns3:TrackPointExtension>
        </extensions>
      </trkpt>
      <trkpt lat="31.02225244045257568359375" lon="121.42853728495538234710693359375">
        <ele>7.400000095367431640625</ele>
        <time>2026-05-11T12:50:16.000Z</time>
        <extensions>
          <ns3:TrackPointExtension>
            <ns3:hr>149</ns3:hr>
            <ns3:cad>83</ns3:cad>
          </ns3:TrackPointExtension>
        </extensions>
      </trkpt>
      <trkpt lat="31.02223358117043972015380859375" lon="121.42854415811598300933837890625">
        <ele>7.400000095367431640625</ele>
        <time>2026-05-11T12:50:17.000Z</time>
        <extensions>
          <ns3:TrackPointExtension>
            <ns3:hr>149</ns3:hr>
            <ns3:cad>84</ns3:cad>
          </ns3:TrackPointExtension>
        </extensions>
      </trkpt>
      <trkpt lat="31.02220508269965648651123046875" lon="121.42854315228760242462158203125">
        <ele>7.400000095367431640625</ele>
        <time>2026-05-11T12:50:18.000Z</time>
        <extensions>
          <ns3:TrackPointExtension>
            <ns3:hr>150</ns3:hr>
            <ns3:cad>84</ns3:cad>
          </ns3:TrackPointExtension>
        </extensions>
      </trkpt>
      <trkpt lat="31.02218630723655223846435546875" lon="121.428550779819488525390625">
        <ele>7.400000095367431640625</ele>
        <time>2026-05-11T12:50:19.000Z</time>
        <extensions>
          <ns3:TrackPointExtension>
            <ns3:hr>150</ns3:hr>
            <ns3:cad>84</ns3:cad>
          </ns3:TrackPointExtension>
        </extensions>
      </trkpt>
      <trkpt lat="31.02215596474707126617431640625" lon="121.428561508655548095703125">
        <ele>7.400000095367431640625</ele>
        <time>2026-05-11T12:50:20.000Z</time>
        <extensions>
          <ns3:TrackPointExtension>
            <ns3:hr>150</ns3:hr>
            <ns3:cad>84</ns3:cad>
          </ns3:TrackPointExtension>
        </extensions>
      </trkpt>
      <trkpt lat="31.022128723561763763427734375" lon="121.42856745980679988861083984375">
        <ele>7.400000095367431640625</ele>
        <time>2026-05-11T12:50:21.000Z</time>
        <extensions>
          <ns3:TrackPointExtension>
            <ns3:hr>149</ns3:hr>
            <ns3:cad>84</ns3:cad>
          </ns3:TrackPointExtension>
        </extensions>
      </trkpt>
      <trkpt lat="31.0221054218709468841552734375" lon="121.42857366241514682769775390625">
        <ele>7.599999904632568359375</ele>
        <time>2026-05-11T12:50:22.000Z</time>
        <extensions>
          <ns3:TrackPointExtension>
            <ns3:hr>150</ns3:hr>
            <ns3:cad>84</ns3:cad>
          </ns3:TrackPointExtension>
        </extensions>
      </trkpt>
      <trkpt lat="31.02207566611468791961669921875" lon="121.42857835628092288970947265625">
        <ele>7.599999904632568359375</ele>
        <time>2026-05-11T12:50:23.000Z</time>
        <extensions>
          <ns3:TrackPointExtension>
            <ns3:hr>150</ns3:hr>
            <ns3:cad>84</ns3:cad>
          </ns3:TrackPointExtension>
        </extensions>
      </trkpt>
      <trkpt lat="31.02205370552837848663330078125" lon="121.42858422361314296722412109375">
        <ele>7.599999904632568359375</ele>
        <time>2026-05-11T12:50:24.000Z</time>
        <extensions>
          <ns3:TrackPointExtension>
            <ns3:hr>150</ns3:hr>
            <ns3:cad>84</ns3:cad>
          </ns3:TrackPointExtension>
        </extensions>
      </trkpt>
      <trkpt lat="31.02202512323856353759765625" lon="121.4285938628017902374267578125">
        <ele>7.599999904632568359375</ele>
        <time>2026-05-11T12:50:25.000Z</time>
        <extensions>
          <ns3:TrackPointExtension>
            <ns3:hr>149</ns3:hr>
            <ns3:cad>85</ns3:cad>
          </ns3:TrackPointExtension>
        </extensions>
      </trkpt>
      <trkpt lat="31.0220031626522541046142578125" lon="121.4285982213914394378662109375">
        <ele>7.599999904632568359375</ele>
        <time>2026-05-11T12:50:26.000Z</time>
        <extensions>
          <ns3:TrackPointExtension>
            <ns3:hr>149</ns3:hr>
            <ns3:cad>84</ns3:cad>
          </ns3:TrackPointExtension>
        </extensions>
      </trkpt>
      <trkpt lat="31.02198354899883270263671875" lon="121.42861423082649707794189453125">
        <ele>7.599999904632568359375</ele>
        <time>2026-05-11T12:50:27.000Z</time>
        <extensions>
          <ns3:TrackPointExtension>
            <ns3:hr>149</ns3:hr>
            <ns3:cad>84</ns3:cad>
          </ns3:TrackPointExtension>
        </extensions>
      </trkpt>
      <trkpt lat="31.021959744393825531005859375" lon="121.42862143926322460174560546875">
        <ele>7.599999904632568359375</ele>
        <time>2026-05-11T12:50:28.000Z</time>
        <extensions>
          <ns3:TrackPointExtension>
            <ns3:hr>149</ns3:hr>
            <ns3:cad>84</ns3:cad>
          </ns3:TrackPointExtension>
        </extensions>
      </trkpt>
      <trkpt lat="31.0219428129494190216064453125" lon="121.428632251918315887451171875">
        <ele>7.599999904632568359375</ele>
        <time>2026-05-11T12:50:29.000Z</time>
        <extensions>
          <ns3:TrackPointExtension>
            <ns3:hr>149</ns3:hr>
            <ns3:cad>83</ns3:cad>
          </ns3:TrackPointExtension>
        </extensions>
      </trkpt>
      <trkpt lat="31.02192395366728305816650390625" lon="121.428647339344024658203125">
        <ele>7.599999904632568359375</ele>
        <time>2026-05-11T12:50:30.000Z</time>
        <extensions>
          <ns3:TrackPointExtension>
            <ns3:hr>149</ns3:hr>
            <ns3:cad>82</ns3:cad>
          </ns3:TrackPointExtension>
        </extensions>
      </trkpt>
      <trkpt lat="31.02190031670033931732177734375" lon="121.42865781672298908233642578125">
        <ele>7.599999904632568359375</ele>
        <time>2026-05-11T12:50:31.000Z</time>
        <extensions>
          <ns3:TrackPointExtension>
            <ns3:hr>148</ns3:hr>
            <ns3:cad>82</ns3:cad>
          </ns3:TrackPointExtension>
        </extensions>
      </trkpt>
      <trkpt lat="31.021883301436901092529296875" lon="121.428674161434173583984375">
        <ele>7.599999904632568359375</ele>
        <time>2026-05-11T12:50:32.000Z</time>
        <extensions>
          <ns3:TrackPointExtension>
            <ns3:hr>148</ns3:hr>
            <ns3:cad>82</ns3:cad>
          </ns3:TrackPointExtension>
        </extensions>
      </trkpt>
      <trkpt lat="31.02186092175543308258056640625" lon="121.42869620583951473236083984375">
        <ele>7.599999904632568359375</ele>
        <time>2026-05-11T12:50:33.000Z</time>
        <extensions>
          <ns3:TrackPointExtension>
            <ns3:hr>148</ns3:hr>
            <ns3:cad>81</ns3:cad>
          </ns3:TrackPointExtension>
        </extensions>
      </trkpt>
      <trkpt lat="31.0218405537307262420654296875" lon="121.4287189207971096038818359375">
        <ele>7.599999904632568359375</ele>
        <time>2026-05-11T12:50:34.000Z</time>
        <extensions>
          <ns3:TrackPointExtension>
            <ns3:hr>148</ns3:hr>
            <ns3:cad>82</ns3:cad>
          </ns3:TrackPointExtension>
        </extensions>
      </trkpt>
      <trkpt lat="31.02182437665760517120361328125" lon="121.428744234144687652587890625">
        <ele>7.599999904632568359375</ele>
        <time>2026-05-11T12:50:35.000Z</time>
        <extensions>
          <ns3:TrackPointExtension>
            <ns3:hr>147</ns3:hr>
            <ns3:cad>82</ns3:cad>
          </ns3:TrackPointExtension>
        </extensions>
      </trkpt>
      <trkpt lat="31.02180358953773975372314453125" lon="121.42876544035971164703369140625">
        <ele>7.599999904632568359375</ele>
        <time>2026-05-11T12:50:36.000Z</time>
        <extensions>
          <ns3:TrackPointExtension>
            <ns3:hr>147</ns3:hr>
            <ns3:cad>82</ns3:cad>
          </ns3:TrackPointExtension>
        </extensions>
      </trkpt>
      <trkpt lat="31.02178967557847499847412109375" lon="121.42878589220345020294189453125">
        <ele>7.599999904632568359375</ele>
        <time>2026-05-11T12:50:37.000Z</time>
        <extensions>
          <ns3:TrackPointExtension>
            <ns3:hr>147</ns3:hr>
            <ns3:cad>83</ns3:cad>
          </ns3:TrackPointExtension>
        </extensions>
      </trkpt>
      <trkpt lat="31.0217709839344024658203125" lon="121.42881522886455059051513671875">
        <ele>7.80000019073486328125</ele>
        <time>2026-05-11T12:50:38.000Z</time>
        <extensions>
          <ns3:TrackPointExtension>
            <ns3:hr>147</ns3:hr>
            <ns3:cad>84</ns3:cad>
          </ns3:TrackPointExtension>
        </extensions>
      </trkpt>
      <trkpt lat="31.0217522084712982177734375" lon="121.4288362674415111541748046875">
        <ele>7.80000019073486328125</ele>
        <time>2026-05-11T12:50:39.000Z</time>
        <extensions>
          <ns3:TrackPointExtension>
            <ns3:hr>147</ns3:hr>
            <ns3:cad>84</ns3:cad>
          </ns3:TrackPointExtension>
        </extensions>
      </trkpt>
      <trkpt lat="31.0217429883778095245361328125" lon="121.42886459827423095703125">
        <ele>7.80000019073486328125</ele>
        <time>2026-05-11T12:50:40.000Z</time>
        <extensions>
          <ns3:TrackPointExtension>
            <ns3:hr>147</ns3:hr>
            <ns3:cad>84</ns3:cad>
          </ns3:TrackPointExtension>
        </extensions>
      </trkpt>
      <trkpt lat="31.02172848768532276153564453125" lon="121.42889368347823619842529296875">
        <ele>7.80000019073486328125</ele>
        <time>2026-05-11T12:50:41.000Z</time>
        <extensions>
          <ns3:TrackPointExtension>
            <ns3:hr>147</ns3:hr>
            <ns3:cad>84</ns3:cad>
          </ns3:TrackPointExtension>
        </extensions>
      </trkpt>
      <trkpt lat="31.0217242129147052764892578125" lon="121.42891765572130680084228515625">
        <ele>7.80000019073486328125</ele>
        <time>2026-05-11T12:50:42.000Z</time>
        <extensions>
          <ns3:TrackPointExtension>
            <ns3:hr>147</ns3:hr>
            <ns3:cad>84</ns3:cad>
          </ns3:TrackPointExtension>
        </extensions>
      </trkpt>
      <trkpt lat="31.021712310612201690673828125" lon="121.42894716002047061920166015625">
        <ele>7.80000019073486328125</ele>
        <time>2026-05-11T12:50:43.000Z</time>
        <extensions>
          <ns3:TrackPointExtension>
            <ns3:hr>146</ns3:hr>
            <ns3:cad>84</ns3:cad>
          </ns3:TrackPointExtension>
        </extensions>
      </trkpt>
      <trkpt lat="31.02170401252806186676025390625" lon="121.42897264100611209869384765625">
        <ele>7.80000019073486328125</ele>
        <time>2026-05-11T12:50:44.000Z</time>
        <extensions>
          <ns3:TrackPointExtension>
            <ns3:hr>146</ns3:hr>
            <ns3:cad>84</ns3:cad>
          </ns3:TrackPointExtension>
        </extensions>
      </trkpt>
      <trkpt lat="31.02169998921453952789306640625" lon="121.42900499515235424041748046875">
        <ele>7.80000019073486328125</ele>
        <time>2026-05-11T12:50:45.000Z</time>
        <extensions>
          <ns3:TrackPointExtension>
            <ns3:hr>147</ns3:hr>
            <ns3:cad>84</ns3:cad>
          </ns3:TrackPointExtension>
        </extensions>
      </trkpt>
      <trkpt lat="31.02169655263423919677734375" lon="121.42903550527989864349365234375">
        <ele>7.80000019073486328125</ele>
        <time>2026-05-11T12:50:46.000Z</time>
        <extensions>
          <ns3:TrackPointExtension>
            <ns3:hr>147</ns3:hr>
            <ns3:cad>84</ns3:cad>
          </ns3:TrackPointExtension>
        </extensions>
      </trkpt>
      <trkpt lat="31.02169831283390522003173828125" lon="121.42906249500811100006103515625">
        <ele>8</ele>
        <time>2026-05-11T12:50:47.000Z</time>
        <extensions>
          <ns3:TrackPointExtension>
            <ns3:hr>147</ns3:hr>
            <ns3:cad>84</ns3:cad>
          </ns3:TrackPointExtension>
        </extensions>
      </trkpt>
      <trkpt lat="31.0216940380632877349853515625" lon="121.429096944630146026611328125">
        <ele>8</ele>
        <time>2026-05-11T12:50:48.000Z</time>
        <extensions>
          <ns3:TrackPointExtension>
            <ns3:hr>147</ns3:hr>
            <ns3:cad>84</ns3:cad>
          </ns3:TrackPointExtension>
        </extensions>
      </trkpt>
      <trkpt lat="31.02169663645327091217041015625" lon="121.4291185699403285980224609375">
        <ele>8</ele>
        <time>2026-05-11T12:50:49.000Z</time>
        <extensions>
          <ns3:TrackPointExtension>
            <ns3:hr>147</ns3:hr>
            <ns3:cad>85</ns3:cad>
          </ns3:TrackPointExtension>
        </extensions>
      </trkpt>
      <trkpt lat="31.0217004083096981048583984375" lon="121.42915318720042705535888671875">
        <ele>8</ele>
        <time>2026-05-11T12:50:50.000Z</time>
        <extensions>
          <ns3:TrackPointExtension>
            <ns3:hr>147</ns3:hr>
            <ns3:cad>85</ns3:cad>
          </ns3:TrackPointExtension>
        </extensions>
      </trkpt>
      <trkpt lat="31.0217087902128696441650390625" lon="121.42917850054800510406494140625">
        <ele>8</ele>
        <time>2026-05-11T12:50:51.000Z</time>
        <extensions>
          <ns3:TrackPointExtension>
            <ns3:hr>147</ns3:hr>
            <ns3:cad>85</ns3:cad>
          </ns3:TrackPointExtension>
        </extensions>
      </trkpt>
      <trkpt lat="31.0217198543250560760498046875" lon="121.42920398153364658355712890625">
        <ele>8</ele>
        <time>2026-05-11T12:50:52.000Z</time>
        <extensions>
          <ns3:TrackPointExtension>
            <ns3:hr>147</ns3:hr>
            <ns3:cad>85</ns3:cad>
          </ns3:TrackPointExtension>
        </extensions>
      </trkpt>
      <trkpt lat="31.02172530256211757659912109375" lon="121.42923298291862010955810546875">
        <ele>7.80000019073486328125</ele>
        <time>2026-05-11T12:50:53.000Z</time>
        <extensions>
          <ns3:TrackPointExtension>
            <ns3:hr>147</ns3:hr>
            <ns3:cad>85</ns3:cad>
          </ns3:TrackPointExtension>
        </extensions>
      </trkpt>
      <trkpt lat="31.02173703722655773162841796875" lon="121.42925628460943698883056640625">
        <ele>7.80000019073486328125</ele>
        <time>2026-05-11T12:50:54.000Z</time>
        <extensions>
          <ns3:TrackPointExtension>
            <ns3:hr>147</ns3:hr>
            <ns3:cad>84</ns3:cad>
          </ns3:TrackPointExtension>
        </extensions>
      </trkpt>
      <trkpt lat="31.02175028063356876373291015625" lon="121.429288052022457122802734375">
        <ele>7.80000019073486328125</ele>
        <time>2026-05-11T12:50:55.000Z</time>
        <extensions>
          <ns3:TrackPointExtension>
            <ns3:hr>147</ns3:hr>
            <ns3:cad>84</ns3:cad>
          </ns3:TrackPointExtension>
        </extensions>
      </trkpt>
      <trkpt lat="31.02176838554441928863525390625" lon="121.42930724658071994781494140625">
        <ele>7.80000019073486328125</ele>
        <time>2026-05-11T12:50:56.000Z</time>
        <extensions>
          <ns3:TrackPointExtension>
            <ns3:hr>147</ns3:hr>
            <ns3:cad>84</ns3:cad>
          </ns3:TrackPointExtension>
        </extensions>
      </trkpt>
      <trkpt lat="31.02178581990301609039306640625" lon="121.429328285157680511474609375">
        <ele>7.80000019073486328125</ele>
        <time>2026-05-11T12:50:57.000Z</time>
        <extensions>
          <ns3:TrackPointExtension>
            <ns3:hr>147</ns3:hr>
            <ns3:cad>84</ns3:cad>
          </ns3:TrackPointExtension>
        </extensions>
      </trkpt>
      <trkpt lat="31.02179889567196369171142578125" lon="121.429352425038814544677734375">
        <ele>8</ele>
        <time>2026-05-11T12:50:58.000Z</time>
        <extensions>
          <ns3:TrackPointExtension>
            <ns3:hr>147</ns3:hr>
            <ns3:cad>85</ns3:cad>
          </ns3:TrackPointExtension>
        </extensions>
      </trkpt>
      <trkpt lat="31.02181616239249706268310546875" lon="121.4293696917593479156494140625">
        <ele>8</ele>
        <time>2026-05-11T12:50:59.000Z</time>
        <extensions>
          <ns3:TrackPointExtension>
            <ns3:hr>147</ns3:hr>
            <ns3:cad>85</ns3:cad>
          </ns3:TrackPointExtension>
        </extensions>
      </trkpt>
      <trkpt lat="31.02183468639850616455078125" lon="121.429396010935306549072265625">
        <ele>8</ele>
        <time>2026-05-11T12:51:00.000Z</time>
        <extensions>
          <ns3:TrackPointExtension>
            <ns3:hr>147</ns3:hr>
            <ns3:cad>85</ns3:cad>
          </ns3:TrackPointExtension>
        </extensions>
      </trkpt>
      <trkpt lat="31.0218502767384052276611328125" lon="121.42940984107553958892822265625">
        <ele>8</ele>
        <time>2026-05-11T12:51:01.000Z</time>
        <extensions>
          <ns3:TrackPointExtension>
            <ns3:hr>147</ns3:hr>
            <ns3:cad>85</ns3:cad>
          </ns3:TrackPointExtension>
        </extensions>
      </trkpt>
      <trkpt lat="31.02187131531536579132080078125" lon="121.42942945472896099090576171875">
        <ele>8</ele>
        <time>2026-05-11T12:51:02.000Z</time>
        <extensions>
          <ns3:TrackPointExtension>
            <ns3:hr>147</ns3:hr>
            <ns3:cad>85</ns3:cad>
          </ns3:TrackPointExtension>
        </extensions>
      </trkpt>
      <trkpt lat="31.0218898393213748931884765625" lon="121.42944605089724063873291015625">
        <ele>8</ele>
        <time>2026-05-11T12:51:03.000Z</time>
        <extensions>
          <ns3:TrackPointExtension>
            <ns3:hr>147</ns3:hr>
            <ns3:cad>84</ns3:cad>
          </ns3:TrackPointExtension>
        </extensions>
      </trkpt>
      <trkpt lat="31.02191381156444549560546875" lon="121.42945845611393451690673828125">
        <ele>7.80000019073486328125</ele>
        <time>2026-05-11T12:51:04.000Z</time>
        <extensions>
          <ns3:TrackPointExtension>
            <ns3:hr>147</ns3:hr>
            <ns3:cad>84</ns3:cad>
          </ns3:TrackPointExtension>
        </extensions>
      </trkpt>
      <trkpt lat="31.02193367667496204376220703125" lon="121.429476477205753326416015625">
        <ele>7.80000019073486328125</ele>
        <time>2026-05-11T12:51:05.000Z</time>
        <extensions>
          <ns3:TrackPointExtension>
            <ns3:hr>147</ns3:hr>
            <ns3:cad>85</ns3:cad>
          </ns3:TrackPointExtension>
        </extensions>
      </trkpt>
      <trkpt lat="31.02195580489933490753173828125" lon="121.42948293127119541168212890625">
        <ele>7.80000019073486328125</ele>
        <time>2026-05-11T12:51:06.000Z</time>
        <extensions>
          <ns3:TrackPointExtension>
            <ns3:hr>147</ns3:hr>
            <ns3:cad>85</ns3:cad>
          </ns3:TrackPointExtension>
        </extensions>
      </trkpt>
      <trkpt lat="31.02198078297078609466552734375" lon="121.42949885688722133636474609375">
        <ele>7.80000019073486328125</ele>
        <time>2026-05-11T12:51:07.000Z</time>
        <extensions>
          <ns3:TrackPointExtension>
            <ns3:hr>148</ns3:hr>
            <ns3:cad>85</ns3:cad>
          </ns3:TrackPointExtension>
        </extensions>
      </trkpt>
      <trkpt lat="31.02200106717646121978759765625" lon="121.42950539477169513702392578125">
        <ele>7.80000019073486328125</ele>
        <time>2026-05-11T12:51:08.000Z</time>
        <extensions>
          <ns3:TrackPointExtension>
            <ns3:hr>148</ns3:hr>
            <ns3:cad>85</ns3:cad>
          </ns3:TrackPointExtension>
        </extensions>
      </trkpt>
      <trkpt lat="31.0220252908766269683837890625" lon="121.42950891517102718353271484375">
        <ele>7.80000019073486328125</ele>
        <time>2026-05-11T12:51:09.000Z</time>
        <extensions>
          <ns3:TrackPointExtension>
            <ns3:hr>147</ns3:hr>
            <ns3:cad>86</ns3:cad>
          </ns3:TrackPointExtension>
        </extensions>
      </trkpt>
      <trkpt lat="31.0220501013100147247314453125" lon="121.42951696179807186126708984375">
        <ele>7.80000019073486328125</ele>
        <time>2026-05-11T12:51:10.000Z</time>
        <extensions>
          <ns3:TrackPointExtension>
            <ns3:hr>147</ns3:hr>
            <ns3:cad>85</ns3:cad>
          </ns3:TrackPointExtension>
        </extensions>
      </trkpt>
      <trkpt lat="31.02207315154373645782470703125" lon="121.429518721997737884521484375">
        <ele>7.80000019073486328125</ele>
        <time>2026-05-11T12:51:11.000Z</time>
        <extensions>
          <ns3:TrackPointExtension>
            <ns3:hr>148</ns3:hr>
            <ns3:cad>85</ns3:cad>
          </ns3:TrackPointExtension>
        </extensions>
      </trkpt>
      <trkpt lat="31.02209812961518764495849609375" lon="121.4295269362628459930419921875">
        <ele>7.80000019073486328125</ele>
        <time>2026-05-11T12:51:12.000Z</time>
        <extensions>
          <ns3:TrackPointExtension>
            <ns3:hr>147</ns3:hr>
            <ns3:cad>85</ns3:cad>
          </ns3:TrackPointExtension>
        </extensions>
      </trkpt>
      <trkpt lat="31.0221178270876407623291015625" lon="121.42952400259673595428466796875">
        <ele>7.80000019073486328125</ele>
        <time>2026-05-11T12:51:13.000Z</time>
        <extensions>
          <ns3:TrackPointExtension>
            <ns3:hr>147</ns3:hr>
            <ns3:cad>85</ns3:cad>
          </ns3:TrackPointExtension>
        </extensions>
      </trkpt>
      <trkpt lat="31.02214590646326541900634765625" lon="121.4295235835015773773193359375">
        <ele>7.80000019073486328125</ele>
        <time>2026-05-11T12:51:14.000Z</time>
        <extensions>
          <ns3:TrackPointExtension>
            <ns3:hr>147</ns3:hr>
            <ns3:cad>84</ns3:cad>
          </ns3:TrackPointExtension>
        </extensions>
      </trkpt>
      <trkpt lat="31.02216836996376514434814453125" lon="121.42951570451259613037109375">
        <ele>7.80000019073486328125</ele>
        <time>2026-05-11T12:51:15.000Z</time>
        <extensions>
          <ns3:TrackPointExtension>
            <ns3:hr>147</ns3:hr>
            <ns3:cad>84</ns3:cad>
          </ns3:TrackPointExtension>
        </extensions>
      </trkpt>
      <trkpt lat="31.02219167165458202362060546875" lon="121.4295061491429805755615234375">
        <ele>7.80000019073486328125</ele>
        <time>2026-05-11T12:51:16.000Z</time>
        <extensions>
          <ns3:TrackPointExtension>
            <ns3:hr>148</ns3:hr>
            <ns3:cad>84</ns3:cad>
          </ns3:TrackPointExtension>
        </extensions>
      </trkpt>
      <trkpt lat="31.02221732027828693389892578125" lon="121.4295054785907268524169921875">
        <ele>7.80000019073486328125</ele>
        <time>2026-05-11T12:51:17.000Z</time>
        <extensions>
          <ns3:TrackPointExtension>
            <ns3:hr>148</ns3:hr>
            <ns3:cad>85</ns3:cad>
          </ns3:TrackPointExtension>
        </extensions>
      </trkpt>
      <trkpt lat="31.022239364683628082275390625" lon="121.42949935980141162872314453125">
        <ele>7.80000019073486328125</ele>
        <time>2026-05-11T12:51:18.000Z</time>
        <extensions>
          <ns3:TrackPointExtension>
            <ns3:hr>148</ns3:hr>
            <ns3:cad>85</ns3:cad>
          </ns3:TrackPointExtension>
        </extensions>
      </trkpt>
      <trkpt lat="31.02226476185023784637451171875" lon="121.429493241012096405029296875">
        <ele>7.80000019073486328125</ele>
        <time>2026-05-11T12:51:19.000Z</time>
        <extensions>
          <ns3:TrackPointExtension>
            <ns3:hr>148</ns3:hr>
            <ns3:cad>85</ns3:cad>
          </ns3:TrackPointExtension>
        </extensions>
      </trkpt>
      <trkpt lat="31.02228387258946895599365234375" lon="121.4294843561947345733642578125">
        <ele>7.80000019073486328125</ele>
        <time>2026-05-11T12:51:20.000Z</time>
        <extensions>
          <ns3:TrackPointExtension>
            <ns3:hr>148</ns3:hr>
            <ns3:cad>85</ns3:cad>
          </ns3:TrackPointExtension>
        </extensions>
      </trkpt>
      <trkpt lat="31.02230667136609554290771484375" lon="121.4294746331870555877685546875">
        <ele>7.80000019073486328125</ele>
        <time>2026-05-11T12:51:21.000Z</time>
        <extensions>
          <ns3:TrackPointExtension>
            <ns3:hr>148</ns3:hr>
            <ns3:cad>84</ns3:cad>
          </ns3:TrackPointExtension>
        </extensions>
      </trkpt>
      <trkpt lat="31.02233399637043476104736328125" lon="121.42946935258805751800537109375">
        <ele>7.80000019073486328125</ele>
        <time>2026-05-11T12:51:22.000Z</time>
        <extensions>
          <ns3:TrackPointExtension>
            <ns3:hr>149</ns3:hr>
            <ns3:cad>84</ns3:cad>
          </ns3:TrackPointExtension>
        </extensions>
      </trkpt>
      <trkpt lat="31.02235629223287105560302734375" lon="121.4294622279703617095947265625">
        <ele>7.80000019073486328125</ele>
        <time>2026-05-11T12:51:23.000Z</time>
        <extensions>
          <ns3:TrackPointExtension>
            <ns3:hr>148</ns3:hr>
            <ns3:cad>84</ns3:cad>
          </ns3:TrackPointExtension>
        </extensions>
      </trkpt>
      <trkpt lat="31.02238663472235202789306640625" lon="121.42946046777069568634033203125">
        <ele>7.80000019073486328125</ele>
        <time>2026-05-11T12:51:24.000Z</time>
        <extensions>
          <ns3:TrackPointExtension>
            <ns3:hr>148</ns3:hr>
            <ns3:cad>84</ns3:cad>
          </ns3:TrackPointExtension>
        </extensions>
      </trkpt>
      <trkpt lat="31.02240758948028087615966796875" lon="121.42945024184882640838623046875">
        <ele>7.80000019073486328125</ele>
        <time>2026-05-11T12:51:25.000Z</time>
        <extensions>
          <ns3:TrackPointExtension>
            <ns3:hr>148</ns3:hr>
            <ns3:cad>84</ns3:cad>
          </ns3:TrackPointExtension>
        </extensions>
      </trkpt>
      <trkpt lat="31.0224319808185100555419921875" lon="121.429439596831798553466796875">
        <ele>8</ele>
        <time>2026-05-11T12:51:26.000Z</time>
        <extensions>
          <ns3:TrackPointExtension>
            <ns3:hr>147</ns3:hr>
            <ns3:cad>84</ns3:cad>
          </ns3:TrackPointExtension>
        </extensions>
      </trkpt>
      <trkpt lat="31.02245561778545379638671875" lon="121.42943297512829303741455078125">
        <ele>8</ele>
        <time>2026-05-11T12:51:27.000Z</time>
        <extensions>
          <ns3:TrackPointExtension>
            <ns3:hr>147</ns3:hr>
            <ns3:cad>84</ns3:cad>
          </ns3:TrackPointExtension>
        </extensions>
      </trkpt>
      <trkpt lat="31.0224779136478900909423828125" lon="121.42942291684448719024658203125">
        <ele>8</ele>
        <time>2026-05-11T12:51:28.000Z</time>
        <extensions>
          <ns3:TrackPointExtension>
            <ns3:hr>146</ns3:hr>
            <ns3:cad>84</ns3:cad>
          </ns3:TrackPointExtension>
        </extensions>
      </trkpt>
      <trkpt lat="31.0225040651857852935791015625" lon="121.4294219948351383209228515625">
        <ele>8</ele>
        <time>2026-05-11T12:51:29.000Z</time>
        <extensions>
          <ns3:TrackPointExtension>
            <ns3:hr>146</ns3:hr>
            <ns3:cad>84</ns3:cad>
          </ns3:TrackPointExtension>
        </extensions>
      </trkpt>
      <trkpt lat="31.0225245170295238494873046875" lon="121.429417133331298828125">
        <ele>8</ele>
        <time>2026-05-11T12:51:30.000Z</time>
        <extensions>
          <ns3:TrackPointExtension>
            <ns3:hr>146</ns3:hr>
            <ns3:cad>85</ns3:cad>
          </ns3:TrackPointExtension>
        </extensions>
      </trkpt>
      <trkpt lat="31.02255041711032390594482421875" lon="121.42941302619874477386474609375">
        <ele>7.80000019073486328125</ele>
        <time>2026-05-11T12:51:31.000Z</time>
        <extensions>
          <ns3:TrackPointExtension>
            <ns3:hr>145</ns3:hr>
            <ns3:cad>85</ns3:cad>
          </ns3:TrackPointExtension>
        </extensions>
      </trkpt>
      <trkpt lat="31.02256835438311100006103515625" lon="121.42940313555300235748291015625">
        <ele>7.80000019073486328125</ele>
        <time>2026-05-11T12:51:32.000Z</time>
        <extensions>
          <ns3:TrackPointExtension>
            <ns3:hr>145</ns3:hr>
            <ns3:cad>85</ns3:cad>
          </ns3:TrackPointExtension>
        </extensions>
      </trkpt>
      <trkpt lat="31.02259106934070587158203125" lon="121.42939173616468906402587890625">
        <ele>7.80000019073486328125</ele>
        <time>2026-05-11T12:51:33.000Z</time>
        <extensions>
          <ns3:TrackPointExtension>
            <ns3:hr>145</ns3:hr>
            <ns3:cad>86</ns3:cad>
          </ns3:TrackPointExtension>
        </extensions>
      </trkpt>
      <trkpt lat="31.022614538669586181640625" lon="121.42938553355634212493896484375">
        <ele>7.80000019073486328125</ele>
        <time>2026-05-11T12:51:34.000Z</time>
        <extensions>
          <ns3:TrackPointExtension>
            <ns3:hr>145</ns3:hr>
            <ns3:cad>86</ns3:cad>
          </ns3:TrackPointExtension>
        </extensions>
      </trkpt>
      <trkpt lat="31.02263490669429302215576171875" lon="121.4293760620057582855224609375">
        <ele>7.80000019073486328125</ele>
        <time>2026-05-11T12:51:35.000Z</time>
        <extensions>
          <ns3:TrackPointExtension>
            <ns3:hr>145</ns3:hr>
            <ns3:cad>86</ns3:cad>
          </ns3:TrackPointExtension>
        </extensions>
      </trkpt>
      <trkpt lat="31.0226636566221714019775390625" lon="121.4293743856251239776611328125">
        <ele>7.80000019073486328125</ele>
        <time>2026-05-11T12:51:36.000Z</time>
        <extensions>
          <ns3:TrackPointExtension>
            <ns3:hr>145</ns3:hr>
            <ns3:cad>85</ns3:cad>
          </ns3:TrackPointExtension>
        </extensions>
      </trkpt>
      <trkpt lat="31.02268419228494167327880859375" lon="121.429365836083889007568359375">
        <ele>7.80000019073486328125</ele>
        <time>2026-05-11T12:51:37.000Z</time>
        <extensions>
          <ns3:TrackPointExtension>
            <ns3:hr>145</ns3:hr>
            <ns3:cad>85</ns3:cad>
          </ns3:TrackPointExtension>
        </extensions>
      </trkpt>
      <trkpt lat="31.02270984090864658355712890625" lon="121.42935753799974918365478515625">
        <ele>7.80000019073486328125</ele>
        <time>2026-05-11T12:51:38.000Z</time>
        <extensions>
          <ns3:TrackPointExtension>
            <ns3:hr>145</ns3:hr>
            <ns3:cad>85</ns3:cad>
          </ns3:TrackPointExtension>
        </extensions>
      </trkpt>
      <trkpt lat="31.02273029275238513946533203125" lon="121.42934940755367279052734375">
        <ele>7.80000019073486328125</ele>
        <time>2026-05-11T12:51:39.000Z</time>
        <extensions>
          <ns3:TrackPointExtension>
            <ns3:hr>146</ns3:hr>
            <ns3:cad>85</ns3:cad>
          </ns3:TrackPointExtension>
        </extensions>
      </trkpt>
      <trkpt lat="31.02275242097675800323486328125" lon="121.42934530042111873626708984375">
        <ele>7.80000019073486328125</ele>
        <time>2026-05-11T12:51:40.000Z</time>
        <extensions>
          <ns3:TrackPointExtension>
            <ns3:hr>145</ns3:hr>
            <ns3:cad>85</ns3:cad>
          </ns3:TrackPointExtension>
        </extensions>
      </trkpt>
      <trkpt lat="31.02277689613401889801025390625" lon="121.42934278585016727447509765625">
        <ele>7.80000019073486328125</ele>
        <time>2026-05-11T12:51:41.000Z</time>
        <extensions>
          <ns3:TrackPointExtension>
            <ns3:hr>145</ns3:hr>
            <ns3:cad>85</ns3:cad>
          </ns3:TrackPointExtension>
        </extensions>
      </trkpt>
      <trkpt lat="31.02279852144420146942138671875" lon="121.42933507449924945831298828125">
        <ele>7.80000019073486328125</ele>
        <time>2026-05-11T12:51:42.000Z</time>
        <extensions>
          <ns3:TrackPointExtension>
            <ns3:hr>145</ns3:hr>
            <ns3:cad>85</ns3:cad>
          </ns3:TrackPointExtension>
        </extensions>
      </trkpt>
      <trkpt lat="31.022824756801128387451171875" lon="121.4293326437473297119140625">
        <ele>7.80000019073486328125</ele>
        <time>2026-05-11T12:51:43.000Z</time>
        <extensions>
          <ns3:TrackPointExtension>
            <ns3:hr>145</ns3:hr>
            <ns3:cad>85</ns3:cad>
          </ns3:TrackPointExtension>
        </extensions>
      </trkpt>
      <trkpt lat="31.02284529246389865875244140625" lon="121.4293261058628559112548828125">
        <ele>7.80000019073486328125</ele>
        <time>2026-05-11T12:51:44.000Z</time>
        <extensions>
          <ns3:TrackPointExtension>
            <ns3:hr>145</ns3:hr>
            <ns3:cad>84</ns3:cad>
          </ns3:TrackPointExtension>
        </extensions>
      </trkpt>
      <trkpt lat="31.0228681750595569610595703125" lon="121.42931520938873291015625">
        <ele>7.80000019073486328125</ele>
        <time>2026-05-11T12:51:45.000Z</time>
        <extensions>
          <ns3:TrackPointExtension>
            <ns3:hr>146</ns3:hr>
            <ns3:cad>84</ns3:cad>
          </ns3:TrackPointExtension>
        </extensions>
      </trkpt>
      <trkpt lat="31.02289105765521526336669921875" lon="121.42931043170392513275146484375">
        <ele>7.80000019073486328125</ele>
        <time>2026-05-11T12:51:46.000Z</time>
        <extensions>
          <ns3:TrackPointExtension>
            <ns3:hr>145</ns3:hr>
            <ns3:cad>84</ns3:cad>
          </ns3:TrackPointExtension>
        </extensions>
      </trkpt>
      <trkpt lat="31.02291754446923732757568359375" lon="121.42930339090526103973388671875">
        <ele>7.80000019073486328125</ele>
        <time>2026-05-11T12:51:47.000Z</time>
        <extensions>
          <ns3:TrackPointExtension>
            <ns3:hr>145</ns3:hr>
            <ns3:cad>84</ns3:cad>
          </ns3:TrackPointExtension>
        </extensions>
      </trkpt>
      <trkpt lat="31.0229449532926082611083984375" lon="121.4292969368398189544677734375">
        <ele>7.80000019073486328125</ele>
        <time>2026-05-11T12:51:48.000Z</time>
        <extensions>
          <ns3:TrackPointExtension>
            <ns3:hr>146</ns3:hr>
            <ns3:cad>85</ns3:cad>
          </ns3:TrackPointExtension>
        </extensions>
      </trkpt>
      <trkpt lat="31.0229654051363468170166015625" lon="121.42928771674633026123046875">
        <ele>7.80000019073486328125</ele>
        <time>2026-05-11T12:51:49.000Z</time>
        <extensions>
          <ns3:TrackPointExtension>
            <ns3:hr>145</ns3:hr>
            <ns3:cad>85</ns3:cad>
          </ns3:TrackPointExtension>
        </extensions>
      </trkpt>
      <trkpt lat="31.022985018789768218994140625" lon="121.4292721264064311981201171875">
        <ele>7.80000019073486328125</ele>
        <time>2026-05-11T12:51:50.000Z</time>
        <extensions>
          <ns3:TrackPointExtension>
            <ns3:hr>145</ns3:hr>
            <ns3:cad>85</ns3:cad>
          </ns3:TrackPointExtension>
        </extensions>
      </trkpt>
      <trkpt lat="31.02300890721380710601806640625" lon="121.42925997264683246612548828125">
        <ele>7.599999904632568359375</ele>
        <time>2026-05-11T12:51:51.000Z</time>
        <extensions>
          <ns3:TrackPointExtension>
            <ns3:hr>146</ns3:hr>
            <ns3:cad>85</ns3:cad>
          </ns3:TrackPointExtension>
        </extensions>
      </trkpt>
      <trkpt lat="31.02302567102015018463134765625" lon="121.42924823798239231109619140625">
        <ele>7.599999904632568359375</ele>
        <time>2026-05-11T12:51:52.000Z</time>
        <extensions>
          <ns3:TrackPointExtension>
            <ns3:hr>145</ns3:hr>
            <ns3:cad>83</ns3:cad>
          </ns3:TrackPointExtension>
        </extensions>
      </trkpt>
      <trkpt lat="31.0230450332164764404296875" lon="121.4292315579950809478759765625">
        <ele>7.599999904632568359375</ele>
        <time>2026-05-11T12:51:53.000Z</time>
        <extensions>
          <ns3:TrackPointExtension>
            <ns3:hr>145</ns3:hr>
            <ns3:cad>83</ns3:cad>
          </ns3:TrackPointExtension>
        </extensions>
      </trkpt>
      <trkpt lat="31.0230612941086292266845703125" lon="121.42921420745551586151123046875">
        <ele>7.80000019073486328125</ele>
        <time>2026-05-11T12:51:54.000Z</time>
        <extensions>
          <ns3:TrackPointExtension>
            <ns3:hr>144</ns3:hr>
            <ns3:cad>83</ns3:cad>
          </ns3:TrackPointExtension>
        </extensions>
      </trkpt>
      <trkpt lat="31.023075543344020843505859375" lon="121.429198198020458221435546875">
        <ele>7.599999904632568359375</ele>
        <time>2026-05-11T12:51:55.000Z</time>
        <extensions>
          <ns3:TrackPointExtension>
            <ns3:hr>144</ns3:hr>
            <ns3:cad>83</ns3:cad>
          </ns3:TrackPointExtension>
        </extensions>
      </trkpt>
      <trkpt lat="31.023094318807125091552734375" lon="121.4291770756244659423828125">
        <ele>7.80000019073486328125</ele>
        <time>2026-05-11T12:51:56.000Z</time>
        <extensions>
          <ns3:TrackPointExtension>
            <ns3:hr>144</ns3:hr>
            <ns3:cad>83</ns3:cad>
          </ns3:TrackPointExtension>
        </extensions>
      </trkpt>
      <trkpt lat="31.02310932241380214691162109375" lon="121.42915871925652027130126953125">
        <ele>7.599999904632568359375</ele>
        <time>2026-05-11T12:51:57.000Z</time>
        <extensions>
          <ns3:TrackPointExtension>
            <ns3:hr>144</ns3:hr>
            <ns3:cad>83</ns3:cad>
          </ns3:TrackPointExtension>
        </extensions>
      </trkpt>
      <trkpt lat="31.02312172763049602508544921875" lon="121.42913457937538623809814453125">
        <ele>7.599999904632568359375</ele>
        <time>2026-05-11T12:51:58.000Z</time>
        <extensions>
          <ns3:TrackPointExtension>
            <ns3:hr>144</ns3:hr>
            <ns3:cad>83</ns3:cad>
          </ns3:TrackPointExtension>
        </extensions>
      </trkpt>
      <trkpt lat="31.02313379757106304168701171875" lon="121.42911412753164768218994140625">
        <ele>7.599999904632568359375</ele>
        <time>2026-05-11T12:51:59.000Z</time>
        <extensions>
          <ns3:TrackPointExtension>
            <ns3:hr>144</ns3:hr>
            <ns3:cad>83</ns3:cad>
          </ns3:TrackPointExtension>
        </extensions>
      </trkpt>
      <trkpt lat="31.023142598569393157958984375" lon="121.4290944300591945648193359375">
        <ele>7.80000019073486328125</ele>
        <time>2026-05-11T12:52:00.000Z</time>
        <extensions>
          <ns3:TrackPointExtension>
            <ns3:hr>143</ns3:hr>
            <ns3:cad>83</ns3:cad>
          </ns3:TrackPointExtension>
        </extensions>
      </trkpt>
      <trkpt lat="31.02315274067223072052001953125" lon="121.42907322384417057037353515625">
        <ele>7.80000019073486328125</ele>
        <time>2026-05-11T12:52:01.000Z</time>
        <extensions>
          <ns3:TrackPointExtension>
            <ns3:hr>143</ns3:hr>
            <ns3:cad>83</ns3:cad>
          </ns3:TrackPointExtension>
        </extensions>
      </trkpt>
      <trkpt lat="31.0231628827750682830810546875" lon="121.4290590584278106689453125">
        <ele>7.80000019073486328125</ele>
        <time>2026-05-11T12:52:02.000Z</time>
        <extensions>
          <ns3:TrackPointExtension>
            <ns3:hr>143</ns3:hr>
            <ns3:cad>83</ns3:cad>
          </ns3:TrackPointExtension>
        </extensions>
      </trkpt>
      <trkpt lat="31.02317201904952526092529296875" lon="121.42904355190694332122802734375">
        <ele>7.80000019073486328125</ele>
        <time>2026-05-11T12:52:03.000Z</time>
        <extensions>
          <ns3:TrackPointExtension>
            <ns3:hr>142</ns3:hr>
            <ns3:cad>83</ns3:cad>
          </ns3:TrackPointExtension>
        </extensions>
      </trkpt>
      <trkpt lat="31.02317822165787220001220703125" lon="121.42902628518640995025634765625">
        <ele>7.80000019073486328125</ele>
        <time>2026-05-11T12:52:04.000Z</time>
        <extensions>
          <ns3:TrackPointExtension>
            <ns3:hr>142</ns3:hr>
            <ns3:cad>83</ns3:cad>
          </ns3:TrackPointExtension>
        </extensions>
      </trkpt>
      <trkpt lat="31.0231860168278217315673828125" lon="121.42901186831295490264892578125">
        <ele>7.80000019073486328125</ele>
        <time>2026-05-11T12:52:05.000Z</time>
        <extensions>
          <ns3:TrackPointExtension>
            <ns3:hr>142</ns3:hr>
            <ns3:cad>83</ns3:cad>
          </ns3:TrackPointExtension>
        </extensions>
      </trkpt>
      <trkpt lat="31.0231883637607097625732421875" lon="121.4289951883256435394287109375">
        <ele>7.80000019073486328125</ele>
        <time>2026-05-11T12:52:06.000Z</time>
        <extensions>
          <ns3:TrackPointExtension>
            <ns3:hr>141</ns3:hr>
            <ns3:cad>81</ns3:cad>
          </ns3:TrackPointExtension>
        </extensions>
      </trkpt>
      <trkpt lat="31.02319263853132724761962890625" lon="121.428977586328983306884765625">
        <ele>7.80000019073486328125</ele>
        <time>2026-05-11T12:52:07.000Z</time>
        <extensions>
          <ns3:TrackPointExtension>
            <ns3:hr>141</ns3:hr>
            <ns3:cad>81</ns3:cad>
          </ns3:TrackPointExtension>
        </extensions>
      </trkpt>
      <trkpt lat="31.02320194244384765625" lon="121.4289656840264797210693359375">
        <ele>7.80000019073486328125</ele>
        <time>2026-05-11T12:52:08.000Z</time>
        <extensions>
          <ns3:TrackPointExtension>
            <ns3:hr>141</ns3:hr>
            <ns3:cad>81</ns3:cad>
          </ns3:TrackPointExtension>
        </extensions>
      </trkpt>
      <trkpt lat="31.02319414727389812469482421875" lon="121.428936682641506195068359375">
        <ele>8</ele>
        <time>2026-05-11T12:52:09.000Z</time>
        <extensions>
          <ns3:TrackPointExtension>
            <ns3:hr>141</ns3:hr>
            <ns3:cad>80</ns3:cad>
          </ns3:TrackPointExtension>
        </extensions>
      </trkpt>
      <trkpt lat="31.0231964103877544403076171875" lon="121.428911872208118438720703125">
        <ele>7.80000019073486328125</ele>
        <time>2026-05-11T12:52:10.000Z</time>
        <extensions>
          <ns3:TrackPointExtension>
            <ns3:hr>140</ns3:hr>
            <ns3:cad>82</ns3:cad>
          </ns3:TrackPointExtension>
        </extensions>
      </trkpt>
      <trkpt lat="31.02319590747356414794921875" lon="121.4288915880024433135986328125">
        <ele>7.80000019073486328125</ele>
        <time>2026-05-11T12:52:11.000Z</time>
        <extensions>
          <ns3:TrackPointExtension>
            <ns3:hr>140</ns3:hr>
            <ns3:cad>82</ns3:cad>
          </ns3:TrackPointExtension>
        </extensions>
      </trkpt>
      <trkpt lat="31.02319590747356414794921875" lon="121.42885630019009113311767578125">
        <ele>7.80000019073486328125</ele>
        <time>2026-05-11T12:52:12.000Z</time>
        <extensions>
          <ns3:TrackPointExtension>
            <ns3:hr>140</ns3:hr>
            <ns3:cad>82</ns3:cad>
          </ns3:TrackPointExtension>
        </extensions>
      </trkpt>
      <trkpt lat="31.02319322526454925537109375" lon="121.4288255386054515838623046875">
        <ele>7.80000019073486328125</ele>
        <time>2026-05-11T12:52:13.000Z</time>
        <extensions>
          <ns3:TrackPointExtension>
            <ns3:hr>140</ns3:hr>
            <ns3:cad>82</ns3:cad>
          </ns3:TrackPointExtension>
        </extensions>
      </trkpt>
      <trkpt lat="31.02318207733333110809326171875" lon="121.42878103069961071014404296875">
        <ele>7.599999904632568359375</ele>
        <time>2026-05-11T12:52:14.000Z</time>
        <extensions>
          <ns3:TrackPointExtension>
            <ns3:hr>141</ns3:hr>
            <ns3:cad>81</ns3:cad>
          </ns3:TrackPointExtension>
        </extensions>
      </trkpt>
      <trkpt lat="31.02317369543015956878662109375" lon="121.42874180339276790618896484375">
        <ele>7.599999904632568359375</ele>
        <time>2026-05-11T12:52:15.000Z</time>
        <extensions>
          <ns3:TrackPointExtension>
            <ns3:hr>141</ns3:hr>
            <ns3:cad>81</ns3:cad>
          </ns3:TrackPointExtension>
        </extensions>
      </trkpt>
      <trkpt lat="31.023161374032497406005859375" lon="121.4287088625133037567138671875">
        <ele>7.599999904632568359375</ele>
        <time>2026-05-11T12:52:16.000Z</time>
        <extensions>
          <ns3:TrackPointExtension>
            <ns3:hr>141</ns3:hr>
            <ns3:cad>83</ns3:cad>
          </ns3:TrackPointExtension>
        </extensions>
      </trkpt>
      <trkpt lat="31.02315156720578670501708984375" lon="121.4286699704825878143310546875">
        <ele>7.599999904632568359375</ele>
        <time>2026-05-11T12:52:17.000Z</time>
        <extensions>
          <ns3:TrackPointExtension>
            <ns3:hr>141</ns3:hr>
            <ns3:cad>84</ns3:cad>
          </ns3:TrackPointExtension>
        </extensions>
      </trkpt>
      <trkpt lat="31.02313681505620479583740234375" lon="121.42864105291664600372314453125">
        <ele>7.599999904632568359375</ele>
        <time>2026-05-11T12:52:18.000Z</time>
        <extensions>
          <ns3:TrackPointExtension>
            <ns3:hr>142</ns3:hr>
            <ns3:cad>86</ns3:cad>
          </ns3:TrackPointExtension>
        </extensions>
      </trkpt>
      <trkpt lat="31.023119129240512847900390625" lon="121.42860509455204010009765625">
        <ele>7.599999904632568359375</ele>
        <time>2026-05-11T12:52:19.000Z</time>
        <extensions>
          <ns3:TrackPointExtension>
            <ns3:hr>142</ns3:hr>
            <ns3:cad>86</ns3:cad>
          </ns3:TrackPointExtension>
        </extensions>
      </trkpt>
      <trkpt lat="31.02310328744351863861083984375" lon="121.4285784400999546051025390625">
        <ele>7.599999904632568359375</ele>
        <time>2026-05-11T12:52:20.000Z</time>
        <extensions>
          <ns3:TrackPointExtension>
            <ns3:hr>142</ns3:hr>
            <ns3:cad>87</ns3:cad>
          </ns3:TrackPointExtension>
        </extensions>
      </trkpt>
      <trkpt lat="31.0230783931910991668701171875" lon="121.42855254001915454864501953125">
        <ele>7.80000019073486328125</ele>
        <time>2026-05-11T12:52:21.000Z</time>
        <extensions>
          <ns3:TrackPointExtension>
            <ns3:hr>143</ns3:hr>
            <ns3:cad>85</ns3:cad>
          </ns3:TrackPointExtension>
        </extensions>
      </trkpt>
      <trkpt lat="31.023058779537677764892578125" lon="121.428527645766735076904296875">
        <ele>7.80000019073486328125</ele>
        <time>2026-05-11T12:52:22.000Z</time>
        <extensions>
          <ns3:TrackPointExtension>
            <ns3:hr>144</ns3:hr>
            <ns3:cad>85</ns3:cad>
          </ns3:TrackPointExtension>
        </extensions>
      </trkpt>
      <trkpt lat="31.02303556166589260101318359375" lon="121.4285120554268360137939453125">
        <ele>7.80000019073486328125</ele>
        <time>2026-05-11T12:52:23.000Z</time>
        <extensions>
          <ns3:TrackPointExtension>
            <ns3:hr>144</ns3:hr>
            <ns3:cad>85</ns3:cad>
          </ns3:TrackPointExtension>
        </extensions>
      </trkpt>
      <trkpt lat="31.0230089910328388214111328125" lon="121.428488083183765411376953125">
        <ele>7.80000019073486328125</ele>
        <time>2026-05-11T12:52:24.000Z</time>
        <extensions>
          <ns3:TrackPointExtension>
            <ns3:hr>145</ns3:hr>
            <ns3:cad>85</ns3:cad>
          </ns3:TrackPointExtension>
        </extensions>
      </trkpt>
      <trkpt lat="31.02298661135137081146240234375" lon="121.4284775219857692718505859375">
        <ele>7.80000019073486328125</ele>
        <time>2026-05-11T12:52:25.000Z</time>
        <extensions>
          <ns3:TrackPointExtension>
            <ns3:hr>145</ns3:hr>
            <ns3:cad>84</ns3:cad>
          </ns3:TrackPointExtension>
        </extensions>
      </trkpt>
      <trkpt lat="31.022954173386096954345703125" lon="121.4284622669219970703125">
        <ele>7.80000019073486328125</ele>
        <time>2026-05-11T12:52:26.000Z</time>
        <extensions>
          <ns3:TrackPointExtension>
            <ns3:hr>145</ns3:hr>
            <ns3:cad>84</ns3:cad>
          </ns3:TrackPointExtension>
        </extensions>
      </trkpt>
      <trkpt lat="31.022926010191440582275390625" lon="121.42845086753368377685546875">
        <ele>7.599999904632568359375</ele>
        <time>2026-05-11T12:52:27.000Z</time>
        <extensions>
          <ns3:TrackPointExtension>
            <ns3:hr>146</ns3:hr>
            <ns3:cad>84</ns3:cad>
          </ns3:TrackPointExtension>
        </extensions>
      </trkpt>
      <trkpt lat="31.0228976793587207794189453125" lon="121.42844843678176403045654296875">
        <ele>7.80000019073486328125</ele>
        <time>2026-05-11T12:52:28.000Z</time>
        <extensions>
          <ns3:TrackPointExtension>
            <ns3:hr>146</ns3:hr>
            <ns3:cad>84</ns3:cad>
          </ns3:TrackPointExtension>
        </extensions>
      </trkpt>
      <trkpt lat="31.022866331040859222412109375" lon="121.4284359477460384368896484375">
        <ele>7.80000019073486328125</ele>
        <time>2026-05-11T12:52:29.000Z</time>
        <extensions>
          <ns3:TrackPointExtension>
            <ns3:hr>147</ns3:hr>
            <ns3:cad>84</ns3:cad>
          </ns3:TrackPointExtension>
        </extensions>
      </trkpt>
      <trkpt lat="31.02283875457942485809326171875" lon="121.428436450660228729248046875">
        <ele>7.80000019073486328125</ele>
        <time>2026-05-11T12:52:30.000Z</time>
        <extensions>
          <ns3:TrackPointExtension>
            <ns3:hr>147</ns3:hr>
            <ns3:cad>85</ns3:cad>
          </ns3:TrackPointExtension>
        </extensions>
      </trkpt>
      <trkpt lat="31.0228031314909458160400390625" lon="121.4284289069473743438720703125">
        <ele>7.80000019073486328125</ele>
        <time>2026-05-11T12:52:31.000Z</time>
        <extensions>
          <ns3:TrackPointExtension>
            <ns3:hr>147</ns3:hr>
            <ns3:cad>85</ns3:cad>
          </ns3:TrackPointExtension>
        </extensions>
      </trkpt>
      <trkpt lat="31.02277739904820919036865234375" lon="121.428430080413818359375">
        <ele>7.80000019073486328125</ele>
        <time>2026-05-11T12:52:32.000Z</time>
        <extensions>
          <ns3:TrackPointExtension>
            <ns3:hr>147</ns3:hr>
            <ns3:cad>85</ns3:cad>
          </ns3:TrackPointExtension>
        </extensions>
      </trkpt>
      <trkpt lat="31.022745631635189056396484375" lon="121.42843854613602161407470703125">
        <ele>7.80000019073486328125</ele>
        <time>2026-05-11T12:52:33.000Z</time>
        <extensions>
          <ns3:TrackPointExtension>
            <ns3:hr>148</ns3:hr>
            <ns3:cad>84</ns3:cad>
          </ns3:TrackPointExtension>
        </extensions>
      </trkpt>
      <trkpt lat="31.0227146185934543609619140625" lon="121.42844223417341709136962890625">
        <ele>8</ele>
        <time>2026-05-11T12:52:34.000Z</time>
        <extensions>
          <ns3:TrackPointExtension>
            <ns3:hr>148</ns3:hr>
            <ns3:cad>84</ns3:cad>
          </ns3:TrackPointExtension>
        </extensions>
      </trkpt>
      <trkpt lat="31.022685281932353973388671875" lon="121.4284513704478740692138671875">
        <ele>8</ele>
        <time>2026-05-11T12:52:35.000Z</time>
        <extensions>
          <ns3:TrackPointExtension>
            <ns3:hr>147</ns3:hr>
            <ns3:cad>84</ns3:cad>
          </ns3:TrackPointExtension>
        </extensions>
      </trkpt>
      <trkpt lat="31.02265016175806522369384765625" lon="121.42845480702817440032958984375">
        <ele>8</ele>
        <time>2026-05-11T12:52:36.000Z</time>
        <extensions>
          <ns3:TrackPointExtension>
            <ns3:hr>147</ns3:hr>
            <ns3:cad>84</ns3:cad>
          </ns3:TrackPointExtension>
        </extensions>
      </trkpt>
      <trkpt lat="31.0226247645914554595947265625" lon="121.42846302129328250885009765625">
        <ele>7.80000019073486328125</ele>
        <time>2026-05-11T12:52:37.000Z</time>
        <extensions>
          <ns3:TrackPointExtension>
            <ns3:hr>148</ns3:hr>
            <ns3:cad>84</ns3:cad>
          </ns3:TrackPointExtension>
        </extensions>
      </trkpt>
      <trkpt lat="31.022589392960071563720703125" lon="121.42847408540546894073486328125">
        <ele>7.80000019073486328125</ele>
        <time>2026-05-11T12:52:38.000Z</time>
        <extensions>
          <ns3:TrackPointExtension>
            <ns3:hr>148</ns3:hr>
            <ns3:cad>85</ns3:cad>
          </ns3:TrackPointExtension>
        </extensions>
      </trkpt>
      <trkpt lat="31.022564582526683807373046875" lon="121.42848330549895763397216796875">
        <ele>7.80000019073486328125</ele>
        <time>2026-05-11T12:52:39.000Z</time>
        <extensions>
          <ns3:TrackPointExtension>
            <ns3:hr>149</ns3:hr>
            <ns3:cad>85</ns3:cad>
          </ns3:TrackPointExtension>
        </extensions>
      </trkpt>
      <trkpt lat="31.02254186756908893585205078125" lon="121.42849520780146121978759765625">
        <ele>7.80000019073486328125</ele>
        <time>2026-05-11T12:52:40.000Z</time>
        <extensions>
          <ns3:TrackPointExtension>
            <ns3:hr>149</ns3:hr>
            <ns3:cad>85</ns3:cad>
          </ns3:TrackPointExtension>
        </extensions>
      </trkpt>
      <trkpt lat="31.022512279450893402099609375" lon="121.42849822528660297393798828125">
        <ele>7.80000019073486328125</ele>
        <time>2026-05-11T12:52:41.000Z</time>
        <extensions>
          <ns3:TrackPointExtension>
            <ns3:hr>149</ns3:hr>
            <ns3:cad>85</ns3:cad>
          </ns3:TrackPointExtension>
        </extensions>
      </trkpt>
      <trkpt lat="31.02249057032167911529541015625" lon="121.4285093732178211212158203125">
        <ele>7.80000019073486328125</ele>
        <time>2026-05-11T12:52:42.000Z</time>
        <extensions>
          <ns3:TrackPointExtension>
            <ns3:hr>149</ns3:hr>
            <ns3:cad>85</ns3:cad>
          </ns3:TrackPointExtension>
        </extensions>
      </trkpt>
      <trkpt lat="31.0224557854235172271728515625" lon="121.428509540855884552001953125">
        <ele>7.80000019073486328125</ele>
        <time>2026-05-11T12:52:43.000Z</time>
        <extensions>
          <ns3:TrackPointExtension>
            <ns3:hr>149</ns3:hr>
            <ns3:cad>85</ns3:cad>
          </ns3:TrackPointExtension>
        </extensions>
      </trkpt>
      <trkpt lat="31.022428460419178009033203125" lon="121.428516246378421783447265625">
        <ele>7.80000019073486328125</ele>
        <time>2026-05-11T12:52:44.000Z</time>
        <extensions>
          <ns3:TrackPointExtension>
            <ns3:hr>149</ns3:hr>
            <ns3:cad>85</ns3:cad>
          </ns3:TrackPointExtension>
        </extensions>
      </trkpt>
      <trkpt lat="31.0223981179296970367431640625" lon="121.42852437682449817657470703125">
        <ele>7.80000019073486328125</ele>
        <time>2026-05-11T12:52:45.000Z</time>
        <extensions>
          <ns3:TrackPointExtension>
            <ns3:hr>150</ns3:hr>
            <ns3:cad>85</ns3:cad>
          </ns3:TrackPointExtension>
        </extensions>
      </trkpt>
      <trkpt lat="31.022368781268596649169921875" lon="121.42852731049060821533203125">
        <ele>7.80000019073486328125</ele>
        <time>2026-05-11T12:52:46.000Z</time>
        <extensions>
          <ns3:TrackPointExtension>
            <ns3:hr>150</ns3:hr>
            <ns3:cad>85</ns3:cad>
          </ns3:TrackPointExtension>
        </extensions>
      </trkpt>
      <trkpt lat="31.02234221063554286956787109375" lon="121.42853577621281147003173828125">
        <ele>7.80000019073486328125</ele>
        <time>2026-05-11T12:52:47.000Z</time>
        <extensions>
          <ns3:TrackPointExtension>
            <ns3:hr>151</ns3:hr>
            <ns3:cad>85</ns3:cad>
          </ns3:TrackPointExtension>
        </extensions>
      </trkpt>
      <trkpt lat="31.02230985648930072784423828125" lon="121.4285382069647312164306640625">
        <ele>7.80000019073486328125</ele>
        <time>2026-05-11T12:52:48.000Z</time>
        <extensions>
          <ns3:TrackPointExtension>
            <ns3:hr>151</ns3:hr>
            <ns3:cad>84</ns3:cad>
          </ns3:TrackPointExtension>
        </extensions>
      </trkpt>
      <trkpt lat="31.022287644445896148681640625" lon="121.42854415811598300933837890625">
        <ele>7.80000019073486328125</ele>
        <time>2026-05-11T12:52:49.000Z</time>
        <extensions>
          <ns3:TrackPointExtension>
            <ns3:hr>152</ns3:hr>
            <ns3:cad>84</ns3:cad>
          </ns3:TrackPointExtension>
        </extensions>
      </trkpt>
      <trkpt lat="31.0222559608519077301025390625" lon="121.4285536296665668487548828125">
        <ele>7.80000019073486328125</ele>
        <time>2026-05-11T12:52:50.000Z</time>
        <extensions>
          <ns3:TrackPointExtension>
            <ns3:hr>152</ns3:hr>
            <ns3:cad>84</ns3:cad>
          </ns3:TrackPointExtension>
        </extensions>
      </trkpt>
      <trkpt lat="31.0222308151423931121826171875" lon="121.42856494523584842681884765625">
        <ele>7.80000019073486328125</ele>
        <time>2026-05-11T12:52:51.000Z</time>
        <extensions>
          <ns3:TrackPointExtension>
            <ns3:hr>153</ns3:hr>
            <ns3:cad>84</ns3:cad>
          </ns3:TrackPointExtension>
        </extensions>
      </trkpt>
      <trkpt lat="31.02220256812870502471923828125" lon="121.4285784400999546051025390625">
        <ele>8</ele>
        <time>2026-05-11T12:52:52.000Z</time>
        <extensions>
          <ns3:TrackPointExtension>
            <ns3:hr>153</ns3:hr>
            <ns3:cad>84</ns3:cad>
          </ns3:TrackPointExtension>
        </extensions>
      </trkpt>
      <trkpt lat="31.0221721418201923370361328125" lon="121.42858288250863552093505859375">
        <ele>8</ele>
        <time>2026-05-11T12:52:53.000Z</time>
        <extensions>
          <ns3:TrackPointExtension>
            <ns3:hr>154</ns3:hr>
            <ns3:cad>85</ns3:cad>
          </ns3:TrackPointExtension>
        </extensions>
      </trkpt>
      <trkpt lat="31.02215009741485118865966796875" lon="121.4285921864211559295654296875">
        <ele>8</ele>
        <time>2026-05-11T12:52:54.000Z</time>
        <extensions>
          <ns3:TrackPointExtension>
            <ns3:hr>154</ns3:hr>
            <ns3:cad>85</ns3:cad>
          </ns3:TrackPointExtension>
        </extensions>
      </trkpt>
      <trkpt lat="31.02211640216410160064697265625" lon="121.4285975508391857147216796875">
        <ele>8</ele>
        <time>2026-05-11T12:52:55.000Z</time>
        <extensions>
          <ns3:TrackPointExtension>
            <ns3:hr>154</ns3:hr>
            <ns3:cad>85</ns3:cad>
          </ns3:TrackPointExtension>
        </extensions>
      </trkpt>
      <trkpt lat="31.02209092117846012115478515625" lon="121.42860769294202327728271484375">
        <ele>7.80000019073486328125</ele>
        <time>2026-05-11T12:52:56.000Z</time>
        <extensions>
          <ns3:TrackPointExtension>
            <ns3:hr>154</ns3:hr>
            <ns3:cad>85</ns3:cad>
          </ns3:TrackPointExtension>
        </extensions>
      </trkpt>
      <trkpt lat="31.0220601595938205718994140625" lon="121.4286193437874317169189453125">
        <ele>7.80000019073486328125</ele>
        <time>2026-05-11T12:52:57.000Z</time>
        <extensions>
          <ns3:TrackPointExtension>
            <ns3:hr>155</ns3:hr>
            <ns3:cad>85</ns3:cad>
          </ns3:TrackPointExtension>
        </extensions>
      </trkpt>
      <trkpt lat="31.0220276378095149993896484375" lon="121.42862412147223949432373046875">
        <ele>7.80000019073486328125</ele>
        <time>2026-05-11T12:52:58.000Z</time>
        <extensions>
          <ns3:TrackPointExtension>
            <ns3:hr>155</ns3:hr>
            <ns3:cad>85</ns3:cad>
          </ns3:TrackPointExtension>
        </extensions>
      </trkpt>
      <trkpt lat="31.0220031626522541046142578125" lon="121.4286347664892673492431640625">
        <ele>7.80000019073486328125</ele>
        <time>2026-05-11T12:52:59.000Z</time>
        <extensions>
          <ns3:TrackPointExtension>
            <ns3:hr>155</ns3:hr>
            <ns3:cad>85</ns3:cad>
          </ns3:TrackPointExtension>
        </extensions>
      </trkpt>
      <trkpt lat="31.02197013795375823974609375" lon="121.42863853834569454193115234375">
        <ele>8</ele>
        <time>2026-05-11T12:53:00.000Z</time>
        <extensions>
          <ns3:TrackPointExtension>
            <ns3:hr>155</ns3:hr>
            <ns3:cad>84</ns3:cad>
          </ns3:TrackPointExtension>
        </extensions>
      </trkpt>
      <trkpt lat="31.0219478420913219451904296875" lon="121.42864675261080265045166015625">
        <ele>8</ele>
        <time>2026-05-11T12:53:01.000Z</time>
        <extensions>
          <ns3:TrackPointExtension>
            <ns3:hr>155</ns3:hr>
            <ns3:cad>84</ns3:cad>
          </ns3:TrackPointExtension>
        </extensions>
      </trkpt>
      <trkpt lat="31.0219213552772998809814453125" lon="121.428660415112972259521484375">
        <ele>8</ele>
        <time>2026-05-11T12:53:02.000Z</time>
        <extensions>
          <ns3:TrackPointExtension>
            <ns3:hr>155</ns3:hr>
            <ns3:cad>84</ns3:cad>
          </ns3:TrackPointExtension>
        </extensions>
      </trkpt>
      <trkpt lat="31.0218962095677852630615234375" lon="121.42867189832031726837158203125">
        <ele>8</ele>
        <time>2026-05-11T12:53:03.000Z</time>
        <extensions>
          <ns3:TrackPointExtension>
            <ns3:hr>155</ns3:hr>
            <ns3:cad>84</ns3:cad>
          </ns3:TrackPointExtension>
        </extensions>
      </trkpt>
      <trkpt lat="31.0218784399330615997314453125" lon="121.42868899740278720855712890625">
        <ele>8</ele>
        <time>2026-05-11T12:53:04.000Z</time>
        <extensions>
          <ns3:TrackPointExtension>
            <ns3:hr>155</ns3:hr>
            <ns3:cad>85</ns3:cad>
          </ns3:TrackPointExtension>
        </extensions>
      </trkpt>
      <trkpt lat="31.0218512825667858123779296875" lon="121.428706012666225433349609375">
        <ele>8</ele>
        <time>2026-05-11T12:53:05.000Z</time>
        <extensions>
          <ns3:TrackPointExtension>
            <ns3:hr>155</ns3:hr>
            <ns3:cad>84</ns3:cad>
          </ns3:TrackPointExtension>
        </extensions>
      </trkpt>
      <trkpt lat="31.02183560840785503387451171875" lon="121.4287229441106319427490234375">
        <ele>8</ele>
        <time>2026-05-11T12:53:06.000Z</time>
        <extensions>
          <ns3:TrackPointExtension>
            <ns3:hr>155</ns3:hr>
            <ns3:cad>84</ns3:cad>
          </ns3:TrackPointExtension>
        </extensions>
      </trkpt>
      <trkpt lat="31.02181331254541873931884765625" lon="121.42875085584819316864013671875">
        <ele>8</ele>
        <time>2026-05-11T12:53:07.000Z</time>
        <extensions>
          <ns3:TrackPointExtension>
            <ns3:hr>155</ns3:hr>
            <ns3:cad>84</ns3:cad>
          </ns3:TrackPointExtension>
        </extensions>
      </trkpt>
      <trkpt lat="31.0217969678342342376708984375" lon="121.4287739060819149017333984375">
        <ele>8</ele>
        <time>2026-05-11T12:53:08.000Z</time>
        <extensions>
          <ns3:TrackPointExtension>
            <ns3:hr>155</ns3:hr>
            <ns3:cad>85</ns3:cad>
          </ns3:TrackPointExtension>
        </extensions>
      </trkpt>
      <trkpt lat="31.02178464643657207489013671875" lon="121.4288020692765712738037109375">
        <ele>8</ele>
        <time>2026-05-11T12:53:09.000Z</time>
        <extensions>
          <ns3:TrackPointExtension>
            <ns3:hr>155</ns3:hr>
            <ns3:cad>85</ns3:cad>
          </ns3:TrackPointExtension>
        </extensions>
      </trkpt>
      <trkpt lat="31.0217671282589435577392578125" lon="121.4288295619189739227294921875">
        <ele>7.80000019073486328125</ele>
        <time>2026-05-11T12:53:10.000Z</time>
        <extensions>
          <ns3:TrackPointExtension>
            <ns3:hr>155</ns3:hr>
            <ns3:cad>84</ns3:cad>
          </ns3:TrackPointExtension>
        </extensions>
      </trkpt>
      <trkpt lat="31.021755225956439971923828125" lon="121.42885546199977397918701171875">
        <ele>7.80000019073486328125</ele>
        <time>2026-05-11T12:53:11.000Z</time>
        <extensions>
          <ns3:TrackPointExtension>
            <ns3:hr>154</ns3:hr>
            <ns3:cad>84</ns3:cad>
          </ns3:TrackPointExtension>
        </extensions>
      </trkpt>
      <trkpt lat="31.02173737250268459320068359375" lon="121.4288875646889209747314453125">
        <ele>7.80000019073486328125</ele>
        <time>2026-05-11T12:53:12.000Z</time>
        <extensions>
          <ns3:TrackPointExtension>
            <ns3:hr>154</ns3:hr>
            <ns3:cad>84</ns3:cad>
          </ns3:TrackPointExtension>
        </extensions>
      </trkpt>
      <trkpt lat="31.0217255540192127227783203125" lon="121.42891623079776763916015625">
        <ele>7.80000019073486328125</ele>
        <time>2026-05-11T12:53:13.000Z</time>
        <extensions>
          <ns3:TrackPointExtension>
            <ns3:hr>154</ns3:hr>
            <ns3:cad>84</ns3:cad>
          </ns3:TrackPointExtension>
        </extensions>
      </trkpt>
      <trkpt lat="31.02171801030635833740234375" lon="121.4289475791156291961669921875">
        <ele>7.80000019073486328125</ele>
        <time>2026-05-11T12:53:14.000Z</time>
        <extensions>
          <ns3:TrackPointExtension>
            <ns3:hr>154</ns3:hr>
            <ns3:cad>85</ns3:cad>
          </ns3:TrackPointExtension>
        </extensions>
      </trkpt>
      <trkpt lat="31.02170753292739391326904296875" lon="121.42897984944283962249755859375">
        <ele>7.80000019073486328125</ele>
        <time>2026-05-11T12:53:15.000Z</time>
        <extensions>
          <ns3:TrackPointExtension>
            <ns3:hr>153</ns3:hr>
            <ns3:cad>85</ns3:cad>
          </ns3:TrackPointExtension>
        </extensions>
      </trkpt>
      <trkpt lat="31.02170568890869617462158203125" lon="121.42900499515235424041748046875">
        <ele>7.80000019073486328125</ele>
        <time>2026-05-11T12:53:16.000Z</time>
        <extensions>
          <ns3:TrackPointExtension>
            <ns3:hr>153</ns3:hr>
            <ns3:cad>85</ns3:cad>
          </ns3:TrackPointExtension>
        </extensions>
      </trkpt>
      <trkpt lat="31.02169680409133434295654296875" lon="121.4290402829647064208984375">
        <ele>7.80000019073486328125</ele>
        <time>2026-05-11T12:53:17.000Z</time>
        <extensions>
          <ns3:TrackPointExtension>
            <ns3:hr>153</ns3:hr>
            <ns3:cad>85</ns3:cad>
          </ns3:TrackPointExtension>
        </extensions>
      </trkpt>
      <trkpt lat="31.02169948630034923553466796875" lon="121.4290666021406650543212890625">
        <ele>7.80000019073486328125</ele>
        <time>2026-05-11T12:53:18.000Z</time>
        <extensions>
          <ns3:TrackPointExtension>
            <ns3:hr>152</ns3:hr>
            <ns3:cad>85</ns3:cad>
          </ns3:TrackPointExtension>
        </extensions>
      </trkpt>
      <trkpt lat="31.02169881574809551239013671875" lon="121.42910574562847614288330078125">
        <ele>7.80000019073486328125</ele>
        <time>2026-05-11T12:53:19.000Z</time>
        <extensions>
          <ns3:TrackPointExtension>
            <ns3:hr>152</ns3:hr>
            <ns3:cad>85</ns3:cad>
          </ns3:TrackPointExtension>
        </extensions>
      </trkpt>
      <trkpt lat="31.021701581776142120361328125" lon="121.429137177765369415283203125">
        <ele>7.80000019073486328125</ele>
        <time>2026-05-11T12:53:20.000Z</time>
        <extensions>
          <ns3:TrackPointExtension>
            <ns3:hr>152</ns3:hr>
            <ns3:cad>85</ns3:cad>
          </ns3:TrackPointExtension>
        </extensions>
      </trkpt>
      <trkpt lat="31.0217097960412502288818359375" lon="121.429168693721294403076171875">
        <ele>7.80000019073486328125</ele>
        <time>2026-05-11T12:53:21.000Z</time>
        <extensions>
          <ns3:TrackPointExtension>
            <ns3:hr>152</ns3:hr>
            <ns3:cad>85</ns3:cad>
          </ns3:TrackPointExtension>
        </extensions>
      </trkpt>
      <trkpt lat="31.0217131488025188446044921875" lon="121.42920280806720256805419921875">
        <ele>7.80000019073486328125</ele>
        <time>2026-05-11T12:53:22.000Z</time>
        <extensions>
          <ns3:TrackPointExtension>
            <ns3:hr>152</ns3:hr>
            <ns3:cad>85</ns3:cad>
          </ns3:TrackPointExtension>
        </extensions>
      </trkpt>
      <trkpt lat="31.021721698343753814697265625" lon="121.42922678031027317047119140625">
        <ele>7.599999904632568359375</ele>
        <time>2026-05-11T12:53:23.000Z</time>
        <extensions>
          <ns3:TrackPointExtension>
            <ns3:hr>152</ns3:hr>
            <ns3:cad>85</ns3:cad>
          </ns3:TrackPointExtension>
        </extensions>
      </trkpt>
      <trkpt lat="31.0217325948178768157958984375" lon="121.42926148138940334320068359375">
        <ele>7.599999904632568359375</ele>
        <time>2026-05-11T12:53:24.000Z</time>
        <extensions>
          <ns3:TrackPointExtension>
            <ns3:hr>151</ns3:hr>
            <ns3:cad>85</ns3:cad>
          </ns3:TrackPointExtension>
        </extensions>
      </trkpt>
      <trkpt lat="31.02174676023423671722412109375" lon="121.42928369343280792236328125">
        <ele>7.599999904632568359375</ele>
        <time>2026-05-11T12:53:25.000Z</time>
        <extensions>
          <ns3:TrackPointExtension>
            <ns3:hr>152</ns3:hr>
            <ns3:cad>85</ns3:cad>
          </ns3:TrackPointExtension>
        </extensions>
      </trkpt>
      <trkpt lat="31.0217594169080257415771484375" lon="121.429311521351337432861328125">
        <ele>7.599999904632568359375</ele>
        <time>2026-05-11T12:53:26.000Z</time>
        <extensions>
          <ns3:TrackPointExtension>
            <ns3:hr>152</ns3:hr>
            <ns3:cad>85</ns3:cad>
          </ns3:TrackPointExtension>
        </extensions>
      </trkpt>
      <trkpt lat="31.021774001419544219970703125" lon="121.429337672889232635498046875">
        <ele>7.599999904632568359375</ele>
        <time>2026-05-11T12:53:27.000Z</time>
        <extensions>
          <ns3:TrackPointExtension>
            <ns3:hr>151</ns3:hr>
            <ns3:cad>85</ns3:cad>
          </ns3:TrackPointExtension>
        </extensions>
      </trkpt>
      <trkpt lat="31.0217916034162044525146484375" lon="121.42935653217136859893798828125">
        <ele>7.599999904632568359375</ele>
        <time>2026-05-11T12:53:28.000Z</time>
        <extensions>
          <ns3:TrackPointExtension>
            <ns3:hr>152</ns3:hr>
            <ns3:cad>85</ns3:cad>
          </ns3:TrackPointExtension>
        </extensions>
      </trkpt>
      <trkpt lat="31.021809540688991546630859375" lon="121.42938503064215183258056640625">
        <ele>7.599999904632568359375</ele>
        <time>2026-05-11T12:53:29.000Z</time>
        <extensions>
          <ns3:TrackPointExtension>
            <ns3:hr>152</ns3:hr>
            <ns3:cad>84</ns3:cad>
          </ns3:TrackPointExtension>
        </extensions>
      </trkpt>
      <trkpt lat="31.021827645599842071533203125" lon="121.42940078862011432647705078125">
        <ele>7.599999904632568359375</ele>
        <time>2026-05-11T12:53:30.000Z</time>
        <extensions>
          <ns3:TrackPointExtension>
            <ns3:hr>151</ns3:hr>
            <ns3:cad>84</ns3:cad>
          </ns3:TrackPointExtension>
        </extensions>
      </trkpt>
      <trkpt lat="31.0218492709100246429443359375" lon="121.42942157573997974395751953125">
        <ele>7.599999904632568359375</ele>
        <time>2026-05-11T12:53:31.000Z</time>
        <extensions>
          <ns3:TrackPointExtension>
            <ns3:hr>152</ns3:hr>
            <ns3:cad>84</ns3:cad>
          </ns3:TrackPointExtension>
        </extensions>
      </trkpt>
      <trkpt lat="31.02186963893473148345947265625" lon="121.429442949593067169189453125">
        <ele>7.599999904632568359375</ele>
        <time>2026-05-11T12:53:32.000Z</time>
        <extensions>
          <ns3:TrackPointExtension>
            <ns3:hr>152</ns3:hr>
            <ns3:cad>84</ns3:cad>
          </ns3:TrackPointExtension>
        </extensions>
      </trkpt>
      <trkpt lat="31.02189637720584869384765625" lon="121.4294555224478244781494140625">
        <ele>7.599999904632568359375</ele>
        <time>2026-05-11T12:53:33.000Z</time>
        <extensions>
          <ns3:TrackPointExtension>
            <ns3:hr>151</ns3:hr>
            <ns3:cad>84</ns3:cad>
          </ns3:TrackPointExtension>
        </extensions>
      </trkpt>
      <trkpt lat="31.02192160673439502716064453125" lon="121.42947773449122905731201171875">
        <ele>7.599999904632568359375</ele>
        <time>2026-05-11T12:53:34.000Z</time>
        <extensions>
          <ns3:TrackPointExtension>
            <ns3:hr>152</ns3:hr>
            <ns3:cad>84</ns3:cad>
          </ns3:TrackPointExtension>
        </extensions>
      </trkpt>
      <trkpt lat="31.02194490842521190643310546875" lon="121.42948544584214687347412109375">
        <ele>7.599999904632568359375</ele>
        <time>2026-05-11T12:53:35.000Z</time>
        <extensions>
          <ns3:TrackPointExtension>
            <ns3:hr>152</ns3:hr>
            <ns3:cad>84</ns3:cad>
          </ns3:TrackPointExtension>
        </extensions>
      </trkpt>
      <trkpt lat="31.02197458036243915557861328125" lon="121.42950070090591907501220703125">
        <ele>7.400000095367431640625</ele>
        <time>2026-05-11T12:53:36.000Z</time>
        <extensions>
          <ns3:TrackPointExtension>
            <ns3:hr>152</ns3:hr>
            <ns3:cad>85</ns3:cad>
          </ns3:TrackPointExtension>
        </extensions>
      </trkpt>
      <trkpt lat="31.021997965872287750244140625" lon="121.42950757406651973724365234375">
        <ele>7.400000095367431640625</ele>
        <time>2026-05-11T12:53:37.000Z</time>
        <extensions>
          <ns3:TrackPointExtension>
            <ns3:hr>153</ns3:hr>
            <ns3:cad>85</ns3:cad>
          </ns3:TrackPointExtension>
        </extensions>
      </trkpt>
      <trkpt lat="31.02202587760984897613525390625" lon="121.42951042391359806060791015625">
        <ele>7.400000095367431640625</ele>
        <time>2026-05-11T12:53:38.000Z</time>
        <extensions>
          <ns3:TrackPointExtension>
            <ns3:hr>153</ns3:hr>
            <ns3:cad>85</ns3:cad>
          </ns3:TrackPointExtension>
        </extensions>
      </trkpt>
      <trkpt lat="31.0220541246235370635986328125" lon="121.42951838672161102294921875">
        <ele>7.400000095367431640625</ele>
        <time>2026-05-11T12:53:39.000Z</time>
        <extensions>
          <ns3:TrackPointExtension>
            <ns3:hr>153</ns3:hr>
            <ns3:cad>85</ns3:cad>
          </ns3:TrackPointExtension>
        </extensions>
      </trkpt>
      <trkpt lat="31.02207801304757595062255859375" lon="121.42951310612261295318603515625">
        <ele>7.400000095367431640625</ele>
        <time>2026-05-11T12:53:40.000Z</time>
        <extensions>
          <ns3:TrackPointExtension>
            <ns3:hr>152</ns3:hr>
            <ns3:cad>85</ns3:cad>
          </ns3:TrackPointExtension>
        </extensions>
      </trkpt>
      <trkpt lat="31.02211019955575466156005859375" lon="121.42951704561710357666015625">
        <ele>7.400000095367431640625</ele>
        <time>2026-05-11T12:53:41.000Z</time>
        <extensions>
          <ns3:TrackPointExtension>
            <ns3:hr>153</ns3:hr>
            <ns3:cad>85</ns3:cad>
          </ns3:TrackPointExtension>
        </extensions>
      </trkpt>
      <trkpt lat="31.02213333360850811004638671875" lon="121.429512687027454376220703125">
        <ele>7.400000095367431640625</ele>
        <time>2026-05-11T12:53:42.000Z</time>
        <extensions>
          <ns3:TrackPointExtension>
            <ns3:hr>153</ns3:hr>
            <ns3:cad>85</ns3:cad>
          </ns3:TrackPointExtension>
        </extensions>
      </trkpt>
      <trkpt lat="31.0221637599170207977294921875" lon="121.42950438894331455230712890625">
        <ele>7.400000095367431640625</ele>
        <time>2026-05-11T12:53:43.000Z</time>
        <extensions>
          <ns3:TrackPointExtension>
            <ns3:hr>153</ns3:hr>
            <ns3:cad>85</ns3:cad>
          </ns3:TrackPointExtension>
        </extensions>
      </trkpt>
      <trkpt lat="31.02218873798847198486328125" lon="121.42949852161109447479248046875">
        <ele>7.400000095367431640625</ele>
        <time>2026-05-11T12:53:44.000Z</time>
        <extensions>
          <ns3:TrackPointExtension>
            <ns3:hr>153</ns3:hr>
            <ns3:cad>85</ns3:cad>
          </ns3:TrackPointExtension>
        </extensions>
      </trkpt>
      <trkpt lat="31.02221329696476459503173828125" lon="121.429488547146320343017578125">
        <ele>7.400000095367431640625</ele>
        <time>2026-05-11T12:53:45.000Z</time>
        <extensions>
          <ns3:TrackPointExtension>
            <ns3:hr>153</ns3:hr>
            <ns3:cad>86</ns3:cad>
          </ns3:TrackPointExtension>
        </extensions>
      </trkpt>
      <trkpt lat="31.0222403705120086669921875" lon="121.4294856972992420196533203125">
        <ele>7.400000095367431640625</ele>
        <time>2026-05-11T12:53:46.000Z</time>
        <extensions>
          <ns3:TrackPointExtension>
            <ns3:hr>153</ns3:hr>
            <ns3:cad>86</ns3:cad>
          </ns3:TrackPointExtension>
        </extensions>
      </trkpt>
      <trkpt lat="31.0222650133073329925537109375" lon="121.4294779859483242034912109375">
        <ele>7.19999980926513671875</ele>
        <time>2026-05-11T12:53:47.000Z</time>
        <extensions>
          <ns3:TrackPointExtension>
            <ns3:hr>153</ns3:hr>
            <ns3:cad>86</ns3:cad>
          </ns3:TrackPointExtension>
        </extensions>
      </trkpt>
      <trkpt lat="31.02229527197778224945068359375" lon="121.42947421409189701080322265625">
        <ele>7.19999980926513671875</ele>
        <time>2026-05-11T12:53:48.000Z</time>
        <extensions>
          <ns3:TrackPointExtension>
            <ns3:hr>153</ns3:hr>
            <ns3:cad>85</ns3:cad>
          </ns3:TrackPointExtension>
        </extensions>
      </trkpt>
      <trkpt lat="31.0223183222115039825439453125" lon="121.4294662512838840484619140625">
        <ele>7.19999980926513671875</ele>
        <time>2026-05-11T12:53:49.000Z</time>
        <extensions>
          <ns3:TrackPointExtension>
            <ns3:hr>153</ns3:hr>
            <ns3:cad>85</ns3:cad>
          </ns3:TrackPointExtension>
        </extensions>
      </trkpt>
      <trkpt lat="31.0223461501300334930419921875" lon="121.4294551871716976165771484375">
        <ele>7.19999980926513671875</ele>
        <time>2026-05-11T12:53:50.000Z</time>
        <extensions>
          <ns3:TrackPointExtension>
            <ns3:hr>153</ns3:hr>
            <ns3:cad>85</ns3:cad>
          </ns3:TrackPointExtension>
        </extensions>
      </trkpt>
      <trkpt lat="31.02237322367727756500244140625" lon="121.42944638617336750030517578125">
        <ele>7.19999980926513671875</ele>
        <time>2026-05-11T12:53:51.000Z</time>
        <extensions>
          <ns3:TrackPointExtension>
            <ns3:hr>153</ns3:hr>
            <ns3:cad>85</ns3:cad>
          </ns3:TrackPointExtension>
        </extensions>
      </trkpt>
      <trkpt lat="31.022399961948394775390625" lon="121.42943716607987880706787109375">
        <ele>7.19999980926513671875</ele>
        <time>2026-05-11T12:53:52.000Z</time>
        <extensions>
          <ns3:TrackPointExtension>
            <ns3:hr>153</ns3:hr>
            <ns3:cad>85</ns3:cad>
          </ns3:TrackPointExtension>
        </extensions>
      </trkpt>
      <trkpt lat="31.0224329866468906402587890625" lon="121.42943792045116424560546875">
        <ele>7.19999980926513671875</ele>
        <time>2026-05-11T12:53:53.000Z</time>
        <extensions>
          <ns3:TrackPointExtension>
            <ns3:hr>153</ns3:hr>
            <ns3:cad>85</ns3:cad>
          </ns3:TrackPointExtension>
        </extensions>
      </trkpt>
      <trkpt lat="31.02245519869029521942138671875" lon="121.42942928709089756011962890625">
        <ele>7.19999980926513671875</ele>
        <time>2026-05-11T12:53:54.000Z</time>
        <extensions>
          <ns3:TrackPointExtension>
            <ns3:hr>153</ns3:hr>
            <ns3:cad>85</ns3:cad>
          </ns3:TrackPointExtension>
        </extensions>
      </trkpt>
      <trkpt lat="31.0224846191704273223876953125" lon="121.42941906116902828216552734375">
        <ele>7.19999980926513671875</ele>
        <time>2026-05-11T12:53:55.000Z</time>
        <extensions>
          <ns3:TrackPointExtension>
            <ns3:hr>153</ns3:hr>
            <ns3:cad>85</ns3:cad>
          </ns3:TrackPointExtension>
        </extensions>
      </trkpt>
      <trkpt lat="31.02251068688929080963134765625" lon="121.42941285856068134307861328125">
        <ele>7.19999980926513671875</ele>
        <time>2026-05-11T12:53:56.000Z</time>
        <extensions>
          <ns3:TrackPointExtension>
            <ns3:hr>153</ns3:hr>
            <ns3:cad>84</ns3:cad>
          </ns3:TrackPointExtension>
        </extensions>
      </trkpt>
      <trkpt lat="31.02253340184688568115234375" lon="121.4294048957526683807373046875">
        <ele>7.19999980926513671875</ele>
        <time>2026-05-11T12:53:57.000Z</time>
        <extensions>
          <ns3:TrackPointExtension>
            <ns3:hr>153</ns3:hr>
            <ns3:cad>84</ns3:cad>
          </ns3:TrackPointExtension>
        </extensions>
      </trkpt>
      <trkpt lat="31.02255913428962230682373046875" lon="121.42940565012395381927490234375">
        <ele>7.19999980926513671875</ele>
        <time>2026-05-11T12:53:58.000Z</time>
        <extensions>
          <ns3:TrackPointExtension>
            <ns3:hr>152</ns3:hr>
            <ns3:cad>84</ns3:cad>
          </ns3:TrackPointExtension>
        </extensions>
      </trkpt>
      <trkpt lat="31.0225808434188365936279296875" lon="121.42939944751560688018798828125">
        <ele>7.19999980926513671875</ele>
        <time>2026-05-11T12:53:59.000Z</time>
        <extensions>
          <ns3:TrackPointExtension>
            <ns3:hr>152</ns3:hr>
            <ns3:cad>84</ns3:cad>
          </ns3:TrackPointExtension>
        </extensions>
      </trkpt>
      <trkpt lat="31.0226130299270153045654296875" lon="121.429404057562351226806640625">
        <ele>7.19999980926513671875</ele>
        <time>2026-05-11T12:54:00.000Z</time>
        <extensions>
          <ns3:TrackPointExtension>
            <ns3:hr>152</ns3:hr>
            <ns3:cad>85</ns3:cad>
          </ns3:TrackPointExtension>
        </extensions>
      </trkpt>
      <trkpt lat="31.02263842709362506866455078125" lon="121.429396010935306549072265625">
        <ele>7.19999980926513671875</ele>
        <time>2026-05-11T12:54:01.000Z</time>
        <extensions>
          <ns3:TrackPointExtension>
            <ns3:hr>152</ns3:hr>
            <ns3:cad>85</ns3:cad>
          </ns3:TrackPointExtension>
        </extensions>
      </trkpt>
      <trkpt lat="31.0226613096892833709716796875" lon="121.42938804812729358673095703125">
        <ele>7.19999980926513671875</ele>
        <time>2026-05-11T12:54:02.000Z</time>
        <extensions>
          <ns3:TrackPointExtension>
            <ns3:hr>151</ns3:hr>
            <ns3:cad>85</ns3:cad>
          </ns3:TrackPointExtension>
        </extensions>
      </trkpt>
      <trkpt lat="31.02268972434103488922119140625" lon="121.42938184551894664764404296875">
        <ele>7.19999980926513671875</ele>
        <time>2026-05-11T12:54:03.000Z</time>
        <extensions>
          <ns3:TrackPointExtension>
            <ns3:hr>151</ns3:hr>
            <ns3:cad>85</ns3:cad>
          </ns3:TrackPointExtension>
        </extensions>
      </trkpt>
      <trkpt lat="31.02271579205989837646484375" lon="121.42937178723514080047607421875">
        <ele>7.19999980926513671875</ele>
        <time>2026-05-11T12:54:04.000Z</time>
        <extensions>
          <ns3:TrackPointExtension>
            <ns3:hr>150</ns3:hr>
            <ns3:cad>85</ns3:cad>
          </ns3:TrackPointExtension>
        </extensions>
      </trkpt>
      <trkpt lat="31.0227511636912822723388671875" lon="121.42937078140676021575927734375">
        <ele>7.19999980926513671875</ele>
        <time>2026-05-11T12:54:05.000Z</time>
        <extensions>
          <ns3:TrackPointExtension>
            <ns3:hr>150</ns3:hr>
            <ns3:cad>85</ns3:cad>
          </ns3:TrackPointExtension>
        </extensions>
      </trkpt>
      <trkpt lat="31.0227746330201625823974609375" lon="121.42936424352228641510009765625">
        <ele>7</ele>
        <time>2026-05-11T12:54:06.000Z</time>
        <extensions>
          <ns3:TrackPointExtension>
            <ns3:hr>150</ns3:hr>
            <ns3:cad>85</ns3:cad>
          </ns3:TrackPointExtension>
        </extensions>
      </trkpt>
      <trkpt lat="31.02280589751899242401123046875" lon="121.42935502342879772186279296875">
        <ele>7</ele>
        <time>2026-05-11T12:54:07.000Z</time>
        <extensions>
          <ns3:TrackPointExtension>
            <ns3:hr>150</ns3:hr>
            <ns3:cad>85</ns3:cad>
          </ns3:TrackPointExtension>
        </extensions>
      </trkpt>
      <trkpt lat="31.022828109562397003173828125" lon="121.4293425343930721282958984375">
        <ele>7</ele>
        <time>2026-05-11T12:54:08.000Z</time>
        <extensions>
          <ns3:TrackPointExtension>
            <ns3:hr>150</ns3:hr>
            <ns3:cad>85</ns3:cad>
          </ns3:TrackPointExtension>
        </extensions>
      </trkpt>
      <trkpt lat="31.02285300381481647491455078125" lon="121.4293297939002513885498046875">
        <ele>7</ele>
        <time>2026-05-11T12:54:09.000Z</time>
        <extensions>
          <ns3:TrackPointExtension>
            <ns3:hr>150</ns3:hr>
            <ns3:cad>85</ns3:cad>
          </ns3:TrackPointExtension>
        </extensions>
      </trkpt>
      <trkpt lat="31.0228835977613925933837890625" lon="121.4293284527957439422607421875">
        <ele>7</ele>
        <time>2026-05-11T12:54:10.000Z</time>
        <extensions>
          <ns3:TrackPointExtension>
            <ns3:hr>150</ns3:hr>
            <ns3:cad>85</ns3:cad>
          </ns3:TrackPointExtension>
        </extensions>
      </trkpt>
      <trkpt lat="31.02291033603250980377197265625" lon="121.4293204061686992645263671875">
        <ele>7</ele>
        <time>2026-05-11T12:54:11.000Z</time>
        <extensions>
          <ns3:TrackPointExtension>
            <ns3:hr>150</ns3:hr>
            <ns3:cad>85</ns3:cad>
          </ns3:TrackPointExtension>
        </extensions>
      </trkpt>
      <trkpt lat="31.02293908596038818359375" lon="121.42931445501744747161865234375">
        <ele>7</ele>
        <time>2026-05-11T12:54:12.000Z</time>
        <extensions>
          <ns3:TrackPointExtension>
            <ns3:hr>150</ns3:hr>
            <ns3:cad>85</ns3:cad>
          </ns3:TrackPointExtension>
        </extensions>
      </trkpt>
      <trkpt lat="31.02296113036572933197021484375" lon="121.42930372618138790130615234375">
        <ele>7</ele>
        <time>2026-05-11T12:54:13.000Z</time>
        <extensions>
          <ns3:TrackPointExtension>
            <ns3:hr>150</ns3:hr>
            <ns3:cad>85</ns3:cad>
          </ns3:TrackPointExtension>
        </extensions>
      </trkpt>
      <trkpt lat="31.02298258803784847259521484375" lon="121.429288052022457122802734375">
        <ele>6.80000019073486328125</ele>
        <time>2026-05-11T12:54:14.000Z</time>
        <extensions>
          <ns3:TrackPointExtension>
            <ns3:hr>150</ns3:hr>
            <ns3:cad>85</ns3:cad>
          </ns3:TrackPointExtension>
        </extensions>
      </trkpt>
      <trkpt lat="31.02300806902348995208740234375" lon="121.4292758144438266754150390625">
        <ele>7</ele>
        <time>2026-05-11T12:54:15.000Z</time>
        <extensions>
          <ns3:TrackPointExtension>
            <ns3:hr>150</ns3:hr>
            <ns3:cad>84</ns3:cad>
          </ns3:TrackPointExtension>
        </extensions>
      </trkpt>
      <trkpt lat="31.0230297781527042388916015625" lon="121.42925955355167388916015625">
        <ele>6.80000019073486328125</ele>
        <time>2026-05-11T12:54:16.000Z</time>
        <extensions>
          <ns3:TrackPointExtension>
            <ns3:hr>150</ns3:hr>
            <ns3:cad>85</ns3:cad>
          </ns3:TrackPointExtension>
        </extensions>
      </trkpt>
      <trkpt lat="31.0230562649667263031005859375" lon="121.42924438230693340301513671875">
        <ele>6.80000019073486328125</ele>
        <time>2026-05-11T12:54:17.000Z</time>
        <extensions>
          <ns3:TrackPointExtension>
            <ns3:hr>150</ns3:hr>
            <ns3:cad>85</ns3:cad>
          </ns3:TrackPointExtension>
        </extensions>
      </trkpt>
      <trkpt lat="31.023072861135005950927734375" lon="121.42922728322446346282958984375">
        <ele>6.80000019073486328125</ele>
        <time>2026-05-11T12:54:18.000Z</time>
        <extensions>
          <ns3:TrackPointExtension>
            <ns3:hr>150</ns3:hr>
            <ns3:cad>85</ns3:cad>
          </ns3:TrackPointExtension>
        </extensions>
      </trkpt>
      <trkpt lat="31.02309532463550567626953125" lon="121.42920113168656826019287109375">
        <ele>6.80000019073486328125</ele>
        <time>2026-05-11T12:54:19.000Z</time>
        <extensions>
          <ns3:TrackPointExtension>
            <ns3:hr>150</ns3:hr>
            <ns3:cad>85</ns3:cad>
          </ns3:TrackPointExtension>
        </extensions>
      </trkpt>
      <trkpt lat="31.0231132619082927703857421875" lon="121.4291765727102756500244140625">
        <ele>6.80000019073486328125</ele>
        <time>2026-05-11T12:54:20.000Z</time>
        <extensions>
          <ns3:TrackPointExtension>
            <ns3:hr>150</ns3:hr>
            <ns3:cad>85</ns3:cad>
          </ns3:TrackPointExtension>
        </extensions>
      </trkpt>
      <trkpt lat="31.02312608622014522552490234375" lon="121.42915092408657073974609375">
        <ele>6.80000019073486328125</ele>
        <time>2026-05-11T12:54:21.000Z</time>
        <extensions>
          <ns3:TrackPointExtension>
            <ns3:hr>150</ns3:hr>
            <ns3:cad>85</ns3:cad>
          </ns3:TrackPointExtension>
        </extensions>
      </trkpt>
      <trkpt lat="31.02314586751163005828857421875" lon="121.42912686802446842193603515625">
        <ele>6.80000019073486328125</ele>
        <time>2026-05-11T12:54:22.000Z</time>
        <extensions>
          <ns3:TrackPointExtension>
            <ns3:hr>150</ns3:hr>
            <ns3:cad>85</ns3:cad>
          </ns3:TrackPointExtension>
        </extensions>
      </trkpt>
      <trkpt lat="31.0231565125286579132080078125" lon="121.4291004650294780731201171875">
        <ele>6.80000019073486328125</ele>
        <time>2026-05-11T12:54:23.000Z</time>
        <extensions>
          <ns3:TrackPointExtension>
            <ns3:hr>150</ns3:hr>
            <ns3:cad>85</ns3:cad>
          </ns3:TrackPointExtension>
        </extensions>
      </trkpt>
      <trkpt lat="31.0231726057827472686767578125" lon="121.42907339148223400115966796875">
        <ele>7</ele>
        <time>2026-05-11T12:54:24.000Z</time>
        <extensions>
          <ns3:TrackPointExtension>
            <ns3:hr>150</ns3:hr>
            <ns3:cad>85</ns3:cad>
          </ns3:TrackPointExtension>
        </extensions>
      </trkpt>
      <trkpt lat="31.02318383753299713134765625" lon="121.42904941923916339874267578125">
        <ele>6.80000019073486328125</ele>
        <time>2026-05-11T12:54:25.000Z</time>
        <extensions>
          <ns3:TrackPointExtension>
            <ns3:hr>150</ns3:hr>
            <ns3:cad>85</ns3:cad>
          </ns3:TrackPointExtension>
        </extensions>
      </trkpt>
      <trkpt lat="31.02319364435970783233642578125" lon="121.42902276478707790374755859375">
        <ele>6.80000019073486328125</ele>
        <time>2026-05-11T12:54:26.000Z</time>
        <extensions>
          <ns3:TrackPointExtension>
            <ns3:hr>150</ns3:hr>
            <ns3:cad>85</ns3:cad>
          </ns3:TrackPointExtension>
        </extensions>
      </trkpt>
      <trkpt lat="31.02320152334868907928466796875" lon="121.428993009030818939208984375">
        <ele>6.80000019073486328125</ele>
        <time>2026-05-11T12:54:27.000Z</time>
        <extensions>
          <ns3:TrackPointExtension>
            <ns3:hr>150</ns3:hr>
            <ns3:cad>85</ns3:cad>
          </ns3:TrackPointExtension>
        </extensions>
      </trkpt>
      <trkpt lat="31.02320672012865543365478515625" lon="121.4289653487503528594970703125">
        <ele>6.80000019073486328125</ele>
        <time>2026-05-11T12:54:28.000Z</time>
        <extensions>
          <ns3:TrackPointExtension>
            <ns3:hr>150</ns3:hr>
            <ns3:cad>85</ns3:cad>
          </ns3:TrackPointExtension>
        </extensions>
      </trkpt>
      <trkpt lat="31.0232098214328289031982421875" lon="121.42893609590828418731689453125">
        <ele>6.80000019073486328125</ele>
        <time>2026-05-11T12:54:29.000Z</time>
        <extensions>
          <ns3:TrackPointExtension>
            <ns3:hr>151</ns3:hr>
            <ns3:cad>84</ns3:cad>
          </ns3:TrackPointExtension>
        </extensions>
      </trkpt>
      <trkpt lat="31.023215688765048980712890625" lon="121.4289060048758983612060546875">
        <ele>6.80000019073486328125</ele>
        <time>2026-05-11T12:54:30.000Z</time>
        <extensions>
          <ns3:TrackPointExtension>
            <ns3:hr>151</ns3:hr>
            <ns3:cad>84</ns3:cad>
          </ns3:TrackPointExtension>
        </extensions>
      </trkpt>
      <trkpt lat="31.0232145152986049652099609375" lon="121.4288744889199733734130859375">
        <ele>6.599999904632568359375</ele>
        <time>2026-05-11T12:54:31.000Z</time>
        <extensions>
          <ns3:TrackPointExtension>
            <ns3:hr>151</ns3:hr>
            <ns3:cad>84</ns3:cad>
          </ns3:TrackPointExtension>
        </extensions>
      </trkpt>
      <trkpt lat="31.02321694605052471160888671875" lon="121.428844816982746124267578125">
        <ele>6.599999904632568359375</ele>
        <time>2026-05-11T12:54:32.000Z</time>
        <extensions>
          <ns3:TrackPointExtension>
            <ns3:hr>151</ns3:hr>
            <ns3:cad>85</ns3:cad>
          </ns3:TrackPointExtension>
        </extensions>
      </trkpt>
      <trkpt lat="31.02320873178541660308837890625" lon="121.42882168292999267578125">
        <ele>6.599999904632568359375</ele>
        <time>2026-05-11T12:54:33.000Z</time>
        <extensions>
          <ns3:TrackPointExtension>
            <ns3:hr>151</ns3:hr>
            <ns3:cad>84</ns3:cad>
          </ns3:TrackPointExtension>
        </extensions>
      </trkpt>
      <trkpt lat="31.02320169098675251007080078125" lon="121.4287903346121311187744140625">
        <ele>6.599999904632568359375</ele>
        <time>2026-05-11T12:54:34.000Z</time>
        <extensions>
          <ns3:TrackPointExtension>
            <ns3:hr>151</ns3:hr>
            <ns3:cad>84</ns3:cad>
          </ns3:TrackPointExtension>
        </extensions>
      </trkpt>
      <trkpt lat="31.02319498546421527862548828125" lon="121.42876460216939449310302734375">
        <ele>6.599999904632568359375</ele>
        <time>2026-05-11T12:54:35.000Z</time>
        <extensions>
          <ns3:TrackPointExtension>
            <ns3:hr>151</ns3:hr>
            <ns3:cad>84</ns3:cad>
          </ns3:TrackPointExtension>
        </extensions>
      </trkpt>
      <trkpt lat="31.02318786084651947021484375" lon="121.42873107455670833587646484375">
        <ele>6.599999904632568359375</ele>
        <time>2026-05-11T12:54:36.000Z</time>
        <extensions>
          <ns3:TrackPointExtension>
            <ns3:hr>151</ns3:hr>
            <ns3:cad>84</ns3:cad>
          </ns3:TrackPointExtension>
        </extensions>
      </trkpt>
      <trkpt lat="31.02318425662815570831298828125" lon="121.42870224080979824066162109375">
        <ele>6.599999904632568359375</ele>
        <time>2026-05-11T12:54:37.000Z</time>
        <extensions>
          <ns3:TrackPointExtension>
            <ns3:hr>150</ns3:hr>
            <ns3:cad>85</ns3:cad>
          </ns3:TrackPointExtension>
        </extensions>
      </trkpt>
      <trkpt lat="31.02317285723984241485595703125" lon="121.42867927439510822296142578125">
        <ele>6.599999904632568359375</ele>
        <time>2026-05-11T12:54:38.000Z</time>
        <extensions>
          <ns3:TrackPointExtension>
            <ns3:hr>150</ns3:hr>
            <ns3:cad>85</ns3:cad>
          </ns3:TrackPointExtension>
        </extensions>
      </trkpt>
      <trkpt lat="31.0231648944318294525146484375" lon="121.42864909954369068145751953125">
        <ele>6.599999904632568359375</ele>
        <time>2026-05-11T12:54:39.000Z</time>
        <extensions>
          <ns3:TrackPointExtension>
            <ns3:hr>150</ns3:hr>
            <ns3:cad>86</ns3:cad>
          </ns3:TrackPointExtension>
        </extensions>
      </trkpt>
      <trkpt lat="31.0231523215770721435546875" lon="121.42862764187157154083251953125">
        <ele>6.80000019073486328125</ele>
        <time>2026-05-11T12:54:40.000Z</time>
        <extensions>
          <ns3:TrackPointExtension>
            <ns3:hr>150</ns3:hr>
            <ns3:cad>86</ns3:cad>
          </ns3:TrackPointExtension>
        </extensions>
      </trkpt>
      <trkpt lat="31.0231377370655536651611328125" lon="121.42859830521047115325927734375">
        <ele>6.80000019073486328125</ele>
        <time>2026-05-11T12:54:41.000Z</time>
        <extensions>
          <ns3:TrackPointExtension>
            <ns3:hr>150</ns3:hr>
            <ns3:cad>86</ns3:cad>
          </ns3:TrackPointExtension>
        </extensions>
      </trkpt>
      <trkpt lat="31.0231243260204792022705078125" lon="121.42857902683317661285400390625">
        <ele>6.80000019073486328125</ele>
        <time>2026-05-11T12:54:42.000Z</time>
        <extensions>
          <ns3:TrackPointExtension>
            <ns3:hr>149</ns3:hr>
            <ns3:cad>86</ns3:cad>
          </ns3:TrackPointExtension>
        </extensions>
      </trkpt>
      <trkpt lat="31.02310697548091411590576171875" lon="121.42855823971331119537353515625">
        <ele>6.80000019073486328125</ele>
        <time>2026-05-11T12:54:43.000Z</time>
        <extensions>
          <ns3:TrackPointExtension>
            <ns3:hr>149</ns3:hr>
            <ns3:cad>85</ns3:cad>
          </ns3:TrackPointExtension>
        </extensions>
      </trkpt>
      <trkpt lat="31.02309205569326877593994140625" lon="121.4285385422408580780029296875">
        <ele>6.80000019073486328125</ele>
        <time>2026-05-11T12:54:44.000Z</time>
        <extensions>
          <ns3:TrackPointExtension>
            <ns3:hr>149</ns3:hr>
            <ns3:cad>85</ns3:cad>
          </ns3:TrackPointExtension>
        </extensions>
      </trkpt>
      <trkpt lat="31.023078225553035736083984375" lon="121.428526304662227630615234375">
        <ele>6.80000019073486328125</ele>
        <time>2026-05-11T12:54:45.000Z</time>
        <extensions>
          <ns3:TrackPointExtension>
            <ns3:hr>148</ns3:hr>
            <ns3:cad>85</ns3:cad>
          </ns3:TrackPointExtension>
        </extensions>
      </trkpt>
      <trkpt lat="31.0230626352131366729736328125" lon="121.4285065233707427978515625">
        <ele>6.80000019073486328125</ele>
        <time>2026-05-11T12:54:46.000Z</time>
        <extensions>
          <ns3:TrackPointExtension>
            <ns3:hr>148</ns3:hr>
            <ns3:cad>85</ns3:cad>
          </ns3:TrackPointExtension>
        </extensions>
      </trkpt>
      <trkpt lat="31.02304570376873016357421875" lon="121.42849688418209552764892578125">
        <ele>6.599999904632568359375</ele>
        <time>2026-05-11T12:54:47.000Z</time>
        <extensions>
          <ns3:TrackPointExtension>
            <ns3:hr>148</ns3:hr>
            <ns3:cad>84</ns3:cad>
          </ns3:TrackPointExtension>
        </extensions>
      </trkpt>
      <trkpt lat="31.023021228611469268798828125" lon="121.4284791983664035797119140625">
        <ele>6.599999904632568359375</ele>
        <time>2026-05-11T12:54:48.000Z</time>
        <extensions>
          <ns3:TrackPointExtension>
            <ns3:hr>147</ns3:hr>
            <ns3:cad>84</ns3:cad>
          </ns3:TrackPointExtension>
        </extensions>
      </trkpt>
      <trkpt lat="31.0230021178722381591796875" lon="121.42846721224486827850341796875">
        <ele>6.599999904632568359375</ele>
        <time>2026-05-11T12:54:49.000Z</time>
        <extensions>
          <ns3:TrackPointExtension>
            <ns3:hr>147</ns3:hr>
            <ns3:cad>84</ns3:cad>
          </ns3:TrackPointExtension>
        </extensions>
      </trkpt>
      <trkpt lat="31.022979654371738433837890625" lon="121.42845765687525272369384765625">
        <ele>6.599999904632568359375</ele>
        <time>2026-05-11T12:54:50.000Z</time>
        <extensions>
          <ns3:TrackPointExtension>
            <ns3:hr>147</ns3:hr>
            <ns3:cad>84</ns3:cad>
          </ns3:TrackPointExtension>
        </extensions>
      </trkpt>
      <trkpt lat="31.02295610122382640838623046875" lon="121.428443826735019683837890625">
        <ele>6.599999904632568359375</ele>
        <time>2026-05-11T12:54:51.000Z</time>
        <extensions>
          <ns3:TrackPointExtension>
            <ns3:hr>147</ns3:hr>
            <ns3:cad>84</ns3:cad>
          </ns3:TrackPointExtension>
        </extensions>
      </trkpt>
      <trkpt lat="31.0229352302849292755126953125" lon="121.4284408092498779296875">
        <ele>6.80000019073486328125</ele>
        <time>2026-05-11T12:54:52.000Z</time>
        <extensions>
          <ns3:TrackPointExtension>
            <ns3:hr>146</ns3:hr>
            <ns3:cad>85</ns3:cad>
          </ns3:TrackPointExtension>
        </extensions>
      </trkpt>
      <trkpt lat="31.022906564176082611083984375" lon="121.42842597328126430511474609375">
        <ele>6.80000019073486328125</ele>
        <time>2026-05-11T12:54:53.000Z</time>
        <extensions>
          <ns3:TrackPointExtension>
            <ns3:hr>146</ns3:hr>
            <ns3:cad>85</ns3:cad>
          </ns3:TrackPointExtension>
        </extensions>
      </trkpt>
      <trkpt lat="31.02288468740880489349365234375" lon="121.4284248836338520050048828125">
        <ele>6.80000019073486328125</ele>
        <time>2026-05-11T12:54:54.000Z</time>
        <extensions>
          <ns3:TrackPointExtension>
            <ns3:hr>145</ns3:hr>
            <ns3:cad>85</ns3:cad>
          </ns3:TrackPointExtension>
        </extensions>
      </trkpt>
      <trkpt lat="31.0228572785854339599609375" lon="121.428417004644870758056640625">
        <ele>6.80000019073486328125</ele>
        <time>2026-05-11T12:54:55.000Z</time>
        <extensions>
          <ns3:TrackPointExtension>
            <ns3:hr>145</ns3:hr>
            <ns3:cad>85</ns3:cad>
          </ns3:TrackPointExtension>
        </extensions>
      </trkpt>
      <trkpt lat="31.022830791771411895751953125" lon="121.42841692082583904266357421875">
        <ele>6.80000019073486328125</ele>
        <time>2026-05-11T12:54:56.000Z</time>
        <extensions>
          <ns3:TrackPointExtension>
            <ns3:hr>145</ns3:hr>
            <ns3:cad>86</ns3:cad>
          </ns3:TrackPointExtension>
        </extensions>
      </trkpt>
      <trkpt lat="31.02280841208994388580322265625" lon="121.4284201897680759429931640625">
        <ele>6.80000019073486328125</ele>
        <time>2026-05-11T12:54:57.000Z</time>
        <extensions>
          <ns3:TrackPointExtension>
            <ns3:hr>144</ns3:hr>
            <ns3:cad>86</ns3:cad>
          </ns3:TrackPointExtension>
        </extensions>
      </trkpt>
      <trkpt lat="31.0227840207517147064208984375" lon="121.42841599881649017333984375">
        <ele>6.599999904632568359375</ele>
        <time>2026-05-11T12:54:58.000Z</time>
        <extensions>
          <ns3:TrackPointExtension>
            <ns3:hr>144</ns3:hr>
            <ns3:cad>86</ns3:cad>
          </ns3:TrackPointExtension>
        </extensions>
      </trkpt>
      <trkpt lat="31.02276432327926158905029296875" lon="121.4284235425293445587158203125">
        <ele>6.599999904632568359375</ele>
        <time>2026-05-11T12:54:59.000Z</time>
        <extensions>
          <ns3:TrackPointExtension>
            <ns3:hr>144</ns3:hr>
            <ns3:cad>86</ns3:cad>
          </ns3:TrackPointExtension>
        </extensions>
      </trkpt>
      <trkpt lat="31.02273699827492237091064453125" lon="121.42842940986156463623046875">
        <ele>6.599999904632568359375</ele>
        <time>2026-05-11T12:55:00.000Z</time>
        <extensions>
          <ns3:TrackPointExtension>
            <ns3:hr>144</ns3:hr>
            <ns3:cad>85</ns3:cad>
          </ns3:TrackPointExtension>
        </extensions>
      </trkpt>
      <trkpt lat="31.0227176360785961151123046875" lon="121.4284372888505458831787109375">
        <ele>6.599999904632568359375</ele>
        <time>2026-05-11T12:55:01.000Z</time>
        <extensions>
          <ns3:TrackPointExtension>
            <ns3:hr>144</ns3:hr>
            <ns3:cad>84</ns3:cad>
          </ns3:TrackPointExtension>
        </extensions>
      </trkpt>
      <trkpt lat="31.02269693277776241302490234375" lon="121.4284450002014636993408203125">
        <ele>6.599999904632568359375</ele>
        <time>2026-05-11T12:55:02.000Z</time>
        <extensions>
          <ns3:TrackPointExtension>
            <ns3:hr>143</ns3:hr>
            <ns3:cad>84</ns3:cad>
          </ns3:TrackPointExtension>
        </extensions>
      </trkpt>
      <trkpt lat="31.022674553096294403076171875" lon="121.42844625748693943023681640625">
        <ele>6.599999904632568359375</ele>
        <time>2026-05-11T12:55:03.000Z</time>
        <extensions>
          <ns3:TrackPointExtension>
            <ns3:hr>143</ns3:hr>
            <ns3:cad>84</ns3:cad>
          </ns3:TrackPointExtension>
        </extensions>
      </trkpt>
      <trkpt lat="31.022656448185443878173828125" lon="121.428456567227840423583984375">
        <ele>6.599999904632568359375</ele>
        <time>2026-05-11T12:55:04.000Z</time>
        <extensions>
          <ns3:TrackPointExtension>
            <ns3:hr>143</ns3:hr>
            <ns3:cad>84</ns3:cad>
          </ns3:TrackPointExtension>
        </extensions>
      </trkpt>
      <trkpt lat="31.0226324759423732757568359375" lon="121.42845748923718929290771484375">
        <ele>6.80000019073486328125</ele>
        <time>2026-05-11T12:55:05.000Z</time>
        <extensions>
          <ns3:TrackPointExtension>
            <ns3:hr>143</ns3:hr>
            <ns3:cad>84</ns3:cad>
          </ns3:TrackPointExtension>
        </extensions>
      </trkpt>
      <trkpt lat="31.02261445485055446624755859375" lon="121.42846134491264820098876953125">
        <ele>6.80000019073486328125</ele>
        <time>2026-05-11T12:55:06.000Z</time>
        <extensions>
          <ns3:TrackPointExtension>
            <ns3:hr>142</ns3:hr>
            <ns3:cad>84</ns3:cad>
          </ns3:TrackPointExtension>
        </extensions>
      </trkpt>
      <trkpt lat="31.022593080997467041015625" lon="121.4284694753587245941162109375">
        <ele>6.80000019073486328125</ele>
        <time>2026-05-11T12:55:07.000Z</time>
        <extensions>
          <ns3:TrackPointExtension>
            <ns3:hr>142</ns3:hr>
            <ns3:cad>85</ns3:cad>
          </ns3:TrackPointExtension>
        </extensions>
      </trkpt>
      <trkpt lat="31.0225697793066501617431640625" lon="121.42847140319645404815673828125">
        <ele>6.80000019073486328125</ele>
        <time>2026-05-11T12:55:08.000Z</time>
        <extensions>
          <ns3:TrackPointExtension>
            <ns3:hr>142</ns3:hr>
            <ns3:cad>83</ns3:cad>
          </ns3:TrackPointExtension>
        </extensions>
      </trkpt>
      <trkpt lat="31.02254823781549930572509765625" lon="121.428480707108974456787109375">
        <ele>6.80000019073486328125</ele>
        <time>2026-05-11T12:55:09.000Z</time>
        <extensions>
          <ns3:TrackPointExtension>
            <ns3:hr>142</ns3:hr>
            <ns3:cad>83</ns3:cad>
          </ns3:TrackPointExtension>
        </extensions>
      </trkpt>
      <trkpt lat="31.02252292446792125701904296875" lon="121.42848649062216281890869140625">
        <ele>6.80000019073486328125</ele>
        <time>2026-05-11T12:55:10.000Z</time>
        <extensions>
          <ns3:TrackPointExtension>
            <ns3:hr>142</ns3:hr>
            <ns3:cad>83</ns3:cad>
          </ns3:TrackPointExtension>
        </extensions>
      </trkpt>
      <trkpt lat="31.0225030593574047088623046875" lon="121.4284936152398586273193359375">
        <ele>6.80000019073486328125</ele>
        <time>2026-05-11T12:55:11.000Z</time>
        <extensions>
          <ns3:TrackPointExtension>
            <ns3:hr>141</ns3:hr>
            <ns3:cad>82</ns3:cad>
          </ns3:TrackPointExtension>
        </extensions>
      </trkpt>
      <trkpt lat="31.0224846191704273223876953125" lon="121.42850325442850589752197265625">
        <ele>6.80000019073486328125</ele>
        <time>2026-05-11T12:55:12.000Z</time>
        <extensions>
          <ns3:TrackPointExtension>
            <ns3:hr>141</ns3:hr>
            <ns3:cad>82</ns3:cad>
          </ns3:TrackPointExtension>
        </extensions>
      </trkpt>
      <trkpt lat="31.0224601440131664276123046875" lon="121.4285033382475376129150390625">
        <ele>6.80000019073486328125</ele>
        <time>2026-05-11T12:55:13.000Z</time>
        <extensions>
          <ns3:TrackPointExtension>
            <ns3:hr>141</ns3:hr>
            <ns3:cad>83</ns3:cad>
          </ns3:TrackPointExtension>
        </extensions>
      </trkpt>
      <trkpt lat="31.02244011126458644866943359375" lon="121.42850995995104312896728515625">
        <ele>6.599999904632568359375</ele>
        <time>2026-05-11T12:55:14.000Z</time>
        <extensions>
          <ns3:TrackPointExtension>
            <ns3:hr>141</ns3:hr>
            <ns3:cad>83</ns3:cad>
          </ns3:TrackPointExtension>
        </extensions>
      </trkpt>
      <trkpt lat="31.0224199108779430389404296875" lon="121.4285174198448657989501953125">
        <ele>6.599999904632568359375</ele>
        <time>2026-05-11T12:55:15.000Z</time>
        <extensions>
          <ns3:TrackPointExtension>
            <ns3:hr>141</ns3:hr>
            <ns3:cad>83</ns3:cad>
          </ns3:TrackPointExtension>
        </extensions>
      </trkpt>
      <trkpt lat="31.0223972797393798828125" lon="121.42851658165454864501953125">
        <ele>6.599999904632568359375</ele>
        <time>2026-05-11T12:55:16.000Z</time>
        <extensions>
          <ns3:TrackPointExtension>
            <ns3:hr>140</ns3:hr>
            <ns3:cad>83</ns3:cad>
          </ns3:TrackPointExtension>
        </extensions>
      </trkpt>
      <trkpt lat="31.02238227613270282745361328125" lon="121.42852370627224445343017578125">
        <ele>6.599999904632568359375</ele>
        <time>2026-05-11T12:55:17.000Z</time>
        <extensions>
          <ns3:TrackPointExtension>
            <ns3:hr>140</ns3:hr>
            <ns3:cad>83</ns3:cad>
          </ns3:TrackPointExtension>
        </extensions>
      </trkpt>
      <trkpt lat="31.02235679514706134796142578125" lon="121.42852823249995708465576171875">
        <ele>6.599999904632568359375</ele>
        <time>2026-05-11T12:55:18.000Z</time>
        <extensions>
          <ns3:TrackPointExtension>
            <ns3:hr>140</ns3:hr>
            <ns3:cad>83</ns3:cad>
          </ns3:TrackPointExtension>
        </extensions>
      </trkpt>
      <trkpt lat="31.02233852259814739227294921875" lon="121.4285338483750820159912109375">
        <ele>6.599999904632568359375</ele>
        <time>2026-05-11T12:55:19.000Z</time>
        <extensions>
          <ns3:TrackPointExtension>
            <ns3:hr>140</ns3:hr>
            <ns3:cad>82</ns3:cad>
          </ns3:TrackPointExtension>
        </extensions>
      </trkpt>
      <trkpt lat="31.0223183222115039825439453125" lon="121.42854298464953899383544921875">
        <ele>6.599999904632568359375</ele>
        <time>2026-05-11T12:55:20.000Z</time>
        <extensions>
          <ns3:TrackPointExtension>
            <ns3:hr>139</ns3:hr>
            <ns3:cad>81</ns3:cad>
          </ns3:TrackPointExtension>
        </extensions>
      </trkpt>
      <trkpt lat="31.02229510433971881866455078125" lon="121.4285442419350147247314453125">
        <ele>6.599999904632568359375</ele>
        <time>2026-05-11T12:55:21.000Z</time>
        <extensions>
          <ns3:TrackPointExtension>
            <ns3:hr>139</ns3:hr>
            <ns3:cad>81</ns3:cad>
          </ns3:TrackPointExtension>
        </extensions>
      </trkpt>
      <trkpt lat="31.02227448485791683197021484375" lon="121.42854935489594936370849609375">
        <ele>6.599999904632568359375</ele>
        <time>2026-05-11T12:55:22.000Z</time>
        <extensions>
          <ns3:TrackPointExtension>
            <ns3:hr>139</ns3:hr>
            <ns3:cad>81</ns3:cad>
          </ns3:TrackPointExtension>
        </extensions>
      </trkpt>
      <trkpt lat="31.0222542844712734222412109375" lon="121.4285589940845966339111328125">
        <ele>6.599999904632568359375</ele>
        <time>2026-05-11T12:55:23.000Z</time>
        <extensions>
          <ns3:TrackPointExtension>
            <ns3:hr>139</ns3:hr>
            <ns3:cad>83</ns3:cad>
          </ns3:TrackPointExtension>
        </extensions>
      </trkpt>
      <trkpt lat="31.02223341353237628936767578125" lon="121.42856041900813579559326171875">
        <ele>6.599999904632568359375</ele>
        <time>2026-05-11T12:55:24.000Z</time>
        <extensions>
          <ns3:TrackPointExtension>
            <ns3:hr>140</ns3:hr>
            <ns3:cad>83</ns3:cad>
          </ns3:TrackPointExtension>
        </extensions>
      </trkpt>
      <trkpt lat="31.022216565907001495361328125" lon="121.428567878901958465576171875">
        <ele>6.599999904632568359375</ele>
        <time>2026-05-11T12:55:25.000Z</time>
        <extensions>
          <ns3:TrackPointExtension>
            <ns3:hr>139</ns3:hr>
            <ns3:cad>83</ns3:cad>
          </ns3:TrackPointExtension>
        </extensions>
      </trkpt>
      <trkpt lat="31.0221947729587554931640625" lon="121.42857667990028858184814453125">
        <ele>6.599999904632568359375</ele>
        <time>2026-05-11T12:55:26.000Z</time>
        <extensions>
          <ns3:TrackPointExtension>
            <ns3:hr>139</ns3:hr>
            <ns3:cad>82</ns3:cad>
          </ns3:TrackPointExtension>
        </extensions>
      </trkpt>
      <trkpt lat="31.0221728123724460601806640625" lon="121.4285801164805889129638671875">
        <ele>6.599999904632568359375</ele>
        <time>2026-05-11T12:55:27.000Z</time>
        <extensions>
          <ns3:TrackPointExtension>
            <ns3:hr>139</ns3:hr>
            <ns3:cad>82</ns3:cad>
          </ns3:TrackPointExtension>
        </extensions>
      </trkpt>
      <trkpt lat="31.022155545651912689208984375" lon="121.4285895042121410369873046875">
        <ele>6.599999904632568359375</ele>
        <time>2026-05-11T12:55:28.000Z</time>
        <extensions>
          <ns3:TrackPointExtension>
            <ns3:hr>139</ns3:hr>
            <ns3:cad>82</ns3:cad>
          </ns3:TrackPointExtension>
        </extensions>
      </trkpt>
      <trkpt lat="31.0221319086849689483642578125" lon="121.428593695163726806640625">
        <ele>6.599999904632568359375</ele>
        <time>2026-05-11T12:55:29.000Z</time>
        <extensions>
          <ns3:TrackPointExtension>
            <ns3:hr>140</ns3:hr>
            <ns3:cad>82</ns3:cad>
          </ns3:TrackPointExtension>
        </extensions>
      </trkpt>
      <trkpt lat="31.0221117921173572540283203125" lon="121.4286002330482006072998046875">
        <ele>6.599999904632568359375</ele>
        <time>2026-05-11T12:55:30.000Z</time>
        <extensions>
          <ns3:TrackPointExtension>
            <ns3:hr>139</ns3:hr>
            <ns3:cad>81</ns3:cad>
          </ns3:TrackPointExtension>
        </extensions>
      </trkpt>
      <trkpt lat="31.022089160978794097900390625" lon="121.42861389555037021636962890625">
        <ele>6.599999904632568359375</ele>
        <time>2026-05-11T12:55:31.000Z</time>
        <extensions>
          <ns3:TrackPointExtension>
            <ns3:hr>139</ns3:hr>
            <ns3:cad>82</ns3:cad>
          </ns3:TrackPointExtension>
        </extensions>
      </trkpt>
      <trkpt lat="31.0220655240118503570556640625" lon="121.42862060107290744781494140625">
        <ele>6.599999904632568359375</ele>
        <time>2026-05-11T12:55:32.000Z</time>
        <extensions>
          <ns3:TrackPointExtension>
            <ns3:hr>139</ns3:hr>
            <ns3:cad>82</ns3:cad>
          </ns3:TrackPointExtension>
        </extensions>
      </trkpt>
      <trkpt lat="31.02204616181552410125732421875" lon="121.42863183282315731048583984375">
        <ele>6.599999904632568359375</ele>
        <time>2026-05-11T12:55:33.000Z</time>
        <extensions>
          <ns3:TrackPointExtension>
            <ns3:hr>139</ns3:hr>
            <ns3:cad>82</ns3:cad>
          </ns3:TrackPointExtension>
        </extensions>
      </trkpt>
      <trkpt lat="31.02202084846794605255126953125" lon="121.4286330901086330413818359375">
        <ele>6.599999904632568359375</ele>
        <time>2026-05-11T12:55:34.000Z</time>
        <extensions>
          <ns3:TrackPointExtension>
            <ns3:hr>139</ns3:hr>
            <ns3:cad>83</ns3:cad>
          </ns3:TrackPointExtension>
        </extensions>
      </trkpt>
      <trkpt lat="31.02199939079582691192626953125" lon="121.42863837070763111114501953125">
        <ele>6.599999904632568359375</ele>
        <time>2026-05-11T12:55:35.000Z</time>
        <extensions>
          <ns3:TrackPointExtension>
            <ns3:hr>139</ns3:hr>
            <ns3:cad>84</ns3:cad>
          </ns3:TrackPointExtension>
        </extensions>
      </trkpt>
      <trkpt lat="31.02197474800050258636474609375" lon="121.42864490859210491180419921875">
        <ele>6.599999904632568359375</ele>
        <time>2026-05-11T12:55:36.000Z</time>
        <extensions>
          <ns3:TrackPointExtension>
            <ns3:hr>138</ns3:hr>
            <ns3:cad>84</ns3:cad>
          </ns3:TrackPointExtension>
        </extensions>
      </trkpt>
      <trkpt lat="31.021949686110019683837890625" lon="121.4286495186388492584228515625">
        <ele>6.599999904632568359375</ele>
        <time>2026-05-11T12:55:37.000Z</time>
        <extensions>
          <ns3:TrackPointExtension>
            <ns3:hr>138</ns3:hr>
            <ns3:cad>84</ns3:cad>
          </ns3:TrackPointExtension>
        </extensions>
      </trkpt>
      <trkpt lat="31.02193183265626430511474609375" lon="121.42865882255136966705322265625">
        <ele>6.599999904632568359375</ele>
        <time>2026-05-11T12:55:38.000Z</time>
        <extensions>
          <ns3:TrackPointExtension>
            <ns3:hr>138</ns3:hr>
            <ns3:cad>84</ns3:cad>
          </ns3:TrackPointExtension>
        </extensions>
      </trkpt>
      <trkpt lat="31.02190786041319370269775390625" lon="121.4286723174154758453369140625">
        <ele>6.599999904632568359375</ele>
        <time>2026-05-11T12:55:39.000Z</time>
        <extensions>
          <ns3:TrackPointExtension>
            <ns3:hr>138</ns3:hr>
            <ns3:cad>83</ns3:cad>
          </ns3:TrackPointExtension>
        </extensions>
      </trkpt>
      <trkpt lat="31.02188564836978912353515625" lon="121.428685225546360015869140625">
        <ele>6.599999904632568359375</ele>
        <time>2026-05-11T12:55:40.000Z</time>
        <extensions>
          <ns3:TrackPointExtension>
            <ns3:hr>138</ns3:hr>
            <ns3:cad>83</ns3:cad>
          </ns3:TrackPointExtension>
        </extensions>
      </trkpt>
      <trkpt lat="31.0218673758208751678466796875" lon="121.4287018217146396636962890625">
        <ele>6.599999904632568359375</ele>
        <time>2026-05-11T12:55:41.000Z</time>
        <extensions>
          <ns3:TrackPointExtension>
            <ns3:hr>138</ns3:hr>
            <ns3:cad>83</ns3:cad>
          </ns3:TrackPointExtension>
        </extensions>
      </trkpt>
      <trkpt lat="31.02184273302555084228515625" lon="121.428717076778411865234375">
        <ele>6.599999904632568359375</ele>
        <time>2026-05-11T12:55:42.000Z</time>
        <extensions>
          <ns3:TrackPointExtension>
            <ns3:hr>137</ns3:hr>
            <ns3:cad>82</ns3:cad>
          </ns3:TrackPointExtension>
        </extensions>
      </trkpt>
      <trkpt lat="31.02182689122855663299560546875" lon="121.42873828299343585968017578125">
        <ele>6.599999904632568359375</ele>
        <time>2026-05-11T12:55:43.000Z</time>
        <extensions>
          <ns3:TrackPointExtension>
            <ns3:hr>138</ns3:hr>
            <ns3:cad>81</ns3:cad>
          </ns3:TrackPointExtension>
        </extensions>
      </trkpt>
      <trkpt lat="31.02181096561253070831298828125" lon="121.4287628419697284698486328125">
        <ele>6.599999904632568359375</ele>
        <time>2026-05-11T12:55:44.000Z</time>
        <extensions>
          <ns3:TrackPointExtension>
            <ns3:hr>138</ns3:hr>
            <ns3:cad>82</ns3:cad>
          </ns3:TrackPointExtension>
        </extensions>
      </trkpt>
      <trkpt lat="31.021791435778141021728515625" lon="121.4287819527089595794677734375">
        <ele>6.599999904632568359375</ele>
        <time>2026-05-11T12:55:45.000Z</time>
        <extensions>
          <ns3:TrackPointExtension>
            <ns3:hr>138</ns3:hr>
            <ns3:cad>82</ns3:cad>
          </ns3:TrackPointExtension>
        </extensions>
      </trkpt>
      <trkpt lat="31.02177911438047885894775390625" lon="121.428805254399776458740234375">
        <ele>6.599999904632568359375</ele>
        <time>2026-05-11T12:55:46.000Z</time>
        <extensions>
          <ns3:TrackPointExtension>
            <ns3:hr>138</ns3:hr>
            <ns3:cad>82</ns3:cad>
          </ns3:TrackPointExtension>
        </extensions>
      </trkpt>
      <trkpt lat="31.0217614285647869110107421875" lon="121.4288305677473545074462890625">
        <ele>6.599999904632568359375</ele>
        <time>2026-05-11T12:55:47.000Z</time>
        <extensions>
          <ns3:TrackPointExtension>
            <ns3:hr>138</ns3:hr>
            <ns3:cad>83</ns3:cad>
          </ns3:TrackPointExtension>
        </extensions>
      </trkpt>
      <trkpt lat="31.02175262756645679473876953125" lon="121.4288525283336639404296875">
        <ele>6.599999904632568359375</ele>
        <time>2026-05-11T12:55:48.000Z</time>
        <extensions>
          <ns3:TrackPointExtension>
            <ns3:hr>138</ns3:hr>
            <ns3:cad>83</ns3:cad>
          </ns3:TrackPointExtension>
        </extensions>
      </trkpt>
      <trkpt lat="31.02174273692071437835693359375" lon="121.42887943424284458160400390625">
        <ele>6.599999904632568359375</ele>
        <time>2026-05-11T12:55:49.000Z</time>
        <extensions>
          <ns3:TrackPointExtension>
            <ns3:hr>139</ns3:hr>
            <ns3:cad>83</ns3:cad>
          </ns3:TrackPointExtension>
        </extensions>
      </trkpt>
      <trkpt lat="31.02173334918916225433349609375" lon="121.4289043284952640533447265625">
        <ele>6.599999904632568359375</ele>
        <time>2026-05-11T12:55:50.000Z</time>
        <extensions>
          <ns3:TrackPointExtension>
            <ns3:hr>139</ns3:hr>
            <ns3:cad>83</ns3:cad>
          </ns3:TrackPointExtension>
        </extensions>
      </trkpt>
      <trkpt lat="31.02173008024692535400390625" lon="121.42892234958708286285400390625">
        <ele>6.599999904632568359375</ele>
        <time>2026-05-11T12:55:51.000Z</time>
        <extensions>
          <ns3:TrackPointExtension>
            <ns3:hr>139</ns3:hr>
            <ns3:cad>84</ns3:cad>
          </ns3:TrackPointExtension>
        </extensions>
      </trkpt>
      <trkpt lat="31.021719016134738922119140625" lon="121.428951434791088104248046875">
        <ele>6.599999904632568359375</ele>
        <time>2026-05-11T12:55:52.000Z</time>
        <extensions>
          <ns3:TrackPointExtension>
            <ns3:hr>139</ns3:hr>
            <ns3:cad>83</ns3:cad>
          </ns3:TrackPointExtension>
        </extensions>
      </trkpt>
      <trkpt lat="31.02171189151704311370849609375" lon="121.42897901125252246856689453125">
        <ele>6.400000095367431640625</ele>
        <time>2026-05-11T12:55:53.000Z</time>
        <extensions>
          <ns3:TrackPointExtension>
            <ns3:hr>139</ns3:hr>
            <ns3:cad>83</ns3:cad>
          </ns3:TrackPointExtension>
        </extensions>
      </trkpt>
      <trkpt lat="31.0217111371457576751708984375" lon="121.4290035702288150787353515625">
        <ele>6.400000095367431640625</ele>
        <time>2026-05-11T12:55:54.000Z</time>
        <extensions>
          <ns3:TrackPointExtension>
            <ns3:hr>139</ns3:hr>
            <ns3:cad>83</ns3:cad>
          </ns3:TrackPointExtension>
        </extensions>
      </trkpt>
      <trkpt lat="31.02170585654675960540771484375" lon="121.42903332598507404327392578125">
        <ele>6.400000095367431640625</ele>
        <time>2026-05-11T12:55:55.000Z</time>
        <extensions>
          <ns3:TrackPointExtension>
            <ns3:hr>139</ns3:hr>
            <ns3:cad>81</ns3:cad>
          </ns3:TrackPointExtension>
        </extensions>
      </trkpt>
      <trkpt lat="31.02169948630034923553466796875" lon="121.429056711494922637939453125">
        <ele>6.19999980926513671875</ele>
        <time>2026-05-11T12:55:56.000Z</time>
        <extensions>
          <ns3:TrackPointExtension>
            <ns3:hr>139</ns3:hr>
            <ns3:cad>81</ns3:cad>
          </ns3:TrackPointExtension>
        </extensions>
      </trkpt>
      <trkpt lat="31.02170049212872982025146484375" lon="121.4290820248425006866455078125">
        <ele>6.400000095367431640625</ele>
        <time>2026-05-11T12:55:57.000Z</time>
        <extensions>
          <ns3:TrackPointExtension>
            <ns3:hr>139</ns3:hr>
            <ns3:cad>81</ns3:cad>
          </ns3:TrackPointExtension>
        </extensions>
      </trkpt>
      <trkpt lat="31.0216953791677951812744140625" lon="121.4291165582835674285888671875">
        <ele>6.400000095367431640625</ele>
        <time>2026-05-11T12:55:58.000Z</time>
        <extensions>
          <ns3:TrackPointExtension>
            <ns3:hr>139</ns3:hr>
            <ns3:cad>82</ns3:cad>
          </ns3:TrackPointExtension>
        </extensions>
      </trkpt>
      <trkpt lat="31.02169680409133434295654296875" lon="121.4291410334408283233642578125">
        <ele>6.400000095367431640625</ele>
        <time>2026-05-11T12:55:59.000Z</time>
        <extensions>
          <ns3:TrackPointExtension>
            <ns3:hr>140</ns3:hr>
            <ns3:cad>82</ns3:cad>
          </ns3:TrackPointExtension>
        </extensions>
      </trkpt>
      <trkpt lat="31.0217017494142055511474609375" lon="121.42917313612997531890869140625">
        <ele>6.400000095367431640625</ele>
        <time>2026-05-11T12:56:00.000Z</time>
        <extensions>
          <ns3:TrackPointExtension>
            <ns3:hr>139</ns3:hr>
            <ns3:cad>82</ns3:cad>
          </ns3:TrackPointExtension>
        </extensions>
      </trkpt>
      <trkpt lat="31.0217097960412502288818359375" lon="121.42920113168656826019287109375">
        <ele>6.400000095367431640625</ele>
        <time>2026-05-11T12:56:01.000Z</time>
        <extensions>
          <ns3:TrackPointExtension>
            <ns3:hr>139</ns3:hr>
            <ns3:cad>82</ns3:cad>
          </ns3:TrackPointExtension>
        </extensions>
      </trkpt>
      <trkpt lat="31.0217211954295635223388671875" lon="121.4292241819202899932861328125">
        <ele>6.400000095367431640625</ele>
        <time>2026-05-11T12:56:02.000Z</time>
        <extensions>
          <ns3:TrackPointExtension>
            <ns3:hr>139</ns3:hr>
            <ns3:cad>81</ns3:cad>
          </ns3:TrackPointExtension>
        </extensions>
      </trkpt>
      <trkpt lat="31.02172882296144962310791015625" lon="121.4292563684284687042236328125">
        <ele>6.400000095367431640625</ele>
        <time>2026-05-11T12:56:03.000Z</time>
        <extensions>
          <ns3:TrackPointExtension>
            <ns3:hr>139</ns3:hr>
            <ns3:cad>82</ns3:cad>
          </ns3:TrackPointExtension>
        </extensions>
      </trkpt>
      <trkpt lat="31.02174106054008007049560546875" lon="121.429279334843158721923828125">
        <ele>6.400000095367431640625</ele>
        <time>2026-05-11T12:56:04.000Z</time>
        <extensions>
          <ns3:TrackPointExtension>
            <ns3:hr>140</ns3:hr>
            <ns3:cad>82</ns3:cad>
          </ns3:TrackPointExtension>
        </extensions>
      </trkpt>
      <trkpt lat="31.0217560641467571258544921875" lon="121.4293023012578487396240234375">
        <ele>6.400000095367431640625</ele>
        <time>2026-05-11T12:56:05.000Z</time>
        <extensions>
          <ns3:TrackPointExtension>
            <ns3:hr>139</ns3:hr>
            <ns3:cad>82</ns3:cad>
          </ns3:TrackPointExtension>
        </extensions>
      </trkpt>
      <trkpt lat="31.021767966449260711669921875" lon="121.42932987771928310394287109375">
        <ele>6.400000095367431640625</ele>
        <time>2026-05-11T12:56:06.000Z</time>
        <extensions>
          <ns3:TrackPointExtension>
            <ns3:hr>139</ns3:hr>
            <ns3:cad>82</ns3:cad>
          </ns3:TrackPointExtension>
        </extensions>
      </trkpt>
      <trkpt lat="31.021784059703350067138671875" lon="121.4293485693633556365966796875">
        <ele>6.400000095367431640625</ele>
        <time>2026-05-11T12:56:07.000Z</time>
        <extensions>
          <ns3:TrackPointExtension>
            <ns3:hr>139</ns3:hr>
            <ns3:cad>82</ns3:cad>
          </ns3:TrackPointExtension>
        </extensions>
      </trkpt>
      <trkpt lat="31.021800823509693145751953125" lon="121.4293727092444896697998046875">
        <ele>6.19999980926513671875</ele>
        <time>2026-05-11T12:56:08.000Z</time>
        <extensions>
          <ns3:TrackPointExtension>
            <ns3:hr>140</ns3:hr>
            <ns3:cad>82</ns3:cad>
          </ns3:TrackPointExtension>
        </extensions>
      </trkpt>
      <trkpt lat="31.02182253263890743255615234375" lon="121.42939307726919651031494140625">
        <ele>6.19999980926513671875</ele>
        <time>2026-05-11T12:56:09.000Z</time>
        <extensions>
          <ns3:TrackPointExtension>
            <ns3:hr>140</ns3:hr>
            <ns3:cad>82</ns3:cad>
          </ns3:TrackPointExtension>
        </extensions>
      </trkpt>
      <trkpt lat="31.0218460857868194580078125" lon="121.42941084690392017364501953125">
        <ele>6.19999980926513671875</ele>
        <time>2026-05-11T12:56:10.000Z</time>
        <extensions>
          <ns3:TrackPointExtension>
            <ns3:hr>140</ns3:hr>
            <ns3:cad>82</ns3:cad>
          </ns3:TrackPointExtension>
        </extensions>
      </trkpt>
      <trkpt lat="31.0218720696866512298583984375" lon="121.429433561861515045166015625">
        <ele>6.19999980926513671875</ele>
        <time>2026-05-11T12:56:11.000Z</time>
        <extensions>
          <ns3:TrackPointExtension>
            <ns3:hr>141</ns3:hr>
            <ns3:cad>82</ns3:cad>
          </ns3:TrackPointExtension>
        </extensions>
      </trkpt>
      <trkpt lat="31.02189327590167522430419921875" lon="121.42944437451660633087158203125">
        <ele>6.19999980926513671875</ele>
        <time>2026-05-11T12:56:12.000Z</time>
        <extensions>
          <ns3:TrackPointExtension>
            <ns3:hr>141</ns3:hr>
            <ns3:cad>83</ns3:cad>
          </ns3:TrackPointExtension>
        </extensions>
      </trkpt>
      <trkpt lat="31.02192227728664875030517578125" lon="121.4294632337987422943115234375">
        <ele>6.19999980926513671875</ele>
        <time>2026-05-11T12:56:13.000Z</time>
        <extensions>
          <ns3:TrackPointExtension>
            <ns3:hr>142</ns3:hr>
            <ns3:cad>83</ns3:cad>
          </ns3:TrackPointExtension>
        </extensions>
      </trkpt>
      <trkpt lat="31.0219461657106876373291015625" lon="121.42947605811059474945068359375">
        <ele>6.19999980926513671875</ele>
        <time>2026-05-11T12:56:14.000Z</time>
        <extensions>
          <ns3:TrackPointExtension>
            <ns3:hr>142</ns3:hr>
            <ns3:cad>84</ns3:cad>
          </ns3:TrackPointExtension>
        </extensions>
      </trkpt>
      <trkpt lat="31.0219716466963291168212890625" lon="121.42948343418538570404052734375">
        <ele>6.19999980926513671875</ele>
        <time>2026-05-11T12:56:15.000Z</time>
        <extensions>
          <ns3:TrackPointExtension>
            <ns3:hr>142</ns3:hr>
            <ns3:cad>84</ns3:cad>
          </ns3:TrackPointExtension>
        </extensions>
      </trkpt>
      <trkpt lat="31.02200123481452465057373046875" lon="121.4294954203069210052490234375">
        <ele>6.19999980926513671875</ele>
        <time>2026-05-11T12:56:16.000Z</time>
        <extensions>
          <ns3:TrackPointExtension>
            <ns3:hr>143</ns3:hr>
            <ns3:cad>85</ns3:cad>
          </ns3:TrackPointExtension>
        </extensions>
      </trkpt>
      <trkpt lat="31.02203006856143474578857421875" lon="121.42949827015399932861328125">
        <ele>6.19999980926513671875</ele>
        <time>2026-05-11T12:56:17.000Z</time>
        <extensions>
          <ns3:TrackPointExtension>
            <ns3:hr>143</ns3:hr>
            <ns3:cad>85</ns3:cad>
          </ns3:TrackPointExtension>
        </extensions>
      </trkpt>
      <trkpt lat="31.0220655240118503570556640625" lon="121.429507993161678314208984375">
        <ele>6.19999980926513671875</ele>
        <time>2026-05-11T12:56:18.000Z</time>
        <extensions>
          <ns3:TrackPointExtension>
            <ns3:hr>143</ns3:hr>
            <ns3:cad>85</ns3:cad>
          </ns3:TrackPointExtension>
        </extensions>
      </trkpt>
      <trkpt lat="31.0220901668071746826171875" lon="121.42950631678104400634765625">
        <ele>6.19999980926513671875</ele>
        <time>2026-05-11T12:56:19.000Z</time>
        <extensions>
          <ns3:TrackPointExtension>
            <ns3:hr>144</ns3:hr>
            <ns3:cad>85</ns3:cad>
          </ns3:TrackPointExtension>
        </extensions>
      </trkpt>
      <trkpt lat="31.0221208445727825164794921875" lon="121.4295016229152679443359375">
        <ele>6.19999980926513671875</ele>
        <time>2026-05-11T12:56:20.000Z</time>
        <extensions>
          <ns3:TrackPointExtension>
            <ns3:hr>144</ns3:hr>
            <ns3:cad>85</ns3:cad>
          </ns3:TrackPointExtension>
        </extensions>
      </trkpt>
      <trkpt lat="31.02215009741485118865966796875" lon="121.42949868924915790557861328125">
        <ele>6.19999980926513671875</ele>
        <time>2026-05-11T12:56:21.000Z</time>
        <extensions>
          <ns3:TrackPointExtension>
            <ns3:hr>145</ns3:hr>
            <ns3:cad>85</ns3:cad>
          </ns3:TrackPointExtension>
        </extensions>
      </trkpt>
      <trkpt lat="31.02217800915241241455078125" lon="121.42948980443179607391357421875">
        <ele>6.19999980926513671875</ele>
        <time>2026-05-11T12:56:22.000Z</time>
        <extensions>
          <ns3:TrackPointExtension>
            <ns3:hr>146</ns3:hr>
            <ns3:cad>85</ns3:cad>
          </ns3:TrackPointExtension>
        </extensions>
      </trkpt>
      <trkpt lat="31.0222110338509082794189453125" lon="121.4294850267469882965087890625">
        <ele>6</ele>
        <time>2026-05-11T12:56:23.000Z</time>
        <extensions>
          <ns3:TrackPointExtension>
            <ns3:hr>147</ns3:hr>
            <ns3:cad>85</ns3:cad>
          </ns3:TrackPointExtension>
        </extensions>
      </trkpt>
      <trkpt lat="31.0222388617694377899169921875" lon="121.42947471700608730316162109375">
        <ele>6</ele>
        <time>2026-05-11T12:56:24.000Z</time>
        <extensions>
          <ns3:TrackPointExtension>
            <ns3:hr>147</ns3:hr>
            <ns3:cad>84</ns3:cad>
          </ns3:TrackPointExtension>
        </extensions>
      </trkpt>
      <trkpt lat="31.02227565832436084747314453125" lon="121.42946742475032806396484375">
        <ele>6</ele>
        <time>2026-05-11T12:56:25.000Z</time>
        <extensions>
          <ns3:TrackPointExtension>
            <ns3:hr>147</ns3:hr>
            <ns3:cad>84</ns3:cad>
          </ns3:TrackPointExtension>
        </extensions>
      </trkpt>
      <trkpt lat="31.02229963056743144989013671875" lon="121.42945594154298305511474609375">
        <ele>6</ele>
        <time>2026-05-11T12:56:26.000Z</time>
        <extensions>
          <ns3:TrackPointExtension>
            <ns3:hr>148</ns3:hr>
            <ns3:cad>85</ns3:cad>
          </ns3:TrackPointExtension>
        </extensions>
      </trkpt>
      <trkpt lat="31.02233164943754673004150390625" lon="121.42944269813597202301025390625">
        <ele>6</ele>
        <time>2026-05-11T12:56:27.000Z</time>
        <extensions>
          <ns3:TrackPointExtension>
            <ns3:hr>148</ns3:hr>
            <ns3:cad>85</ns3:cad>
          </ns3:TrackPointExtension>
        </extensions>
      </trkpt>
      <trkpt lat="31.0223625786602497100830078125" lon="121.4294380880892276763916015625">
        <ele>6</ele>
        <time>2026-05-11T12:56:28.000Z</time>
        <extensions>
          <ns3:TrackPointExtension>
            <ns3:hr>148</ns3:hr>
            <ns3:cad>85</ns3:cad>
          </ns3:TrackPointExtension>
        </extensions>
      </trkpt>
      <trkpt lat="31.0223917476832866668701171875" lon="121.42942559905350208282470703125">
        <ele>6</ele>
        <time>2026-05-11T12:56:29.000Z</time>
        <extensions>
          <ns3:TrackPointExtension>
            <ns3:hr>149</ns3:hr>
            <ns3:cad>85</ns3:cad>
          </ns3:TrackPointExtension>
        </extensions>
      </trkpt>
      <trkpt lat="31.022427119314670562744140625" lon="121.4294184744358062744140625">
        <ele>6</ele>
        <time>2026-05-11T12:56:30.000Z</time>
        <extensions>
          <ns3:TrackPointExtension>
            <ns3:hr>149</ns3:hr>
            <ns3:cad>85</ns3:cad>
          </ns3:TrackPointExtension>
        </extensions>
      </trkpt>
      <trkpt lat="31.02245084010064601898193359375" lon="121.42940849997103214263916015625">
        <ele>6</ele>
        <time>2026-05-11T12:56:31.000Z</time>
        <extensions>
          <ns3:TrackPointExtension>
            <ns3:hr>149</ns3:hr>
            <ns3:cad>85</ns3:cad>
          </ns3:TrackPointExtension>
        </extensions>
      </trkpt>
      <trkpt lat="31.022486127912998199462890625" lon="121.42939944751560688018798828125">
        <ele>6</ele>
        <time>2026-05-11T12:56:32.000Z</time>
        <extensions>
          <ns3:TrackPointExtension>
            <ns3:hr>149</ns3:hr>
            <ns3:cad>85</ns3:cad>
          </ns3:TrackPointExtension>
        </extensions>
      </trkpt>
      <trkpt lat="31.02251194417476654052734375" lon="121.42938922159373760223388671875">
        <ele>6</ele>
        <time>2026-05-11T12:56:33.000Z</time>
        <extensions>
          <ns3:TrackPointExtension>
            <ns3:hr>149</ns3:hr>
            <ns3:cad>85</ns3:cad>
          </ns3:TrackPointExtension>
        </extensions>
      </trkpt>
      <trkpt lat="31.02254144847393035888671875" lon="121.42937782220542430877685546875">
        <ele>5.80000019073486328125</ele>
        <time>2026-05-11T12:56:34.000Z</time>
        <extensions>
          <ns3:TrackPointExtension>
            <ns3:hr>149</ns3:hr>
            <ns3:cad>84</ns3:cad>
          </ns3:TrackPointExtension>
        </extensions>
      </trkpt>
      <trkpt lat="31.0225744731724262237548828125" lon="121.42937547527253627777099609375">
        <ele>5.80000019073486328125</ele>
        <time>2026-05-11T12:56:35.000Z</time>
        <extensions>
          <ns3:TrackPointExtension>
            <ns3:hr>149</ns3:hr>
            <ns3:cad>85</ns3:cad>
          </ns3:TrackPointExtension>
        </extensions>
      </trkpt>
      <trkpt lat="31.02260221727192401885986328125" lon="121.429363824427127838134765625">
        <ele>5.80000019073486328125</ele>
        <time>2026-05-11T12:56:36.000Z</time>
        <extensions>
          <ns3:TrackPointExtension>
            <ns3:hr>150</ns3:hr>
            <ns3:cad>86</ns3:cad>
          </ns3:TrackPointExtension>
        </extensions>
      </trkpt>
      <trkpt lat="31.02264010347425937652587890625" lon="121.42936843447387218475341796875">
        <ele>5.80000019073486328125</ele>
        <time>2026-05-11T12:56:37.000Z</time>
        <extensions>
          <ns3:TrackPointExtension>
            <ns3:hr>150</ns3:hr>
            <ns3:cad>86</ns3:cad>
          </ns3:TrackPointExtension>
        </extensions>
      </trkpt>
      <trkpt lat="31.02266608737409114837646484375" lon="121.4293629862368106842041015625">
        <ele>5.80000019073486328125</ele>
        <time>2026-05-11T12:56:38.000Z</time>
        <extensions>
          <ns3:TrackPointExtension>
            <ns3:hr>150</ns3:hr>
            <ns3:cad>86</ns3:cad>
          </ns3:TrackPointExtension>
        </extensions>
      </trkpt>
      <trkpt lat="31.02269894443452358245849609375" lon="121.42935611307621002197265625">
        <ele>5.80000019073486328125</ele>
        <time>2026-05-11T12:56:39.000Z</time>
        <extensions>
          <ns3:TrackPointExtension>
            <ns3:hr>150</ns3:hr>
            <ns3:cad>86</ns3:cad>
          </ns3:TrackPointExtension>
        </extensions>
      </trkpt>
      <trkpt lat="31.02272258140146732330322265625" lon="121.429348401725292205810546875">
        <ele>5.80000019073486328125</ele>
        <time>2026-05-11T12:56:40.000Z</time>
        <extensions>
          <ns3:TrackPointExtension>
            <ns3:hr>150</ns3:hr>
            <ns3:cad>86</ns3:cad>
          </ns3:TrackPointExtension>
        </extensions>
      </trkpt>
      <trkpt lat="31.022750325500965118408203125" lon="121.4293435402214527130126953125">
        <ele>5.80000019073486328125</ele>
        <time>2026-05-11T12:56:41.000Z</time>
        <extensions>
          <ns3:TrackPointExtension>
            <ns3:hr>151</ns3:hr>
            <ns3:cad>86</ns3:cad>
          </ns3:TrackPointExtension>
        </extensions>
      </trkpt>
      <trkpt lat="31.02278075180947780609130859375" lon="121.429343707859516143798828125">
        <ele>5.80000019073486328125</ele>
        <time>2026-05-11T12:56:42.000Z</time>
        <extensions>
          <ns3:TrackPointExtension>
            <ns3:hr>151</ns3:hr>
            <ns3:cad>85</ns3:cad>
          </ns3:TrackPointExtension>
        </extensions>
      </trkpt>
      <trkpt lat="31.022806651890277862548828125" lon="121.4293354935944080352783203125">
        <ele>5.80000019073486328125</ele>
        <time>2026-05-11T12:56:43.000Z</time>
        <extensions>
          <ns3:TrackPointExtension>
            <ns3:hr>151</ns3:hr>
            <ns3:cad>85</ns3:cad>
          </ns3:TrackPointExtension>
        </extensions>
      </trkpt>
      <trkpt lat="31.0228416882455348968505859375" lon="121.42933071590960025787353515625">
        <ele>5.80000019073486328125</ele>
        <time>2026-05-11T12:56:44.000Z</time>
        <extensions>
          <ns3:TrackPointExtension>
            <ns3:hr>151</ns3:hr>
            <ns3:cad>84</ns3:cad>
          </ns3:TrackPointExtension>
        </extensions>
      </trkpt>
      <trkpt lat="31.022862307727336883544921875" lon="121.429322920739650726318359375">
        <ele>5.80000019073486328125</ele>
        <time>2026-05-11T12:56:45.000Z</time>
        <extensions>
          <ns3:TrackPointExtension>
            <ns3:hr>151</ns3:hr>
            <ns3:cad>84</ns3:cad>
          </ns3:TrackPointExtension>
        </extensions>
      </trkpt>
      <trkpt lat="31.02289323695003986358642578125" lon="121.4293093420565128326416015625">
        <ele>5.599999904632568359375</ele>
        <time>2026-05-11T12:56:46.000Z</time>
        <extensions>
          <ns3:TrackPointExtension>
            <ns3:hr>152</ns3:hr>
            <ns3:cad>84</ns3:cad>
          </ns3:TrackPointExtension>
        </extensions>
      </trkpt>
      <trkpt lat="31.0229245014488697052001953125" lon="121.42930204980075359344482421875">
        <ele>5.599999904632568359375</ele>
        <time>2026-05-11T12:56:47.000Z</time>
        <extensions>
          <ns3:TrackPointExtension>
            <ns3:hr>152</ns3:hr>
            <ns3:cad>85</ns3:cad>
          </ns3:TrackPointExtension>
        </extensions>
      </trkpt>
      <trkpt lat="31.02295107208192348480224609375" lon="121.4292865432798862457275390625">
        <ele>5.599999904632568359375</ele>
        <time>2026-05-11T12:56:48.000Z</time>
        <extensions>
          <ns3:TrackPointExtension>
            <ns3:hr>152</ns3:hr>
            <ns3:cad>85</ns3:cad>
          </ns3:TrackPointExtension>
        </extensions>
      </trkpt>
      <trkpt lat="31.0229851864278316497802734375" lon="121.429273970425128936767578125">
        <ele>5.599999904632568359375</ele>
        <time>2026-05-11T12:56:49.000Z</time>
        <extensions>
          <ns3:TrackPointExtension>
            <ns3:hr>152</ns3:hr>
            <ns3:cad>85</ns3:cad>
          </ns3:TrackPointExtension>
        </extensions>
      </trkpt>
      <trkpt lat="31.0230049677193164825439453125" lon="121.429256536066532135009765625">
        <ele>5.599999904632568359375</ele>
        <time>2026-05-11T12:56:50.000Z</time>
        <extensions>
          <ns3:TrackPointExtension>
            <ns3:hr>153</ns3:hr>
            <ns3:cad>85</ns3:cad>
          </ns3:TrackPointExtension>
        </extensions>
      </trkpt>
      <trkpt lat="31.023031286895275115966796875" lon="121.42923432402312755584716796875">
        <ele>5.599999904632568359375</ele>
        <time>2026-05-11T12:56:51.000Z</time>
        <extensions>
          <ns3:TrackPointExtension>
            <ns3:hr>153</ns3:hr>
            <ns3:cad>85</ns3:cad>
          </ns3:TrackPointExtension>
        </extensions>
      </trkpt>
      <trkpt lat="31.023056097328662872314453125" lon="121.429214961826801300048828125">
        <ele>5.599999904632568359375</ele>
        <time>2026-05-11T12:56:52.000Z</time>
        <extensions>
          <ns3:TrackPointExtension>
            <ns3:hr>153</ns3:hr>
            <ns3:cad>84</ns3:cad>
          </ns3:TrackPointExtension>
        </extensions>
      </trkpt>
      <trkpt lat="31.0230760462582111358642578125" lon="121.42919291742146015167236328125">
        <ele>5.599999904632568359375</ele>
        <time>2026-05-11T12:56:53.000Z</time>
        <extensions>
          <ns3:TrackPointExtension>
            <ns3:hr>153</ns3:hr>
            <ns3:cad>84</ns3:cad>
          </ns3:TrackPointExtension>
        </extensions>
      </trkpt>
      <trkpt lat="31.02310496382415294647216796875" lon="121.42917573451995849609375">
        <ele>5.599999904632568359375</ele>
        <time>2026-05-11T12:56:54.000Z</time>
        <extensions>
          <ns3:TrackPointExtension>
            <ns3:hr>153</ns3:hr>
            <ns3:cad>84</ns3:cad>
          </ns3:TrackPointExtension>
        </extensions>
      </trkpt>
      <trkpt lat="31.02312080562114715576171875" lon="121.429153271019458770751953125">
        <ele>5.599999904632568359375</ele>
        <time>2026-05-11T12:56:55.000Z</time>
        <extensions>
          <ns3:TrackPointExtension>
            <ns3:hr>154</ns3:hr>
            <ns3:cad>84</ns3:cad>
          </ns3:TrackPointExtension>
        </extensions>
      </trkpt>
      <trkpt lat="31.0231384076178073883056640625" lon="121.4291234314441680908203125">
        <ele>5.599999904632568359375</ele>
        <time>2026-05-11T12:56:56.000Z</time>
        <extensions>
          <ns3:TrackPointExtension>
            <ns3:hr>153</ns3:hr>
            <ns3:cad>84</ns3:cad>
          </ns3:TrackPointExtension>
        </extensions>
      </trkpt>
      <trkpt lat="31.02315441705286502838134765625" lon="121.42909535206854343414306640625">
        <ele>5.599999904632568359375</ele>
        <time>2026-05-11T12:56:57.000Z</time>
        <extensions>
          <ns3:TrackPointExtension>
            <ns3:hr>153</ns3:hr>
            <ns3:cad>84</ns3:cad>
          </ns3:TrackPointExtension>
        </extensions>
      </trkpt>
      <trkpt lat="31.0231648944318294525146484375" lon="121.42906534485518932342529296875">
        <ele>5.599999904632568359375</ele>
        <time>2026-05-11T12:56:58.000Z</time>
        <extensions>
          <ns3:TrackPointExtension>
            <ns3:hr>153</ns3:hr>
            <ns3:cad>84</ns3:cad>
          </ns3:TrackPointExtension>
        </extensions>
      </trkpt>
      <trkpt lat="31.0231803171336650848388671875" lon="121.42903232015669345855712890625">
        <ele>5.599999904632568359375</ele>
        <time>2026-05-11T12:56:59.000Z</time>
        <extensions>
          <ns3:TrackPointExtension>
            <ns3:hr>154</ns3:hr>
            <ns3:cad>84</ns3:cad>
          </ns3:TrackPointExtension>
        </extensions>
      </trkpt>
      <trkpt lat="31.023186855018138885498046875" lon="121.42900415696203708648681640625">
        <ele>5.599999904632568359375</ele>
        <time>2026-05-11T12:57:00.000Z</time>
        <extensions>
          <ns3:TrackPointExtension>
            <ns3:hr>153</ns3:hr>
            <ns3:cad>84</ns3:cad>
          </ns3:TrackPointExtension>
        </extensions>
      </trkpt>
      <trkpt lat="31.023196242749691009521484375" lon="121.42896995879709720611572265625">
        <ele>5.599999904632568359375</ele>
        <time>2026-05-11T12:57:01.000Z</time>
        <extensions>
          <ns3:TrackPointExtension>
            <ns3:hr>153</ns3:hr>
            <ns3:cad>84</ns3:cad>
          </ns3:TrackPointExtension>
        </extensions>
      </trkpt>
      <trkpt lat="31.02320051752030849456787109375" lon="121.4289410412311553955078125">
        <ele>5.599999904632568359375</ele>
        <time>2026-05-11T12:57:02.000Z</time>
        <extensions>
          <ns3:TrackPointExtension>
            <ns3:hr>153</ns3:hr>
            <ns3:cad>85</ns3:cad>
          </ns3:TrackPointExtension>
        </extensions>
      </trkpt>
      <trkpt lat="31.02319967932999134063720703125" lon="121.428906507790088653564453125">
        <ele>5.599999904632568359375</ele>
        <time>2026-05-11T12:57:03.000Z</time>
        <extensions>
          <ns3:TrackPointExtension>
            <ns3:hr>154</ns3:hr>
            <ns3:cad>85</ns3:cad>
          </ns3:TrackPointExtension>
        </extensions>
      </trkpt>
      <trkpt lat="31.02320269681513309478759765625" lon="121.42887390218675136566162109375">
        <ele>5.80000019073486328125</ele>
        <time>2026-05-11T12:57:04.000Z</time>
        <extensions>
          <ns3:TrackPointExtension>
            <ns3:hr>153</ns3:hr>
            <ns3:cad>85</ns3:cad>
          </ns3:TrackPointExtension>
        </extensions>
      </trkpt>
      <trkpt lat="31.02319917641580104827880859375" lon="121.42884473316371440887451171875">
        <ele>5.80000019073486328125</ele>
        <time>2026-05-11T12:57:05.000Z</time>
        <extensions>
          <ns3:TrackPointExtension>
            <ns3:hr>153</ns3:hr>
            <ns3:cad>85</ns3:cad>
          </ns3:TrackPointExtension>
        </extensions>
      </trkpt>
      <trkpt lat="31.02320118807256221771240234375" lon="121.42880768515169620513916015625">
        <ele>5.80000019073486328125</ele>
        <time>2026-05-11T12:57:06.000Z</time>
        <extensions>
          <ns3:TrackPointExtension>
            <ns3:hr>153</ns3:hr>
            <ns3:cad>85</ns3:cad>
          </ns3:TrackPointExtension>
        </extensions>
      </trkpt>
      <trkpt lat="31.02319565601646900177001953125" lon="121.42877700738608837127685546875">
        <ele>5.80000019073486328125</ele>
        <time>2026-05-11T12:57:07.000Z</time>
        <extensions>
          <ns3:TrackPointExtension>
            <ns3:hr>153</ns3:hr>
            <ns3:cad>85</ns3:cad>
          </ns3:TrackPointExtension>
        </extensions>
      </trkpt>
      <trkpt lat="31.02318827994167804718017578125" lon="121.42873811535537242889404296875">
        <ele>5.80000019073486328125</ele>
        <time>2026-05-11T12:57:08.000Z</time>
        <extensions>
          <ns3:TrackPointExtension>
            <ns3:hr>154</ns3:hr>
            <ns3:cad>85</ns3:cad>
          </ns3:TrackPointExtension>
        </extensions>
      </trkpt>
      <trkpt lat="31.02317755110561847686767578125" lon="121.42871079035103321075439453125">
        <ele>5.599999904632568359375</ele>
        <time>2026-05-11T12:57:09.000Z</time>
        <extensions>
          <ns3:TrackPointExtension>
            <ns3:hr>153</ns3:hr>
            <ns3:cad>85</ns3:cad>
          </ns3:TrackPointExtension>
        </extensions>
      </trkpt>
      <trkpt lat="31.023163385689258575439453125" lon="121.4286753349006175994873046875">
        <ele>5.599999904632568359375</ele>
        <time>2026-05-11T12:57:10.000Z</time>
        <extensions>
          <ns3:TrackPointExtension>
            <ns3:hr>153</ns3:hr>
            <ns3:cad>85</ns3:cad>
          </ns3:TrackPointExtension>
        </extensions>
      </trkpt>
      <trkpt lat="31.02314821444451808929443359375" lon="121.42864792607724666595458984375">
        <ele>5.599999904632568359375</ele>
        <time>2026-05-11T12:57:11.000Z</time>
        <extensions>
          <ns3:TrackPointExtension>
            <ns3:hr>153</ns3:hr>
            <ns3:cad>85</ns3:cad>
          </ns3:TrackPointExtension>
        </extensions>
      </trkpt>
      <trkpt lat="31.0231300257146358489990234375" lon="121.42862495966255664825439453125">
        <ele>5.599999904632568359375</ele>
        <time>2026-05-11T12:57:12.000Z</time>
        <extensions>
          <ns3:TrackPointExtension>
            <ns3:hr>153</ns3:hr>
            <ns3:cad>85</ns3:cad>
          </ns3:TrackPointExtension>
        </extensions>
      </trkpt>
      <trkpt lat="31.0231122560799121856689453125" lon="121.4285851456224918365478515625">
        <ele>5.599999904632568359375</ele>
        <time>2026-05-11T12:57:13.000Z</time>
        <extensions>
          <ns3:TrackPointExtension>
            <ns3:hr>153</ns3:hr>
            <ns3:cad>85</ns3:cad>
          </ns3:TrackPointExtension>
        </extensions>
      </trkpt>
      <trkpt lat="31.02309239096939563751220703125" lon="121.42856360413134098052978515625">
        <ele>5.599999904632568359375</ele>
        <time>2026-05-11T12:57:14.000Z</time>
        <extensions>
          <ns3:TrackPointExtension>
            <ns3:hr>154</ns3:hr>
            <ns3:cad>85</ns3:cad>
          </ns3:TrackPointExtension>
        </extensions>
      </trkpt>
      <trkpt lat="31.02306238375604152679443359375" lon="121.4285405538976192474365234375">
        <ele>5.599999904632568359375</ele>
        <time>2026-05-11T12:57:15.000Z</time>
        <extensions>
          <ns3:TrackPointExtension>
            <ns3:hr>153</ns3:hr>
            <ns3:cad>85</ns3:cad>
          </ns3:TrackPointExtension>
        </extensions>
      </trkpt>
      <trkpt lat="31.02303891442716121673583984375" lon="121.4285177551209926605224609375">
        <ele>5.599999904632568359375</ele>
        <time>2026-05-11T12:57:16.000Z</time>
        <extensions>
          <ns3:TrackPointExtension>
            <ns3:hr>153</ns3:hr>
            <ns3:cad>85</ns3:cad>
          </ns3:TrackPointExtension>
        </extensions>
      </trkpt>
      <trkpt lat="31.0230136848986148834228515625" lon="121.42850392498075962066650390625">
        <ele>5.599999904632568359375</ele>
        <time>2026-05-11T12:57:17.000Z</time>
        <extensions>
          <ns3:TrackPointExtension>
            <ns3:hr>154</ns3:hr>
            <ns3:cad>85</ns3:cad>
          </ns3:TrackPointExtension>
        </extensions>
      </trkpt>
      <trkpt lat="31.02298761717975139617919921875" lon="121.42847903072834014892578125">
        <ele>5.599999904632568359375</ele>
        <time>2026-05-11T12:57:18.000Z</time>
        <extensions>
          <ns3:TrackPointExtension>
            <ns3:hr>154</ns3:hr>
            <ns3:cad>84</ns3:cad>
          </ns3:TrackPointExtension>
        </extensions>
      </trkpt>
      <trkpt lat="31.02296389639377593994140625" lon="121.4284701459109783172607421875">
        <ele>5.599999904632568359375</ele>
        <time>2026-05-11T12:57:19.000Z</time>
        <extensions>
          <ns3:TrackPointExtension>
            <ns3:hr>154</ns3:hr>
            <ns3:cad>84</ns3:cad>
          </ns3:TrackPointExtension>
        </extensions>
      </trkpt>
      <trkpt lat="31.022928021848201751708984375" lon="121.42845732159912586212158203125">
        <ele>5.599999904632568359375</ele>
        <time>2026-05-11T12:57:20.000Z</time>
        <extensions>
          <ns3:TrackPointExtension>
            <ns3:hr>155</ns3:hr>
            <ns3:cad>84</ns3:cad>
          </ns3:TrackPointExtension>
        </extensions>
      </trkpt>
      <trkpt lat="31.02289457805454730987548828125" lon="121.42844952642917633056640625">
        <ele>5.599999904632568359375</ele>
        <time>2026-05-11T12:57:21.000Z</time>
        <extensions>
          <ns3:TrackPointExtension>
            <ns3:hr>155</ns3:hr>
            <ns3:cad>84</ns3:cad>
          </ns3:TrackPointExtension>
        </extensions>
      </trkpt>
      <trkpt lat="31.0228653252124786376953125" lon="121.42844625748693943023681640625">
        <ele>5.599999904632568359375</ele>
        <time>2026-05-11T12:57:22.000Z</time>
        <extensions>
          <ns3:TrackPointExtension>
            <ns3:hr>155</ns3:hr>
            <ns3:cad>84</ns3:cad>
          </ns3:TrackPointExtension>
        </extensions>
      </trkpt>
      <trkpt lat="31.0228331387042999267578125" lon="121.42843477427959442138671875">
        <ele>5.80000019073486328125</ele>
        <time>2026-05-11T12:57:23.000Z</time>
        <extensions>
          <ns3:TrackPointExtension>
            <ns3:hr>155</ns3:hr>
            <ns3:cad>85</ns3:cad>
          </ns3:TrackPointExtension>
        </extensions>
      </trkpt>
      <trkpt lat="31.02280992083251476287841796875" lon="121.42843804322183132171630859375">
        <ele>5.80000019073486328125</ele>
        <time>2026-05-11T12:57:24.000Z</time>
        <extensions>
          <ns3:TrackPointExtension>
            <ns3:hr>155</ns3:hr>
            <ns3:cad>85</ns3:cad>
          </ns3:TrackPointExtension>
        </extensions>
      </trkpt>
      <trkpt lat="31.0227742977440357208251953125" lon="121.42843435518443584442138671875">
        <ele>5.80000019073486328125</ele>
        <time>2026-05-11T12:57:25.000Z</time>
        <extensions>
          <ns3:TrackPointExtension>
            <ns3:hr>155</ns3:hr>
            <ns3:cad>85</ns3:cad>
          </ns3:TrackPointExtension>
        </extensions>
      </trkpt>
      <trkpt lat="31.02274957112967967987060546875" lon="121.4284421503543853759765625">
        <ele>5.80000019073486328125</ele>
        <time>2026-05-11T12:57:26.000Z</time>
        <extensions>
          <ns3:TrackPointExtension>
            <ns3:hr>155</ns3:hr>
            <ns3:cad>85</ns3:cad>
          </ns3:TrackPointExtension>
        </extensions>
      </trkpt>
      <trkpt lat="31.02271570824086666107177734375" lon="121.42845489084720611572265625">
        <ele>5.80000019073486328125</ele>
        <time>2026-05-11T12:57:27.000Z</time>
        <extensions>
          <ns3:TrackPointExtension>
            <ns3:hr>156</ns3:hr>
            <ns3:cad>85</ns3:cad>
          </ns3:TrackPointExtension>
        </extensions>
      </trkpt>
      <trkpt lat="31.02268519811332225799560546875" lon="121.4284604229032993316650390625">
        <ele>5.80000019073486328125</ele>
        <time>2026-05-11T12:57:28.000Z</time>
        <extensions>
          <ns3:TrackPointExtension>
            <ns3:hr>156</ns3:hr>
            <ns3:cad>85</ns3:cad>
          </ns3:TrackPointExtension>
        </extensions>
      </trkpt>
      <trkpt lat="31.02265938185155391693115234375" lon="121.4284724928438663482666015625">
        <ele>5.80000019073486328125</ele>
        <time>2026-05-11T12:57:29.000Z</time>
        <extensions>
          <ns3:TrackPointExtension>
            <ns3:hr>156</ns3:hr>
            <ns3:cad>85</ns3:cad>
          </ns3:TrackPointExtension>
        </extensions>
      </trkpt>
      <trkpt lat="31.0226284526288509368896484375" lon="121.4284761808812618255615234375">
        <ele>5.80000019073486328125</ele>
        <time>2026-05-11T12:57:30.000Z</time>
        <extensions>
          <ns3:TrackPointExtension>
            <ns3:hr>156</ns3:hr>
            <ns3:cad>85</ns3:cad>
          </ns3:TrackPointExtension>
        </extensions>
      </trkpt>
      <trkpt lat="31.02260808460414409637451171875" lon="121.42848632298409938812255859375">
        <ele>5.80000019073486328125</ele>
        <time>2026-05-11T12:57:31.000Z</time>
        <extensions>
          <ns3:TrackPointExtension>
            <ns3:hr>156</ns3:hr>
            <ns3:cad>86</ns3:cad>
          </ns3:TrackPointExtension>
        </extensions>
      </trkpt>
      <trkpt lat="31.0225761495530605316162109375" lon="121.42849068157374858856201171875">
        <ele>5.80000019073486328125</ele>
        <time>2026-05-11T12:57:32.000Z</time>
        <extensions>
          <ns3:TrackPointExtension>
            <ns3:hr>157</ns3:hr>
            <ns3:cad>86</ns3:cad>
          </ns3:TrackPointExtension>
        </extensions>
      </trkpt>
      <trkpt lat="31.02255259640514850616455078125" lon="121.42850057221949100494384765625">
        <ele>5.80000019073486328125</ele>
        <time>2026-05-11T12:57:33.000Z</time>
        <extensions>
          <ns3:TrackPointExtension>
            <ns3:hr>156</ns3:hr>
            <ns3:cad>86</ns3:cad>
          </ns3:TrackPointExtension>
        </extensions>
      </trkpt>
      <trkpt lat="31.02252460084855556488037109375" lon="121.42851230688393115997314453125">
        <ele>5.80000019073486328125</ele>
        <time>2026-05-11T12:57:34.000Z</time>
        <extensions>
          <ns3:TrackPointExtension>
            <ns3:hr>157</ns3:hr>
            <ns3:cad>86</ns3:cad>
          </ns3:TrackPointExtension>
        </extensions>
      </trkpt>
      <trkpt lat="31.02249450981616973876953125" lon="121.42851616255939006805419921875">
        <ele>6</ele>
        <time>2026-05-11T12:57:35.000Z</time>
        <extensions>
          <ns3:TrackPointExtension>
            <ns3:hr>157</ns3:hr>
            <ns3:cad>85</ns3:cad>
          </ns3:TrackPointExtension>
        </extensions>
      </trkpt>
      <trkpt lat="31.02247514761984348297119140625" lon="121.4285214431583881378173828125">
        <ele>6</ele>
        <time>2026-05-11T12:57:36.000Z</time>
        <extensions>
          <ns3:TrackPointExtension>
            <ns3:hr>157</ns3:hr>
            <ns3:cad>85</ns3:cad>
          </ns3:TrackPointExtension>
        </extensions>
      </trkpt>
      <trkpt lat="31.0224413685500621795654296875" lon="121.428523622453212738037109375">
        <ele>6</ele>
        <time>2026-05-11T12:57:37.000Z</time>
        <extensions>
          <ns3:TrackPointExtension>
            <ns3:hr>158</ns3:hr>
            <ns3:cad>85</ns3:cad>
          </ns3:TrackPointExtension>
        </extensions>
      </trkpt>
      <trkpt lat="31.0224192403256893157958984375" lon="121.42853133380413055419921875">
        <ele>6</ele>
        <time>2026-05-11T12:57:38.000Z</time>
        <extensions>
          <ns3:TrackPointExtension>
            <ns3:hr>158</ns3:hr>
            <ns3:cad>84</ns3:cad>
          </ns3:TrackPointExtension>
        </extensions>
      </trkpt>
      <trkpt lat="31.02238831110298633575439453125" lon="121.4285432361066341400146484375">
        <ele>6</ele>
        <time>2026-05-11T12:57:39.000Z</time>
        <extensions>
          <ns3:TrackPointExtension>
            <ns3:hr>158</ns3:hr>
            <ns3:cad>84</ns3:cad>
          </ns3:TrackPointExtension>
        </extensions>
      </trkpt>
      <trkpt lat="31.02236098609864711761474609375" lon="121.4285532943904399871826171875">
        <ele>5.80000019073486328125</ele>
        <time>2026-05-11T12:57:40.000Z</time>
        <extensions>
          <ns3:TrackPointExtension>
            <ns3:hr>158</ns3:hr>
            <ns3:cad>84</ns3:cad>
          </ns3:TrackPointExtension>
        </extensions>
      </trkpt>
      <trkpt lat="31.0223364271223545074462890625" lon="121.42856511287391185760498046875">
        <ele>6</ele>
        <time>2026-05-11T12:57:41.000Z</time>
        <extensions>
          <ns3:TrackPointExtension>
            <ns3:hr>157</ns3:hr>
            <ns3:cad>84</ns3:cad>
          </ns3:TrackPointExtension>
        </extensions>
      </trkpt>
      <trkpt lat="31.022305078804492950439453125" lon="121.428563185036182403564453125">
        <ele>6</ele>
        <time>2026-05-11T12:57:42.000Z</time>
        <extensions>
          <ns3:TrackPointExtension>
            <ns3:hr>158</ns3:hr>
            <ns3:cad>85</ns3:cad>
          </ns3:TrackPointExtension>
        </extensions>
      </trkpt>
      <trkpt lat="31.0222817771136760711669921875" lon="121.42857030965387821197509765625">
        <ele>5.80000019073486328125</ele>
        <time>2026-05-11T12:57:43.000Z</time>
        <extensions>
          <ns3:TrackPointExtension>
            <ns3:hr>158</ns3:hr>
            <ns3:cad>85</ns3:cad>
          </ns3:TrackPointExtension>
        </extensions>
      </trkpt>
      <trkpt lat="31.02224900387227535247802734375" lon="121.42857550643384456634521484375">
        <ele>5.80000019073486328125</ele>
        <time>2026-05-11T12:57:44.000Z</time>
        <extensions>
          <ns3:TrackPointExtension>
            <ns3:hr>159</ns3:hr>
            <ns3:cad>85</ns3:cad>
          </ns3:TrackPointExtension>
        </extensions>
      </trkpt>
      <trkpt lat="31.0222237743437290191650390625" lon="121.42858606763184070587158203125">
        <ele>5.80000019073486328125</ele>
        <time>2026-05-11T12:57:45.000Z</time>
        <extensions>
          <ns3:TrackPointExtension>
            <ns3:hr>159</ns3:hr>
            <ns3:cad>85</ns3:cad>
          </ns3:TrackPointExtension>
        </extensions>
      </trkpt>
      <trkpt lat="31.0221982933580875396728515625" lon="121.4285982213914394378662109375">
        <ele>5.80000019073486328125</ele>
        <time>2026-05-11T12:57:46.000Z</time>
        <extensions>
          <ns3:TrackPointExtension>
            <ns3:hr>159</ns3:hr>
            <ns3:cad>85</ns3:cad>
          </ns3:TrackPointExtension>
        </extensions>
      </trkpt>
      <trkpt lat="31.02217021398246288299560546875" lon="121.428601406514644622802734375">
        <ele>5.80000019073486328125</ele>
        <time>2026-05-11T12:57:47.000Z</time>
        <extensions>
          <ns3:TrackPointExtension>
            <ns3:hr>159</ns3:hr>
            <ns3:cad>85</ns3:cad>
          </ns3:TrackPointExtension>
        </extensions>
      </trkpt>
      <trkpt lat="31.02214808575809001922607421875" lon="121.42861180007457733154296875">
        <ele>5.80000019073486328125</ele>
        <time>2026-05-11T12:57:48.000Z</time>
        <extensions>
          <ns3:TrackPointExtension>
            <ns3:hr>159</ns3:hr>
            <ns3:cad>85</ns3:cad>
          </ns3:TrackPointExtension>
        </extensions>
      </trkpt>
      <trkpt lat="31.02211573161184787750244140625" lon="121.42861305736005306243896484375">
        <ele>5.80000019073486328125</ele>
        <time>2026-05-11T12:57:49.000Z</time>
        <extensions>
          <ns3:TrackPointExtension>
            <ns3:hr>159</ns3:hr>
            <ns3:cad>85</ns3:cad>
          </ns3:TrackPointExtension>
        </extensions>
      </trkpt>
      <trkpt lat="31.022093184292316436767578125" lon="121.42862127162516117095947265625">
        <ele>5.599999904632568359375</ele>
        <time>2026-05-11T12:57:50.000Z</time>
        <extensions>
          <ns3:TrackPointExtension>
            <ns3:hr>159</ns3:hr>
            <ns3:cad>85</ns3:cad>
          </ns3:TrackPointExtension>
        </extensions>
      </trkpt>
      <trkpt lat="31.022062338888645172119140625" lon="121.4286307431757450103759765625">
        <ele>5.599999904632568359375</ele>
        <time>2026-05-11T12:57:51.000Z</time>
        <extensions>
          <ns3:TrackPointExtension>
            <ns3:hr>159</ns3:hr>
            <ns3:cad>85</ns3:cad>
          </ns3:TrackPointExtension>
        </extensions>
      </trkpt>
      <trkpt lat="31.0220338404178619384765625" lon="121.42863887362182140350341796875">
        <ele>5.599999904632568359375</ele>
        <time>2026-05-11T12:57:52.000Z</time>
        <extensions>
          <ns3:TrackPointExtension>
            <ns3:hr>159</ns3:hr>
            <ns3:cad>85</ns3:cad>
          </ns3:TrackPointExtension>
        </extensions>
      </trkpt>
      <trkpt lat="31.02200902998447418212890625" lon="121.4286501891911029815673828125">
        <ele>5.80000019073486328125</ele>
        <time>2026-05-11T12:57:53.000Z</time>
        <extensions>
          <ns3:TrackPointExtension>
            <ns3:hr>159</ns3:hr>
            <ns3:cad>85</ns3:cad>
          </ns3:TrackPointExtension>
        </extensions>
      </trkpt>
      <trkpt lat="31.02197843603789806365966796875" lon="121.4286522008478641510009765625">
        <ele>5.80000019073486328125</ele>
        <time>2026-05-11T12:57:54.000Z</time>
        <extensions>
          <ns3:TrackPointExtension>
            <ns3:hr>159</ns3:hr>
            <ns3:cad>85</ns3:cad>
          </ns3:TrackPointExtension>
        </extensions>
      </trkpt>
      <trkpt lat="31.021959744393825531005859375" lon="121.42866351641714572906494140625">
        <ele>5.80000019073486328125</ele>
        <time>2026-05-11T12:57:55.000Z</time>
        <extensions>
          <ns3:TrackPointExtension>
            <ns3:hr>159</ns3:hr>
            <ns3:cad>85</ns3:cad>
          </ns3:TrackPointExtension>
        </extensions>
      </trkpt>
      <trkpt lat="31.02193132974207401275634765625" lon="121.428676508367061614990234375">
        <ele>5.80000019073486328125</ele>
        <time>2026-05-11T12:57:56.000Z</time>
        <extensions>
          <ns3:TrackPointExtension>
            <ns3:hr>160</ns3:hr>
            <ns3:cad>85</ns3:cad>
          </ns3:TrackPointExtension>
        </extensions>
      </trkpt>
      <trkpt lat="31.02191154845058917999267578125" lon="121.42869017086923122406005859375">
        <ele>5.80000019073486328125</ele>
        <time>2026-05-11T12:57:57.000Z</time>
        <extensions>
          <ns3:TrackPointExtension>
            <ns3:hr>159</ns3:hr>
            <ns3:cad>85</ns3:cad>
          </ns3:TrackPointExtension>
        </extensions>
      </trkpt>
      <trkpt lat="31.02189310826361179351806640625" lon="121.42870911397039890289306640625">
        <ele>5.80000019073486328125</ele>
        <time>2026-05-11T12:57:58.000Z</time>
        <extensions>
          <ns3:TrackPointExtension>
            <ns3:hr>159</ns3:hr>
            <ns3:cad>84</ns3:cad>
          </ns3:TrackPointExtension>
        </extensions>
      </trkpt>
      <trkpt lat="31.02186779491603374481201171875" lon="121.4287237823009490966796875">
        <ele>5.80000019073486328125</ele>
        <time>2026-05-11T12:57:59.000Z</time>
        <extensions>
          <ns3:TrackPointExtension>
            <ns3:hr>159</ns3:hr>
            <ns3:cad>84</ns3:cad>
          </ns3:TrackPointExtension>
        </extensions>
      </trkpt>
      <trkpt lat="31.02185069583356380462646484375" lon="121.428744904696941375732421875">
        <ele>5.80000019073486328125</ele>
        <time>2026-05-11T12:58:00.000Z</time>
        <extensions>
          <ns3:TrackPointExtension>
            <ns3:hr>159</ns3:hr>
            <ns3:cad>84</ns3:cad>
          </ns3:TrackPointExtension>
        </extensions>
      </trkpt>
      <trkpt lat="31.02182839997112751007080078125" lon="121.428769715130329132080078125">
        <ele>6</ele>
        <time>2026-05-11T12:58:01.000Z</time>
        <extensions>
          <ns3:TrackPointExtension>
            <ns3:hr>159</ns3:hr>
            <ns3:cad>84</ns3:cad>
          </ns3:TrackPointExtension>
        </extensions>
      </trkpt>
      <trkpt lat="31.021809875965118408203125" lon="121.4287873171269893646240234375">
        <ele>6</ele>
        <time>2026-05-11T12:58:02.000Z</time>
        <extensions>
          <ns3:TrackPointExtension>
            <ns3:hr>159</ns3:hr>
            <ns3:cad>84</ns3:cad>
          </ns3:TrackPointExtension>
        </extensions>
      </trkpt>
      <trkpt lat="31.0217986442148685455322265625" lon="121.4288148097693920135498046875">
        <ele>5.80000019073486328125</ele>
        <time>2026-05-11T12:58:03.000Z</time>
        <extensions>
          <ns3:TrackPointExtension>
            <ns3:hr>159</ns3:hr>
            <ns3:cad>84</ns3:cad>
          </ns3:TrackPointExtension>
        </extensions>
      </trkpt>
      <trkpt lat="31.0217818804085254669189453125" lon="121.42883718945086002349853515625">
        <ele>5.80000019073486328125</ele>
        <time>2026-05-11T12:58:04.000Z</time>
        <extensions>
          <ns3:TrackPointExtension>
            <ns3:hr>159</ns3:hr>
            <ns3:cad>84</ns3:cad>
          </ns3:TrackPointExtension>
        </extensions>
      </trkpt>
      <trkpt lat="31.02177173830568790435791015625" lon="121.42886166460812091827392578125">
        <ele>5.80000019073486328125</ele>
        <time>2026-05-11T12:58:05.000Z</time>
        <extensions>
          <ns3:TrackPointExtension>
            <ns3:hr>159</ns3:hr>
            <ns3:cad>84</ns3:cad>
          </ns3:TrackPointExtension>
        </extensions>
      </trkpt>
      <trkpt lat="31.021753214299678802490234375" lon="121.428891755640506744384765625">
        <ele>5.80000019073486328125</ele>
        <time>2026-05-11T12:58:06.000Z</time>
        <extensions>
          <ns3:TrackPointExtension>
            <ns3:hr>159</ns3:hr>
            <ns3:cad>85</ns3:cad>
          </ns3:TrackPointExtension>
        </extensions>
      </trkpt>
      <trkpt lat="31.0217450000345706939697265625" lon="121.4289153926074504852294921875">
        <ele>5.80000019073486328125</ele>
        <time>2026-05-11T12:58:07.000Z</time>
        <extensions>
          <ns3:TrackPointExtension>
            <ns3:hr>159</ns3:hr>
            <ns3:cad>85</ns3:cad>
          </ns3:TrackPointExtension>
        </extensions>
      </trkpt>
      <trkpt lat="31.021735779941082000732421875" lon="121.42894975841045379638671875">
        <ele>5.80000019073486328125</ele>
        <time>2026-05-11T12:58:08.000Z</time>
        <extensions>
          <ns3:TrackPointExtension>
            <ns3:hr>158</ns3:hr>
            <ns3:cad>85</ns3:cad>
          </ns3:TrackPointExtension>
        </extensions>
      </trkpt>
      <trkpt lat="31.021729409694671630859375" lon="121.4289797656238079071044921875">
        <ele>5.80000019073486328125</ele>
        <time>2026-05-11T12:58:09.000Z</time>
        <extensions>
          <ns3:TrackPointExtension>
            <ns3:hr>158</ns3:hr>
            <ns3:cad>85</ns3:cad>
          </ns3:TrackPointExtension>
        </extensions>
      </trkpt>
      <trkpt lat="31.02172681130468845367431640625" lon="121.42901069484651088714599609375">
        <ele>6</ele>
        <time>2026-05-11T12:58:10.000Z</time>
        <extensions>
          <ns3:TrackPointExtension>
            <ns3:hr>158</ns3:hr>
            <ns3:cad>85</ns3:cad>
          </ns3:TrackPointExtension>
        </extensions>
      </trkpt>
      <trkpt lat="31.0217195190489292144775390625" lon="121.429045312106609344482421875">
        <ele>5.80000019073486328125</ele>
        <time>2026-05-11T12:58:11.000Z</time>
        <extensions>
          <ns3:TrackPointExtension>
            <ns3:hr>158</ns3:hr>
            <ns3:cad>84</ns3:cad>
          </ns3:TrackPointExtension>
        </extensions>
      </trkpt>
      <trkpt lat="31.02172211743891239166259765625" lon="121.42907238565385341644287109375">
        <ele>5.80000019073486328125</ele>
        <time>2026-05-11T12:58:12.000Z</time>
        <extensions>
          <ns3:TrackPointExtension>
            <ns3:hr>158</ns3:hr>
            <ns3:cad>84</ns3:cad>
          </ns3:TrackPointExtension>
        </extensions>
      </trkpt>
      <trkpt lat="31.02171725593507289886474609375" lon="121.429109685122966766357421875">
        <ele>5.80000019073486328125</ele>
        <time>2026-05-11T12:58:13.000Z</time>
        <extensions>
          <ns3:TrackPointExtension>
            <ns3:hr>157</ns3:hr>
            <ns3:cad>85</ns3:cad>
          </ns3:TrackPointExtension>
        </extensions>
      </trkpt>
      <trkpt lat="31.021722368896007537841796875" lon="121.4291370101273059844970703125">
        <ele>5.80000019073486328125</ele>
        <time>2026-05-11T12:58:14.000Z</time>
        <extensions>
          <ns3:TrackPointExtension>
            <ns3:hr>157</ns3:hr>
            <ns3:cad>85</ns3:cad>
          </ns3:TrackPointExtension>
        </extensions>
      </trkpt>
      <trkpt lat="31.0217280685901641845703125" lon="121.429168023169040679931640625">
        <ele>5.80000019073486328125</ele>
        <time>2026-05-11T12:58:15.000Z</time>
        <extensions>
          <ns3:TrackPointExtension>
            <ns3:hr>157</ns3:hr>
            <ns3:cad>85</ns3:cad>
          </ns3:TrackPointExtension>
        </extensions>
      </trkpt>
      <trkpt lat="31.02173435501754283905029296875" lon="121.4291976951062679290771484375">
        <ele>5.80000019073486328125</ele>
        <time>2026-05-11T12:58:16.000Z</time>
        <extensions>
          <ns3:TrackPointExtension>
            <ns3:hr>157</ns3:hr>
            <ns3:cad>85</ns3:cad>
          </ns3:TrackPointExtension>
        </extensions>
      </trkpt>
      <trkpt lat="31.02174826897680759429931640625" lon="121.42922309227287769317626953125">
        <ele>6</ele>
        <time>2026-05-11T12:58:17.000Z</time>
        <extensions>
          <ns3:TrackPointExtension>
            <ns3:hr>156</ns3:hr>
            <ns3:cad>85</ns3:cad>
          </ns3:TrackPointExtension>
        </extensions>
      </trkpt>
      <trkpt lat="31.02175111882388591766357421875" lon="121.429255865514278411865234375">
        <ele>6</ele>
        <time>2026-05-11T12:58:18.000Z</time>
        <extensions>
          <ns3:TrackPointExtension>
            <ns3:hr>156</ns3:hr>
            <ns3:cad>85</ns3:cad>
          </ns3:TrackPointExtension>
        </extensions>
      </trkpt>
      <trkpt lat="31.02175958454608917236328125" lon="121.42927707172930240631103515625">
        <ele>5.80000019073486328125</ele>
        <time>2026-05-11T12:58:19.000Z</time>
        <extensions>
          <ns3:TrackPointExtension>
            <ns3:hr>156</ns3:hr>
            <ns3:cad>85</ns3:cad>
          </ns3:TrackPointExtension>
        </extensions>
      </trkpt>
      <trkpt lat="31.02177391760051250457763671875" lon="121.42930783331394195556640625">
        <ele>5.80000019073486328125</ele>
        <time>2026-05-11T12:58:20.000Z</time>
        <extensions>
          <ns3:TrackPointExtension>
            <ns3:hr>156</ns3:hr>
            <ns3:cad>85</ns3:cad>
          </ns3:TrackPointExtension>
        </extensions>
      </trkpt>
      <trkpt lat="31.02178950794041156768798828125" lon="121.4293334819376468658447265625">
        <ele>5.80000019073486328125</ele>
        <time>2026-05-11T12:58:21.000Z</time>
        <extensions>
          <ns3:TrackPointExtension>
            <ns3:hr>156</ns3:hr>
            <ns3:cad>85</ns3:cad>
          </ns3:TrackPointExtension>
        </extensions>
      </trkpt>
      <trkpt lat="31.0218110494315624237060546875" lon="121.429353095591068267822265625">
        <ele>5.80000019073486328125</ele>
        <time>2026-05-11T12:58:22.000Z</time>
        <extensions>
          <ns3:TrackPointExtension>
            <ns3:hr>156</ns3:hr>
            <ns3:cad>84</ns3:cad>
          </ns3:TrackPointExtension>
        </extensions>
      </trkpt>
      <trkpt lat="31.0218278132379055023193359375" lon="121.4293807558715343475341796875">
        <ele>5.80000019073486328125</ele>
        <time>2026-05-11T12:58:23.000Z</time>
        <extensions>
          <ns3:TrackPointExtension>
            <ns3:hr>156</ns3:hr>
            <ns3:cad>84</ns3:cad>
          </ns3:TrackPointExtension>
        </extensions>
      </trkpt>
      <trkpt lat="31.02184901945292949676513671875" lon="121.42939659766852855682373046875">
        <ele>5.80000019073486328125</ele>
        <time>2026-05-11T12:58:24.000Z</time>
        <extensions>
          <ns3:TrackPointExtension>
            <ns3:hr>156</ns3:hr>
            <ns3:cad>84</ns3:cad>
          </ns3:TrackPointExtension>
        </extensions>
      </trkpt>
      <trkpt lat="31.0218693874776363372802734375" lon="121.42942224629223346710205078125">
        <ele>5.80000019073486328125</ele>
        <time>2026-05-11T12:58:25.000Z</time>
        <extensions>
          <ns3:TrackPointExtension>
            <ns3:hr>156</ns3:hr>
            <ns3:cad>84</ns3:cad>
          </ns3:TrackPointExtension>
        </extensions>
      </trkpt>
      <trkpt lat="31.02188967168331146240234375" lon="121.429440937936305999755859375">
        <ele>5.80000019073486328125</ele>
        <time>2026-05-11T12:58:26.000Z</time>
        <extensions>
          <ns3:TrackPointExtension>
            <ns3:hr>156</ns3:hr>
            <ns3:cad>85</ns3:cad>
          </ns3:TrackPointExtension>
        </extensions>
      </trkpt>
      <trkpt lat="31.02191439829766750335693359375" lon="121.42945401370525360107421875">
        <ele>5.80000019073486328125</ele>
        <time>2026-05-11T12:58:27.000Z</time>
        <extensions>
          <ns3:TrackPointExtension>
            <ns3:hr>156</ns3:hr>
            <ns3:cad>85</ns3:cad>
          </ns3:TrackPointExtension>
        </extensions>
      </trkpt>
      <trkpt lat="31.0219399631023406982421875" lon="121.4294682629406452178955078125">
        <ele>5.80000019073486328125</ele>
        <time>2026-05-11T12:58:28.000Z</time>
        <extensions>
          <ns3:TrackPointExtension>
            <ns3:hr>156</ns3:hr>
            <ns3:cad>85</ns3:cad>
          </ns3:TrackPointExtension>
        </extensions>
      </trkpt>
      <trkpt lat="31.0219619236886501312255859375" lon="121.42947471700608730316162109375">
        <ele>5.80000019073486328125</ele>
        <time>2026-05-11T12:58:29.000Z</time>
        <extensions>
          <ns3:TrackPointExtension>
            <ns3:hr>156</ns3:hr>
            <ns3:cad>83</ns3:cad>
          </ns3:TrackPointExtension>
        </extensions>
      </trkpt>
      <trkpt lat="31.02199218235909938812255859375" lon="121.429489888250827789306640625">
        <ele>5.80000019073486328125</ele>
        <time>2026-05-11T12:58:30.000Z</time>
        <extensions>
          <ns3:TrackPointExtension>
            <ns3:hr>156</ns3:hr>
            <ns3:cad>83</ns3:cad>
          </ns3:TrackPointExtension>
        </extensions>
      </trkpt>
      <trkpt lat="31.0220135562121868133544921875" lon="121.42949298955500125885009765625">
        <ele>5.80000019073486328125</ele>
        <time>2026-05-11T12:58:31.000Z</time>
        <extensions>
          <ns3:TrackPointExtension>
            <ns3:hr>156</ns3:hr>
            <ns3:cad>84</ns3:cad>
          </ns3:TrackPointExtension>
        </extensions>
      </trkpt>
      <trkpt lat="31.0220407135784626007080078125" lon="121.42949424684047698974609375">
        <ele>5.80000019073486328125</ele>
        <time>2026-05-11T12:58:32.000Z</time>
        <extensions>
          <ns3:TrackPointExtension>
            <ns3:hr>156</ns3:hr>
            <ns3:cad>84</ns3:cad>
          </ns3:TrackPointExtension>
        </extensions>
      </trkpt>
      <trkpt lat="31.02206560783088207244873046875" lon="121.429496593773365020751953125">
        <ele>5.80000019073486328125</ele>
        <time>2026-05-11T12:58:33.000Z</time>
        <extensions>
          <ns3:TrackPointExtension>
            <ns3:hr>156</ns3:hr>
            <ns3:cad>85</ns3:cad>
          </ns3:TrackPointExtension>
        </extensions>
      </trkpt>
      <trkpt lat="31.02208941243588924407958984375" lon="121.42949290573596954345703125">
        <ele>5.80000019073486328125</ele>
        <time>2026-05-11T12:58:34.000Z</time>
        <extensions>
          <ns3:TrackPointExtension>
            <ns3:hr>156</ns3:hr>
            <ns3:cad>85</ns3:cad>
          </ns3:TrackPointExtension>
        </extensions>
      </trkpt>
      <trkpt lat="31.02211958728730678558349609375" lon="121.4295001141726970672607421875">
        <ele>5.80000019073486328125</ele>
        <time>2026-05-11T12:58:35.000Z</time>
        <extensions>
          <ns3:TrackPointExtension>
            <ns3:hr>155</ns3:hr>
            <ns3:cad>85</ns3:cad>
          </ns3:TrackPointExtension>
        </extensions>
      </trkpt>
      <trkpt lat="31.022143475711345672607421875" lon="121.42949516884982585906982421875">
        <ele>5.80000019073486328125</ele>
        <time>2026-05-11T12:58:36.000Z</time>
        <extensions>
          <ns3:TrackPointExtension>
            <ns3:hr>156</ns3:hr>
            <ns3:cad>85</ns3:cad>
          </ns3:TrackPointExtension>
        </extensions>
      </trkpt>
      <trkpt lat="31.02217323146760463714599609375" lon="121.42949013970792293548583984375">
        <ele>5.80000019073486328125</ele>
        <time>2026-05-11T12:58:37.000Z</time>
        <extensions>
          <ns3:TrackPointExtension>
            <ns3:hr>156</ns3:hr>
            <ns3:cad>85</ns3:cad>
          </ns3:TrackPointExtension>
        </extensions>
      </trkpt>
      <trkpt lat="31.02219435386359691619873046875" lon="121.42948209308087825775146484375">
        <ele>5.80000019073486328125</ele>
        <time>2026-05-11T12:58:38.000Z</time>
        <extensions>
          <ns3:TrackPointExtension>
            <ns3:hr>156</ns3:hr>
            <ns3:cad>85</ns3:cad>
          </ns3:TrackPointExtension>
        </extensions>
      </trkpt>
      <trkpt lat="31.02221815846860408782958984375" lon="121.4294716157019138336181640625">
        <ele>5.80000019073486328125</ele>
        <time>2026-05-11T12:58:39.000Z</time>
        <extensions>
          <ns3:TrackPointExtension>
            <ns3:hr>156</ns3:hr>
            <ns3:cad>85</ns3:cad>
          </ns3:TrackPointExtension>
        </extensions>
      </trkpt>
      <trkpt lat="31.0222459025681018829345703125" lon="121.4294675923883914947509765625">
        <ele>5.80000019073486328125</ele>
        <time>2026-05-11T12:58:40.000Z</time>
        <extensions>
          <ns3:TrackPointExtension>
            <ns3:hr>156</ns3:hr>
            <ns3:cad>85</ns3:cad>
          </ns3:TrackPointExtension>
        </extensions>
      </trkpt>
      <trkpt lat="31.02226861752569675445556640625" lon="121.42946231178939342498779296875">
        <ele>5.80000019073486328125</ele>
        <time>2026-05-11T12:58:41.000Z</time>
        <extensions>
          <ns3:TrackPointExtension>
            <ns3:hr>156</ns3:hr>
            <ns3:cad>85</ns3:cad>
          </ns3:TrackPointExtension>
        </extensions>
      </trkpt>
      <trkpt lat="31.02229292504489421844482421875" lon="121.42945543862879276275634765625">
        <ele>5.599999904632568359375</ele>
        <time>2026-05-11T12:58:42.000Z</time>
        <extensions>
          <ns3:TrackPointExtension>
            <ns3:hr>155</ns3:hr>
            <ns3:cad>85</ns3:cad>
          </ns3:TrackPointExtension>
        </extensions>
      </trkpt>
      <trkpt lat="31.022319495677947998046875" lon="121.42944957129657268524169921875">
        <ele>5.599999904632568359375</ele>
        <time>2026-05-11T12:58:43.000Z</time>
        <extensions>
          <ns3:TrackPointExtension>
            <ns3:hr>155</ns3:hr>
            <ns3:cad>85</ns3:cad>
          </ns3:TrackPointExtension>
        </extensions>
      </trkpt>
      <trkpt lat="31.02234405465424060821533203125" lon="121.42944328486919403076171875">
        <ele>5.599999904632568359375</ele>
        <time>2026-05-11T12:58:44.000Z</time>
        <extensions>
          <ns3:TrackPointExtension>
            <ns3:hr>155</ns3:hr>
            <ns3:cad>85</ns3:cad>
          </ns3:TrackPointExtension>
        </extensions>
      </trkpt>
      <trkpt lat="31.022369451820850372314453125" lon="121.42943817190825939178466796875">
        <ele>5.599999904632568359375</ele>
        <time>2026-05-11T12:58:45.000Z</time>
        <extensions>
          <ns3:TrackPointExtension>
            <ns3:hr>155</ns3:hr>
            <ns3:cad>83</ns3:cad>
          </ns3:TrackPointExtension>
        </extensions>
      </trkpt>
      <trkpt lat="31.02239317260682582855224609375" lon="121.4294297061860561370849609375">
        <ele>5.599999904632568359375</ele>
        <time>2026-05-11T12:58:46.000Z</time>
        <extensions>
          <ns3:TrackPointExtension>
            <ns3:hr>154</ns3:hr>
            <ns3:cad>83</ns3:cad>
          </ns3:TrackPointExtension>
        </extensions>
      </trkpt>
      <trkpt lat="31.022422425448894500732421875" lon="121.42942006699740886688232421875">
        <ele>5.599999904632568359375</ele>
        <time>2026-05-11T12:58:47.000Z</time>
        <extensions>
          <ns3:TrackPointExtension>
            <ns3:hr>154</ns3:hr>
            <ns3:cad>83</ns3:cad>
          </ns3:TrackPointExtension>
        </extensions>
      </trkpt>
      <trkpt lat="31.02245268411934375762939453125" lon="121.42941570840775966644287109375">
        <ele>5.599999904632568359375</ele>
        <time>2026-05-11T12:58:48.000Z</time>
        <extensions>
          <ns3:TrackPointExtension>
            <ns3:hr>154</ns3:hr>
            <ns3:cad>83</ns3:cad>
          </ns3:TrackPointExtension>
        </extensions>
      </trkpt>
      <trkpt lat="31.02248243987560272216796875" lon="121.4294075779616832733154296875">
        <ele>5.599999904632568359375</ele>
        <time>2026-05-11T12:58:49.000Z</time>
        <extensions>
          <ns3:TrackPointExtension>
            <ns3:hr>155</ns3:hr>
            <ns3:cad>85</ns3:cad>
          </ns3:TrackPointExtension>
        </extensions>
      </trkpt>
      <trkpt lat="31.0225127823650836944580078125" lon="121.42940246500074863433837890625">
        <ele>5.599999904632568359375</ele>
        <time>2026-05-11T12:58:50.000Z</time>
        <extensions>
          <ns3:TrackPointExtension>
            <ns3:hr>155</ns3:hr>
            <ns3:cad>85</ns3:cad>
          </ns3:TrackPointExtension>
        </extensions>
      </trkpt>
      <trkpt lat="31.02253834716975688934326171875" lon="121.42939877696335315704345703125">
        <ele>5.599999904632568359375</ele>
        <time>2026-05-11T12:58:51.000Z</time>
        <extensions>
          <ns3:TrackPointExtension>
            <ns3:hr>155</ns3:hr>
            <ns3:cad>84</ns3:cad>
          </ns3:TrackPointExtension>
        </extensions>
      </trkpt>
      <trkpt lat="31.02256198413670063018798828125" lon="121.42939031124114990234375">
        <ele>5.599999904632568359375</ele>
        <time>2026-05-11T12:58:52.000Z</time>
        <extensions>
          <ns3:TrackPointExtension>
            <ns3:hr>154</ns3:hr>
            <ns3:cad>84</ns3:cad>
          </ns3:TrackPointExtension>
        </extensions>
      </trkpt>
      <trkpt lat="31.02259106934070587158203125" lon="121.42938829958438873291015625">
        <ele>5.599999904632568359375</ele>
        <time>2026-05-11T12:58:53.000Z</time>
        <extensions>
          <ns3:TrackPointExtension>
            <ns3:hr>154</ns3:hr>
            <ns3:cad>83</ns3:cad>
          </ns3:TrackPointExtension>
        </extensions>
      </trkpt>
      <trkpt lat="31.022612191736698150634765625" lon="121.4293763972818851470947265625">
        <ele>5.599999904632568359375</ele>
        <time>2026-05-11T12:58:54.000Z</time>
        <extensions>
          <ns3:TrackPointExtension>
            <ns3:hr>154</ns3:hr>
            <ns3:cad>83</ns3:cad>
          </ns3:TrackPointExtension>
        </extensions>
      </trkpt>
      <trkpt lat="31.02264194749295711517333984375" lon="121.4293680153787136077880859375">
        <ele>5.599999904632568359375</ele>
        <time>2026-05-11T12:58:55.000Z</time>
        <extensions>
          <ns3:TrackPointExtension>
            <ns3:hr>154</ns3:hr>
            <ns3:cad>83</ns3:cad>
          </ns3:TrackPointExtension>
        </extensions>
      </trkpt>
      <trkpt lat="31.02266809903085231781005859375" lon="121.4293603040277957916259765625">
        <ele>5.599999904632568359375</ele>
        <time>2026-05-11T12:58:56.000Z</time>
        <extensions>
          <ns3:TrackPointExtension>
            <ns3:hr>155</ns3:hr>
            <ns3:cad>83</ns3:cad>
          </ns3:TrackPointExtension>
        </extensions>
      </trkpt>
      <trkpt lat="31.02269676513969898223876953125" lon="121.4293512515723705291748046875">
        <ele>5.400000095367431640625</ele>
        <time>2026-05-11T12:58:57.000Z</time>
        <extensions>
          <ns3:TrackPointExtension>
            <ns3:hr>154</ns3:hr>
            <ns3:cad>83</ns3:cad>
          </ns3:TrackPointExtension>
        </extensions>
      </trkpt>
      <trkpt lat="31.0227230004966259002685546875" lon="121.42934798263013362884521484375">
        <ele>5.400000095367431640625</ele>
        <time>2026-05-11T12:58:58.000Z</time>
        <extensions>
          <ns3:TrackPointExtension>
            <ns3:hr>154</ns3:hr>
            <ns3:cad>84</ns3:cad>
          </ns3:TrackPointExtension>
        </extensions>
      </trkpt>
      <trkpt lat="31.022747643291950225830078125" lon="121.42933758907020092010498046875">
        <ele>5.400000095367431640625</ele>
        <time>2026-05-11T12:58:59.000Z</time>
        <extensions>
          <ns3:TrackPointExtension>
            <ns3:hr>155</ns3:hr>
            <ns3:cad>84</ns3:cad>
          </ns3:TrackPointExtension>
        </extensions>
      </trkpt>
      <trkpt lat="31.022780835628509521484375" lon="121.42933608032763004302978515625">
        <ele>5.400000095367431640625</ele>
        <time>2026-05-11T12:59:00.000Z</time>
        <extensions>
          <ns3:TrackPointExtension>
            <ns3:hr>154</ns3:hr>
            <ns3:cad>84</ns3:cad>
          </ns3:TrackPointExtension>
        </extensions>
      </trkpt>
      <trkpt lat="31.0228049755096435546875" lon="121.42932820133864879608154296875">
        <ele>5.400000095367431640625</ele>
        <time>2026-05-11T12:59:01.000Z</time>
        <extensions>
          <ns3:TrackPointExtension>
            <ns3:hr>154</ns3:hr>
            <ns3:cad>84</ns3:cad>
          </ns3:TrackPointExtension>
        </extensions>
      </trkpt>
      <trkpt lat="31.02283875457942485809326171875" lon="121.42931856215000152587890625">
        <ele>5.400000095367431640625</ele>
        <time>2026-05-11T12:59:02.000Z</time>
        <extensions>
          <ns3:TrackPointExtension>
            <ns3:hr>155</ns3:hr>
            <ns3:cad>84</ns3:cad>
          </ns3:TrackPointExtension>
        </extensions>
      </trkpt>
      <trkpt lat="31.02286733686923980712890625" lon="121.429312191903591156005859375">
        <ele>5.400000095367431640625</ele>
        <time>2026-05-11T12:59:03.000Z</time>
        <extensions>
          <ns3:TrackPointExtension>
            <ns3:hr>154</ns3:hr>
            <ns3:cad>84</ns3:cad>
          </ns3:TrackPointExtension>
        </extensions>
      </trkpt>
      <trkpt lat="31.0228956677019596099853515625" lon="121.4293012954294681549072265625">
        <ele>5.400000095367431640625</ele>
        <time>2026-05-11T12:59:04.000Z</time>
        <extensions>
          <ns3:TrackPointExtension>
            <ns3:hr>154</ns3:hr>
            <ns3:cad>84</ns3:cad>
          </ns3:TrackPointExtension>
        </extensions>
      </trkpt>
      <trkpt lat="31.02292492054402828216552734375" lon="121.42929433844983577728271484375">
        <ele>5.400000095367431640625</ele>
        <time>2026-05-11T12:59:05.000Z</time>
        <extensions>
          <ns3:TrackPointExtension>
            <ns3:hr>155</ns3:hr>
            <ns3:cad>85</ns3:cad>
          </ns3:TrackPointExtension>
        </extensions>
      </trkpt>
      <trkpt lat="31.0229466296732425689697265625" lon="121.4292774908244609832763671875">
        <ele>5.19999980926513671875</ele>
        <time>2026-05-11T12:59:06.000Z</time>
        <extensions>
          <ns3:TrackPointExtension>
            <ns3:hr>154</ns3:hr>
            <ns3:cad>85</ns3:cad>
          </ns3:TrackPointExtension>
        </extensions>
      </trkpt>
      <trkpt lat="31.0229779779911041259765625" lon="121.42926583997905254364013671875">
        <ele>5.19999980926513671875</ele>
        <time>2026-05-11T12:59:07.000Z</time>
        <extensions>
          <ns3:TrackPointExtension>
            <ns3:hr>154</ns3:hr>
            <ns3:cad>85</ns3:cad>
          </ns3:TrackPointExtension>
        </extensions>
      </trkpt>
      <trkpt lat="31.02299750782549381256103515625" lon="121.42924924381077289581298828125">
        <ele>5.19999980926513671875</ele>
        <time>2026-05-11T12:59:08.000Z</time>
        <extensions>
          <ns3:TrackPointExtension>
            <ns3:hr>155</ns3:hr>
            <ns3:cad>85</ns3:cad>
          </ns3:TrackPointExtension>
        </extensions>
      </trkpt>
      <trkpt lat="31.02302424609661102294921875" lon="121.4292282052338123321533203125">
        <ele>5.19999980926513671875</ele>
        <time>2026-05-11T12:59:09.000Z</time>
        <extensions>
          <ns3:TrackPointExtension>
            <ns3:hr>154</ns3:hr>
            <ns3:cad>84</ns3:cad>
          </ns3:TrackPointExtension>
        </extensions>
      </trkpt>
      <trkpt lat="31.0230492241680622100830078125" lon="121.4292114414274692535400390625">
        <ele>5.19999980926513671875</ele>
        <time>2026-05-11T12:59:10.000Z</time>
        <extensions>
          <ns3:TrackPointExtension>
            <ns3:hr>154</ns3:hr>
            <ns3:cad>84</ns3:cad>
          </ns3:TrackPointExtension>
        </extensions>
      </trkpt>
      <trkpt lat="31.0230691730976104736328125" lon="121.42919358797371387481689453125">
        <ele>5.19999980926513671875</ele>
        <time>2026-05-11T12:59:11.000Z</time>
        <extensions>
          <ns3:TrackPointExtension>
            <ns3:hr>155</ns3:hr>
            <ns3:cad>84</ns3:cad>
          </ns3:TrackPointExtension>
        </extensions>
      </trkpt>
      <trkpt lat="31.0230924747884273529052734375" lon="121.4291722141206264495849609375">
        <ele>5.19999980926513671875</ele>
        <time>2026-05-11T12:59:12.000Z</time>
        <extensions>
          <ns3:TrackPointExtension>
            <ns3:hr>154</ns3:hr>
            <ns3:cad>84</ns3:cad>
          </ns3:TrackPointExtension>
        </extensions>
      </trkpt>
      <trkpt lat="31.0231085680425167083740234375" lon="121.42914983443915843963623046875">
        <ele>5.19999980926513671875</ele>
        <time>2026-05-11T12:59:13.000Z</time>
        <extensions>
          <ns3:TrackPointExtension>
            <ns3:hr>154</ns3:hr>
            <ns3:cad>84</ns3:cad>
          </ns3:TrackPointExtension>
        </extensions>
      </trkpt>
      <trkpt lat="31.02313346229493618011474609375" lon="121.429121755063533782958984375">
        <ele>5.19999980926513671875</ele>
        <time>2026-05-11T12:59:14.000Z</time>
        <extensions>
          <ns3:TrackPointExtension>
            <ns3:hr>155</ns3:hr>
            <ns3:cad>84</ns3:cad>
          </ns3:TrackPointExtension>
        </extensions>
      </trkpt>
      <trkpt lat="31.02315022610127925872802734375" lon="121.429093591868877410888671875">
        <ele>5.19999980926513671875</ele>
        <time>2026-05-11T12:59:15.000Z</time>
        <extensions>
          <ns3:TrackPointExtension>
            <ns3:hr>154</ns3:hr>
            <ns3:cad>84</ns3:cad>
          </ns3:TrackPointExtension>
        </extensions>
      </trkpt>
      <trkpt lat="31.02316263131797313690185546875" lon="121.42906031571328639984130859375">
        <ele>5</ele>
        <time>2026-05-11T12:59:16.000Z</time>
        <extensions>
          <ns3:TrackPointExtension>
            <ns3:hr>154</ns3:hr>
            <ns3:cad>84</ns3:cad>
          </ns3:TrackPointExtension>
        </extensions>
      </trkpt>
      <trkpt lat="31.0231779702007770538330078125" lon="121.429028548300266265869140625">
        <ele>5.19999980926513671875</ele>
        <time>2026-05-11T12:59:17.000Z</time>
        <extensions>
          <ns3:TrackPointExtension>
            <ns3:hr>155</ns3:hr>
            <ns3:cad>86</ns3:cad>
          </ns3:TrackPointExtension>
        </extensions>
      </trkpt>
      <trkpt lat="31.02318249642848968505859375" lon="121.4290008880198001861572265625">
        <ele>5.19999980926513671875</ele>
        <time>2026-05-11T12:59:18.000Z</time>
        <extensions>
          <ns3:TrackPointExtension>
            <ns3:hr>154</ns3:hr>
            <ns3:cad>86</ns3:cad>
          </ns3:TrackPointExtension>
        </extensions>
      </trkpt>
      <trkpt lat="31.02319431491196155548095703125" lon="121.42897197045385837554931640625">
        <ele>5.19999980926513671875</ele>
        <time>2026-05-11T12:59:19.000Z</time>
        <extensions>
          <ns3:TrackPointExtension>
            <ns3:hr>154</ns3:hr>
            <ns3:cad>85</ns3:cad>
          </ns3:TrackPointExtension>
        </extensions>
      </trkpt>
      <trkpt lat="31.0231984220445156097412109375" lon="121.42894615419209003448486328125">
        <ele>5.19999980926513671875</ele>
        <time>2026-05-11T12:59:20.000Z</time>
        <extensions>
          <ns3:TrackPointExtension>
            <ns3:hr>155</ns3:hr>
            <ns3:cad>85</ns3:cad>
          </ns3:TrackPointExtension>
        </extensions>
      </trkpt>
      <trkpt lat="31.02319951169192790985107421875" lon="121.4289128780364990234375">
        <ele>5.19999980926513671875</ele>
        <time>2026-05-11T12:59:21.000Z</time>
        <extensions>
          <ns3:TrackPointExtension>
            <ns3:hr>154</ns3:hr>
            <ns3:cad>85</ns3:cad>
          </ns3:TrackPointExtension>
        </extensions>
      </trkpt>
      <trkpt lat="31.0232024453580379486083984375" lon="121.42888161353766918182373046875">
        <ele>5.19999980926513671875</ele>
        <time>2026-05-11T12:59:22.000Z</time>
        <extensions>
          <ns3:TrackPointExtension>
            <ns3:hr>154</ns3:hr>
            <ns3:cad>85</ns3:cad>
          </ns3:TrackPointExtension>
        </extensions>
      </trkpt>
      <trkpt lat="31.0232004337012767791748046875" lon="121.428854875266551971435546875">
        <ele>5.19999980926513671875</ele>
        <time>2026-05-11T12:59:23.000Z</time>
        <extensions>
          <ns3:TrackPointExtension>
            <ns3:hr>155</ns3:hr>
            <ns3:cad>84</ns3:cad>
          </ns3:TrackPointExtension>
        </extensions>
      </trkpt>
      <trkpt lat="31.0232004337012767791748046875" lon="121.4288198389112949371337890625">
        <ele>5.400000095367431640625</ele>
        <time>2026-05-11T12:59:24.000Z</time>
        <extensions>
          <ns3:TrackPointExtension>
            <ns3:hr>154</ns3:hr>
            <ns3:cad>84</ns3:cad>
          </ns3:TrackPointExtension>
        </extensions>
      </trkpt>
      <trkpt lat="31.02319381199777126312255859375" lon="121.42879159189760684967041015625">
        <ele>5.400000095367431640625</ele>
        <time>2026-05-11T12:59:25.000Z</time>
        <extensions>
          <ns3:TrackPointExtension>
            <ns3:hr>154</ns3:hr>
            <ns3:cad>84</ns3:cad>
          </ns3:TrackPointExtension>
        </extensions>
      </trkpt>
      <trkpt lat="31.023188531398773193359375" lon="121.42875722609460353851318359375">
        <ele>5.400000095367431640625</ele>
        <time>2026-05-11T12:59:26.000Z</time>
        <extensions>
          <ns3:TrackPointExtension>
            <ns3:hr>155</ns3:hr>
            <ns3:cad>84</ns3:cad>
          </ns3:TrackPointExtension>
        </extensions>
      </trkpt>
      <trkpt lat="31.02317537181079387664794921875" lon="121.42872847616672515869140625">
        <ele>5.400000095367431640625</ele>
        <time>2026-05-11T12:59:27.000Z</time>
        <extensions>
          <ns3:TrackPointExtension>
            <ns3:hr>154</ns3:hr>
            <ns3:cad>84</ns3:cad>
          </ns3:TrackPointExtension>
        </extensions>
      </trkpt>
      <trkpt lat="31.023160703480243682861328125" lon="121.428698636591434478759765625">
        <ele>5.599999904632568359375</ele>
        <time>2026-05-11T12:59:28.000Z</time>
        <extensions>
          <ns3:TrackPointExtension>
            <ns3:hr>154</ns3:hr>
            <ns3:cad>84</ns3:cad>
          </ns3:TrackPointExtension>
        </extensions>
      </trkpt>
      <trkpt lat="31.023147292435169219970703125" lon="121.42866854555904865264892578125">
        <ele>5.599999904632568359375</ele>
        <time>2026-05-11T12:59:29.000Z</time>
        <extensions>
          <ns3:TrackPointExtension>
            <ns3:hr>155</ns3:hr>
            <ns3:cad>85</ns3:cad>
          </ns3:TrackPointExtension>
        </extensions>
      </trkpt>
      <trkpt lat="31.0231317020952701568603515625" lon="121.4286468364298343658447265625">
        <ele>5.400000095367431640625</ele>
        <time>2026-05-11T12:59:30.000Z</time>
        <extensions>
          <ns3:TrackPointExtension>
            <ns3:hr>154</ns3:hr>
            <ns3:cad>85</ns3:cad>
          </ns3:TrackPointExtension>
        </extensions>
      </trkpt>
      <trkpt lat="31.0231189616024494171142578125" lon="121.428615152835845947265625">
        <ele>5.400000095367431640625</ele>
        <time>2026-05-11T12:59:31.000Z</time>
        <extensions>
          <ns3:TrackPointExtension>
            <ns3:hr>154</ns3:hr>
            <ns3:cad>86</ns3:cad>
          </ns3:TrackPointExtension>
        </extensions>
      </trkpt>
      <trkpt lat="31.0231075622141361236572265625" lon="121.4285945333540439605712890625">
        <ele>5.400000095367431640625</ele>
        <time>2026-05-11T12:59:32.000Z</time>
        <extensions>
          <ns3:TrackPointExtension>
            <ns3:hr>155</ns3:hr>
            <ns3:cad>86</ns3:cad>
          </ns3:TrackPointExtension>
        </extensions>
      </trkpt>
      <trkpt lat="31.023090295493602752685546875" lon="121.42856930382549762725830078125">
        <ele>5.400000095367431640625</ele>
        <time>2026-05-11T12:59:33.000Z</time>
        <extensions>
          <ns3:TrackPointExtension>
            <ns3:hr>154</ns3:hr>
            <ns3:cad>85</ns3:cad>
          </ns3:TrackPointExtension>
        </extensions>
      </trkpt>
      <trkpt lat="31.02307411842048168182373046875" lon="121.428547762334346771240234375">
        <ele>5.400000095367431640625</ele>
        <time>2026-05-11T12:59:34.000Z</time>
        <extensions>
          <ns3:TrackPointExtension>
            <ns3:hr>154</ns3:hr>
            <ns3:cad>84</ns3:cad>
          </ns3:TrackPointExtension>
        </extensions>
      </trkpt>
      <trkpt lat="31.02305131964385509490966796875" lon="121.4285351894795894622802734375">
        <ele>5.400000095367431640625</ele>
        <time>2026-05-11T12:59:35.000Z</time>
        <extensions>
          <ns3:TrackPointExtension>
            <ns3:hr>155</ns3:hr>
            <ns3:cad>84</ns3:cad>
          </ns3:TrackPointExtension>
        </extensions>
      </trkpt>
      <trkpt lat="31.023029945790767669677734375" lon="121.42850945703685283660888671875">
        <ele>5.400000095367431640625</ele>
        <time>2026-05-11T12:59:36.000Z</time>
        <extensions>
          <ns3:TrackPointExtension>
            <ns3:hr>154</ns3:hr>
            <ns3:cad>84</ns3:cad>
          </ns3:TrackPointExtension>
        </extensions>
      </trkpt>
      <trkpt lat="31.0230099968612194061279296875" lon="121.42849914729595184326171875">
        <ele>5.400000095367431640625</ele>
        <time>2026-05-11T12:59:37.000Z</time>
        <extensions>
          <ns3:TrackPointExtension>
            <ns3:hr>154</ns3:hr>
            <ns3:cad>85</ns3:cad>
          </ns3:TrackPointExtension>
        </extensions>
      </trkpt>
      <trkpt lat="31.0229801572859287261962890625" lon="121.4284788630902767181396484375">
        <ele>5.400000095367431640625</ele>
        <time>2026-05-11T12:59:38.000Z</time>
        <extensions>
          <ns3:TrackPointExtension>
            <ns3:hr>155</ns3:hr>
            <ns3:cad>85</ns3:cad>
          </ns3:TrackPointExtension>
        </extensions>
      </trkpt>
      <trkpt lat="31.0229566879570484161376953125" lon="121.428470313549041748046875">
        <ele>5.400000095367431640625</ele>
        <time>2026-05-11T12:59:39.000Z</time>
        <extensions>
          <ns3:TrackPointExtension>
            <ns3:hr>154</ns3:hr>
            <ns3:cad>85</ns3:cad>
          </ns3:TrackPointExtension>
        </extensions>
      </trkpt>
      <trkpt lat="31.022928692400455474853515625" lon="121.42846293747425079345703125">
        <ele>5.400000095367431640625</ele>
        <time>2026-05-11T12:59:40.000Z</time>
        <extensions>
          <ns3:TrackPointExtension>
            <ns3:hr>154</ns3:hr>
            <ns3:cad>85</ns3:cad>
          </ns3:TrackPointExtension>
        </extensions>
      </trkpt>
      <trkpt lat="31.02290262468159198760986328125" lon="121.42845111899077892303466796875">
        <ele>5.400000095367431640625</ele>
        <time>2026-05-11T12:59:41.000Z</time>
        <extensions>
          <ns3:TrackPointExtension>
            <ns3:hr>155</ns3:hr>
            <ns3:cad>85</ns3:cad>
          </ns3:TrackPointExtension>
        </extensions>
      </trkpt>
      <trkpt lat="31.022876389324665069580078125" lon="121.4284443296492099761962890625">
        <ele>5.400000095367431640625</ele>
        <time>2026-05-11T12:59:42.000Z</time>
        <extensions>
          <ns3:TrackPointExtension>
            <ns3:hr>154</ns3:hr>
            <ns3:cad>85</ns3:cad>
          </ns3:TrackPointExtension>
        </extensions>
      </trkpt>
      <trkpt lat="31.02284546010196208953857421875" lon="121.4284302480518817901611328125">
        <ele>5.400000095367431640625</ele>
        <time>2026-05-11T12:59:43.000Z</time>
        <extensions>
          <ns3:TrackPointExtension>
            <ns3:hr>154</ns3:hr>
            <ns3:cad>85</ns3:cad>
          </ns3:TrackPointExtension>
        </extensions>
      </trkpt>
      <trkpt lat="31.022820733487606048583984375" lon="121.4284289069473743438720703125">
        <ele>5.400000095367431640625</ele>
        <time>2026-05-11T12:59:44.000Z</time>
        <extensions>
          <ns3:TrackPointExtension>
            <ns3:hr>155</ns3:hr>
            <ns3:cad>85</ns3:cad>
          </ns3:TrackPointExtension>
        </extensions>
      </trkpt>
      <trkpt lat="31.02278930135071277618408203125" lon="121.42843200825154781341552734375">
        <ele>5.400000095367431640625</ele>
        <time>2026-05-11T12:59:45.000Z</time>
        <extensions>
          <ns3:TrackPointExtension>
            <ns3:hr>155</ns3:hr>
            <ns3:cad>86</ns3:cad>
          </ns3:TrackPointExtension>
        </extensions>
      </trkpt>
      <trkpt lat="31.022761054337024688720703125" lon="121.42843837849795818328857421875">
        <ele>5.400000095367431640625</ele>
        <time>2026-05-11T12:59:46.000Z</time>
        <extensions>
          <ns3:TrackPointExtension>
            <ns3:hr>155</ns3:hr>
            <ns3:cad>85</ns3:cad>
          </ns3:TrackPointExtension>
        </extensions>
      </trkpt>
      <trkpt lat="31.02273733355104923248291015625" lon="121.428447850048542022705078125">
        <ele>5.400000095367431640625</ele>
        <time>2026-05-11T12:59:47.000Z</time>
        <extensions>
          <ns3:TrackPointExtension>
            <ns3:hr>155</ns3:hr>
            <ns3:cad>85</ns3:cad>
          </ns3:TrackPointExtension>
        </extensions>
      </trkpt>
      <trkpt lat="31.02270732633769512176513671875" lon="121.42845044843852519989013671875">
        <ele>5.400000095367431640625</ele>
        <time>2026-05-11T12:59:48.000Z</time>
        <extensions>
          <ns3:TrackPointExtension>
            <ns3:hr>155</ns3:hr>
            <ns3:cad>85</ns3:cad>
          </ns3:TrackPointExtension>
        </extensions>
      </trkpt>
      <trkpt lat="31.02268855087459087371826171875" lon="121.42845933325588703155517578125">
        <ele>5.599999904632568359375</ele>
        <time>2026-05-11T12:59:49.000Z</time>
        <extensions>
          <ns3:TrackPointExtension>
            <ns3:hr>156</ns3:hr>
            <ns3:cad>84</ns3:cad>
          </ns3:TrackPointExtension>
        </extensions>
      </trkpt>
      <trkpt lat="31.02265954948961734771728515625" lon="121.4284657873213291168212890625">
        <ele>5.400000095367431640625</ele>
        <time>2026-05-11T12:59:50.000Z</time>
        <extensions>
          <ns3:TrackPointExtension>
            <ns3:hr>156</ns3:hr>
            <ns3:cad>84</ns3:cad>
          </ns3:TrackPointExtension>
        </extensions>
      </trkpt>
      <trkpt lat="31.02263507433235645294189453125" lon="121.4284716546535491943359375">
        <ele>5.400000095367431640625</ele>
        <time>2026-05-11T12:59:51.000Z</time>
        <extensions>
          <ns3:TrackPointExtension>
            <ns3:hr>156</ns3:hr>
            <ns3:cad>84</ns3:cad>
          </ns3:TrackPointExtension>
        </extensions>
      </trkpt>
      <trkpt lat="31.02261277846992015838623046875" lon="121.42848263494670391082763671875">
        <ele>5.400000095367431640625</ele>
        <time>2026-05-11T12:59:52.000Z</time>
        <extensions>
          <ns3:TrackPointExtension>
            <ns3:hr>156</ns3:hr>
            <ns3:cad>84</ns3:cad>
          </ns3:TrackPointExtension>
        </extensions>
      </trkpt>
      <trkpt lat="31.0225863754749298095703125" lon="121.42848783172667026519775390625">
        <ele>5.400000095367431640625</ele>
        <time>2026-05-11T12:59:53.000Z</time>
        <extensions>
          <ns3:TrackPointExtension>
            <ns3:hr>156</ns3:hr>
            <ns3:cad>83</ns3:cad>
          </ns3:TrackPointExtension>
        </extensions>
      </trkpt>
      <trkpt lat="31.02256156504154205322265625" lon="121.42849554307758808135986328125">
        <ele>5.400000095367431640625</ele>
        <time>2026-05-11T12:59:54.000Z</time>
        <extensions>
          <ns3:TrackPointExtension>
            <ns3:hr>156</ns3:hr>
            <ns3:cad>83</ns3:cad>
          </ns3:TrackPointExtension>
        </extensions>
      </trkpt>
      <trkpt lat="31.02252745069563388824462890625" lon="121.428498141467571258544921875">
        <ele>5.400000095367431640625</ele>
        <time>2026-05-11T12:59:55.000Z</time>
        <extensions>
          <ns3:TrackPointExtension>
            <ns3:hr>156</ns3:hr>
            <ns3:cad>83</ns3:cad>
          </ns3:TrackPointExtension>
        </extensions>
      </trkpt>
      <trkpt lat="31.0225057415664196014404296875" lon="121.42850576899945735931396484375">
        <ele>5.400000095367431640625</ele>
        <time>2026-05-11T12:59:56.000Z</time>
        <extensions>
          <ns3:TrackPointExtension>
            <ns3:hr>155</ns3:hr>
            <ns3:cad>84</ns3:cad>
          </ns3:TrackPointExtension>
        </extensions>
      </trkpt>
      <trkpt lat="31.02247497998178005218505859375" lon="121.42851498909294605255126953125">
        <ele>5.400000095367431640625</ele>
        <time>2026-05-11T12:59:57.000Z</time>
        <extensions>
          <ns3:TrackPointExtension>
            <ns3:hr>155</ns3:hr>
            <ns3:cad>85</ns3:cad>
          </ns3:TrackPointExtension>
        </extensions>
      </trkpt>
      <trkpt lat="31.02245167829096317291259765625" lon="121.42852102406322956085205078125">
        <ele>5.400000095367431640625</ele>
        <time>2026-05-11T12:59:58.000Z</time>
        <extensions>
          <ns3:TrackPointExtension>
            <ns3:hr>155</ns3:hr>
            <ns3:cad>86</ns3:cad>
          </ns3:TrackPointExtension>
        </extensions>
      </trkpt>
      <trkpt lat="31.0224281251430511474609375" lon="121.42853158526122570037841796875">
        <ele>5.400000095367431640625</ele>
        <time>2026-05-11T12:59:59.000Z</time>
        <extensions>
          <ns3:TrackPointExtension>
            <ns3:hr>154</ns3:hr>
            <ns3:cad>86</ns3:cad>
          </ns3:TrackPointExtension>
        </extensions>
      </trkpt>
      <trkpt lat="31.0223997943103313446044921875" lon="121.42853376455605030059814453125">
        <ele>5.400000095367431640625</ele>
        <time>2026-05-11T13:00:00.000Z</time>
        <extensions>
          <ns3:TrackPointExtension>
            <ns3:hr>154</ns3:hr>
            <ns3:cad>85</ns3:cad>
          </ns3:TrackPointExtension>
        </extensions>
      </trkpt>
      <trkpt lat="31.0223773308098316192626953125" lon="121.4285435713827610015869140625">
        <ele>5.400000095367431640625</ele>
        <time>2026-05-11T13:00:01.000Z</time>
        <extensions>
          <ns3:TrackPointExtension>
            <ns3:hr>154</ns3:hr>
            <ns3:cad>85</ns3:cad>
          </ns3:TrackPointExtension>
        </extensions>
      </trkpt>
      <trkpt lat="31.0223458148539066314697265625" lon="121.42854608595371246337890625">
        <ele>5.400000095367431640625</ele>
        <time>2026-05-11T13:00:02.000Z</time>
        <extensions>
          <ns3:TrackPointExtension>
            <ns3:hr>154</ns3:hr>
            <ns3:cad>84</ns3:cad>
          </ns3:TrackPointExtension>
        </extensions>
      </trkpt>
      <trkpt lat="31.02232460863888263702392578125" lon="121.42855371348559856414794921875">
        <ele>5.400000095367431640625</ele>
        <time>2026-05-11T13:00:03.000Z</time>
        <extensions>
          <ns3:TrackPointExtension>
            <ns3:hr>153</ns3:hr>
            <ns3:cad>84</ns3:cad>
          </ns3:TrackPointExtension>
        </extensions>
      </trkpt>
      <trkpt lat="31.02229611016809940338134765625" lon="121.4285660348832607269287109375">
        <ele>5.400000095367431640625</ele>
        <time>2026-05-11T13:00:04.000Z</time>
        <extensions>
          <ns3:TrackPointExtension>
            <ns3:hr>153</ns3:hr>
            <ns3:cad>85</ns3:cad>
          </ns3:TrackPointExtension>
        </extensions>
      </trkpt>
      <trkpt lat="31.022267527878284454345703125" lon="121.42857349477708339691162109375">
        <ele>5.400000095367431640625</ele>
        <time>2026-05-11T13:00:05.000Z</time>
        <extensions>
          <ns3:TrackPointExtension>
            <ns3:hr>153</ns3:hr>
            <ns3:cad>85</ns3:cad>
          </ns3:TrackPointExtension>
        </extensions>
      </trkpt>
      <trkpt lat="31.0222425498068332672119140625" lon="121.428585983812808990478515625">
        <ele>5.400000095367431640625</ele>
        <time>2026-05-11T13:00:06.000Z</time>
        <extensions>
          <ns3:TrackPointExtension>
            <ns3:hr>153</ns3:hr>
            <ns3:cad>85</ns3:cad>
          </ns3:TrackPointExtension>
        </extensions>
      </trkpt>
      <trkpt lat="31.02220726199448108673095703125" lon="121.4285898394882678985595703125">
        <ele>5.400000095367431640625</ele>
        <time>2026-05-11T13:00:07.000Z</time>
        <extensions>
          <ns3:TrackPointExtension>
            <ns3:hr>153</ns3:hr>
            <ns3:cad>85</ns3:cad>
          </ns3:TrackPointExtension>
        </extensions>
      </trkpt>
      <trkpt lat="31.02218597196042537689208984375" lon="121.42860014922916889190673828125">
        <ele>5.19999980926513671875</ele>
        <time>2026-05-11T13:00:08.000Z</time>
        <extensions>
          <ns3:TrackPointExtension>
            <ns3:hr>153</ns3:hr>
            <ns3:cad>85</ns3:cad>
          </ns3:TrackPointExtension>
        </extensions>
      </trkpt>
      <trkpt lat="31.0221540369093418121337890625" lon="121.42861045897006988525390625">
        <ele>5.19999980926513671875</ele>
        <time>2026-05-11T13:00:09.000Z</time>
        <extensions>
          <ns3:TrackPointExtension>
            <ns3:hr>153</ns3:hr>
            <ns3:cad>85</ns3:cad>
          </ns3:TrackPointExtension>
        </extensions>
      </trkpt>
      <trkpt lat="31.0221245326101779937744140625" lon="121.42861540429294109344482421875">
        <ele>5.19999980926513671875</ele>
        <time>2026-05-11T13:00:10.000Z</time>
        <extensions>
          <ns3:TrackPointExtension>
            <ns3:hr>153</ns3:hr>
            <ns3:cad>85</ns3:cad>
          </ns3:TrackPointExtension>
        </extensions>
      </trkpt>
      <trkpt lat="31.02209863252937793731689453125" lon="121.42862663604319095611572265625">
        <ele>5.19999980926513671875</ele>
        <time>2026-05-11T13:00:11.000Z</time>
        <extensions>
          <ns3:TrackPointExtension>
            <ns3:hr>152</ns3:hr>
            <ns3:cad>85</ns3:cad>
          </ns3:TrackPointExtension>
        </extensions>
      </trkpt>
      <trkpt lat="31.02206778712570667266845703125" lon="121.42862512730062007904052734375">
        <ele>5.19999980926513671875</ele>
        <time>2026-05-11T13:00:12.000Z</time>
        <extensions>
          <ns3:TrackPointExtension>
            <ns3:hr>153</ns3:hr>
            <ns3:cad>85</ns3:cad>
          </ns3:TrackPointExtension>
        </extensions>
      </trkpt>
      <trkpt lat="31.022041551768779754638671875" lon="121.42863434739410877227783203125">
        <ele>5.19999980926513671875</ele>
        <time>2026-05-11T13:00:13.000Z</time>
        <extensions>
          <ns3:TrackPointExtension>
            <ns3:hr>153</ns3:hr>
            <ns3:cad>84</ns3:cad>
          </ns3:TrackPointExtension>
        </extensions>
      </trkpt>
      <trkpt lat="31.02201171219348907470703125" lon="121.42864339984953403472900390625">
        <ele>5.400000095367431640625</ele>
        <time>2026-05-11T13:00:14.000Z</time>
        <extensions>
          <ns3:TrackPointExtension>
            <ns3:hr>153</ns3:hr>
            <ns3:cad>84</ns3:cad>
          </ns3:TrackPointExtension>
        </extensions>
      </trkpt>
      <trkpt lat="31.021988578140735626220703125" lon="121.4286465011537075042724609375">
        <ele>5.19999980926513671875</ele>
        <time>2026-05-11T13:00:15.000Z</time>
        <extensions>
          <ns3:TrackPointExtension>
            <ns3:hr>153</ns3:hr>
            <ns3:cad>84</ns3:cad>
          </ns3:TrackPointExtension>
        </extensions>
      </trkpt>
      <trkpt lat="31.02196209132671356201171875" lon="121.428662426769733428955078125">
        <ele>5.400000095367431640625</ele>
        <time>2026-05-11T13:00:16.000Z</time>
        <extensions>
          <ns3:TrackPointExtension>
            <ns3:hr>153</ns3:hr>
            <ns3:cad>85</ns3:cad>
          </ns3:TrackPointExtension>
        </extensions>
      </trkpt>
      <trkpt lat="31.0219320841133594512939453125" lon="121.4286733232438564300537109375">
        <ele>5.400000095367431640625</ele>
        <time>2026-05-11T13:00:17.000Z</time>
        <extensions>
          <ns3:TrackPointExtension>
            <ns3:hr>153</ns3:hr>
            <ns3:cad>85</ns3:cad>
          </ns3:TrackPointExtension>
        </extensions>
      </trkpt>
      <trkpt lat="31.02191112935543060302734375" lon="121.4286924339830875396728515625">
        <ele>5.400000095367431640625</ele>
        <time>2026-05-11T13:00:18.000Z</time>
        <extensions>
          <ns3:TrackPointExtension>
            <ns3:hr>153</ns3:hr>
            <ns3:cad>85</ns3:cad>
          </ns3:TrackPointExtension>
        </extensions>
      </trkpt>
      <trkpt lat="31.02187936194241046905517578125" lon="121.4287125505506992340087890625">
        <ele>5.19999980926513671875</ele>
        <time>2026-05-11T13:00:19.000Z</time>
        <extensions>
          <ns3:TrackPointExtension>
            <ns3:hr>153</ns3:hr>
            <ns3:cad>85</ns3:cad>
          </ns3:TrackPointExtension>
        </extensions>
      </trkpt>
      <trkpt lat="31.0218593291938304901123046875" lon="121.428732164204120635986328125">
        <ele>5.400000095367431640625</ele>
        <time>2026-05-11T13:00:20.000Z</time>
        <extensions>
          <ns3:TrackPointExtension>
            <ns3:hr>153</ns3:hr>
            <ns3:cad>84</ns3:cad>
          </ns3:TrackPointExtension>
        </extensions>
      </trkpt>
      <trkpt lat="31.0218301601707935333251953125" lon="121.4287591539323329925537109375">
        <ele>5.19999980926513671875</ele>
        <time>2026-05-11T13:00:21.000Z</time>
        <extensions>
          <ns3:TrackPointExtension>
            <ns3:hr>154</ns3:hr>
            <ns3:cad>85</ns3:cad>
          </ns3:TrackPointExtension>
        </extensions>
      </trkpt>
      <trkpt lat="31.0218103788793087005615234375" lon="121.42878052778542041778564453125">
        <ele>5.400000095367431640625</ele>
        <time>2026-05-11T13:00:22.000Z</time>
        <extensions>
          <ns3:TrackPointExtension>
            <ns3:hr>154</ns3:hr>
            <ns3:cad>85</ns3:cad>
          </ns3:TrackPointExtension>
        </extensions>
      </trkpt>
      <trkpt lat="31.02179177105426788330078125" lon="121.42880835570394992828369140625">
        <ele>5.400000095367431640625</ele>
        <time>2026-05-11T13:00:23.000Z</time>
        <extensions>
          <ns3:TrackPointExtension>
            <ns3:hr>154</ns3:hr>
            <ns3:cad>85</ns3:cad>
          </ns3:TrackPointExtension>
        </extensions>
      </trkpt>
      <trkpt lat="31.0217724926769733428955078125" lon="121.42883299849927425384521484375">
        <ele>5.19999980926513671875</ele>
        <time>2026-05-11T13:00:24.000Z</time>
        <extensions>
          <ns3:TrackPointExtension>
            <ns3:hr>155</ns3:hr>
            <ns3:cad>86</ns3:cad>
          </ns3:TrackPointExtension>
        </extensions>
      </trkpt>
      <trkpt lat="31.02176050655543804168701171875" lon="121.42885948531329631805419921875">
        <ele>5.400000095367431640625</ele>
        <time>2026-05-11T13:00:25.000Z</time>
        <extensions>
          <ns3:TrackPointExtension>
            <ns3:hr>155</ns3:hr>
            <ns3:cad>85</ns3:cad>
          </ns3:TrackPointExtension>
        </extensions>
      </trkpt>
      <trkpt lat="31.02174323983490467071533203125" lon="121.42888982780277729034423828125">
        <ele>5.400000095367431640625</ele>
        <time>2026-05-11T13:00:26.000Z</time>
        <extensions>
          <ns3:TrackPointExtension>
            <ns3:hr>156</ns3:hr>
            <ns3:cad>85</ns3:cad>
          </ns3:TrackPointExtension>
        </extensions>
      </trkpt>
      <trkpt lat="31.0217376239597797393798828125" lon="121.42891245894134044647216796875">
        <ele>5.400000095367431640625</ele>
        <time>2026-05-11T13:00:27.000Z</time>
        <extensions>
          <ns3:TrackPointExtension>
            <ns3:hr>157</ns3:hr>
            <ns3:cad>85</ns3:cad>
          </ns3:TrackPointExtension>
        </extensions>
      </trkpt>
      <trkpt lat="31.02173452265560626983642578125" lon="121.42894380725920200347900390625">
        <ele>5.400000095367431640625</ele>
        <time>2026-05-11T13:00:28.000Z</time>
        <extensions>
          <ns3:TrackPointExtension>
            <ns3:hr>157</ns3:hr>
            <ns3:cad>84</ns3:cad>
          </ns3:TrackPointExtension>
        </extensions>
      </trkpt>
      <trkpt lat="31.02172739803791046142578125" lon="121.42897532321512699127197265625">
        <ele>5.400000095367431640625</ele>
        <time>2026-05-11T13:00:29.000Z</time>
        <extensions>
          <ns3:TrackPointExtension>
            <ns3:hr>157</ns3:hr>
            <ns3:cad>84</ns3:cad>
          </ns3:TrackPointExtension>
        </extensions>
      </trkpt>
      <trkpt lat="31.02172664366662502288818359375" lon="121.4290025644004344940185546875">
        <ele>5.400000095367431640625</ele>
        <time>2026-05-11T13:00:30.000Z</time>
        <extensions>
          <ns3:TrackPointExtension>
            <ns3:hr>157</ns3:hr>
            <ns3:cad>84</ns3:cad>
          </ns3:TrackPointExtension>
        </extensions>
      </trkpt>
      <trkpt lat="31.0217178426682949066162109375" lon="121.4290374331176280975341796875">
        <ele>5.400000095367431640625</ele>
        <time>2026-05-11T13:00:31.000Z</time>
        <extensions>
          <ns3:TrackPointExtension>
            <ns3:hr>157</ns3:hr>
            <ns3:cad>84</ns3:cad>
          </ns3:TrackPointExtension>
        </extensions>
      </trkpt>
      <trkpt lat="31.0217171721160411834716796875" lon="121.4290659315884113311767578125">
        <ele>5.400000095367431640625</ele>
        <time>2026-05-11T13:00:32.000Z</time>
        <extensions>
          <ns3:TrackPointExtension>
            <ns3:hr>158</ns3:hr>
            <ns3:cad>84</ns3:cad>
          </ns3:TrackPointExtension>
        </extensions>
      </trkpt>
      <trkpt lat="31.02171809412539005279541015625" lon="121.42910256050527095794677734375">
        <ele>5.400000095367431640625</ele>
        <time>2026-05-11T13:00:33.000Z</time>
        <extensions>
          <ns3:TrackPointExtension>
            <ns3:hr>158</ns3:hr>
            <ns3:cad>84</ns3:cad>
          </ns3:TrackPointExtension>
        </extensions>
      </trkpt>
      <trkpt lat="31.02172060869634151458740234375" lon="121.4291343279182910919189453125">
        <ele>5.400000095367431640625</ele>
        <time>2026-05-11T13:00:34.000Z</time>
        <extensions>
          <ns3:TrackPointExtension>
            <ns3:hr>158</ns3:hr>
            <ns3:cad>84</ns3:cad>
          </ns3:TrackPointExtension>
        </extensions>
      </trkpt>
      <trkpt lat="31.0217289067804813385009765625" lon="121.42916106618940830230712890625">
        <ele>5.400000095367431640625</ele>
        <time>2026-05-11T13:00:35.000Z</time>
        <extensions>
          <ns3:TrackPointExtension>
            <ns3:hr>158</ns3:hr>
            <ns3:cad>85</ns3:cad>
          </ns3:TrackPointExtension>
        </extensions>
      </trkpt>
      <trkpt lat="31.0217329300940036773681640625" lon="121.42919576726853847503662109375">
        <ele>5.400000095367431640625</ele>
        <time>2026-05-11T13:00:36.000Z</time>
        <extensions>
          <ns3:TrackPointExtension>
            <ns3:hr>159</ns3:hr>
            <ns3:cad>85</ns3:cad>
          </ns3:TrackPointExtension>
        </extensions>
      </trkpt>
      <trkpt lat="31.02174458093941211700439453125" lon="121.4292164705693721771240234375">
        <ele>5.400000095367431640625</ele>
        <time>2026-05-11T13:00:37.000Z</time>
        <extensions>
          <ns3:TrackPointExtension>
            <ns3:hr>159</ns3:hr>
            <ns3:cad>85</ns3:cad>
          </ns3:TrackPointExtension>
        </extensions>
      </trkpt>
      <trkpt lat="31.02175732143223285675048828125" lon="121.42924723215401172637939453125">
        <ele>5.400000095367431640625</ele>
        <time>2026-05-11T13:00:38.000Z</time>
        <extensions>
          <ns3:TrackPointExtension>
            <ns3:hr>159</ns3:hr>
            <ns3:cad>85</ns3:cad>
          </ns3:TrackPointExtension>
        </extensions>
      </trkpt>
      <trkpt lat="31.02176788263022899627685546875" lon="121.429269276559352874755859375">
        <ele>5.400000095367431640625</ele>
        <time>2026-05-11T13:00:39.000Z</time>
        <extensions>
          <ns3:TrackPointExtension>
            <ns3:hr>159</ns3:hr>
            <ns3:cad>85</ns3:cad>
          </ns3:TrackPointExtension>
        </extensions>
      </trkpt>
      <trkpt lat="31.02178766392171382904052734375" lon="121.4292942546308040618896484375">
        <ele>5.400000095367431640625</ele>
        <time>2026-05-11T13:00:40.000Z</time>
        <extensions>
          <ns3:TrackPointExtension>
            <ns3:hr>159</ns3:hr>
            <ns3:cad>84</ns3:cad>
          </ns3:TrackPointExtension>
        </extensions>
      </trkpt>
      <trkpt lat="31.02179939858615398406982421875" lon="121.42932266928255558013916015625">
        <ele>5.400000095367431640625</ele>
        <time>2026-05-11T13:00:41.000Z</time>
        <extensions>
          <ns3:TrackPointExtension>
            <ns3:hr>159</ns3:hr>
            <ns3:cad>84</ns3:cad>
          </ns3:TrackPointExtension>
        </extensions>
      </trkpt>
      <trkpt lat="31.02181733585894107818603515625" lon="121.42934462986886501312255859375">
        <ele>5.400000095367431640625</ele>
        <time>2026-05-11T13:00:42.000Z</time>
        <extensions>
          <ns3:TrackPointExtension>
            <ns3:hr>159</ns3:hr>
            <ns3:cad>84</ns3:cad>
          </ns3:TrackPointExtension>
        </extensions>
      </trkpt>
      <trkpt lat="31.02183812297880649566650390625" lon="121.42937229014933109283447265625">
        <ele>5.400000095367431640625</ele>
        <time>2026-05-11T13:00:43.000Z</time>
        <extensions>
          <ns3:TrackPointExtension>
            <ns3:hr>159</ns3:hr>
            <ns3:cad>84</ns3:cad>
          </ns3:TrackPointExtension>
        </extensions>
      </trkpt>
      <trkpt lat="31.021856479346752166748046875" lon="121.4293889701366424560546875">
        <ele>5.19999980926513671875</ele>
        <time>2026-05-11T13:00:44.000Z</time>
        <extensions>
          <ns3:TrackPointExtension>
            <ns3:hr>159</ns3:hr>
            <ns3:cad>84</ns3:cad>
          </ns3:TrackPointExtension>
        </extensions>
      </trkpt>
      <trkpt lat="31.0218811221420764923095703125" lon="121.4294099248945713043212890625">
        <ele>5.19999980926513671875</ele>
        <time>2026-05-11T13:00:45.000Z</time>
        <extensions>
          <ns3:TrackPointExtension>
            <ns3:hr>159</ns3:hr>
            <ns3:cad>84</ns3:cad>
          </ns3:TrackPointExtension>
        </extensions>
      </trkpt>
      <trkpt lat="31.0219012387096881866455078125" lon="121.42942911945283412933349609375">
        <ele>5.19999980926513671875</ele>
        <time>2026-05-11T13:00:46.000Z</time>
        <extensions>
          <ns3:TrackPointExtension>
            <ns3:hr>159</ns3:hr>
            <ns3:cad>84</ns3:cad>
          </ns3:TrackPointExtension>
        </extensions>
      </trkpt>
      <trkpt lat="31.02192764170467853546142578125" lon="121.42944102175533771514892578125">
        <ele>5.19999980926513671875</ele>
        <time>2026-05-11T13:00:47.000Z</time>
        <extensions>
          <ns3:TrackPointExtension>
            <ns3:hr>159</ns3:hr>
            <ns3:cad>85</ns3:cad>
          </ns3:TrackPointExtension>
        </extensions>
      </trkpt>
      <trkpt lat="31.02195538580417633056640625" lon="121.42946180887520313262939453125">
        <ele>5.19999980926513671875</ele>
        <time>2026-05-11T13:00:48.000Z</time>
        <extensions>
          <ns3:TrackPointExtension>
            <ns3:hr>159</ns3:hr>
            <ns3:cad>85</ns3:cad>
          </ns3:TrackPointExtension>
        </extensions>
      </trkpt>
      <trkpt lat="31.02198145352303981781005859375" lon="121.42946952022612094879150390625">
        <ele>5.19999980926513671875</ele>
        <time>2026-05-11T13:00:49.000Z</time>
        <extensions>
          <ns3:TrackPointExtension>
            <ns3:hr>159</ns3:hr>
            <ns3:cad>85</ns3:cad>
          </ns3:TrackPointExtension>
        </extensions>
      </trkpt>
      <trkpt lat="31.02201364003121852874755859375" lon="121.429482512176036834716796875">
        <ele>5.19999980926513671875</ele>
        <time>2026-05-11T13:00:50.000Z</time>
        <extensions>
          <ns3:TrackPointExtension>
            <ns3:hr>159</ns3:hr>
            <ns3:cad>85</ns3:cad>
          </ns3:TrackPointExtension>
        </extensions>
      </trkpt>
      <trkpt lat="31.02203853428363800048828125" lon="121.42949290573596954345703125">
        <ele>5.19999980926513671875</ele>
        <time>2026-05-11T13:00:51.000Z</time>
        <extensions>
          <ns3:TrackPointExtension>
            <ns3:hr>159</ns3:hr>
            <ns3:cad>85</ns3:cad>
          </ns3:TrackPointExtension>
        </extensions>
      </trkpt>
      <trkpt lat="31.02206678129732608795166015625" lon="121.42949734814465045928955078125">
        <ele>5.19999980926513671875</ele>
        <time>2026-05-11T13:00:52.000Z</time>
        <extensions>
          <ns3:TrackPointExtension>
            <ns3:hr>159</ns3:hr>
            <ns3:cad>85</ns3:cad>
          </ns3:TrackPointExtension>
        </extensions>
      </trkpt>
      <trkpt lat="31.0220980457961559295654296875" lon="121.42950757406651973724365234375">
        <ele>5.19999980926513671875</ele>
        <time>2026-05-11T13:00:53.000Z</time>
        <extensions>
          <ns3:TrackPointExtension>
            <ns3:hr>159</ns3:hr>
            <ns3:cad>85</ns3:cad>
          </ns3:TrackPointExtension>
        </extensions>
      </trkpt>
      <trkpt lat="31.02212260477244853973388671875" lon="121.42950229346752166748046875">
        <ele>5.19999980926513671875</ele>
        <time>2026-05-11T13:00:54.000Z</time>
        <extensions>
          <ns3:TrackPointExtension>
            <ns3:hr>159</ns3:hr>
            <ns3:cad>85</ns3:cad>
          </ns3:TrackPointExtension>
        </extensions>
      </trkpt>
      <trkpt lat="31.02215462364256381988525390625" lon="121.42950505949556827545166015625">
        <ele>5.19999980926513671875</ele>
        <time>2026-05-11T13:00:55.000Z</time>
        <extensions>
          <ns3:TrackPointExtension>
            <ns3:hr>159</ns3:hr>
            <ns3:cad>84</ns3:cad>
          </ns3:TrackPointExtension>
        </extensions>
      </trkpt>
      <trkpt lat="31.02217339910566806793212890625" lon="121.42949818633496761322021484375">
        <ele>5.19999980926513671875</ele>
        <time>2026-05-11T13:00:56.000Z</time>
        <extensions>
          <ns3:TrackPointExtension>
            <ns3:hr>159</ns3:hr>
            <ns3:cad>84</ns3:cad>
          </ns3:TrackPointExtension>
        </extensions>
      </trkpt>
      <trkpt lat="31.02220156230032444000244140625" lon="121.42948963679373264312744140625">
        <ele>5</ele>
        <time>2026-05-11T13:00:57.000Z</time>
        <extensions>
          <ns3:TrackPointExtension>
            <ns3:hr>159</ns3:hr>
            <ns3:cad>85</ns3:cad>
          </ns3:TrackPointExtension>
        </extensions>
      </trkpt>
      <trkpt lat="31.02222687564790248870849609375" lon="121.42948293127119541168212890625">
        <ele>5</ele>
        <time>2026-05-11T13:00:58.000Z</time>
        <extensions>
          <ns3:TrackPointExtension>
            <ns3:hr>159</ns3:hr>
            <ns3:cad>85</ns3:cad>
          </ns3:TrackPointExtension>
        </extensions>
      </trkpt>
      <trkpt lat="31.022252775728702545166015625" lon="121.42947186715900897979736328125">
        <ele>5</ele>
        <time>2026-05-11T13:00:59.000Z</time>
        <extensions>
          <ns3:TrackPointExtension>
            <ns3:hr>159</ns3:hr>
            <ns3:cad>86</ns3:cad>
          </ns3:TrackPointExtension>
        </extensions>
      </trkpt>
      <trkpt lat="31.02228303439915180206298828125" lon="121.42946876585483551025390625">
        <ele>5</ele>
        <time>2026-05-11T13:01:00.000Z</time>
        <extensions>
          <ns3:TrackPointExtension>
            <ns3:hr>159</ns3:hr>
            <ns3:cad>86</ns3:cad>
          </ns3:TrackPointExtension>
        </extensions>
      </trkpt>
      <trkpt lat="31.022308766841888427734375" lon="121.4294582046568393707275390625">
        <ele>5</ele>
        <time>2026-05-11T13:01:01.000Z</time>
        <extensions>
          <ns3:TrackPointExtension>
            <ns3:hr>159</ns3:hr>
            <ns3:cad>86</ns3:cad>
          </ns3:TrackPointExtension>
        </extensions>
      </trkpt>
      <trkpt lat="31.0223448090255260467529296875" lon="121.42945057712495326995849609375">
        <ele>4.80000019073486328125</ele>
        <time>2026-05-11T13:01:02.000Z</time>
        <extensions>
          <ns3:TrackPointExtension>
            <ns3:hr>159</ns3:hr>
            <ns3:cad>86</ns3:cad>
          </ns3:TrackPointExtension>
        </extensions>
      </trkpt>
      <trkpt lat="31.02236584760248661041259765625" lon="121.4294407702982425689697265625">
        <ele>5</ele>
        <time>2026-05-11T13:01:03.000Z</time>
        <extensions>
          <ns3:TrackPointExtension>
            <ns3:hr>159</ns3:hr>
            <ns3:cad>86</ns3:cad>
          </ns3:TrackPointExtension>
        </extensions>
      </trkpt>
      <trkpt lat="31.02239384315907955169677734375" lon="121.429428867995738983154296875">
        <ele>5</ele>
        <time>2026-05-11T13:01:04.000Z</time>
        <extensions>
          <ns3:TrackPointExtension>
            <ns3:hr>159</ns3:hr>
            <ns3:cad>86</ns3:cad>
          </ns3:TrackPointExtension>
        </extensions>
      </trkpt>
      <trkpt lat="31.0224256105720996856689453125" lon="121.4294253475964069366455078125">
        <ele>5</ele>
        <time>2026-05-11T13:01:05.000Z</time>
        <extensions>
          <ns3:TrackPointExtension>
            <ns3:hr>159</ns3:hr>
            <ns3:cad>85</ns3:cad>
          </ns3:TrackPointExtension>
        </extensions>
      </trkpt>
      <trkpt lat="31.0224520973861217498779296875" lon="121.429413445293903350830078125">
        <ele>5</ele>
        <time>2026-05-11T13:01:06.000Z</time>
        <extensions>
          <ns3:TrackPointExtension>
            <ns3:hr>158</ns3:hr>
            <ns3:cad>85</ns3:cad>
          </ns3:TrackPointExtension>
        </extensions>
      </trkpt>
      <trkpt lat="31.022484786808490753173828125" lon="121.42940648831427097320556640625">
        <ele>5</ele>
        <time>2026-05-11T13:01:07.000Z</time>
        <extensions>
          <ns3:TrackPointExtension>
            <ns3:hr>159</ns3:hr>
            <ns3:cad>85</ns3:cad>
          </ns3:TrackPointExtension>
        </extensions>
      </trkpt>
      <trkpt lat="31.02250733412802219390869140625" lon="121.42939425073564052581787109375">
        <ele>5</ele>
        <time>2026-05-11T13:01:08.000Z</time>
        <extensions>
          <ns3:TrackPointExtension>
            <ns3:hr>158</ns3:hr>
            <ns3:cad>85</ns3:cad>
          </ns3:TrackPointExtension>
        </extensions>
      </trkpt>
      <trkpt lat="31.0225432924926280975341796875" lon="121.42938285134732723236083984375">
        <ele>4.80000019073486328125</ele>
        <time>2026-05-11T13:01:09.000Z</time>
        <extensions>
          <ns3:TrackPointExtension>
            <ns3:hr>158</ns3:hr>
            <ns3:cad>85</ns3:cad>
          </ns3:TrackPointExtension>
        </extensions>
      </trkpt>
      <trkpt lat="31.0225654207170009613037109375" lon="121.4293747209012508392333984375">
        <ele>4.80000019073486328125</ele>
        <time>2026-05-11T13:01:10.000Z</time>
        <extensions>
          <ns3:TrackPointExtension>
            <ns3:hr>158</ns3:hr>
            <ns3:cad>85</ns3:cad>
          </ns3:TrackPointExtension>
        </extensions>
      </trkpt>
      <trkpt lat="31.02259266190230846405029296875" lon="121.42936055548489093780517578125">
        <ele>4.80000019073486328125</ele>
        <time>2026-05-11T13:01:11.000Z</time>
        <extensions>
          <ns3:TrackPointExtension>
            <ns3:hr>158</ns3:hr>
            <ns3:cad>85</ns3:cad>
          </ns3:TrackPointExtension>
        </extensions>
      </trkpt>
      <trkpt lat="31.0226239264011383056640625" lon="121.42935812473297119140625">
        <ele>4.80000019073486328125</ele>
        <time>2026-05-11T13:01:12.000Z</time>
        <extensions>
          <ns3:TrackPointExtension>
            <ns3:hr>158</ns3:hr>
            <ns3:cad>86</ns3:cad>
          </ns3:TrackPointExtension>
        </extensions>
      </trkpt>
      <trkpt lat="31.02264932356774806976318359375" lon="121.42934731207787990570068359375">
        <ele>4.80000019073486328125</ele>
        <time>2026-05-11T13:01:13.000Z</time>
        <extensions>
          <ns3:TrackPointExtension>
            <ns3:hr>158</ns3:hr>
            <ns3:cad>86</ns3:cad>
          </ns3:TrackPointExtension>
        </extensions>
      </trkpt>
      <trkpt lat="31.0226864553987979888916015625" lon="121.42934940755367279052734375">
        <ele>4.80000019073486328125</ele>
        <time>2026-05-11T13:01:14.000Z</time>
        <extensions>
          <ns3:TrackPointExtension>
            <ns3:hr>158</ns3:hr>
            <ns3:cad>86</ns3:cad>
          </ns3:TrackPointExtension>
        </extensions>
      </trkpt>
      <trkpt lat="31.022709421813488006591796875" lon="121.42934094183146953582763671875">
        <ele>4.80000019073486328125</ele>
        <time>2026-05-11T13:01:15.000Z</time>
        <extensions>
          <ns3:TrackPointExtension>
            <ns3:hr>158</ns3:hr>
            <ns3:cad>85</ns3:cad>
          </ns3:TrackPointExtension>
        </extensions>
      </trkpt>
      <trkpt lat="31.02274085395038127899169921875" lon="121.42933004535734653472900390625">
        <ele>4.80000019073486328125</ele>
        <time>2026-05-11T13:01:16.000Z</time>
        <extensions>
          <ns3:TrackPointExtension>
            <ns3:hr>158</ns3:hr>
            <ns3:cad>85</ns3:cad>
          </ns3:TrackPointExtension>
        </extensions>
      </trkpt>
      <trkpt lat="31.0227675922214984893798828125" lon="121.4293219149112701416015625">
        <ele>4.80000019073486328125</ele>
        <time>2026-05-11T13:01:17.000Z</time>
        <extensions>
          <ns3:TrackPointExtension>
            <ns3:hr>158</ns3:hr>
            <ns3:cad>85</ns3:cad>
          </ns3:TrackPointExtension>
        </extensions>
      </trkpt>
      <trkpt lat="31.0227950848639011383056640625" lon="121.42930892296135425567626953125">
        <ele>4.80000019073486328125</ele>
        <time>2026-05-11T13:01:18.000Z</time>
        <extensions>
          <ns3:TrackPointExtension>
            <ns3:hr>158</ns3:hr>
            <ns3:cad>85</ns3:cad>
          </ns3:TrackPointExtension>
        </extensions>
      </trkpt>
      <trkpt lat="31.0228286124765872955322265625" lon="121.42930976115167140960693359375">
        <ele>4.80000019073486328125</ele>
        <time>2026-05-11T13:01:19.000Z</time>
        <extensions>
          <ns3:TrackPointExtension>
            <ns3:hr>159</ns3:hr>
            <ns3:cad>85</ns3:cad>
          </ns3:TrackPointExtension>
        </extensions>
      </trkpt>
      <trkpt lat="31.0228520818054676055908203125" lon="121.42929852940142154693603515625">
        <ele>4.80000019073486328125</ele>
        <time>2026-05-11T13:01:20.000Z</time>
        <extensions>
          <ns3:TrackPointExtension>
            <ns3:hr>159</ns3:hr>
            <ns3:cad>85</ns3:cad>
          </ns3:TrackPointExtension>
        </extensions>
      </trkpt>
      <trkpt lat="31.0228872857987880706787109375" lon="121.42929148860275745391845703125">
        <ele>4.80000019073486328125</ele>
        <time>2026-05-11T13:01:21.000Z</time>
        <extensions>
          <ns3:TrackPointExtension>
            <ns3:hr>158</ns3:hr>
            <ns3:cad>85</ns3:cad>
          </ns3:TrackPointExtension>
        </extensions>
      </trkpt>
      <trkpt lat="31.0229094140231609344482421875" lon="121.429284699261188507080078125">
        <ele>4.80000019073486328125</ele>
        <time>2026-05-11T13:01:22.000Z</time>
        <extensions>
          <ns3:TrackPointExtension>
            <ns3:hr>158</ns3:hr>
            <ns3:cad>85</ns3:cad>
          </ns3:TrackPointExtension>
        </extensions>
      </trkpt>
      <trkpt lat="31.02293531410396099090576171875" lon="121.429274640977382659912109375">
        <ele>4.80000019073486328125</ele>
        <time>2026-05-11T13:01:23.000Z</time>
        <extensions>
          <ns3:TrackPointExtension>
            <ns3:hr>158</ns3:hr>
            <ns3:cad>85</ns3:cad>
          </ns3:TrackPointExtension>
        </extensions>
      </trkpt>
      <trkpt lat="31.022964902222156524658203125" lon="121.429267935454845428466796875">
        <ele>4.80000019073486328125</ele>
        <time>2026-05-11T13:01:24.000Z</time>
        <extensions>
          <ns3:TrackPointExtension>
            <ns3:hr>159</ns3:hr>
            <ns3:cad>85</ns3:cad>
          </ns3:TrackPointExtension>
        </extensions>
      </trkpt>
      <trkpt lat="31.02298778481781482696533203125" lon="121.42925418913364410400390625">
        <ele>4.80000019073486328125</ele>
        <time>2026-05-11T13:01:25.000Z</time>
        <extensions>
          <ns3:TrackPointExtension>
            <ns3:hr>159</ns3:hr>
            <ns3:cad>85</ns3:cad>
          </ns3:TrackPointExtension>
        </extensions>
      </trkpt>
      <trkpt lat="31.02301293052732944488525390625" lon="121.4292372576892375946044921875">
        <ele>4.80000019073486328125</ele>
        <time>2026-05-11T13:01:26.000Z</time>
        <extensions>
          <ns3:TrackPointExtension>
            <ns3:hr>159</ns3:hr>
            <ns3:cad>85</ns3:cad>
          </ns3:TrackPointExtension>
        </extensions>
      </trkpt>
      <trkpt lat="31.02303036488592624664306640625" lon="121.42922275699675083160400390625">
        <ele>4.80000019073486328125</ele>
        <time>2026-05-11T13:01:27.000Z</time>
        <extensions>
          <ns3:TrackPointExtension>
            <ns3:hr>159</ns3:hr>
            <ns3:cad>85</ns3:cad>
          </ns3:TrackPointExtension>
        </extensions>
      </trkpt>
      <trkpt lat="31.023049056529998779296875" lon="121.42919895239174365997314453125">
        <ele>4.80000019073486328125</ele>
        <time>2026-05-11T13:01:28.000Z</time>
        <extensions>
          <ns3:TrackPointExtension>
            <ns3:hr>159</ns3:hr>
            <ns3:cad>85</ns3:cad>
          </ns3:TrackPointExtension>
        </extensions>
      </trkpt>
      <trkpt lat="31.0230713523924350738525390625" lon="121.429178081452846527099609375">
        <ele>4.80000019073486328125</ele>
        <time>2026-05-11T13:01:29.000Z</time>
        <extensions>
          <ns3:TrackPointExtension>
            <ns3:hr>159</ns3:hr>
            <ns3:cad>84</ns3:cad>
          </ns3:TrackPointExtension>
        </extensions>
      </trkpt>
      <trkpt lat="31.0230847634375095367431640625" lon="121.42915469594299793243408203125">
        <ele>4.80000019073486328125</ele>
        <time>2026-05-11T13:01:30.000Z</time>
        <extensions>
          <ns3:TrackPointExtension>
            <ns3:hr>159</ns3:hr>
            <ns3:cad>84</ns3:cad>
          </ns3:TrackPointExtension>
        </extensions>
      </trkpt>
      <trkpt lat="31.023108065128326416015625" lon="121.42913055606186389923095703125">
        <ele>4.80000019073486328125</ele>
        <time>2026-05-11T13:01:31.000Z</time>
        <extensions>
          <ns3:TrackPointExtension>
            <ns3:hr>159</ns3:hr>
            <ns3:cad>83</ns3:cad>
          </ns3:TrackPointExtension>
        </extensions>
      </trkpt>
      <trkpt lat="31.02311812341213226318359375" lon="121.42910675145685672760009765625">
        <ele>4.80000019073486328125</ele>
        <time>2026-05-11T13:01:32.000Z</time>
        <extensions>
          <ns3:TrackPointExtension>
            <ns3:hr>159</ns3:hr>
            <ns3:cad>83</ns3:cad>
          </ns3:TrackPointExtension>
        </extensions>
      </trkpt>
      <trkpt lat="31.02312625385820865631103515625" lon="121.42907490022480487823486328125">
        <ele>4.80000019073486328125</ele>
        <time>2026-05-11T13:01:33.000Z</time>
        <extensions>
          <ns3:TrackPointExtension>
            <ns3:hr>159</ns3:hr>
            <ns3:cad>84</ns3:cad>
          </ns3:TrackPointExtension>
        </extensions>
      </trkpt>
      <trkpt lat="31.02313949726521968841552734375" lon="121.42904631793498992919921875">
        <ele>4.599999904632568359375</ele>
        <time>2026-05-11T13:01:34.000Z</time>
        <extensions>
          <ns3:TrackPointExtension>
            <ns3:hr>159</ns3:hr>
            <ns3:cad>84</ns3:cad>
          </ns3:TrackPointExtension>
        </extensions>
      </trkpt>
      <trkpt lat="31.02314989082515239715576171875" lon="121.42902041785418987274169921875">
        <ele>4.80000019073486328125</ele>
        <time>2026-05-11T13:01:35.000Z</time>
        <extensions>
          <ns3:TrackPointExtension>
            <ns3:hr>159</ns3:hr>
            <ns3:cad>84</ns3:cad>
          </ns3:TrackPointExtension>
        </extensions>
      </trkpt>
      <trkpt lat="31.02316581644117832183837890625" lon="121.42899946309626102447509765625">
        <ele>4.80000019073486328125</ele>
        <time>2026-05-11T13:01:36.000Z</time>
        <extensions>
          <ns3:TrackPointExtension>
            <ns3:hr>159</ns3:hr>
            <ns3:cad>84</ns3:cad>
          </ns3:TrackPointExtension>
        </extensions>
      </trkpt>
      <trkpt lat="31.02318308316171169281005859375" lon="121.428986974060535430908203125">
        <ele>4.80000019073486328125</ele>
        <time>2026-05-11T13:01:37.000Z</time>
        <extensions>
          <ns3:TrackPointExtension>
            <ns3:hr>159</ns3:hr>
            <ns3:cad>84</ns3:cad>
          </ns3:TrackPointExtension>
        </extensions>
      </trkpt>
      <trkpt lat="31.02319967932999134063720703125" lon="121.4289839565753936767578125">
        <ele>4.80000019073486328125</ele>
        <time>2026-05-11T13:01:38.000Z</time>
        <extensions>
          <ns3:TrackPointExtension>
            <ns3:hr>159</ns3:hr>
            <ns3:cad>84</ns3:cad>
          </ns3:TrackPointExtension>
        </extensions>
      </trkpt>
      <trkpt lat="31.0232178680598735809326171875" lon="121.428990997374057769775390625">
        <ele>4.80000019073486328125</ele>
        <time>2026-05-11T13:01:39.000Z</time>
        <extensions>
          <ns3:TrackPointExtension>
            <ns3:hr>159</ns3:hr>
            <ns3:cad>82</ns3:cad>
          </ns3:TrackPointExtension>
        </extensions>
      </trkpt>
      <trkpt lat="31.02323823608458042144775390625" lon="121.42900667153298854827880859375">
        <ele>4.80000019073486328125</ele>
        <time>2026-05-11T13:01:40.000Z</time>
        <extensions>
          <ns3:TrackPointExtension>
            <ns3:hr>159</ns3:hr>
            <ns3:cad>80</ns3:cad>
          </ns3:TrackPointExtension>
        </extensions>
      </trkpt>
      <trkpt lat="31.02324812673032283782958984375" lon="121.4290206693112850189208984375">
        <ele>4.80000019073486328125</ele>
        <time>2026-05-11T13:01:41.000Z</time>
        <extensions>
          <ns3:TrackPointExtension>
            <ns3:hr>159</ns3:hr>
            <ns3:cad>78</ns3:cad>
          </ns3:TrackPointExtension>
        </extensions>
      </trkpt>
      <trkpt lat="31.02325399406254291534423828125" lon="121.429031901061534881591796875">
        <ele>5</ele>
        <time>2026-05-11T13:01:42.000Z</time>
        <extensions>
          <ns3:TrackPointExtension>
            <ns3:hr>159</ns3:hr>
            <ns3:cad>78</ns3:cad>
          </ns3:TrackPointExtension>
        </extensions>
      </trkpt>
      <trkpt lat="31.02325583808124065399169921875" lon="121.429023854434490203857421875">
        <ele>5</ele>
        <time>2026-05-11T13:01:43.000Z</time>
        <extensions>
          <ns3:TrackPointExtension>
            <ns3:hr>159</ns3:hr>
            <ns3:cad>77</ns3:cad>
          </ns3:TrackPointExtension>
        </extensions>
      </trkpt>
      <trkpt lat="31.023253239691257476806640625" lon="121.429012455046176910400390625">
        <ele>5</ele>
        <time>2026-05-11T13:01:44.000Z</time>
        <extensions>
          <ns3:TrackPointExtension>
            <ns3:hr>159</ns3:hr>
            <ns3:cad>77</ns3:cad>
          </ns3:TrackPointExtension>
        </extensions>
      </trkpt>
      <trkpt lat="31.0232490487396717071533203125" lon="121.4290002174675464630126953125">
        <ele>4.80000019073486328125</ele>
        <time>2026-05-11T13:01:45.000Z</time>
        <extensions>
          <ns3:TrackPointExtension>
            <ns3:hr>158</ns3:hr>
            <ns3:cad>77</ns3:cad>
          </ns3:TrackPointExtension>
        </extensions>
      </trkpt>
      <trkpt lat="31.02324175648391246795654296875" lon="121.42898152582347393035888671875">
        <ele>4.80000019073486328125</ele>
        <time>2026-05-11T13:01:46.000Z</time>
        <extensions>
          <ns3:TrackPointExtension>
            <ns3:hr>158</ns3:hr>
            <ns3:cad>77</ns3:cad>
          </ns3:TrackPointExtension>
        </extensions>
      </trkpt>
      <trkpt lat="31.0232353024184703826904296875" lon="121.42895705066621303558349609375">
        <ele>4.80000019073486328125</ele>
        <time>2026-05-11T13:01:47.000Z</time>
        <extensions>
          <ns3:TrackPointExtension>
            <ns3:hr>156</ns3:hr>
            <ns3:cad>0</ns3:cad>
          </ns3:TrackPointExtension>
        </extensions>
      </trkpt>
      <trkpt lat="31.0232296027243137359619140625" lon="121.42893760465085506439208984375">
        <ele>4.80000019073486328125</ele>
        <time>2026-05-11T13:01:48.000Z</time>
        <extensions>
          <ns3:TrackPointExtension>
            <ns3:hr>153</ns3:hr>
            <ns3:cad>0</ns3:cad>
          </ns3:TrackPointExtension>
        </extensions>
      </trkpt>
      <trkpt lat="31.0232228972017765045166015625" lon="121.42890575341880321502685546875">
        <ele>4.80000019073486328125</ele>
        <time>2026-05-11T13:01:49.000Z</time>
        <extensions>
          <ns3:TrackPointExtension>
            <ns3:hr>151</ns3:hr>
            <ns3:cad>0</ns3:cad>
          </ns3:TrackPointExtension>
        </extensions>
      </trkpt>
      <trkpt lat="31.0232182033360004425048828125" lon="121.42887465655803680419921875">
        <ele>4.599999904632568359375</ele>
        <time>2026-05-11T13:01:50.000Z</time>
        <extensions>
          <ns3:TrackPointExtension>
            <ns3:hr>151</ns3:hr>
            <ns3:cad>0</ns3:cad>
          </ns3:TrackPointExtension>
        </extensions>
      </trkpt>
      <trkpt lat="31.02321426384150981903076171875" lon="121.428852193057537078857421875">
        <ele>4.599999904632568359375</ele>
        <time>2026-05-11T13:01:51.000Z</time>
        <extensions>
          <ns3:TrackPointExtension>
            <ns3:hr>151</ns3:hr>
            <ns3:cad>83</ns3:cad>
          </ns3:TrackPointExtension>
        </extensions>
      </trkpt>
      <trkpt lat="31.0232088156044483184814453125" lon="121.4288252033293247222900390625">
        <ele>4.599999904632568359375</ele>
        <time>2026-05-11T13:01:52.000Z</time>
        <extensions>
          <ns3:TrackPointExtension>
            <ns3:hr>151</ns3:hr>
            <ns3:cad>83</ns3:cad>
          </ns3:TrackPointExtension>
        </extensions>
      </trkpt>
      <trkpt lat="31.02320437319576740264892578125" lon="121.42880584113299846649169921875">
        <ele>4.599999904632568359375</ele>
        <time>2026-05-11T13:01:53.000Z</time>
        <extensions>
          <ns3:TrackPointExtension>
            <ns3:hr>151</ns3:hr>
            <ns3:cad>83</ns3:cad>
          </ns3:TrackPointExtension>
        </extensions>
      </trkpt>
      <trkpt lat="31.0231984220445156097412109375" lon="121.4287866465747356414794921875">
        <ele>4.599999904632568359375</ele>
        <time>2026-05-11T13:01:54.000Z</time>
        <extensions>
          <ns3:TrackPointExtension>
            <ns3:hr>151</ns3:hr>
            <ns3:cad>83</ns3:cad>
          </ns3:TrackPointExtension>
        </extensions>
      </trkpt>
      <trkpt lat="31.0231979191303253173828125" lon="121.4287613332271575927734375">
        <ele>4.599999904632568359375</ele>
        <time>2026-05-11T13:01:55.000Z</time>
        <extensions>
          <ns3:TrackPointExtension>
            <ns3:hr>151</ns3:hr>
            <ns3:cad>83</ns3:cad>
          </ns3:TrackPointExtension>
        </extensions>
      </trkpt>
      <trkpt lat="31.02319582365453243255615234375" lon="121.42874431796371936798095703125">
        <ele>4.599999904632568359375</ele>
        <time>2026-05-11T13:01:56.000Z</time>
        <extensions>
          <ns3:TrackPointExtension>
            <ns3:hr>151</ns3:hr>
            <ns3:cad>81</ns3:cad>
          </ns3:TrackPointExtension>
        </extensions>
      </trkpt>
      <trkpt lat="31.023188866674900054931640625" lon="121.4287246204912662506103515625">
        <ele>4.599999904632568359375</ele>
        <time>2026-05-11T13:01:57.000Z</time>
        <extensions>
          <ns3:TrackPointExtension>
            <ns3:hr>151</ns3:hr>
            <ns3:cad>81</ns3:cad>
          </ns3:TrackPointExtension>
        </extensions>
      </trkpt>
      <trkpt lat="31.0231813229620456695556640625" lon="121.42870299518108367919921875">
        <ele>4.400000095367431640625</ele>
        <time>2026-05-11T13:01:58.000Z</time>
        <extensions>
          <ns3:TrackPointExtension>
            <ns3:hr>151</ns3:hr>
            <ns3:cad>81</ns3:cad>
          </ns3:TrackPointExtension>
        </extensions>
      </trkpt>
      <trkpt lat="31.023171432316303253173828125" lon="121.42868564464151859283447265625">
        <ele>4.400000095367431640625</ele>
        <time>2026-05-11T13:01:59.000Z</time>
        <extensions>
          <ns3:TrackPointExtension>
            <ns3:hr>151</ns3:hr>
            <ns3:cad>83</ns3:cad>
          </ns3:TrackPointExtension>
        </extensions>
      </trkpt>
      <trkpt lat="31.02316212840378284454345703125" lon="121.4286615885794162750244140625">
        <ele>4.400000095367431640625</ele>
        <time>2026-05-11T13:02:00.000Z</time>
        <extensions>
          <ns3:TrackPointExtension>
            <ns3:hr>151</ns3:hr>
            <ns3:cad>83</ns3:cad>
          </ns3:TrackPointExtension>
        </extensions>
      </trkpt>
      <trkpt lat="31.02315223775804042816162109375" lon="121.428642310202121734619140625">
        <ele>4.400000095367431640625</ele>
        <time>2026-05-11T13:02:01.000Z</time>
        <extensions>
          <ns3:TrackPointExtension>
            <ns3:hr>151</ns3:hr>
            <ns3:cad>83</ns3:cad>
          </ns3:TrackPointExtension>
        </extensions>
      </trkpt>
      <trkpt lat="31.0231360606849193572998046875" lon="121.4286226965487003326416015625">
        <ele>4.400000095367431640625</ele>
        <time>2026-05-11T13:02:02.000Z</time>
        <extensions>
          <ns3:TrackPointExtension>
            <ns3:hr>150</ns3:hr>
            <ns3:cad>84</ns3:cad>
          </ns3:TrackPointExtension>
        </extensions>
      </trkpt>
      <trkpt lat="31.02312390692532062530517578125" lon="121.428596712648868560791015625">
        <ele>4.400000095367431640625</ele>
        <time>2026-05-11T13:02:03.000Z</time>
        <extensions>
          <ns3:TrackPointExtension>
            <ns3:hr>150</ns3:hr>
            <ns3:cad>84</ns3:cad>
          </ns3:TrackPointExtension>
        </extensions>
      </trkpt>
      <trkpt lat="31.023109741508960723876953125" lon="121.42858036793768405914306640625">
        <ele>4.400000095367431640625</ele>
        <time>2026-05-11T13:02:04.000Z</time>
        <extensions>
          <ns3:TrackPointExtension>
            <ns3:hr>149</ns3:hr>
            <ns3:cad>84</ns3:cad>
          </ns3:TrackPointExtension>
        </extensions>
      </trkpt>
      <trkpt lat="31.0230914689600467681884765625" lon="121.42855807207524776458740234375">
        <ele>4.400000095367431640625</ele>
        <time>2026-05-11T13:02:05.000Z</time>
        <extensions>
          <ns3:TrackPointExtension>
            <ns3:hr>149</ns3:hr>
            <ns3:cad>84</ns3:cad>
          </ns3:TrackPointExtension>
        </extensions>
      </trkpt>
      <trkpt lat="31.023074202239513397216796875" lon="121.42854499630630016326904296875">
        <ele>4.599999904632568359375</ele>
        <time>2026-05-11T13:02:06.000Z</time>
        <extensions>
          <ns3:TrackPointExtension>
            <ns3:hr>148</ns3:hr>
            <ns3:cad>83</ns3:cad>
          </ns3:TrackPointExtension>
        </extensions>
      </trkpt>
      <trkpt lat="31.02305366657674312591552734375" lon="121.428529657423496246337890625">
        <ele>4.599999904632568359375</ele>
        <time>2026-05-11T13:02:07.000Z</time>
        <extensions>
          <ns3:TrackPointExtension>
            <ns3:hr>148</ns3:hr>
            <ns3:cad>83</ns3:cad>
          </ns3:TrackPointExtension>
        </extensions>
      </trkpt>
      <trkpt lat="31.02303489111363887786865234375" lon="121.42851197160780429840087890625">
        <ele>4.400000095367431640625</ele>
        <time>2026-05-11T13:02:08.000Z</time>
        <extensions>
          <ns3:TrackPointExtension>
            <ns3:hr>146</ns3:hr>
            <ns3:cad>84</ns3:cad>
          </ns3:TrackPointExtension>
        </extensions>
      </trkpt>
      <trkpt lat="31.023013852536678314208984375" lon="121.4284989796578884124755859375">
        <ele>4.400000095367431640625</ele>
        <time>2026-05-11T13:02:09.000Z</time>
        <extensions>
          <ns3:TrackPointExtension>
            <ns3:hr>146</ns3:hr>
            <ns3:cad>84</ns3:cad>
          </ns3:TrackPointExtension>
        </extensions>
      </trkpt>
      <trkpt lat="31.0229902155697345733642578125" lon="121.42848498187959194183349609375">
        <ele>4.400000095367431640625</ele>
        <time>2026-05-11T13:02:10.000Z</time>
        <extensions>
          <ns3:TrackPointExtension>
            <ns3:hr>146</ns3:hr>
            <ns3:cad>84</ns3:cad>
          </ns3:TrackPointExtension>
        </extensions>
      </trkpt>
      <trkpt lat="31.0229737870395183563232421875" lon="121.4284768514335155487060546875">
        <ele>4.400000095367431640625</ele>
        <time>2026-05-11T13:02:11.000Z</time>
        <extensions>
          <ns3:TrackPointExtension>
            <ns3:hr>146</ns3:hr>
            <ns3:cad>85</ns3:cad>
          </ns3:TrackPointExtension>
        </extensions>
      </trkpt>
      <trkpt lat="31.02294537238776683807373046875" lon="121.4284622669219970703125">
        <ele>4.400000095367431640625</ele>
        <time>2026-05-11T13:02:12.000Z</time>
        <extensions>
          <ns3:TrackPointExtension>
            <ns3:hr>147</ns3:hr>
            <ns3:cad>85</ns3:cad>
          </ns3:TrackPointExtension>
        </extensions>
      </trkpt>
      <trkpt lat="31.02292475290596485137939453125" lon="121.4284528791904449462890625">
        <ele>4.400000095367431640625</ele>
        <time>2026-05-11T13:02:13.000Z</time>
        <extensions>
          <ns3:TrackPointExtension>
            <ns3:hr>146</ns3:hr>
            <ns3:cad>85</ns3:cad>
          </ns3:TrackPointExtension>
        </extensions>
      </trkpt>
      <trkpt lat="31.0229017026722431182861328125" lon="121.42844642512500286102294921875">
        <ele>4.599999904632568359375</ele>
        <time>2026-05-11T13:02:14.000Z</time>
        <extensions>
          <ns3:TrackPointExtension>
            <ns3:hr>147</ns3:hr>
            <ns3:cad>85</ns3:cad>
          </ns3:TrackPointExtension>
        </extensions>
      </trkpt>
      <trkpt lat="31.02287563495337963104248046875" lon="121.42843469046056270599365234375">
        <ele>4.599999904632568359375</ele>
        <time>2026-05-11T13:02:15.000Z</time>
        <extensions>
          <ns3:TrackPointExtension>
            <ns3:hr>146</ns3:hr>
            <ns3:cad>84</ns3:cad>
          </ns3:TrackPointExtension>
        </extensions>
      </trkpt>
      <trkpt lat="31.0228545963764190673828125" lon="121.42843117006123065948486328125">
        <ele>4.599999904632568359375</ele>
        <time>2026-05-11T13:02:16.000Z</time>
        <extensions>
          <ns3:TrackPointExtension>
            <ns3:hr>146</ns3:hr>
            <ns3:cad>84</ns3:cad>
          </ns3:TrackPointExtension>
        </extensions>
      </trkpt>
      <trkpt lat="31.02282978594303131103515625" lon="121.42842949368059635162353515625">
        <ele>4.400000095367431640625</ele>
        <time>2026-05-11T13:02:17.000Z</time>
        <extensions>
          <ns3:TrackPointExtension>
            <ns3:hr>146</ns3:hr>
            <ns3:cad>84</ns3:cad>
          </ns3:TrackPointExtension>
        </extensions>
      </trkpt>
      <trkpt lat="31.02280589751899242401123046875" lon="121.428424380719661712646484375">
        <ele>4.400000095367431640625</ele>
        <time>2026-05-11T13:02:18.000Z</time>
        <extensions>
          <ns3:TrackPointExtension>
            <ns3:hr>146</ns3:hr>
            <ns3:cad>83</ns3:cad>
          </ns3:TrackPointExtension>
        </extensions>
      </trkpt>
      <trkpt lat="31.02278460748493671417236328125" lon="121.4284282363951206207275390625">
        <ele>4.19999980926513671875</ele>
        <time>2026-05-11T13:02:19.000Z</time>
        <extensions>
          <ns3:TrackPointExtension>
            <ns3:hr>146</ns3:hr>
            <ns3:cad>83</ns3:cad>
          </ns3:TrackPointExtension>
        </extensions>
      </trkpt>
      <trkpt lat="31.022759713232517242431640625" lon="121.42843200825154781341552734375">
        <ele>4.19999980926513671875</ele>
        <time>2026-05-11T13:02:20.000Z</time>
        <extensions>
          <ns3:TrackPointExtension>
            <ns3:hr>146</ns3:hr>
            <ns3:cad>82</ns3:cad>
          </ns3:TrackPointExtension>
        </extensions>
      </trkpt>
      <trkpt lat="31.0227337293326854705810546875" lon="121.42843686975538730621337890625">
        <ele>4.400000095367431640625</ele>
        <time>2026-05-11T13:02:21.000Z</time>
        <extensions>
          <ns3:TrackPointExtension>
            <ns3:hr>146</ns3:hr>
            <ns3:cad>82</ns3:cad>
          </ns3:TrackPointExtension>
        </extensions>
      </trkpt>
      <trkpt lat="31.0227124392986297607421875" lon="121.42845061607658863067626953125">
        <ele>4.400000095367431640625</ele>
        <time>2026-05-11T13:02:22.000Z</time>
        <extensions>
          <ns3:TrackPointExtension>
            <ns3:hr>146</ns3:hr>
            <ns3:cad>81</ns3:cad>
          </ns3:TrackPointExtension>
        </extensions>
      </trkpt>
      <trkpt lat="31.02268000133335590362548828125" lon="121.4284607581794261932373046875">
        <ele>4.599999904632568359375</ele>
        <time>2026-05-11T13:02:23.000Z</time>
        <extensions>
          <ns3:TrackPointExtension>
            <ns3:hr>146</ns3:hr>
            <ns3:cad>81</ns3:cad>
          </ns3:TrackPointExtension>
        </extensions>
      </trkpt>
      <trkpt lat="31.02265887893736362457275390625" lon="121.428477354347705841064453125">
        <ele>4.80000019073486328125</ele>
        <time>2026-05-11T13:02:24.000Z</time>
        <extensions>
          <ns3:TrackPointExtension>
            <ns3:hr>147</ns3:hr>
            <ns3:cad>82</ns3:cad>
          </ns3:TrackPointExtension>
        </extensions>
      </trkpt>
      <trkpt lat="31.0226277820765972137451171875" lon="121.42848783172667026519775390625">
        <ele>4.80000019073486328125</ele>
        <time>2026-05-11T13:02:25.000Z</time>
        <extensions>
          <ns3:TrackPointExtension>
            <ns3:hr>147</ns3:hr>
            <ns3:cad>82</ns3:cad>
          </ns3:TrackPointExtension>
        </extensions>
      </trkpt>
      <trkpt lat="31.02260372601449489593505859375" lon="121.428498141467571258544921875">
        <ele>4.80000019073486328125</ele>
        <time>2026-05-11T13:02:26.000Z</time>
        <extensions>
          <ns3:TrackPointExtension>
            <ns3:hr>147</ns3:hr>
            <ns3:cad>82</ns3:cad>
          </ns3:TrackPointExtension>
        </extensions>
      </trkpt>
      <trkpt lat="31.0225811786949634552001953125" lon="121.428505517542362213134765625">
        <ele>4.599999904632568359375</ele>
        <time>2026-05-11T13:02:27.000Z</time>
        <extensions>
          <ns3:TrackPointExtension>
            <ns3:hr>147</ns3:hr>
            <ns3:cad>84</ns3:cad>
          </ns3:TrackPointExtension>
        </extensions>
      </trkpt>
      <trkpt lat="31.022556535899639129638671875" lon="121.42850694246590137481689453125">
        <ele>4.599999904632568359375</ele>
        <time>2026-05-11T13:02:28.000Z</time>
        <extensions>
          <ns3:TrackPointExtension>
            <ns3:hr>147</ns3:hr>
            <ns3:cad>84</ns3:cad>
          </ns3:TrackPointExtension>
        </extensions>
      </trkpt>
      <trkpt lat="31.02253885008394718170166015625" lon="121.42851121723651885986328125">
        <ele>4.599999904632568359375</ele>
        <time>2026-05-11T13:02:29.000Z</time>
        <extensions>
          <ns3:TrackPointExtension>
            <ns3:hr>147</ns3:hr>
            <ns3:cad>84</ns3:cad>
          </ns3:TrackPointExtension>
        </extensions>
      </trkpt>
      <trkpt lat="31.02251672185957431793212890625" lon="121.4285147376358509063720703125">
        <ele>4.599999904632568359375</ele>
        <time>2026-05-11T13:02:30.000Z</time>
        <extensions>
          <ns3:TrackPointExtension>
            <ns3:hr>147</ns3:hr>
            <ns3:cad>83</ns3:cad>
          </ns3:TrackPointExtension>
        </extensions>
      </trkpt>
      <trkpt lat="31.02249157615005970001220703125" lon="121.42851532436907291412353515625">
        <ele>4.599999904632568359375</ele>
        <time>2026-05-11T13:02:31.000Z</time>
        <extensions>
          <ns3:TrackPointExtension>
            <ns3:hr>147</ns3:hr>
            <ns3:cad>83</ns3:cad>
          </ns3:TrackPointExtension>
        </extensions>
      </trkpt>
      <trkpt lat="31.02247078903019428253173828125" lon="121.42852102406322956085205078125">
        <ele>4.599999904632568359375</ele>
        <time>2026-05-11T13:02:32.000Z</time>
        <extensions>
          <ns3:TrackPointExtension>
            <ns3:hr>147</ns3:hr>
            <ns3:cad>83</ns3:cad>
          </ns3:TrackPointExtension>
        </extensions>
      </trkpt>
      <trkpt lat="31.0224433802068233489990234375" lon="121.428528316318988800048828125">
        <ele>4.599999904632568359375</ele>
        <time>2026-05-11T13:02:33.000Z</time>
        <extensions>
          <ns3:TrackPointExtension>
            <ns3:hr>147</ns3:hr>
            <ns3:cad>83</ns3:cad>
          </ns3:TrackPointExtension>
        </extensions>
      </trkpt>
      <trkpt lat="31.02242116816341876983642578125" lon="121.4285361953079700469970703125">
        <ele>4.599999904632568359375</ele>
        <time>2026-05-11T13:02:34.000Z</time>
        <extensions>
          <ns3:TrackPointExtension>
            <ns3:hr>147</ns3:hr>
            <ns3:cad>82</ns3:cad>
          </ns3:TrackPointExtension>
        </extensions>
      </trkpt>
      <trkpt lat="31.02240205742418766021728515625" lon="121.42854608595371246337890625">
        <ele>4.599999904632568359375</ele>
        <time>2026-05-11T13:02:35.000Z</time>
        <extensions>
          <ns3:TrackPointExtension>
            <ns3:hr>147</ns3:hr>
            <ns3:cad>82</ns3:cad>
          </ns3:TrackPointExtension>
        </extensions>
      </trkpt>
      <trkpt lat="31.0223736427724361419677734375" lon="121.428550779819488525390625">
        <ele>4.599999904632568359375</ele>
        <time>2026-05-11T13:02:36.000Z</time>
        <extensions>
          <ns3:TrackPointExtension>
            <ns3:hr>147</ns3:hr>
            <ns3:cad>82</ns3:cad>
          </ns3:TrackPointExtension>
        </extensions>
      </trkpt>
      <trkpt lat="31.02235377766191959381103515625" lon="121.4285563118755817413330078125">
        <ele>4.599999904632568359375</ele>
        <time>2026-05-11T13:02:37.000Z</time>
        <extensions>
          <ns3:TrackPointExtension>
            <ns3:hr>147</ns3:hr>
            <ns3:cad>82</ns3:cad>
          </ns3:TrackPointExtension>
        </extensions>
      </trkpt>
      <trkpt lat="31.02233014069497585296630859375" lon="121.4285646937787532806396484375">
        <ele>4.599999904632568359375</ele>
        <time>2026-05-11T13:02:38.000Z</time>
        <extensions>
          <ns3:TrackPointExtension>
            <ns3:hr>146</ns3:hr>
            <ns3:cad>82</ns3:cad>
          </ns3:TrackPointExtension>
        </extensions>
      </trkpt>
      <trkpt lat="31.0223069228231906890869140625" lon="121.4285677112638950347900390625">
        <ele>4.599999904632568359375</ele>
        <time>2026-05-11T13:02:39.000Z</time>
        <extensions>
          <ns3:TrackPointExtension>
            <ns3:hr>147</ns3:hr>
            <ns3:cad>82</ns3:cad>
          </ns3:TrackPointExtension>
        </extensions>
      </trkpt>
      <trkpt lat="31.02228873409330844879150390625" lon="121.42857684753835201263427734375">
        <ele>4.599999904632568359375</ele>
        <time>2026-05-11T13:02:40.000Z</time>
        <extensions>
          <ns3:TrackPointExtension>
            <ns3:hr>147</ns3:hr>
            <ns3:cad>82</ns3:cad>
          </ns3:TrackPointExtension>
        </extensions>
      </trkpt>
      <trkpt lat="31.022263504564762115478515625" lon="121.428580619394779205322265625">
        <ele>4.599999904632568359375</ele>
        <time>2026-05-11T13:02:41.000Z</time>
        <extensions>
          <ns3:TrackPointExtension>
            <ns3:hr>146</ns3:hr>
            <ns3:cad>82</ns3:cad>
          </ns3:TrackPointExtension>
        </extensions>
      </trkpt>
      <trkpt lat="31.02224648930132389068603515625" lon="121.4285843074321746826171875">
        <ele>4.599999904632568359375</ele>
        <time>2026-05-11T13:02:42.000Z</time>
        <extensions>
          <ns3:TrackPointExtension>
            <ns3:hr>146</ns3:hr>
            <ns3:cad>83</ns3:cad>
          </ns3:TrackPointExtension>
        </extensions>
      </trkpt>
      <trkpt lat="31.02222628891468048095703125" lon="121.42858925275504589080810546875">
        <ele>4.599999904632568359375</ele>
        <time>2026-05-11T13:02:43.000Z</time>
        <extensions>
          <ns3:TrackPointExtension>
            <ns3:hr>146</ns3:hr>
            <ns3:cad>83</ns3:cad>
          </ns3:TrackPointExtension>
        </extensions>
      </trkpt>
      <trkpt lat="31.02220156230032444000244140625" lon="121.42858925275504589080810546875">
        <ele>4.599999904632568359375</ele>
        <time>2026-05-11T13:02:44.000Z</time>
        <extensions>
          <ns3:TrackPointExtension>
            <ns3:hr>146</ns3:hr>
            <ns3:cad>83</ns3:cad>
          </ns3:TrackPointExtension>
        </extensions>
      </trkpt>
      <trkpt lat="31.0221801884472370147705078125" lon="121.4285962097346782684326171875">
        <ele>4.599999904632568359375</ele>
        <time>2026-05-11T13:02:45.000Z</time>
        <extensions>
          <ns3:TrackPointExtension>
            <ns3:hr>146</ns3:hr>
            <ns3:cad>83</ns3:cad>
          </ns3:TrackPointExtension>
        </extensions>
      </trkpt>
      <trkpt lat="31.022153198719024658203125" lon="121.4286029152572154998779296875">
        <ele>4.599999904632568359375</ele>
        <time>2026-05-11T13:02:46.000Z</time>
        <extensions>
          <ns3:TrackPointExtension>
            <ns3:hr>145</ns3:hr>
            <ns3:cad>83</ns3:cad>
          </ns3:TrackPointExtension>
        </extensions>
      </trkpt>
      <trkpt lat="31.02213333360850811004638671875" lon="121.42860920168459415435791015625">
        <ele>4.599999904632568359375</ele>
        <time>2026-05-11T13:02:47.000Z</time>
        <extensions>
          <ns3:TrackPointExtension>
            <ns3:hr>146</ns3:hr>
            <ns3:cad>83</ns3:cad>
          </ns3:TrackPointExtension>
        </extensions>
      </trkpt>
      <trkpt lat="31.02211003191769123077392578125" lon="121.428618170320987701416015625">
        <ele>4.599999904632568359375</ele>
        <time>2026-05-11T13:02:48.000Z</time>
        <extensions>
          <ns3:TrackPointExtension>
            <ns3:hr>145</ns3:hr>
            <ns3:cad>83</ns3:cad>
          </ns3:TrackPointExtension>
        </extensions>
      </trkpt>
      <trkpt lat="31.02208304218947887420654296875" lon="121.4286180026829242706298828125">
        <ele>4.599999904632568359375</ele>
        <time>2026-05-11T13:02:49.000Z</time>
        <extensions>
          <ns3:TrackPointExtension>
            <ns3:hr>145</ns3:hr>
            <ns3:cad>83</ns3:cad>
          </ns3:TrackPointExtension>
        </extensions>
      </trkpt>
      <trkpt lat="31.02206401526927947998046875" lon="121.42862613312900066375732421875">
        <ele>4.599999904632568359375</ele>
        <time>2026-05-11T13:02:50.000Z</time>
        <extensions>
          <ns3:TrackPointExtension>
            <ns3:hr>145</ns3:hr>
            <ns3:cad>83</ns3:cad>
          </ns3:TrackPointExtension>
        </extensions>
      </trkpt>
      <trkpt lat="31.022032834589481353759765625" lon="121.42862789332866668701171875">
        <ele>4.599999904632568359375</ele>
        <time>2026-05-11T13:02:51.000Z</time>
        <extensions>
          <ns3:TrackPointExtension>
            <ns3:hr>146</ns3:hr>
            <ns3:cad>83</ns3:cad>
          </ns3:TrackPointExtension>
        </extensions>
      </trkpt>
      <trkpt lat="31.0220123827457427978515625" lon="121.42863786779344081878662109375">
        <ele>4.599999904632568359375</ele>
        <time>2026-05-11T13:02:52.000Z</time>
        <extensions>
          <ns3:TrackPointExtension>
            <ns3:hr>145</ns3:hr>
            <ns3:cad>83</ns3:cad>
          </ns3:TrackPointExtension>
        </extensions>
      </trkpt>
      <trkpt lat="31.02198421955108642578125" lon="121.42865178175270557403564453125">
        <ele>4.599999904632568359375</ele>
        <time>2026-05-11T13:02:53.000Z</time>
        <extensions>
          <ns3:TrackPointExtension>
            <ns3:hr>145</ns3:hr>
            <ns3:cad>84</ns3:cad>
          </ns3:TrackPointExtension>
        </extensions>
      </trkpt>
      <trkpt lat="31.02196234278380870819091796875" lon="121.428663767874240875244140625">
        <ele>4.599999904632568359375</ele>
        <time>2026-05-11T13:02:54.000Z</time>
        <extensions>
          <ns3:TrackPointExtension>
            <ns3:hr>146</ns3:hr>
            <ns3:cad>86</ns3:cad>
          </ns3:TrackPointExtension>
        </extensions>
      </trkpt>
      <trkpt lat="31.02194138802587985992431640625" lon="121.4286770112812519073486328125">
        <ele>4.400000095367431640625</ele>
        <time>2026-05-11T13:02:55.000Z</time>
        <extensions>
          <ns3:TrackPointExtension>
            <ns3:hr>145</ns3:hr>
            <ns3:cad>86</ns3:cad>
          </ns3:TrackPointExtension>
        </extensions>
      </trkpt>
      <trkpt lat="31.02191439829766750335693359375" lon="121.4286890812218189239501953125">
        <ele>4.400000095367431640625</ele>
        <time>2026-05-11T13:02:56.000Z</time>
        <extensions>
          <ns3:TrackPointExtension>
            <ns3:hr>145</ns3:hr>
            <ns3:cad>86</ns3:cad>
          </ns3:TrackPointExtension>
        </extensions>
      </trkpt>
      <trkpt lat="31.0218978859484195709228515625" lon="121.428702659904956817626953125">
        <ele>4.400000095367431640625</ele>
        <time>2026-05-11T13:02:57.000Z</time>
        <extensions>
          <ns3:TrackPointExtension>
            <ns3:hr>146</ns3:hr>
            <ns3:cad>85</ns3:cad>
          </ns3:TrackPointExtension>
        </extensions>
      </trkpt>
      <trkpt lat="31.02187701500952243804931640625" lon="121.4287219382822513580322265625">
        <ele>4.400000095367431640625</ele>
        <time>2026-05-11T13:02:58.000Z</time>
        <extensions>
          <ns3:TrackPointExtension>
            <ns3:hr>145</ns3:hr>
            <ns3:cad>84</ns3:cad>
          </ns3:TrackPointExtension>
        </extensions>
      </trkpt>
      <trkpt lat="31.02185404859483242034912109375" lon="121.4287371933460235595703125">
        <ele>4.400000095367431640625</ele>
        <time>2026-05-11T13:02:59.000Z</time>
        <extensions>
          <ns3:TrackPointExtension>
            <ns3:hr>145</ns3:hr>
            <ns3:cad>84</ns3:cad>
          </ns3:TrackPointExtension>
        </extensions>
      </trkpt>
      <trkpt lat="31.0218375362455844879150390625" lon="121.4287554658949375152587890625">
        <ele>4.400000095367431640625</ele>
        <time>2026-05-11T13:03:00.000Z</time>
        <extensions>
          <ns3:TrackPointExtension>
            <ns3:hr>145</ns3:hr>
            <ns3:cad>84</ns3:cad>
          </ns3:TrackPointExtension>
        </extensions>
      </trkpt>
      <trkpt lat="31.02182127535343170166015625" lon="121.42877717502415180206298828125">
        <ele>4.400000095367431640625</ele>
        <time>2026-05-11T13:03:01.000Z</time>
        <extensions>
          <ns3:TrackPointExtension>
            <ns3:hr>145</ns3:hr>
            <ns3:cad>83</ns3:cad>
          </ns3:TrackPointExtension>
        </extensions>
      </trkpt>
      <trkpt lat="31.0218030028045177459716796875" lon="121.42880047671496868133544921875">
        <ele>4.400000095367431640625</ele>
        <time>2026-05-11T13:03:02.000Z</time>
        <extensions>
          <ns3:TrackPointExtension>
            <ns3:hr>144</ns3:hr>
            <ns3:cad>82</ns3:cad>
          </ns3:TrackPointExtension>
        </extensions>
      </trkpt>
      <trkpt lat="31.02179177105426788330078125" lon="121.42882126383483409881591796875">
        <ele>4.400000095367431640625</ele>
        <time>2026-05-11T13:03:03.000Z</time>
        <extensions>
          <ns3:TrackPointExtension>
            <ns3:hr>144</ns3:hr>
            <ns3:cad>82</ns3:cad>
          </ns3:TrackPointExtension>
        </extensions>
      </trkpt>
      <trkpt lat="31.0217768512666225433349609375" lon="121.42884708009660243988037109375">
        <ele>4.599999904632568359375</ele>
        <time>2026-05-11T13:03:04.000Z</time>
        <extensions>
          <ns3:TrackPointExtension>
            <ns3:hr>144</ns3:hr>
            <ns3:cad>82</ns3:cad>
          </ns3:TrackPointExtension>
        </extensions>
      </trkpt>
      <trkpt lat="31.021765284240245819091796875" lon="121.4288681186735630035400390625">
        <ele>4.599999904632568359375</ele>
        <time>2026-05-11T13:03:05.000Z</time>
        <extensions>
          <ns3:TrackPointExtension>
            <ns3:hr>144</ns3:hr>
            <ns3:cad>82</ns3:cad>
          </ns3:TrackPointExtension>
        </extensions>
      </trkpt>
      <trkpt lat="31.02176033891737461090087890625" lon="121.42889586277306079864501953125">
        <ele>4.400000095367431640625</ele>
        <time>2026-05-11T13:03:06.000Z</time>
        <extensions>
          <ns3:TrackPointExtension>
            <ns3:hr>144</ns3:hr>
            <ns3:cad>82</ns3:cad>
          </ns3:TrackPointExtension>
        </extensions>
      </trkpt>
      <trkpt lat="31.02175463922321796417236328125" lon="121.42892561852931976318359375">
        <ele>4.400000095367431640625</ele>
        <time>2026-05-11T13:03:07.000Z</time>
        <extensions>
          <ns3:TrackPointExtension>
            <ns3:hr>144</ns3:hr>
            <ns3:cad>82</ns3:cad>
          </ns3:TrackPointExtension>
        </extensions>
      </trkpt>
      <trkpt lat="31.021748520433902740478515625" lon="121.42895319499075412750244140625">
        <ele>4.400000095367431640625</ele>
        <time>2026-05-11T13:03:08.000Z</time>
        <extensions>
          <ns3:TrackPointExtension>
            <ns3:hr>143</ns3:hr>
            <ns3:cad>82</ns3:cad>
          </ns3:TrackPointExtension>
        </extensions>
      </trkpt>
      <trkpt lat="31.02174575440585613250732421875" lon="121.4289866387844085693359375">
        <ele>4.400000095367431640625</ele>
        <time>2026-05-11T13:03:09.000Z</time>
        <extensions>
          <ns3:TrackPointExtension>
            <ns3:hr>143</ns3:hr>
            <ns3:cad>82</ns3:cad>
          </ns3:TrackPointExtension>
        </extensions>
      </trkpt>
      <trkpt lat="31.0217396356165409088134765625" lon="121.42902226187288761138916015625">
        <ele>4.400000095367431640625</ele>
        <time>2026-05-11T13:03:10.000Z</time>
        <extensions>
          <ns3:TrackPointExtension>
            <ns3:hr>143</ns3:hr>
            <ns3:cad>82</ns3:cad>
          </ns3:TrackPointExtension>
        </extensions>
      </trkpt>
      <trkpt lat="31.02173653431236743927001953125" lon="121.42904891632497310638427734375">
        <ele>4.400000095367431640625</ele>
        <time>2026-05-11T13:03:11.000Z</time>
        <extensions>
          <ns3:TrackPointExtension>
            <ns3:hr>143</ns3:hr>
            <ns3:cad>82</ns3:cad>
          </ns3:TrackPointExtension>
        </extensions>
      </trkpt>
      <trkpt lat="31.0217362828552722930908203125" lon="121.42908093519508838653564453125">
        <ele>4.400000095367431640625</ele>
        <time>2026-05-11T13:03:12.000Z</time>
        <extensions>
          <ns3:TrackPointExtension>
            <ns3:hr>142</ns3:hr>
            <ns3:cad>82</ns3:cad>
          </ns3:TrackPointExtension>
        </extensions>
      </trkpt>
      <trkpt lat="31.0217361152172088623046875" lon="121.42911228351294994354248046875">
        <ele>4.599999904632568359375</ele>
        <time>2026-05-11T13:03:13.000Z</time>
        <extensions>
          <ns3:TrackPointExtension>
            <ns3:hr>143</ns3:hr>
            <ns3:cad>81</ns3:cad>
          </ns3:TrackPointExtension>
        </extensions>
      </trkpt>
      <trkpt lat="31.02174256928265094757080078125" lon="121.4291376806795597076416015625">
        <ele>4.599999904632568359375</ele>
        <time>2026-05-11T13:03:14.000Z</time>
        <extensions>
          <ns3:TrackPointExtension>
            <ns3:hr>143</ns3:hr>
            <ns3:cad>82</ns3:cad>
          </ns3:TrackPointExtension>
        </extensions>
      </trkpt>
      <trkpt lat="31.02174642495810985565185546875" lon="121.42917104065418243408203125">
        <ele>4.599999904632568359375</ele>
        <time>2026-05-11T13:03:15.000Z</time>
        <extensions>
          <ns3:TrackPointExtension>
            <ns3:hr>142</ns3:hr>
            <ns3:cad>82</ns3:cad>
          </ns3:TrackPointExtension>
        </extensions>
      </trkpt>
      <trkpt lat="31.0217553935945034027099609375" lon="121.429194174706935882568359375">
        <ele>4.599999904632568359375</ele>
        <time>2026-05-11T13:03:16.000Z</time>
        <extensions>
          <ns3:TrackPointExtension>
            <ns3:hr>143</ns3:hr>
            <ns3:cad>82</ns3:cad>
          </ns3:TrackPointExtension>
        </extensions>
      </trkpt>
      <trkpt lat="31.021764278411865234375" lon="121.4292235113680362701416015625">
        <ele>4.400000095367431640625</ele>
        <time>2026-05-11T13:03:17.000Z</time>
        <extensions>
          <ns3:TrackPointExtension>
            <ns3:hr>143</ns3:hr>
            <ns3:cad>82</ns3:cad>
          </ns3:TrackPointExtension>
        </extensions>
      </trkpt>
      <trkpt lat="31.02177207358181476593017578125" lon="121.42925293184816837310791015625">
        <ele>4.400000095367431640625</ele>
        <time>2026-05-11T13:03:18.000Z</time>
        <extensions>
          <ns3:TrackPointExtension>
            <ns3:hr>142</ns3:hr>
            <ns3:cad>82</ns3:cad>
          </ns3:TrackPointExtension>
        </extensions>
      </trkpt>
      <trkpt lat="31.02178783155977725982666015625" lon="121.4292751438915729522705078125">
        <ele>4.400000095367431640625</ele>
        <time>2026-05-11T13:03:19.000Z</time>
        <extensions>
          <ns3:TrackPointExtension>
            <ns3:hr>142</ns3:hr>
            <ns3:cad>82</ns3:cad>
          </ns3:TrackPointExtension>
        </extensions>
      </trkpt>
      <trkpt lat="31.0217993147671222686767578125" lon="121.42930489964783191680908203125">
        <ele>4.400000095367431640625</ele>
        <time>2026-05-11T13:03:20.000Z</time>
        <extensions>
          <ns3:TrackPointExtension>
            <ns3:hr>142</ns3:hr>
            <ns3:cad>82</ns3:cad>
          </ns3:TrackPointExtension>
        </extensions>
      </trkpt>
      <trkpt lat="31.02181331254541873931884765625" lon="121.42932233400642871856689453125">
        <ele>4.400000095367431640625</ele>
        <time>2026-05-11T13:03:21.000Z</time>
        <extensions>
          <ns3:TrackPointExtension>
            <ns3:hr>143</ns3:hr>
            <ns3:cad>83</ns3:cad>
          </ns3:TrackPointExtension>
        </extensions>
      </trkpt>
      <trkpt lat="31.02183066308498382568359375" lon="121.42934462986886501312255859375">
        <ele>4.400000095367431640625</ele>
        <time>2026-05-11T13:03:22.000Z</time>
        <extensions>
          <ns3:TrackPointExtension>
            <ns3:hr>143</ns3:hr>
            <ns3:cad>84</ns3:cad>
          </ns3:TrackPointExtension>
        </extensions>
      </trkpt>
      <trkpt lat="31.0218472592532634735107421875" lon="121.4293676801025867462158203125">
        <ele>4.400000095367431640625</ele>
        <time>2026-05-11T13:03:23.000Z</time>
        <extensions>
          <ns3:TrackPointExtension>
            <ns3:hr>143</ns3:hr>
            <ns3:cad>84</ns3:cad>
          </ns3:TrackPointExtension>
        </extensions>
      </trkpt>
      <trkpt lat="31.02186829783022403717041015625" lon="121.42938385717570781707763671875">
        <ele>4.400000095367431640625</ele>
        <time>2026-05-11T13:03:24.000Z</time>
        <extensions>
          <ns3:TrackPointExtension>
            <ns3:hr>142</ns3:hr>
            <ns3:cad>84</ns3:cad>
          </ns3:TrackPointExtension>
        </extensions>
      </trkpt>
      <trkpt lat="31.02189109660685062408447265625" lon="121.42940866760909557342529296875">
        <ele>4.400000095367431640625</ele>
        <time>2026-05-11T13:03:25.000Z</time>
        <extensions>
          <ns3:TrackPointExtension>
            <ns3:hr>143</ns3:hr>
            <ns3:cad>84</ns3:cad>
          </ns3:TrackPointExtension>
        </extensions>
      </trkpt>
      <trkpt lat="31.02191054262220859527587890625" lon="121.42942124046385288238525390625">
        <ele>4.400000095367431640625</ele>
        <time>2026-05-11T13:03:26.000Z</time>
        <extensions>
          <ns3:TrackPointExtension>
            <ns3:hr>144</ns3:hr>
            <ns3:cad>83</ns3:cad>
          </ns3:TrackPointExtension>
        </extensions>
      </trkpt>
      <trkpt lat="31.0219371132552623748779296875" lon="121.42943389713764190673828125">
        <ele>4.400000095367431640625</ele>
        <time>2026-05-11T13:03:27.000Z</time>
        <extensions>
          <ns3:TrackPointExtension>
            <ns3:hr>144</ns3:hr>
            <ns3:cad>83</ns3:cad>
          </ns3:TrackPointExtension>
        </extensions>
      </trkpt>
      <trkpt lat="31.0219592414796352386474609375" lon="121.4294494874775409698486328125">
        <ele>4.400000095367431640625</ele>
        <time>2026-05-11T13:03:28.000Z</time>
        <extensions>
          <ns3:TrackPointExtension>
            <ns3:hr>144</ns3:hr>
            <ns3:cad>83</ns3:cad>
          </ns3:TrackPointExtension>
        </extensions>
      </trkpt>
      <trkpt lat="31.02198212407529354095458984375" lon="121.42945761792361736297607421875">
        <ele>4.400000095367431640625</ele>
        <time>2026-05-11T13:03:29.000Z</time>
        <extensions>
          <ns3:TrackPointExtension>
            <ns3:hr>144</ns3:hr>
            <ns3:cad>84</ns3:cad>
          </ns3:TrackPointExtension>
        </extensions>
      </trkpt>
      <trkpt lat="31.022008024156093597412109375" lon="121.4294706098735332489013671875">
        <ele>4.400000095367431640625</ele>
        <time>2026-05-11T13:03:30.000Z</time>
        <extensions>
          <ns3:TrackPointExtension>
            <ns3:hr>144</ns3:hr>
            <ns3:cad>83</ns3:cad>
          </ns3:TrackPointExtension>
        </extensions>
      </trkpt>
      <trkpt lat="31.02203023619949817657470703125" lon="121.42947270534932613372802734375">
        <ele>4.400000095367431640625</ele>
        <time>2026-05-11T13:03:31.000Z</time>
        <extensions>
          <ns3:TrackPointExtension>
            <ns3:hr>144</ns3:hr>
            <ns3:cad>83</ns3:cad>
          </ns3:TrackPointExtension>
        </extensions>
      </trkpt>
      <trkpt lat="31.0220568068325519561767578125" lon="121.4294763095676898956298828125">
        <ele>4.400000095367431640625</ele>
        <time>2026-05-11T13:03:32.000Z</time>
        <extensions>
          <ns3:TrackPointExtension>
            <ns3:hr>144</ns3:hr>
            <ns3:cad>83</ns3:cad>
          </ns3:TrackPointExtension>
        </extensions>
      </trkpt>
      <trkpt lat="31.022085808217525482177734375" lon="121.42948091961443424224853515625">
        <ele>4.400000095367431640625</ele>
        <time>2026-05-11T13:03:33.000Z</time>
        <extensions>
          <ns3:TrackPointExtension>
            <ns3:hr>144</ns3:hr>
            <ns3:cad>83</ns3:cad>
          </ns3:TrackPointExtension>
        </extensions>
      </trkpt>
      <trkpt lat="31.02210517041385173797607421875" lon="121.42947572283446788787841796875">
        <ele>4.400000095367431640625</ele>
        <time>2026-05-11T13:03:34.000Z</time>
        <extensions>
          <ns3:TrackPointExtension>
            <ns3:hr>145</ns3:hr>
            <ns3:cad>83</ns3:cad>
          </ns3:TrackPointExtension>
        </extensions>
      </trkpt>
      <trkpt lat="31.02213433943688869476318359375" lon="121.42947304062545299530029296875">
        <ele>4.19999980926513671875</ele>
        <time>2026-05-11T13:03:35.000Z</time>
        <extensions>
          <ns3:TrackPointExtension>
            <ns3:hr>144</ns3:hr>
            <ns3:cad>83</ns3:cad>
          </ns3:TrackPointExtension>
        </extensions>
      </trkpt>
      <trkpt lat="31.022158898413181304931640625" lon="121.42946784384548664093017578125">
        <ele>4.19999980926513671875</ele>
        <time>2026-05-11T13:03:36.000Z</time>
        <extensions>
          <ns3:TrackPointExtension>
            <ns3:hr>144</ns3:hr>
            <ns3:cad>83</ns3:cad>
          </ns3:TrackPointExtension>
        </extensions>
      </trkpt>
      <trkpt lat="31.022184379398822784423828125" lon="121.42946180887520313262939453125">
        <ele>4.19999980926513671875</ele>
        <time>2026-05-11T13:03:37.000Z</time>
        <extensions>
          <ns3:TrackPointExtension>
            <ns3:hr>144</ns3:hr>
            <ns3:cad>83</ns3:cad>
          </ns3:TrackPointExtension>
        </extensions>
      </trkpt>
      <trkpt lat="31.02221019566059112548828125" lon="121.42945979721844196319580078125">
        <ele>4.19999980926513671875</ele>
        <time>2026-05-11T13:03:38.000Z</time>
        <extensions>
          <ns3:TrackPointExtension>
            <ns3:hr>144</ns3:hr>
            <ns3:cad>83</ns3:cad>
          </ns3:TrackPointExtension>
        </extensions>
      </trkpt>
      <trkpt lat="31.0222328267991542816162109375" lon="121.42945024184882640838623046875">
        <ele>4.19999980926513671875</ele>
        <time>2026-05-11T13:03:39.000Z</time>
        <extensions>
          <ns3:TrackPointExtension>
            <ns3:hr>145</ns3:hr>
            <ns3:cad>83</ns3:cad>
          </ns3:TrackPointExtension>
        </extensions>
      </trkpt>
      <trkpt lat="31.02226258255541324615478515625" lon="121.4294427819550037384033203125">
        <ele>4.19999980926513671875</ele>
        <time>2026-05-11T13:03:40.000Z</time>
        <extensions>
          <ns3:TrackPointExtension>
            <ns3:hr>145</ns3:hr>
            <ns3:cad>83</ns3:cad>
          </ns3:TrackPointExtension>
        </extensions>
      </trkpt>
      <trkpt lat="31.0222854651510715484619140625" lon="121.429440937936305999755859375">
        <ele>4.19999980926513671875</ele>
        <time>2026-05-11T13:03:41.000Z</time>
        <extensions>
          <ns3:TrackPointExtension>
            <ns3:hr>145</ns3:hr>
            <ns3:cad>83</ns3:cad>
          </ns3:TrackPointExtension>
        </extensions>
      </trkpt>
      <trkpt lat="31.02231002412736415863037109375" lon="121.42943565733730792999267578125">
        <ele>4.19999980926513671875</ele>
        <time>2026-05-11T13:03:42.000Z</time>
        <extensions>
          <ns3:TrackPointExtension>
            <ns3:hr>145</ns3:hr>
            <ns3:cad>84</ns3:cad>
          </ns3:TrackPointExtension>
        </extensions>
      </trkpt>
      <trkpt lat="31.02233718149363994598388671875" lon="121.42942987382411956787109375">
        <ele>4.19999980926513671875</ele>
        <time>2026-05-11T13:03:43.000Z</time>
        <extensions>
          <ns3:TrackPointExtension>
            <ns3:hr>146</ns3:hr>
            <ns3:cad>84</ns3:cad>
          </ns3:TrackPointExtension>
        </extensions>
      </trkpt>
      <trkpt lat="31.0223605670034885406494140625" lon="121.429423503577709197998046875">
        <ele>4.19999980926513671875</ele>
        <time>2026-05-11T13:03:44.000Z</time>
        <extensions>
          <ns3:TrackPointExtension>
            <ns3:hr>146</ns3:hr>
            <ns3:cad>84</ns3:cad>
          </ns3:TrackPointExtension>
        </extensions>
      </trkpt>
      <trkpt lat="31.02238730527460575103759765625" lon="121.42941956408321857452392578125">
        <ele>4.19999980926513671875</ele>
        <time>2026-05-11T13:03:45.000Z</time>
        <extensions>
          <ns3:TrackPointExtension>
            <ns3:hr>146</ns3:hr>
            <ns3:cad>85</ns3:cad>
          </ns3:TrackPointExtension>
        </extensions>
      </trkpt>
      <trkpt lat="31.0224158875644207000732421875" lon="121.4294149540364742279052734375">
        <ele>4.19999980926513671875</ele>
        <time>2026-05-11T13:03:46.000Z</time>
        <extensions>
          <ns3:TrackPointExtension>
            <ns3:hr>146</ns3:hr>
            <ns3:cad>84</ns3:cad>
          </ns3:TrackPointExtension>
        </extensions>
      </trkpt>
      <trkpt lat="31.022442877292633056640625" lon="121.4294069074094295501708984375">
        <ele>4.19999980926513671875</ele>
        <time>2026-05-11T13:03:47.000Z</time>
        <extensions>
          <ns3:TrackPointExtension>
            <ns3:hr>147</ns3:hr>
            <ns3:cad>84</ns3:cad>
          </ns3:TrackPointExtension>
        </extensions>
      </trkpt>
      <trkpt lat="31.02246961556375026702880859375" lon="121.42940212972462177276611328125">
        <ele>4.19999980926513671875</ele>
        <time>2026-05-11T13:03:48.000Z</time>
        <extensions>
          <ns3:TrackPointExtension>
            <ns3:hr>147</ns3:hr>
            <ns3:cad>84</ns3:cad>
          </ns3:TrackPointExtension>
        </extensions>
      </trkpt>
      <trkpt lat="31.02249274961650371551513671875" lon="121.42939324490725994110107421875">
        <ele>4.19999980926513671875</ele>
        <time>2026-05-11T13:03:49.000Z</time>
        <extensions>
          <ns3:TrackPointExtension>
            <ns3:hr>147</ns3:hr>
            <ns3:cad>83</ns3:cad>
          </ns3:TrackPointExtension>
        </extensions>
      </trkpt>
      <trkpt lat="31.0225178115069866180419921875" lon="121.42938637174665927886962890625">
        <ele>4.19999980926513671875</ele>
        <time>2026-05-11T13:03:50.000Z</time>
        <extensions>
          <ns3:TrackPointExtension>
            <ns3:hr>147</ns3:hr>
            <ns3:cad>83</ns3:cad>
          </ns3:TrackPointExtension>
        </extensions>
      </trkpt>
      <trkpt lat="31.022544801235198974609375" lon="121.4293820969760417938232421875">
        <ele>4.19999980926513671875</ele>
        <time>2026-05-11T13:03:51.000Z</time>
        <extensions>
          <ns3:TrackPointExtension>
            <ns3:hr>147</ns3:hr>
            <ns3:cad>84</ns3:cad>
          </ns3:TrackPointExtension>
        </extensions>
      </trkpt>
      <trkpt lat="31.02256868965923786163330078125" lon="121.42937497235834598541259765625">
        <ele>4.19999980926513671875</ele>
        <time>2026-05-11T13:03:52.000Z</time>
        <extensions>
          <ns3:TrackPointExtension>
            <ns3:hr>147</ns3:hr>
            <ns3:cad>84</ns3:cad>
          </ns3:TrackPointExtension>
        </extensions>
      </trkpt>
      <trkpt lat="31.0225992836058139801025390625" lon="121.42937354743480682373046875">
        <ele>4.19999980926513671875</ele>
        <time>2026-05-11T13:03:53.000Z</time>
        <extensions>
          <ns3:TrackPointExtension>
            <ns3:hr>147</ns3:hr>
            <ns3:cad>84</ns3:cad>
          </ns3:TrackPointExtension>
        </extensions>
      </trkpt>
      <trkpt lat="31.0226200707256793975830078125" lon="121.42936776392161846160888671875">
        <ele>4.19999980926513671875</ele>
        <time>2026-05-11T13:03:54.000Z</time>
        <extensions>
          <ns3:TrackPointExtension>
            <ns3:hr>147</ns3:hr>
            <ns3:cad>83</ns3:cad>
          </ns3:TrackPointExtension>
        </extensions>
      </trkpt>
      <trkpt lat="31.02264295332133769989013671875" lon="121.42935854382812976837158203125">
        <ele>4.19999980926513671875</ele>
        <time>2026-05-11T13:03:55.000Z</time>
        <extensions>
          <ns3:TrackPointExtension>
            <ns3:hr>147</ns3:hr>
            <ns3:cad>83</ns3:cad>
          </ns3:TrackPointExtension>
        </extensions>
      </trkpt>
      <trkpt lat="31.02267111651599407196044921875" lon="121.42935334704816341400146484375">
        <ele>4.19999980926513671875</ele>
        <time>2026-05-11T13:03:56.000Z</time>
        <extensions>
          <ns3:TrackPointExtension>
            <ns3:hr>148</ns3:hr>
            <ns3:cad>83</ns3:cad>
          </ns3:TrackPointExtension>
        </extensions>
      </trkpt>
      <trkpt lat="31.0226928256452083587646484375" lon="121.42934496514499187469482421875">
        <ele>4.19999980926513671875</ele>
        <time>2026-05-11T13:03:57.000Z</time>
        <extensions>
          <ns3:TrackPointExtension>
            <ns3:hr>148</ns3:hr>
            <ns3:cad>83</ns3:cad>
          </ns3:TrackPointExtension>
        </extensions>
      </trkpt>
      <trkpt lat="31.0227231681346893310546875" lon="121.4293432049453258514404296875">
        <ele>4.19999980926513671875</ele>
        <time>2026-05-11T13:03:58.000Z</time>
        <extensions>
          <ns3:TrackPointExtension>
            <ns3:hr>148</ns3:hr>
            <ns3:cad>83</ns3:cad>
          </ns3:TrackPointExtension>
        </extensions>
      </trkpt>
      <trkpt lat="31.02274303324520587921142578125" lon="121.4293354935944080352783203125">
        <ele>4.19999980926513671875</ele>
        <time>2026-05-11T13:03:59.000Z</time>
        <extensions>
          <ns3:TrackPointExtension>
            <ns3:hr>148</ns3:hr>
            <ns3:cad>83</ns3:cad>
          </ns3:TrackPointExtension>
        </extensions>
      </trkpt>
      <trkpt lat="31.0227679274976253509521484375" lon="121.42932954244315624237060546875">
        <ele>4.19999980926513671875</ele>
        <time>2026-05-11T13:04:00.000Z</time>
        <extensions>
          <ns3:TrackPointExtension>
            <ns3:hr>149</ns3:hr>
            <ns3:cad>83</ns3:cad>
          </ns3:TrackPointExtension>
        </extensions>
      </trkpt>
      <trkpt lat="31.0227903909981250762939453125" lon="121.42932903952896595001220703125">
        <ele>4.19999980926513671875</ele>
        <time>2026-05-11T13:04:01.000Z</time>
        <extensions>
          <ns3:TrackPointExtension>
            <ns3:hr>149</ns3:hr>
            <ns3:cad>84</ns3:cad>
          </ns3:TrackPointExtension>
        </extensions>
      </trkpt>
      <trkpt lat="31.022810675203800201416015625" lon="121.4293220825493335723876953125">
        <ele>4.19999980926513671875</ele>
        <time>2026-05-11T13:04:02.000Z</time>
        <extensions>
          <ns3:TrackPointExtension>
            <ns3:hr>149</ns3:hr>
            <ns3:cad>83</ns3:cad>
          </ns3:TrackPointExtension>
        </extensions>
      </trkpt>
      <trkpt lat="31.02283506654202938079833984375" lon="121.42931495793163776397705078125">
        <ele>4.19999980926513671875</ele>
        <time>2026-05-11T13:04:03.000Z</time>
        <extensions>
          <ns3:TrackPointExtension>
            <ns3:hr>150</ns3:hr>
            <ns3:cad>83</ns3:cad>
          </ns3:TrackPointExtension>
        </extensions>
      </trkpt>
      <trkpt lat="31.022854931652545928955078125" lon="121.4293085038661956787109375">
        <ele>4.19999980926513671875</ele>
        <time>2026-05-11T13:04:04.000Z</time>
        <extensions>
          <ns3:TrackPointExtension>
            <ns3:hr>150</ns3:hr>
            <ns3:cad>83</ns3:cad>
          </ns3:TrackPointExtension>
        </extensions>
      </trkpt>
      <trkpt lat="31.02287731133401393890380859375" lon="121.4293002896010875701904296875">
        <ele>4.19999980926513671875</ele>
        <time>2026-05-11T13:04:05.000Z</time>
        <extensions>
          <ns3:TrackPointExtension>
            <ns3:hr>150</ns3:hr>
            <ns3:cad>82</ns3:cad>
          </ns3:TrackPointExtension>
        </extensions>
      </trkpt>
      <trkpt lat="31.0229060612618923187255859375" lon="121.4292991161346435546875">
        <ele>4.19999980926513671875</ele>
        <time>2026-05-11T13:04:06.000Z</time>
        <extensions>
          <ns3:TrackPointExtension>
            <ns3:hr>150</ns3:hr>
            <ns3:cad>82</ns3:cad>
          </ns3:TrackPointExtension>
        </extensions>
      </trkpt>
      <trkpt lat="31.0229261778295040130615234375" lon="121.42929098568856716156005859375">
        <ele>4.19999980926513671875</ele>
        <time>2026-05-11T13:04:07.000Z</time>
        <extensions>
          <ns3:TrackPointExtension>
            <ns3:hr>150</ns3:hr>
            <ns3:cad>82</ns3:cad>
          </ns3:TrackPointExtension>
        </extensions>
      </trkpt>
      <trkpt lat="31.02295107208192348480224609375" lon="121.42927841283380985260009765625">
        <ele>4.19999980926513671875</ele>
        <time>2026-05-11T13:04:08.000Z</time>
        <extensions>
          <ns3:TrackPointExtension>
            <ns3:hr>150</ns3:hr>
            <ns3:cad>82</ns3:cad>
          </ns3:TrackPointExtension>
        </extensions>
      </trkpt>
      <trkpt lat="31.02297051809728145599365234375" lon="121.4292664267122745513916015625">
        <ele>4.19999980926513671875</ele>
        <time>2026-05-11T13:04:09.000Z</time>
        <extensions>
          <ns3:TrackPointExtension>
            <ns3:hr>150</ns3:hr>
            <ns3:cad>84</ns3:cad>
          </ns3:TrackPointExtension>
        </extensions>
      </trkpt>
      <trkpt lat="31.022988371551036834716796875" lon="121.42925284802913665771484375">
        <ele>4</ele>
        <time>2026-05-11T13:04:10.000Z</time>
        <extensions>
          <ns3:TrackPointExtension>
            <ns3:hr>150</ns3:hr>
            <ns3:cad>84</ns3:cad>
          </ns3:TrackPointExtension>
        </extensions>
      </trkpt>
      <trkpt lat="31.023009829223155975341796875" lon="121.42924203537404537200927734375">
        <ele>4</ele>
        <time>2026-05-11T13:04:11.000Z</time>
        <extensions>
          <ns3:TrackPointExtension>
            <ns3:hr>150</ns3:hr>
            <ns3:cad>84</ns3:cad>
          </ns3:TrackPointExtension>
        </extensions>
      </trkpt>
      <trkpt lat="31.02302432991564273834228515625" lon="121.429231725633144378662109375">
        <ele>4</ele>
        <time>2026-05-11T13:04:12.000Z</time>
        <extensions>
          <ns3:TrackPointExtension>
            <ns3:hr>150</ns3:hr>
            <ns3:cad>84</ns3:cad>
          </ns3:TrackPointExtension>
        </extensions>
      </trkpt>
      <trkpt lat="31.0230450332164764404296875" lon="121.4292171411216259002685546875">
        <ele>4</ele>
        <time>2026-05-11T13:04:13.000Z</time>
        <extensions>
          <ns3:TrackPointExtension>
            <ns3:hr>150</ns3:hr>
            <ns3:cad>83</ns3:cad>
          </ns3:TrackPointExtension>
        </extensions>
      </trkpt>
      <trkpt lat="31.0230626352131366729736328125" lon="121.42920247279107570648193359375">
        <ele>4</ele>
        <time>2026-05-11T13:04:14.000Z</time>
        <extensions>
          <ns3:TrackPointExtension>
            <ns3:hr>149</ns3:hr>
            <ns3:cad>83</ns3:cad>
          </ns3:TrackPointExtension>
        </extensions>
      </trkpt>
      <trkpt lat="31.023076884448528289794921875" lon="121.42918889410793781280517578125">
        <ele>4</ele>
        <time>2026-05-11T13:04:15.000Z</time>
        <extensions>
          <ns3:TrackPointExtension>
            <ns3:hr>149</ns3:hr>
            <ns3:cad>83</ns3:cad>
          </ns3:TrackPointExtension>
        </extensions>
      </trkpt>
      <trkpt lat="31.02309658192098140716552734375" lon="121.42916961573064327239990234375">
        <ele>4</ele>
        <time>2026-05-11T13:04:16.000Z</time>
        <extensions>
          <ns3:TrackPointExtension>
            <ns3:hr>148</ns3:hr>
            <ns3:cad>83</ns3:cad>
          </ns3:TrackPointExtension>
        </extensions>
      </trkpt>
      <trkpt lat="31.0231068916618824005126953125" lon="121.42915360629558563232421875">
        <ele>4</ele>
        <time>2026-05-11T13:04:17.000Z</time>
        <extensions>
          <ns3:TrackPointExtension>
            <ns3:hr>147</ns3:hr>
            <ns3:cad>83</ns3:cad>
          </ns3:TrackPointExtension>
        </extensions>
      </trkpt>
      <trkpt lat="31.0231203027069568634033203125" lon="121.42913340590894222259521484375">
        <ele>4</ele>
        <time>2026-05-11T13:04:18.000Z</time>
        <extensions>
          <ns3:TrackPointExtension>
            <ns3:hr>146</ns3:hr>
            <ns3:cad>82</ns3:cad>
          </ns3:TrackPointExtension>
        </extensions>
      </trkpt>
      <trkpt lat="31.02313329465687274932861328125" lon="121.42911446280777454376220703125">
        <ele>4</ele>
        <time>2026-05-11T13:04:19.000Z</time>
        <extensions>
          <ns3:TrackPointExtension>
            <ns3:hr>146</ns3:hr>
            <ns3:cad>82</ns3:cad>
          </ns3:TrackPointExtension>
        </extensions>
      </trkpt>
      <trkpt lat="31.0231397487223148345947265625" lon="121.429094932973384857177734375">
        <ele>4</ele>
        <time>2026-05-11T13:04:20.000Z</time>
        <extensions>
          <ns3:TrackPointExtension>
            <ns3:hr>146</ns3:hr>
            <ns3:cad>82</ns3:cad>
          </ns3:TrackPointExtension>
        </extensions>
      </trkpt>
      <trkpt lat="31.02315626107156276702880859375" lon="121.42907339148223400115966796875">
        <ele>4</ele>
        <time>2026-05-11T13:04:21.000Z</time>
        <extensions>
          <ns3:TrackPointExtension>
            <ns3:hr>145</ns3:hr>
            <ns3:cad>84</ns3:cad>
          </ns3:TrackPointExtension>
        </extensions>
      </trkpt>
      <trkpt lat="31.023166067898273468017578125" lon="121.42904723994433879852294921875">
        <ele>3.7999999523162841796875</ele>
        <time>2026-05-11T13:04:22.000Z</time>
        <extensions>
          <ns3:TrackPointExtension>
            <ns3:hr>145</ns3:hr>
            <ns3:cad>84</ns3:cad>
          </ns3:TrackPointExtension>
        </extensions>
      </trkpt>
      <trkpt lat="31.02317444980144500732421875" lon="121.42902360297739505767822265625">
        <ele>3.7999999523162841796875</ele>
        <time>2026-05-11T13:04:23.000Z</time>
        <extensions>
          <ns3:TrackPointExtension>
            <ns3:hr>145</ns3:hr>
            <ns3:cad>83</ns3:cad>
          </ns3:TrackPointExtension>
        </extensions>
      </trkpt>
      <trkpt lat="31.02318693883717060089111328125" lon="121.4290025644004344940185546875">
        <ele>4</ele>
        <time>2026-05-11T13:04:24.000Z</time>
        <extensions>
          <ns3:TrackPointExtension>
            <ns3:hr>144</ns3:hr>
            <ns3:cad>83</ns3:cad>
          </ns3:TrackPointExtension>
        </extensions>
      </trkpt>
      <trkpt lat="31.023192889988422393798828125" lon="121.42897934652864933013916015625">
        <ele>4</ele>
        <time>2026-05-11T13:04:25.000Z</time>
        <extensions>
          <ns3:TrackPointExtension>
            <ns3:hr>144</ns3:hr>
            <ns3:cad>83</ns3:cad>
          </ns3:TrackPointExtension>
        </extensions>
      </trkpt>
      <trkpt lat="31.02319900877773761749267578125" lon="121.42895554192364215850830078125">
        <ele>4</ele>
        <time>2026-05-11T13:04:26.000Z</time>
        <extensions>
          <ns3:TrackPointExtension>
            <ns3:hr>144</ns3:hr>
            <ns3:cad>84</ns3:cad>
          </ns3:TrackPointExtension>
        </extensions>
      </trkpt>
      <trkpt lat="31.02320202626287937164306640625" lon="121.42893500626087188720703125">
        <ele>4</ele>
        <time>2026-05-11T13:04:27.000Z</time>
        <extensions>
          <ns3:TrackPointExtension>
            <ns3:hr>144</ns3:hr>
            <ns3:cad>84</ns3:cad>
          </ns3:TrackPointExtension>
        </extensions>
      </trkpt>
      <trkpt lat="31.0232041217386722564697265625" lon="121.4289140515029430389404296875">
        <ele>4</ele>
        <time>2026-05-11T13:04:28.000Z</time>
        <extensions>
          <ns3:TrackPointExtension>
            <ns3:hr>144</ns3:hr>
            <ns3:cad>84</ns3:cad>
          </ns3:TrackPointExtension>
        </extensions>
      </trkpt>
      <trkpt lat="31.02320395410060882568359375" lon="121.4288889057934284210205078125">
        <ele>3.7999999523162841796875</ele>
        <time>2026-05-11T13:04:29.000Z</time>
        <extensions>
          <ns3:TrackPointExtension>
            <ns3:hr>144</ns3:hr>
            <ns3:cad>83</ns3:cad>
          </ns3:TrackPointExtension>
        </extensions>
      </trkpt>
      <trkpt lat="31.023205630481243133544921875" lon="121.42886669375002384185791015625">
        <ele>3.7999999523162841796875</ele>
        <time>2026-05-11T13:04:30.000Z</time>
        <extensions>
          <ns3:TrackPointExtension>
            <ns3:hr>143</ns3:hr>
            <ns3:cad>82</ns3:cad>
          </ns3:TrackPointExtension>
        </extensions>
      </trkpt>
      <trkpt lat="31.02319967932999134063720703125" lon="121.42884775064885616302490234375">
        <ele>3.7999999523162841796875</ele>
        <time>2026-05-11T13:04:31.000Z</time>
        <extensions>
          <ns3:TrackPointExtension>
            <ns3:hr>144</ns3:hr>
            <ns3:cad>80</ns3:cad>
          </ns3:TrackPointExtension>
        </extensions>
      </trkpt>
      <trkpt lat="31.0232007689774036407470703125" lon="121.42882143147289752960205078125">
        <ele>4</ele>
        <time>2026-05-11T13:04:32.000Z</time>
        <extensions>
          <ns3:TrackPointExtension>
            <ns3:hr>143</ns3:hr>
            <ns3:cad>80</ns3:cad>
          </ns3:TrackPointExtension>
        </extensions>
      </trkpt>
      <trkpt lat="31.0231987573206424713134765625" lon="121.42879863269627094268798828125">
        <ele>4</ele>
        <time>2026-05-11T13:04:33.000Z</time>
        <extensions>
          <ns3:TrackPointExtension>
            <ns3:hr>143</ns3:hr>
            <ns3:cad>81</ns3:cad>
          </ns3:TrackPointExtension>
        </extensions>
      </trkpt>
      <trkpt lat="31.0231933929026126861572265625" lon="121.42877063713967800140380859375">
        <ele>4</ele>
        <time>2026-05-11T13:04:34.000Z</time>
        <extensions>
          <ns3:TrackPointExtension>
            <ns3:hr>144</ns3:hr>
            <ns3:cad>81</ns3:cad>
          </ns3:TrackPointExtension>
        </extensions>
      </trkpt>
      <trkpt lat="31.0231880284845829010009765625" lon="121.42874817363917827606201171875">
        <ele>4</ele>
        <time>2026-05-11T13:04:35.000Z</time>
        <extensions>
          <ns3:TrackPointExtension>
            <ns3:hr>144</ns3:hr>
            <ns3:cad>81</ns3:cad>
          </ns3:TrackPointExtension>
        </extensions>
      </trkpt>
      <trkpt lat="31.02318224497139453887939453125" lon="121.42872872762382030487060546875">
        <ele>4</ele>
        <time>2026-05-11T13:04:36.000Z</time>
        <extensions>
          <ns3:TrackPointExtension>
            <ns3:hr>144</ns3:hr>
            <ns3:cad>81</ns3:cad>
          </ns3:TrackPointExtension>
        </extensions>
      </trkpt>
      <trkpt lat="31.02317285723984241485595703125" lon="121.4287061803042888641357421875">
        <ele>4</ele>
        <time>2026-05-11T13:04:37.000Z</time>
        <extensions>
          <ns3:TrackPointExtension>
            <ns3:hr>143</ns3:hr>
            <ns3:cad>82</ns3:cad>
          </ns3:TrackPointExtension>
        </extensions>
      </trkpt>
      <trkpt lat="31.0231648944318294525146484375" lon="121.42868530936539173126220703125">
        <ele>4</ele>
        <time>2026-05-11T13:04:38.000Z</time>
        <extensions>
          <ns3:TrackPointExtension>
            <ns3:hr>144</ns3:hr>
            <ns3:cad>82</ns3:cad>
          </ns3:TrackPointExtension>
        </extensions>
      </trkpt>
      <trkpt lat="31.0231548361480236053466796875" lon="121.4286669529974460601806640625">
        <ele>4</ele>
        <time>2026-05-11T13:04:39.000Z</time>
        <extensions>
          <ns3:TrackPointExtension>
            <ns3:hr>144</ns3:hr>
            <ns3:cad>82</ns3:cad>
          </ns3:TrackPointExtension>
        </extensions>
      </trkpt>
      <trkpt lat="31.02314569987356662750244140625" lon="121.42864189110696315765380859375">
        <ele>3.7999999523162841796875</ele>
        <time>2026-05-11T13:04:40.000Z</time>
        <extensions>
          <ns3:TrackPointExtension>
            <ns3:hr>144</ns3:hr>
            <ns3:cad>82</ns3:cad>
          </ns3:TrackPointExtension>
        </extensions>
      </trkpt>
      <trkpt lat="31.02313295938074588775634765625" lon="121.4286260493099689483642578125">
        <ele>3.7999999523162841796875</ele>
        <time>2026-05-11T13:04:41.000Z</time>
        <extensions>
          <ns3:TrackPointExtension>
            <ns3:hr>143</ns3:hr>
            <ns3:cad>82</ns3:cad>
          </ns3:TrackPointExtension>
        </extensions>
      </trkpt>
      <trkpt lat="31.0231162793934345245361328125" lon="121.42860903404653072357177734375">
        <ele>3.7999999523162841796875</ele>
        <time>2026-05-11T13:04:42.000Z</time>
        <extensions>
          <ns3:TrackPointExtension>
            <ns3:hr>143</ns3:hr>
            <ns3:cad>82</ns3:cad>
          </ns3:TrackPointExtension>
        </extensions>
      </trkpt>
      <trkpt lat="31.0231021977961063385009765625" lon="121.4285895042121410369873046875">
        <ele>3.7999999523162841796875</ele>
        <time>2026-05-11T13:04:43.000Z</time>
        <extensions>
          <ns3:TrackPointExtension>
            <ns3:hr>143</ns3:hr>
            <ns3:cad>82</ns3:cad>
          </ns3:TrackPointExtension>
        </extensions>
      </trkpt>
      <trkpt lat="31.0230857692658901214599609375" lon="121.42857684753835201263427734375">
        <ele>3.7999999523162841796875</ele>
        <time>2026-05-11T13:04:44.000Z</time>
        <extensions>
          <ns3:TrackPointExtension>
            <ns3:hr>143</ns3:hr>
            <ns3:cad>82</ns3:cad>
          </ns3:TrackPointExtension>
        </extensions>
      </trkpt>
      <trkpt lat="31.02306992746889591217041015625" lon="121.428558826446533203125">
        <ele>3.7999999523162841796875</ele>
        <time>2026-05-11T13:04:45.000Z</time>
        <extensions>
          <ns3:TrackPointExtension>
            <ns3:hr>142</ns3:hr>
            <ns3:cad>83</ns3:cad>
          </ns3:TrackPointExtension>
        </extensions>
      </trkpt>
      <trkpt lat="31.02305534295737743377685546875" lon="121.4285455830395221710205078125">
        <ele>3.7999999523162841796875</ele>
        <time>2026-05-11T13:04:46.000Z</time>
        <extensions>
          <ns3:TrackPointExtension>
            <ns3:hr>142</ns3:hr>
            <ns3:cad>83</ns3:cad>
          </ns3:TrackPointExtension>
        </extensions>
      </trkpt>
      <trkpt lat="31.0230348072946071624755859375" lon="121.42852420918643474578857421875">
        <ele>3.7999999523162841796875</ele>
        <time>2026-05-11T13:04:47.000Z</time>
        <extensions>
          <ns3:TrackPointExtension>
            <ns3:hr>142</ns3:hr>
            <ns3:cad>83</ns3:cad>
          </ns3:TrackPointExtension>
        </extensions>
      </trkpt>
      <trkpt lat="31.023016534745693206787109375" lon="121.42850694246590137481689453125">
        <ele>3.7999999523162841796875</ele>
        <time>2026-05-11T13:04:48.000Z</time>
        <extensions>
          <ns3:TrackPointExtension>
            <ns3:hr>142</ns3:hr>
            <ns3:cad>83</ns3:cad>
          </ns3:TrackPointExtension>
        </extensions>
      </trkpt>
      <trkpt lat="31.0229982621967792510986328125" lon="121.4284989796578884124755859375">
        <ele>3.7999999523162841796875</ele>
        <time>2026-05-11T13:04:49.000Z</time>
        <extensions>
          <ns3:TrackPointExtension>
            <ns3:hr>143</ns3:hr>
            <ns3:cad>83</ns3:cad>
          </ns3:TrackPointExtension>
        </extensions>
      </trkpt>
      <trkpt lat="31.02297638542950153350830078125" lon="121.42848632298409938812255859375">
        <ele>4</ele>
        <time>2026-05-11T13:04:50.000Z</time>
        <extensions>
          <ns3:TrackPointExtension>
            <ns3:hr>142</ns3:hr>
            <ns3:cad>83</ns3:cad>
          </ns3:TrackPointExtension>
        </extensions>
      </trkpt>
      <trkpt lat="31.0229526646435260772705078125" lon="121.42847525887191295623779296875">
        <ele>4</ele>
        <time>2026-05-11T13:04:51.000Z</time>
        <extensions>
          <ns3:TrackPointExtension>
            <ns3:hr>142</ns3:hr>
            <ns3:cad>82</ns3:cad>
          </ns3:TrackPointExtension>
        </extensions>
      </trkpt>
      <trkpt lat="31.0229302011430263519287109375" lon="121.4284667931497097015380859375">
        <ele>4</ele>
        <time>2026-05-11T13:04:52.000Z</time>
        <extensions>
          <ns3:TrackPointExtension>
            <ns3:hr>142</ns3:hr>
            <ns3:cad>82</ns3:cad>
          </ns3:TrackPointExtension>
        </extensions>
      </trkpt>
      <trkpt lat="31.022902540862560272216796875" lon="121.4284537173807621002197265625">
        <ele>4</ele>
        <time>2026-05-11T13:04:53.000Z</time>
        <extensions>
          <ns3:TrackPointExtension>
            <ns3:hr>142</ns3:hr>
            <ns3:cad>82</ns3:cad>
          </ns3:TrackPointExtension>
        </extensions>
      </trkpt>
      <trkpt lat="31.0228799097239971160888671875" lon="121.42845220863819122314453125">
        <ele>4</ele>
        <time>2026-05-11T13:04:54.000Z</time>
        <extensions>
          <ns3:TrackPointExtension>
            <ns3:hr>142</ns3:hr>
            <ns3:cad>82</ns3:cad>
          </ns3:TrackPointExtension>
        </extensions>
      </trkpt>
      <trkpt lat="31.0228530876338481903076171875" lon="121.42844826914370059967041015625">
        <ele>4</ele>
        <time>2026-05-11T13:04:55.000Z</time>
        <extensions>
          <ns3:TrackPointExtension>
            <ns3:hr>143</ns3:hr>
            <ns3:cad>82</ns3:cad>
          </ns3:TrackPointExtension>
        </extensions>
      </trkpt>
      <trkpt lat="31.02282752282917499542236328125" lon="121.42844039015471935272216796875">
        <ele>3.7999999523162841796875</ele>
        <time>2026-05-11T13:04:56.000Z</time>
        <extensions>
          <ns3:TrackPointExtension>
            <ns3:hr>142</ns3:hr>
            <ns3:cad>82</ns3:cad>
          </ns3:TrackPointExtension>
        </extensions>
      </trkpt>
      <trkpt lat="31.0228089988231658935546875" lon="121.42844256944954395294189453125">
        <ele>3.7999999523162841796875</ele>
        <time>2026-05-11T13:04:57.000Z</time>
        <extensions>
          <ns3:TrackPointExtension>
            <ns3:hr>142</ns3:hr>
            <ns3:cad>82</ns3:cad>
          </ns3:TrackPointExtension>
        </extensions>
      </trkpt>
      <trkpt lat="31.02278192527592182159423828125" lon="121.428444497287273406982421875">
        <ele>3.599999904632568359375</ele>
        <time>2026-05-11T13:04:58.000Z</time>
        <extensions>
          <ns3:TrackPointExtension>
            <ns3:hr>143</ns3:hr>
            <ns3:cad>82</ns3:cad>
          </ns3:TrackPointExtension>
        </extensions>
      </trkpt>
      <trkpt lat="31.02275962941348552703857421875" lon="121.4284453354775905609130859375">
        <ele>3.599999904632568359375</ele>
        <time>2026-05-11T13:04:59.000Z</time>
        <extensions>
          <ns3:TrackPointExtension>
            <ns3:hr>142</ns3:hr>
            <ns3:cad>82</ns3:cad>
          </ns3:TrackPointExtension>
        </extensions>
      </trkpt>
      <trkpt lat="31.02273817174136638641357421875" lon="121.4284520410001277923583984375">
        <ele>3.599999904632568359375</ele>
        <time>2026-05-11T13:05:00.000Z</time>
        <extensions>
          <ns3:TrackPointExtension>
            <ns3:hr>142</ns3:hr>
            <ns3:cad>82</ns3:cad>
          </ns3:TrackPointExtension>
        </extensions>
      </trkpt>
      <trkpt lat="31.02271134965121746063232421875" lon="121.42845363356173038482666015625">
        <ele>3.7999999523162841796875</ele>
        <time>2026-05-11T13:05:01.000Z</time>
        <extensions>
          <ns3:TrackPointExtension>
            <ns3:hr>143</ns3:hr>
            <ns3:cad>82</ns3:cad>
          </ns3:TrackPointExtension>
        </extensions>
      </trkpt>
      <trkpt lat="31.0226938314735889434814453125" lon="121.42845933325588703155517578125">
        <ele>3.7999999523162841796875</ele>
        <time>2026-05-11T13:05:02.000Z</time>
        <extensions>
          <ns3:TrackPointExtension>
            <ns3:hr>142</ns3:hr>
            <ns3:cad>82</ns3:cad>
          </ns3:TrackPointExtension>
        </extensions>
      </trkpt>
      <trkpt lat="31.02267178706824779510498046875" lon="121.42846687696874141693115234375">
        <ele>4</ele>
        <time>2026-05-11T13:05:03.000Z</time>
        <extensions>
          <ns3:TrackPointExtension>
            <ns3:hr>142</ns3:hr>
            <ns3:cad>82</ns3:cad>
          </ns3:TrackPointExtension>
        </extensions>
      </trkpt>
      <trkpt lat="31.0226485691964626312255859375" lon="121.4284704811871051788330078125">
        <ele>4</ele>
        <time>2026-05-11T13:05:04.000Z</time>
        <extensions>
          <ns3:TrackPointExtension>
            <ns3:hr>143</ns3:hr>
            <ns3:cad>82</ns3:cad>
          </ns3:TrackPointExtension>
        </extensions>
      </trkpt>
      <trkpt lat="31.02262769825756549835205078125" lon="121.42847827635705471038818359375">
        <ele>4</ele>
        <time>2026-05-11T13:05:05.000Z</time>
        <extensions>
          <ns3:TrackPointExtension>
            <ns3:hr>142</ns3:hr>
            <ns3:cad>82</ns3:cad>
          </ns3:TrackPointExtension>
        </extensions>
      </trkpt>
      <trkpt lat="31.0226023010909557342529296875" lon="121.428482718765735626220703125">
        <ele>4</ele>
        <time>2026-05-11T13:05:06.000Z</time>
        <extensions>
          <ns3:TrackPointExtension>
            <ns3:hr>142</ns3:hr>
            <ns3:cad>83</ns3:cad>
          </ns3:TrackPointExtension>
        </extensions>
      </trkpt>
      <trkpt lat="31.02258411236107349395751953125" lon="121.4284882508218288421630859375">
        <ele>4</ele>
        <time>2026-05-11T13:05:07.000Z</time>
        <extensions>
          <ns3:TrackPointExtension>
            <ns3:hr>143</ns3:hr>
            <ns3:cad>83</ns3:cad>
          </ns3:TrackPointExtension>
        </extensions>
      </trkpt>
      <trkpt lat="31.0225702822208404541015625" lon="121.42850090749561786651611328125">
        <ele>4</ele>
        <time>2026-05-11T13:05:08.000Z</time>
        <extensions>
          <ns3:TrackPointExtension>
            <ns3:hr>142</ns3:hr>
            <ns3:cad>83</ns3:cad>
          </ns3:TrackPointExtension>
        </extensions>
      </trkpt>
      <trkpt lat="31.02254672907292842864990234375" lon="121.4285026676952838897705078125">
        <ele>4</ele>
        <time>2026-05-11T13:05:09.000Z</time>
        <extensions>
          <ns3:TrackPointExtension>
            <ns3:hr>141</ns3:hr>
            <ns3:cad>82</ns3:cad>
          </ns3:TrackPointExtension>
        </extensions>
      </trkpt>
      <trkpt lat="31.02253013290464878082275390625" lon="121.42850719392299652099609375">
        <ele>4</ele>
        <time>2026-05-11T13:05:10.000Z</time>
        <extensions>
          <ns3:TrackPointExtension>
            <ns3:hr>141</ns3:hr>
            <ns3:cad>81</ns3:cad>
          </ns3:TrackPointExtension>
        </extensions>
      </trkpt>
      <trkpt lat="31.02251135744154453277587890625" lon="121.42851532436907291412353515625">
        <ele>4</ele>
        <time>2026-05-11T13:05:11.000Z</time>
        <extensions>
          <ns3:TrackPointExtension>
            <ns3:hr>141</ns3:hr>
            <ns3:cad>81</ns3:cad>
          </ns3:TrackPointExtension>
        </extensions>
      </trkpt>
      <trkpt lat="31.0224886424839496612548828125" lon="121.42851800657808780670166015625">
        <ele>3.7999999523162841796875</ele>
        <time>2026-05-11T13:05:12.000Z</time>
        <extensions>
          <ns3:TrackPointExtension>
            <ns3:hr>141</ns3:hr>
            <ns3:cad>81</ns3:cad>
          </ns3:TrackPointExtension>
        </extensions>
      </trkpt>
      <trkpt lat="31.022474057972431182861328125" lon="121.42852789722383022308349609375">
        <ele>3.7999999523162841796875</ele>
        <time>2026-05-11T13:05:13.000Z</time>
        <extensions>
          <ns3:TrackPointExtension>
            <ns3:hr>142</ns3:hr>
            <ns3:cad>81</ns3:cad>
          </ns3:TrackPointExtension>
        </extensions>
      </trkpt>
      <trkpt lat="31.02245134301483631134033203125" lon="121.4285345189273357391357421875">
        <ele>3.7999999523162841796875</ele>
        <time>2026-05-11T13:05:14.000Z</time>
        <extensions>
          <ns3:TrackPointExtension>
            <ns3:hr>141</ns3:hr>
            <ns3:cad>82</ns3:cad>
          </ns3:TrackPointExtension>
        </extensions>
      </trkpt>
      <trkpt lat="31.0224309749901294708251953125" lon="121.428539715707302093505859375">
        <ele>4</ele>
        <time>2026-05-11T13:05:15.000Z</time>
        <extensions>
          <ns3:TrackPointExtension>
            <ns3:hr>141</ns3:hr>
            <ns3:cad>82</ns3:cad>
          </ns3:TrackPointExtension>
        </extensions>
      </trkpt>
      <trkpt lat="31.0224138759076595306396484375" lon="121.428549103438854217529296875">
        <ele>4</ele>
        <time>2026-05-11T13:05:16.000Z</time>
        <extensions>
          <ns3:TrackPointExtension>
            <ns3:hr>141</ns3:hr>
            <ns3:cad>82</ns3:cad>
          </ns3:TrackPointExtension>
        </extensions>
      </trkpt>
      <trkpt lat="31.022389233112335205078125" lon="121.42855413258075714111328125">
        <ele>4</ele>
        <time>2026-05-11T13:05:17.000Z</time>
        <extensions>
          <ns3:TrackPointExtension>
            <ns3:hr>142</ns3:hr>
            <ns3:cad>82</ns3:cad>
          </ns3:TrackPointExtension>
        </extensions>
      </trkpt>
      <trkpt lat="31.02237355895340442657470703125" lon="121.42856092192232608795166015625">
        <ele>4</ele>
        <time>2026-05-11T13:05:18.000Z</time>
        <extensions>
          <ns3:TrackPointExtension>
            <ns3:hr>141</ns3:hr>
            <ns3:cad>83</ns3:cad>
          </ns3:TrackPointExtension>
        </extensions>
      </trkpt>
      <trkpt lat="31.02235361002385616302490234375" lon="121.42856754362583160400390625">
        <ele>3.7999999523162841796875</ele>
        <time>2026-05-11T13:05:19.000Z</time>
        <extensions>
          <ns3:TrackPointExtension>
            <ns3:hr>141</ns3:hr>
            <ns3:cad>83</ns3:cad>
          </ns3:TrackPointExtension>
        </extensions>
      </trkpt>
      <trkpt lat="31.02232846431434154510498046875" lon="121.42856896854937076568603515625">
        <ele>3.7999999523162841796875</ele>
        <time>2026-05-11T13:05:20.000Z</time>
        <extensions>
          <ns3:TrackPointExtension>
            <ns3:hr>141</ns3:hr>
            <ns3:cad>83</ns3:cad>
          </ns3:TrackPointExtension>
        </extensions>
      </trkpt>
      <trkpt lat="31.02231153286993503570556640625" lon="121.42857424914836883544921875">
        <ele>3.7999999523162841796875</ele>
        <time>2026-05-11T13:05:21.000Z</time>
        <extensions>
          <ns3:TrackPointExtension>
            <ns3:hr>141</ns3:hr>
            <ns3:cad>82</ns3:cad>
          </ns3:TrackPointExtension>
        </extensions>
      </trkpt>
      <trkpt lat="31.022289656102657318115234375" lon="121.42857902683317661285400390625">
        <ele>3.7999999523162841796875</ele>
        <time>2026-05-11T13:05:22.000Z</time>
        <extensions>
          <ns3:TrackPointExtension>
            <ns3:hr>141</ns3:hr>
            <ns3:cad>81</ns3:cad>
          </ns3:TrackPointExtension>
        </extensions>
      </trkpt>
      <trkpt lat="31.02226509712636470794677734375" lon="121.428582966327667236328125">
        <ele>3.7999999523162841796875</ele>
        <time>2026-05-11T13:05:23.000Z</time>
        <extensions>
          <ns3:TrackPointExtension>
            <ns3:hr>141</ns3:hr>
            <ns3:cad>81</ns3:cad>
          </ns3:TrackPointExtension>
        </extensions>
      </trkpt>
      <trkpt lat="31.022249758243560791015625" lon="121.42858874984085559844970703125">
        <ele>4</ele>
        <time>2026-05-11T13:05:24.000Z</time>
        <extensions>
          <ns3:TrackPointExtension>
            <ns3:hr>141</ns3:hr>
            <ns3:cad>81</ns3:cad>
          </ns3:TrackPointExtension>
        </extensions>
      </trkpt>
      <trkpt lat="31.02222737856209278106689453125" lon="121.42859361134469509124755859375">
        <ele>4</ele>
        <time>2026-05-11T13:05:25.000Z</time>
        <extensions>
          <ns3:TrackPointExtension>
            <ns3:hr>141</ns3:hr>
            <ns3:cad>81</ns3:cad>
          </ns3:TrackPointExtension>
        </extensions>
      </trkpt>
      <trkpt lat="31.02220575325191020965576171875" lon="121.42859428189694881439208984375">
        <ele>4</ele>
        <time>2026-05-11T13:05:26.000Z</time>
        <extensions>
          <ns3:TrackPointExtension>
            <ns3:hr>141</ns3:hr>
            <ns3:cad>80</ns3:cad>
          </ns3:TrackPointExtension>
        </extensions>
      </trkpt>
      <trkpt lat="31.022190749645233154296875" lon="121.4286015741527080535888671875">
        <ele>4</ele>
        <time>2026-05-11T13:05:27.000Z</time>
        <extensions>
          <ns3:TrackPointExtension>
            <ns3:hr>141</ns3:hr>
            <ns3:cad>80</ns3:cad>
          </ns3:TrackPointExtension>
        </extensions>
      </trkpt>
      <trkpt lat="31.02217038162052631378173828125" lon="121.42860383726656436920166015625">
        <ele>4</ele>
        <time>2026-05-11T13:05:28.000Z</time>
        <extensions>
          <ns3:TrackPointExtension>
            <ns3:hr>141</ns3:hr>
            <ns3:cad>80</ns3:cad>
          </ns3:TrackPointExtension>
        </extensions>
      </trkpt>
      <trkpt lat="31.02215244434773921966552734375" lon="121.428607441484928131103515625">
        <ele>4</ele>
        <time>2026-05-11T13:05:29.000Z</time>
        <extensions>
          <ns3:TrackPointExtension>
            <ns3:hr>140</ns3:hr>
            <ns3:cad>81</ns3:cad>
          </ns3:TrackPointExtension>
        </extensions>
      </trkpt>
      <trkpt lat="31.02213484235107898712158203125" lon="121.42861942760646343231201171875">
        <ele>4</ele>
        <time>2026-05-11T13:05:30.000Z</time>
        <extensions>
          <ns3:TrackPointExtension>
            <ns3:hr>140</ns3:hr>
            <ns3:cad>81</ns3:cad>
          </ns3:TrackPointExtension>
        </extensions>
      </trkpt>
      <trkpt lat="31.02211120538413524627685546875" lon="121.428622193634510040283203125">
        <ele>4</ele>
        <time>2026-05-11T13:05:31.000Z</time>
        <extensions>
          <ns3:TrackPointExtension>
            <ns3:hr>140</ns3:hr>
            <ns3:cad>81</ns3:cad>
          </ns3:TrackPointExtension>
        </extensions>
      </trkpt>
      <trkpt lat="31.0220893286168575286865234375" lon="121.42862546257674694061279296875">
        <ele>4</ele>
        <time>2026-05-11T13:05:32.000Z</time>
        <extensions>
          <ns3:TrackPointExtension>
            <ns3:hr>140</ns3:hr>
            <ns3:cad>81</ns3:cad>
          </ns3:TrackPointExtension>
        </extensions>
      </trkpt>
      <trkpt lat="31.0220715589821338653564453125" lon="121.428634934127330780029296875">
        <ele>4</ele>
        <time>2026-05-11T13:05:33.000Z</time>
        <extensions>
          <ns3:TrackPointExtension>
            <ns3:hr>140</ns3:hr>
            <ns3:cad>81</ns3:cad>
          </ns3:TrackPointExtension>
        </extensions>
      </trkpt>
      <trkpt lat="31.022044904530048370361328125" lon="121.42864004708826541900634765625">
        <ele>4.19999980926513671875</ele>
        <time>2026-05-11T13:05:34.000Z</time>
        <extensions>
          <ns3:TrackPointExtension>
            <ns3:hr>140</ns3:hr>
            <ns3:cad>81</ns3:cad>
          </ns3:TrackPointExtension>
        </extensions>
      </trkpt>
      <trkpt lat="31.02202101610600948333740234375" lon="121.42864440567791461944580078125">
        <ele>4.19999980926513671875</ele>
        <time>2026-05-11T13:05:35.000Z</time>
        <extensions>
          <ns3:TrackPointExtension>
            <ns3:hr>141</ns3:hr>
            <ns3:cad>80</ns3:cad>
          </ns3:TrackPointExtension>
        </extensions>
      </trkpt>
      <trkpt lat="31.022001318633556365966796875" lon="121.42865563742816448211669921875">
        <ele>4.19999980926513671875</ele>
        <time>2026-05-11T13:05:36.000Z</time>
        <extensions>
          <ns3:TrackPointExtension>
            <ns3:hr>141</ns3:hr>
            <ns3:cad>80</ns3:cad>
          </ns3:TrackPointExtension>
        </extensions>
      </trkpt>
      <trkpt lat="31.0219776816666126251220703125" lon="121.42866184003651142120361328125">
        <ele>4.19999980926513671875</ele>
        <time>2026-05-11T13:05:37.000Z</time>
        <extensions>
          <ns3:TrackPointExtension>
            <ns3:hr>141</ns3:hr>
            <ns3:cad>80</ns3:cad>
          </ns3:TrackPointExtension>
        </extensions>
      </trkpt>
      <trkpt lat="31.021959073841571807861328125" lon="121.428669802844524383544921875">
        <ele>4.19999980926513671875</ele>
        <time>2026-05-11T13:05:38.000Z</time>
        <extensions>
          <ns3:TrackPointExtension>
            <ns3:hr>141</ns3:hr>
            <ns3:cad>80</ns3:cad>
          </ns3:TrackPointExtension>
        </extensions>
      </trkpt>
      <trkpt lat="31.021940968930721282958984375" lon="121.4286830462515354156494140625">
        <ele>4.19999980926513671875</ele>
        <time>2026-05-11T13:05:39.000Z</time>
        <extensions>
          <ns3:TrackPointExtension>
            <ns3:hr>141</ns3:hr>
            <ns3:cad>80</ns3:cad>
          </ns3:TrackPointExtension>
        </extensions>
      </trkpt>
      <trkpt lat="31.0219143144786357879638671875" lon="121.42869268544018268585205078125">
        <ele>4.19999980926513671875</ele>
        <time>2026-05-11T13:05:40.000Z</time>
        <extensions>
          <ns3:TrackPointExtension>
            <ns3:hr>141</ns3:hr>
            <ns3:cad>80</ns3:cad>
          </ns3:TrackPointExtension>
        </extensions>
      </trkpt>
      <trkpt lat="31.02189964614808559417724609375" lon="121.42870492301881313323974609375">
        <ele>4.400000095367431640625</ele>
        <time>2026-05-11T13:05:41.000Z</time>
        <extensions>
          <ns3:TrackPointExtension>
            <ns3:hr>141</ns3:hr>
            <ns3:cad>80</ns3:cad>
          </ns3:TrackPointExtension>
        </extensions>
      </trkpt>
      <trkpt lat="31.0218801163136959075927734375" lon="121.428722105920314788818359375">
        <ele>4.400000095367431640625</ele>
        <time>2026-05-11T13:05:42.000Z</time>
        <extensions>
          <ns3:TrackPointExtension>
            <ns3:hr>140</ns3:hr>
            <ns3:cad>81</ns3:cad>
          </ns3:TrackPointExtension>
        </extensions>
      </trkpt>
      <trkpt lat="31.0218608379364013671875" lon="121.42873811535537242889404296875">
        <ele>4.400000095367431640625</ele>
        <time>2026-05-11T13:05:43.000Z</time>
        <extensions>
          <ns3:TrackPointExtension>
            <ns3:hr>141</ns3:hr>
            <ns3:cad>81</ns3:cad>
          </ns3:TrackPointExtension>
        </extensions>
      </trkpt>
      <trkpt lat="31.02184734307229518890380859375" lon="121.42875261604785919189453125">
        <ele>4.400000095367431640625</ele>
        <time>2026-05-11T13:05:44.000Z</time>
        <extensions>
          <ns3:TrackPointExtension>
            <ns3:hr>141</ns3:hr>
            <ns3:cad>81</ns3:cad>
          </ns3:TrackPointExtension>
        </extensions>
      </trkpt>
      <trkpt lat="31.02183057926595211029052734375" lon="121.4287720620632171630859375">
        <ele>4.400000095367431640625</ele>
        <time>2026-05-11T13:05:45.000Z</time>
        <extensions>
          <ns3:TrackPointExtension>
            <ns3:hr>141</ns3:hr>
            <ns3:cad>81</ns3:cad>
          </ns3:TrackPointExtension>
        </extensions>
      </trkpt>
      <trkpt lat="31.02181834168732166290283203125" lon="121.428792513906955718994140625">
        <ele>4.19999980926513671875</ele>
        <time>2026-05-11T13:05:46.000Z</time>
        <extensions>
          <ns3:TrackPointExtension>
            <ns3:hr>141</ns3:hr>
            <ns3:cad>81</ns3:cad>
          </ns3:TrackPointExtension>
        </extensions>
      </trkpt>
      <trkpt lat="31.0218112170696258544921875" lon="121.42880952917039394378662109375">
        <ele>4.19999980926513671875</ele>
        <time>2026-05-11T13:05:47.000Z</time>
        <extensions>
          <ns3:TrackPointExtension>
            <ns3:hr>141</ns3:hr>
            <ns3:cad>81</ns3:cad>
          </ns3:TrackPointExtension>
        </extensions>
      </trkpt>
      <trkpt lat="31.021799482405185699462890625" lon="121.4288345910608768463134765625">
        <ele>4</ele>
        <time>2026-05-11T13:05:48.000Z</time>
        <extensions>
          <ns3:TrackPointExtension>
            <ns3:hr>140</ns3:hr>
            <ns3:cad>81</ns3:cad>
          </ns3:TrackPointExtension>
        </extensions>
      </trkpt>
      <trkpt lat="31.0217895917594432830810546875" lon="121.42885613255202770233154296875">
        <ele>3.7999999523162841796875</ele>
        <time>2026-05-11T13:05:49.000Z</time>
        <extensions>
          <ns3:TrackPointExtension>
            <ns3:hr>140</ns3:hr>
            <ns3:cad>80</ns3:cad>
          </ns3:TrackPointExtension>
        </extensions>
      </trkpt>
      <trkpt lat="31.0217812098562717437744140625" lon="121.428881697356700897216796875">
        <ele>3.7999999523162841796875</ele>
        <time>2026-05-11T13:05:50.000Z</time>
        <extensions>
          <ns3:TrackPointExtension>
            <ns3:hr>140</ns3:hr>
            <ns3:cad>82</ns3:cad>
          </ns3:TrackPointExtension>
        </extensions>
      </trkpt>
      <trkpt lat="31.02176805026829242706298828125" lon="121.42890726216137409210205078125">
        <ele>4</ele>
        <time>2026-05-11T13:05:51.000Z</time>
        <extensions>
          <ns3:TrackPointExtension>
            <ns3:hr>139</ns3:hr>
            <ns3:cad>82</ns3:cad>
          </ns3:TrackPointExtension>
        </extensions>
      </trkpt>
      <trkpt lat="31.02176486514508724212646484375" lon="121.4289308153092861175537109375">
        <ele>4</ele>
        <time>2026-05-11T13:05:52.000Z</time>
        <extensions>
          <ns3:TrackPointExtension>
            <ns3:hr>139</ns3:hr>
            <ns3:cad>82</ns3:cad>
          </ns3:TrackPointExtension>
        </extensions>
      </trkpt>
      <trkpt lat="31.0217590816318988800048828125" lon="121.4289576373994350433349609375">
        <ele>4</ele>
        <time>2026-05-11T13:05:53.000Z</time>
        <extensions>
          <ns3:TrackPointExtension>
            <ns3:hr>139</ns3:hr>
            <ns3:cad>83</ns3:cad>
          </ns3:TrackPointExtension>
        </extensions>
      </trkpt>
      <trkpt lat="31.021750867366790771484375" lon="121.42898689024150371551513671875">
        <ele>4.19999980926513671875</ele>
        <time>2026-05-11T13:05:54.000Z</time>
        <extensions>
          <ns3:TrackPointExtension>
            <ns3:hr>139</ns3:hr>
            <ns3:cad>82</ns3:cad>
          </ns3:TrackPointExtension>
        </extensions>
      </trkpt>
      <trkpt lat="31.02175128646194934844970703125" lon="121.429009772837162017822265625">
        <ele>4.19999980926513671875</ele>
        <time>2026-05-11T13:05:55.000Z</time>
        <extensions>
          <ns3:TrackPointExtension>
            <ns3:hr>139</ns3:hr>
            <ns3:cad>81</ns3:cad>
          </ns3:TrackPointExtension>
        </extensions>
      </trkpt>
      <trkpt lat="31.021748520433902740478515625" lon="121.42903634347021579742431640625">
        <ele>4.19999980926513671875</ele>
        <time>2026-05-11T13:05:56.000Z</time>
        <extensions>
          <ns3:TrackPointExtension>
            <ns3:hr>139</ns3:hr>
            <ns3:cad>81</ns3:cad>
          </ns3:TrackPointExtension>
        </extensions>
      </trkpt>
      <trkpt lat="31.0217446647584438323974609375" lon="121.42906283028423786163330078125">
        <ele>4.19999980926513671875</ele>
        <time>2026-05-11T13:05:57.000Z</time>
        <extensions>
          <ns3:TrackPointExtension>
            <ns3:hr>139</ns3:hr>
            <ns3:cad>82</ns3:cad>
          </ns3:TrackPointExtension>
        </extensions>
      </trkpt>
      <trkpt lat="31.02174608968198299407958984375" lon="121.429088898003101348876953125">
        <ele>4.19999980926513671875</ele>
        <time>2026-05-11T13:05:58.000Z</time>
        <extensions>
          <ns3:TrackPointExtension>
            <ns3:hr>139</ns3:hr>
            <ns3:cad>82</ns3:cad>
          </ns3:TrackPointExtension>
        </extensions>
      </trkpt>
      <trkpt lat="31.02174885571002960205078125" lon="121.42911546863615512847900390625">
        <ele>4.19999980926513671875</ele>
        <time>2026-05-11T13:05:59.000Z</time>
        <extensions>
          <ns3:TrackPointExtension>
            <ns3:hr>139</ns3:hr>
            <ns3:cad>82</ns3:cad>
          </ns3:TrackPointExtension>
        </extensions>
      </trkpt>
      <trkpt lat="31.02174961008131504058837890625" lon="121.4291410334408283233642578125">
        <ele>4</ele>
        <time>2026-05-11T13:06:00.000Z</time>
        <extensions>
          <ns3:TrackPointExtension>
            <ns3:hr>140</ns3:hr>
            <ns3:cad>82</ns3:cad>
          </ns3:TrackPointExtension>
        </extensions>
      </trkpt>
      <trkpt lat="31.02175346575677394866943359375" lon="121.429167687892913818359375">
        <ele>4</ele>
        <time>2026-05-11T13:06:01.000Z</time>
        <extensions>
          <ns3:TrackPointExtension>
            <ns3:hr>139</ns3:hr>
            <ns3:cad>81</ns3:cad>
          </ns3:TrackPointExtension>
        </extensions>
      </trkpt>
      <trkpt lat="31.0217575728893280029296875" lon="121.4291973598301410675048828125">
        <ele>4</ele>
        <time>2026-05-11T13:06:02.000Z</time>
        <extensions>
          <ns3:TrackPointExtension>
            <ns3:hr>139</ns3:hr>
            <ns3:cad>81</ns3:cad>
          </ns3:TrackPointExtension>
        </extensions>
      </trkpt>
      <trkpt lat="31.02176318876445293426513671875" lon="121.42921890132129192352294921875">
        <ele>4</ele>
        <time>2026-05-11T13:06:03.000Z</time>
        <extensions>
          <ns3:TrackPointExtension>
            <ns3:hr>138</ns3:hr>
            <ns3:cad>80</ns3:cad>
          </ns3:TrackPointExtension>
        </extensions>
      </trkpt>
      <trkpt lat="31.0217734985053539276123046875" lon="121.42924220301210880279541015625">
        <ele>4.19999980926513671875</ele>
        <time>2026-05-11T13:06:04.000Z</time>
        <extensions>
          <ns3:TrackPointExtension>
            <ns3:hr>138</ns3:hr>
            <ns3:cad>80</ns3:cad>
          </ns3:TrackPointExtension>
        </extensions>
      </trkpt>
      <trkpt lat="31.0217815451323986053466796875" lon="121.42926634289324283599853515625">
        <ele>4.19999980926513671875</ele>
        <time>2026-05-11T13:06:05.000Z</time>
        <extensions>
          <ns3:TrackPointExtension>
            <ns3:hr>138</ns3:hr>
            <ns3:cad>82</ns3:cad>
          </ns3:TrackPointExtension>
        </extensions>
      </trkpt>
      <trkpt lat="31.021791435778141021728515625" lon="121.42928042449057102203369140625">
        <ele>4.19999980926513671875</ele>
        <time>2026-05-11T13:06:06.000Z</time>
        <extensions>
          <ns3:TrackPointExtension>
            <ns3:hr>138</ns3:hr>
            <ns3:cad>83</ns3:cad>
          </ns3:TrackPointExtension>
        </extensions>
      </trkpt>
      <trkpt lat="31.02180459536612033843994140625" lon="121.4293029718101024627685546875">
        <ele>4.19999980926513671875</ele>
        <time>2026-05-11T13:06:07.000Z</time>
        <extensions>
          <ns3:TrackPointExtension>
            <ns3:hr>138</ns3:hr>
            <ns3:cad>83</ns3:cad>
          </ns3:TrackPointExtension>
        </extensions>
      </trkpt>
      <trkpt lat="31.02181498892605304718017578125" lon="121.42931696958839893341064453125">
        <ele>4.19999980926513671875</ele>
        <time>2026-05-11T13:06:08.000Z</time>
        <extensions>
          <ns3:TrackPointExtension>
            <ns3:hr>138</ns3:hr>
            <ns3:cad>83</ns3:cad>
          </ns3:TrackPointExtension>
        </extensions>
      </trkpt>
      <trkpt lat="31.0218298248946666717529296875" lon="121.429330967366695404052734375">
        <ele>4.19999980926513671875</ele>
        <time>2026-05-11T13:06:09.000Z</time>
        <extensions>
          <ns3:TrackPointExtension>
            <ns3:hr>138</ns3:hr>
            <ns3:cad>82</ns3:cad>
          </ns3:TrackPointExtension>
        </extensions>
      </trkpt>
      <trkpt lat="31.02184197865426540374755859375" lon="121.42935284413397312164306640625">
        <ele>4.19999980926513671875</ele>
        <time>2026-05-11T13:06:10.000Z</time>
        <extensions>
          <ns3:TrackPointExtension>
            <ns3:hr>138</ns3:hr>
            <ns3:cad>81</ns3:cad>
          </ns3:TrackPointExtension>
        </extensions>
      </trkpt>
      <trkpt lat="31.02185421623289585113525390625" lon="121.4293639920651912689208984375">
        <ele>4.19999980926513671875</ele>
        <time>2026-05-11T13:06:11.000Z</time>
        <extensions>
          <ns3:TrackPointExtension>
            <ns3:hr>138</ns3:hr>
            <ns3:cad>82</ns3:cad>
          </ns3:TrackPointExtension>
        </extensions>
      </trkpt>
      <trkpt lat="31.02186821401119232177734375" lon="121.429379917681217193603515625">
        <ele>4.19999980926513671875</ele>
        <time>2026-05-11T13:06:12.000Z</time>
        <extensions>
          <ns3:TrackPointExtension>
            <ns3:hr>138</ns3:hr>
            <ns3:cad>82</ns3:cad>
          </ns3:TrackPointExtension>
        </extensions>
      </trkpt>
      <trkpt lat="31.02188204415142536163330078125" lon="121.42939944751560688018798828125">
        <ele>4.19999980926513671875</ele>
        <time>2026-05-11T13:06:13.000Z</time>
        <extensions>
          <ns3:TrackPointExtension>
            <ns3:hr>137</ns3:hr>
            <ns3:cad>82</ns3:cad>
          </ns3:TrackPointExtension>
        </extensions>
      </trkpt>
      <trkpt lat="31.0218992270529270172119140625" lon="121.42940933816134929656982421875">
        <ele>4.19999980926513671875</ele>
        <time>2026-05-11T13:06:14.000Z</time>
        <extensions>
          <ns3:TrackPointExtension>
            <ns3:hr>138</ns3:hr>
            <ns3:cad>81</ns3:cad>
          </ns3:TrackPointExtension>
        </extensions>
      </trkpt>
      <trkpt lat="31.02191557176411151885986328125" lon="121.4294238388538360595703125">
        <ele>4</ele>
        <time>2026-05-11T13:06:15.000Z</time>
        <extensions>
          <ns3:TrackPointExtension>
            <ns3:hr>138</ns3:hr>
            <ns3:cad>81</ns3:cad>
          </ns3:TrackPointExtension>
        </extensions>
      </trkpt>
      <trkpt lat="31.02193434722721576690673828125" lon="121.4294384233653545379638671875">
        <ele>4</ele>
        <time>2026-05-11T13:06:16.000Z</time>
        <extensions>
          <ns3:TrackPointExtension>
            <ns3:hr>138</ns3:hr>
            <ns3:cad>81</ns3:cad>
          </ns3:TrackPointExtension>
        </extensions>
      </trkpt>
      <trkpt lat="31.02195446379482746124267578125" lon="121.42944596707820892333984375">
        <ele>4</ele>
        <time>2026-05-11T13:06:17.000Z</time>
        <extensions>
          <ns3:TrackPointExtension>
            <ns3:hr>138</ns3:hr>
            <ns3:cad>81</ns3:cad>
          </ns3:TrackPointExtension>
        </extensions>
      </trkpt>
      <trkpt lat="31.0219739936292171478271484375" lon="121.42945879139006137847900390625">
        <ele>4</ele>
        <time>2026-05-11T13:06:18.000Z</time>
        <extensions>
          <ns3:TrackPointExtension>
            <ns3:hr>138</ns3:hr>
            <ns3:cad>80</ns3:cad>
          </ns3:TrackPointExtension>
        </extensions>
      </trkpt>
      <trkpt lat="31.02199285291135311126708984375" lon="121.42946767620742321014404296875">
        <ele>4</ele>
        <time>2026-05-11T13:06:19.000Z</time>
        <extensions>
          <ns3:TrackPointExtension>
            <ns3:hr>138</ns3:hr>
            <ns3:cad>80</ns3:cad>
          </ns3:TrackPointExtension>
        </extensions>
      </trkpt>
      <trkpt lat="31.02201397530734539031982421875" lon="121.4294712804257869720458984375">
        <ele>4</ele>
        <time>2026-05-11T13:06:20.000Z</time>
        <extensions>
          <ns3:TrackPointExtension>
            <ns3:hr>139</ns3:hr>
            <ns3:cad>80</ns3:cad>
          </ns3:TrackPointExtension>
        </extensions>
      </trkpt>
      <trkpt lat="31.0220365226268768310546875" lon="121.4294823445379734039306640625">
        <ele>4</ele>
        <time>2026-05-11T13:06:21.000Z</time>
        <extensions>
          <ns3:TrackPointExtension>
            <ns3:hr>139</ns3:hr>
            <ns3:cad>81</ns3:cad>
          </ns3:TrackPointExtension>
        </extensions>
      </trkpt>
      <trkpt lat="31.02205404080450534820556640625" lon="121.4294855296611785888671875">
        <ele>4</ele>
        <time>2026-05-11T13:06:22.000Z</time>
        <extensions>
          <ns3:TrackPointExtension>
            <ns3:hr>139</ns3:hr>
            <ns3:cad>81</ns3:cad>
          </ns3:TrackPointExtension>
        </extensions>
      </trkpt>
      <trkpt lat="31.0220752470195293426513671875" lon="121.4294870384037494659423828125">
        <ele>3.7999999523162841796875</ele>
        <time>2026-05-11T13:06:23.000Z</time>
        <extensions>
          <ns3:TrackPointExtension>
            <ns3:hr>139</ns3:hr>
            <ns3:cad>81</ns3:cad>
          </ns3:TrackPointExtension>
        </extensions>
      </trkpt>
      <trkpt lat="31.022099554538726806640625" lon="121.42948888242244720458984375">
        <ele>3.7999999523162841796875</ele>
        <time>2026-05-11T13:06:24.000Z</time>
        <extensions>
          <ns3:TrackPointExtension>
            <ns3:hr>139</ns3:hr>
            <ns3:cad>81</ns3:cad>
          </ns3:TrackPointExtension>
        </extensions>
      </trkpt>
      <trkpt lat="31.022115312516689300537109375" lon="121.429485864937305450439453125">
        <ele>3.7999999523162841796875</ele>
        <time>2026-05-11T13:06:25.000Z</time>
        <extensions>
          <ns3:TrackPointExtension>
            <ns3:hr>139</ns3:hr>
            <ns3:cad>81</ns3:cad>
          </ns3:TrackPointExtension>
        </extensions>
      </trkpt>
      <trkpt lat="31.02213618345558643341064453125" lon="121.42947890795767307281494140625">
        <ele>3.7999999523162841796875</ele>
        <time>2026-05-11T13:06:26.000Z</time>
        <extensions>
          <ns3:TrackPointExtension>
            <ns3:hr>138</ns3:hr>
            <ns3:cad>81</ns3:cad>
          </ns3:TrackPointExtension>
        </extensions>
      </trkpt>
      <trkpt lat="31.02215797640383243560791015625" lon="121.42947806976735591888427734375">
        <ele>3.7999999523162841796875</ele>
        <time>2026-05-11T13:06:27.000Z</time>
        <extensions>
          <ns3:TrackPointExtension>
            <ns3:hr>139</ns3:hr>
            <ns3:cad>81</ns3:cad>
          </ns3:TrackPointExtension>
        </extensions>
      </trkpt>
      <trkpt lat="31.0221768356859683990478515625" lon="121.429471783339977264404296875">
        <ele>3.7999999523162841796875</ele>
        <time>2026-05-11T13:06:28.000Z</time>
        <extensions>
          <ns3:TrackPointExtension>
            <ns3:hr>138</ns3:hr>
            <ns3:cad>81</ns3:cad>
          </ns3:TrackPointExtension>
        </extensions>
      </trkpt>
      <trkpt lat="31.022197119891643524169921875" lon="121.4294667541980743408203125">
        <ele>3.7999999523162841796875</ele>
        <time>2026-05-11T13:06:29.000Z</time>
        <extensions>
          <ns3:TrackPointExtension>
            <ns3:hr>138</ns3:hr>
            <ns3:cad>82</ns3:cad>
          </ns3:TrackPointExtension>
        </extensions>
      </trkpt>
      <trkpt lat="31.02221799083054065704345703125" lon="121.42946264706552028656005859375">
        <ele>3.7999999523162841796875</ele>
        <time>2026-05-11T13:06:30.000Z</time>
        <extensions>
          <ns3:TrackPointExtension>
            <ns3:hr>138</ns3:hr>
            <ns3:cad>82</ns3:cad>
          </ns3:TrackPointExtension>
        </extensions>
      </trkpt>
      <trkpt lat="31.022240035235881805419921875" lon="121.4294560253620147705078125">
        <ele>3.7999999523162841796875</ele>
        <time>2026-05-11T13:06:31.000Z</time>
        <extensions>
          <ns3:TrackPointExtension>
            <ns3:hr>138</ns3:hr>
            <ns3:cad>82</ns3:cad>
          </ns3:TrackPointExtension>
        </extensions>
      </trkpt>
      <trkpt lat="31.0222609899938106536865234375" lon="121.42944990657269954681396484375">
        <ele>3.7999999523162841796875</ele>
        <time>2026-05-11T13:06:32.000Z</time>
        <extensions>
          <ns3:TrackPointExtension>
            <ns3:hr>138</ns3:hr>
            <ns3:cad>82</ns3:cad>
          </ns3:TrackPointExtension>
        </extensions>
      </trkpt>
      <trkpt lat="31.02228353731334209442138671875" lon="121.429446972906589508056640625">
        <ele>3.7999999523162841796875</ele>
        <time>2026-05-11T13:06:33.000Z</time>
        <extensions>
          <ns3:TrackPointExtension>
            <ns3:hr>138</ns3:hr>
            <ns3:cad>82</ns3:cad>
          </ns3:TrackPointExtension>
        </extensions>
      </trkpt>
      <trkpt lat="31.02230583317577838897705078125" lon="121.4294417761266231536865234375">
        <ele>3.7999999523162841796875</ele>
        <time>2026-05-11T13:06:34.000Z</time>
        <extensions>
          <ns3:TrackPointExtension>
            <ns3:hr>138</ns3:hr>
            <ns3:cad>81</ns3:cad>
          </ns3:TrackPointExtension>
        </extensions>
      </trkpt>
      <trkpt lat="31.02232879959046840667724609375" lon="121.42943532206118106842041015625">
        <ele>3.599999904632568359375</ele>
        <time>2026-05-11T13:06:35.000Z</time>
        <extensions>
          <ns3:TrackPointExtension>
            <ns3:hr>138</ns3:hr>
            <ns3:cad>81</ns3:cad>
          </ns3:TrackPointExtension>
        </extensions>
      </trkpt>
      <trkpt lat="31.02234832942485809326171875" lon="121.42942895181477069854736328125">
        <ele>3.599999904632568359375</ele>
        <time>2026-05-11T13:06:36.000Z</time>
        <extensions>
          <ns3:TrackPointExtension>
            <ns3:hr>138</ns3:hr>
            <ns3:cad>81</ns3:cad>
          </ns3:TrackPointExtension>
        </extensions>
      </trkpt>
      <trkpt lat="31.0223672725260257720947265625" lon="121.42942090518772602081298828125">
        <ele>3.599999904632568359375</ele>
        <time>2026-05-11T13:06:37.000Z</time>
        <extensions>
          <ns3:TrackPointExtension>
            <ns3:hr>139</ns3:hr>
            <ns3:cad>81</ns3:cad>
          </ns3:TrackPointExtension>
        </extensions>
      </trkpt>
      <trkpt lat="31.0223887301981449127197265625" lon="121.429417133331298828125">
        <ele>3.599999904632568359375</ele>
        <time>2026-05-11T13:06:38.000Z</time>
        <extensions>
          <ns3:TrackPointExtension>
            <ns3:hr>139</ns3:hr>
            <ns3:cad>81</ns3:cad>
          </ns3:TrackPointExtension>
        </extensions>
      </trkpt>
      <trkpt lat="31.02240926586091518402099609375" lon="121.4294131100177764892578125">
        <ele>3.599999904632568359375</ele>
        <time>2026-05-11T13:06:39.000Z</time>
        <extensions>
          <ns3:TrackPointExtension>
            <ns3:hr>139</ns3:hr>
            <ns3:cad>81</ns3:cad>
          </ns3:TrackPointExtension>
        </extensions>
      </trkpt>
      <trkpt lat="31.0224339924752712249755859375" lon="121.42940439283847808837890625">
        <ele>3.599999904632568359375</ele>
        <time>2026-05-11T13:06:40.000Z</time>
        <extensions>
          <ns3:TrackPointExtension>
            <ns3:hr>138</ns3:hr>
            <ns3:cad>80</ns3:cad>
          </ns3:TrackPointExtension>
        </extensions>
      </trkpt>
      <trkpt lat="31.02245486341416835784912109375" lon="121.4294002018868923187255859375">
        <ele>3.599999904632568359375</ele>
        <time>2026-05-11T13:06:41.000Z</time>
        <extensions>
          <ns3:TrackPointExtension>
            <ns3:hr>138</ns3:hr>
            <ns3:cad>79</ns3:cad>
          </ns3:TrackPointExtension>
        </extensions>
      </trkpt>
      <trkpt lat="31.02247464470565319061279296875" lon="121.42939827404916286468505859375">
        <ele>3.599999904632568359375</ele>
        <time>2026-05-11T13:06:42.000Z</time>
        <extensions>
          <ns3:TrackPointExtension>
            <ns3:hr>138</ns3:hr>
            <ns3:cad>79</ns3:cad>
          </ns3:TrackPointExtension>
        </extensions>
      </trkpt>
      <trkpt lat="31.02249450981616973876953125" lon="121.429391987621784210205078125">
        <ele>3.599999904632568359375</ele>
        <time>2026-05-11T13:06:43.000Z</time>
        <extensions>
          <ns3:TrackPointExtension>
            <ns3:hr>138</ns3:hr>
            <ns3:cad>79</ns3:cad>
          </ns3:TrackPointExtension>
        </extensions>
      </trkpt>
      <trkpt lat="31.02251529693603515625" lon="121.42938586883246898651123046875">
        <ele>3.599999904632568359375</ele>
        <time>2026-05-11T13:06:44.000Z</time>
        <extensions>
          <ns3:TrackPointExtension>
            <ns3:hr>138</ns3:hr>
            <ns3:cad>79</ns3:cad>
          </ns3:TrackPointExtension>
        </extensions>
      </trkpt>
      <trkpt lat="31.0225308872759342193603515625" lon="121.429379247128963470458984375">
        <ele>3.599999904632568359375</ele>
        <time>2026-05-11T13:06:45.000Z</time>
        <extensions>
          <ns3:TrackPointExtension>
            <ns3:hr>138</ns3:hr>
            <ns3:cad>79</ns3:cad>
          </ns3:TrackPointExtension>
        </extensions>
      </trkpt>
      <trkpt lat="31.0225474834442138671875" lon="121.42937346361577510833740234375">
        <ele>3.599999904632568359375</ele>
        <time>2026-05-11T13:06:46.000Z</time>
        <extensions>
          <ns3:TrackPointExtension>
            <ns3:hr>138</ns3:hr>
            <ns3:cad>79</ns3:cad>
          </ns3:TrackPointExtension>
        </extensions>
      </trkpt>
      <trkpt lat="31.02257229387760162353515625" lon="121.42937296070158481597900390625">
        <ele>3.599999904632568359375</ele>
        <time>2026-05-11T13:06:47.000Z</time>
        <extensions>
          <ns3:TrackPointExtension>
            <ns3:hr>138</ns3:hr>
            <ns3:cad>79</ns3:cad>
          </ns3:TrackPointExtension>
        </extensions>
      </trkpt>
      <trkpt lat="31.0225917398929595947265625" lon="121.42936776392161846160888671875">
        <ele>3.599999904632568359375</ele>
        <time>2026-05-11T13:06:48.000Z</time>
        <extensions>
          <ns3:TrackPointExtension>
            <ns3:hr>138</ns3:hr>
            <ns3:cad>80</ns3:cad>
          </ns3:TrackPointExtension>
        </extensions>
      </trkpt>
      <trkpt lat="31.022614873945713043212890625" lon="121.429363824427127838134765625">
        <ele>3.599999904632568359375</ele>
        <time>2026-05-11T13:06:49.000Z</time>
        <extensions>
          <ns3:TrackPointExtension>
            <ns3:hr>138</ns3:hr>
            <ns3:cad>81</ns3:cad>
          </ns3:TrackPointExtension>
        </extensions>
      </trkpt>
      <trkpt lat="31.0226375050842761993408203125" lon="121.42936122603714466094970703125">
        <ele>3.599999904632568359375</ele>
        <time>2026-05-11T13:06:50.000Z</time>
        <extensions>
          <ns3:TrackPointExtension>
            <ns3:hr>138</ns3:hr>
            <ns3:cad>81</ns3:cad>
          </ns3:TrackPointExtension>
        </extensions>
      </trkpt>
      <trkpt lat="31.02265720255672931671142578125" lon="121.42935452051460742950439453125">
        <ele>3.599999904632568359375</ele>
        <time>2026-05-11T13:06:51.000Z</time>
        <extensions>
          <ns3:TrackPointExtension>
            <ns3:hr>138</ns3:hr>
            <ns3:cad>81</ns3:cad>
          </ns3:TrackPointExtension>
        </extensions>
      </trkpt>
      <trkpt lat="31.02268201299011707305908203125" lon="121.42934764735400676727294921875">
        <ele>3.599999904632568359375</ele>
        <time>2026-05-11T13:06:52.000Z</time>
        <extensions>
          <ns3:TrackPointExtension>
            <ns3:hr>138</ns3:hr>
            <ns3:cad>81</ns3:cad>
          </ns3:TrackPointExtension>
        </extensions>
      </trkpt>
      <trkpt lat="31.0227069072425365447998046875" lon="121.429344713687896728515625">
        <ele>3.599999904632568359375</ele>
        <time>2026-05-11T13:06:53.000Z</time>
        <extensions>
          <ns3:TrackPointExtension>
            <ns3:hr>139</ns3:hr>
            <ns3:cad>80</ns3:cad>
          </ns3:TrackPointExtension>
        </extensions>
      </trkpt>
      <trkpt lat="31.022732891142368316650390625" lon="121.42933608032763004302978515625">
        <ele>3.599999904632568359375</ele>
        <time>2026-05-11T13:06:54.000Z</time>
        <extensions>
          <ns3:TrackPointExtension>
            <ns3:hr>139</ns3:hr>
            <ns3:cad>80</ns3:cad>
          </ns3:TrackPointExtension>
        </extensions>
      </trkpt>
      <trkpt lat="31.02276583202183246612548828125" lon="121.42933323048055171966552734375">
        <ele>3.599999904632568359375</ele>
        <time>2026-05-11T13:06:55.000Z</time>
        <extensions>
          <ns3:TrackPointExtension>
            <ns3:hr>139</ns3:hr>
            <ns3:cad>80</ns3:cad>
          </ns3:TrackPointExtension>
        </extensions>
      </trkpt>
      <trkpt lat="31.0227907262742519378662109375" lon="121.42932719551026821136474609375">
        <ele>3.599999904632568359375</ele>
        <time>2026-05-11T13:06:56.000Z</time>
        <extensions>
          <ns3:TrackPointExtension>
            <ns3:hr>140</ns3:hr>
            <ns3:cad>81</ns3:cad>
          </ns3:TrackPointExtension>
        </extensions>
      </trkpt>
      <trkpt lat="31.02282106876373291015625" lon="121.429314203560352325439453125">
        <ele>3.599999904632568359375</ele>
        <time>2026-05-11T13:06:57.000Z</time>
        <extensions>
          <ns3:TrackPointExtension>
            <ns3:hr>140</ns3:hr>
            <ns3:cad>81</ns3:cad>
          </ns3:TrackPointExtension>
        </extensions>
      </trkpt>
      <trkpt lat="31.02285082451999187469482421875" lon="121.42931126989424228668212890625">
        <ele>3.599999904632568359375</ele>
        <time>2026-05-11T13:06:58.000Z</time>
        <extensions>
          <ns3:TrackPointExtension>
            <ns3:hr>141</ns3:hr>
            <ns3:cad>81</ns3:cad>
          </ns3:TrackPointExtension>
        </extensions>
      </trkpt>
      <trkpt lat="31.0228762216866016387939453125" lon="121.42930137924849987030029296875">
        <ele>3.599999904632568359375</ele>
        <time>2026-05-11T13:06:59.000Z</time>
        <extensions>
          <ns3:TrackPointExtension>
            <ns3:hr>141</ns3:hr>
            <ns3:cad>81</ns3:cad>
          </ns3:TrackPointExtension>
        </extensions>
      </trkpt>
      <trkpt lat="31.0229040496051311492919921875" lon="121.4292875491082668304443359375">
        <ele>3.599999904632568359375</ele>
        <time>2026-05-11T13:07:00.000Z</time>
        <extensions>
          <ns3:TrackPointExtension>
            <ns3:hr>142</ns3:hr>
            <ns3:cad>81</ns3:cad>
          </ns3:TrackPointExtension>
        </extensions>
      </trkpt>
      <trkpt lat="31.02292860858142375946044921875" lon="121.42927807755768299102783203125">
        <ele>3.599999904632568359375</ele>
        <time>2026-05-11T13:07:01.000Z</time>
        <extensions>
          <ns3:TrackPointExtension>
            <ns3:hr>143</ns3:hr>
            <ns3:cad>81</ns3:cad>
          </ns3:TrackPointExtension>
        </extensions>
      </trkpt>
      <trkpt lat="31.02294671349227428436279296875" lon="121.42926567234098911285400390625">
        <ele>3.400000095367431640625</ele>
        <time>2026-05-11T13:07:02.000Z</time>
        <extensions>
          <ns3:TrackPointExtension>
            <ns3:hr>143</ns3:hr>
            <ns3:cad>81</ns3:cad>
          </ns3:TrackPointExtension>
        </extensions>
      </trkpt>
      <trkpt lat="31.02296817116439342498779296875" lon="121.4292540214955806732177734375">
        <ele>3.400000095367431640625</ele>
        <time>2026-05-11T13:07:03.000Z</time>
        <extensions>
          <ns3:TrackPointExtension>
            <ns3:hr>143</ns3:hr>
            <ns3:cad>81</ns3:cad>
          </ns3:TrackPointExtension>
        </extensions>
      </trkpt>
      <trkpt lat="31.02299029938876628875732421875" lon="121.429245807230472564697265625">
        <ele>3.400000095367431640625</ele>
        <time>2026-05-11T13:07:04.000Z</time>
        <extensions>
          <ns3:TrackPointExtension>
            <ns3:hr>143</ns3:hr>
            <ns3:cad>81</ns3:cad>
          </ns3:TrackPointExtension>
        </extensions>
      </trkpt>
      <trkpt lat="31.0229985974729061126708984375" lon="121.429232396185398101806640625">
        <ele>3.599999904632568359375</ele>
        <time>2026-05-11T13:07:05.000Z</time>
        <extensions>
          <ns3:TrackPointExtension>
            <ns3:hr>143</ns3:hr>
            <ns3:cad>81</ns3:cad>
          </ns3:TrackPointExtension>
        </extensions>
      </trkpt>
      <trkpt lat="31.023006476461887359619140625" lon="121.42921864986419677734375">
        <ele>3.599999904632568359375</ele>
        <time>2026-05-11T13:07:06.000Z</time>
        <extensions>
          <ns3:TrackPointExtension>
            <ns3:hr>143</ns3:hr>
            <ns3:cad>80</ns3:cad>
          </ns3:TrackPointExtension>
        </extensions>
      </trkpt>
      <trkpt lat="31.0230183787643909454345703125" lon="121.42920264042913913726806640625">
        <ele>3.599999904632568359375</ele>
        <time>2026-05-11T13:07:07.000Z</time>
        <extensions>
          <ns3:TrackPointExtension>
            <ns3:hr>143</ns3:hr>
            <ns3:cad>80</ns3:cad>
          </ns3:TrackPointExtension>
        </extensions>
      </trkpt>
      <trkpt lat="31.0230274312198162078857421875" lon="121.42918847501277923583984375">
        <ele>3.599999904632568359375</ele>
        <time>2026-05-11T13:07:08.000Z</time>
        <extensions>
          <ns3:TrackPointExtension>
            <ns3:hr>143</ns3:hr>
            <ns3:cad>79</ns3:cad>
          </ns3:TrackPointExtension>
        </extensions>
      </trkpt>
      <trkpt lat="31.0230468772351741790771484375" lon="121.42916693352162837982177734375">
        <ele>3.599999904632568359375</ele>
        <time>2026-05-11T13:07:09.000Z</time>
        <extensions>
          <ns3:TrackPointExtension>
            <ns3:hr>143</ns3:hr>
            <ns3:cad>79</ns3:cad>
          </ns3:TrackPointExtension>
        </extensions>
      </trkpt>
      <trkpt lat="31.02306841872632503509521484375" lon="121.42914690077304840087890625">
        <ele>3.599999904632568359375</ele>
        <time>2026-05-11T13:07:10.000Z</time>
        <extensions>
          <ns3:TrackPointExtension>
            <ns3:hr>143</ns3:hr>
            <ns3:cad>80</ns3:cad>
          </ns3:TrackPointExtension>
        </extensions>
      </trkpt>
      <trkpt lat="31.0230931453406810760498046875" lon="121.42911781556904315948486328125">
        <ele>3.599999904632568359375</ele>
        <time>2026-05-11T13:07:11.000Z</time>
        <extensions>
          <ns3:TrackPointExtension>
            <ns3:hr>144</ns3:hr>
            <ns3:cad>80</ns3:cad>
          </ns3:TrackPointExtension>
        </extensions>
      </trkpt>
      <trkpt lat="31.0231233201920986175537109375" lon="121.4290837012231349945068359375">
        <ele>3.599999904632568359375</ele>
        <time>2026-05-11T13:07:12.000Z</time>
        <extensions>
          <ns3:TrackPointExtension>
            <ns3:hr>144</ns3:hr>
            <ns3:cad>80</ns3:cad>
          </ns3:TrackPointExtension>
        </extensions>
      </trkpt>
      <trkpt lat="31.02314234711229801177978515625" lon="121.4290491677820682525634765625">
        <ele>3.400000095367431640625</ele>
        <time>2026-05-11T13:07:13.000Z</time>
        <extensions>
          <ns3:TrackPointExtension>
            <ns3:hr>144</ns3:hr>
            <ns3:cad>80</ns3:cad>
          </ns3:TrackPointExtension>
        </extensions>
      </trkpt>
      <trkpt lat="31.02316237986087799072265625" lon="121.4289985410869121551513671875">
        <ele>3.400000095367431640625</ele>
        <time>2026-05-11T13:07:14.000Z</time>
        <extensions>
          <ns3:TrackPointExtension>
            <ns3:hr>144</ns3:hr>
            <ns3:cad>80</ns3:cad>
          </ns3:TrackPointExtension>
        </extensions>
      </trkpt>
      <trkpt lat="31.02317637763917446136474609375" lon="121.42895788885653018951416015625">
        <ele>3.400000095367431640625</ele>
        <time>2026-05-11T13:07:15.000Z</time>
        <extensions>
          <ns3:TrackPointExtension>
            <ns3:hr>145</ns3:hr>
            <ns3:cad>80</ns3:cad>
          </ns3:TrackPointExtension>
        </extensions>
      </trkpt>
      <trkpt lat="31.023178808391094207763671875" lon="121.42891933210194110870361328125">
        <ele>3.400000095367431640625</ele>
        <time>2026-05-11T13:07:16.000Z</time>
        <extensions>
          <ns3:TrackPointExtension>
            <ns3:hr>145</ns3:hr>
            <ns3:cad>80</ns3:cad>
          </ns3:TrackPointExtension>
        </extensions>
      </trkpt>
      <trkpt lat="31.023186184465885162353515625" lon="121.42887742258608341217041015625">
        <ele>3.400000095367431640625</ele>
        <time>2026-05-11T13:07:17.000Z</time>
        <extensions>
          <ns3:TrackPointExtension>
            <ns3:hr>146</ns3:hr>
            <ns3:cad>85</ns3:cad>
          </ns3:TrackPointExtension>
        </extensions>
      </trkpt>
      <trkpt lat="31.02318358607590198516845703125" lon="121.4288402907550334930419921875">
        <ele>3.400000095367431640625</ele>
        <time>2026-05-11T13:07:18.000Z</time>
        <extensions>
          <ns3:TrackPointExtension>
            <ns3:hr>147</ns3:hr>
            <ns3:cad>85</ns3:cad>
          </ns3:TrackPointExtension>
        </extensions>
      </trkpt>
      <trkpt lat="31.02317956276237964630126953125" lon="121.4287946932017803192138671875">
        <ele>3.400000095367431640625</ele>
        <time>2026-05-11T13:07:19.000Z</time>
        <extensions>
          <ns3:TrackPointExtension>
            <ns3:hr>148</ns3:hr>
            <ns3:cad>85</ns3:cad>
          </ns3:TrackPointExtension>
        </extensions>
      </trkpt>
      <trkpt lat="31.0231736116111278533935546875" lon="121.4287581481039524078369140625">
        <ele>3.400000095367431640625</ele>
        <time>2026-05-11T13:07:20.000Z</time>
        <extensions>
          <ns3:TrackPointExtension>
            <ns3:hr>149</ns3:hr>
            <ns3:cad>85</ns3:cad>
          </ns3:TrackPointExtension>
        </extensions>
      </trkpt>
      <trkpt lat="31.0231591947376728057861328125" lon="121.4287192560732364654541015625">
        <ele>3.400000095367431640625</ele>
        <time>2026-05-11T13:07:21.000Z</time>
        <extensions>
          <ns3:TrackPointExtension>
            <ns3:hr>149</ns3:hr>
            <ns3:cad>84</ns3:cad>
          </ns3:TrackPointExtension>
        </extensions>
      </trkpt>
      <trkpt lat="31.02314670570194721221923828125" lon="121.42868019640445709228515625">
        <ele>3.400000095367431640625</ele>
        <time>2026-05-11T13:07:22.000Z</time>
        <extensions>
          <ns3:TrackPointExtension>
            <ns3:hr>150</ns3:hr>
            <ns3:cad>84</ns3:cad>
          </ns3:TrackPointExtension>
        </extensions>
      </trkpt>
      <trkpt lat="31.023129858076572418212890625" lon="121.42865161411464214324951171875">
        <ele>3.400000095367431640625</ele>
        <time>2026-05-11T13:07:23.000Z</time>
        <extensions>
          <ns3:TrackPointExtension>
            <ns3:hr>151</ns3:hr>
            <ns3:cad>84</ns3:cad>
          </ns3:TrackPointExtension>
        </extensions>
      </trkpt>
      <trkpt lat="31.02310781367123126983642578125" lon="121.42861490137875080108642578125">
        <ele>3.400000095367431640625</ele>
        <time>2026-05-11T13:07:24.000Z</time>
        <extensions>
          <ns3:TrackPointExtension>
            <ns3:hr>152</ns3:hr>
            <ns3:cad>84</ns3:cad>
          </ns3:TrackPointExtension>
        </extensions>
      </trkpt>
      <trkpt lat="31.0230906307697296142578125" lon="121.42858472652733325958251953125">
        <ele>3.400000095367431640625</ele>
        <time>2026-05-11T13:07:25.000Z</time>
        <extensions>
          <ns3:TrackPointExtension>
            <ns3:hr>153</ns3:hr>
            <ns3:cad>85</ns3:cad>
          </ns3:TrackPointExtension>
        </extensions>
      </trkpt>
      <trkpt lat="31.023062132298946380615234375" lon="121.42855891026556491851806640625">
        <ele>3.400000095367431640625</ele>
        <time>2026-05-11T13:07:26.000Z</time>
        <extensions>
          <ns3:TrackPointExtension>
            <ns3:hr>154</ns3:hr>
            <ns3:cad>84</ns3:cad>
          </ns3:TrackPointExtension>
        </extensions>
      </trkpt>
      <trkpt lat="31.0230371542274951934814453125" lon="121.428533010184764862060546875">
        <ele>3.400000095367431640625</ele>
        <time>2026-05-11T13:07:27.000Z</time>
        <extensions>
          <ns3:TrackPointExtension>
            <ns3:hr>155</ns3:hr>
            <ns3:cad>84</ns3:cad>
          </ns3:TrackPointExtension>
        </extensions>
      </trkpt>
      <trkpt lat="31.02300949394702911376953125" lon="121.42851649783551692962646484375">
        <ele>3.400000095367431640625</ele>
        <time>2026-05-11T13:07:28.000Z</time>
        <extensions>
          <ns3:TrackPointExtension>
            <ns3:hr>156</ns3:hr>
            <ns3:cad>84</ns3:cad>
          </ns3:TrackPointExtension>
        </extensions>
      </trkpt>
      <trkpt lat="31.0229794867336750030517578125" lon="121.42848900519311428070068359375">
        <ele>3.400000095367431640625</ele>
        <time>2026-05-11T13:07:29.000Z</time>
        <extensions>
          <ns3:TrackPointExtension>
            <ns3:hr>156</ns3:hr>
            <ns3:cad>84</ns3:cad>
          </ns3:TrackPointExtension>
        </extensions>
      </trkpt>
      <trkpt lat="31.02295157499611377716064453125" lon="121.4284751750528812408447265625">
        <ele>3.2000000476837158203125</ele>
        <time>2026-05-11T13:07:30.000Z</time>
        <extensions>
          <ns3:TrackPointExtension>
            <ns3:hr>156</ns3:hr>
            <ns3:cad>85</ns3:cad>
          </ns3:TrackPointExtension>
        </extensions>
      </trkpt>
      <trkpt lat="31.0229208134114742279052734375" lon="121.42845950089395046234130859375">
        <ele>3.400000095367431640625</ele>
        <time>2026-05-11T13:07:31.000Z</time>
        <extensions>
          <ns3:TrackPointExtension>
            <ns3:hr>156</ns3:hr>
            <ns3:cad>85</ns3:cad>
          </ns3:TrackPointExtension>
        </extensions>
      </trkpt>
      <trkpt lat="31.022890470921993255615234375" lon="121.42844625748693943023681640625">
        <ele>3.400000095367431640625</ele>
        <time>2026-05-11T13:07:32.000Z</time>
        <extensions>
          <ns3:TrackPointExtension>
            <ns3:hr>156</ns3:hr>
            <ns3:cad>85</ns3:cad>
          </ns3:TrackPointExtension>
        </extensions>
      </trkpt>
      <trkpt lat="31.02285954169929027557373046875" lon="121.42844541929662227630615234375">
        <ele>3.400000095367431640625</ele>
        <time>2026-05-11T13:07:33.000Z</time>
        <extensions>
          <ns3:TrackPointExtension>
            <ns3:hr>156</ns3:hr>
            <ns3:cad>85</ns3:cad>
          </ns3:TrackPointExtension>
        </extensions>
      </trkpt>
      <trkpt lat="31.0228252597153186798095703125" lon="121.428434439003467559814453125">
        <ele>3.400000095367431640625</ele>
        <time>2026-05-11T13:07:34.000Z</time>
        <extensions>
          <ns3:TrackPointExtension>
            <ns3:hr>156</ns3:hr>
            <ns3:cad>85</ns3:cad>
          </ns3:TrackPointExtension>
        </extensions>
      </trkpt>
      <trkpt lat="31.02279818616807460784912109375" lon="121.428436450660228729248046875">
        <ele>3.400000095367431640625</ele>
        <time>2026-05-11T13:07:35.000Z</time>
        <extensions>
          <ns3:TrackPointExtension>
            <ns3:hr>156</ns3:hr>
            <ns3:cad>85</ns3:cad>
          </ns3:TrackPointExtension>
        </extensions>
      </trkpt>
      <trkpt lat="31.0227620601654052734375" lon="121.42844223417341709136962890625">
        <ele>3.400000095367431640625</ele>
        <time>2026-05-11T13:07:36.000Z</time>
        <extensions>
          <ns3:TrackPointExtension>
            <ns3:hr>157</ns3:hr>
            <ns3:cad>84</ns3:cad>
          </ns3:TrackPointExtension>
        </extensions>
      </trkpt>
      <trkpt lat="31.022734232246875762939453125" lon="121.42844709567725658416748046875">
        <ele>3.400000095367431640625</ele>
        <time>2026-05-11T13:07:37.000Z</time>
        <extensions>
          <ns3:TrackPointExtension>
            <ns3:hr>157</ns3:hr>
            <ns3:cad>84</ns3:cad>
          </ns3:TrackPointExtension>
        </extensions>
      </trkpt>
      <trkpt lat="31.02270665578544139862060546875" lon="121.4284609258174896240234375">
        <ele>3.400000095367431640625</ele>
        <time>2026-05-11T13:07:38.000Z</time>
        <extensions>
          <ns3:TrackPointExtension>
            <ns3:hr>157</ns3:hr>
            <ns3:cad>84</ns3:cad>
          </ns3:TrackPointExtension>
        </extensions>
      </trkpt>
      <trkpt lat="31.0226753912866115570068359375" lon="121.4284681342542171478271484375">
        <ele>3.400000095367431640625</ele>
        <time>2026-05-11T13:07:39.000Z</time>
        <extensions>
          <ns3:TrackPointExtension>
            <ns3:hr>157</ns3:hr>
            <ns3:cad>84</ns3:cad>
          </ns3:TrackPointExtension>
        </extensions>
      </trkpt>
      <trkpt lat="31.02265032939612865447998046875" lon="121.42848012037575244903564453125">
        <ele>3.400000095367431640625</ele>
        <time>2026-05-11T13:07:40.000Z</time>
        <extensions>
          <ns3:TrackPointExtension>
            <ns3:hr>157</ns3:hr>
            <ns3:cad>84</ns3:cad>
          </ns3:TrackPointExtension>
        </extensions>
      </trkpt>
      <trkpt lat="31.022615544497966766357421875" lon="121.42848732881247997283935546875">
        <ele>3.400000095367431640625</ele>
        <time>2026-05-11T13:07:41.000Z</time>
        <extensions>
          <ns3:TrackPointExtension>
            <ns3:hr>157</ns3:hr>
            <ns3:cad>85</ns3:cad>
          </ns3:TrackPointExtension>
        </extensions>
      </trkpt>
      <trkpt lat="31.02259241044521331787109375" lon="121.42849621362984180450439453125">
        <ele>3.400000095367431640625</ele>
        <time>2026-05-11T13:07:42.000Z</time>
        <extensions>
          <ns3:TrackPointExtension>
            <ns3:hr>157</ns3:hr>
            <ns3:cad>85</ns3:cad>
          </ns3:TrackPointExtension>
        </extensions>
      </trkpt>
      <trkpt lat="31.02255946956574916839599609375" lon="121.42850727774202823638916015625">
        <ele>3.400000095367431640625</ele>
        <time>2026-05-11T13:07:43.000Z</time>
        <extensions>
          <ns3:TrackPointExtension>
            <ns3:hr>157</ns3:hr>
            <ns3:cad>85</ns3:cad>
          </ns3:TrackPointExtension>
        </extensions>
      </trkpt>
      <trkpt lat="31.0225292108952999114990234375" lon="121.4285174198448657989501953125">
        <ele>3.400000095367431640625</ele>
        <time>2026-05-11T13:07:44.000Z</time>
        <extensions>
          <ns3:TrackPointExtension>
            <ns3:hr>157</ns3:hr>
            <ns3:cad>85</ns3:cad>
          </ns3:TrackPointExtension>
        </extensions>
      </trkpt>
      <trkpt lat="31.022498868405818939208984375" lon="121.428528316318988800048828125">
        <ele>3.2000000476837158203125</ele>
        <time>2026-05-11T13:07:45.000Z</time>
        <extensions>
          <ns3:TrackPointExtension>
            <ns3:hr>158</ns3:hr>
            <ns3:cad>85</ns3:cad>
          </ns3:TrackPointExtension>
        </extensions>
      </trkpt>
      <trkpt lat="31.0224651731550693511962890625" lon="121.42852840013802051544189453125">
        <ele>3.2000000476837158203125</ele>
        <time>2026-05-11T13:07:46.000Z</time>
        <extensions>
          <ns3:TrackPointExtension>
            <ns3:hr>158</ns3:hr>
            <ns3:cad>85</ns3:cad>
          </ns3:TrackPointExtension>
        </extensions>
      </trkpt>
      <trkpt lat="31.02244262583553791046142578125" lon="121.42853326164186000823974609375">
        <ele>3.2000000476837158203125</ele>
        <time>2026-05-11T13:07:47.000Z</time>
        <extensions>
          <ns3:TrackPointExtension>
            <ns3:hr>158</ns3:hr>
            <ns3:cad>85</ns3:cad>
          </ns3:TrackPointExtension>
        </extensions>
      </trkpt>
      <trkpt lat="31.02240675128996372222900390625" lon="121.42854072153568267822265625">
        <ele>3.2000000476837158203125</ele>
        <time>2026-05-11T13:07:48.000Z</time>
        <extensions>
          <ns3:TrackPointExtension>
            <ns3:hr>158</ns3:hr>
            <ns3:cad>85</ns3:cad>
          </ns3:TrackPointExtension>
        </extensions>
      </trkpt>
      <trkpt lat="31.0223798453807830810546875" lon="121.42854684032499790191650390625">
        <ele>3.400000095367431640625</ele>
        <time>2026-05-11T13:07:49.000Z</time>
        <extensions>
          <ns3:TrackPointExtension>
            <ns3:hr>158</ns3:hr>
            <ns3:cad>85</ns3:cad>
          </ns3:TrackPointExtension>
        </extensions>
      </trkpt>
      <trkpt lat="31.02235042490065097808837890625" lon="121.42855756916105747222900390625">
        <ele>3.400000095367431640625</ele>
        <time>2026-05-11T13:07:50.000Z</time>
        <extensions>
          <ns3:TrackPointExtension>
            <ns3:hr>159</ns3:hr>
            <ns3:cad>84</ns3:cad>
          </ns3:TrackPointExtension>
        </extensions>
      </trkpt>
      <trkpt lat="31.02231882512569427490234375" lon="121.42856192775070667266845703125">
        <ele>3.400000095367431640625</ele>
        <time>2026-05-11T13:07:51.000Z</time>
        <extensions>
          <ns3:TrackPointExtension>
            <ns3:hr>159</ns3:hr>
            <ns3:cad>84</ns3:cad>
          </ns3:TrackPointExtension>
        </extensions>
      </trkpt>
      <trkpt lat="31.02229208685457706451416015625" lon="121.4285737462341785430908203125">
        <ele>3.400000095367431640625</ele>
        <time>2026-05-11T13:07:52.000Z</time>
        <extensions>
          <ns3:TrackPointExtension>
            <ns3:hr>160</ns3:hr>
            <ns3:cad>84</ns3:cad>
          </ns3:TrackPointExtension>
        </extensions>
      </trkpt>
      <trkpt lat="31.02225537411868572235107421875" lon="121.4285760931670665740966796875">
        <ele>3.400000095367431640625</ele>
        <time>2026-05-11T13:07:53.000Z</time>
        <extensions>
          <ns3:TrackPointExtension>
            <ns3:hr>160</ns3:hr>
            <ns3:cad>84</ns3:cad>
          </ns3:TrackPointExtension>
        </extensions>
      </trkpt>
      <trkpt lat="31.022232659161090850830078125" lon="121.4285864867269992828369140625">
        <ele>3.400000095367431640625</ele>
        <time>2026-05-11T13:07:54.000Z</time>
        <extensions>
          <ns3:TrackPointExtension>
            <ns3:hr>160</ns3:hr>
            <ns3:cad>84</ns3:cad>
          </ns3:TrackPointExtension>
        </extensions>
      </trkpt>
      <trkpt lat="31.022199131548404693603515625" lon="121.42859562300145626068115234375">
        <ele>3.400000095367431640625</ele>
        <time>2026-05-11T13:07:55.000Z</time>
        <extensions>
          <ns3:TrackPointExtension>
            <ns3:hr>161</ns3:hr>
            <ns3:cad>84</ns3:cad>
          </ns3:TrackPointExtension>
        </extensions>
      </trkpt>
      <trkpt lat="31.02216920815408229827880859375" lon="121.4286029152572154998779296875">
        <ele>3.400000095367431640625</ele>
        <time>2026-05-11T13:07:56.000Z</time>
        <extensions>
          <ns3:TrackPointExtension>
            <ns3:hr>161</ns3:hr>
            <ns3:cad>85</ns3:cad>
          </ns3:TrackPointExtension>
        </extensions>
      </trkpt>
      <trkpt lat="31.0221402905881404876708984375" lon="121.42861624248325824737548828125">
        <ele>3.400000095367431640625</ele>
        <time>2026-05-11T13:07:57.000Z</time>
        <extensions>
          <ns3:TrackPointExtension>
            <ns3:hr>161</ns3:hr>
            <ns3:cad>85</ns3:cad>
          </ns3:TrackPointExtension>
        </extensions>
      </trkpt>
      <trkpt lat="31.0221044160425662994384765625" lon="121.42861708067357540130615234375">
        <ele>3.400000095367431640625</ele>
        <time>2026-05-11T13:07:58.000Z</time>
        <extensions>
          <ns3:TrackPointExtension>
            <ns3:hr>162</ns3:hr>
            <ns3:cad>85</ns3:cad>
          </ns3:TrackPointExtension>
        </extensions>
      </trkpt>
      <trkpt lat="31.02207801304757595062255859375" lon="121.4286272227764129638671875">
        <ele>3.400000095367431640625</ele>
        <time>2026-05-11T13:07:59.000Z</time>
        <extensions>
          <ns3:TrackPointExtension>
            <ns3:hr>162</ns3:hr>
            <ns3:cad>85</ns3:cad>
          </ns3:TrackPointExtension>
        </extensions>
      </trkpt>
      <trkpt lat="31.02204029448330402374267578125" lon="121.4286327548325061798095703125">
        <ele>3.400000095367431640625</ele>
        <time>2026-05-11T13:08:00.000Z</time>
        <extensions>
          <ns3:TrackPointExtension>
            <ns3:hr>163</ns3:hr>
            <ns3:cad>85</ns3:cad>
          </ns3:TrackPointExtension>
        </extensions>
      </trkpt>
      <trkpt lat="31.02201464585959911346435546875" lon="121.4286433160305023193359375">
        <ele>3.2000000476837158203125</ele>
        <time>2026-05-11T13:08:01.000Z</time>
        <extensions>
          <ns3:TrackPointExtension>
            <ns3:hr>163</ns3:hr>
            <ns3:cad>85</ns3:cad>
          </ns3:TrackPointExtension>
        </extensions>
      </trkpt>
      <trkpt lat="31.02198597975075244903564453125" lon="121.42865915782749652862548828125">
        <ele>3.2000000476837158203125</ele>
        <time>2026-05-11T13:08:02.000Z</time>
        <extensions>
          <ns3:TrackPointExtension>
            <ns3:hr>164</ns3:hr>
            <ns3:cad>85</ns3:cad>
          </ns3:TrackPointExtension>
        </extensions>
      </trkpt>
      <trkpt lat="31.0219552181661128997802734375" lon="121.42866946756839752197265625">
        <ele>3.2000000476837158203125</ele>
        <time>2026-05-11T13:08:03.000Z</time>
        <extensions>
          <ns3:TrackPointExtension>
            <ns3:hr>164</ns3:hr>
            <ns3:cad>85</ns3:cad>
          </ns3:TrackPointExtension>
        </extensions>
      </trkpt>
      <trkpt lat="31.02192990481853485107421875" lon="121.42868447117507457733154296875">
        <ele>3.2000000476837158203125</ele>
        <time>2026-05-11T13:08:04.000Z</time>
        <extensions>
          <ns3:TrackPointExtension>
            <ns3:hr>164</ns3:hr>
            <ns3:cad>85</ns3:cad>
          </ns3:TrackPointExtension>
        </extensions>
      </trkpt>
      <trkpt lat="31.02189528755843639373779296875" lon="121.42870190553367137908935546875">
        <ele>3.2000000476837158203125</ele>
        <time>2026-05-11T13:08:05.000Z</time>
        <extensions>
          <ns3:TrackPointExtension>
            <ns3:hr>165</ns3:hr>
            <ns3:cad>84</ns3:cad>
          </ns3:TrackPointExtension>
        </extensions>
      </trkpt>
      <trkpt lat="31.0218720696866512298583984375" lon="121.428722441196441650390625">
        <ele>3.2000000476837158203125</ele>
        <time>2026-05-11T13:08:06.000Z</time>
        <extensions>
          <ns3:TrackPointExtension>
            <ns3:hr>165</ns3:hr>
            <ns3:cad>84</ns3:cad>
          </ns3:TrackPointExtension>
        </extensions>
      </trkpt>
      <trkpt lat="31.0218482650816440582275390625" lon="121.42875068821012973785400390625">
        <ele>3.2000000476837158203125</ele>
        <time>2026-05-11T13:08:07.000Z</time>
        <extensions>
          <ns3:TrackPointExtension>
            <ns3:hr>165</ns3:hr>
            <ns3:cad>84</ns3:cad>
          </ns3:TrackPointExtension>
        </extensions>
      </trkpt>
      <trkpt lat="31.0218273103237152099609375" lon="121.42877566628158092498779296875">
        <ele>3.2000000476837158203125</ele>
        <time>2026-05-11T13:08:08.000Z</time>
        <extensions>
          <ns3:TrackPointExtension>
            <ns3:hr>165</ns3:hr>
            <ns3:cad>84</ns3:cad>
          </ns3:TrackPointExtension>
        </extensions>
      </trkpt>
      <trkpt lat="31.0218137316405773162841796875" lon="121.42880718223750591278076171875">
        <ele>3.2000000476837158203125</ele>
        <time>2026-05-11T13:08:09.000Z</time>
        <extensions>
          <ns3:TrackPointExtension>
            <ns3:hr>165</ns3:hr>
            <ns3:cad>84</ns3:cad>
          </ns3:TrackPointExtension>
        </extensions>
      </trkpt>
      <trkpt lat="31.021789424121379852294921875" lon="121.42883953638374805450439453125">
        <ele>3.2000000476837158203125</ele>
        <time>2026-05-11T13:08:10.000Z</time>
        <extensions>
          <ns3:TrackPointExtension>
            <ns3:hr>165</ns3:hr>
            <ns3:cad>84</ns3:cad>
          </ns3:TrackPointExtension>
        </extensions>
      </trkpt>
      <trkpt lat="31.02177291177213191986083984375" lon="121.42886837013065814971923828125">
        <ele>3.2000000476837158203125</ele>
        <time>2026-05-11T13:08:11.000Z</time>
        <extensions>
          <ns3:TrackPointExtension>
            <ns3:hr>165</ns3:hr>
            <ns3:cad>84</ns3:cad>
          </ns3:TrackPointExtension>
        </extensions>
      </trkpt>
      <trkpt lat="31.0217557288706302642822265625" lon="121.4289127103984355926513671875">
        <ele>3.2000000476837158203125</ele>
        <time>2026-05-11T13:08:12.000Z</time>
        <extensions>
          <ns3:TrackPointExtension>
            <ns3:hr>165</ns3:hr>
            <ns3:cad>85</ns3:cad>
          </ns3:TrackPointExtension>
        </extensions>
      </trkpt>
      <trkpt lat="31.0217468440532684326171875" lon="121.42894514836370944976806640625">
        <ele>3.2000000476837158203125</ele>
        <time>2026-05-11T13:08:13.000Z</time>
        <extensions>
          <ns3:TrackPointExtension>
            <ns3:hr>166</ns3:hr>
            <ns3:cad>85</ns3:cad>
          </ns3:TrackPointExtension>
        </extensions>
      </trkpt>
      <trkpt lat="31.0217429883778095245361328125" lon="121.428981609642505645751953125">
        <ele>3.2000000476837158203125</ele>
        <time>2026-05-11T13:08:14.000Z</time>
        <extensions>
          <ns3:TrackPointExtension>
            <ns3:hr>166</ns3:hr>
            <ns3:cad>85</ns3:cad>
          </ns3:TrackPointExtension>
        </extensions>
      </trkpt>
      <trkpt lat="31.0217346064746379852294921875" lon="121.4290206693112850189208984375">
        <ele>3.2000000476837158203125</ele>
        <time>2026-05-11T13:08:15.000Z</time>
        <extensions>
          <ns3:TrackPointExtension>
            <ns3:hr>166</ns3:hr>
            <ns3:cad>85</ns3:cad>
          </ns3:TrackPointExtension>
        </extensions>
      </trkpt>
      <trkpt lat="31.021737791597843170166015625" lon="121.429052688181400299072265625">
        <ele>3.2000000476837158203125</ele>
        <time>2026-05-11T13:08:16.000Z</time>
        <extensions>
          <ns3:TrackPointExtension>
            <ns3:hr>167</ns3:hr>
            <ns3:cad>85</ns3:cad>
          </ns3:TrackPointExtension>
        </extensions>
      </trkpt>
      <trkpt lat="31.02173368446528911590576171875" lon="121.42909593880176544189453125">
        <ele>3.2000000476837158203125</ele>
        <time>2026-05-11T13:08:17.000Z</time>
        <extensions>
          <ns3:TrackPointExtension>
            <ns3:hr>167</ns3:hr>
            <ns3:cad>85</ns3:cad>
          </ns3:TrackPointExtension>
        </extensions>
      </trkpt>
      <trkpt lat="31.021741144359111785888671875" lon="121.42912753857672214508056640625">
        <ele>3.2000000476837158203125</ele>
        <time>2026-05-11T13:08:18.000Z</time>
        <extensions>
          <ns3:TrackPointExtension>
            <ns3:hr>167</ns3:hr>
            <ns3:cad>85</ns3:cad>
          </ns3:TrackPointExtension>
        </extensions>
      </trkpt>
      <trkpt lat="31.0217460058629512786865234375" lon="121.4291658438742160797119140625">
        <ele>3.400000095367431640625</ele>
        <time>2026-05-11T13:08:19.000Z</time>
        <extensions>
          <ns3:TrackPointExtension>
            <ns3:hr>167</ns3:hr>
            <ns3:cad>85</ns3:cad>
          </ns3:TrackPointExtension>
        </extensions>
      </trkpt>
      <trkpt lat="31.02175111882388591766357421875" lon="121.429201550781726837158203125">
        <ele>3.400000095367431640625</ele>
        <time>2026-05-11T13:08:20.000Z</time>
        <extensions>
          <ns3:TrackPointExtension>
            <ns3:hr>167</ns3:hr>
            <ns3:cad>84</ns3:cad>
          </ns3:TrackPointExtension>
        </extensions>
      </trkpt>
      <trkpt lat="31.02176687680184841156005859375" lon="121.4292312227189540863037109375">
        <ele>3.400000095367431640625</ele>
        <time>2026-05-11T13:08:21.000Z</time>
        <extensions>
          <ns3:TrackPointExtension>
            <ns3:hr>167</ns3:hr>
            <ns3:cad>84</ns3:cad>
          </ns3:TrackPointExtension>
        </extensions>
      </trkpt>
      <trkpt lat="31.0217785276472568511962890625" lon="121.4292701147496700286865234375">
        <ele>3.400000095367431640625</ele>
        <time>2026-05-11T13:08:22.000Z</time>
        <extensions>
          <ns3:TrackPointExtension>
            <ns3:hr>166</ns3:hr>
            <ns3:cad>85</ns3:cad>
          </ns3:TrackPointExtension>
        </extensions>
      </trkpt>
      <trkpt lat="31.021791435778141021728515625" lon="121.4292932488024234771728515625">
        <ele>3.400000095367431640625</ele>
        <time>2026-05-11T13:08:23.000Z</time>
        <extensions>
          <ns3:TrackPointExtension>
            <ns3:hr>167</ns3:hr>
            <ns3:cad>85</ns3:cad>
          </ns3:TrackPointExtension>
        </extensions>
      </trkpt>
      <trkpt lat="31.0218120552599430084228515625" lon="121.4293291233479976654052734375">
        <ele>3.2000000476837158203125</ele>
        <time>2026-05-11T13:08:24.000Z</time>
        <extensions>
          <ns3:TrackPointExtension>
            <ns3:hr>167</ns3:hr>
            <ns3:cad>85</ns3:cad>
          </ns3:TrackPointExtension>
        </extensions>
      </trkpt>
      <trkpt lat="31.02182990871369838714599609375" lon="121.429350413382053375244140625">
        <ele>3.2000000476837158203125</ele>
        <time>2026-05-11T13:08:25.000Z</time>
        <extensions>
          <ns3:TrackPointExtension>
            <ns3:hr>167</ns3:hr>
            <ns3:cad>85</ns3:cad>
          </ns3:TrackPointExtension>
        </extensions>
      </trkpt>
      <trkpt lat="31.02185572497546672821044921875" lon="121.4293743856251239776611328125">
        <ele>3.2000000476837158203125</ele>
        <time>2026-05-11T13:08:26.000Z</time>
        <extensions>
          <ns3:TrackPointExtension>
            <ns3:hr>167</ns3:hr>
            <ns3:cad>85</ns3:cad>
          </ns3:TrackPointExtension>
        </extensions>
      </trkpt>
      <trkpt lat="31.02187936194241046905517578125" lon="121.4294025488197803497314453125">
        <ele>3.2000000476837158203125</ele>
        <time>2026-05-11T13:08:27.000Z</time>
        <extensions>
          <ns3:TrackPointExtension>
            <ns3:hr>167</ns3:hr>
            <ns3:cad>85</ns3:cad>
          </ns3:TrackPointExtension>
        </extensions>
      </trkpt>
      <trkpt lat="31.02190710604190826416015625" lon="121.4294209890067577362060546875">
        <ele>3.2000000476837158203125</ele>
        <time>2026-05-11T13:08:28.000Z</time>
        <extensions>
          <ns3:TrackPointExtension>
            <ns3:hr>166</ns3:hr>
            <ns3:cad>85</ns3:cad>
          </ns3:TrackPointExtension>
        </extensions>
      </trkpt>
      <trkpt lat="31.0219364427030086517333984375" lon="121.42944839783012866973876953125">
        <ele>3.2000000476837158203125</ele>
        <time>2026-05-11T13:08:29.000Z</time>
        <extensions>
          <ns3:TrackPointExtension>
            <ns3:hr>167</ns3:hr>
            <ns3:cad>85</ns3:cad>
          </ns3:TrackPointExtension>
        </extensions>
      </trkpt>
      <trkpt lat="31.02196150459349155426025390625" lon="121.4294585399329662322998046875">
        <ele>3.2000000476837158203125</ele>
        <time>2026-05-11T13:08:30.000Z</time>
        <extensions>
          <ns3:TrackPointExtension>
            <ns3:hr>167</ns3:hr>
            <ns3:cad>85</ns3:cad>
          </ns3:TrackPointExtension>
        </extensions>
      </trkpt>
      <trkpt lat="31.021993942558765411376953125" lon="121.42946985550224781036376953125">
        <ele>3.2000000476837158203125</ele>
        <time>2026-05-11T13:08:31.000Z</time>
        <extensions>
          <ns3:TrackPointExtension>
            <ns3:hr>167</ns3:hr>
            <ns3:cad>85</ns3:cad>
          </ns3:TrackPointExtension>
        </extensions>
      </trkpt>
      <trkpt lat="31.02202403359115123748779296875" lon="121.4294833503663539886474609375">
        <ele>3.2000000476837158203125</ele>
        <time>2026-05-11T13:08:32.000Z</time>
        <extensions>
          <ns3:TrackPointExtension>
            <ns3:hr>167</ns3:hr>
            <ns3:cad>85</ns3:cad>
          </ns3:TrackPointExtension>
        </extensions>
      </trkpt>
      <trkpt lat="31.0220534540712833404541015625" lon="121.42948762513697147369384765625">
        <ele>3.2000000476837158203125</ele>
        <time>2026-05-11T13:08:33.000Z</time>
        <extensions>
          <ns3:TrackPointExtension>
            <ns3:hr>167</ns3:hr>
            <ns3:cad>85</ns3:cad>
          </ns3:TrackPointExtension>
        </extensions>
      </trkpt>
      <trkpt lat="31.02208555676043033599853515625" lon="121.42950120382010936737060546875">
        <ele>3.2000000476837158203125</ele>
        <time>2026-05-11T13:08:34.000Z</time>
        <extensions>
          <ns3:TrackPointExtension>
            <ns3:hr>166</ns3:hr>
            <ns3:cad>85</ns3:cad>
          </ns3:TrackPointExtension>
        </extensions>
      </trkpt>
      <trkpt lat="31.02211120538413524627685546875" lon="121.42950187437236309051513671875">
        <ele>3.2000000476837158203125</ele>
        <time>2026-05-11T13:08:35.000Z</time>
        <extensions>
          <ns3:TrackPointExtension>
            <ns3:hr>167</ns3:hr>
            <ns3:cad>85</ns3:cad>
          </ns3:TrackPointExtension>
        </extensions>
      </trkpt>
      <trkpt lat="31.0221466608345508575439453125" lon="121.4295027963817119598388671875">
        <ele>3.2000000476837158203125</ele>
        <time>2026-05-11T13:08:36.000Z</time>
        <extensions>
          <ns3:TrackPointExtension>
            <ns3:hr>167</ns3:hr>
            <ns3:cad>85</ns3:cad>
          </ns3:TrackPointExtension>
        </extensions>
      </trkpt>
      <trkpt lat="31.0221718065440654754638671875" lon="121.4294967614114284515380859375">
        <ele>3.2000000476837158203125</ele>
        <time>2026-05-11T13:08:37.000Z</time>
        <extensions>
          <ns3:TrackPointExtension>
            <ns3:hr>167</ns3:hr>
            <ns3:cad>85</ns3:cad>
          </ns3:TrackPointExtension>
        </extensions>
      </trkpt>
      <trkpt lat="31.02220139466226100921630859375" lon="121.42948687076568603515625">
        <ele>3.2000000476837158203125</ele>
        <time>2026-05-11T13:08:38.000Z</time>
        <extensions>
          <ns3:TrackPointExtension>
            <ns3:hr>167</ns3:hr>
            <ns3:cad>86</ns3:cad>
          </ns3:TrackPointExtension>
        </extensions>
      </trkpt>
      <trkpt lat="31.02223408408463001251220703125" lon="121.429481171071529388427734375">
        <ele>3.2000000476837158203125</ele>
        <time>2026-05-11T13:08:39.000Z</time>
        <extensions>
          <ns3:TrackPointExtension>
            <ns3:hr>166</ns3:hr>
            <ns3:cad>86</ns3:cad>
          </ns3:TrackPointExtension>
        </extensions>
      </trkpt>
      <trkpt lat="31.02226476185023784637451171875" lon="121.42947069369256496429443359375">
        <ele>3.2000000476837158203125</ele>
        <time>2026-05-11T13:08:40.000Z</time>
        <extensions>
          <ns3:TrackPointExtension>
            <ns3:hr>167</ns3:hr>
            <ns3:cad>86</ns3:cad>
          </ns3:TrackPointExtension>
        </extensions>
      </trkpt>
      <trkpt lat="31.02229745127260684967041015625" lon="121.42946465872228145599365234375">
        <ele>3.2000000476837158203125</ele>
        <time>2026-05-11T13:08:41.000Z</time>
        <extensions>
          <ns3:TrackPointExtension>
            <ns3:hr>167</ns3:hr>
            <ns3:cad>85</ns3:cad>
          </ns3:TrackPointExtension>
        </extensions>
      </trkpt>
      <trkpt lat="31.02232460863888263702392578125" lon="121.42945342697203159332275390625">
        <ele>3</ele>
        <time>2026-05-11T13:08:42.000Z</time>
        <extensions>
          <ns3:TrackPointExtension>
            <ns3:hr>167</ns3:hr>
            <ns3:cad>85</ns3:cad>
          </ns3:TrackPointExtension>
        </extensions>
      </trkpt>
      <trkpt lat="31.022355370223522186279296875" lon="121.42944169230759143829345703125">
        <ele>3</ele>
        <time>2026-05-11T13:08:43.000Z</time>
        <extensions>
          <ns3:TrackPointExtension>
            <ns3:hr>166</ns3:hr>
            <ns3:cad>85</ns3:cad>
          </ns3:TrackPointExtension>
        </extensions>
      </trkpt>
      <trkpt lat="31.0223850421607494354248046875" lon="121.42943398095667362213134765625">
        <ele>3</ele>
        <time>2026-05-11T13:08:44.000Z</time>
        <extensions>
          <ns3:TrackPointExtension>
            <ns3:hr>167</ns3:hr>
            <ns3:cad>84</ns3:cad>
          </ns3:TrackPointExtension>
        </extensions>
      </trkpt>
      <trkpt lat="31.02241362445056438446044921875" lon="121.429422162473201751708984375">
        <ele>3</ele>
        <time>2026-05-11T13:08:45.000Z</time>
        <extensions>
          <ns3:TrackPointExtension>
            <ns3:hr>167</ns3:hr>
            <ns3:cad>84</ns3:cad>
          </ns3:TrackPointExtension>
        </extensions>
      </trkpt>
      <trkpt lat="31.02244480513036251068115234375" lon="121.42941973172128200531005859375">
        <ele>3</ele>
        <time>2026-05-11T13:08:46.000Z</time>
        <extensions>
          <ns3:TrackPointExtension>
            <ns3:hr>167</ns3:hr>
            <ns3:cad>84</ns3:cad>
          </ns3:TrackPointExtension>
        </extensions>
      </trkpt>
      <trkpt lat="31.02247397415339946746826171875" lon="121.42941269092261791229248046875">
        <ele>3</ele>
        <time>2026-05-11T13:08:47.000Z</time>
        <extensions>
          <ns3:TrackPointExtension>
            <ns3:hr>166</ns3:hr>
            <ns3:cad>84</ns3:cad>
          </ns3:TrackPointExtension>
        </extensions>
      </trkpt>
      <trkpt lat="31.02250666357576847076416015625" lon="121.42940112389624118804931640625">
        <ele>3</ele>
        <time>2026-05-11T13:08:48.000Z</time>
        <extensions>
          <ns3:TrackPointExtension>
            <ns3:hr>167</ns3:hr>
            <ns3:cad>85</ns3:cad>
          </ns3:TrackPointExtension>
        </extensions>
      </trkpt>
      <trkpt lat="31.02253340184688568115234375" lon="121.42939324490725994110107421875">
        <ele>3</ele>
        <time>2026-05-11T13:08:49.000Z</time>
        <extensions>
          <ns3:TrackPointExtension>
            <ns3:hr>167</ns3:hr>
            <ns3:cad>85</ns3:cad>
          </ns3:TrackPointExtension>
        </extensions>
      </trkpt>
      <trkpt lat="31.02256148122251033782958984375" lon="121.42937815748155117034912109375">
        <ele>3</ele>
        <time>2026-05-11T13:08:50.000Z</time>
        <extensions>
          <ns3:TrackPointExtension>
            <ns3:hr>166</ns3:hr>
            <ns3:cad>85</ns3:cad>
          </ns3:TrackPointExtension>
        </extensions>
      </trkpt>
      <trkpt lat="31.02259199135005474090576171875" lon="121.42937430180609226226806640625">
        <ele>3</ele>
        <time>2026-05-11T13:08:51.000Z</time>
        <extensions>
          <ns3:TrackPointExtension>
            <ns3:hr>167</ns3:hr>
            <ns3:cad>85</ns3:cad>
          </ns3:TrackPointExtension>
        </extensions>
      </trkpt>
      <trkpt lat="31.022618897259235382080078125" lon="121.4293616451323032379150390625">
        <ele>3</ele>
        <time>2026-05-11T13:08:52.000Z</time>
        <extensions>
          <ns3:TrackPointExtension>
            <ns3:hr>167</ns3:hr>
            <ns3:cad>85</ns3:cad>
          </ns3:TrackPointExtension>
        </extensions>
      </trkpt>
      <trkpt lat="31.022653095424175262451171875" lon="121.4293549396097660064697265625">
        <ele>3.2000000476837158203125</ele>
        <time>2026-05-11T13:08:53.000Z</time>
        <extensions>
          <ns3:TrackPointExtension>
            <ns3:hr>166</ns3:hr>
            <ns3:cad>85</ns3:cad>
          </ns3:TrackPointExtension>
        </extensions>
      </trkpt>
      <trkpt lat="31.022678911685943603515625" lon="121.4293433725833892822265625">
        <ele>3.2000000476837158203125</ele>
        <time>2026-05-11T13:08:54.000Z</time>
        <extensions>
          <ns3:TrackPointExtension>
            <ns3:hr>167</ns3:hr>
            <ns3:cad>85</ns3:cad>
          </ns3:TrackPointExtension>
        </extensions>
      </trkpt>
      <trkpt lat="31.02271000854671001434326171875" lon="121.42933071590960025787353515625">
        <ele>3.2000000476837158203125</ele>
        <time>2026-05-11T13:08:55.000Z</time>
        <extensions>
          <ns3:TrackPointExtension>
            <ns3:hr>166</ns3:hr>
            <ns3:cad>85</ns3:cad>
          </ns3:TrackPointExtension>
        </extensions>
      </trkpt>
      <trkpt lat="31.02273993194103240966796875" lon="121.429323591291904449462890625">
        <ele>3</ele>
        <time>2026-05-11T13:08:56.000Z</time>
        <extensions>
          <ns3:TrackPointExtension>
            <ns3:hr>166</ns3:hr>
            <ns3:cad>84</ns3:cad>
          </ns3:TrackPointExtension>
        </extensions>
      </trkpt>
      <trkpt lat="31.0227660834789276123046875" lon="121.429318226873874664306640625">
        <ele>3</ele>
        <time>2026-05-11T13:08:57.000Z</time>
        <extensions>
          <ns3:TrackPointExtension>
            <ns3:hr>166</ns3:hr>
            <ns3:cad>84</ns3:cad>
          </ns3:TrackPointExtension>
        </extensions>
      </trkpt>
      <trkpt lat="31.02279600687325000762939453125" lon="121.4293177239596843719482421875">
        <ele>3</ele>
        <time>2026-05-11T13:08:58.000Z</time>
        <extensions>
          <ns3:TrackPointExtension>
            <ns3:hr>166</ns3:hr>
            <ns3:cad>84</ns3:cad>
          </ns3:TrackPointExtension>
        </extensions>
      </trkpt>
      <trkpt lat="31.0228215716779232025146484375" lon="121.4293116889894008636474609375">
        <ele>3</ele>
        <time>2026-05-11T13:08:59.000Z</time>
        <extensions>
          <ns3:TrackPointExtension>
            <ns3:hr>166</ns3:hr>
            <ns3:cad>84</ns3:cad>
          </ns3:TrackPointExtension>
        </extensions>
      </trkpt>
      <trkpt lat="31.02285769768059253692626953125" lon="121.4293063245713710784912109375">
        <ele>3</ele>
        <time>2026-05-11T13:09:00.000Z</time>
        <extensions>
          <ns3:TrackPointExtension>
            <ns3:hr>166</ns3:hr>
            <ns3:cad>84</ns3:cad>
          </ns3:TrackPointExtension>
        </extensions>
      </trkpt>
      <trkpt lat="31.0228841006755828857421875" lon="121.42930087633430957794189453125">
        <ele>2.7999999523162841796875</ele>
        <time>2026-05-11T13:09:01.000Z</time>
        <extensions>
          <ns3:TrackPointExtension>
            <ns3:hr>166</ns3:hr>
            <ns3:cad>84</ns3:cad>
          </ns3:TrackPointExtension>
        </extensions>
      </trkpt>
      <trkpt lat="31.02291184477508068084716796875" lon="121.4292875491082668304443359375">
        <ele>2.7999999523162841796875</ele>
        <time>2026-05-11T13:09:02.000Z</time>
        <extensions>
          <ns3:TrackPointExtension>
            <ns3:hr>166</ns3:hr>
            <ns3:cad>85</ns3:cad>
          </ns3:TrackPointExtension>
        </extensions>
      </trkpt>
      <trkpt lat="31.022942773997783660888671875" lon="121.42928159795701503753662109375">
        <ele>2.7999999523162841796875</ele>
        <time>2026-05-11T13:09:03.000Z</time>
        <extensions>
          <ns3:TrackPointExtension>
            <ns3:hr>167</ns3:hr>
            <ns3:cad>85</ns3:cad>
          </ns3:TrackPointExtension>
        </extensions>
      </trkpt>
      <trkpt lat="31.02297068573534488677978515625" lon="121.4292674325406551361083984375">
        <ele>2.7999999523162841796875</ele>
        <time>2026-05-11T13:09:04.000Z</time>
        <extensions>
          <ns3:TrackPointExtension>
            <ns3:hr>166</ns3:hr>
            <ns3:cad>85</ns3:cad>
          </ns3:TrackPointExtension>
        </extensions>
      </trkpt>
      <trkpt lat="31.02300454862415790557861328125" lon="121.42925083637237548828125">
        <ele>2.7999999523162841796875</ele>
        <time>2026-05-11T13:09:05.000Z</time>
        <extensions>
          <ns3:TrackPointExtension>
            <ns3:hr>167</ns3:hr>
            <ns3:cad>85</ns3:cad>
          </ns3:TrackPointExtension>
        </extensions>
      </trkpt>
      <trkpt lat="31.02302399463951587677001953125" lon="121.4292349107563495635986328125">
        <ele>2.7999999523162841796875</ele>
        <time>2026-05-11T13:09:06.000Z</time>
        <extensions>
          <ns3:TrackPointExtension>
            <ns3:hr>167</ns3:hr>
            <ns3:cad>85</ns3:cad>
          </ns3:TrackPointExtension>
        </extensions>
      </trkpt>
      <trkpt lat="31.02305266074836254119873046875" lon="121.42920968122780323028564453125">
        <ele>2.7999999523162841796875</ele>
        <time>2026-05-11T13:09:07.000Z</time>
        <extensions>
          <ns3:TrackPointExtension>
            <ns3:hr>167</ns3:hr>
            <ns3:cad>85</ns3:cad>
          </ns3:TrackPointExtension>
        </extensions>
      </trkpt>
      <trkpt lat="31.0230763815343379974365234375" lon="121.42918847501277923583984375">
        <ele>2.7999999523162841796875</ele>
        <time>2026-05-11T13:09:08.000Z</time>
        <extensions>
          <ns3:TrackPointExtension>
            <ns3:hr>166</ns3:hr>
            <ns3:cad>84</ns3:cad>
          </ns3:TrackPointExtension>
        </extensions>
      </trkpt>
      <trkpt lat="31.0230944864451885223388671875" lon="121.4291638322174549102783203125">
        <ele>2.7999999523162841796875</ele>
        <time>2026-05-11T13:09:09.000Z</time>
        <extensions>
          <ns3:TrackPointExtension>
            <ns3:hr>167</ns3:hr>
            <ns3:cad>84</ns3:cad>
          </ns3:TrackPointExtension>
        </extensions>
      </trkpt>
      <trkpt lat="31.02312105707824230194091796875" lon="121.4291393570601940155029296875">
        <ele>2.7999999523162841796875</ele>
        <time>2026-05-11T13:09:10.000Z</time>
        <extensions>
          <ns3:TrackPointExtension>
            <ns3:hr>167</ns3:hr>
            <ns3:cad>84</ns3:cad>
          </ns3:TrackPointExtension>
        </extensions>
      </trkpt>
      <trkpt lat="31.0231343843042850494384765625" lon="121.429111696779727935791015625">
        <ele>2.599999904632568359375</ele>
        <time>2026-05-11T13:09:11.000Z</time>
        <extensions>
          <ns3:TrackPointExtension>
            <ns3:hr>166</ns3:hr>
            <ns3:cad>84</ns3:cad>
          </ns3:TrackPointExtension>
        </extensions>
      </trkpt>
      <trkpt lat="31.0231521539390087127685546875" lon="121.4290766604244709014892578125">
        <ele>2.599999904632568359375</ele>
        <time>2026-05-11T13:09:12.000Z</time>
        <extensions>
          <ns3:TrackPointExtension>
            <ns3:hr>167</ns3:hr>
            <ns3:cad>85</ns3:cad>
          </ns3:TrackPointExtension>
        </extensions>
      </trkpt>
      <trkpt lat="31.02316732518374919891357421875" lon="121.4290441386401653289794921875">
        <ele>2.7999999523162841796875</ele>
        <time>2026-05-11T13:09:13.000Z</time>
        <extensions>
          <ns3:TrackPointExtension>
            <ns3:hr>167</ns3:hr>
            <ns3:cad>85</ns3:cad>
          </ns3:TrackPointExtension>
        </extensions>
      </trkpt>
      <trkpt lat="31.02317444980144500732421875" lon="121.42900985665619373321533203125">
        <ele>2.7999999523162841796875</ele>
        <time>2026-05-11T13:09:14.000Z</time>
        <extensions>
          <ns3:TrackPointExtension>
            <ns3:hr>167</ns3:hr>
            <ns3:cad>85</ns3:cad>
          </ns3:TrackPointExtension>
        </extensions>
      </trkpt>
      <trkpt lat="31.02318945340812206268310546875" lon="121.42897632904350757598876953125">
        <ele>2.7999999523162841796875</ele>
        <time>2026-05-11T13:09:15.000Z</time>
        <extensions>
          <ns3:TrackPointExtension>
            <ns3:hr>167</ns3:hr>
            <ns3:cad>84</ns3:cad>
          </ns3:TrackPointExtension>
        </extensions>
      </trkpt>
      <trkpt lat="31.0231923870742321014404296875" lon="121.42894498072564601898193359375">
        <ele>2.7999999523162841796875</ele>
        <time>2026-05-11T13:09:16.000Z</time>
        <extensions>
          <ns3:TrackPointExtension>
            <ns3:hr>168</ns3:hr>
            <ns3:cad>85</ns3:cad>
          </ns3:TrackPointExtension>
        </extensions>
      </trkpt>
      <trkpt lat="31.02319817058742046356201171875" lon="121.428903825581073760986328125">
        <ele>2.7999999523162841796875</ele>
        <time>2026-05-11T13:09:17.000Z</time>
        <extensions>
          <ns3:TrackPointExtension>
            <ns3:hr>168</ns3:hr>
            <ns3:cad>85</ns3:cad>
          </ns3:TrackPointExtension>
        </extensions>
      </trkpt>
      <trkpt lat="31.02320118807256221771240234375" lon="121.42886904068291187286376953125">
        <ele>2.7999999523162841796875</ele>
        <time>2026-05-11T13:09:18.000Z</time>
        <extensions>
          <ns3:TrackPointExtension>
            <ns3:hr>168</ns3:hr>
            <ns3:cad>85</ns3:cad>
          </ns3:TrackPointExtension>
        </extensions>
      </trkpt>
      <trkpt lat="31.02319381199777126312255859375" lon="121.4288298971951007843017578125">
        <ele>2.7999999523162841796875</ele>
        <time>2026-05-11T13:09:19.000Z</time>
        <extensions>
          <ns3:TrackPointExtension>
            <ns3:hr>168</ns3:hr>
            <ns3:cad>85</ns3:cad>
          </ns3:TrackPointExtension>
        </extensions>
      </trkpt>
      <trkpt lat="31.02318878285586833953857421875" lon="121.4287933520972728729248046875">
        <ele>2.7999999523162841796875</ele>
        <time>2026-05-11T13:09:20.000Z</time>
        <extensions>
          <ns3:TrackPointExtension>
            <ns3:hr>168</ns3:hr>
            <ns3:cad>85</ns3:cad>
          </ns3:TrackPointExtension>
        </extensions>
      </trkpt>
      <trkpt lat="31.02317537181079387664794921875" lon="121.42876225523650646209716796875">
        <ele>2.7999999523162841796875</ele>
        <time>2026-05-11T13:09:21.000Z</time>
        <extensions>
          <ns3:TrackPointExtension>
            <ns3:hr>168</ns3:hr>
            <ns3:cad>85</ns3:cad>
          </ns3:TrackPointExtension>
        </extensions>
      </trkpt>
      <trkpt lat="31.02317034266889095306396484375" lon="121.428722105920314788818359375">
        <ele>2.7999999523162841796875</ele>
        <time>2026-05-11T13:09:22.000Z</time>
        <extensions>
          <ns3:TrackPointExtension>
            <ns3:hr>168</ns3:hr>
            <ns3:cad>85</ns3:cad>
          </ns3:TrackPointExtension>
        </extensions>
      </trkpt>
      <trkpt lat="31.02315743453800678253173828125" lon="121.42869092524051666259765625">
        <ele>2.7999999523162841796875</ele>
        <time>2026-05-11T13:09:23.000Z</time>
        <extensions>
          <ns3:TrackPointExtension>
            <ns3:hr>168</ns3:hr>
            <ns3:cad>85</ns3:cad>
          </ns3:TrackPointExtension>
        </extensions>
      </trkpt>
      <trkpt lat="31.023140251636505126953125" lon="121.42865211702883243560791015625">
        <ele>2.7999999523162841796875</ele>
        <time>2026-05-11T13:09:24.000Z</time>
        <extensions>
          <ns3:TrackPointExtension>
            <ns3:hr>168</ns3:hr>
            <ns3:cad>85</ns3:cad>
          </ns3:TrackPointExtension>
        </extensions>
      </trkpt>
      <trkpt lat="31.02312482893466949462890625" lon="121.42862194217741489410400390625">
        <ele>2.7999999523162841796875</ele>
        <time>2026-05-11T13:09:25.000Z</time>
        <extensions>
          <ns3:TrackPointExtension>
            <ns3:hr>168</ns3:hr>
            <ns3:cad>85</ns3:cad>
          </ns3:TrackPointExtension>
        </extensions>
      </trkpt>
      <trkpt lat="31.0231001861393451690673828125" lon="121.428592018783092498779296875">
        <ele>2.7999999523162841796875</ele>
        <time>2026-05-11T13:09:26.000Z</time>
        <extensions>
          <ns3:TrackPointExtension>
            <ns3:hr>168</ns3:hr>
            <ns3:cad>85</ns3:cad>
          </ns3:TrackPointExtension>
        </extensions>
      </trkpt>
      <trkpt lat="31.02308048866689205169677734375" lon="121.4285596646368503570556640625">
        <ele>2.7999999523162841796875</ele>
        <time>2026-05-11T13:09:27.000Z</time>
        <extensions>
          <ns3:TrackPointExtension>
            <ns3:hr>168</ns3:hr>
            <ns3:cad>85</ns3:cad>
          </ns3:TrackPointExtension>
        </extensions>
      </trkpt>
      <trkpt lat="31.02305601350963115692138671875" lon="121.42853535711765289306640625">
        <ele>2.7999999523162841796875</ele>
        <time>2026-05-11T13:09:28.000Z</time>
        <extensions>
          <ns3:TrackPointExtension>
            <ns3:hr>168</ns3:hr>
            <ns3:cad>84</ns3:cad>
          </ns3:TrackPointExtension>
        </extensions>
      </trkpt>
      <trkpt lat="31.02302801795303821563720703125" lon="121.42850660718977451324462890625">
        <ele>2.599999904632568359375</ele>
        <time>2026-05-11T13:09:29.000Z</time>
        <extensions>
          <ns3:TrackPointExtension>
            <ns3:hr>169</ns3:hr>
            <ns3:cad>84</ns3:cad>
          </ns3:TrackPointExtension>
        </extensions>
      </trkpt>
      <trkpt lat="31.02300035767257213592529296875" lon="121.42848749645054340362548828125">
        <ele>2.599999904632568359375</ele>
        <time>2026-05-11T13:09:30.000Z</time>
        <extensions>
          <ns3:TrackPointExtension>
            <ns3:hr>168</ns3:hr>
            <ns3:cad>84</ns3:cad>
          </ns3:TrackPointExtension>
        </extensions>
      </trkpt>
      <trkpt lat="31.022970937192440032958984375" lon="121.42846763134002685546875">
        <ele>2.400000095367431640625</ele>
        <time>2026-05-11T13:09:31.000Z</time>
        <extensions>
          <ns3:TrackPointExtension>
            <ns3:hr>168</ns3:hr>
            <ns3:cad>84</ns3:cad>
          </ns3:TrackPointExtension>
        </extensions>
      </trkpt>
      <trkpt lat="31.02294185198843479156494140625" lon="121.42845380119979381561279296875">
        <ele>2.400000095367431640625</ele>
        <time>2026-05-11T13:09:32.000Z</time>
        <extensions>
          <ns3:TrackPointExtension>
            <ns3:hr>168</ns3:hr>
            <ns3:cad>84</ns3:cad>
          </ns3:TrackPointExtension>
        </extensions>
      </trkpt>
      <trkpt lat="31.0229090787470340728759765625" lon="121.42844642512500286102294921875">
        <ele>2.2000000476837158203125</ele>
        <time>2026-05-11T13:09:33.000Z</time>
        <extensions>
          <ns3:TrackPointExtension>
            <ns3:hr>168</ns3:hr>
            <ns3:cad>84</ns3:cad>
          </ns3:TrackPointExtension>
        </extensions>
      </trkpt>
      <trkpt lat="31.02287161163985729217529296875" lon="121.428431756794452667236328125">
        <ele>2.400000095367431640625</ele>
        <time>2026-05-11T13:09:34.000Z</time>
        <extensions>
          <ns3:TrackPointExtension>
            <ns3:hr>169</ns3:hr>
            <ns3:cad>84</ns3:cad>
          </ns3:TrackPointExtension>
        </extensions>
      </trkpt>
      <trkpt lat="31.02284294553101062774658203125" lon="121.42843200825154781341552734375">
        <ele>2.400000095367431640625</ele>
        <time>2026-05-11T13:09:35.000Z</time>
        <extensions>
          <ns3:TrackPointExtension>
            <ns3:hr>169</ns3:hr>
            <ns3:cad>86</ns3:cad>
          </ns3:TrackPointExtension>
        </extensions>
      </trkpt>
      <trkpt lat="31.022805981338024139404296875" lon="121.42843351699411869049072265625">
        <ele>2.599999904632568359375</ele>
        <time>2026-05-11T13:09:36.000Z</time>
        <extensions>
          <ns3:TrackPointExtension>
            <ns3:hr>169</ns3:hr>
            <ns3:cad>85</ns3:cad>
          </ns3:TrackPointExtension>
        </extensions>
      </trkpt>
      <trkpt lat="31.0227749682962894439697265625" lon="121.42843754030764102935791015625">
        <ele>2.599999904632568359375</ele>
        <time>2026-05-11T13:09:37.000Z</time>
        <extensions>
          <ns3:TrackPointExtension>
            <ns3:hr>169</ns3:hr>
            <ns3:cad>84</ns3:cad>
          </ns3:TrackPointExtension>
        </extensions>
      </trkpt>
      <trkpt lat="31.02274605073034763336181640625" lon="121.42845111899077892303466796875">
        <ele>2.7999999523162841796875</ele>
        <time>2026-05-11T13:09:38.000Z</time>
        <extensions>
          <ns3:TrackPointExtension>
            <ns3:hr>169</ns3:hr>
            <ns3:cad>84</ns3:cad>
          </ns3:TrackPointExtension>
        </extensions>
      </trkpt>
      <trkpt lat="31.0227122716605663299560546875" lon="121.42845547758042812347412109375">
        <ele>2.7999999523162841796875</ele>
        <time>2026-05-11T13:09:39.000Z</time>
        <extensions>
          <ns3:TrackPointExtension>
            <ns3:hr>170</ns3:hr>
            <ns3:cad>85</ns3:cad>
          </ns3:TrackPointExtension>
        </extensions>
      </trkpt>
      <trkpt lat="31.02268771268427371978759765625" lon="121.4284657873213291168212890625">
        <ele>2.7999999523162841796875</ele>
        <time>2026-05-11T13:09:40.000Z</time>
        <extensions>
          <ns3:TrackPointExtension>
            <ns3:hr>170</ns3:hr>
            <ns3:cad>85</ns3:cad>
          </ns3:TrackPointExtension>
        </extensions>
      </trkpt>
      <trkpt lat="31.02265141904354095458984375" lon="121.428471319377422332763671875">
        <ele>2.7999999523162841796875</ele>
        <time>2026-05-11T13:09:41.000Z</time>
        <extensions>
          <ns3:TrackPointExtension>
            <ns3:hr>170</ns3:hr>
            <ns3:cad>85</ns3:cad>
          </ns3:TrackPointExtension>
        </extensions>
      </trkpt>
      <trkpt lat="31.022624932229518890380859375" lon="121.4284795336425304412841796875">
        <ele>2.7999999523162841796875</ele>
        <time>2026-05-11T13:09:42.000Z</time>
        <extensions>
          <ns3:TrackPointExtension>
            <ns3:hr>170</ns3:hr>
            <ns3:cad>85</ns3:cad>
          </ns3:TrackPointExtension>
        </extensions>
      </trkpt>
      <trkpt lat="31.0225949250161647796630859375" lon="121.4284939505159854888916015625">
        <ele>2.7999999523162841796875</ele>
        <time>2026-05-11T13:09:43.000Z</time>
        <extensions>
          <ns3:TrackPointExtension>
            <ns3:hr>169</ns3:hr>
            <ns3:cad>84</ns3:cad>
          </ns3:TrackPointExtension>
        </extensions>
      </trkpt>
      <trkpt lat="31.02256332524120807647705078125" lon="121.4284976385533809661865234375">
        <ele>2.7999999523162841796875</ele>
        <time>2026-05-11T13:09:44.000Z</time>
        <extensions>
          <ns3:TrackPointExtension>
            <ns3:hr>168</ns3:hr>
            <ns3:cad>84</ns3:cad>
          </ns3:TrackPointExtension>
        </extensions>
      </trkpt>
      <trkpt lat="31.02253750897943973541259765625" lon="121.42850744538009166717529296875">
        <ele>2.7999999523162841796875</ele>
        <time>2026-05-11T13:09:45.000Z</time>
        <extensions>
          <ns3:TrackPointExtension>
            <ns3:hr>168</ns3:hr>
            <ns3:cad>84</ns3:cad>
          </ns3:TrackPointExtension>
        </extensions>
      </trkpt>
      <trkpt lat="31.02250163443386554718017578125" lon="121.42850995995104312896728515625">
        <ele>2.7999999523162841796875</ele>
        <time>2026-05-11T13:09:46.000Z</time>
        <extensions>
          <ns3:TrackPointExtension>
            <ns3:hr>167</ns3:hr>
            <ns3:cad>84</ns3:cad>
          </ns3:TrackPointExtension>
        </extensions>
      </trkpt>
      <trkpt lat="31.02247933857142925262451171875" lon="121.42851985059678554534912109375">
        <ele>2.7999999523162841796875</ele>
        <time>2026-05-11T13:09:47.000Z</time>
        <extensions>
          <ns3:TrackPointExtension>
            <ns3:hr>166</ns3:hr>
            <ns3:cad>85</ns3:cad>
          </ns3:TrackPointExtension>
        </extensions>
      </trkpt>
      <trkpt lat="31.022447906434535980224609375" lon="121.42853175289928913116455078125">
        <ele>2.7999999523162841796875</ele>
        <time>2026-05-11T13:09:48.000Z</time>
        <extensions>
          <ns3:TrackPointExtension>
            <ns3:hr>166</ns3:hr>
            <ns3:cad>85</ns3:cad>
          </ns3:TrackPointExtension>
        </extensions>
      </trkpt>
      <trkpt lat="31.02241898886859416961669921875" lon="121.42854264937341213226318359375">
        <ele>2.7999999523162841796875</ele>
        <time>2026-05-11T13:09:49.000Z</time>
        <extensions>
          <ns3:TrackPointExtension>
            <ns3:hr>165</ns3:hr>
            <ns3:cad>85</ns3:cad>
          </ns3:TrackPointExtension>
        </extensions>
      </trkpt>
      <trkpt lat="31.02239334024488925933837890625" lon="121.42855455167591571807861328125">
        <ele>2.7999999523162841796875</ele>
        <time>2026-05-11T13:09:50.000Z</time>
        <extensions>
          <ns3:TrackPointExtension>
            <ns3:hr>165</ns3:hr>
            <ns3:cad>85</ns3:cad>
          </ns3:TrackPointExtension>
        </extensions>
      </trkpt>
      <trkpt lat="31.02236115373671054840087890625" lon="121.42855673097074031829833984375">
        <ele>2.7999999523162841796875</ele>
        <time>2026-05-11T13:09:51.000Z</time>
        <extensions>
          <ns3:TrackPointExtension>
            <ns3:hr>165</ns3:hr>
            <ns3:cad>85</ns3:cad>
          </ns3:TrackPointExtension>
        </extensions>
      </trkpt>
      <trkpt lat="31.02233617566525936126708984375" lon="121.4285650290548801422119140625">
        <ele>2.599999904632568359375</ele>
        <time>2026-05-11T13:09:52.000Z</time>
        <extensions>
          <ns3:TrackPointExtension>
            <ns3:hr>165</ns3:hr>
            <ns3:cad>85</ns3:cad>
          </ns3:TrackPointExtension>
        </extensions>
      </trkpt>
      <trkpt lat="31.02230072021484375" lon="121.42856963910162448883056640625">
        <ele>2.599999904632568359375</ele>
        <time>2026-05-11T13:09:53.000Z</time>
        <extensions>
          <ns3:TrackPointExtension>
            <ns3:hr>165</ns3:hr>
            <ns3:cad>85</ns3:cad>
          </ns3:TrackPointExtension>
        </extensions>
      </trkpt>
      <trkpt lat="31.02227683179080486297607421875" lon="121.428579278290271759033203125">
        <ele>2.7999999523162841796875</ele>
        <time>2026-05-11T13:09:54.000Z</time>
        <extensions>
          <ns3:TrackPointExtension>
            <ns3:hr>165</ns3:hr>
            <ns3:cad>85</ns3:cad>
          </ns3:TrackPointExtension>
        </extensions>
      </trkpt>
      <trkpt lat="31.02224431000649929046630859375" lon="121.428592689335346221923828125">
        <ele>2.7999999523162841796875</ele>
        <time>2026-05-11T13:09:55.000Z</time>
        <extensions>
          <ns3:TrackPointExtension>
            <ns3:hr>165</ns3:hr>
            <ns3:cad>85</ns3:cad>
          </ns3:TrackPointExtension>
        </extensions>
      </trkpt>
      <trkpt lat="31.022214554250240325927734375" lon="121.42859914340078830718994140625">
        <ele>2.7999999523162841796875</ele>
        <time>2026-05-11T13:09:56.000Z</time>
        <extensions>
          <ns3:TrackPointExtension>
            <ns3:hr>164</ns3:hr>
            <ns3:cad>85</ns3:cad>
          </ns3:TrackPointExtension>
        </extensions>
      </trkpt>
      <trkpt lat="31.02218546904623508453369140625" lon="121.42861238680779933929443359375">
        <ele>2.7999999523162841796875</ele>
        <time>2026-05-11T13:09:57.000Z</time>
        <extensions>
          <ns3:TrackPointExtension>
            <ns3:hr>165</ns3:hr>
            <ns3:cad>86</ns3:cad>
          </ns3:TrackPointExtension>
        </extensions>
      </trkpt>
      <trkpt lat="31.02214976213872432708740234375" lon="121.4286129735410213470458984375">
        <ele>2.7999999523162841796875</ele>
        <time>2026-05-11T13:09:58.000Z</time>
        <extensions>
          <ns3:TrackPointExtension>
            <ns3:hr>164</ns3:hr>
            <ns3:cad>86</ns3:cad>
          </ns3:TrackPointExtension>
        </extensions>
      </trkpt>
      <trkpt lat="31.022124700248241424560546875" lon="121.42862118780612945556640625">
        <ele>2.7999999523162841796875</ele>
        <time>2026-05-11T13:09:59.000Z</time>
        <extensions>
          <ns3:TrackPointExtension>
            <ns3:hr>164</ns3:hr>
            <ns3:cad>86</ns3:cad>
          </ns3:TrackPointExtension>
        </extensions>
      </trkpt>
      <trkpt lat="31.02208723314106464385986328125" lon="121.42862663604319095611572265625">
        <ele>2.7999999523162841796875</ele>
        <time>2026-05-11T13:10:00.000Z</time>
        <extensions>
          <ns3:TrackPointExtension>
            <ns3:hr>164</ns3:hr>
            <ns3:cad>86</ns3:cad>
          </ns3:TrackPointExtension>
        </extensions>
      </trkpt>
      <trkpt lat="31.02205739356577396392822265625" lon="121.428635604679584503173828125">
        <ele>2.7999999523162841796875</ele>
        <time>2026-05-11T13:10:01.000Z</time>
        <extensions>
          <ns3:TrackPointExtension>
            <ns3:hr>165</ns3:hr>
            <ns3:cad>85</ns3:cad>
          </ns3:TrackPointExtension>
        </extensions>
      </trkpt>
      <trkpt lat="31.02202822454273700714111328125" lon="121.42864893190562725067138671875">
        <ele>2.7999999523162841796875</ele>
        <time>2026-05-11T13:10:02.000Z</time>
        <extensions>
          <ns3:TrackPointExtension>
            <ns3:hr>165</ns3:hr>
            <ns3:cad>85</ns3:cad>
          </ns3:TrackPointExtension>
        </extensions>
      </trkpt>
      <trkpt lat="31.0219962894916534423828125" lon="121.428655050694942474365234375">
        <ele>2.7999999523162841796875</ele>
        <time>2026-05-11T13:10:03.000Z</time>
        <extensions>
          <ns3:TrackPointExtension>
            <ns3:hr>165</ns3:hr>
            <ns3:cad>85</ns3:cad>
          </ns3:TrackPointExtension>
        </extensions>
      </trkpt>
      <trkpt lat="31.02197256870567798614501953125" lon="121.42867055721580982208251953125">
        <ele>2.7999999523162841796875</ele>
        <time>2026-05-11T13:10:04.000Z</time>
        <extensions>
          <ns3:TrackPointExtension>
            <ns3:hr>165</ns3:hr>
            <ns3:cad>85</ns3:cad>
          </ns3:TrackPointExtension>
        </extensions>
      </trkpt>
      <trkpt lat="31.02193552069365978240966796875" lon="121.42868095077574253082275390625">
        <ele>2.7999999523162841796875</ele>
        <time>2026-05-11T13:10:05.000Z</time>
        <extensions>
          <ns3:TrackPointExtension>
            <ns3:hr>165</ns3:hr>
            <ns3:cad>85</ns3:cad>
          </ns3:TrackPointExtension>
        </extensions>
      </trkpt>
      <trkpt lat="31.021907441318035125732421875" lon="121.428699977695941925048828125">
        <ele>2.7999999523162841796875</ele>
        <time>2026-05-11T13:10:06.000Z</time>
        <extensions>
          <ns3:TrackPointExtension>
            <ns3:hr>165</ns3:hr>
            <ns3:cad>85</ns3:cad>
          </ns3:TrackPointExtension>
        </extensions>
      </trkpt>
      <trkpt lat="31.02188137359917163848876953125" lon="121.42872520722448825836181640625">
        <ele>2.7999999523162841796875</ele>
        <time>2026-05-11T13:10:07.000Z</time>
        <extensions>
          <ns3:TrackPointExtension>
            <ns3:hr>165</ns3:hr>
            <ns3:cad>85</ns3:cad>
          </ns3:TrackPointExtension>
        </extensions>
      </trkpt>
      <trkpt lat="31.02185480296611785888671875" lon="121.42874884419143199920654296875">
        <ele>2.7999999523162841796875</ele>
        <time>2026-05-11T13:10:08.000Z</time>
        <extensions>
          <ns3:TrackPointExtension>
            <ns3:hr>165</ns3:hr>
            <ns3:cad>85</ns3:cad>
          </ns3:TrackPointExtension>
        </extensions>
      </trkpt>
      <trkpt lat="31.02183460257947444915771484375" lon="121.42877700738608837127685546875">
        <ele>2.599999904632568359375</ele>
        <time>2026-05-11T13:10:09.000Z</time>
        <extensions>
          <ns3:TrackPointExtension>
            <ns3:hr>165</ns3:hr>
            <ns3:cad>84</ns3:cad>
          </ns3:TrackPointExtension>
        </extensions>
      </trkpt>
      <trkpt lat="31.02180643938481807708740234375" lon="121.428804583847522735595703125">
        <ele>2.599999904632568359375</ele>
        <time>2026-05-11T13:10:10.000Z</time>
        <extensions>
          <ns3:TrackPointExtension>
            <ns3:hr>165</ns3:hr>
            <ns3:cad>84</ns3:cad>
          </ns3:TrackPointExtension>
        </extensions>
      </trkpt>
      <trkpt lat="31.021790094673633575439453125" lon="121.42882964573800563812255859375">
        <ele>2.599999904632568359375</ele>
        <time>2026-05-11T13:10:11.000Z</time>
        <extensions>
          <ns3:TrackPointExtension>
            <ns3:hr>166</ns3:hr>
            <ns3:cad>84</ns3:cad>
          </ns3:TrackPointExtension>
        </extensions>
      </trkpt>
      <trkpt lat="31.02177676744759082794189453125" lon="121.42887423746287822723388671875">
        <ele>2.599999904632568359375</ele>
        <time>2026-05-11T13:10:12.000Z</time>
        <extensions>
          <ns3:TrackPointExtension>
            <ns3:hr>165</ns3:hr>
            <ns3:cad>84</ns3:cad>
          </ns3:TrackPointExtension>
        </extensions>
      </trkpt>
      <trkpt lat="31.02176888845860958099365234375" lon="121.42890684306621551513671875">
        <ele>2.599999904632568359375</ele>
        <time>2026-05-11T13:10:13.000Z</time>
        <extensions>
          <ns3:TrackPointExtension>
            <ns3:hr>166</ns3:hr>
            <ns3:cad>85</ns3:cad>
          </ns3:TrackPointExtension>
        </extensions>
      </trkpt>
      <trkpt lat="31.02176235057413578033447265625" lon="121.4289490878582000732421875">
        <ele>2.599999904632568359375</ele>
        <time>2026-05-11T13:10:14.000Z</time>
        <extensions>
          <ns3:TrackPointExtension>
            <ns3:hr>166</ns3:hr>
            <ns3:cad>85</ns3:cad>
          </ns3:TrackPointExtension>
        </extensions>
      </trkpt>
      <trkpt lat="31.02175178937613964080810546875" lon="121.42899024300277233123779296875">
        <ele>2.599999904632568359375</ele>
        <time>2026-05-11T13:10:15.000Z</time>
        <extensions>
          <ns3:TrackPointExtension>
            <ns3:hr>166</ns3:hr>
            <ns3:cad>85</ns3:cad>
          </ns3:TrackPointExtension>
        </extensions>
      </trkpt>
      <trkpt lat="31.02175363339483737945556640625" lon="121.42902678810060024261474609375">
        <ele>2.599999904632568359375</ele>
        <time>2026-05-11T13:10:16.000Z</time>
        <extensions>
          <ns3:TrackPointExtension>
            <ns3:hr>166</ns3:hr>
            <ns3:cad>85</ns3:cad>
          </ns3:TrackPointExtension>
        </extensions>
      </trkpt>
      <trkpt lat="31.02174759842455387115478515625" lon="121.42907205037772655487060546875">
        <ele>2.599999904632568359375</ele>
        <time>2026-05-11T13:10:17.000Z</time>
        <extensions>
          <ns3:TrackPointExtension>
            <ns3:hr>166</ns3:hr>
            <ns3:cad>86</ns3:cad>
          </ns3:TrackPointExtension>
        </extensions>
      </trkpt>
      <trkpt lat="31.0217513702809810638427734375" lon="121.42910356633365154266357421875">
        <ele>2.599999904632568359375</ele>
        <time>2026-05-11T13:10:18.000Z</time>
        <extensions>
          <ns3:TrackPointExtension>
            <ns3:hr>166</ns3:hr>
            <ns3:cad>86</ns3:cad>
          </ns3:TrackPointExtension>
        </extensions>
      </trkpt>
      <trkpt lat="31.0217550583183765411376953125" lon="121.42914933152496814727783203125">
        <ele>2.599999904632568359375</ele>
        <time>2026-05-11T13:10:19.000Z</time>
        <extensions>
          <ns3:TrackPointExtension>
            <ns3:hr>166</ns3:hr>
            <ns3:cad>86</ns3:cad>
          </ns3:TrackPointExtension>
        </extensions>
      </trkpt>
      <trkpt lat="31.02176134474575519561767578125" lon="121.429183445870876312255859375">
        <ele>2.599999904632568359375</ele>
        <time>2026-05-11T13:10:20.000Z</time>
        <extensions>
          <ns3:TrackPointExtension>
            <ns3:hr>167</ns3:hr>
            <ns3:cad>86</ns3:cad>
          </ns3:TrackPointExtension>
        </extensions>
      </trkpt>
      <trkpt lat="31.0217745043337345123291015625" lon="121.429220326244831085205078125">
        <ele>2.599999904632568359375</ele>
        <time>2026-05-11T13:10:21.000Z</time>
        <extensions>
          <ns3:TrackPointExtension>
            <ns3:hr>167</ns3:hr>
            <ns3:cad>86</ns3:cad>
          </ns3:TrackPointExtension>
        </extensions>
      </trkpt>
      <trkpt lat="31.02178598754107952117919921875" lon="121.429253183305263519287109375">
        <ele>2.599999904632568359375</ele>
        <time>2026-05-11T13:10:22.000Z</time>
        <extensions>
          <ns3:TrackPointExtension>
            <ns3:hr>167</ns3:hr>
            <ns3:cad>86</ns3:cad>
          </ns3:TrackPointExtension>
        </extensions>
      </trkpt>
      <trkpt lat="31.021806187927722930908203125" lon="121.42928444780409336090087890625">
        <ele>2.599999904632568359375</ele>
        <time>2026-05-11T13:10:23.000Z</time>
        <extensions>
          <ns3:TrackPointExtension>
            <ns3:hr>166</ns3:hr>
            <ns3:cad>86</ns3:cad>
          </ns3:TrackPointExtension>
        </extensions>
      </trkpt>
      <trkpt lat="31.02182588540017604827880859375" lon="121.42931764014065265655517578125">
        <ele>2.7999999523162841796875</ele>
        <time>2026-05-11T13:10:24.000Z</time>
        <extensions>
          <ns3:TrackPointExtension>
            <ns3:hr>167</ns3:hr>
            <ns3:cad>86</ns3:cad>
          </ns3:TrackPointExtension>
        </extensions>
      </trkpt>
      <trkpt lat="31.02185321040451526641845703125" lon="121.42934446223080158233642578125">
        <ele>2.7999999523162841796875</ele>
        <time>2026-05-11T13:10:25.000Z</time>
        <extensions>
          <ns3:TrackPointExtension>
            <ns3:hr>167</ns3:hr>
            <ns3:cad>86</ns3:cad>
          </ns3:TrackPointExtension>
        </extensions>
      </trkpt>
      <trkpt lat="31.02187835611402988433837890625" lon="121.4293750561773777008056640625">
        <ele>2.7999999523162841796875</ele>
        <time>2026-05-11T13:10:26.000Z</time>
        <extensions>
          <ns3:TrackPointExtension>
            <ns3:hr>167</ns3:hr>
            <ns3:cad>87</ns3:cad>
          </ns3:TrackPointExtension>
        </extensions>
      </trkpt>
      <trkpt lat="31.02190786041319370269775390625" lon="121.4293948374688625335693359375">
        <ele>2.7999999523162841796875</ele>
        <time>2026-05-11T13:10:27.000Z</time>
        <extensions>
          <ns3:TrackPointExtension>
            <ns3:hr>166</ns3:hr>
            <ns3:cad>88</ns3:cad>
          </ns3:TrackPointExtension>
        </extensions>
      </trkpt>
      <trkpt lat="31.021936275064945220947265625" lon="121.4294189773499965667724609375">
        <ele>2.599999904632568359375</ele>
        <time>2026-05-11T13:10:28.000Z</time>
        <extensions>
          <ns3:TrackPointExtension>
            <ns3:hr>167</ns3:hr>
            <ns3:cad>89</ns3:cad>
          </ns3:TrackPointExtension>
        </extensions>
      </trkpt>
      <trkpt lat="31.02196686901152133941650390625" lon="121.42943632788956165313720703125">
        <ele>2.599999904632568359375</ele>
        <time>2026-05-11T13:10:29.000Z</time>
        <extensions>
          <ns3:TrackPointExtension>
            <ns3:hr>167</ns3:hr>
            <ns3:cad>89</ns3:cad>
          </ns3:TrackPointExtension>
        </extensions>
      </trkpt>
      <trkpt lat="31.0220024921000003814697265625" lon="121.4294592104852199554443359375">
        <ele>2.599999904632568359375</ele>
        <time>2026-05-11T13:10:30.000Z</time>
        <extensions>
          <ns3:TrackPointExtension>
            <ns3:hr>167</ns3:hr>
            <ns3:cad>89</ns3:cad>
          </ns3:TrackPointExtension>
        </extensions>
      </trkpt>
      <trkpt lat="31.0220333375036716461181640625" lon="121.42946398817002773284912109375">
        <ele>2.599999904632568359375</ele>
        <time>2026-05-11T13:10:31.000Z</time>
        <extensions>
          <ns3:TrackPointExtension>
            <ns3:hr>167</ns3:hr>
            <ns3:cad>88</ns3:cad>
          </ns3:TrackPointExtension>
        </extensions>
      </trkpt>
      <trkpt lat="31.02207331918179988861083984375" lon="121.42947278916835784912109375">
        <ele>2.599999904632568359375</ele>
        <time>2026-05-11T13:10:32.000Z</time>
        <extensions>
          <ns3:TrackPointExtension>
            <ns3:hr>167</ns3:hr>
            <ns3:cad>88</ns3:cad>
          </ns3:TrackPointExtension>
        </extensions>
      </trkpt>
      <trkpt lat="31.0221027396619319915771484375" lon="121.42946985550224781036376953125">
        <ele>2.599999904632568359375</ele>
        <time>2026-05-11T13:10:33.000Z</time>
        <extensions>
          <ns3:TrackPointExtension>
            <ns3:hr>168</ns3:hr>
            <ns3:cad>88</ns3:cad>
          </ns3:TrackPointExtension>
        </extensions>
      </trkpt>
      <trkpt lat="31.02214255370199680328369140625" lon="121.42946532927453517913818359375">
        <ele>2.599999904632568359375</ele>
        <time>2026-05-11T13:10:34.000Z</time>
        <extensions>
          <ns3:TrackPointExtension>
            <ns3:hr>168</ns3:hr>
            <ns3:cad>88</ns3:cad>
          </ns3:TrackPointExtension>
        </extensions>
      </trkpt>
      <trkpt lat="31.0221724770963191986083984375" lon="121.42945845611393451690673828125">
        <ele>2.599999904632568359375</ele>
        <time>2026-05-11T13:10:35.000Z</time>
        <extensions>
          <ns3:TrackPointExtension>
            <ns3:hr>168</ns3:hr>
            <ns3:cad>88</ns3:cad>
          </ns3:TrackPointExtension>
        </extensions>
      </trkpt>
      <trkpt lat="31.02220625616610050201416015625" lon="121.42944655381143093109130859375">
        <ele>2.599999904632568359375</ele>
        <time>2026-05-11T13:10:36.000Z</time>
        <extensions>
          <ns3:TrackPointExtension>
            <ns3:hr>168</ns3:hr>
            <ns3:cad>87</ns3:cad>
          </ns3:TrackPointExtension>
        </extensions>
      </trkpt>
      <trkpt lat="31.0222371853888034820556640625" lon="121.4294372498989105224609375">
        <ele>2.599999904632568359375</ele>
        <time>2026-05-11T13:10:37.000Z</time>
        <extensions>
          <ns3:TrackPointExtension>
            <ns3:hr>168</ns3:hr>
            <ns3:cad>87</ns3:cad>
          </ns3:TrackPointExtension>
        </extensions>
      </trkpt>
      <trkpt lat="31.02227046154439449310302734375" lon="121.4294240064918994903564453125">
        <ele>2.599999904632568359375</ele>
        <time>2026-05-11T13:10:38.000Z</time>
        <extensions>
          <ns3:TrackPointExtension>
            <ns3:hr>169</ns3:hr>
            <ns3:cad>87</ns3:cad>
          </ns3:TrackPointExtension>
        </extensions>
      </trkpt>
      <trkpt lat="31.02230667136609554290771484375" lon="121.42941922880709171295166015625">
        <ele>2.599999904632568359375</ele>
        <time>2026-05-11T13:10:39.000Z</time>
        <extensions>
          <ns3:TrackPointExtension>
            <ns3:hr>168</ns3:hr>
            <ns3:cad>87</ns3:cad>
          </ns3:TrackPointExtension>
        </extensions>
      </trkpt>
      <trkpt lat="31.022341959178447723388671875" lon="121.42940481193363666534423828125">
        <ele>2.599999904632568359375</ele>
        <time>2026-05-11T13:10:40.000Z</time>
        <extensions>
          <ns3:TrackPointExtension>
            <ns3:hr>168</ns3:hr>
            <ns3:cad>88</ns3:cad>
          </ns3:TrackPointExtension>
        </extensions>
      </trkpt>
      <trkpt lat="31.0223776660859584808349609375" lon="121.4293988607823848724365234375">
        <ele>2.599999904632568359375</ele>
        <time>2026-05-11T13:10:41.000Z</time>
        <extensions>
          <ns3:TrackPointExtension>
            <ns3:hr>169</ns3:hr>
            <ns3:cad>88</ns3:cad>
          </ns3:TrackPointExtension>
        </extensions>
      </trkpt>
      <trkpt lat="31.02240624837577342987060546875" lon="121.429387629032135009765625">
        <ele>2.599999904632568359375</ele>
        <time>2026-05-11T13:10:42.000Z</time>
        <extensions>
          <ns3:TrackPointExtension>
            <ns3:hr>169</ns3:hr>
            <ns3:cad>87</ns3:cad>
          </ns3:TrackPointExtension>
        </extensions>
      </trkpt>
      <trkpt lat="31.02244757115840911865234375" lon="121.429387964308261871337890625">
        <ele>2.599999904632568359375</ele>
        <time>2026-05-11T13:10:43.000Z</time>
        <extensions>
          <ns3:TrackPointExtension>
            <ns3:hr>169</ns3:hr>
            <ns3:cad>86</ns3:cad>
          </ns3:TrackPointExtension>
        </extensions>
      </trkpt>
      <trkpt lat="31.0224755667150020599365234375" lon="121.42938100732862949371337890625">
        <ele>2.599999904632568359375</ele>
        <time>2026-05-11T13:10:44.000Z</time>
        <extensions>
          <ns3:TrackPointExtension>
            <ns3:hr>169</ns3:hr>
            <ns3:cad>86</ns3:cad>
          </ns3:TrackPointExtension>
        </extensions>
      </trkpt>
      <trkpt lat="31.02251328527927398681640625" lon="121.42937396652996540069580078125">
        <ele>2.599999904632568359375</ele>
        <time>2026-05-11T13:10:45.000Z</time>
        <extensions>
          <ns3:TrackPointExtension>
            <ns3:hr>169</ns3:hr>
            <ns3:cad>86</ns3:cad>
          </ns3:TrackPointExtension>
        </extensions>
      </trkpt>
      <trkpt lat="31.02254119701683521270751953125" lon="121.42936927266418933868408203125">
        <ele>2.599999904632568359375</ele>
        <time>2026-05-11T13:10:46.000Z</time>
        <extensions>
          <ns3:TrackPointExtension>
            <ns3:hr>170</ns3:hr>
            <ns3:cad>88</ns3:cad>
          </ns3:TrackPointExtension>
        </extensions>
      </trkpt>
      <trkpt lat="31.02257103659212589263916015625" lon="121.4293586276471614837646484375">
        <ele>2.599999904632568359375</ele>
        <time>2026-05-11T13:10:47.000Z</time>
        <extensions>
          <ns3:TrackPointExtension>
            <ns3:hr>170</ns3:hr>
            <ns3:cad>87</ns3:cad>
          </ns3:TrackPointExtension>
        </extensions>
      </trkpt>
      <trkpt lat="31.02260389365255832672119140625" lon="121.42935183830559253692626953125">
        <ele>2.599999904632568359375</ele>
        <time>2026-05-11T13:10:48.000Z</time>
        <extensions>
          <ns3:TrackPointExtension>
            <ns3:hr>170</ns3:hr>
            <ns3:cad>87</ns3:cad>
          </ns3:TrackPointExtension>
        </extensions>
      </trkpt>
      <trkpt lat="31.02263658307492733001708984375" lon="121.4293375052511692047119140625">
        <ele>2.599999904632568359375</ele>
        <time>2026-05-11T13:10:49.000Z</time>
        <extensions>
          <ns3:TrackPointExtension>
            <ns3:hr>170</ns3:hr>
            <ns3:cad>87</ns3:cad>
          </ns3:TrackPointExtension>
        </extensions>
      </trkpt>
      <trkpt lat="31.0226717032492160797119140625" lon="121.42933255992829799652099609375">
        <ele>2.400000095367431640625</ele>
        <time>2026-05-11T13:10:50.000Z</time>
        <extensions>
          <ns3:TrackPointExtension>
            <ns3:hr>170</ns3:hr>
            <ns3:cad>87</ns3:cad>
          </ns3:TrackPointExtension>
        </extensions>
      </trkpt>
      <trkpt lat="31.0227028839290142059326171875" lon="121.42932099290192127227783203125">
        <ele>2.400000095367431640625</ele>
        <time>2026-05-11T13:10:51.000Z</time>
        <extensions>
          <ns3:TrackPointExtension>
            <ns3:hr>170</ns3:hr>
            <ns3:cad>87</ns3:cad>
          </ns3:TrackPointExtension>
        </extensions>
      </trkpt>
      <trkpt lat="31.02273859083652496337890625" lon="121.42931981943547725677490234375">
        <ele>2.400000095367431640625</ele>
        <time>2026-05-11T13:10:52.000Z</time>
        <extensions>
          <ns3:TrackPointExtension>
            <ns3:hr>170</ns3:hr>
            <ns3:cad>88</ns3:cad>
          </ns3:TrackPointExtension>
        </extensions>
      </trkpt>
      <trkpt lat="31.02276734076440334320068359375" lon="121.4293137006461620330810546875">
        <ele>2.400000095367431640625</ele>
        <time>2026-05-11T13:10:53.000Z</time>
        <extensions>
          <ns3:TrackPointExtension>
            <ns3:hr>170</ns3:hr>
            <ns3:cad>88</ns3:cad>
          </ns3:TrackPointExtension>
        </extensions>
      </trkpt>
      <trkpt lat="31.02280539460480213165283203125" lon="121.429305486381053924560546875">
        <ele>2.400000095367431640625</ele>
        <time>2026-05-11T13:10:54.000Z</time>
        <extensions>
          <ns3:TrackPointExtension>
            <ns3:hr>169</ns3:hr>
            <ns3:cad>87</ns3:cad>
          </ns3:TrackPointExtension>
        </extensions>
      </trkpt>
      <trkpt lat="31.022831462323665618896484375" lon="121.42929567955434322357177734375">
        <ele>2.599999904632568359375</ele>
        <time>2026-05-11T13:10:55.000Z</time>
        <extensions>
          <ns3:TrackPointExtension>
            <ns3:hr>170</ns3:hr>
            <ns3:cad>87</ns3:cad>
          </ns3:TrackPointExtension>
        </extensions>
      </trkpt>
      <trkpt lat="31.022862307727336883544921875" lon="121.4292821846902370452880859375">
        <ele>2.400000095367431640625</ele>
        <time>2026-05-11T13:10:56.000Z</time>
        <extensions>
          <ns3:TrackPointExtension>
            <ns3:hr>170</ns3:hr>
            <ns3:cad>87</ns3:cad>
          </ns3:TrackPointExtension>
        </extensions>
      </trkpt>
      <trkpt lat="31.02289441041648387908935546875" lon="121.42927858047187328338623046875">
        <ele>2.400000095367431640625</ele>
        <time>2026-05-11T13:10:57.000Z</time>
        <extensions>
          <ns3:TrackPointExtension>
            <ns3:hr>170</ns3:hr>
            <ns3:cad>87</ns3:cad>
          </ns3:TrackPointExtension>
        </extensions>
      </trkpt>
      <trkpt lat="31.02292458526790142059326171875" lon="121.429270617663860321044921875">
        <ele>2.599999904632568359375</ele>
        <time>2026-05-11T13:10:58.000Z</time>
        <extensions>
          <ns3:TrackPointExtension>
            <ns3:hr>170</ns3:hr>
            <ns3:cad>85</ns3:cad>
          </ns3:TrackPointExtension>
        </extensions>
      </trkpt>
      <trkpt lat="31.02296113036572933197021484375" lon="121.4292587153613567352294921875">
        <ele>2.599999904632568359375</ele>
        <time>2026-05-11T13:10:59.000Z</time>
        <extensions>
          <ns3:TrackPointExtension>
            <ns3:hr>171</ns3:hr>
            <ns3:cad>85</ns3:cad>
          </ns3:TrackPointExtension>
        </extensions>
      </trkpt>
      <trkpt lat="31.02298376150429248809814453125" lon="121.42924748361110687255859375">
        <ele>2.599999904632568359375</ele>
        <time>2026-05-11T13:11:00.000Z</time>
        <extensions>
          <ns3:TrackPointExtension>
            <ns3:hr>170</ns3:hr>
            <ns3:cad>85</ns3:cad>
          </ns3:TrackPointExtension>
        </extensions>
      </trkpt>
      <trkpt lat="31.02301259525120258331298828125" lon="121.42922560684382915496826171875">
        <ele>2.599999904632568359375</ele>
        <time>2026-05-11T13:11:01.000Z</time>
        <extensions>
          <ns3:TrackPointExtension>
            <ns3:hr>170</ns3:hr>
            <ns3:cad>85</ns3:cad>
          </ns3:TrackPointExtension>
        </extensions>
      </trkpt>
      <trkpt lat="31.0230381600558757781982421875" lon="121.42920532263815402984619140625">
        <ele>2.400000095367431640625</ele>
        <time>2026-05-11T13:11:02.000Z</time>
        <extensions>
          <ns3:TrackPointExtension>
            <ns3:hr>171</ns3:hr>
            <ns3:cad>84</ns3:cad>
          </ns3:TrackPointExtension>
        </extensions>
      </trkpt>
      <trkpt lat="31.02305986918509006500244140625" lon="121.42918185330927371978759765625">
        <ele>2.400000095367431640625</ele>
        <time>2026-05-11T13:11:03.000Z</time>
        <extensions>
          <ns3:TrackPointExtension>
            <ns3:hr>171</ns3:hr>
            <ns3:cad>84</ns3:cad>
          </ns3:TrackPointExtension>
        </extensions>
      </trkpt>
      <trkpt lat="31.02308685891330242156982421875" lon="121.42916073091328144073486328125">
        <ele>2.599999904632568359375</ele>
        <time>2026-05-11T13:11:04.000Z</time>
        <extensions>
          <ns3:TrackPointExtension>
            <ns3:hr>171</ns3:hr>
            <ns3:cad>84</ns3:cad>
          </ns3:TrackPointExtension>
        </extensions>
      </trkpt>
      <trkpt lat="31.02310110814869403839111328125" lon="121.42913826741278171539306640625">
        <ele>2.599999904632568359375</ele>
        <time>2026-05-11T13:11:05.000Z</time>
        <extensions>
          <ns3:TrackPointExtension>
            <ns3:hr>171</ns3:hr>
            <ns3:cad>84</ns3:cad>
          </ns3:TrackPointExtension>
        </extensions>
      </trkpt>
      <trkpt lat="31.02312055416405200958251953125" lon="121.4291051588952541351318359375">
        <ele>2.599999904632568359375</ele>
        <time>2026-05-11T13:11:06.000Z</time>
        <extensions>
          <ns3:TrackPointExtension>
            <ns3:hr>171</ns3:hr>
            <ns3:cad>84</ns3:cad>
          </ns3:TrackPointExtension>
        </extensions>
      </trkpt>
      <trkpt lat="31.0231357254087924957275390625" lon="121.42907456494867801666259765625">
        <ele>2.599999904632568359375</ele>
        <time>2026-05-11T13:11:07.000Z</time>
        <extensions>
          <ns3:TrackPointExtension>
            <ns3:hr>171</ns3:hr>
            <ns3:cad>84</ns3:cad>
          </ns3:TrackPointExtension>
        </extensions>
      </trkpt>
      <trkpt lat="31.0231400839984416961669921875" lon="121.4290397800505161285400390625">
        <ele>2.599999904632568359375</ele>
        <time>2026-05-11T13:11:08.000Z</time>
        <extensions>
          <ns3:TrackPointExtension>
            <ns3:hr>171</ns3:hr>
            <ns3:cad>84</ns3:cad>
          </ns3:TrackPointExtension>
        </extensions>
      </trkpt>
      <trkpt lat="31.0231531597673892974853515625" lon="121.429006420075893402099609375">
        <ele>2.599999904632568359375</ele>
        <time>2026-05-11T13:11:09.000Z</time>
        <extensions>
          <ns3:TrackPointExtension>
            <ns3:hr>171</ns3:hr>
            <ns3:cad>84</ns3:cad>
          </ns3:TrackPointExtension>
        </extensions>
      </trkpt>
      <trkpt lat="31.0231545008718967437744140625" lon="121.4289750717580318450927734375">
        <ele>2.400000095367431640625</ele>
        <time>2026-05-11T13:11:10.000Z</time>
        <extensions>
          <ns3:TrackPointExtension>
            <ns3:hr>171</ns3:hr>
            <ns3:cad>84</ns3:cad>
          </ns3:TrackPointExtension>
        </extensions>
      </trkpt>
      <trkpt lat="31.023165397346019744873046875" lon="121.42893341369926929473876953125">
        <ele>2.400000095367431640625</ele>
        <time>2026-05-11T13:11:11.000Z</time>
        <extensions>
          <ns3:TrackPointExtension>
            <ns3:hr>170</ns3:hr>
            <ns3:cad>85</ns3:cad>
          </ns3:TrackPointExtension>
        </extensions>
      </trkpt>
      <trkpt lat="31.0231672413647174835205078125" lon="121.42890290357172489166259765625">
        <ele>2.400000095367431640625</ele>
        <time>2026-05-11T13:11:12.000Z</time>
        <extensions>
          <ns3:TrackPointExtension>
            <ns3:hr>171</ns3:hr>
            <ns3:cad>85</ns3:cad>
          </ns3:TrackPointExtension>
        </extensions>
      </trkpt>
      <trkpt lat="31.02316464297473430633544921875" lon="121.428862251341342926025390625">
        <ele>2.400000095367431640625</ele>
        <time>2026-05-11T13:11:13.000Z</time>
        <extensions>
          <ns3:TrackPointExtension>
            <ns3:hr>172</ns3:hr>
            <ns3:cad>85</ns3:cad>
          </ns3:TrackPointExtension>
        </extensions>
      </trkpt>
      <trkpt lat="31.023164056241512298583984375" lon="121.42882344312965869903564453125">
        <ele>2.400000095367431640625</ele>
        <time>2026-05-11T13:11:14.000Z</time>
        <extensions>
          <ns3:TrackPointExtension>
            <ns3:hr>172</ns3:hr>
            <ns3:cad>85</ns3:cad>
          </ns3:TrackPointExtension>
        </extensions>
      </trkpt>
      <trkpt lat="31.02315559051930904388427734375" lon="121.428793184459209442138671875">
        <ele>2.400000095367431640625</ele>
        <time>2026-05-11T13:11:15.000Z</time>
        <extensions>
          <ns3:TrackPointExtension>
            <ns3:hr>172</ns3:hr>
            <ns3:cad>85</ns3:cad>
          </ns3:TrackPointExtension>
        </extensions>
      </trkpt>
      <trkpt lat="31.0231454484164714813232421875" lon="121.42874901182949542999267578125">
        <ele>2.400000095367431640625</ele>
        <time>2026-05-11T13:11:16.000Z</time>
        <extensions>
          <ns3:TrackPointExtension>
            <ns3:hr>172</ns3:hr>
            <ns3:cad>85</ns3:cad>
          </ns3:TrackPointExtension>
        </extensions>
      </trkpt>
      <trkpt lat="31.02313078008592128753662109375" lon="121.4287237823009490966796875">
        <ele>2.400000095367431640625</ele>
        <time>2026-05-11T13:11:17.000Z</time>
        <extensions>
          <ns3:TrackPointExtension>
            <ns3:hr>173</ns3:hr>
            <ns3:cad>85</ns3:cad>
          </ns3:TrackPointExtension>
        </extensions>
      </trkpt>
      <trkpt lat="31.023113429546356201171875" lon="121.42870165407657623291015625">
        <ele>2.400000095367431640625</ele>
        <time>2026-05-11T13:11:18.000Z</time>
        <extensions>
          <ns3:TrackPointExtension>
            <ns3:hr>172</ns3:hr>
            <ns3:cad>85</ns3:cad>
          </ns3:TrackPointExtension>
        </extensions>
      </trkpt>
      <trkpt lat="31.02310337126255035400390625" lon="121.428682543337345123291015625">
        <ele>2.400000095367431640625</ele>
        <time>2026-05-11T13:11:19.000Z</time>
        <extensions>
          <ns3:TrackPointExtension>
            <ns3:hr>171</ns3:hr>
            <ns3:cad>84</ns3:cad>
          </ns3:TrackPointExtension>
        </extensions>
      </trkpt>
      <trkpt lat="31.0231226496398448944091796875" lon="121.42868916504085063934326171875">
        <ele>2.599999904632568359375</ele>
        <time>2026-05-11T13:11:31.000Z</time>
        <extensions>
          <ns3:TrackPointExtension>
            <ns3:hr>159</ns3:hr>
            <ns3:cad>0</ns3:cad>
          </ns3:TrackPointExtension>
        </extensions>
      </trkpt>
      <trkpt lat="31.02313882671296596527099609375" lon="121.42869000323116779327392578125">
        <ele>2.400000095367431640625</ele>
        <time>2026-05-11T13:11:32.000Z</time>
        <extensions>
          <ns3:TrackPointExtension>
            <ns3:hr>158</ns3:hr>
            <ns3:cad>0</ns3:cad>
          </ns3:TrackPointExtension>
        </extensions>
      </trkpt>
      <trkpt lat="31.0231561772525310516357421875" lon="121.42869369126856327056884765625">
        <ele>2.400000095367431640625</ele>
        <time>2026-05-11T13:11:33.000Z</time>
        <extensions>
          <ns3:TrackPointExtension>
            <ns3:hr>158</ns3:hr>
            <ns3:cad>0</ns3:cad>
          </ns3:TrackPointExtension>
        </extensions>
      </trkpt>
      <trkpt lat="31.02317956276237964630126953125" lon="121.42870274372398853302001953125">
        <ele>2.400000095367431640625</ele>
        <time>2026-05-11T13:11:34.000Z</time>
        <extensions>
          <ns3:TrackPointExtension>
            <ns3:hr>158</ns3:hr>
            <ns3:cad>0</ns3:cad>
          </ns3:TrackPointExtension>
        </extensions>
      </trkpt>
      <trkpt lat="31.0232032835483551025390625" lon="121.42872369848191738128662109375">
        <ele>2.400000095367431640625</ele>
        <time>2026-05-11T13:11:35.000Z</time>
        <extensions>
          <ns3:TrackPointExtension>
            <ns3:hr>157</ns3:hr>
            <ns3:cad>0</ns3:cad>
          </ns3:TrackPointExtension>
        </extensions>
      </trkpt>
      <trkpt lat="31.02322331629693508148193359375" lon="121.4287383668124675750732421875">
        <ele>2.599999904632568359375</ele>
        <time>2026-05-11T13:11:36.000Z</time>
        <extensions>
          <ns3:TrackPointExtension>
            <ns3:hr>157</ns3:hr>
            <ns3:cad>0</ns3:cad>
          </ns3:TrackPointExtension>
        </extensions>
      </trkpt>
      <trkpt lat="31.02324645034968852996826171875" lon="121.42876057885587215423583984375">
        <ele>2.599999904632568359375</ele>
        <time>2026-05-11T13:11:37.000Z</time>
        <extensions>
          <ns3:TrackPointExtension>
            <ns3:hr>156</ns3:hr>
            <ns3:cad>0</ns3:cad>
          </ns3:TrackPointExtension>
        </extensions>
      </trkpt>
      <trkpt lat="31.02326137013733386993408203125" lon="121.4287801086902618408203125">
        <ele>2.599999904632568359375</ele>
        <time>2026-05-11T13:11:38.000Z</time>
        <extensions>
          <ns3:TrackPointExtension>
            <ns3:hr>155</ns3:hr>
            <ns3:cad>81</ns3:cad>
          </ns3:TrackPointExtension>
        </extensions>
      </trkpt>
      <trkpt lat="31.02327771484851837158203125" lon="121.4288000576198101043701171875">
        <ele>2.599999904632568359375</ele>
        <time>2026-05-11T13:11:39.000Z</time>
        <extensions>
          <ns3:TrackPointExtension>
            <ns3:hr>153</ns3:hr>
            <ns3:cad>81</ns3:cad>
          </ns3:TrackPointExtension>
        </extensions>
      </trkpt>
      <trkpt lat="31.023292131721973419189453125" lon="121.42882369458675384521484375">
        <ele>2.599999904632568359375</ele>
        <time>2026-05-11T13:11:40.000Z</time>
        <extensions>
          <ns3:TrackPointExtension>
            <ns3:hr>152</ns3:hr>
            <ns3:cad>81</ns3:cad>
          </ns3:TrackPointExtension>
        </extensions>
      </trkpt>
      <trkpt lat="31.02330428548157215118408203125" lon="121.42884607426822185516357421875">
        <ele>2.599999904632568359375</ele>
        <time>2026-05-11T13:11:41.000Z</time>
        <extensions>
          <ns3:TrackPointExtension>
            <ns3:hr>152</ns3:hr>
            <ns3:cad>81</ns3:cad>
          </ns3:TrackPointExtension>
        </extensions>
      </trkpt>
      <trkpt lat="31.023287437856197357177734375" lon="121.42887021414935588836669921875">
        <ele>2.400000095367431640625</ele>
        <time>2026-05-11T13:11:42.000Z</time>
        <extensions>
          <ns3:TrackPointExtension>
            <ns3:hr>152</ns3:hr>
            <ns3:cad>81</ns3:cad>
          </ns3:TrackPointExtension>
        </extensions>
      </trkpt>
      <trkpt lat="31.02327930741012096405029296875" lon="121.4288900792598724365234375">
        <ele>2.400000095367431640625</ele>
        <time>2026-05-11T13:11:43.000Z</time>
        <extensions>
          <ns3:TrackPointExtension>
            <ns3:hr>153</ns3:hr>
            <ns3:cad>81</ns3:cad>
          </ns3:TrackPointExtension>
        </extensions>
      </trkpt>
      <trkpt lat="31.023271344602108001708984375" lon="121.4289184100925922393798828125">
        <ele>2.400000095367431640625</ele>
        <time>2026-05-11T13:11:44.000Z</time>
        <extensions>
          <ns3:TrackPointExtension>
            <ns3:hr>153</ns3:hr>
            <ns3:cad>81</ns3:cad>
          </ns3:TrackPointExtension>
        </extensions>
      </trkpt>
      <trkpt lat="31.02327025495469570159912109375" lon="121.428939364850521087646484375">
        <ele>2.400000095367431640625</ele>
        <time>2026-05-11T13:11:45.000Z</time>
        <extensions>
          <ns3:TrackPointExtension>
            <ns3:hr>152</ns3:hr>
            <ns3:cad>81</ns3:cad>
          </ns3:TrackPointExtension>
        </extensions>
      </trkpt>
      <trkpt lat="31.02327260188758373260498046875" lon="121.42895956523716449737548828125">
        <ele>2.400000095367431640625</ele>
        <time>2026-05-11T13:11:46.000Z</time>
        <extensions>
          <ns3:TrackPointExtension>
            <ns3:hr>152</ns3:hr>
            <ns3:cad>0</ns3:cad>
          </ns3:TrackPointExtension>
        </extensions>
      </trkpt>
      <trkpt lat="31.0232755355536937713623046875" lon="121.4289801008999347686767578125">
        <ele>2.400000095367431640625</ele>
        <time>2026-05-11T13:11:47.000Z</time>
        <extensions>
          <ns3:TrackPointExtension>
            <ns3:hr>151</ns3:hr>
            <ns3:cad>0</ns3:cad>
          </ns3:TrackPointExtension>
        </extensions>
      </trkpt>
      <trkpt lat="31.02327746339142322540283203125" lon="121.42899334430694580078125">
        <ele>2.400000095367431640625</ele>
        <time>2026-05-11T13:11:48.000Z</time>
        <extensions>
          <ns3:TrackPointExtension>
            <ns3:hr>151</ns3:hr>
            <ns3:cad>0</ns3:cad>
          </ns3:TrackPointExtension>
        </extensions>
      </trkpt>
      <trkpt lat="31.02327260188758373260498046875" lon="121.428997702896595001220703125">
        <ele>2.400000095367431640625</ele>
        <time>2026-05-11T13:11:49.000Z</time>
        <extensions>
          <ns3:TrackPointExtension>
            <ns3:hr>150</ns3:hr>
            <ns3:cad>65</ns3:cad>
          </ns3:TrackPointExtension>
        </extensions>
      </trkpt>
      <trkpt lat="31.02326137013733386993408203125" lon="121.428997032344341278076171875">
        <ele>2.400000095367431640625</ele>
        <time>2026-05-11T13:11:50.000Z</time>
        <extensions>
          <ns3:TrackPointExtension>
            <ns3:hr>150</ns3:hr>
            <ns3:cad>65</ns3:cad>
          </ns3:TrackPointExtension>
        </extensions>
      </trkpt>
      <trkpt lat="31.0232622921466827392578125" lon="121.428990326821804046630859375">
        <ele>2.400000095367431640625</ele>
        <time>2026-05-11T13:11:51.000Z</time>
        <extensions>
          <ns3:TrackPointExtension>
            <ns3:hr>150</ns3:hr>
            <ns3:cad>65</ns3:cad>
          </ns3:TrackPointExtension>
        </extensions>
      </trkpt>
    </trkseg>
  </trk>
</gpx>
