<gpx xmlns:ns3="http://www.garmin.com/xmlschemas/TrackPointExtension/v1" xmlns="http://www.topografix.com/GPX/1/1" xmlns:xsi="http://www.w3.org/2001/XMLSchema-instance" xmlns:ns2="http://www.garmin.com/xmlschemas/GpxExtensions/v3" creator="Garmin Connect" version="1.1" xsi:schemaLocation="http://www.topografix.com/GPX/1/1 http://www.topografix.com/GPX/11.xsd">
  <extensions>
<distance>4869.22</distance>
<average_hr>157.0</average_hr>
<average_speed>3.134999990463257</average_speed>
<start_time>2026-05-14T12:43:59+00:00</start_time>
<end_time>2026-05-14T13:09:52.251000+00:00</end_time>
<moving_time>1552.277</moving_time>
<elapsed_time>1793.087</elapsed_time>
</extensions>
<metadata>
    <link href="connect.garmin.com">
      <text>Garmin Connect</text>
    </link>
    <time>2026-05-14T12:43:59.000Z</time>
  </metadata>
  <trk>
    <name>闵行区 跑步</name>
    <type>running</type>
    <trkseg>
      <trkpt lat="31.02216619066894054412841796875" lon="121.4286139793694019317626953125">
        <ele>8</ele>
        <time>2026-05-14T12:43:59.000Z</time>
        <extensions>
          <ns3:TrackPointExtension>
            <ns3:hr>119</ns3:hr>
            <ns3:cad>0</ns3:cad>
          </ns3:TrackPointExtension>
        </extensions>
      </trkpt>
      <trkpt lat="31.02220994420349597930908203125" lon="121.428632922470569610595703125">
        <ele>8</ele>
        <time>2026-05-14T12:44:00.000Z</time>
        <extensions>
          <ns3:TrackPointExtension>
            <ns3:hr>119</ns3:hr>
            <ns3:cad>0</ns3:cad>
          </ns3:TrackPointExtension>
        </extensions>
      </trkpt>
      <trkpt lat="31.02218664251267910003662109375" lon="121.4286411367356777191162109375">
        <ele>8</ele>
        <time>2026-05-14T12:44:01.000Z</time>
        <extensions>
          <ns3:TrackPointExtension>
            <ns3:hr>120</ns3:hr>
            <ns3:cad>0</ns3:cad>
          </ns3:TrackPointExtension>
        </extensions>
      </trkpt>
      <trkpt lat="31.02216057479381561279296875" lon="121.4286505244672298431396484375">
        <ele>8</ele>
        <time>2026-05-14T12:44:02.000Z</time>
        <extensions>
          <ns3:TrackPointExtension>
            <ns3:hr>120</ns3:hr>
            <ns3:cad>0</ns3:cad>
          </ns3:TrackPointExtension>
        </extensions>
      </trkpt>
      <trkpt lat="31.0221369378268718719482421875" lon="121.42865681089460849761962890625">
        <ele>8.19999980926513671875</ele>
        <time>2026-05-14T12:44:03.000Z</time>
        <extensions>
          <ns3:TrackPointExtension>
            <ns3:hr>121</ns3:hr>
            <ns3:cad>0</ns3:cad>
          </ns3:TrackPointExtension>
        </extensions>
      </trkpt>
      <trkpt lat="31.0221144743263721466064453125" lon="121.42866485752165317535400390625">
        <ele>8.19999980926513671875</ele>
        <time>2026-05-14T12:44:04.000Z</time>
        <extensions>
          <ns3:TrackPointExtension>
            <ns3:hr>121</ns3:hr>
            <ns3:cad>80</ns3:cad>
          </ns3:TrackPointExtension>
        </extensions>
      </trkpt>
      <trkpt lat="31.022089160978794097900390625" lon="121.4286706410348415374755859375">
        <ele>8.19999980926513671875</ele>
        <time>2026-05-14T12:44:05.000Z</time>
        <extensions>
          <ns3:TrackPointExtension>
            <ns3:hr>122</ns3:hr>
            <ns3:cad>85</ns3:cad>
          </ns3:TrackPointExtension>
        </extensions>
      </trkpt>
      <trkpt lat="31.02206627838313579559326171875" lon="121.428679190576076507568359375">
        <ele>8.19999980926513671875</ele>
        <time>2026-05-14T12:44:06.000Z</time>
        <extensions>
          <ns3:TrackPointExtension>
            <ns3:hr>122</ns3:hr>
            <ns3:cad>86</ns3:cad>
          </ns3:TrackPointExtension>
        </extensions>
      </trkpt>
      <trkpt lat="31.02203962393105030059814453125" lon="121.42868296243250370025634765625">
        <ele>8.19999980926513671875</ele>
        <time>2026-05-14T12:44:07.000Z</time>
        <extensions>
          <ns3:TrackPointExtension>
            <ns3:hr>122</ns3:hr>
            <ns3:cad>87</ns3:cad>
          </ns3:TrackPointExtension>
        </extensions>
      </trkpt>
      <trkpt lat="31.02201900444924831390380859375" lon="121.428687907755374908447265625">
        <ele>8.19999980926513671875</ele>
        <time>2026-05-14T12:44:08.000Z</time>
        <extensions>
          <ns3:TrackPointExtension>
            <ns3:hr>122</ns3:hr>
            <ns3:cad>87</ns3:cad>
          </ns3:TrackPointExtension>
        </extensions>
      </trkpt>
      <trkpt lat="31.02199536748230457305908203125" lon="121.4286915957927703857421875">
        <ele>8.19999980926513671875</ele>
        <time>2026-05-14T12:44:09.000Z</time>
        <extensions>
          <ns3:TrackPointExtension>
            <ns3:hr>123</ns3:hr>
            <ns3:cad>87</ns3:cad>
          </ns3:TrackPointExtension>
        </extensions>
      </trkpt>
      <trkpt lat="31.0219776816666126251220703125" lon="121.4287001453340053558349609375">
        <ele>8.19999980926513671875</ele>
        <time>2026-05-14T12:44:10.000Z</time>
        <extensions>
          <ns3:TrackPointExtension>
            <ns3:hr>125</ns3:hr>
            <ns3:cad>86</ns3:cad>
          </ns3:TrackPointExtension>
        </extensions>
      </trkpt>
      <trkpt lat="31.02195731364190578460693359375" lon="121.42871213145554065704345703125">
        <ele>8</ele>
        <time>2026-05-14T12:44:11.000Z</time>
        <extensions>
          <ns3:TrackPointExtension>
            <ns3:hr>127</ns3:hr>
            <ns3:cad>86</ns3:cad>
          </ns3:TrackPointExtension>
        </extensions>
      </trkpt>
      <trkpt lat="31.02193283848464488983154296875" lon="121.4287189207971096038818359375">
        <ele>8</ele>
        <time>2026-05-14T12:44:12.000Z</time>
        <extensions>
          <ns3:TrackPointExtension>
            <ns3:hr>127</ns3:hr>
            <ns3:cad>86</ns3:cad>
          </ns3:TrackPointExtension>
        </extensions>
      </trkpt>
      <trkpt lat="31.02191624231636524200439453125" lon="121.42873258329927921295166015625">
        <ele>8</ele>
        <time>2026-05-14T12:44:13.000Z</time>
        <extensions>
          <ns3:TrackPointExtension>
            <ns3:hr>126</ns3:hr>
            <ns3:cad>86</ns3:cad>
          </ns3:TrackPointExtension>
        </extensions>
      </trkpt>
      <trkpt lat="31.0218918509781360626220703125" lon="121.42874985001981258392333984375">
        <ele>8</ele>
        <time>2026-05-14T12:44:14.000Z</time>
        <extensions>
          <ns3:TrackPointExtension>
            <ns3:hr>125</ns3:hr>
            <ns3:cad>85</ns3:cad>
          </ns3:TrackPointExtension>
        </extensions>
      </trkpt>
      <trkpt lat="31.021875254809856414794921875" lon="121.42876342870295047760009765625">
        <ele>8</ele>
        <time>2026-05-14T12:44:15.000Z</time>
        <extensions>
          <ns3:TrackPointExtension>
            <ns3:hr>125</ns3:hr>
            <ns3:cad>84</ns3:cad>
          </ns3:TrackPointExtension>
        </extensions>
      </trkpt>
      <trkpt lat="31.0218563117086887359619140625" lon="121.4287822879850864410400390625">
        <ele>8</ele>
        <time>2026-05-14T12:44:16.000Z</time>
        <extensions>
          <ns3:TrackPointExtension>
            <ns3:hr>125</ns3:hr>
            <ns3:cad>84</ns3:cad>
          </ns3:TrackPointExtension>
        </extensions>
      </trkpt>
      <trkpt lat="31.021837033331394195556640625" lon="121.42879947088658809661865234375">
        <ele>8</ele>
        <time>2026-05-14T12:44:17.000Z</time>
        <extensions>
          <ns3:TrackPointExtension>
            <ns3:hr>125</ns3:hr>
            <ns3:cad>83</ns3:cad>
          </ns3:TrackPointExtension>
        </extensions>
      </trkpt>
      <trkpt lat="31.0218219459056854248046875" lon="121.42881891690194606781005859375">
        <ele>8</ele>
        <time>2026-05-14T12:44:18.000Z</time>
        <extensions>
          <ns3:TrackPointExtension>
            <ns3:hr>125</ns3:hr>
            <ns3:cad>83</ns3:cad>
          </ns3:TrackPointExtension>
        </extensions>
      </trkpt>
      <trkpt lat="31.02180258370935916900634765625" lon="121.42883920110762119293212890625">
        <ele>7.80000019073486328125</ele>
        <time>2026-05-14T12:44:19.000Z</time>
        <extensions>
          <ns3:TrackPointExtension>
            <ns3:hr>125</ns3:hr>
            <ns3:cad>84</ns3:cad>
          </ns3:TrackPointExtension>
        </extensions>
      </trkpt>
      <trkpt lat="31.021791435778141021728515625" lon="121.428860910236835479736328125">
        <ele>7.80000019073486328125</ele>
        <time>2026-05-14T12:44:20.000Z</time>
        <extensions>
          <ns3:TrackPointExtension>
            <ns3:hr>125</ns3:hr>
            <ns3:cad>85</ns3:cad>
          </ns3:TrackPointExtension>
        </extensions>
      </trkpt>
      <trkpt lat="31.02177391760051250457763671875" lon="121.428885720670223236083984375">
        <ele>7.80000019073486328125</ele>
        <time>2026-05-14T12:44:21.000Z</time>
        <extensions>
          <ns3:TrackPointExtension>
            <ns3:hr>125</ns3:hr>
            <ns3:cad>86</ns3:cad>
          </ns3:TrackPointExtension>
        </extensions>
      </trkpt>
      <trkpt lat="31.02176587097346782684326171875" lon="121.4289073459804058074951171875">
        <ele>8</ele>
        <time>2026-05-14T12:44:22.000Z</time>
        <extensions>
          <ns3:TrackPointExtension>
            <ns3:hr>125</ns3:hr>
            <ns3:cad>87</ns3:cad>
          </ns3:TrackPointExtension>
        </extensions>
      </trkpt>
      <trkpt lat="31.0217540524899959564208984375" lon="121.4289348386228084564208984375">
        <ele>8</ele>
        <time>2026-05-14T12:44:23.000Z</time>
        <extensions>
          <ns3:TrackPointExtension>
            <ns3:hr>125</ns3:hr>
            <ns3:cad>88</ns3:cad>
          </ns3:TrackPointExtension>
        </extensions>
      </trkpt>
      <trkpt lat="31.02175011299550533294677734375" lon="121.428957469761371612548828125">
        <ele>8</ele>
        <time>2026-05-14T12:44:24.000Z</time>
        <extensions>
          <ns3:TrackPointExtension>
            <ns3:hr>125</ns3:hr>
            <ns3:cad>88</ns3:cad>
          </ns3:TrackPointExtension>
        </extensions>
      </trkpt>
      <trkpt lat="31.02174290455877780914306640625" lon="121.42898621968924999237060546875">
        <ele>8</ele>
        <time>2026-05-14T12:44:25.000Z</time>
        <extensions>
          <ns3:TrackPointExtension>
            <ns3:hr>125</ns3:hr>
            <ns3:cad>87</ns3:cad>
          </ns3:TrackPointExtension>
        </extensions>
      </trkpt>
      <trkpt lat="31.02173603139817714691162109375" lon="121.42901337705552577972412109375">
        <ele>8</ele>
        <time>2026-05-14T12:44:26.000Z</time>
        <extensions>
          <ns3:TrackPointExtension>
            <ns3:hr>125</ns3:hr>
            <ns3:cad>87</ns3:cad>
          </ns3:TrackPointExtension>
        </extensions>
      </trkpt>
      <trkpt lat="31.02173410356044769287109375" lon="121.429037265479564666748046875">
        <ele>8</ele>
        <time>2026-05-14T12:44:27.000Z</time>
        <extensions>
          <ns3:TrackPointExtension>
            <ns3:hr>125</ns3:hr>
            <ns3:cad>87</ns3:cad>
          </ns3:TrackPointExtension>
        </extensions>
      </trkpt>
      <trkpt lat="31.02172697894275188446044921875" lon="121.42906886525452136993408203125">
        <ele>8</ele>
        <time>2026-05-14T12:44:28.000Z</time>
        <extensions>
          <ns3:TrackPointExtension>
            <ns3:hr>125</ns3:hr>
            <ns3:cad>87</ns3:cad>
          </ns3:TrackPointExtension>
        </extensions>
      </trkpt>
      <trkpt lat="31.0217280685901641845703125" lon="121.429092586040496826171875">
        <ele>8</ele>
        <time>2026-05-14T12:44:29.000Z</time>
        <extensions>
          <ns3:TrackPointExtension>
            <ns3:hr>125</ns3:hr>
            <ns3:cad>86</ns3:cad>
          </ns3:TrackPointExtension>
        </extensions>
      </trkpt>
      <trkpt lat="31.021729074418544769287109375" lon="121.42912787385284900665283203125">
        <ele>8</ele>
        <time>2026-05-14T12:44:30.000Z</time>
        <extensions>
          <ns3:TrackPointExtension>
            <ns3:hr>126</ns3:hr>
            <ns3:cad>85</ns3:cad>
          </ns3:TrackPointExtension>
        </extensions>
      </trkpt>
      <trkpt lat="31.02173502556979656219482421875" lon="121.42915452830493450164794921875">
        <ele>8</ele>
        <time>2026-05-14T12:44:31.000Z</time>
        <extensions>
          <ns3:TrackPointExtension>
            <ns3:hr>126</ns3:hr>
            <ns3:cad>84</ns3:cad>
          </ns3:TrackPointExtension>
        </extensions>
      </trkpt>
      <trkpt lat="31.0217423178255558013916015625" lon="121.42918646335601806640625">
        <ele>8</ele>
        <time>2026-05-14T12:44:32.000Z</time>
        <extensions>
          <ns3:TrackPointExtension>
            <ns3:hr>127</ns3:hr>
            <ns3:cad>84</ns3:cad>
          </ns3:TrackPointExtension>
        </extensions>
      </trkpt>
      <trkpt lat="31.02174659259617328643798828125" lon="121.42921722494065761566162109375">
        <ele>8</ele>
        <time>2026-05-14T12:44:33.000Z</time>
        <extensions>
          <ns3:TrackPointExtension>
            <ns3:hr>128</ns3:hr>
            <ns3:cad>84</ns3:cad>
          </ns3:TrackPointExtension>
        </extensions>
      </trkpt>
      <trkpt lat="31.02175849489867687225341796875" lon="121.42924019135534763336181640625">
        <ele>8</ele>
        <time>2026-05-14T12:44:34.000Z</time>
        <extensions>
          <ns3:TrackPointExtension>
            <ns3:hr>129</ns3:hr>
            <ns3:cad>85</ns3:cad>
          </ns3:TrackPointExtension>
        </extensions>
      </trkpt>
      <trkpt lat="31.0217656195163726806640625" lon="121.429273299872875213623046875">
        <ele>8</ele>
        <time>2026-05-14T12:44:35.000Z</time>
        <extensions>
          <ns3:TrackPointExtension>
            <ns3:hr>129</ns3:hr>
            <ns3:cad>86</ns3:cad>
          </ns3:TrackPointExtension>
        </extensions>
      </trkpt>
      <trkpt lat="31.02177836000919342041015625" lon="121.4292932488024234771728515625">
        <ele>8</ele>
        <time>2026-05-14T12:44:36.000Z</time>
        <extensions>
          <ns3:TrackPointExtension>
            <ns3:hr>130</ns3:hr>
            <ns3:cad>86</ns3:cad>
          </ns3:TrackPointExtension>
        </extensions>
      </trkpt>
      <trkpt lat="31.02179101668298244476318359375" lon="121.4293234236538410186767578125">
        <ele>8</ele>
        <time>2026-05-14T12:44:37.000Z</time>
        <extensions>
          <ns3:TrackPointExtension>
            <ns3:hr>131</ns3:hr>
            <ns3:cad>86</ns3:cad>
          </ns3:TrackPointExtension>
        </extensions>
      </trkpt>
      <trkpt lat="31.02180358953773975372314453125" lon="121.42934178002178668975830078125">
        <ele>8</ele>
        <time>2026-05-14T12:44:38.000Z</time>
        <extensions>
          <ns3:TrackPointExtension>
            <ns3:hr>131</ns3:hr>
            <ns3:cad>86</ns3:cad>
          </ns3:TrackPointExtension>
        </extensions>
      </trkpt>
      <trkpt lat="31.02182169444859027862548828125" lon="121.4293634891510009765625">
        <ele>8</ele>
        <time>2026-05-14T12:44:39.000Z</time>
        <extensions>
          <ns3:TrackPointExtension>
            <ns3:hr>131</ns3:hr>
            <ns3:cad>86</ns3:cad>
          </ns3:TrackPointExtension>
        </extensions>
      </trkpt>
      <trkpt lat="31.02183778770267963409423828125" lon="121.429384611546993255615234375">
        <ele>8</ele>
        <time>2026-05-14T12:44:40.000Z</time>
        <extensions>
          <ns3:TrackPointExtension>
            <ns3:hr>131</ns3:hr>
            <ns3:cad>87</ns3:cad>
          </ns3:TrackPointExtension>
        </extensions>
      </trkpt>
      <trkpt lat="31.02185790427029132843017578125" lon="121.42939777113497257232666015625">
        <ele>8</ele>
        <time>2026-05-14T12:44:41.000Z</time>
        <extensions>
          <ns3:TrackPointExtension>
            <ns3:hr>131</ns3:hr>
            <ns3:cad>87</ns3:cad>
          </ns3:TrackPointExtension>
        </extensions>
      </trkpt>
      <trkpt lat="31.0218774341046810150146484375" lon="121.42941721715033054351806640625">
        <ele>8</ele>
        <time>2026-05-14T12:44:42.000Z</time>
        <extensions>
          <ns3:TrackPointExtension>
            <ns3:hr>132</ns3:hr>
            <ns3:cad>86</ns3:cad>
          </ns3:TrackPointExtension>
        </extensions>
      </trkpt>
      <trkpt lat="31.02189595811069011688232421875" lon="121.429426856338977813720703125">
        <ele>8</ele>
        <time>2026-05-14T12:44:43.000Z</time>
        <extensions>
          <ns3:TrackPointExtension>
            <ns3:hr>132</ns3:hr>
            <ns3:cad>85</ns3:cad>
          </ns3:TrackPointExtension>
        </extensions>
      </trkpt>
      <trkpt lat="31.02192328311502933502197265625" lon="121.42944487743079662322998046875">
        <ele>8</ele>
        <time>2026-05-14T12:44:44.000Z</time>
        <extensions>
          <ns3:TrackPointExtension>
            <ns3:hr>132</ns3:hr>
            <ns3:cad>85</ns3:cad>
          </ns3:TrackPointExtension>
        </extensions>
      </trkpt>
      <trkpt lat="31.02194130420684814453125" lon="121.429457031190395355224609375">
        <ele>8</ele>
        <time>2026-05-14T12:44:45.000Z</time>
        <extensions>
          <ns3:TrackPointExtension>
            <ns3:hr>132</ns3:hr>
            <ns3:cad>85</ns3:cad>
          </ns3:TrackPointExtension>
        </extensions>
      </trkpt>
      <trkpt lat="31.021965108811855316162109375" lon="121.42946667037904262542724609375">
        <ele>8</ele>
        <time>2026-05-14T12:44:46.000Z</time>
        <extensions>
          <ns3:TrackPointExtension>
            <ns3:hr>133</ns3:hr>
            <ns3:cad>85</ns3:cad>
          </ns3:TrackPointExtension>
        </extensions>
      </trkpt>
      <trkpt lat="31.02198891341686248779296875" lon="121.4294803328812122344970703125">
        <ele>8</ele>
        <time>2026-05-14T12:44:47.000Z</time>
        <extensions>
          <ns3:TrackPointExtension>
            <ns3:hr>132</ns3:hr>
            <ns3:cad>85</ns3:cad>
          </ns3:TrackPointExtension>
        </extensions>
      </trkpt>
      <trkpt lat="31.0220110416412353515625" lon="121.42948293127119541168212890625">
        <ele>8</ele>
        <time>2026-05-14T12:44:48.000Z</time>
        <extensions>
          <ns3:TrackPointExtension>
            <ns3:hr>133</ns3:hr>
            <ns3:cad>85</ns3:cad>
          </ns3:TrackPointExtension>
        </extensions>
      </trkpt>
      <trkpt lat="31.02204163558781147003173828125" lon="121.4294913969933986663818359375">
        <ele>8</ele>
        <time>2026-05-14T12:44:49.000Z</time>
        <extensions>
          <ns3:TrackPointExtension>
            <ns3:hr>133</ns3:hr>
            <ns3:cad>85</ns3:cad>
          </ns3:TrackPointExtension>
        </extensions>
      </trkpt>
      <trkpt lat="31.022058315575122833251953125" lon="121.429489217698574066162109375">
        <ele>8</ele>
        <time>2026-05-14T12:44:50.000Z</time>
        <extensions>
          <ns3:TrackPointExtension>
            <ns3:hr>133</ns3:hr>
            <ns3:cad>84</ns3:cad>
          </ns3:TrackPointExtension>
        </extensions>
      </trkpt>
      <trkpt lat="31.02208279073238372802734375" lon="121.42948796041309833526611328125">
        <ele>8</ele>
        <time>2026-05-14T12:44:51.000Z</time>
        <extensions>
          <ns3:TrackPointExtension>
            <ns3:hr>133</ns3:hr>
            <ns3:cad>84</ns3:cad>
          </ns3:TrackPointExtension>
        </extensions>
      </trkpt>
      <trkpt lat="31.02210684679448604583740234375" lon="121.4294917322695255279541015625">
        <ele>8</ele>
        <time>2026-05-14T12:44:52.000Z</time>
        <extensions>
          <ns3:TrackPointExtension>
            <ns3:hr>134</ns3:hr>
            <ns3:cad>84</ns3:cad>
          </ns3:TrackPointExtension>
        </extensions>
      </trkpt>
      <trkpt lat="31.022128053009510040283203125" lon="121.4294863678514957427978515625">
        <ele>8</ele>
        <time>2026-05-14T12:44:53.000Z</time>
        <extensions>
          <ns3:TrackPointExtension>
            <ns3:hr>133</ns3:hr>
            <ns3:cad>85</ns3:cad>
          </ns3:TrackPointExtension>
        </extensions>
      </trkpt>
      <trkpt lat="31.022157557308673858642578125" lon="121.429487206041812896728515625">
        <ele>8</ele>
        <time>2026-05-14T12:44:54.000Z</time>
        <extensions>
          <ns3:TrackPointExtension>
            <ns3:hr>134</ns3:hr>
            <ns3:cad>85</ns3:cad>
          </ns3:TrackPointExtension>
        </extensions>
      </trkpt>
      <trkpt lat="31.02217909879982471466064453125" lon="121.42947957850992679595947265625">
        <ele>7.80000019073486328125</ele>
        <time>2026-05-14T12:44:55.000Z</time>
        <extensions>
          <ns3:TrackPointExtension>
            <ns3:hr>134</ns3:hr>
            <ns3:cad>85</ns3:cad>
          </ns3:TrackPointExtension>
        </extensions>
      </trkpt>
      <trkpt lat="31.022204495966434478759765625" lon="121.4294696040451526641845703125">
        <ele>7.80000019073486328125</ele>
        <time>2026-05-14T12:44:56.000Z</time>
        <extensions>
          <ns3:TrackPointExtension>
            <ns3:hr>134</ns3:hr>
            <ns3:cad>85</ns3:cad>
          </ns3:TrackPointExtension>
        </extensions>
      </trkpt>
      <trkpt lat="31.02222637273371219635009765625" lon="121.429465748369693756103515625">
        <ele>8</ele>
        <time>2026-05-14T12:44:57.000Z</time>
        <extensions>
          <ns3:TrackPointExtension>
            <ns3:hr>135</ns3:hr>
            <ns3:cad>85</ns3:cad>
          </ns3:TrackPointExtension>
        </extensions>
      </trkpt>
      <trkpt lat="31.02224665693938732147216796875" lon="121.4294582046568393707275390625">
        <ele>8</ele>
        <time>2026-05-14T12:44:58.000Z</time>
        <extensions>
          <ns3:TrackPointExtension>
            <ns3:hr>135</ns3:hr>
            <ns3:cad>84</ns3:cad>
          </ns3:TrackPointExtension>
        </extensions>
      </trkpt>
      <trkpt lat="31.02226962335407733917236328125" lon="121.429455690085887908935546875">
        <ele>8</ele>
        <time>2026-05-14T12:44:59.000Z</time>
        <extensions>
          <ns3:TrackPointExtension>
            <ns3:hr>135</ns3:hr>
            <ns3:cad>84</ns3:cad>
          </ns3:TrackPointExtension>
        </extensions>
      </trkpt>
      <trkpt lat="31.02229124866425991058349609375" lon="121.42945040948688983917236328125">
        <ele>8</ele>
        <time>2026-05-14T12:45:00.000Z</time>
        <extensions>
          <ns3:TrackPointExtension>
            <ns3:hr>135</ns3:hr>
            <ns3:cad>84</ns3:cad>
          </ns3:TrackPointExtension>
        </extensions>
      </trkpt>
      <trkpt lat="31.02232058532536029815673828125" lon="121.42944688908755779266357421875">
        <ele>8</ele>
        <time>2026-05-14T12:45:01.000Z</time>
        <extensions>
          <ns3:TrackPointExtension>
            <ns3:hr>135</ns3:hr>
            <ns3:cad>86</ns3:cad>
          </ns3:TrackPointExtension>
        </extensions>
      </trkpt>
      <trkpt lat="31.02233869023621082305908203125" lon="121.4294387586414813995361328125">
        <ele>8</ele>
        <time>2026-05-14T12:45:02.000Z</time>
        <extensions>
          <ns3:TrackPointExtension>
            <ns3:hr>136</ns3:hr>
            <ns3:cad>86</ns3:cad>
          </ns3:TrackPointExtension>
        </extensions>
      </trkpt>
      <trkpt lat="31.02236467413604259490966796875" lon="121.429427526891231536865234375">
        <ele>8</ele>
        <time>2026-05-14T12:45:03.000Z</time>
        <extensions>
          <ns3:TrackPointExtension>
            <ns3:hr>136</ns3:hr>
            <ns3:cad>85</ns3:cad>
          </ns3:TrackPointExtension>
        </extensions>
      </trkpt>
      <trkpt lat="31.022388897836208343505859375" lon="121.42942308448255062103271484375">
        <ele>8</ele>
        <time>2026-05-14T12:45:04.000Z</time>
        <extensions>
          <ns3:TrackPointExtension>
            <ns3:hr>136</ns3:hr>
            <ns3:cad>85</ns3:cad>
          </ns3:TrackPointExtension>
        </extensions>
      </trkpt>
      <trkpt lat="31.02241094224154949188232421875" lon="121.429416127502918243408203125">
        <ele>8</ele>
        <time>2026-05-14T12:45:05.000Z</time>
        <extensions>
          <ns3:TrackPointExtension>
            <ns3:hr>136</ns3:hr>
            <ns3:cad>85</ns3:cad>
          </ns3:TrackPointExtension>
        </extensions>
      </trkpt>
      <trkpt lat="31.022437512874603271484375" lon="121.429417133331298828125">
        <ele>8</ele>
        <time>2026-05-14T12:45:06.000Z</time>
        <extensions>
          <ns3:TrackPointExtension>
            <ns3:hr>137</ns3:hr>
            <ns3:cad>84</ns3:cad>
          </ns3:TrackPointExtension>
        </extensions>
      </trkpt>
      <trkpt lat="31.0224549472332000732421875" lon="121.42941118218004703521728515625">
        <ele>8</ele>
        <time>2026-05-14T12:45:07.000Z</time>
        <extensions>
          <ns3:TrackPointExtension>
            <ns3:hr>137</ns3:hr>
            <ns3:cad>84</ns3:cad>
          </ns3:TrackPointExtension>
        </extensions>
      </trkpt>
      <trkpt lat="31.02247984148561954498291015625" lon="121.42940481193363666534423828125">
        <ele>8</ele>
        <time>2026-05-14T12:45:08.000Z</time>
        <extensions>
          <ns3:TrackPointExtension>
            <ns3:hr>137</ns3:hr>
            <ns3:cad>84</ns3:cad>
          </ns3:TrackPointExtension>
        </extensions>
      </trkpt>
      <trkpt lat="31.02249928750097751617431640625" lon="121.4293998666107654571533203125">
        <ele>8</ele>
        <time>2026-05-14T12:45:09.000Z</time>
        <extensions>
          <ns3:TrackPointExtension>
            <ns3:hr>137</ns3:hr>
            <ns3:cad>86</ns3:cad>
          </ns3:TrackPointExtension>
        </extensions>
      </trkpt>
      <trkpt lat="31.0225231759250164031982421875" lon="121.42938888631761074066162109375">
        <ele>8</ele>
        <time>2026-05-14T12:45:10.000Z</time>
        <extensions>
          <ns3:TrackPointExtension>
            <ns3:hr>136</ns3:hr>
            <ns3:cad>86</ns3:cad>
          </ns3:TrackPointExtension>
        </extensions>
      </trkpt>
      <trkpt lat="31.02254949510097503662109375" lon="121.429385952651500701904296875">
        <ele>8</ele>
        <time>2026-05-14T12:45:11.000Z</time>
        <extensions>
          <ns3:TrackPointExtension>
            <ns3:hr>137</ns3:hr>
            <ns3:cad>85</ns3:cad>
          </ns3:TrackPointExtension>
        </extensions>
      </trkpt>
      <trkpt lat="31.02257036603987216949462890625" lon="121.4293770678341388702392578125">
        <ele>7.80000019073486328125</ele>
        <time>2026-05-14T12:45:12.000Z</time>
        <extensions>
          <ns3:TrackPointExtension>
            <ns3:hr>138</ns3:hr>
            <ns3:cad>85</ns3:cad>
          </ns3:TrackPointExtension>
        </extensions>
      </trkpt>
      <trkpt lat="31.02260054089128971099853515625" lon="121.42937581054866313934326171875">
        <ele>7.80000019073486328125</ele>
        <time>2026-05-14T12:45:13.000Z</time>
        <extensions>
          <ns3:TrackPointExtension>
            <ns3:hr>138</ns3:hr>
            <ns3:cad>84</ns3:cad>
          </ns3:TrackPointExtension>
        </extensions>
      </trkpt>
      <trkpt lat="31.02261780761182308197021484375" lon="121.42936793155968189239501953125">
        <ele>7.80000019073486328125</ele>
        <time>2026-05-14T12:45:14.000Z</time>
        <extensions>
          <ns3:TrackPointExtension>
            <ns3:hr>138</ns3:hr>
            <ns3:cad>84</ns3:cad>
          </ns3:TrackPointExtension>
        </extensions>
      </trkpt>
      <trkpt lat="31.0226448811590671539306640625" lon="121.4293569512665271759033203125">
        <ele>7.80000019073486328125</ele>
        <time>2026-05-14T12:45:15.000Z</time>
        <extensions>
          <ns3:TrackPointExtension>
            <ns3:hr>138</ns3:hr>
            <ns3:cad>84</ns3:cad>
          </ns3:TrackPointExtension>
        </extensions>
      </trkpt>
      <trkpt lat="31.022666506469249725341796875" lon="121.42934915609657764434814453125">
        <ele>7.80000019073486328125</ele>
        <time>2026-05-14T12:45:16.000Z</time>
        <extensions>
          <ns3:TrackPointExtension>
            <ns3:hr>138</ns3:hr>
            <ns3:cad>85</ns3:cad>
          </ns3:TrackPointExtension>
        </extensions>
      </trkpt>
      <trkpt lat="31.02268938906490802764892578125" lon="121.4293378405272960662841796875">
        <ele>7.80000019073486328125</ele>
        <time>2026-05-14T12:45:17.000Z</time>
        <extensions>
          <ns3:TrackPointExtension>
            <ns3:hr>138</ns3:hr>
            <ns3:cad>85</ns3:cad>
          </ns3:TrackPointExtension>
        </extensions>
      </trkpt>
      <trkpt lat="31.02271520532667636871337890625" lon="121.429333649575710296630859375">
        <ele>7.80000019073486328125</ele>
        <time>2026-05-14T12:45:18.000Z</time>
        <extensions>
          <ns3:TrackPointExtension>
            <ns3:hr>138</ns3:hr>
            <ns3:cad>86</ns3:cad>
          </ns3:TrackPointExtension>
        </extensions>
      </trkpt>
      <trkpt lat="31.02273934520781040191650390625" lon="121.4293247647583484649658203125">
        <ele>7.80000019073486328125</ele>
        <time>2026-05-14T12:45:19.000Z</time>
        <extensions>
          <ns3:TrackPointExtension>
            <ns3:hr>138</ns3:hr>
            <ns3:cad>86</ns3:cad>
          </ns3:TrackPointExtension>
        </extensions>
      </trkpt>
      <trkpt lat="31.02276834659278392791748046875" lon="121.42932660877704620361328125">
        <ele>7.80000019073486328125</ele>
        <time>2026-05-14T12:45:20.000Z</time>
        <extensions>
          <ns3:TrackPointExtension>
            <ns3:hr>138</ns3:hr>
            <ns3:cad>87</ns3:cad>
          </ns3:TrackPointExtension>
        </extensions>
      </trkpt>
      <trkpt lat="31.022785864770412445068359375" lon="121.42932015471160411834716796875">
        <ele>7.80000019073486328125</ele>
        <time>2026-05-14T12:45:21.000Z</time>
        <extensions>
          <ns3:TrackPointExtension>
            <ns3:hr>139</ns3:hr>
            <ns3:cad>87</ns3:cad>
          </ns3:TrackPointExtension>
        </extensions>
      </trkpt>
      <trkpt lat="31.02281494997441768646240234375" lon="121.42931445501744747161865234375">
        <ele>7.80000019073486328125</ele>
        <time>2026-05-14T12:45:22.000Z</time>
        <extensions>
          <ns3:TrackPointExtension>
            <ns3:hr>138</ns3:hr>
            <ns3:cad>87</ns3:cad>
          </ns3:TrackPointExtension>
        </extensions>
      </trkpt>
      <trkpt lat="31.0228343121707439422607421875" lon="121.42930657602846622467041015625">
        <ele>7.80000019073486328125</ele>
        <time>2026-05-14T12:45:23.000Z</time>
        <extensions>
          <ns3:TrackPointExtension>
            <ns3:hr>138</ns3:hr>
            <ns3:cad>87</ns3:cad>
          </ns3:TrackPointExtension>
        </extensions>
      </trkpt>
      <trkpt lat="31.02285652421414852142333984375" lon="121.429301463067531585693359375">
        <ele>8</ele>
        <time>2026-05-14T12:45:24.000Z</time>
        <extensions>
          <ns3:TrackPointExtension>
            <ns3:hr>138</ns3:hr>
            <ns3:cad>85</ns3:cad>
          </ns3:TrackPointExtension>
        </extensions>
      </trkpt>
      <trkpt lat="31.02288099937140941619873046875" lon="121.42929953522980213165283203125">
        <ele>8</ele>
        <time>2026-05-14T12:45:25.000Z</time>
        <extensions>
          <ns3:TrackPointExtension>
            <ns3:hr>139</ns3:hr>
            <ns3:cad>85</ns3:cad>
          </ns3:TrackPointExtension>
        </extensions>
      </trkpt>
      <trkpt lat="31.02290178649127483367919921875" lon="121.429290063679218292236328125">
        <ele>8</ele>
        <time>2026-05-14T12:45:26.000Z</time>
        <extensions>
          <ns3:TrackPointExtension>
            <ns3:hr>139</ns3:hr>
            <ns3:cad>85</ns3:cad>
          </ns3:TrackPointExtension>
        </extensions>
      </trkpt>
      <trkpt lat="31.0229322127997875213623046875" lon="121.42928176559507846832275390625">
        <ele>7.80000019073486328125</ele>
        <time>2026-05-14T12:45:27.000Z</time>
        <extensions>
          <ns3:TrackPointExtension>
            <ns3:hr>139</ns3:hr>
            <ns3:cad>85</ns3:cad>
          </ns3:TrackPointExtension>
        </extensions>
      </trkpt>
      <trkpt lat="31.02294956333935260772705078125" lon="121.42926852218806743621826171875">
        <ele>7.80000019073486328125</ele>
        <time>2026-05-14T12:45:28.000Z</time>
        <extensions>
          <ns3:TrackPointExtension>
            <ns3:hr>140</ns3:hr>
            <ns3:cad>85</ns3:cad>
          </ns3:TrackPointExtension>
        </extensions>
      </trkpt>
      <trkpt lat="31.0229734517633914947509765625" lon="121.4292506687343120574951171875">
        <ele>7.80000019073486328125</ele>
        <time>2026-05-14T12:45:29.000Z</time>
        <extensions>
          <ns3:TrackPointExtension>
            <ns3:hr>140</ns3:hr>
            <ns3:cad>85</ns3:cad>
          </ns3:TrackPointExtension>
        </extensions>
      </trkpt>
      <trkpt lat="31.0229895450174808502197265625" lon="121.42923541367053985595703125">
        <ele>7.80000019073486328125</ele>
        <time>2026-05-14T12:45:30.000Z</time>
        <extensions>
          <ns3:TrackPointExtension>
            <ns3:hr>140</ns3:hr>
            <ns3:cad>85</ns3:cad>
          </ns3:TrackPointExtension>
        </extensions>
      </trkpt>
      <trkpt lat="31.023005135357379913330078125" lon="121.42921538092195987701416015625">
        <ele>7.599999904632568359375</ele>
        <time>2026-05-14T12:45:31.000Z</time>
        <extensions>
          <ns3:TrackPointExtension>
            <ns3:hr>140</ns3:hr>
            <ns3:cad>85</ns3:cad>
          </ns3:TrackPointExtension>
        </extensions>
      </trkpt>
      <trkpt lat="31.023021899163722991943359375" lon="121.429198868572711944580078125">
        <ele>7.599999904632568359375</ele>
        <time>2026-05-14T12:45:32.000Z</time>
        <extensions>
          <ns3:TrackPointExtension>
            <ns3:hr>141</ns3:hr>
            <ns3:cad>85</ns3:cad>
          </ns3:TrackPointExtension>
        </extensions>
      </trkpt>
      <trkpt lat="31.0230371542274951934814453125" lon="121.4291782490909099578857421875">
        <ele>7.599999904632568359375</ele>
        <time>2026-05-14T12:45:33.000Z</time>
        <extensions>
          <ns3:TrackPointExtension>
            <ns3:hr>141</ns3:hr>
            <ns3:cad>85</ns3:cad>
          </ns3:TrackPointExtension>
        </extensions>
      </trkpt>
      <trkpt lat="31.02305777370929718017578125" lon="121.42916039563715457916259765625">
        <ele>7.599999904632568359375</ele>
        <time>2026-05-14T12:45:34.000Z</time>
        <extensions>
          <ns3:TrackPointExtension>
            <ns3:hr>141</ns3:hr>
            <ns3:cad>86</ns3:cad>
          </ns3:TrackPointExtension>
        </extensions>
      </trkpt>
      <trkpt lat="31.0230686701834201812744140625" lon="121.42914195545017719268798828125">
        <ele>7.599999904632568359375</ele>
        <time>2026-05-14T12:45:35.000Z</time>
        <extensions>
          <ns3:TrackPointExtension>
            <ns3:hr>141</ns3:hr>
            <ns3:cad>86</ns3:cad>
          </ns3:TrackPointExtension>
        </extensions>
      </trkpt>
      <trkpt lat="31.02308702655136585235595703125" lon="121.42912217415869235992431640625">
        <ele>7.80000019073486328125</ele>
        <time>2026-05-14T12:45:36.000Z</time>
        <extensions>
          <ns3:TrackPointExtension>
            <ns3:hr>142</ns3:hr>
            <ns3:cad>87</ns3:cad>
          </ns3:TrackPointExtension>
        </extensions>
      </trkpt>
      <trkpt lat="31.02309641428291797637939453125" lon="121.42910172231495380401611328125">
        <ele>7.80000019073486328125</ele>
        <time>2026-05-14T12:45:37.000Z</time>
        <extensions>
          <ns3:TrackPointExtension>
            <ns3:hr>141</ns3:hr>
            <ns3:cad>88</ns3:cad>
          </ns3:TrackPointExtension>
        </extensions>
      </trkpt>
      <trkpt lat="31.0231112502515316009521484375" lon="121.42907355912029743194580078125">
        <ele>7.80000019073486328125</ele>
        <time>2026-05-14T12:45:38.000Z</time>
        <extensions>
          <ns3:TrackPointExtension>
            <ns3:hr>142</ns3:hr>
            <ns3:cad>88</ns3:cad>
          </ns3:TrackPointExtension>
        </extensions>
      </trkpt>
      <trkpt lat="31.02311720140278339385986328125" lon="121.42904941923916339874267578125">
        <ele>7.80000019073486328125</ele>
        <time>2026-05-14T12:45:39.000Z</time>
        <extensions>
          <ns3:TrackPointExtension>
            <ns3:hr>142</ns3:hr>
            <ns3:cad>88</ns3:cad>
          </ns3:TrackPointExtension>
        </extensions>
      </trkpt>
      <trkpt lat="31.02312189526855945587158203125" lon="121.4290226809680461883544921875">
        <ele>7.80000019073486328125</ele>
        <time>2026-05-14T12:45:40.000Z</time>
        <extensions>
          <ns3:TrackPointExtension>
            <ns3:hr>142</ns3:hr>
            <ns3:cad>87</ns3:cad>
          </ns3:TrackPointExtension>
        </extensions>
      </trkpt>
      <trkpt lat="31.0231306962668895721435546875" lon="121.42899778671562671661376953125">
        <ele>7.80000019073486328125</ele>
        <time>2026-05-14T12:45:41.000Z</time>
        <extensions>
          <ns3:TrackPointExtension>
            <ns3:hr>142</ns3:hr>
            <ns3:cad>86</ns3:cad>
          </ns3:TrackPointExtension>
        </extensions>
      </trkpt>
      <trkpt lat="31.02313446812331676483154296875" lon="121.428972221910953521728515625">
        <ele>7.80000019073486328125</ele>
        <time>2026-05-14T12:45:42.000Z</time>
        <extensions>
          <ns3:TrackPointExtension>
            <ns3:hr>142</ns3:hr>
            <ns3:cad>86</ns3:cad>
          </ns3:TrackPointExtension>
        </extensions>
      </trkpt>
      <trkpt lat="31.02314419113099575042724609375" lon="121.42894045449793338775634765625">
        <ele>7.80000019073486328125</ele>
        <time>2026-05-14T12:45:43.000Z</time>
        <extensions>
          <ns3:TrackPointExtension>
            <ns3:hr>142</ns3:hr>
            <ns3:cad>86</ns3:cad>
          </ns3:TrackPointExtension>
        </extensions>
      </trkpt>
      <trkpt lat="31.023143269121646881103515625" lon="121.4289143867790699005126953125">
        <ele>7.80000019073486328125</ele>
        <time>2026-05-14T12:45:44.000Z</time>
        <extensions>
          <ns3:TrackPointExtension>
            <ns3:hr>143</ns3:hr>
            <ns3:cad>85</ns3:cad>
          </ns3:TrackPointExtension>
        </extensions>
      </trkpt>
      <trkpt lat="31.0231471247971057891845703125" lon="121.4288845472037792205810546875">
        <ele>7.80000019073486328125</ele>
        <time>2026-05-14T12:45:45.000Z</time>
        <extensions>
          <ns3:TrackPointExtension>
            <ns3:hr>143</ns3:hr>
            <ns3:cad>85</ns3:cad>
          </ns3:TrackPointExtension>
        </extensions>
      </trkpt>
      <trkpt lat="31.023147292435169219970703125" lon="121.4288605749607086181640625">
        <ele>7.80000019073486328125</ele>
        <time>2026-05-14T12:45:46.000Z</time>
        <extensions>
          <ns3:TrackPointExtension>
            <ns3:hr>142</ns3:hr>
            <ns3:cad>86</ns3:cad>
          </ns3:TrackPointExtension>
        </extensions>
      </trkpt>
      <trkpt lat="31.02314134128391742706298828125" lon="121.42883232794702053070068359375">
        <ele>7.80000019073486328125</ele>
        <time>2026-05-14T12:45:47.000Z</time>
        <extensions>
          <ns3:TrackPointExtension>
            <ns3:hr>142</ns3:hr>
            <ns3:cad>86</ns3:cad>
          </ns3:TrackPointExtension>
        </extensions>
      </trkpt>
      <trkpt lat="31.0231367312371730804443359375" lon="121.42881003208458423614501953125">
        <ele>7.80000019073486328125</ele>
        <time>2026-05-14T12:45:48.000Z</time>
        <extensions>
          <ns3:TrackPointExtension>
            <ns3:hr>142</ns3:hr>
            <ns3:cad>87</ns3:cad>
          </ns3:TrackPointExtension>
        </extensions>
      </trkpt>
      <trkpt lat="31.02312860079109668731689453125" lon="121.42878622747957706451416015625">
        <ele>7.80000019073486328125</ele>
        <time>2026-05-14T12:45:49.000Z</time>
        <extensions>
          <ns3:TrackPointExtension>
            <ns3:hr>143</ns3:hr>
            <ns3:cad>88</ns3:cad>
          </ns3:TrackPointExtension>
        </extensions>
      </trkpt>
      <trkpt lat="31.023124493658542633056640625" lon="121.42875663936138153076171875">
        <ele>7.80000019073486328125</ele>
        <time>2026-05-14T12:45:50.000Z</time>
        <extensions>
          <ns3:TrackPointExtension>
            <ns3:hr>142</ns3:hr>
            <ns3:cad>88</ns3:cad>
          </ns3:TrackPointExtension>
        </extensions>
      </trkpt>
      <trkpt lat="31.02311401627957820892333984375" lon="121.42873325385153293609619140625">
        <ele>7.80000019073486328125</ele>
        <time>2026-05-14T12:45:51.000Z</time>
        <extensions>
          <ns3:TrackPointExtension>
            <ns3:hr>141</ns3:hr>
            <ns3:cad>87</ns3:cad>
          </ns3:TrackPointExtension>
        </extensions>
      </trkpt>
      <trkpt lat="31.0231067240238189697265625" lon="121.42870140261948108673095703125">
        <ele>7.80000019073486328125</ele>
        <time>2026-05-14T12:45:52.000Z</time>
        <extensions>
          <ns3:TrackPointExtension>
            <ns3:hr>141</ns3:hr>
            <ns3:cad>87</ns3:cad>
          </ns3:TrackPointExtension>
        </extensions>
      </trkpt>
      <trkpt lat="31.02309825830161571502685546875" lon="121.42868061549961566925048828125">
        <ele>7.80000019073486328125</ele>
        <time>2026-05-14T12:45:53.000Z</time>
        <extensions>
          <ns3:TrackPointExtension>
            <ns3:hr>140</ns3:hr>
            <ns3:cad>87</ns3:cad>
          </ns3:TrackPointExtension>
        </extensions>
      </trkpt>
      <trkpt lat="31.02308484725654125213623046875" lon="121.42864859662950038909912109375">
        <ele>7.80000019073486328125</ele>
        <time>2026-05-14T12:45:54.000Z</time>
        <extensions>
          <ns3:TrackPointExtension>
            <ns3:hr>140</ns3:hr>
            <ns3:cad>86</ns3:cad>
          </ns3:TrackPointExtension>
        </extensions>
      </trkpt>
      <trkpt lat="31.02307462133467197418212890625" lon="121.42862579785287380218505859375">
        <ele>7.80000019073486328125</ele>
        <time>2026-05-14T12:45:55.000Z</time>
        <extensions>
          <ns3:TrackPointExtension>
            <ns3:hr>139</ns3:hr>
            <ns3:cad>86</ns3:cad>
          </ns3:TrackPointExtension>
        </extensions>
      </trkpt>
      <trkpt lat="31.0230582766234874725341796875" lon="121.42860584892332553863525390625">
        <ele>7.80000019073486328125</ele>
        <time>2026-05-14T12:45:56.000Z</time>
        <extensions>
          <ns3:TrackPointExtension>
            <ns3:hr>139</ns3:hr>
            <ns3:cad>86</ns3:cad>
          </ns3:TrackPointExtension>
        </extensions>
      </trkpt>
      <trkpt lat="31.02304293774068355560302734375" lon="121.4285814575850963592529296875">
        <ele>7.80000019073486328125</ele>
        <time>2026-05-14T12:45:57.000Z</time>
        <extensions>
          <ns3:TrackPointExtension>
            <ns3:hr>139</ns3:hr>
            <ns3:cad>85</ns3:cad>
          </ns3:TrackPointExtension>
        </extensions>
      </trkpt>
      <trkpt lat="31.02302868850529193878173828125" lon="121.4285695552825927734375">
        <ele>7.80000019073486328125</ele>
        <time>2026-05-14T12:45:58.000Z</time>
        <extensions>
          <ns3:TrackPointExtension>
            <ns3:hr>139</ns3:hr>
            <ns3:cad>85</ns3:cad>
          </ns3:TrackPointExtension>
        </extensions>
      </trkpt>
      <trkpt lat="31.02300773374736309051513671875" lon="121.428548432886600494384765625">
        <ele>7.80000019073486328125</ele>
        <time>2026-05-14T12:45:59.000Z</time>
        <extensions>
          <ns3:TrackPointExtension>
            <ns3:hr>138</ns3:hr>
            <ns3:cad>84</ns3:cad>
          </ns3:TrackPointExtension>
        </extensions>
      </trkpt>
      <trkpt lat="31.02299080230295658111572265625" lon="121.42853544093668460845947265625">
        <ele>7.599999904632568359375</ele>
        <time>2026-05-14T12:46:00.000Z</time>
        <extensions>
          <ns3:TrackPointExtension>
            <ns3:hr>138</ns3:hr>
            <ns3:cad>84</ns3:cad>
          </ns3:TrackPointExtension>
        </extensions>
      </trkpt>
      <trkpt lat="31.02296766825020313262939453125" lon="121.42851918004453182220458984375">
        <ele>7.599999904632568359375</ele>
        <time>2026-05-14T12:46:01.000Z</time>
        <extensions>
          <ns3:TrackPointExtension>
            <ns3:hr>138</ns3:hr>
            <ns3:cad>84</ns3:cad>
          </ns3:TrackPointExtension>
        </extensions>
      </trkpt>
      <trkpt lat="31.0229462943971157073974609375" lon="121.42850643955171108245849609375">
        <ele>7.599999904632568359375</ele>
        <time>2026-05-14T12:46:02.000Z</time>
        <extensions>
          <ns3:TrackPointExtension>
            <ns3:hr>139</ns3:hr>
            <ns3:cad>84</ns3:cad>
          </ns3:TrackPointExtension>
        </extensions>
      </trkpt>
      <trkpt lat="31.02292743511497974395751953125" lon="121.42849981784820556640625">
        <ele>7.599999904632568359375</ele>
        <time>2026-05-14T12:46:03.000Z</time>
        <extensions>
          <ns3:TrackPointExtension>
            <ns3:hr>138</ns3:hr>
            <ns3:cad>84</ns3:cad>
          </ns3:TrackPointExtension>
        </extensions>
      </trkpt>
      <trkpt lat="31.02290396578609943389892578125" lon="121.42848464660346508026123046875">
        <ele>7.599999904632568359375</ele>
        <time>2026-05-14T12:46:04.000Z</time>
        <extensions>
          <ns3:TrackPointExtension>
            <ns3:hr>138</ns3:hr>
            <ns3:cad>85</ns3:cad>
          </ns3:TrackPointExtension>
        </extensions>
      </trkpt>
      <trkpt lat="31.02288703434169292449951171875" lon="121.4284785278141498565673828125">
        <ele>7.599999904632568359375</ele>
        <time>2026-05-14T12:46:05.000Z</time>
        <extensions>
          <ns3:TrackPointExtension>
            <ns3:hr>138</ns3:hr>
            <ns3:cad>86</ns3:cad>
          </ns3:TrackPointExtension>
        </extensions>
      </trkpt>
      <trkpt lat="31.02285937406122684478759765625" lon="121.42847190611064434051513671875">
        <ele>7.599999904632568359375</ele>
        <time>2026-05-14T12:46:06.000Z</time>
        <extensions>
          <ns3:TrackPointExtension>
            <ns3:hr>138</ns3:hr>
            <ns3:cad>86</ns3:cad>
          </ns3:TrackPointExtension>
        </extensions>
      </trkpt>
      <trkpt lat="31.02283590473234653472900390625" lon="121.42846955917775630950927734375">
        <ele>7.599999904632568359375</ele>
        <time>2026-05-14T12:46:07.000Z</time>
        <extensions>
          <ns3:TrackPointExtension>
            <ns3:hr>138</ns3:hr>
            <ns3:cad>84</ns3:cad>
          </ns3:TrackPointExtension>
        </extensions>
      </trkpt>
      <trkpt lat="31.0228152014315128326416015625" lon="121.4284748397767543792724609375">
        <ele>7.599999904632568359375</ele>
        <time>2026-05-14T12:46:08.000Z</time>
        <extensions>
          <ns3:TrackPointExtension>
            <ns3:hr>138</ns3:hr>
            <ns3:cad>84</ns3:cad>
          </ns3:TrackPointExtension>
        </extensions>
      </trkpt>
      <trkpt lat="31.0227907262742519378662109375" lon="121.4284662902355194091796875">
        <ele>7.599999904632568359375</ele>
        <time>2026-05-14T12:46:09.000Z</time>
        <extensions>
          <ns3:TrackPointExtension>
            <ns3:hr>138</ns3:hr>
            <ns3:cad>84</ns3:cad>
          </ns3:TrackPointExtension>
        </extensions>
      </trkpt>
      <trkpt lat="31.02277371101081371307373046875" lon="121.428467296063899993896484375">
        <ele>7.599999904632568359375</ele>
        <time>2026-05-14T12:46:10.000Z</time>
        <extensions>
          <ns3:TrackPointExtension>
            <ns3:hr>139</ns3:hr>
            <ns3:cad>84</ns3:cad>
          </ns3:TrackPointExtension>
        </extensions>
      </trkpt>
      <trkpt lat="31.02274521254003047943115234375" lon="121.42846637405455112457275390625">
        <ele>7.599999904632568359375</ele>
        <time>2026-05-14T12:46:11.000Z</time>
        <extensions>
          <ns3:TrackPointExtension>
            <ns3:hr>138</ns3:hr>
            <ns3:cad>85</ns3:cad>
          </ns3:TrackPointExtension>
        </extensions>
      </trkpt>
      <trkpt lat="31.02272140793502330780029296875" lon="121.42847056500613689422607421875">
        <ele>7.599999904632568359375</ele>
        <time>2026-05-14T12:46:12.000Z</time>
        <extensions>
          <ns3:TrackPointExtension>
            <ns3:hr>139</ns3:hr>
            <ns3:cad>85</ns3:cad>
          </ns3:TrackPointExtension>
        </extensions>
      </trkpt>
      <trkpt lat="31.022700034081935882568359375" lon="121.428481377661228179931640625">
        <ele>7.599999904632568359375</ele>
        <time>2026-05-14T12:46:13.000Z</time>
        <extensions>
          <ns3:TrackPointExtension>
            <ns3:hr>139</ns3:hr>
            <ns3:cad>85</ns3:cad>
          </ns3:TrackPointExtension>
        </extensions>
      </trkpt>
      <trkpt lat="31.0226748883724212646484375" lon="121.4284848980605602264404296875">
        <ele>7.599999904632568359375</ele>
        <time>2026-05-14T12:46:14.000Z</time>
        <extensions>
          <ns3:TrackPointExtension>
            <ns3:hr>139</ns3:hr>
            <ns3:cad>85</ns3:cad>
          </ns3:TrackPointExtension>
        </extensions>
      </trkpt>
      <trkpt lat="31.02265636436641216278076171875" lon="121.42849504016339778900146484375">
        <ele>7.599999904632568359375</ele>
        <time>2026-05-14T12:46:15.000Z</time>
        <extensions>
          <ns3:TrackPointExtension>
            <ns3:hr>139</ns3:hr>
            <ns3:cad>85</ns3:cad>
          </ns3:TrackPointExtension>
        </extensions>
      </trkpt>
      <trkpt lat="31.02263054810464382171630859375" lon="121.42849973402917385101318359375">
        <ele>7.599999904632568359375</ele>
        <time>2026-05-14T12:46:16.000Z</time>
        <extensions>
          <ns3:TrackPointExtension>
            <ns3:hr>140</ns3:hr>
            <ns3:cad>85</ns3:cad>
          </ns3:TrackPointExtension>
        </extensions>
      </trkpt>
      <trkpt lat="31.02260858751833438873291015625" lon="121.42850694246590137481689453125">
        <ele>7.599999904632568359375</ele>
        <time>2026-05-14T12:46:17.000Z</time>
        <extensions>
          <ns3:TrackPointExtension>
            <ns3:hr>140</ns3:hr>
            <ns3:cad>85</ns3:cad>
          </ns3:TrackPointExtension>
        </extensions>
      </trkpt>
      <trkpt lat="31.0225838609039783477783203125" lon="121.42851415090262889862060546875">
        <ele>7.599999904632568359375</ele>
        <time>2026-05-14T12:46:18.000Z</time>
        <extensions>
          <ns3:TrackPointExtension>
            <ns3:hr>141</ns3:hr>
            <ns3:cad>85</ns3:cad>
          </ns3:TrackPointExtension>
        </extensions>
      </trkpt>
      <trkpt lat="31.022557206451892852783203125" lon="121.428518593311309814453125">
        <ele>7.599999904632568359375</ele>
        <time>2026-05-14T12:46:19.000Z</time>
        <extensions>
          <ns3:TrackPointExtension>
            <ns3:hr>141</ns3:hr>
            <ns3:cad>85</ns3:cad>
          </ns3:TrackPointExtension>
        </extensions>
      </trkpt>
      <trkpt lat="31.02253549732267856597900390625" lon="121.428530998528003692626953125">
        <ele>7.599999904632568359375</ele>
        <time>2026-05-14T12:46:20.000Z</time>
        <extensions>
          <ns3:TrackPointExtension>
            <ns3:hr>141</ns3:hr>
            <ns3:cad>85</ns3:cad>
          </ns3:TrackPointExtension>
        </extensions>
      </trkpt>
      <trkpt lat="31.02251060307025909423828125" lon="121.4285318367183208465576171875">
        <ele>7.599999904632568359375</ele>
        <time>2026-05-14T12:46:21.000Z</time>
        <extensions>
          <ns3:TrackPointExtension>
            <ns3:hr>141</ns3:hr>
            <ns3:cad>84</ns3:cad>
          </ns3:TrackPointExtension>
        </extensions>
      </trkpt>
      <trkpt lat="31.0224936716258525848388671875" lon="121.4285388775169849395751953125">
        <ele>7.599999904632568359375</ele>
        <time>2026-05-14T12:46:22.000Z</time>
        <extensions>
          <ns3:TrackPointExtension>
            <ns3:hr>141</ns3:hr>
            <ns3:cad>84</ns3:cad>
          </ns3:TrackPointExtension>
        </extensions>
      </trkpt>
      <trkpt lat="31.02247045375406742095947265625" lon="121.42854315228760242462158203125">
        <ele>7.80000019073486328125</ele>
        <time>2026-05-14T12:46:23.000Z</time>
        <extensions>
          <ns3:TrackPointExtension>
            <ns3:hr>141</ns3:hr>
            <ns3:cad>85</ns3:cad>
          </ns3:TrackPointExtension>
        </extensions>
      </trkpt>
      <trkpt lat="31.0224480740725994110107421875" lon="121.42854608595371246337890625">
        <ele>7.80000019073486328125</ele>
        <time>2026-05-14T12:46:24.000Z</time>
        <extensions>
          <ns3:TrackPointExtension>
            <ns3:hr>141</ns3:hr>
            <ns3:cad>85</ns3:cad>
          </ns3:TrackPointExtension>
        </extensions>
      </trkpt>
      <trkpt lat="31.0224282927811145782470703125" lon="121.42855404876172542572021484375">
        <ele>7.80000019073486328125</ele>
        <time>2026-05-14T12:46:25.000Z</time>
        <extensions>
          <ns3:TrackPointExtension>
            <ns3:hr>141</ns3:hr>
            <ns3:cad>84</ns3:cad>
          </ns3:TrackPointExtension>
        </extensions>
      </trkpt>
      <trkpt lat="31.022404991090297698974609375" lon="121.428555808961391448974609375">
        <ele>7.80000019073486328125</ele>
        <time>2026-05-14T12:46:26.000Z</time>
        <extensions>
          <ns3:TrackPointExtension>
            <ns3:hr>141</ns3:hr>
            <ns3:cad>84</ns3:cad>
          </ns3:TrackPointExtension>
        </extensions>
      </trkpt>
      <trkpt lat="31.02238730527460575103759765625" lon="121.42856645397841930389404296875">
        <ele>7.80000019073486328125</ele>
        <time>2026-05-14T12:46:27.000Z</time>
        <extensions>
          <ns3:TrackPointExtension>
            <ns3:hr>141</ns3:hr>
            <ns3:cad>84</ns3:cad>
          </ns3:TrackPointExtension>
        </extensions>
      </trkpt>
      <trkpt lat="31.0223622433841228485107421875" lon="121.4285713993012905120849609375">
        <ele>7.80000019073486328125</ele>
        <time>2026-05-14T12:46:28.000Z</time>
        <extensions>
          <ns3:TrackPointExtension>
            <ns3:hr>141</ns3:hr>
            <ns3:cad>84</ns3:cad>
          </ns3:TrackPointExtension>
        </extensions>
      </trkpt>
      <trkpt lat="31.02234162390232086181640625" lon="121.4285774342715740203857421875">
        <ele>7.80000019073486328125</ele>
        <time>2026-05-14T12:46:29.000Z</time>
        <extensions>
          <ns3:TrackPointExtension>
            <ns3:hr>140</ns3:hr>
            <ns3:cad>84</ns3:cad>
          </ns3:TrackPointExtension>
        </extensions>
      </trkpt>
      <trkpt lat="31.0223210044205188751220703125" lon="121.4285869896411895751953125">
        <ele>7.80000019073486328125</ele>
        <time>2026-05-14T12:46:30.000Z</time>
        <extensions>
          <ns3:TrackPointExtension>
            <ns3:hr>140</ns3:hr>
            <ns3:cad>84</ns3:cad>
          </ns3:TrackPointExtension>
        </extensions>
      </trkpt>
      <trkpt lat="31.0222982056438922882080078125" lon="121.428588330745697021484375">
        <ele>7.599999904632568359375</ele>
        <time>2026-05-14T12:46:31.000Z</time>
        <extensions>
          <ns3:TrackPointExtension>
            <ns3:hr>140</ns3:hr>
            <ns3:cad>84</ns3:cad>
          </ns3:TrackPointExtension>
        </extensions>
      </trkpt>
      <trkpt lat="31.0222834534943103790283203125" lon="121.42859796993434429168701171875">
        <ele>7.599999904632568359375</ele>
        <time>2026-05-14T12:46:32.000Z</time>
        <extensions>
          <ns3:TrackPointExtension>
            <ns3:hr>140</ns3:hr>
            <ns3:cad>84</ns3:cad>
          </ns3:TrackPointExtension>
        </extensions>
      </trkpt>
      <trkpt lat="31.02225939743220806121826171875" lon="121.42860241234302520751953125">
        <ele>7.599999904632568359375</ele>
        <time>2026-05-14T12:46:33.000Z</time>
        <extensions>
          <ns3:TrackPointExtension>
            <ns3:hr>140</ns3:hr>
            <ns3:cad>84</ns3:cad>
          </ns3:TrackPointExtension>
        </extensions>
      </trkpt>
      <trkpt lat="31.0222375206649303436279296875" lon="121.4286045916378498077392578125">
        <ele>7.80000019073486328125</ele>
        <time>2026-05-14T12:46:34.000Z</time>
        <extensions>
          <ns3:TrackPointExtension>
            <ns3:hr>139</ns3:hr>
            <ns3:cad>84</ns3:cad>
          </ns3:TrackPointExtension>
        </extensions>
      </trkpt>
      <trkpt lat="31.0222174040973186492919921875" lon="121.42861037515103816986083984375">
        <ele>7.80000019073486328125</ele>
        <time>2026-05-14T12:46:35.000Z</time>
        <extensions>
          <ns3:TrackPointExtension>
            <ns3:hr>139</ns3:hr>
            <ns3:cad>84</ns3:cad>
          </ns3:TrackPointExtension>
        </extensions>
      </trkpt>
      <trkpt lat="31.02218848653137683868408203125" lon="121.428614147007465362548828125">
        <ele>7.80000019073486328125</ele>
        <time>2026-05-14T12:46:36.000Z</time>
        <extensions>
          <ns3:TrackPointExtension>
            <ns3:hr>139</ns3:hr>
            <ns3:cad>84</ns3:cad>
          </ns3:TrackPointExtension>
        </extensions>
      </trkpt>
      <trkpt lat="31.02217306382954120635986328125" lon="121.42862881533801555633544921875">
        <ele>7.80000019073486328125</ele>
        <time>2026-05-14T12:46:37.000Z</time>
        <extensions>
          <ns3:TrackPointExtension>
            <ns3:hr>139</ns3:hr>
            <ns3:cad>83</ns3:cad>
          </ns3:TrackPointExtension>
        </extensions>
      </trkpt>
      <trkpt lat="31.02215110324323177337646484375" lon="121.4286273904144763946533203125">
        <ele>7.599999904632568359375</ele>
        <time>2026-05-14T12:46:38.000Z</time>
        <extensions>
          <ns3:TrackPointExtension>
            <ns3:hr>139</ns3:hr>
            <ns3:cad>83</ns3:cad>
          </ns3:TrackPointExtension>
        </extensions>
      </trkpt>
      <trkpt lat="31.022131405770778656005859375" lon="121.428630240261554718017578125">
        <ele>7.599999904632568359375</ele>
        <time>2026-05-14T12:46:39.000Z</time>
        <extensions>
          <ns3:TrackPointExtension>
            <ns3:hr>138</ns3:hr>
            <ns3:cad>84</ns3:cad>
          </ns3:TrackPointExtension>
        </extensions>
      </trkpt>
      <trkpt lat="31.02211087010800838470458984375" lon="121.42864071764051914215087890625">
        <ele>7.599999904632568359375</ele>
        <time>2026-05-14T12:46:40.000Z</time>
        <extensions>
          <ns3:TrackPointExtension>
            <ns3:hr>139</ns3:hr>
            <ns3:cad>84</ns3:cad>
          </ns3:TrackPointExtension>
        </extensions>
      </trkpt>
      <trkpt lat="31.02208823896944522857666015625" lon="121.4286394603550434112548828125">
        <ele>7.400000095367431640625</ele>
        <time>2026-05-14T12:46:41.000Z</time>
        <extensions>
          <ns3:TrackPointExtension>
            <ns3:hr>138</ns3:hr>
            <ns3:cad>84</ns3:cad>
          </ns3:TrackPointExtension>
        </extensions>
      </trkpt>
      <trkpt lat="31.02206946350634098052978515625" lon="121.42864658497273921966552734375">
        <ele>7.400000095367431640625</ele>
        <time>2026-05-14T12:46:42.000Z</time>
        <extensions>
          <ns3:TrackPointExtension>
            <ns3:hr>138</ns3:hr>
            <ns3:cad>84</ns3:cad>
          </ns3:TrackPointExtension>
        </extensions>
      </trkpt>
      <trkpt lat="31.0220474191009998321533203125" lon="121.4286525361239910125732421875">
        <ele>7.400000095367431640625</ele>
        <time>2026-05-14T12:46:43.000Z</time>
        <extensions>
          <ns3:TrackPointExtension>
            <ns3:hr>138</ns3:hr>
            <ns3:cad>83</ns3:cad>
          </ns3:TrackPointExtension>
        </extensions>
      </trkpt>
      <trkpt lat="31.0220276378095149993896484375" lon="121.42865471541881561279296875">
        <ele>7.400000095367431640625</ele>
        <time>2026-05-14T12:46:44.000Z</time>
        <extensions>
          <ns3:TrackPointExtension>
            <ns3:hr>138</ns3:hr>
            <ns3:cad>83</ns3:cad>
          </ns3:TrackPointExtension>
        </extensions>
      </trkpt>
      <trkpt lat="31.02201146073639392852783203125" lon="121.42866276204586029052734375">
        <ele>7.400000095367431640625</ele>
        <time>2026-05-14T12:46:45.000Z</time>
        <extensions>
          <ns3:TrackPointExtension>
            <ns3:hr>138</ns3:hr>
            <ns3:cad>83</ns3:cad>
          </ns3:TrackPointExtension>
        </extensions>
      </trkpt>
      <trkpt lat="31.02198681794106960296630859375" lon="121.42866611480712890625">
        <ele>7.400000095367431640625</ele>
        <time>2026-05-14T12:46:46.000Z</time>
        <extensions>
          <ns3:TrackPointExtension>
            <ns3:hr>137</ns3:hr>
            <ns3:cad>83</ns3:cad>
          </ns3:TrackPointExtension>
        </extensions>
      </trkpt>
      <trkpt lat="31.02197038941085338592529296875" lon="121.42867323942482471466064453125">
        <ele>7.599999904632568359375</ele>
        <time>2026-05-14T12:46:47.000Z</time>
        <extensions>
          <ns3:TrackPointExtension>
            <ns3:hr>137</ns3:hr>
            <ns3:cad>81</ns3:cad>
          </ns3:TrackPointExtension>
        </extensions>
      </trkpt>
      <trkpt lat="31.02194557897746562957763671875" lon="121.42868782393634319305419921875">
        <ele>7.599999904632568359375</ele>
        <time>2026-05-14T12:46:48.000Z</time>
        <extensions>
          <ns3:TrackPointExtension>
            <ns3:hr>137</ns3:hr>
            <ns3:cad>81</ns3:cad>
          </ns3:TrackPointExtension>
        </extensions>
      </trkpt>
      <trkpt lat="31.02192579768598079681396484375" lon="121.42870022915303707122802734375">
        <ele>7.599999904632568359375</ele>
        <time>2026-05-14T12:46:49.000Z</time>
        <extensions>
          <ns3:TrackPointExtension>
            <ns3:hr>136</ns3:hr>
            <ns3:cad>82</ns3:cad>
          </ns3:TrackPointExtension>
        </extensions>
      </trkpt>
      <trkpt lat="31.0219062678515911102294921875" lon="121.42871774733066558837890625">
        <ele>7.599999904632568359375</ele>
        <time>2026-05-14T12:46:50.000Z</time>
        <extensions>
          <ns3:TrackPointExtension>
            <ns3:hr>136</ns3:hr>
            <ns3:cad>82</ns3:cad>
          </ns3:TrackPointExtension>
        </extensions>
      </trkpt>
      <trkpt lat="31.021885313093662261962890625" lon="121.42873040400445461273193359375">
        <ele>7.599999904632568359375</ele>
        <time>2026-05-14T12:46:51.000Z</time>
        <extensions>
          <ns3:TrackPointExtension>
            <ns3:hr>136</ns3:hr>
            <ns3:cad>84</ns3:cad>
          </ns3:TrackPointExtension>
        </extensions>
      </trkpt>
      <trkpt lat="31.02186980657279491424560546875" lon="121.42874515615403652191162109375">
        <ele>7.599999904632568359375</ele>
        <time>2026-05-14T12:46:52.000Z</time>
        <extensions>
          <ns3:TrackPointExtension>
            <ns3:hr>136</ns3:hr>
            <ns3:cad>84</ns3:cad>
          </ns3:TrackPointExtension>
        </extensions>
      </trkpt>
      <trkpt lat="31.0218529589474201202392578125" lon="121.42876963131129741668701171875">
        <ele>7.599999904632568359375</ele>
        <time>2026-05-14T12:46:53.000Z</time>
        <extensions>
          <ns3:TrackPointExtension>
            <ns3:hr>136</ns3:hr>
            <ns3:cad>85</ns3:cad>
          </ns3:TrackPointExtension>
        </extensions>
      </trkpt>
      <trkpt lat="31.02183401584625244140625" lon="121.42878882586956024169921875">
        <ele>7.599999904632568359375</ele>
        <time>2026-05-14T12:46:54.000Z</time>
        <extensions>
          <ns3:TrackPointExtension>
            <ns3:hr>136</ns3:hr>
            <ns3:cad>85</ns3:cad>
          </ns3:TrackPointExtension>
        </extensions>
      </trkpt>
      <trkpt lat="31.0218184255063533782958984375" lon="121.42881120555102825164794921875">
        <ele>7.599999904632568359375</ele>
        <time>2026-05-14T12:46:55.000Z</time>
        <extensions>
          <ns3:TrackPointExtension>
            <ns3:hr>135</ns3:hr>
            <ns3:cad>84</ns3:cad>
          </ns3:TrackPointExtension>
        </extensions>
      </trkpt>
      <trkpt lat="31.021801494061946868896484375" lon="121.428829394280910491943359375">
        <ele>7.599999904632568359375</ele>
        <time>2026-05-14T12:46:56.000Z</time>
        <extensions>
          <ns3:TrackPointExtension>
            <ns3:hr>135</ns3:hr>
            <ns3:cad>84</ns3:cad>
          </ns3:TrackPointExtension>
        </extensions>
      </trkpt>
      <trkpt lat="31.0217929445207118988037109375" lon="121.42884590663015842437744140625">
        <ele>7.599999904632568359375</ele>
        <time>2026-05-14T12:46:57.000Z</time>
        <extensions>
          <ns3:TrackPointExtension>
            <ns3:hr>135</ns3:hr>
            <ns3:cad>84</ns3:cad>
          </ns3:TrackPointExtension>
        </extensions>
      </trkpt>
      <trkpt lat="31.02178062312304973602294921875" lon="121.428874321281909942626953125">
        <ele>7.599999904632568359375</ele>
        <time>2026-05-14T12:46:58.000Z</time>
        <extensions>
          <ns3:TrackPointExtension>
            <ns3:hr>135</ns3:hr>
            <ns3:cad>84</ns3:cad>
          </ns3:TrackPointExtension>
        </extensions>
      </trkpt>
      <trkpt lat="31.02177090011537075042724609375" lon="121.42889737151563167572021484375">
        <ele>7.80000019073486328125</ele>
        <time>2026-05-14T12:46:59.000Z</time>
        <extensions>
          <ns3:TrackPointExtension>
            <ns3:hr>135</ns3:hr>
            <ns3:cad>84</ns3:cad>
          </ns3:TrackPointExtension>
        </extensions>
      </trkpt>
      <trkpt lat="31.02176251821219921112060546875" lon="121.42892285250127315521240234375">
        <ele>7.80000019073486328125</ele>
        <time>2026-05-14T12:47:00.000Z</time>
        <extensions>
          <ns3:TrackPointExtension>
            <ns3:hr>135</ns3:hr>
            <ns3:cad>84</ns3:cad>
          </ns3:TrackPointExtension>
        </extensions>
      </trkpt>
      <trkpt lat="31.021750867366790771484375" lon="121.4289465732872486114501953125">
        <ele>7.80000019073486328125</ele>
        <time>2026-05-14T12:47:01.000Z</time>
        <extensions>
          <ns3:TrackPointExtension>
            <ns3:hr>135</ns3:hr>
            <ns3:cad>84</ns3:cad>
          </ns3:TrackPointExtension>
        </extensions>
      </trkpt>
      <trkpt lat="31.021748520433902740478515625" lon="121.42896694131195545196533203125">
        <ele>7.80000019073486328125</ele>
        <time>2026-05-14T12:47:02.000Z</time>
        <extensions>
          <ns3:TrackPointExtension>
            <ns3:hr>135</ns3:hr>
            <ns3:cad>84</ns3:cad>
          </ns3:TrackPointExtension>
        </extensions>
      </trkpt>
      <trkpt lat="31.021738462150096893310546875" lon="121.42899845726788043975830078125">
        <ele>7.80000019073486328125</ele>
        <time>2026-05-14T12:47:03.000Z</time>
        <extensions>
          <ns3:TrackPointExtension>
            <ns3:hr>134</ns3:hr>
            <ns3:cad>85</ns3:cad>
          </ns3:TrackPointExtension>
        </extensions>
      </trkpt>
      <trkpt lat="31.0217393003404140472412109375" lon="121.42902159132063388824462890625">
        <ele>7.80000019073486328125</ele>
        <time>2026-05-14T12:47:04.000Z</time>
        <extensions>
          <ns3:TrackPointExtension>
            <ns3:hr>135</ns3:hr>
            <ns3:cad>85</ns3:cad>
          </ns3:TrackPointExtension>
        </extensions>
      </trkpt>
      <trkpt lat="31.02173603139817714691162109375" lon="121.42905059270560741424560546875">
        <ele>7.80000019073486328125</ele>
        <time>2026-05-14T12:47:05.000Z</time>
        <extensions>
          <ns3:TrackPointExtension>
            <ns3:hr>135</ns3:hr>
            <ns3:cad>84</ns3:cad>
          </ns3:TrackPointExtension>
        </extensions>
      </trkpt>
      <trkpt lat="31.02172982878983020782470703125" lon="121.42907875590026378631591796875">
        <ele>7.80000019073486328125</ele>
        <time>2026-05-14T12:47:06.000Z</time>
        <extensions>
          <ns3:TrackPointExtension>
            <ns3:hr>135</ns3:hr>
            <ns3:cad>84</ns3:cad>
          </ns3:TrackPointExtension>
        </extensions>
      </trkpt>
      <trkpt lat="31.02172915823757648468017578125" lon="121.42910323105752468109130859375">
        <ele>7.80000019073486328125</ele>
        <time>2026-05-14T12:47:07.000Z</time>
        <extensions>
          <ns3:TrackPointExtension>
            <ns3:hr>135</ns3:hr>
            <ns3:cad>84</ns3:cad>
          </ns3:TrackPointExtension>
        </extensions>
      </trkpt>
      <trkpt lat="31.0217258892953395843505859375" lon="121.4291341602802276611328125">
        <ele>7.80000019073486328125</ele>
        <time>2026-05-14T12:47:08.000Z</time>
        <extensions>
          <ns3:TrackPointExtension>
            <ns3:hr>135</ns3:hr>
            <ns3:cad>84</ns3:cad>
          </ns3:TrackPointExtension>
        </extensions>
      </trkpt>
      <trkpt lat="31.02173142135143280029296875" lon="121.42915486358106136322021484375">
        <ele>7.80000019073486328125</ele>
        <time>2026-05-14T12:47:09.000Z</time>
        <extensions>
          <ns3:TrackPointExtension>
            <ns3:hr>135</ns3:hr>
            <ns3:cad>84</ns3:cad>
          </ns3:TrackPointExtension>
        </extensions>
      </trkpt>
      <trkpt lat="31.02173603139817714691162109375" lon="121.42918109893798828125">
        <ele>7.80000019073486328125</ele>
        <time>2026-05-14T12:47:10.000Z</time>
        <extensions>
          <ns3:TrackPointExtension>
            <ns3:hr>135</ns3:hr>
            <ns3:cad>84</ns3:cad>
          </ns3:TrackPointExtension>
        </extensions>
      </trkpt>
      <trkpt lat="31.02174290455877780914306640625" lon="121.42920632846653461456298828125">
        <ele>7.80000019073486328125</ele>
        <time>2026-05-14T12:47:11.000Z</time>
        <extensions>
          <ns3:TrackPointExtension>
            <ns3:hr>135</ns3:hr>
            <ns3:cad>84</ns3:cad>
          </ns3:TrackPointExtension>
        </extensions>
      </trkpt>
      <trkpt lat="31.02175245992839336395263671875" lon="121.4292308874428272247314453125">
        <ele>7.599999904632568359375</ele>
        <time>2026-05-14T12:47:12.000Z</time>
        <extensions>
          <ns3:TrackPointExtension>
            <ns3:hr>135</ns3:hr>
            <ns3:cad>84</ns3:cad>
          </ns3:TrackPointExtension>
        </extensions>
      </trkpt>
      <trkpt lat="31.0217604227364063262939453125" lon="121.42925863154232501983642578125">
        <ele>7.599999904632568359375</ele>
        <time>2026-05-14T12:47:13.000Z</time>
        <extensions>
          <ns3:TrackPointExtension>
            <ns3:hr>135</ns3:hr>
            <ns3:cad>85</ns3:cad>
          </ns3:TrackPointExtension>
        </extensions>
      </trkpt>
      <trkpt lat="31.02177157066762447357177734375" lon="121.42927371896803379058837890625">
        <ele>7.599999904632568359375</ele>
        <time>2026-05-14T12:47:14.000Z</time>
        <extensions>
          <ns3:TrackPointExtension>
            <ns3:hr>135</ns3:hr>
            <ns3:cad>85</ns3:cad>
          </ns3:TrackPointExtension>
        </extensions>
      </trkpt>
      <trkpt lat="31.0217845626175403594970703125" lon="121.42930070869624614715576171875">
        <ele>7.599999904632568359375</ele>
        <time>2026-05-14T12:47:15.000Z</time>
        <extensions>
          <ns3:TrackPointExtension>
            <ns3:hr>135</ns3:hr>
            <ns3:cad>86</ns3:cad>
          </ns3:TrackPointExtension>
        </extensions>
      </trkpt>
      <trkpt lat="31.02179487235844135284423828125" lon="121.42932434566318988800048828125">
        <ele>7.599999904632568359375</ele>
        <time>2026-05-14T12:47:16.000Z</time>
        <extensions>
          <ns3:TrackPointExtension>
            <ns3:hr>135</ns3:hr>
            <ns3:cad>86</ns3:cad>
          </ns3:TrackPointExtension>
        </extensions>
      </trkpt>
      <trkpt lat="31.02181188762187957763671875" lon="121.42934479750692844390869140625">
        <ele>7.80000019073486328125</ele>
        <time>2026-05-14T12:47:17.000Z</time>
        <extensions>
          <ns3:TrackPointExtension>
            <ns3:hr>136</ns3:hr>
            <ns3:cad>85</ns3:cad>
          </ns3:TrackPointExtension>
        </extensions>
      </trkpt>
      <trkpt lat="31.02182538248598575592041015625" lon="121.4293706975877285003662109375">
        <ele>7.599999904632568359375</ele>
        <time>2026-05-14T12:47:18.000Z</time>
        <extensions>
          <ns3:TrackPointExtension>
            <ns3:hr>136</ns3:hr>
            <ns3:cad>84</ns3:cad>
          </ns3:TrackPointExtension>
        </extensions>
      </trkpt>
      <trkpt lat="31.02184331975877285003662109375" lon="121.42938251607120037078857421875">
        <ele>7.599999904632568359375</ele>
        <time>2026-05-14T12:47:19.000Z</time>
        <extensions>
          <ns3:TrackPointExtension>
            <ns3:hr>136</ns3:hr>
            <ns3:cad>84</ns3:cad>
          </ns3:TrackPointExtension>
        </extensions>
      </trkpt>
      <trkpt lat="31.0218636877834796905517578125" lon="121.42940573394298553466796875">
        <ele>7.599999904632568359375</ele>
        <time>2026-05-14T12:47:20.000Z</time>
        <extensions>
          <ns3:TrackPointExtension>
            <ns3:hr>137</ns3:hr>
            <ns3:cad>84</ns3:cad>
          </ns3:TrackPointExtension>
        </extensions>
      </trkpt>
      <trkpt lat="31.02188187651336193084716796875" lon="121.4294253475964069366455078125">
        <ele>7.599999904632568359375</ele>
        <time>2026-05-14T12:47:21.000Z</time>
        <extensions>
          <ns3:TrackPointExtension>
            <ns3:hr>138</ns3:hr>
            <ns3:cad>83</ns3:cad>
          </ns3:TrackPointExtension>
        </extensions>
      </trkpt>
      <trkpt lat="31.02190551348030567169189453125" lon="121.42943850718438625335693359375">
        <ele>7.599999904632568359375</ele>
        <time>2026-05-14T12:47:22.000Z</time>
        <extensions>
          <ns3:TrackPointExtension>
            <ns3:hr>138</ns3:hr>
            <ns3:cad>83</ns3:cad>
          </ns3:TrackPointExtension>
        </extensions>
      </trkpt>
      <trkpt lat="31.02192931808531284332275390625" lon="121.4294585399329662322998046875">
        <ele>7.599999904632568359375</ele>
        <time>2026-05-14T12:47:23.000Z</time>
        <extensions>
          <ns3:TrackPointExtension>
            <ns3:hr>139</ns3:hr>
            <ns3:cad>83</ns3:cad>
          </ns3:TrackPointExtension>
        </extensions>
      </trkpt>
      <trkpt lat="31.02194792591035366058349609375" lon="121.42946415580809116363525390625">
        <ele>7.599999904632568359375</ele>
        <time>2026-05-14T12:47:24.000Z</time>
        <extensions>
          <ns3:TrackPointExtension>
            <ns3:hr>140</ns3:hr>
            <ns3:cad>83</ns3:cad>
          </ns3:TrackPointExtension>
        </extensions>
      </trkpt>
      <trkpt lat="31.02197944186627864837646484375" lon="121.42947991378605365753173828125">
        <ele>7.599999904632568359375</ele>
        <time>2026-05-14T12:47:25.000Z</time>
        <extensions>
          <ns3:TrackPointExtension>
            <ns3:hr>141</ns3:hr>
            <ns3:cad>84</ns3:cad>
          </ns3:TrackPointExtension>
        </extensions>
      </trkpt>
      <trkpt lat="31.0220014862716197967529296875" lon="121.4294887147843837738037109375">
        <ele>7.599999904632568359375</ele>
        <time>2026-05-14T12:47:26.000Z</time>
        <extensions>
          <ns3:TrackPointExtension>
            <ns3:hr>142</ns3:hr>
            <ns3:cad>84</ns3:cad>
          </ns3:TrackPointExtension>
        </extensions>
      </trkpt>
      <trkpt lat="31.02202646434307098388671875" lon="121.429491899907588958740234375">
        <ele>7.599999904632568359375</ele>
        <time>2026-05-14T12:47:27.000Z</time>
        <extensions>
          <ns3:TrackPointExtension>
            <ns3:hr>143</ns3:hr>
            <ns3:cad>84</ns3:cad>
          </ns3:TrackPointExtension>
        </extensions>
      </trkpt>
      <trkpt lat="31.02205194532871246337890625" lon="121.42950288020074367523193359375">
        <ele>7.599999904632568359375</ele>
        <time>2026-05-14T12:47:28.000Z</time>
        <extensions>
          <ns3:TrackPointExtension>
            <ns3:hr>143</ns3:hr>
            <ns3:cad>84</ns3:cad>
          </ns3:TrackPointExtension>
        </extensions>
      </trkpt>
      <trkpt lat="31.0220735706388950347900390625" lon="121.42950254492461681365966796875">
        <ele>7.599999904632568359375</ele>
        <time>2026-05-14T12:47:29.000Z</time>
        <extensions>
          <ns3:TrackPointExtension>
            <ns3:hr>144</ns3:hr>
            <ns3:cad>84</ns3:cad>
          </ns3:TrackPointExtension>
        </extensions>
      </trkpt>
      <trkpt lat="31.0221035778522491455078125" lon="121.42950640060007572174072265625">
        <ele>7.599999904632568359375</ele>
        <time>2026-05-14T12:47:30.000Z</time>
        <extensions>
          <ns3:TrackPointExtension>
            <ns3:hr>144</ns3:hr>
            <ns3:cad>84</ns3:cad>
          </ns3:TrackPointExtension>
        </extensions>
      </trkpt>
      <trkpt lat="31.0221231915056705474853515625" lon="121.42950053326785564422607421875">
        <ele>7.400000095367431640625</ele>
        <time>2026-05-14T12:47:31.000Z</time>
        <extensions>
          <ns3:TrackPointExtension>
            <ns3:hr>144</ns3:hr>
            <ns3:cad>84</ns3:cad>
          </ns3:TrackPointExtension>
        </extensions>
      </trkpt>
      <trkpt lat="31.022151522338390350341796875" lon="121.4294934086501598358154296875">
        <ele>7.400000095367431640625</ele>
        <time>2026-05-14T12:47:32.000Z</time>
        <extensions>
          <ns3:TrackPointExtension>
            <ns3:hr>144</ns3:hr>
            <ns3:cad>84</ns3:cad>
          </ns3:TrackPointExtension>
        </extensions>
      </trkpt>
      <trkpt lat="31.0221761651337146759033203125" lon="121.42948913387954235076904296875">
        <ele>7.400000095367431640625</ele>
        <time>2026-05-14T12:47:33.000Z</time>
        <extensions>
          <ns3:TrackPointExtension>
            <ns3:hr>144</ns3:hr>
            <ns3:cad>84</ns3:cad>
          </ns3:TrackPointExtension>
        </extensions>
      </trkpt>
      <trkpt lat="31.0221972875297069549560546875" lon="121.42948083579540252685546875">
        <ele>7.400000095367431640625</ele>
        <time>2026-05-14T12:47:34.000Z</time>
        <extensions>
          <ns3:TrackPointExtension>
            <ns3:hr>144</ns3:hr>
            <ns3:cad>85</ns3:cad>
          </ns3:TrackPointExtension>
        </extensions>
      </trkpt>
      <trkpt lat="31.0222200863063335418701171875" lon="121.42947857268154621124267578125">
        <ele>7.400000095367431640625</ele>
        <time>2026-05-14T12:47:35.000Z</time>
        <extensions>
          <ns3:TrackPointExtension>
            <ns3:hr>144</ns3:hr>
            <ns3:cad>85</ns3:cad>
          </ns3:TrackPointExtension>
        </extensions>
      </trkpt>
      <trkpt lat="31.02223861031234264373779296875" lon="121.429469771683216094970703125">
        <ele>7.400000095367431640625</ele>
        <time>2026-05-14T12:47:36.000Z</time>
        <extensions>
          <ns3:TrackPointExtension>
            <ns3:hr>144</ns3:hr>
            <ns3:cad>85</ns3:cad>
          </ns3:TrackPointExtension>
        </extensions>
      </trkpt>
      <trkpt lat="31.02226652204990386962890625" lon="121.4294675923883914947509765625">
        <ele>7.400000095367431640625</ele>
        <time>2026-05-14T12:47:37.000Z</time>
        <extensions>
          <ns3:TrackPointExtension>
            <ns3:hr>144</ns3:hr>
            <ns3:cad>85</ns3:cad>
          </ns3:TrackPointExtension>
        </extensions>
      </trkpt>
      <trkpt lat="31.0222832858562469482421875" lon="121.429458372294902801513671875">
        <ele>7.400000095367431640625</ele>
        <time>2026-05-14T12:47:38.000Z</time>
        <extensions>
          <ns3:TrackPointExtension>
            <ns3:hr>144</ns3:hr>
            <ns3:cad>86</ns3:cad>
          </ns3:TrackPointExtension>
        </extensions>
      </trkpt>
      <trkpt lat="31.02231136523187160491943359375" lon="121.42945007421076297760009765625">
        <ele>7.400000095367431640625</ele>
        <time>2026-05-14T12:47:39.000Z</time>
        <extensions>
          <ns3:TrackPointExtension>
            <ns3:hr>144</ns3:hr>
            <ns3:cad>86</ns3:cad>
          </ns3:TrackPointExtension>
        </extensions>
      </trkpt>
      <trkpt lat="31.0223334096372127532958984375" lon="121.429442279040813446044921875">
        <ele>7.400000095367431640625</ele>
        <time>2026-05-14T12:47:40.000Z</time>
        <extensions>
          <ns3:TrackPointExtension>
            <ns3:hr>145</ns3:hr>
            <ns3:cad>86</ns3:cad>
          </ns3:TrackPointExtension>
        </extensions>
      </trkpt>
      <trkpt lat="31.02235662750899791717529296875" lon="121.42943163402378559112548828125">
        <ele>7.400000095367431640625</ele>
        <time>2026-05-14T12:47:41.000Z</time>
        <extensions>
          <ns3:TrackPointExtension>
            <ns3:hr>145</ns3:hr>
            <ns3:cad>86</ns3:cad>
          </ns3:TrackPointExtension>
        </extensions>
      </trkpt>
      <trkpt lat="31.02238227613270282745361328125" lon="121.4294293709099292755126953125">
        <ele>7.400000095367431640625</ele>
        <time>2026-05-14T12:47:42.000Z</time>
        <extensions>
          <ns3:TrackPointExtension>
            <ns3:hr>145</ns3:hr>
            <ns3:cad>86</ns3:cad>
          </ns3:TrackPointExtension>
        </extensions>
      </trkpt>
      <trkpt lat="31.0224031470715999603271484375" lon="121.42941956408321857452392578125">
        <ele>7.400000095367431640625</ele>
        <time>2026-05-14T12:47:43.000Z</time>
        <extensions>
          <ns3:TrackPointExtension>
            <ns3:hr>146</ns3:hr>
            <ns3:cad>86</ns3:cad>
          </ns3:TrackPointExtension>
        </extensions>
      </trkpt>
      <trkpt lat="31.0224313102662563323974609375" lon="121.42941939644515514373779296875">
        <ele>7.400000095367431640625</ele>
        <time>2026-05-14T12:47:44.000Z</time>
        <extensions>
          <ns3:TrackPointExtension>
            <ns3:hr>146</ns3:hr>
            <ns3:cad>85</ns3:cad>
          </ns3:TrackPointExtension>
        </extensions>
      </trkpt>
      <trkpt lat="31.0224487446248531341552734375" lon="121.42941302619874477386474609375">
        <ele>7.400000095367431640625</ele>
        <time>2026-05-14T12:47:45.000Z</time>
        <extensions>
          <ns3:TrackPointExtension>
            <ns3:hr>146</ns3:hr>
            <ns3:cad>85</ns3:cad>
          </ns3:TrackPointExtension>
        </extensions>
      </trkpt>
      <trkpt lat="31.02247514761984348297119140625" lon="121.42940330319106578826904296875">
        <ele>7.400000095367431640625</ele>
        <time>2026-05-14T12:47:46.000Z</time>
        <extensions>
          <ns3:TrackPointExtension>
            <ns3:hr>146</ns3:hr>
            <ns3:cad>85</ns3:cad>
          </ns3:TrackPointExtension>
        </extensions>
      </trkpt>
      <trkpt lat="31.02249677293002605438232421875" lon="121.42939844168722629547119140625">
        <ele>7.400000095367431640625</ele>
        <time>2026-05-14T12:47:47.000Z</time>
        <extensions>
          <ns3:TrackPointExtension>
            <ns3:hr>146</ns3:hr>
            <ns3:cad>85</ns3:cad>
          </ns3:TrackPointExtension>
        </extensions>
      </trkpt>
      <trkpt lat="31.02251789532601833343505859375" lon="121.4293898083269596099853515625">
        <ele>7.400000095367431640625</ele>
        <time>2026-05-14T12:47:48.000Z</time>
        <extensions>
          <ns3:TrackPointExtension>
            <ns3:hr>146</ns3:hr>
            <ns3:cad>85</ns3:cad>
          </ns3:TrackPointExtension>
        </extensions>
      </trkpt>
      <trkpt lat="31.02254555560648441314697265625" lon="121.429387293756008148193359375">
        <ele>7.400000095367431640625</ele>
        <time>2026-05-14T12:47:49.000Z</time>
        <extensions>
          <ns3:TrackPointExtension>
            <ns3:hr>146</ns3:hr>
            <ns3:cad>85</ns3:cad>
          </ns3:TrackPointExtension>
        </extensions>
      </trkpt>
      <trkpt lat="31.02256583981215953826904296875" lon="121.429376564919948577880859375">
        <ele>7.400000095367431640625</ele>
        <time>2026-05-14T12:47:50.000Z</time>
        <extensions>
          <ns3:TrackPointExtension>
            <ns3:hr>146</ns3:hr>
            <ns3:cad>85</ns3:cad>
          </ns3:TrackPointExtension>
        </extensions>
      </trkpt>
      <trkpt lat="31.02259643375873565673828125" lon="121.42937245778739452362060546875">
        <ele>7.400000095367431640625</ele>
        <time>2026-05-14T12:47:51.000Z</time>
        <extensions>
          <ns3:TrackPointExtension>
            <ns3:hr>146</ns3:hr>
            <ns3:cad>85</ns3:cad>
          </ns3:TrackPointExtension>
        </extensions>
      </trkpt>
      <trkpt lat="31.022615544497966766357421875" lon="121.4293633215129375457763671875">
        <ele>7.400000095367431640625</ele>
        <time>2026-05-14T12:47:52.000Z</time>
        <extensions>
          <ns3:TrackPointExtension>
            <ns3:hr>147</ns3:hr>
            <ns3:cad>86</ns3:cad>
          </ns3:TrackPointExtension>
        </extensions>
      </trkpt>
      <trkpt lat="31.022641696035861968994140625" lon="121.429352425038814544677734375">
        <ele>7.400000095367431640625</ele>
        <time>2026-05-14T12:47:53.000Z</time>
        <extensions>
          <ns3:TrackPointExtension>
            <ns3:hr>146</ns3:hr>
            <ns3:cad>86</ns3:cad>
          </ns3:TrackPointExtension>
        </extensions>
      </trkpt>
      <trkpt lat="31.022665165364742279052734375" lon="121.42934747971594333648681640625">
        <ele>7.400000095367431640625</ele>
        <time>2026-05-14T12:47:54.000Z</time>
        <extensions>
          <ns3:TrackPointExtension>
            <ns3:hr>146</ns3:hr>
            <ns3:cad>86</ns3:cad>
          </ns3:TrackPointExtension>
        </extensions>
      </trkpt>
      <trkpt lat="31.02268838323652744293212890625" lon="121.42933742143213748931884765625">
        <ele>7.400000095367431640625</ele>
        <time>2026-05-14T12:47:55.000Z</time>
        <extensions>
          <ns3:TrackPointExtension>
            <ns3:hr>146</ns3:hr>
            <ns3:cad>86</ns3:cad>
          </ns3:TrackPointExtension>
        </extensions>
      </trkpt>
      <trkpt lat="31.02271269075572490692138671875" lon="121.4293348230421543121337890625">
        <ele>7.400000095367431640625</ele>
        <time>2026-05-14T12:47:56.000Z</time>
        <extensions>
          <ns3:TrackPointExtension>
            <ns3:hr>146</ns3:hr>
            <ns3:cad>86</ns3:cad>
          </ns3:TrackPointExtension>
        </extensions>
      </trkpt>
      <trkpt lat="31.02273431606590747833251953125" lon="121.4293274469673633575439453125">
        <ele>7.400000095367431640625</ele>
        <time>2026-05-14T12:47:57.000Z</time>
        <extensions>
          <ns3:TrackPointExtension>
            <ns3:hr>146</ns3:hr>
            <ns3:cad>87</ns3:cad>
          </ns3:TrackPointExtension>
        </extensions>
      </trkpt>
      <trkpt lat="31.02276667021214962005615234375" lon="121.429324932396411895751953125">
        <ele>7.400000095367431640625</ele>
        <time>2026-05-14T12:47:58.000Z</time>
        <extensions>
          <ns3:TrackPointExtension>
            <ns3:hr>146</ns3:hr>
            <ns3:cad>87</ns3:cad>
          </ns3:TrackPointExtension>
        </extensions>
      </trkpt>
      <trkpt lat="31.02278511039912700653076171875" lon="121.429315544664859771728515625">
        <ele>7.400000095367431640625</ele>
        <time>2026-05-14T12:47:59.000Z</time>
        <extensions>
          <ns3:TrackPointExtension>
            <ns3:hr>147</ns3:hr>
            <ns3:cad>87</ns3:cad>
          </ns3:TrackPointExtension>
        </extensions>
      </trkpt>
      <trkpt lat="31.022810004651546478271484375" lon="121.4293073303997516632080078125">
        <ele>7.400000095367431640625</ele>
        <time>2026-05-14T12:48:00.000Z</time>
        <extensions>
          <ns3:TrackPointExtension>
            <ns3:hr>147</ns3:hr>
            <ns3:cad>86</ns3:cad>
          </ns3:TrackPointExtension>
        </extensions>
      </trkpt>
      <trkpt lat="31.0228336416184902191162109375" lon="121.4293029718101024627685546875">
        <ele>7.400000095367431640625</ele>
        <time>2026-05-14T12:48:01.000Z</time>
        <extensions>
          <ns3:TrackPointExtension>
            <ns3:hr>147</ns3:hr>
            <ns3:cad>85</ns3:cad>
          </ns3:TrackPointExtension>
        </extensions>
      </trkpt>
      <trkpt lat="31.02285669185221195220947265625" lon="121.429292075335979461669921875">
        <ele>7.400000095367431640625</ele>
        <time>2026-05-14T12:48:02.000Z</time>
        <extensions>
          <ns3:TrackPointExtension>
            <ns3:hr>147</ns3:hr>
            <ns3:cad>85</ns3:cad>
          </ns3:TrackPointExtension>
        </extensions>
      </trkpt>
      <trkpt lat="31.02288401685655117034912109375" lon="121.4292909018695354461669921875">
        <ele>7.400000095367431640625</ele>
        <time>2026-05-14T12:48:03.000Z</time>
        <extensions>
          <ns3:TrackPointExtension>
            <ns3:hr>147</ns3:hr>
            <ns3:cad>85</ns3:cad>
          </ns3:TrackPointExtension>
        </extensions>
      </trkpt>
      <trkpt lat="31.02290245704352855682373046875" lon="121.42928243614733219146728515625">
        <ele>7.400000095367431640625</ele>
        <time>2026-05-14T12:48:04.000Z</time>
        <extensions>
          <ns3:TrackPointExtension>
            <ns3:hr>147</ns3:hr>
            <ns3:cad>85</ns3:cad>
          </ns3:TrackPointExtension>
        </extensions>
      </trkpt>
      <trkpt lat="31.02293330244719982147216796875" lon="121.42927271313965320587158203125">
        <ele>7.400000095367431640625</ele>
        <time>2026-05-14T12:48:05.000Z</time>
        <extensions>
          <ns3:TrackPointExtension>
            <ns3:hr>147</ns3:hr>
            <ns3:cad>85</ns3:cad>
          </ns3:TrackPointExtension>
        </extensions>
      </trkpt>
      <trkpt lat="31.02295056916773319244384765625" lon="121.42925796099007129669189453125">
        <ele>7.400000095367431640625</ele>
        <time>2026-05-14T12:48:06.000Z</time>
        <extensions>
          <ns3:TrackPointExtension>
            <ns3:hr>147</ns3:hr>
            <ns3:cad>85</ns3:cad>
          </ns3:TrackPointExtension>
        </extensions>
      </trkpt>
      <trkpt lat="31.0229717753827571868896484375" lon="121.429241783916950225830078125">
        <ele>7.400000095367431640625</ele>
        <time>2026-05-14T12:48:07.000Z</time>
        <extensions>
          <ns3:TrackPointExtension>
            <ns3:hr>147</ns3:hr>
            <ns3:cad>85</ns3:cad>
          </ns3:TrackPointExtension>
        </extensions>
      </trkpt>
      <trkpt lat="31.0229962505400180816650390625" lon="121.42923113889992237091064453125">
        <ele>7.400000095367431640625</ele>
        <time>2026-05-14T12:48:08.000Z</time>
        <extensions>
          <ns3:TrackPointExtension>
            <ns3:hr>147</ns3:hr>
            <ns3:cad>85</ns3:cad>
          </ns3:TrackPointExtension>
        </extensions>
      </trkpt>
      <trkpt lat="31.0230116732418537139892578125" lon="121.42921638675034046173095703125">
        <ele>7.19999980926513671875</ele>
        <time>2026-05-14T12:48:09.000Z</time>
        <extensions>
          <ns3:TrackPointExtension>
            <ns3:hr>147</ns3:hr>
            <ns3:cad>84</ns3:cad>
          </ns3:TrackPointExtension>
        </extensions>
      </trkpt>
      <trkpt lat="31.02303723804652690887451171875" lon="121.429201550781726837158203125">
        <ele>7.19999980926513671875</ele>
        <time>2026-05-14T12:48:10.000Z</time>
        <extensions>
          <ns3:TrackPointExtension>
            <ns3:hr>147</ns3:hr>
            <ns3:cad>84</ns3:cad>
          </ns3:TrackPointExtension>
        </extensions>
      </trkpt>
      <trkpt lat="31.02304763160645961761474609375" lon="121.4291859604418277740478515625">
        <ele>7.19999980926513671875</ele>
        <time>2026-05-14T12:48:11.000Z</time>
        <extensions>
          <ns3:TrackPointExtension>
            <ns3:hr>147</ns3:hr>
            <ns3:cad>84</ns3:cad>
          </ns3:TrackPointExtension>
        </extensions>
      </trkpt>
      <trkpt lat="31.0230664908885955810546875" lon="121.429162658751010894775390625">
        <ele>7.19999980926513671875</ele>
        <time>2026-05-14T12:48:12.000Z</time>
        <extensions>
          <ns3:TrackPointExtension>
            <ns3:hr>147</ns3:hr>
            <ns3:cad>84</ns3:cad>
          </ns3:TrackPointExtension>
        </extensions>
      </trkpt>
      <trkpt lat="31.02307998575270175933837890625" lon="121.42914229072630405426025390625">
        <ele>7.19999980926513671875</ele>
        <time>2026-05-14T12:48:13.000Z</time>
        <extensions>
          <ns3:TrackPointExtension>
            <ns3:hr>148</ns3:hr>
            <ns3:cad>85</ns3:cad>
          </ns3:TrackPointExtension>
        </extensions>
      </trkpt>
      <trkpt lat="31.0230907984077930450439453125" lon="121.42911932431161403656005859375">
        <ele>7.19999980926513671875</ele>
        <time>2026-05-14T12:48:14.000Z</time>
        <extensions>
          <ns3:TrackPointExtension>
            <ns3:hr>148</ns3:hr>
            <ns3:cad>86</ns3:cad>
          </ns3:TrackPointExtension>
        </extensions>
      </trkpt>
      <trkpt lat="31.02310965768992900848388671875" lon="121.429098285734653472900390625">
        <ele>7.19999980926513671875</ele>
        <time>2026-05-14T12:48:15.000Z</time>
        <extensions>
          <ns3:TrackPointExtension>
            <ns3:hr>147</ns3:hr>
            <ns3:cad>86</ns3:cad>
          </ns3:TrackPointExtension>
        </extensions>
      </trkpt>
      <trkpt lat="31.023119799792766571044921875" lon="121.429076828062534332275390625">
        <ele>7.19999980926513671875</ele>
        <time>2026-05-14T12:48:16.000Z</time>
        <extensions>
          <ns3:TrackPointExtension>
            <ns3:hr>147</ns3:hr>
            <ns3:cad>85</ns3:cad>
          </ns3:TrackPointExtension>
        </extensions>
      </trkpt>
      <trkpt lat="31.02313564158976078033447265625" lon="121.4290434680879116058349609375">
        <ele>7.19999980926513671875</ele>
        <time>2026-05-14T12:48:17.000Z</time>
        <extensions>
          <ns3:TrackPointExtension>
            <ns3:hr>147</ns3:hr>
            <ns3:cad>85</ns3:cad>
          </ns3:TrackPointExtension>
        </extensions>
      </trkpt>
      <trkpt lat="31.0231457836925983428955078125" lon="121.4290173165500164031982421875">
        <ele>7.19999980926513671875</ele>
        <time>2026-05-14T12:48:18.000Z</time>
        <extensions>
          <ns3:TrackPointExtension>
            <ns3:hr>147</ns3:hr>
            <ns3:cad>85</ns3:cad>
          </ns3:TrackPointExtension>
        </extensions>
      </trkpt>
      <trkpt lat="31.02315508760511875152587890625" lon="121.428988315165042877197265625">
        <ele>7.400000095367431640625</ele>
        <time>2026-05-14T12:48:19.000Z</time>
        <extensions>
          <ns3:TrackPointExtension>
            <ns3:hr>147</ns3:hr>
            <ns3:cad>84</ns3:cad>
          </ns3:TrackPointExtension>
        </extensions>
      </trkpt>
      <trkpt lat="31.0231628827750682830810546875" lon="121.42895914614200592041015625">
        <ele>7.400000095367431640625</ele>
        <time>2026-05-14T12:48:20.000Z</time>
        <extensions>
          <ns3:TrackPointExtension>
            <ns3:hr>147</ns3:hr>
            <ns3:cad>84</ns3:cad>
          </ns3:TrackPointExtension>
        </extensions>
      </trkpt>
      <trkpt lat="31.02316564880311489105224609375" lon="121.42893098294734954833984375">
        <ele>7.19999980926513671875</ele>
        <time>2026-05-14T12:48:21.000Z</time>
        <extensions>
          <ns3:TrackPointExtension>
            <ns3:hr>147</ns3:hr>
            <ns3:cad>84</ns3:cad>
          </ns3:TrackPointExtension>
        </extensions>
      </trkpt>
      <trkpt lat="31.02316313423216342926025390625" lon="121.4289026521146297454833984375">
        <ele>7.19999980926513671875</ele>
        <time>2026-05-14T12:48:22.000Z</time>
        <extensions>
          <ns3:TrackPointExtension>
            <ns3:hr>147</ns3:hr>
            <ns3:cad>83</ns3:cad>
          </ns3:TrackPointExtension>
        </extensions>
      </trkpt>
      <trkpt lat="31.02316598407924175262451171875" lon="121.428867280483245849609375">
        <ele>7.19999980926513671875</ele>
        <time>2026-05-14T12:48:23.000Z</time>
        <extensions>
          <ns3:TrackPointExtension>
            <ns3:hr>147</ns3:hr>
            <ns3:cad>83</ns3:cad>
          </ns3:TrackPointExtension>
        </extensions>
      </trkpt>
      <trkpt lat="31.02316296659409999847412109375" lon="121.42883886583149433135986328125">
        <ele>7.19999980926513671875</ele>
        <time>2026-05-14T12:48:24.000Z</time>
        <extensions>
          <ns3:TrackPointExtension>
            <ns3:hr>147</ns3:hr>
            <ns3:cad>82</ns3:cad>
          </ns3:TrackPointExtension>
        </extensions>
      </trkpt>
      <trkpt lat="31.0231558419764041900634765625" lon="121.42880517058074474334716796875">
        <ele>7.19999980926513671875</ele>
        <time>2026-05-14T12:48:25.000Z</time>
        <extensions>
          <ns3:TrackPointExtension>
            <ns3:hr>148</ns3:hr>
            <ns3:cad>82</ns3:cad>
          </ns3:TrackPointExtension>
        </extensions>
      </trkpt>
      <trkpt lat="31.02315089665353298187255859375" lon="121.4287732355296611785888671875">
        <ele>7.19999980926513671875</ele>
        <time>2026-05-14T12:48:26.000Z</time>
        <extensions>
          <ns3:TrackPointExtension>
            <ns3:hr>147</ns3:hr>
            <ns3:cad>81</ns3:cad>
          </ns3:TrackPointExtension>
        </extensions>
      </trkpt>
      <trkpt lat="31.0231404192745685577392578125" lon="121.4287494309246540069580078125">
        <ele>7.19999980926513671875</ele>
        <time>2026-05-14T12:48:27.000Z</time>
        <extensions>
          <ns3:TrackPointExtension>
            <ns3:hr>147</ns3:hr>
            <ns3:cad>81</ns3:cad>
          </ns3:TrackPointExtension>
        </extensions>
      </trkpt>
      <trkpt lat="31.02313061244785785675048828125" lon="121.42871565185487270355224609375">
        <ele>7.19999980926513671875</ele>
        <time>2026-05-14T12:48:28.000Z</time>
        <extensions>
          <ns3:TrackPointExtension>
            <ns3:hr>147</ns3:hr>
            <ns3:cad>82</ns3:cad>
          </ns3:TrackPointExtension>
        </extensions>
      </trkpt>
      <trkpt lat="31.02311703376471996307373046875" lon="121.42869268544018268585205078125">
        <ele>7.19999980926513671875</ele>
        <time>2026-05-14T12:48:29.000Z</time>
        <extensions>
          <ns3:TrackPointExtension>
            <ns3:hr>148</ns3:hr>
            <ns3:cad>82</ns3:cad>
          </ns3:TrackPointExtension>
        </extensions>
      </trkpt>
      <trkpt lat="31.02310127578675746917724609375" lon="121.42867307178676128387451171875">
        <ele>7</ele>
        <time>2026-05-14T12:48:30.000Z</time>
        <extensions>
          <ns3:TrackPointExtension>
            <ns3:hr>148</ns3:hr>
            <ns3:cad>82</ns3:cad>
          </ns3:TrackPointExtension>
        </extensions>
      </trkpt>
      <trkpt lat="31.02308618836104869842529296875" lon="121.42864373512566089630126953125">
        <ele>7</ele>
        <time>2026-05-14T12:48:31.000Z</time>
        <extensions>
          <ns3:TrackPointExtension>
            <ns3:hr>149</ns3:hr>
            <ns3:cad>82</ns3:cad>
          </ns3:TrackPointExtension>
        </extensions>
      </trkpt>
      <trkpt lat="31.02307118475437164306640625" lon="121.4286240376532077789306640625">
        <ele>7</ele>
        <time>2026-05-14T12:48:32.000Z</time>
        <extensions>
          <ns3:TrackPointExtension>
            <ns3:hr>149</ns3:hr>
            <ns3:cad>82</ns3:cad>
          </ns3:TrackPointExtension>
        </extensions>
      </trkpt>
      <trkpt lat="31.02305081672966480255126953125" lon="121.4285977184772491455078125">
        <ele>6.80000019073486328125</ele>
        <time>2026-05-14T12:48:33.000Z</time>
        <extensions>
          <ns3:TrackPointExtension>
            <ns3:hr>150</ns3:hr>
            <ns3:cad>82</ns3:cad>
          </ns3:TrackPointExtension>
        </extensions>
      </trkpt>
      <trkpt lat="31.02303220890462398529052734375" lon="121.42858154140412807464599609375">
        <ele>6.80000019073486328125</ele>
        <time>2026-05-14T12:48:34.000Z</time>
        <extensions>
          <ns3:TrackPointExtension>
            <ns3:hr>150</ns3:hr>
            <ns3:cad>82</ns3:cad>
          </ns3:TrackPointExtension>
        </extensions>
      </trkpt>
      <trkpt lat="31.02300605736672878265380859375" lon="121.42856343649327754974365234375">
        <ele>6.80000019073486328125</ele>
        <time>2026-05-14T12:48:35.000Z</time>
        <extensions>
          <ns3:TrackPointExtension>
            <ns3:hr>150</ns3:hr>
            <ns3:cad>83</ns3:cad>
          </ns3:TrackPointExtension>
        </extensions>
      </trkpt>
      <trkpt lat="31.02298191748559474945068359375" lon="121.4285413920879364013671875">
        <ele>6.80000019073486328125</ele>
        <time>2026-05-14T12:48:36.000Z</time>
        <extensions>
          <ns3:TrackPointExtension>
            <ns3:hr>151</ns3:hr>
            <ns3:cad>85</ns3:cad>
          </ns3:TrackPointExtension>
        </extensions>
      </trkpt>
      <trkpt lat="31.0229566879570484161376953125" lon="121.42853401601314544677734375">
        <ele>6.80000019073486328125</ele>
        <time>2026-05-14T12:48:37.000Z</time>
        <extensions>
          <ns3:TrackPointExtension>
            <ns3:hr>151</ns3:hr>
            <ns3:cad>85</ns3:cad>
          </ns3:TrackPointExtension>
        </extensions>
      </trkpt>
      <trkpt lat="31.02292693220078945159912109375" lon="121.428513228893280029296875">
        <ele>7</ele>
        <time>2026-05-14T12:48:38.000Z</time>
        <extensions>
          <ns3:TrackPointExtension>
            <ns3:hr>152</ns3:hr>
            <ns3:cad>85</ns3:cad>
          </ns3:TrackPointExtension>
        </extensions>
      </trkpt>
      <trkpt lat="31.02290379814803600311279296875" lon="121.4284993149340152740478515625">
        <ele>7</ele>
        <time>2026-05-14T12:48:39.000Z</time>
        <extensions>
          <ns3:TrackPointExtension>
            <ns3:hr>152</ns3:hr>
            <ns3:cad>83</ns3:cad>
          </ns3:TrackPointExtension>
        </extensions>
      </trkpt>
      <trkpt lat="31.0228815861046314239501953125" lon="121.42848908901214599609375">
        <ele>7</ele>
        <time>2026-05-14T12:48:40.000Z</time>
        <extensions>
          <ns3:TrackPointExtension>
            <ns3:hr>152</ns3:hr>
            <ns3:cad>83</ns3:cad>
          </ns3:TrackPointExtension>
        </extensions>
      </trkpt>
      <trkpt lat="31.02287177927792072296142578125" lon="121.42849646508693695068359375">
        <ele>7</ele>
        <time>2026-05-14T12:48:41.000Z</time>
        <extensions>
          <ns3:TrackPointExtension>
            <ns3:hr>153</ns3:hr>
            <ns3:cad>81</ns3:cad>
          </ns3:TrackPointExtension>
        </extensions>
      </trkpt>
      <trkpt lat="31.0228661634027957916259765625" lon="121.42850560136139392852783203125">
        <ele>7.19999980926513671875</ele>
        <time>2026-05-14T12:48:42.000Z</time>
        <extensions>
          <ns3:TrackPointExtension>
            <ns3:hr>153</ns3:hr>
            <ns3:cad>81</ns3:cad>
          </ns3:TrackPointExtension>
        </extensions>
      </trkpt>
      <trkpt lat="31.02285786531865596771240234375" lon="121.428503505885601043701171875">
        <ele>7</ele>
        <time>2026-05-14T12:48:43.000Z</time>
        <extensions>
          <ns3:TrackPointExtension>
            <ns3:hr>153</ns3:hr>
            <ns3:cad>81</ns3:cad>
          </ns3:TrackPointExtension>
        </extensions>
      </trkpt>
      <trkpt lat="31.02284981869161128997802734375" lon="121.4284993149340152740478515625">
        <ele>7</ele>
        <time>2026-05-14T12:48:44.000Z</time>
        <extensions>
          <ns3:TrackPointExtension>
            <ns3:hr>153</ns3:hr>
            <ns3:cad>81</ns3:cad>
          </ns3:TrackPointExtension>
        </extensions>
      </trkpt>
      <trkpt lat="31.02283992804586887359619140625" lon="121.42849914729595184326171875">
        <ele>7</ele>
        <time>2026-05-14T12:48:45.000Z</time>
        <extensions>
          <ns3:TrackPointExtension>
            <ns3:hr>153</ns3:hr>
            <ns3:cad>81</ns3:cad>
          </ns3:TrackPointExtension>
        </extensions>
      </trkpt>
      <trkpt lat="31.0228316299617290496826171875" lon="121.42850643955171108245849609375">
        <ele>7</ele>
        <time>2026-05-14T12:48:46.000Z</time>
        <extensions>
          <ns3:TrackPointExtension>
            <ns3:hr>153</ns3:hr>
            <ns3:cad>81</ns3:cad>
          </ns3:TrackPointExtension>
        </extensions>
      </trkpt>
      <trkpt lat="31.02281612344086170196533203125" lon="121.4284689724445343017578125">
        <ele>6.19999980926513671875</ele>
        <time>2026-05-14T12:52:45.000Z</time>
        <extensions>
          <ns3:TrackPointExtension>
            <ns3:hr>107</ns3:hr>
            <ns3:cad>58</ns3:cad>
          </ns3:TrackPointExtension>
        </extensions>
      </trkpt>
      <trkpt lat="31.0228021256625652313232421875" lon="121.4284662902355194091796875">
        <ele>6.19999980926513671875</ele>
        <time>2026-05-14T12:52:46.000Z</time>
        <extensions>
          <ns3:TrackPointExtension>
            <ns3:hr>106</ns3:hr>
            <ns3:cad>57</ns3:cad>
          </ns3:TrackPointExtension>
        </extensions>
      </trkpt>
      <trkpt lat="31.0227835178375244140625" lon="121.42846536822617053985595703125">
        <ele>6</ele>
        <time>2026-05-14T12:52:47.000Z</time>
        <extensions>
          <ns3:TrackPointExtension>
            <ns3:hr>106</ns3:hr>
            <ns3:cad>57</ns3:cad>
          </ns3:TrackPointExtension>
        </extensions>
      </trkpt>
      <trkpt lat="31.0227548517286777496337890625" lon="121.42846696078777313232421875">
        <ele>6</ele>
        <time>2026-05-14T12:52:48.000Z</time>
        <extensions>
          <ns3:TrackPointExtension>
            <ns3:hr>106</ns3:hr>
            <ns3:cad>57</ns3:cad>
          </ns3:TrackPointExtension>
        </extensions>
      </trkpt>
      <trkpt lat="31.022720821201801300048828125" lon="121.42847123555839061737060546875">
        <ele>5.80000019073486328125</ele>
        <time>2026-05-14T12:52:49.000Z</time>
        <extensions>
          <ns3:TrackPointExtension>
            <ns3:hr>106</ns3:hr>
            <ns3:cad>57</ns3:cad>
          </ns3:TrackPointExtension>
        </extensions>
      </trkpt>
      <trkpt lat="31.022691316902637481689453125" lon="121.4284751750528812408447265625">
        <ele>5.80000019073486328125</ele>
        <time>2026-05-14T12:52:50.000Z</time>
        <extensions>
          <ns3:TrackPointExtension>
            <ns3:hr>106</ns3:hr>
            <ns3:cad>79</ns3:cad>
          </ns3:TrackPointExtension>
        </extensions>
      </trkpt>
      <trkpt lat="31.02265988476574420928955078125" lon="121.42848179675638675689697265625">
        <ele>5.80000019073486328125</ele>
        <time>2026-05-14T12:52:51.000Z</time>
        <extensions>
          <ns3:TrackPointExtension>
            <ns3:hr>107</ns3:hr>
            <ns3:cad>83</ns3:cad>
          </ns3:TrackPointExtension>
        </extensions>
      </trkpt>
      <trkpt lat="31.02262468077242374420166015625" lon="121.4284859038889408111572265625">
        <ele>5.80000019073486328125</ele>
        <time>2026-05-14T12:52:52.000Z</time>
        <extensions>
          <ns3:TrackPointExtension>
            <ns3:hr>108</ns3:hr>
            <ns3:cad>83</ns3:cad>
          </ns3:TrackPointExtension>
        </extensions>
      </trkpt>
      <trkpt lat="31.02259014733135700225830078125" lon="121.42850124277174472808837890625">
        <ele>6</ele>
        <time>2026-05-14T12:52:53.000Z</time>
        <extensions>
          <ns3:TrackPointExtension>
            <ns3:hr>110</ns3:hr>
            <ns3:cad>83</ns3:cad>
          </ns3:TrackPointExtension>
        </extensions>
      </trkpt>
      <trkpt lat="31.02254404686391353607177734375" lon="121.42851389944553375244140625">
        <ele>6</ele>
        <time>2026-05-14T12:52:54.000Z</time>
        <extensions>
          <ns3:TrackPointExtension>
            <ns3:hr>111</ns3:hr>
            <ns3:cad>83</ns3:cad>
          </ns3:TrackPointExtension>
        </extensions>
      </trkpt>
      <trkpt lat="31.0225112736225128173828125" lon="121.42852270044386386871337890625">
        <ele>6</ele>
        <time>2026-05-14T12:52:55.000Z</time>
        <extensions>
          <ns3:TrackPointExtension>
            <ns3:hr>113</ns3:hr>
            <ns3:cad>84</ns3:cad>
          </ns3:TrackPointExtension>
        </extensions>
      </trkpt>
      <trkpt lat="31.022474728524684906005859375" lon="121.428538374602794647216796875">
        <ele>6.19999980926513671875</ele>
        <time>2026-05-14T12:52:56.000Z</time>
        <extensions>
          <ns3:TrackPointExtension>
            <ns3:hr>114</ns3:hr>
            <ns3:cad>84</ns3:cad>
          </ns3:TrackPointExtension>
        </extensions>
      </trkpt>
      <trkpt lat="31.02244195528328418731689453125" lon="121.4285452477633953094482421875">
        <ele>6.19999980926513671875</ele>
        <time>2026-05-14T12:52:57.000Z</time>
        <extensions>
          <ns3:TrackPointExtension>
            <ns3:hr>116</ns3:hr>
            <ns3:cad>85</ns3:cad>
          </ns3:TrackPointExtension>
        </extensions>
      </trkpt>
      <trkpt lat="31.0224120318889617919921875" lon="121.42856259830296039581298828125">
        <ele>6.19999980926513671875</ele>
        <time>2026-05-14T12:52:58.000Z</time>
        <extensions>
          <ns3:TrackPointExtension>
            <ns3:hr>117</ns3:hr>
            <ns3:cad>85</ns3:cad>
          </ns3:TrackPointExtension>
        </extensions>
      </trkpt>
      <trkpt lat="31.0223790071904659271240234375" lon="121.42857156693935394287109375">
        <ele>6.19999980926513671875</ele>
        <time>2026-05-14T12:52:59.000Z</time>
        <extensions>
          <ns3:TrackPointExtension>
            <ns3:hr>118</ns3:hr>
            <ns3:cad>86</ns3:cad>
          </ns3:TrackPointExtension>
        </extensions>
      </trkpt>
      <trkpt lat="31.02234899997711181640625" lon="121.4285804517567157745361328125">
        <ele>6</ele>
        <time>2026-05-14T12:53:00.000Z</time>
        <extensions>
          <ns3:TrackPointExtension>
            <ns3:hr>120</ns3:hr>
            <ns3:cad>86</ns3:cad>
          </ns3:TrackPointExtension>
        </extensions>
      </trkpt>
      <trkpt lat="31.0223186574876308441162109375" lon="121.4285858161747455596923828125">
        <ele>5.80000019073486328125</ele>
        <time>2026-05-14T12:53:01.000Z</time>
        <extensions>
          <ns3:TrackPointExtension>
            <ns3:hr>121</ns3:hr>
            <ns3:cad>86</ns3:cad>
          </ns3:TrackPointExtension>
        </extensions>
      </trkpt>
      <trkpt lat="31.02229242213070392608642578125" lon="121.42859746702015399932861328125">
        <ele>5.80000019073486328125</ele>
        <time>2026-05-14T12:53:02.000Z</time>
        <extensions>
          <ns3:TrackPointExtension>
            <ns3:hr>123</ns3:hr>
            <ns3:cad>87</ns3:cad>
          </ns3:TrackPointExtension>
        </extensions>
      </trkpt>
      <trkpt lat="31.02225705049932003021240234375" lon="121.4285965450108051300048828125">
        <ele>5.80000019073486328125</ele>
        <time>2026-05-14T12:53:03.000Z</time>
        <extensions>
          <ns3:TrackPointExtension>
            <ns3:hr>130</ns3:hr>
            <ns3:cad>87</ns3:cad>
          </ns3:TrackPointExtension>
        </extensions>
      </trkpt>
      <trkpt lat="31.0222291387617588043212890625" lon="121.4286022447049617767333984375">
        <ele>6</ele>
        <time>2026-05-14T12:53:04.000Z</time>
        <extensions>
          <ns3:TrackPointExtension>
            <ns3:hr>133</ns3:hr>
            <ns3:cad>87</ns3:cad>
          </ns3:TrackPointExtension>
        </extensions>
      </trkpt>
      <trkpt lat="31.02219586260616779327392578125" lon="121.42861205153167247772216796875">
        <ele>6</ele>
        <time>2026-05-14T12:53:05.000Z</time>
        <extensions>
          <ns3:TrackPointExtension>
            <ns3:hr>137</ns3:hr>
            <ns3:cad>87</ns3:cad>
          </ns3:TrackPointExtension>
        </extensions>
      </trkpt>
      <trkpt lat="31.02217189036309719085693359375" lon="121.42862227745354175567626953125">
        <ele>6</ele>
        <time>2026-05-14T12:53:06.000Z</time>
        <extensions>
          <ns3:TrackPointExtension>
            <ns3:hr>141</ns3:hr>
            <ns3:cad>87</ns3:cad>
          </ns3:TrackPointExtension>
        </extensions>
      </trkpt>
      <trkpt lat="31.0221406258642673492431640625" lon="121.428636275231838226318359375">
        <ele>6</ele>
        <time>2026-05-14T12:53:07.000Z</time>
        <extensions>
          <ns3:TrackPointExtension>
            <ns3:hr>142</ns3:hr>
            <ns3:cad>86</ns3:cad>
          </ns3:TrackPointExtension>
        </extensions>
      </trkpt>
      <trkpt lat="31.0221067629754543304443359375" lon="121.42864088527858257293701171875">
        <ele>6</ele>
        <time>2026-05-14T12:53:08.000Z</time>
        <extensions>
          <ns3:TrackPointExtension>
            <ns3:hr>143</ns3:hr>
            <ns3:cad>86</ns3:cad>
          </ns3:TrackPointExtension>
        </extensions>
      </trkpt>
      <trkpt lat="31.02208103053271770477294921875" lon="121.42864725552499294281005859375">
        <ele>5.80000019073486328125</ele>
        <time>2026-05-14T12:53:09.000Z</time>
        <extensions>
          <ns3:TrackPointExtension>
            <ns3:hr>144</ns3:hr>
            <ns3:cad>86</ns3:cad>
          </ns3:TrackPointExtension>
        </extensions>
      </trkpt>
      <trkpt lat="31.02204565890133380889892578125" lon="121.42864926718175411224365234375">
        <ele>5.80000019073486328125</ele>
        <time>2026-05-14T12:53:10.000Z</time>
        <extensions>
          <ns3:TrackPointExtension>
            <ns3:hr>145</ns3:hr>
            <ns3:cad>86</ns3:cad>
          </ns3:TrackPointExtension>
        </extensions>
      </trkpt>
      <trkpt lat="31.022021435201168060302734375" lon="121.42865848727524280548095703125">
        <ele>5.80000019073486328125</ele>
        <time>2026-05-14T12:53:11.000Z</time>
        <extensions>
          <ns3:TrackPointExtension>
            <ns3:hr>145</ns3:hr>
            <ns3:cad>86</ns3:cad>
          </ns3:TrackPointExtension>
        </extensions>
      </trkpt>
      <trkpt lat="31.021983884274959564208984375" lon="121.4286679588258266448974609375">
        <ele>6</ele>
        <time>2026-05-14T12:53:12.000Z</time>
        <extensions>
          <ns3:TrackPointExtension>
            <ns3:hr>145</ns3:hr>
            <ns3:cad>86</ns3:cad>
          </ns3:TrackPointExtension>
        </extensions>
      </trkpt>
      <trkpt lat="31.021959073841571807861328125" lon="121.4286860637366771697998046875">
        <ele>6</ele>
        <time>2026-05-14T12:53:13.000Z</time>
        <extensions>
          <ns3:TrackPointExtension>
            <ns3:hr>146</ns3:hr>
            <ns3:cad>86</ns3:cad>
          </ns3:TrackPointExtension>
        </extensions>
      </trkpt>
      <trkpt lat="31.02193183265626430511474609375" lon="121.42870509065687656402587890625">
        <ele>6</ele>
        <time>2026-05-14T12:53:14.000Z</time>
        <extensions>
          <ns3:TrackPointExtension>
            <ns3:hr>146</ns3:hr>
            <ns3:cad>86</ns3:cad>
          </ns3:TrackPointExtension>
        </extensions>
      </trkpt>
      <trkpt lat="31.02190434001386165618896484375" lon="121.42872319556772708892822265625">
        <ele>6</ele>
        <time>2026-05-14T12:53:15.000Z</time>
        <extensions>
          <ns3:TrackPointExtension>
            <ns3:hr>146</ns3:hr>
            <ns3:cad>86</ns3:cad>
          </ns3:TrackPointExtension>
        </extensions>
      </trkpt>
      <trkpt lat="31.0218824632465839385986328125" lon="121.42874666489660739898681640625">
        <ele>5.80000019073486328125</ele>
        <time>2026-05-14T12:53:16.000Z</time>
        <extensions>
          <ns3:TrackPointExtension>
            <ns3:hr>146</ns3:hr>
            <ns3:cad>86</ns3:cad>
          </ns3:TrackPointExtension>
        </extensions>
      </trkpt>
      <trkpt lat="31.02185572497546672821044921875" lon="121.4287665300071239471435546875">
        <ele>5.80000019073486328125</ele>
        <time>2026-05-14T12:53:17.000Z</time>
        <extensions>
          <ns3:TrackPointExtension>
            <ns3:hr>146</ns3:hr>
            <ns3:cad>86</ns3:cad>
          </ns3:TrackPointExtension>
        </extensions>
      </trkpt>
      <trkpt lat="31.021831333637237548828125" lon="121.428790502250194549560546875">
        <ele>5.80000019073486328125</ele>
        <time>2026-05-14T12:53:18.000Z</time>
        <extensions>
          <ns3:TrackPointExtension>
            <ns3:hr>146</ns3:hr>
            <ns3:cad>86</ns3:cad>
          </ns3:TrackPointExtension>
        </extensions>
      </trkpt>
      <trkpt lat="31.02180258370935916900634765625" lon="121.42881975509226322174072265625">
        <ele>5.80000019073486328125</ele>
        <time>2026-05-14T12:53:19.000Z</time>
        <extensions>
          <ns3:TrackPointExtension>
            <ns3:hr>146</ns3:hr>
            <ns3:cad>86</ns3:cad>
          </ns3:TrackPointExtension>
        </extensions>
      </trkpt>
      <trkpt lat="31.0217828862369060516357421875" lon="121.42884406261146068572998046875">
        <ele>5.80000019073486328125</ele>
        <time>2026-05-14T12:53:20.000Z</time>
        <extensions>
          <ns3:TrackPointExtension>
            <ns3:hr>147</ns3:hr>
            <ns3:cad>86</ns3:cad>
          </ns3:TrackPointExtension>
        </extensions>
      </trkpt>
      <trkpt lat="31.0217620991170406341552734375" lon="121.42888396047055721282958984375">
        <ele>6</ele>
        <time>2026-05-14T12:53:21.000Z</time>
        <extensions>
          <ns3:TrackPointExtension>
            <ns3:hr>147</ns3:hr>
            <ns3:cad>88</ns3:cad>
          </ns3:TrackPointExtension>
        </extensions>
      </trkpt>
      <trkpt lat="31.02175581268966197967529296875" lon="121.4289147220551967620849609375">
        <ele>6</ele>
        <time>2026-05-14T12:53:22.000Z</time>
        <extensions>
          <ns3:TrackPointExtension>
            <ns3:hr>147</ns3:hr>
            <ns3:cad>88</ns3:cad>
          </ns3:TrackPointExtension>
        </extensions>
      </trkpt>
      <trkpt lat="31.02174810133874416351318359375" lon="121.428954117000102996826171875">
        <ele>6</ele>
        <time>2026-05-14T12:53:23.000Z</time>
        <extensions>
          <ns3:TrackPointExtension>
            <ns3:hr>148</ns3:hr>
            <ns3:cad>87</ns3:cad>
          </ns3:TrackPointExtension>
        </extensions>
      </trkpt>
      <trkpt lat="31.021744497120380401611328125" lon="121.42898638732731342315673828125">
        <ele>6</ele>
        <time>2026-05-14T12:53:24.000Z</time>
        <extensions>
          <ns3:TrackPointExtension>
            <ns3:hr>148</ns3:hr>
            <ns3:cad>87</ns3:cad>
          </ns3:TrackPointExtension>
        </extensions>
      </trkpt>
      <trkpt lat="31.0217429883778095245361328125" lon="121.4290233515202999114990234375">
        <ele>6</ele>
        <time>2026-05-14T12:53:25.000Z</time>
        <extensions>
          <ns3:TrackPointExtension>
            <ns3:hr>148</ns3:hr>
            <ns3:cad>88</ns3:cad>
          </ns3:TrackPointExtension>
        </extensions>
      </trkpt>
      <trkpt lat="31.021739132702350616455078125" lon="121.4290615729987621307373046875">
        <ele>6.19999980926513671875</ele>
        <time>2026-05-14T12:53:26.000Z</time>
        <extensions>
          <ns3:TrackPointExtension>
            <ns3:hr>148</ns3:hr>
            <ns3:cad>88</ns3:cad>
          </ns3:TrackPointExtension>
        </extensions>
      </trkpt>
      <trkpt lat="31.0217387974262237548828125" lon="121.42909602262079715728759765625">
        <ele>6.19999980926513671875</ele>
        <time>2026-05-14T12:53:27.000Z</time>
        <extensions>
          <ns3:TrackPointExtension>
            <ns3:hr>149</ns3:hr>
            <ns3:cad>87</ns3:cad>
          </ns3:TrackPointExtension>
        </extensions>
      </trkpt>
      <trkpt lat="31.021738462150096893310546875" lon="121.42913508228957653045654296875">
        <ele>6.19999980926513671875</ele>
        <time>2026-05-14T12:53:28.000Z</time>
        <extensions>
          <ns3:TrackPointExtension>
            <ns3:hr>149</ns3:hr>
            <ns3:cad>87</ns3:cad>
          </ns3:TrackPointExtension>
        </extensions>
      </trkpt>
      <trkpt lat="31.02174625732004642486572265625" lon="121.42916408367455005645751953125">
        <ele>6.19999980926513671875</ele>
        <time>2026-05-14T12:53:29.000Z</time>
        <extensions>
          <ns3:TrackPointExtension>
            <ns3:hr>150</ns3:hr>
            <ns3:cad>87</ns3:cad>
          </ns3:TrackPointExtension>
        </extensions>
      </trkpt>
      <trkpt lat="31.02174843661487102508544921875" lon="121.4292040653526782989501953125">
        <ele>6.19999980926513671875</ele>
        <time>2026-05-14T12:53:30.000Z</time>
        <extensions>
          <ns3:TrackPointExtension>
            <ns3:hr>150</ns3:hr>
            <ns3:cad>86</ns3:cad>
          </ns3:TrackPointExtension>
        </extensions>
      </trkpt>
      <trkpt lat="31.021757908165454864501953125" lon="121.42922828905284404754638671875">
        <ele>6.19999980926513671875</ele>
        <time>2026-05-14T12:53:31.000Z</time>
        <extensions>
          <ns3:TrackPointExtension>
            <ns3:hr>151</ns3:hr>
            <ns3:cad>86</ns3:cad>
          </ns3:TrackPointExtension>
        </extensions>
      </trkpt>
      <trkpt lat="31.0217734985053539276123046875" lon="121.4292647503316402435302734375">
        <ele>6.19999980926513671875</ele>
        <time>2026-05-14T12:53:32.000Z</time>
        <extensions>
          <ns3:TrackPointExtension>
            <ns3:hr>151</ns3:hr>
            <ns3:cad>87</ns3:cad>
          </ns3:TrackPointExtension>
        </extensions>
      </trkpt>
      <trkpt lat="31.02178934030234813690185546875" lon="121.4292950928211212158203125">
        <ele>6.19999980926513671875</ele>
        <time>2026-05-14T12:53:33.000Z</time>
        <extensions>
          <ns3:TrackPointExtension>
            <ns3:hr>151</ns3:hr>
            <ns3:cad>87</ns3:cad>
          </ns3:TrackPointExtension>
        </extensions>
      </trkpt>
      <trkpt lat="31.02181029506027698516845703125" lon="121.42932082526385784149169921875">
        <ele>6.19999980926513671875</ele>
        <time>2026-05-14T12:53:34.000Z</time>
        <extensions>
          <ns3:TrackPointExtension>
            <ns3:hr>151</ns3:hr>
            <ns3:cad>87</ns3:cad>
          </ns3:TrackPointExtension>
        </extensions>
      </trkpt>
      <trkpt lat="31.0218308307230472564697265625" lon="121.42934940755367279052734375">
        <ele>6.19999980926513671875</ele>
        <time>2026-05-14T12:53:35.000Z</time>
        <extensions>
          <ns3:TrackPointExtension>
            <ns3:hr>151</ns3:hr>
            <ns3:cad>86</ns3:cad>
          </ns3:TrackPointExtension>
        </extensions>
      </trkpt>
      <trkpt lat="31.021852791309356689453125" lon="121.4293703623116016387939453125">
        <ele>6.400000095367431640625</ele>
        <time>2026-05-14T12:53:36.000Z</time>
        <extensions>
          <ns3:TrackPointExtension>
            <ns3:hr>151</ns3:hr>
            <ns3:cad>86</ns3:cad>
          </ns3:TrackPointExtension>
        </extensions>
      </trkpt>
      <trkpt lat="31.0218770988285541534423828125" lon="121.42939844168722629547119140625">
        <ele>6.400000095367431640625</ele>
        <time>2026-05-14T12:53:37.000Z</time>
        <extensions>
          <ns3:TrackPointExtension>
            <ns3:hr>152</ns3:hr>
            <ns3:cad>86</ns3:cad>
          </ns3:TrackPointExtension>
        </extensions>
      </trkpt>
      <trkpt lat="31.02190182544291019439697265625" lon="121.4294169656932353973388671875">
        <ele>6.19999980926513671875</ele>
        <time>2026-05-14T12:53:38.000Z</time>
        <extensions>
          <ns3:TrackPointExtension>
            <ns3:hr>152</ns3:hr>
            <ns3:cad>86</ns3:cad>
          </ns3:TrackPointExtension>
        </extensions>
      </trkpt>
      <trkpt lat="31.0219330899417400360107421875" lon="121.4294404350221157073974609375">
        <ele>6.19999980926513671875</ele>
        <time>2026-05-14T12:53:39.000Z</time>
        <extensions>
          <ns3:TrackPointExtension>
            <ns3:hr>152</ns3:hr>
            <ns3:cad>86</ns3:cad>
          </ns3:TrackPointExtension>
        </extensions>
      </trkpt>
      <trkpt lat="31.021961756050586700439453125" lon="121.4294538460671901702880859375">
        <ele>6.19999980926513671875</ele>
        <time>2026-05-14T12:53:40.000Z</time>
        <extensions>
          <ns3:TrackPointExtension>
            <ns3:hr>152</ns3:hr>
            <ns3:cad>87</ns3:cad>
          </ns3:TrackPointExtension>
        </extensions>
      </trkpt>
      <trkpt lat="31.02199067361652851104736328125" lon="121.4294652454555034637451171875">
        <ele>6.19999980926513671875</ele>
        <time>2026-05-14T12:53:41.000Z</time>
        <extensions>
          <ns3:TrackPointExtension>
            <ns3:hr>153</ns3:hr>
            <ns3:cad>87</ns3:cad>
          </ns3:TrackPointExtension>
        </extensions>
      </trkpt>
      <trkpt lat="31.022018082439899444580078125" lon="121.429477147758007049560546875">
        <ele>6.19999980926513671875</ele>
        <time>2026-05-14T12:53:42.000Z</time>
        <extensions>
          <ns3:TrackPointExtension>
            <ns3:hr>153</ns3:hr>
            <ns3:cad>86</ns3:cad>
          </ns3:TrackPointExtension>
        </extensions>
      </trkpt>
      <trkpt lat="31.0220474191009998321533203125" lon="121.42947815358638763427734375">
        <ele>6.19999980926513671875</ele>
        <time>2026-05-14T12:53:43.000Z</time>
        <extensions>
          <ns3:TrackPointExtension>
            <ns3:hr>153</ns3:hr>
            <ns3:cad>86</ns3:cad>
          </ns3:TrackPointExtension>
        </extensions>
      </trkpt>
      <trkpt lat="31.02207885123789310455322265625" lon="121.4294863678514957427978515625">
        <ele>6.19999980926513671875</ele>
        <time>2026-05-14T12:53:44.000Z</time>
        <extensions>
          <ns3:TrackPointExtension>
            <ns3:hr>154</ns3:hr>
            <ns3:cad>86</ns3:cad>
          </ns3:TrackPointExtension>
        </extensions>
      </trkpt>
      <trkpt lat="31.02210399694740772247314453125" lon="121.429486535489559173583984375">
        <ele>6.19999980926513671875</ele>
        <time>2026-05-14T12:53:45.000Z</time>
        <extensions>
          <ns3:TrackPointExtension>
            <ns3:hr>154</ns3:hr>
            <ns3:cad>86</ns3:cad>
          </ns3:TrackPointExtension>
        </extensions>
      </trkpt>
      <trkpt lat="31.02213886566460132598876953125" lon="121.42948863096535205841064453125">
        <ele>6</ele>
        <time>2026-05-14T12:53:46.000Z</time>
        <extensions>
          <ns3:TrackPointExtension>
            <ns3:hr>154</ns3:hr>
            <ns3:cad>86</ns3:cad>
          </ns3:TrackPointExtension>
        </extensions>
      </trkpt>
      <trkpt lat="31.02216535247862339019775390625" lon="121.42948150634765625">
        <ele>6</ele>
        <time>2026-05-14T12:53:47.000Z</time>
        <extensions>
          <ns3:TrackPointExtension>
            <ns3:hr>154</ns3:hr>
            <ns3:cad>86</ns3:cad>
          </ns3:TrackPointExtension>
        </extensions>
      </trkpt>
      <trkpt lat="31.02219904772937297821044921875" lon="121.4294709451496601104736328125">
        <ele>6.19999980926513671875</ele>
        <time>2026-05-14T12:53:48.000Z</time>
        <extensions>
          <ns3:TrackPointExtension>
            <ns3:hr>154</ns3:hr>
            <ns3:cad>87</ns3:cad>
          </ns3:TrackPointExtension>
        </extensions>
      </trkpt>
      <trkpt lat="31.0222254507243633270263671875" lon="121.42946340143680572509765625">
        <ele>6.19999980926513671875</ele>
        <time>2026-05-14T12:53:49.000Z</time>
        <extensions>
          <ns3:TrackPointExtension>
            <ns3:hr>155</ns3:hr>
            <ns3:cad>87</ns3:cad>
          </ns3:TrackPointExtension>
        </extensions>
      </trkpt>
      <trkpt lat="31.02225579321384429931640625" lon="121.42945191822946071624755859375">
        <ele>6.19999980926513671875</ele>
        <time>2026-05-14T12:53:50.000Z</time>
        <extensions>
          <ns3:TrackPointExtension>
            <ns3:hr>155</ns3:hr>
            <ns3:cad>87</ns3:cad>
          </ns3:TrackPointExtension>
        </extensions>
      </trkpt>
      <trkpt lat="31.0222858004271984100341796875" lon="121.429446302354335784912109375">
        <ele>6</ele>
        <time>2026-05-14T12:53:51.000Z</time>
        <extensions>
          <ns3:TrackPointExtension>
            <ns3:hr>155</ns3:hr>
            <ns3:cad>87</ns3:cad>
          </ns3:TrackPointExtension>
        </extensions>
      </trkpt>
      <trkpt lat="31.0223116166889667510986328125" lon="121.42943616025149822235107421875">
        <ele>6.19999980926513671875</ele>
        <time>2026-05-14T12:53:52.000Z</time>
        <extensions>
          <ns3:TrackPointExtension>
            <ns3:hr>156</ns3:hr>
            <ns3:cad>87</ns3:cad>
          </ns3:TrackPointExtension>
        </extensions>
      </trkpt>
      <trkpt lat="31.02234371937811374664306640625" lon="121.429436244070529937744140625">
        <ele>6</ele>
        <time>2026-05-14T12:53:53.000Z</time>
        <extensions>
          <ns3:TrackPointExtension>
            <ns3:hr>156</ns3:hr>
            <ns3:cad>86</ns3:cad>
          </ns3:TrackPointExtension>
        </extensions>
      </trkpt>
      <trkpt lat="31.02236978709697723388671875" lon="121.429430209100246429443359375">
        <ele>6</ele>
        <time>2026-05-14T12:53:54.000Z</time>
        <extensions>
          <ns3:TrackPointExtension>
            <ns3:hr>157</ns3:hr>
            <ns3:cad>86</ns3:cad>
          </ns3:TrackPointExtension>
        </extensions>
      </trkpt>
      <trkpt lat="31.02240222506225109100341796875" lon="121.4294219948351383209228515625">
        <ele>6</ele>
        <time>2026-05-14T12:53:55.000Z</time>
        <extensions>
          <ns3:TrackPointExtension>
            <ns3:hr>157</ns3:hr>
            <ns3:cad>87</ns3:cad>
          </ns3:TrackPointExtension>
        </extensions>
      </trkpt>
      <trkpt lat="31.02242854423820972442626953125" lon="121.4294109307229518890380859375">
        <ele>6.19999980926513671875</ele>
        <time>2026-05-14T12:53:56.000Z</time>
        <extensions>
          <ns3:TrackPointExtension>
            <ns3:hr>157</ns3:hr>
            <ns3:cad>87</ns3:cad>
          </ns3:TrackPointExtension>
        </extensions>
      </trkpt>
      <trkpt lat="31.02245721034705638885498046875" lon="121.42940179444849491119384765625">
        <ele>6.19999980926513671875</ele>
        <time>2026-05-14T12:53:57.000Z</time>
        <extensions>
          <ns3:TrackPointExtension>
            <ns3:hr>158</ns3:hr>
            <ns3:cad>85</ns3:cad>
          </ns3:TrackPointExtension>
        </extensions>
      </trkpt>
      <trkpt lat="31.02248704992234706878662109375" lon="121.42939290963113307952880859375">
        <ele>6.19999980926513671875</ele>
        <time>2026-05-14T12:53:58.000Z</time>
        <extensions>
          <ns3:TrackPointExtension>
            <ns3:hr>158</ns3:hr>
            <ns3:cad>85</ns3:cad>
          </ns3:TrackPointExtension>
        </extensions>
      </trkpt>
      <trkpt lat="31.02251571603119373321533203125" lon="121.42938025295734405517578125">
        <ele>6.19999980926513671875</ele>
        <time>2026-05-14T12:53:59.000Z</time>
        <extensions>
          <ns3:TrackPointExtension>
            <ns3:hr>158</ns3:hr>
            <ns3:cad>85</ns3:cad>
          </ns3:TrackPointExtension>
        </extensions>
      </trkpt>
      <trkpt lat="31.02254823781549930572509765625" lon="121.42937731929123401641845703125">
        <ele>6.19999980926513671875</ele>
        <time>2026-05-14T12:54:00.000Z</time>
        <extensions>
          <ns3:TrackPointExtension>
            <ns3:hr>158</ns3:hr>
            <ns3:cad>86</ns3:cad>
          </ns3:TrackPointExtension>
        </extensions>
      </trkpt>
      <trkpt lat="31.022575311362743377685546875" lon="121.42936910502612590789794921875">
        <ele>6.19999980926513671875</ele>
        <time>2026-05-14T12:54:01.000Z</time>
        <extensions>
          <ns3:TrackPointExtension>
            <ns3:hr>158</ns3:hr>
            <ns3:cad>86</ns3:cad>
          </ns3:TrackPointExtension>
        </extensions>
      </trkpt>
      <trkpt lat="31.02260657586157321929931640625" lon="121.4293629862368106842041015625">
        <ele>6.19999980926513671875</ele>
        <time>2026-05-14T12:54:02.000Z</time>
        <extensions>
          <ns3:TrackPointExtension>
            <ns3:hr>158</ns3:hr>
            <ns3:cad>86</ns3:cad>
          </ns3:TrackPointExtension>
        </extensions>
      </trkpt>
      <trkpt lat="31.0226301290094852447509765625" lon="121.429355107247829437255859375">
        <ele>6.19999980926513671875</ele>
        <time>2026-05-14T12:54:03.000Z</time>
        <extensions>
          <ns3:TrackPointExtension>
            <ns3:hr>158</ns3:hr>
            <ns3:cad>86</ns3:cad>
          </ns3:TrackPointExtension>
        </extensions>
      </trkpt>
      <trkpt lat="31.02266323752701282501220703125" lon="121.42934530042111873626708984375">
        <ele>6.19999980926513671875</ele>
        <time>2026-05-14T12:54:04.000Z</time>
        <extensions>
          <ns3:TrackPointExtension>
            <ns3:hr>158</ns3:hr>
            <ns3:cad>86</ns3:cad>
          </ns3:TrackPointExtension>
        </extensions>
      </trkpt>
      <trkpt lat="31.0226882994174957275390625" lon="121.42933909781277179718017578125">
        <ele>6.19999980926513671875</ele>
        <time>2026-05-14T12:54:05.000Z</time>
        <extensions>
          <ns3:TrackPointExtension>
            <ns3:hr>158</ns3:hr>
            <ns3:cad>86</ns3:cad>
          </ns3:TrackPointExtension>
        </extensions>
      </trkpt>
      <trkpt lat="31.02271939627826213836669921875" lon="121.42932434566318988800048828125">
        <ele>6.19999980926513671875</ele>
        <time>2026-05-14T12:54:06.000Z</time>
        <extensions>
          <ns3:TrackPointExtension>
            <ns3:hr>158</ns3:hr>
            <ns3:cad>86</ns3:cad>
          </ns3:TrackPointExtension>
        </extensions>
      </trkpt>
      <trkpt lat="31.02274797856807708740234375" lon="121.42931520938873291015625">
        <ele>6</ele>
        <time>2026-05-14T12:54:07.000Z</time>
        <extensions>
          <ns3:TrackPointExtension>
            <ns3:hr>158</ns3:hr>
            <ns3:cad>87</ns3:cad>
          </ns3:TrackPointExtension>
        </extensions>
      </trkpt>
      <trkpt lat="31.022777147591114044189453125" lon="121.42930238507688045501708984375">
        <ele>6</ele>
        <time>2026-05-14T12:54:08.000Z</time>
        <extensions>
          <ns3:TrackPointExtension>
            <ns3:hr>158</ns3:hr>
            <ns3:cad>87</ns3:cad>
          </ns3:TrackPointExtension>
        </extensions>
      </trkpt>
      <trkpt lat="31.02280891500413417816162109375" lon="121.42930020578205585479736328125">
        <ele>6</ele>
        <time>2026-05-14T12:54:09.000Z</time>
        <extensions>
          <ns3:TrackPointExtension>
            <ns3:hr>159</ns3:hr>
            <ns3:cad>87</ns3:cad>
          </ns3:TrackPointExtension>
        </extensions>
      </trkpt>
      <trkpt lat="31.02283590473234653472900390625" lon="121.4292939193546772003173828125">
        <ele>5.80000019073486328125</ele>
        <time>2026-05-14T12:54:10.000Z</time>
        <extensions>
          <ns3:TrackPointExtension>
            <ns3:hr>159</ns3:hr>
            <ns3:cad>87</ns3:cad>
          </ns3:TrackPointExtension>
        </extensions>
      </trkpt>
      <trkpt lat="31.022873036563396453857421875" lon="121.42929551191627979278564453125">
        <ele>5.80000019073486328125</ele>
        <time>2026-05-14T12:54:11.000Z</time>
        <extensions>
          <ns3:TrackPointExtension>
            <ns3:hr>159</ns3:hr>
            <ns3:cad>87</ns3:cad>
          </ns3:TrackPointExtension>
        </extensions>
      </trkpt>
      <trkpt lat="31.02289994247257709503173828125" lon="121.42928981222212314605712890625">
        <ele>5.80000019073486328125</ele>
        <time>2026-05-14T12:54:12.000Z</time>
        <extensions>
          <ns3:TrackPointExtension>
            <ns3:hr>159</ns3:hr>
            <ns3:cad>87</ns3:cad>
          </ns3:TrackPointExtension>
        </extensions>
      </trkpt>
      <trkpt lat="31.0229365713894367218017578125" lon="121.4292835257947444915771484375">
        <ele>5.80000019073486328125</ele>
        <time>2026-05-14T12:54:13.000Z</time>
        <extensions>
          <ns3:TrackPointExtension>
            <ns3:hr>159</ns3:hr>
            <ns3:cad>87</ns3:cad>
          </ns3:TrackPointExtension>
        </extensions>
      </trkpt>
      <trkpt lat="31.0229566879570484161376953125" lon="121.42926852218806743621826171875">
        <ele>6</ele>
        <time>2026-05-14T12:54:14.000Z</time>
        <extensions>
          <ns3:TrackPointExtension>
            <ns3:hr>159</ns3:hr>
            <ns3:cad>87</ns3:cad>
          </ns3:TrackPointExtension>
        </extensions>
      </trkpt>
      <trkpt lat="31.02298677898943424224853515625" lon="121.42925125546753406524658203125">
        <ele>6</ele>
        <time>2026-05-14T12:54:15.000Z</time>
        <extensions>
          <ns3:TrackPointExtension>
            <ns3:hr>159</ns3:hr>
            <ns3:cad>87</ns3:cad>
          </ns3:TrackPointExtension>
        </extensions>
      </trkpt>
      <trkpt lat="31.0230093263089656829833984375" lon="121.4292365871369838714599609375">
        <ele>6</ele>
        <time>2026-05-14T12:54:16.000Z</time>
        <extensions>
          <ns3:TrackPointExtension>
            <ns3:hr>159</ns3:hr>
            <ns3:cad>87</ns3:cad>
          </ns3:TrackPointExtension>
        </extensions>
      </trkpt>
      <trkpt lat="31.02303237654268741607666015625" lon="121.4292147941887378692626953125">
        <ele>6</ele>
        <time>2026-05-14T12:54:17.000Z</time>
        <extensions>
          <ns3:TrackPointExtension>
            <ns3:hr>160</ns3:hr>
            <ns3:cad>86</ns3:cad>
          </ns3:TrackPointExtension>
        </extensions>
      </trkpt>
      <trkpt lat="31.0230542533099651336669921875" lon="121.42919492907822132110595703125">
        <ele>6</ele>
        <time>2026-05-14T12:54:18.000Z</time>
        <extensions>
          <ns3:TrackPointExtension>
            <ns3:hr>159</ns3:hr>
            <ns3:cad>86</ns3:cad>
          </ns3:TrackPointExtension>
        </extensions>
      </trkpt>
      <trkpt lat="31.02307126857340335845947265625" lon="121.42917179502546787261962890625">
        <ele>6</ele>
        <time>2026-05-14T12:54:19.000Z</time>
        <extensions>
          <ns3:TrackPointExtension>
            <ns3:hr>159</ns3:hr>
            <ns3:cad>87</ns3:cad>
          </ns3:TrackPointExtension>
        </extensions>
      </trkpt>
      <trkpt lat="31.02309557609260082244873046875" lon="121.42914815805852413177490234375">
        <ele>6</ele>
        <time>2026-05-14T12:54:20.000Z</time>
        <extensions>
          <ns3:TrackPointExtension>
            <ns3:hr>160</ns3:hr>
            <ns3:cad>87</ns3:cad>
          </ns3:TrackPointExtension>
        </extensions>
      </trkpt>
      <trkpt lat="31.02311016060411930084228515625" lon="121.42912351526319980621337890625">
        <ele>6</ele>
        <time>2026-05-14T12:54:21.000Z</time>
        <extensions>
          <ns3:TrackPointExtension>
            <ns3:hr>159</ns3:hr>
            <ns3:cad>87</ns3:cad>
          </ns3:TrackPointExtension>
        </extensions>
      </trkpt>
      <trkpt lat="31.023131199181079864501953125" lon="121.429092921316623687744140625">
        <ele>6.19999980926513671875</ele>
        <time>2026-05-14T12:54:22.000Z</time>
        <extensions>
          <ns3:TrackPointExtension>
            <ns3:hr>159</ns3:hr>
            <ns3:cad>87</ns3:cad>
          </ns3:TrackPointExtension>
        </extensions>
      </trkpt>
      <trkpt lat="31.0231427662074565887451171875" lon="121.42906484194099903106689453125">
        <ele>6.19999980926513671875</ele>
        <time>2026-05-14T12:54:23.000Z</time>
        <extensions>
          <ns3:TrackPointExtension>
            <ns3:hr>159</ns3:hr>
            <ns3:cad>87</ns3:cad>
          </ns3:TrackPointExtension>
        </extensions>
      </trkpt>
      <trkpt lat="31.02315156720578670501708984375" lon="121.4290260337293148040771484375">
        <ele>6.19999980926513671875</ele>
        <time>2026-05-14T12:54:24.000Z</time>
        <extensions>
          <ns3:TrackPointExtension>
            <ns3:hr>159</ns3:hr>
            <ns3:cad>87</ns3:cad>
          </ns3:TrackPointExtension>
        </extensions>
      </trkpt>
      <trkpt lat="31.023158691823482513427734375" lon="121.4289920032024383544921875">
        <ele>6.19999980926513671875</ele>
        <time>2026-05-14T12:54:25.000Z</time>
        <extensions>
          <ns3:TrackPointExtension>
            <ns3:hr>159</ns3:hr>
            <ns3:cad>87</ns3:cad>
          </ns3:TrackPointExtension>
        </extensions>
      </trkpt>
      <trkpt lat="31.02316112257540225982666015625" lon="121.4289586432278156280517578125">
        <ele>6.19999980926513671875</ele>
        <time>2026-05-14T12:54:26.000Z</time>
        <extensions>
          <ns3:TrackPointExtension>
            <ns3:hr>159</ns3:hr>
            <ns3:cad>87</ns3:cad>
          </ns3:TrackPointExtension>
        </extensions>
      </trkpt>
      <trkpt lat="31.0231692530214786529541015625" lon="121.42892385832965373992919921875">
        <ele>6.19999980926513671875</ele>
        <time>2026-05-14T12:54:27.000Z</time>
        <extensions>
          <ns3:TrackPointExtension>
            <ns3:hr>158</ns3:hr>
            <ns3:cad>87</ns3:cad>
          </ns3:TrackPointExtension>
        </extensions>
      </trkpt>
      <trkpt lat="31.023167409002780914306640625" lon="121.42889720387756824493408203125">
        <ele>6</ele>
        <time>2026-05-14T12:54:28.000Z</time>
        <extensions>
          <ns3:TrackPointExtension>
            <ns3:hr>158</ns3:hr>
            <ns3:cad>85</ns3:cad>
          </ns3:TrackPointExtension>
        </extensions>
      </trkpt>
      <trkpt lat="31.023166067898273468017578125" lon="121.4288590662181377410888671875">
        <ele>6</ele>
        <time>2026-05-14T12:54:29.000Z</time>
        <extensions>
          <ns3:TrackPointExtension>
            <ns3:hr>157</ns3:hr>
            <ns3:cad>85</ns3:cad>
          </ns3:TrackPointExtension>
        </extensions>
      </trkpt>
      <trkpt lat="31.02316145785152912139892578125" lon="121.42883249558508396148681640625">
        <ele>5.80000019073486328125</ele>
        <time>2026-05-14T12:54:30.000Z</time>
        <extensions>
          <ns3:TrackPointExtension>
            <ns3:hr>158</ns3:hr>
            <ns3:cad>85</ns3:cad>
          </ns3:TrackPointExtension>
        </extensions>
      </trkpt>
      <trkpt lat="31.02315441705286502838134765625" lon="121.42879729159176349639892578125">
        <ele>5.80000019073486328125</ele>
        <time>2026-05-14T12:54:31.000Z</time>
        <extensions>
          <ns3:TrackPointExtension>
            <ns3:hr>158</ns3:hr>
            <ns3:cad>86</ns3:cad>
          </ns3:TrackPointExtension>
        </extensions>
      </trkpt>
      <trkpt lat="31.023141928017139434814453125" lon="121.42876493744552135467529296875">
        <ele>5.80000019073486328125</ele>
        <time>2026-05-14T12:54:32.000Z</time>
        <extensions>
          <ns3:TrackPointExtension>
            <ns3:hr>157</ns3:hr>
            <ns3:cad>86</ns3:cad>
          </ns3:TrackPointExtension>
        </extensions>
      </trkpt>
      <trkpt lat="31.02312558330595493316650390625" lon="121.42873392440378665924072265625">
        <ele>5.80000019073486328125</ele>
        <time>2026-05-14T12:54:33.000Z</time>
        <extensions>
          <ns3:TrackPointExtension>
            <ns3:hr>157</ns3:hr>
            <ns3:cad>86</ns3:cad>
          </ns3:TrackPointExtension>
        </extensions>
      </trkpt>
      <trkpt lat="31.0231149382889270782470703125" lon="121.42869888804852962493896484375">
        <ele>5.80000019073486328125</ele>
        <time>2026-05-14T12:54:34.000Z</time>
        <extensions>
          <ns3:TrackPointExtension>
            <ns3:hr>157</ns3:hr>
            <ns3:cad>86</ns3:cad>
          </ns3:TrackPointExtension>
        </extensions>
      </trkpt>
      <trkpt lat="31.023099683225154876708984375" lon="121.42867340706288814544677734375">
        <ele>6</ele>
        <time>2026-05-14T12:54:35.000Z</time>
        <extensions>
          <ns3:TrackPointExtension>
            <ns3:hr>157</ns3:hr>
            <ns3:cad>86</ns3:cad>
          </ns3:TrackPointExtension>
        </extensions>
      </trkpt>
      <trkpt lat="31.02308459579944610595703125" lon="121.4286428131163120269775390625">
        <ele>6</ele>
        <time>2026-05-14T12:54:36.000Z</time>
        <extensions>
          <ns3:TrackPointExtension>
            <ns3:hr>156</ns3:hr>
            <ns3:cad>86</ns3:cad>
          </ns3:TrackPointExtension>
        </extensions>
      </trkpt>
      <trkpt lat="31.02306984364986419677734375" lon="121.4286263845860958099365234375">
        <ele>5.80000019073486328125</ele>
        <time>2026-05-14T12:54:37.000Z</time>
        <extensions>
          <ns3:TrackPointExtension>
            <ns3:hr>156</ns3:hr>
            <ns3:cad>86</ns3:cad>
          </ns3:TrackPointExtension>
        </extensions>
      </trkpt>
      <trkpt lat="31.0230462066829204559326171875" lon="121.42860048450529575347900390625">
        <ele>5.80000019073486328125</ele>
        <time>2026-05-14T12:54:38.000Z</time>
        <extensions>
          <ns3:TrackPointExtension>
            <ns3:hr>156</ns3:hr>
            <ns3:cad>86</ns3:cad>
          </ns3:TrackPointExtension>
        </extensions>
      </trkpt>
      <trkpt lat="31.023027934134006500244140625" lon="121.42858103848993778228759765625">
        <ele>5.80000019073486328125</ele>
        <time>2026-05-14T12:54:39.000Z</time>
        <extensions>
          <ns3:TrackPointExtension>
            <ns3:hr>156</ns3:hr>
            <ns3:cad>86</ns3:cad>
          </ns3:TrackPointExtension>
        </extensions>
      </trkpt>
      <trkpt lat="31.023003123700618743896484375" lon="121.428563185036182403564453125">
        <ele>5.80000019073486328125</ele>
        <time>2026-05-14T12:54:40.000Z</time>
        <extensions>
          <ns3:TrackPointExtension>
            <ns3:hr>157</ns3:hr>
            <ns3:cad>86</ns3:cad>
          </ns3:TrackPointExtension>
        </extensions>
      </trkpt>
      <trkpt lat="31.0229801572859287261962890625" lon="121.4285402186214923858642578125">
        <ele>5.80000019073486328125</ele>
        <time>2026-05-14T12:54:41.000Z</time>
        <extensions>
          <ns3:TrackPointExtension>
            <ns3:hr>156</ns3:hr>
            <ns3:cad>86</ns3:cad>
          </ns3:TrackPointExtension>
        </extensions>
      </trkpt>
      <trkpt lat="31.02295610122382640838623046875" lon="121.4285281486809253692626953125">
        <ele>5.80000019073486328125</ele>
        <time>2026-05-14T12:54:42.000Z</time>
        <extensions>
          <ns3:TrackPointExtension>
            <ns3:hr>157</ns3:hr>
            <ns3:cad>86</ns3:cad>
          </ns3:TrackPointExtension>
        </extensions>
      </trkpt>
      <trkpt lat="31.02292927913367748260498046875" lon="121.42850627191364765167236328125">
        <ele>5.80000019073486328125</ele>
        <time>2026-05-14T12:54:43.000Z</time>
        <extensions>
          <ns3:TrackPointExtension>
            <ns3:hr>157</ns3:hr>
            <ns3:cad>86</ns3:cad>
          </ns3:TrackPointExtension>
        </extensions>
      </trkpt>
      <trkpt lat="31.02290228940546512603759765625" lon="121.42849721945822238922119140625">
        <ele>5.80000019073486328125</ele>
        <time>2026-05-14T12:54:44.000Z</time>
        <extensions>
          <ns3:TrackPointExtension>
            <ns3:hr>157</ns3:hr>
            <ns3:cad>86</ns3:cad>
          </ns3:TrackPointExtension>
        </extensions>
      </trkpt>
      <trkpt lat="31.022868342697620391845703125" lon="121.428484730422496795654296875">
        <ele>5.599999904632568359375</ele>
        <time>2026-05-14T12:54:45.000Z</time>
        <extensions>
          <ns3:TrackPointExtension>
            <ns3:hr>157</ns3:hr>
            <ns3:cad>86</ns3:cad>
          </ns3:TrackPointExtension>
        </extensions>
      </trkpt>
      <trkpt lat="31.02284277789294719696044921875" lon="121.4284828864037990570068359375">
        <ele>5.599999904632568359375</ele>
        <time>2026-05-14T12:54:46.000Z</time>
        <extensions>
          <ns3:TrackPointExtension>
            <ns3:hr>157</ns3:hr>
            <ns3:cad>86</ns3:cad>
          </ns3:TrackPointExtension>
        </extensions>
      </trkpt>
      <trkpt lat="31.02281033992767333984375" lon="121.4284808747470378875732421875">
        <ele>5.599999904632568359375</ele>
        <time>2026-05-14T12:54:47.000Z</time>
        <extensions>
          <ns3:TrackPointExtension>
            <ns3:hr>157</ns3:hr>
            <ns3:cad>86</ns3:cad>
          </ns3:TrackPointExtension>
        </extensions>
      </trkpt>
      <trkpt lat="31.0227833501994609832763671875" lon="121.4284808747470378875732421875">
        <ele>5.599999904632568359375</ele>
        <time>2026-05-14T12:54:48.000Z</time>
        <extensions>
          <ns3:TrackPointExtension>
            <ns3:hr>157</ns3:hr>
            <ns3:cad>86</ns3:cad>
          </ns3:TrackPointExtension>
        </extensions>
      </trkpt>
      <trkpt lat="31.0227553546428680419921875" lon="121.42849118448793888092041015625">
        <ele>5.599999904632568359375</ele>
        <time>2026-05-14T12:54:49.000Z</time>
        <extensions>
          <ns3:TrackPointExtension>
            <ns3:hr>157</ns3:hr>
            <ns3:cad>86</ns3:cad>
          </ns3:TrackPointExtension>
        </extensions>
      </trkpt>
      <trkpt lat="31.02272517979145050048828125" lon="121.42849252559244632720947265625">
        <ele>5.400000095367431640625</ele>
        <time>2026-05-14T12:54:50.000Z</time>
        <extensions>
          <ns3:TrackPointExtension>
            <ns3:hr>158</ns3:hr>
            <ns3:cad>87</ns3:cad>
          </ns3:TrackPointExtension>
        </extensions>
      </trkpt>
      <trkpt lat="31.02269777096807956695556640625" lon="121.4285009913146495819091796875">
        <ele>5.599999904632568359375</ele>
        <time>2026-05-14T12:54:51.000Z</time>
        <extensions>
          <ns3:TrackPointExtension>
            <ns3:hr>157</ns3:hr>
            <ns3:cad>87</ns3:cad>
          </ns3:TrackPointExtension>
        </extensions>
      </trkpt>
      <trkpt lat="31.0226680152118206024169921875" lon="121.428502164781093597412109375">
        <ele>5.599999904632568359375</ele>
        <time>2026-05-14T12:54:52.000Z</time>
        <extensions>
          <ns3:TrackPointExtension>
            <ns3:hr>158</ns3:hr>
            <ns3:cad>87</ns3:cad>
          </ns3:TrackPointExtension>
        </extensions>
      </trkpt>
      <trkpt lat="31.022645719349384307861328125" lon="121.428510881960391998291015625">
        <ele>5.599999904632568359375</ele>
        <time>2026-05-14T12:54:53.000Z</time>
        <extensions>
          <ns3:TrackPointExtension>
            <ns3:hr>158</ns3:hr>
            <ns3:cad>87</ns3:cad>
          </ns3:TrackPointExtension>
        </extensions>
      </trkpt>
      <trkpt lat="31.0226140357553958892822265625" lon="121.42851750366389751434326171875">
        <ele>5.599999904632568359375</ele>
        <time>2026-05-14T12:54:54.000Z</time>
        <extensions>
          <ns3:TrackPointExtension>
            <ns3:hr>158</ns3:hr>
            <ns3:cad>87</ns3:cad>
          </ns3:TrackPointExtension>
        </extensions>
      </trkpt>
      <trkpt lat="31.02258847095072269439697265625" lon="121.4285264723002910614013671875">
        <ele>5.599999904632568359375</ele>
        <time>2026-05-14T12:54:55.000Z</time>
        <extensions>
          <ns3:TrackPointExtension>
            <ns3:hr>159</ns3:hr>
            <ns3:cad>86</ns3:cad>
          </ns3:TrackPointExtension>
        </extensions>
      </trkpt>
      <trkpt lat="31.02255594916641712188720703125" lon="121.4285412244498729705810546875">
        <ele>5.599999904632568359375</ele>
        <time>2026-05-14T12:54:56.000Z</time>
        <extensions>
          <ns3:TrackPointExtension>
            <ns3:hr>158</ns3:hr>
            <ns3:cad>86</ns3:cad>
          </ns3:TrackPointExtension>
        </extensions>
      </trkpt>
      <trkpt lat="31.022528372704982757568359375" lon="121.42854742705821990966796875">
        <ele>5.599999904632568359375</ele>
        <time>2026-05-14T12:54:57.000Z</time>
        <extensions>
          <ns3:TrackPointExtension>
            <ns3:hr>158</ns3:hr>
            <ns3:cad>86</ns3:cad>
          </ns3:TrackPointExtension>
        </extensions>
      </trkpt>
      <trkpt lat="31.0225032269954681396484375" lon="121.4285563118755817413330078125">
        <ele>5.599999904632568359375</ele>
        <time>2026-05-14T12:54:58.000Z</time>
        <extensions>
          <ns3:TrackPointExtension>
            <ns3:hr>158</ns3:hr>
            <ns3:cad>86</ns3:cad>
          </ns3:TrackPointExtension>
        </extensions>
      </trkpt>
      <trkpt lat="31.02247531525790691375732421875" lon="121.42855681478977203369140625">
        <ele>5.599999904632568359375</ele>
        <time>2026-05-14T12:54:59.000Z</time>
        <extensions>
          <ns3:TrackPointExtension>
            <ns3:hr>159</ns3:hr>
            <ns3:cad>86</ns3:cad>
          </ns3:TrackPointExtension>
        </extensions>
      </trkpt>
      <trkpt lat="31.02244949899613857269287109375" lon="121.42856528051197528839111328125">
        <ele>5.599999904632568359375</ele>
        <time>2026-05-14T12:55:00.000Z</time>
        <extensions>
          <ns3:TrackPointExtension>
            <ns3:hr>159</ns3:hr>
            <ns3:cad>86</ns3:cad>
          </ns3:TrackPointExtension>
        </extensions>
      </trkpt>
      <trkpt lat="31.022419743239879608154296875" lon="121.42856813035905361175537109375">
        <ele>5.599999904632568359375</ele>
        <time>2026-05-14T12:55:01.000Z</time>
        <extensions>
          <ns3:TrackPointExtension>
            <ns3:hr>159</ns3:hr>
            <ns3:cad>86</ns3:cad>
          </ns3:TrackPointExtension>
        </extensions>
      </trkpt>
      <trkpt lat="31.02239820174872875213623046875" lon="121.4285762608051300048828125">
        <ele>5.599999904632568359375</ele>
        <time>2026-05-14T12:55:02.000Z</time>
        <extensions>
          <ns3:TrackPointExtension>
            <ns3:hr>159</ns3:hr>
            <ns3:cad>87</ns3:cad>
          </ns3:TrackPointExtension>
        </extensions>
      </trkpt>
      <trkpt lat="31.02236651815474033355712890625" lon="121.42858556471765041351318359375">
        <ele>5.599999904632568359375</ele>
        <time>2026-05-14T12:55:03.000Z</time>
        <extensions>
          <ns3:TrackPointExtension>
            <ns3:hr>159</ns3:hr>
            <ns3:cad>87</ns3:cad>
          </ns3:TrackPointExtension>
        </extensions>
      </trkpt>
      <trkpt lat="31.0223427973687648773193359375" lon="121.428593359887599945068359375">
        <ele>5.599999904632568359375</ele>
        <time>2026-05-14T12:55:04.000Z</time>
        <extensions>
          <ns3:TrackPointExtension>
            <ns3:hr>159</ns3:hr>
            <ns3:cad>87</ns3:cad>
          </ns3:TrackPointExtension>
        </extensions>
      </trkpt>
      <trkpt lat="31.0223142988979816436767578125" lon="121.42860132269561290740966796875">
        <ele>5.400000095367431640625</ele>
        <time>2026-05-14T12:55:05.000Z</time>
        <extensions>
          <ns3:TrackPointExtension>
            <ns3:hr>159</ns3:hr>
            <ns3:cad>87</ns3:cad>
          </ns3:TrackPointExtension>
        </extensions>
      </trkpt>
      <trkpt lat="31.0222868062555789947509765625" lon="121.42860400490462779998779296875">
        <ele>5.400000095367431640625</ele>
        <time>2026-05-14T12:55:06.000Z</time>
        <extensions>
          <ns3:TrackPointExtension>
            <ns3:hr>159</ns3:hr>
            <ns3:cad>87</ns3:cad>
          </ns3:TrackPointExtension>
        </extensions>
      </trkpt>
      <trkpt lat="31.022260487079620361328125" lon="121.42861523665487766265869140625">
        <ele>5.400000095367431640625</ele>
        <time>2026-05-14T12:55:07.000Z</time>
        <extensions>
          <ns3:TrackPointExtension>
            <ns3:hr>159</ns3:hr>
            <ns3:cad>87</ns3:cad>
          </ns3:TrackPointExtension>
        </extensions>
      </trkpt>
      <trkpt lat="31.02223140187561511993408203125" lon="121.42861724831163883209228515625">
        <ele>5.400000095367431640625</ele>
        <time>2026-05-14T12:55:08.000Z</time>
        <extensions>
          <ns3:TrackPointExtension>
            <ns3:hr>159</ns3:hr>
            <ns3:cad>86</ns3:cad>
          </ns3:TrackPointExtension>
        </extensions>
      </trkpt>
      <trkpt lat="31.0222093574702739715576171875" lon="121.42862730659544467926025390625">
        <ele>5.400000095367431640625</ele>
        <time>2026-05-14T12:55:09.000Z</time>
        <extensions>
          <ns3:TrackPointExtension>
            <ns3:hr>159</ns3:hr>
            <ns3:cad>86</ns3:cad>
          </ns3:TrackPointExtension>
        </extensions>
      </trkpt>
      <trkpt lat="31.0221771709620952606201171875" lon="121.42863065935671329498291015625">
        <ele>5.400000095367431640625</ele>
        <time>2026-05-14T12:55:10.000Z</time>
        <extensions>
          <ns3:TrackPointExtension>
            <ns3:hr>159</ns3:hr>
            <ns3:cad>86</ns3:cad>
          </ns3:TrackPointExtension>
        </extensions>
      </trkpt>
      <trkpt lat="31.02215588092803955078125" lon="121.42863753251731395721435546875">
        <ele>5.400000095367431640625</ele>
        <time>2026-05-14T12:55:11.000Z</time>
        <extensions>
          <ns3:TrackPointExtension>
            <ns3:hr>159</ns3:hr>
            <ns3:cad>86</ns3:cad>
          </ns3:TrackPointExtension>
        </extensions>
      </trkpt>
      <trkpt lat="31.02212612517178058624267578125" lon="121.42864532768726348876953125">
        <ele>5.400000095367431640625</ele>
        <time>2026-05-14T12:55:12.000Z</time>
        <extensions>
          <ns3:TrackPointExtension>
            <ns3:hr>158</ns3:hr>
            <ns3:cad>86</ns3:cad>
          </ns3:TrackPointExtension>
        </extensions>
      </trkpt>
      <trkpt lat="31.02210014127194881439208984375" lon="121.4286542125046253204345703125">
        <ele>5.400000095367431640625</ele>
        <time>2026-05-14T12:55:13.000Z</time>
        <extensions>
          <ns3:TrackPointExtension>
            <ns3:hr>158</ns3:hr>
            <ns3:cad>86</ns3:cad>
          </ns3:TrackPointExtension>
        </extensions>
      </trkpt>
      <trkpt lat="31.02206929586827754974365234375" lon="121.42866536043584346771240234375">
        <ele>5.400000095367431640625</ele>
        <time>2026-05-14T12:55:14.000Z</time>
        <extensions>
          <ns3:TrackPointExtension>
            <ns3:hr>159</ns3:hr>
            <ns3:cad>86</ns3:cad>
          </ns3:TrackPointExtension>
        </extensions>
      </trkpt>
      <trkpt lat="31.02204079739749431610107421875" lon="121.42866737209260463714599609375">
        <ele>5.400000095367431640625</ele>
        <time>2026-05-14T12:55:15.000Z</time>
        <extensions>
          <ns3:TrackPointExtension>
            <ns3:hr>159</ns3:hr>
            <ns3:cad>86</ns3:cad>
          </ns3:TrackPointExtension>
        </extensions>
      </trkpt>
      <trkpt lat="31.02201296947896480560302734375" lon="121.4286756701767444610595703125">
        <ele>5.19999980926513671875</ele>
        <time>2026-05-14T12:55:16.000Z</time>
        <extensions>
          <ns3:TrackPointExtension>
            <ns3:hr>159</ns3:hr>
            <ns3:cad>88</ns3:cad>
          </ns3:TrackPointExtension>
        </extensions>
      </trkpt>
      <trkpt lat="31.021983884274959564208984375" lon="121.4286800287663936614990234375">
        <ele>5.19999980926513671875</ele>
        <time>2026-05-14T12:55:17.000Z</time>
        <extensions>
          <ns3:TrackPointExtension>
            <ns3:hr>159</ns3:hr>
            <ns3:cad>88</ns3:cad>
          </ns3:TrackPointExtension>
        </extensions>
      </trkpt>
      <trkpt lat="31.0219589062035083770751953125" lon="121.42869033850729465484619140625">
        <ele>5.19999980926513671875</ele>
        <time>2026-05-14T12:55:18.000Z</time>
        <extensions>
          <ns3:TrackPointExtension>
            <ns3:hr>159</ns3:hr>
            <ns3:cad>87</ns3:cad>
          </ns3:TrackPointExtension>
        </extensions>
      </trkpt>
      <trkpt lat="31.02192529477179050445556640625" lon="121.4287008158862590789794921875">
        <ele>5</ele>
        <time>2026-05-14T12:55:19.000Z</time>
        <extensions>
          <ns3:TrackPointExtension>
            <ns3:hr>158</ns3:hr>
            <ns3:cad>87</ns3:cad>
          </ns3:TrackPointExtension>
        </extensions>
      </trkpt>
      <trkpt lat="31.021909452974796295166015625" lon="121.42871749587357044219970703125">
        <ele>5</ele>
        <time>2026-05-14T12:55:20.000Z</time>
        <extensions>
          <ns3:TrackPointExtension>
            <ns3:hr>158</ns3:hr>
            <ns3:cad>87</ns3:cad>
          </ns3:TrackPointExtension>
        </extensions>
      </trkpt>
      <trkpt lat="31.0218811221420764923095703125" lon="121.42874113284051418304443359375">
        <ele>5</ele>
        <time>2026-05-14T12:55:21.000Z</time>
        <extensions>
          <ns3:TrackPointExtension>
            <ns3:hr>159</ns3:hr>
            <ns3:cad>87</ns3:cad>
          </ns3:TrackPointExtension>
        </extensions>
      </trkpt>
      <trkpt lat="31.0218660347163677215576171875" lon="121.42876292578876018524169921875">
        <ele>5</ele>
        <time>2026-05-14T12:55:22.000Z</time>
        <extensions>
          <ns3:TrackPointExtension>
            <ns3:hr>159</ns3:hr>
            <ns3:cad>87</ns3:cad>
          </ns3:TrackPointExtension>
        </extensions>
      </trkpt>
      <trkpt lat="31.0218449123203754425048828125" lon="121.4287930168211460113525390625">
        <ele>5</ele>
        <time>2026-05-14T12:55:23.000Z</time>
        <extensions>
          <ns3:TrackPointExtension>
            <ns3:hr>159</ns3:hr>
            <ns3:cad>87</ns3:cad>
          </ns3:TrackPointExtension>
        </extensions>
      </trkpt>
      <trkpt lat="31.02182337082922458648681640625" lon="121.42881967127323150634765625">
        <ele>5</ele>
        <time>2026-05-14T12:55:24.000Z</time>
        <extensions>
          <ns3:TrackPointExtension>
            <ns3:hr>159</ns3:hr>
            <ns3:cad>87</ns3:cad>
          </ns3:TrackPointExtension>
        </extensions>
      </trkpt>
      <trkpt lat="31.02180526591837406158447265625" lon="121.42885043285787105560302734375">
        <ele>5.19999980926513671875</ele>
        <time>2026-05-14T12:55:25.000Z</time>
        <extensions>
          <ns3:TrackPointExtension>
            <ns3:hr>159</ns3:hr>
            <ns3:cad>87</ns3:cad>
          </ns3:TrackPointExtension>
        </extensions>
      </trkpt>
      <trkpt lat="31.02178372442722320556640625" lon="121.428882367908954620361328125">
        <ele>5.19999980926513671875</ele>
        <time>2026-05-14T12:55:26.000Z</time>
        <extensions>
          <ns3:TrackPointExtension>
            <ns3:hr>159</ns3:hr>
            <ns3:cad>87</ns3:cad>
          </ns3:TrackPointExtension>
        </extensions>
      </trkpt>
      <trkpt lat="31.02177031338214874267578125" lon="121.42890977673232555389404296875">
        <ele>5.19999980926513671875</ele>
        <time>2026-05-14T12:55:27.000Z</time>
        <extensions>
          <ns3:TrackPointExtension>
            <ns3:hr>159</ns3:hr>
            <ns3:cad>87</ns3:cad>
          </ns3:TrackPointExtension>
        </extensions>
      </trkpt>
      <trkpt lat="31.02175313048064708709716796875" lon="121.428944058716297149658203125">
        <ele>5.400000095367431640625</ele>
        <time>2026-05-14T12:55:28.000Z</time>
        <extensions>
          <ns3:TrackPointExtension>
            <ns3:hr>159</ns3:hr>
            <ns3:cad>87</ns3:cad>
          </ns3:TrackPointExtension>
        </extensions>
      </trkpt>
      <trkpt lat="31.0217473469674587249755859375" lon="121.4289700426161289215087890625">
        <ele>5.599999904632568359375</ele>
        <time>2026-05-14T12:55:29.000Z</time>
        <extensions>
          <ns3:TrackPointExtension>
            <ns3:hr>159</ns3:hr>
            <ns3:cad>87</ns3:cad>
          </ns3:TrackPointExtension>
        </extensions>
      </trkpt>
      <trkpt lat="31.02173536084592342376708984375" lon="121.429011113941669464111328125">
        <ele>5.80000019073486328125</ele>
        <time>2026-05-14T12:55:30.000Z</time>
        <extensions>
          <ns3:TrackPointExtension>
            <ns3:hr>159</ns3:hr>
            <ns3:cad>87</ns3:cad>
          </ns3:TrackPointExtension>
        </extensions>
      </trkpt>
      <trkpt lat="31.02173737250268459320068359375" lon="121.42904522828757762908935546875">
        <ele>5.80000019073486328125</ele>
        <time>2026-05-14T12:55:31.000Z</time>
        <extensions>
          <ns3:TrackPointExtension>
            <ns3:hr>159</ns3:hr>
            <ns3:cad>87</ns3:cad>
          </ns3:TrackPointExtension>
        </extensions>
      </trkpt>
      <trkpt lat="31.02173812687397003173828125" lon="121.42907892353832721710205078125">
        <ele>5.80000019073486328125</ele>
        <time>2026-05-14T12:55:32.000Z</time>
        <extensions>
          <ns3:TrackPointExtension>
            <ns3:hr>159</ns3:hr>
            <ns3:cad>87</ns3:cad>
          </ns3:TrackPointExtension>
        </extensions>
      </trkpt>
      <trkpt lat="31.02174256928265094757080078125" lon="121.429115720093250274658203125">
        <ele>5.80000019073486328125</ele>
        <time>2026-05-14T12:55:33.000Z</time>
        <extensions>
          <ns3:TrackPointExtension>
            <ns3:hr>158</ns3:hr>
            <ns3:cad>86</ns3:cad>
          </ns3:TrackPointExtension>
        </extensions>
      </trkpt>
      <trkpt lat="31.0217503644526004791259765625" lon="121.42914564348757266998291015625">
        <ele>5.80000019073486328125</ele>
        <time>2026-05-14T12:55:34.000Z</time>
        <extensions>
          <ns3:TrackPointExtension>
            <ns3:hr>159</ns3:hr>
            <ns3:cad>86</ns3:cad>
          </ns3:TrackPointExtension>
        </extensions>
      </trkpt>
      <trkpt lat="31.0217513702809810638427734375" lon="121.4291859604418277740478515625">
        <ele>5.80000019073486328125</ele>
        <time>2026-05-14T12:55:35.000Z</time>
        <extensions>
          <ns3:TrackPointExtension>
            <ns3:hr>159</ns3:hr>
            <ns3:cad>86</ns3:cad>
          </ns3:TrackPointExtension>
        </extensions>
      </trkpt>
      <trkpt lat="31.02176184765994548797607421875" lon="121.42921387217938899993896484375">
        <ele>5.599999904632568359375</ele>
        <time>2026-05-14T12:55:36.000Z</time>
        <extensions>
          <ns3:TrackPointExtension>
            <ns3:hr>159</ns3:hr>
            <ns3:cad>86</ns3:cad>
          </ns3:TrackPointExtension>
        </extensions>
      </trkpt>
      <trkpt lat="31.021774671971797943115234375" lon="121.42925477586686611175537109375">
        <ele>5.400000095367431640625</ele>
        <time>2026-05-14T12:55:37.000Z</time>
        <extensions>
          <ns3:TrackPointExtension>
            <ns3:hr>159</ns3:hr>
            <ns3:cad>86</ns3:cad>
          </ns3:TrackPointExtension>
        </extensions>
      </trkpt>
      <trkpt lat="31.0217879153788089752197265625" lon="121.4292825199663639068603515625">
        <ele>5.400000095367431640625</ele>
        <time>2026-05-14T12:55:38.000Z</time>
        <extensions>
          <ns3:TrackPointExtension>
            <ns3:hr>159</ns3:hr>
            <ns3:cad>86</ns3:cad>
          </ns3:TrackPointExtension>
        </extensions>
      </trkpt>
      <trkpt lat="31.0218100436031818389892578125" lon="121.429311521351337432861328125">
        <ele>5.400000095367431640625</ele>
        <time>2026-05-14T12:55:39.000Z</time>
        <extensions>
          <ns3:TrackPointExtension>
            <ns3:hr>159</ns3:hr>
            <ns3:cad>85</ns3:cad>
          </ns3:TrackPointExtension>
        </extensions>
      </trkpt>
      <trkpt lat="31.02182705886662006378173828125" lon="121.42934211529791355133056640625">
        <ele>5.400000095367431640625</ele>
        <time>2026-05-14T12:55:40.000Z</time>
        <extensions>
          <ns3:TrackPointExtension>
            <ns3:hr>158</ns3:hr>
            <ns3:cad>85</ns3:cad>
          </ns3:TrackPointExtension>
        </extensions>
      </trkpt>
      <trkpt lat="31.02184717543423175811767578125" lon="121.4293636567890644073486328125">
        <ele>5.400000095367431640625</ele>
        <time>2026-05-14T12:55:41.000Z</time>
        <extensions>
          <ns3:TrackPointExtension>
            <ns3:hr>159</ns3:hr>
            <ns3:cad>85</ns3:cad>
          </ns3:TrackPointExtension>
        </extensions>
      </trkpt>
      <trkpt lat="31.02186863310635089874267578125" lon="121.4293931610882282257080078125">
        <ele>5.599999904632568359375</ele>
        <time>2026-05-14T12:55:42.000Z</time>
        <extensions>
          <ns3:TrackPointExtension>
            <ns3:hr>159</ns3:hr>
            <ns3:cad>85</ns3:cad>
          </ns3:TrackPointExtension>
        </extensions>
      </trkpt>
      <trkpt lat="31.02189059369266033172607421875" lon="121.42940699122846126556396484375">
        <ele>5.599999904632568359375</ele>
        <time>2026-05-14T12:55:43.000Z</time>
        <extensions>
          <ns3:TrackPointExtension>
            <ns3:hr>159</ns3:hr>
            <ns3:cad>85</ns3:cad>
          </ns3:TrackPointExtension>
        </extensions>
      </trkpt>
      <trkpt lat="31.02191775105893611907958984375" lon="121.4294283650815486907958984375">
        <ele>5.599999904632568359375</ele>
        <time>2026-05-14T12:55:44.000Z</time>
        <extensions>
          <ns3:TrackPointExtension>
            <ns3:hr>159</ns3:hr>
            <ns3:cad>85</ns3:cad>
          </ns3:TrackPointExtension>
        </extensions>
      </trkpt>
      <trkpt lat="31.021940968930721282958984375" lon="121.42944051884114742279052734375">
        <ele>5.599999904632568359375</ele>
        <time>2026-05-14T12:55:45.000Z</time>
        <extensions>
          <ns3:TrackPointExtension>
            <ns3:hr>159</ns3:hr>
            <ns3:cad>85</ns3:cad>
          </ns3:TrackPointExtension>
        </extensions>
      </trkpt>
      <trkpt lat="31.02197240106761455535888671875" lon="121.4294506609439849853515625">
        <ele>5.599999904632568359375</ele>
        <time>2026-05-14T12:55:46.000Z</time>
        <extensions>
          <ns3:TrackPointExtension>
            <ns3:hr>159</ns3:hr>
            <ns3:cad>86</ns3:cad>
          </ns3:TrackPointExtension>
        </extensions>
      </trkpt>
      <trkpt lat="31.02199955843389034271240234375" lon="121.42946650274097919464111328125">
        <ele>5.599999904632568359375</ele>
        <time>2026-05-14T12:55:47.000Z</time>
        <extensions>
          <ns3:TrackPointExtension>
            <ns3:hr>159</ns3:hr>
            <ns3:cad>87</ns3:cad>
          </ns3:TrackPointExtension>
        </extensions>
      </trkpt>
      <trkpt lat="31.02202688343822956085205078125" lon="121.42947144806385040283203125">
        <ele>5.599999904632568359375</ele>
        <time>2026-05-14T12:55:48.000Z</time>
        <extensions>
          <ns3:TrackPointExtension>
            <ns3:hr>159</ns3:hr>
            <ns3:cad>87</ns3:cad>
          </ns3:TrackPointExtension>
        </extensions>
      </trkpt>
      <trkpt lat="31.022056303918361663818359375" lon="121.429481171071529388427734375">
        <ele>5.400000095367431640625</ele>
        <time>2026-05-14T12:55:49.000Z</time>
        <extensions>
          <ns3:TrackPointExtension>
            <ns3:hr>159</ns3:hr>
            <ns3:cad>86</ns3:cad>
          </ns3:TrackPointExtension>
        </extensions>
      </trkpt>
      <trkpt lat="31.02208153344690799713134765625" lon="121.4294828474521636962890625">
        <ele>5.400000095367431640625</ele>
        <time>2026-05-14T12:55:50.000Z</time>
        <extensions>
          <ns3:TrackPointExtension>
            <ns3:hr>159</ns3:hr>
            <ns3:cad>86</ns3:cad>
          </ns3:TrackPointExtension>
        </extensions>
      </trkpt>
      <trkpt lat="31.02211497724056243896484375" lon="121.42948728986084461212158203125">
        <ele>5.400000095367431640625</ele>
        <time>2026-05-14T12:55:51.000Z</time>
        <extensions>
          <ns3:TrackPointExtension>
            <ns3:hr>159</ns3:hr>
            <ns3:cad>86</ns3:cad>
          </ns3:TrackPointExtension>
        </extensions>
      </trkpt>
      <trkpt lat="31.02213635109364986419677734375" lon="121.429480500519275665283203125">
        <ele>5.400000095367431640625</ele>
        <time>2026-05-14T12:55:52.000Z</time>
        <extensions>
          <ns3:TrackPointExtension>
            <ns3:hr>159</ns3:hr>
            <ns3:cad>87</ns3:cad>
          </ns3:TrackPointExtension>
        </extensions>
      </trkpt>
      <trkpt lat="31.02216686122119426727294921875" lon="121.429469771683216094970703125">
        <ele>5.400000095367431640625</ele>
        <time>2026-05-14T12:55:53.000Z</time>
        <extensions>
          <ns3:TrackPointExtension>
            <ns3:hr>159</ns3:hr>
            <ns3:cad>87</ns3:cad>
          </ns3:TrackPointExtension>
        </extensions>
      </trkpt>
      <trkpt lat="31.02219401858747005462646484375" lon="121.4294639043509960174560546875">
        <ele>5.400000095367431640625</ele>
        <time>2026-05-14T12:55:54.000Z</time>
        <extensions>
          <ns3:TrackPointExtension>
            <ns3:hr>159</ns3:hr>
            <ns3:cad>87</ns3:cad>
          </ns3:TrackPointExtension>
        </extensions>
      </trkpt>
      <trkpt lat="31.02222084067761898040771484375" lon="121.4294521696865558624267578125">
        <ele>5.19999980926513671875</ele>
        <time>2026-05-14T12:55:55.000Z</time>
        <extensions>
          <ns3:TrackPointExtension>
            <ns3:hr>159</ns3:hr>
            <ns3:cad>87</ns3:cad>
          </ns3:TrackPointExtension>
        </extensions>
      </trkpt>
      <trkpt lat="31.0222509317100048065185546875" lon="121.429448314011096954345703125">
        <ele>5.19999980926513671875</ele>
        <time>2026-05-14T12:55:56.000Z</time>
        <extensions>
          <ns3:TrackPointExtension>
            <ns3:hr>159</ns3:hr>
            <ns3:cad>86</ns3:cad>
          </ns3:TrackPointExtension>
        </extensions>
      </trkpt>
      <trkpt lat="31.02227683179080486297607421875" lon="121.4294417761266231536865234375">
        <ele>5.400000095367431640625</ele>
        <time>2026-05-14T12:55:57.000Z</time>
        <extensions>
          <ns3:TrackPointExtension>
            <ns3:hr>159</ns3:hr>
            <ns3:cad>86</ns3:cad>
          </ns3:TrackPointExtension>
        </extensions>
      </trkpt>
      <trkpt lat="31.022306419909000396728515625" lon="121.42943616025149822235107421875">
        <ele>5.400000095367431640625</ele>
        <time>2026-05-14T12:55:58.000Z</time>
        <extensions>
          <ns3:TrackPointExtension>
            <ns3:hr>159</ns3:hr>
            <ns3:cad>87</ns3:cad>
          </ns3:TrackPointExtension>
        </extensions>
      </trkpt>
      <trkpt lat="31.02232980541884899139404296875" lon="121.42942853271961212158203125">
        <ele>5.400000095367431640625</ele>
        <time>2026-05-14T12:55:59.000Z</time>
        <extensions>
          <ns3:TrackPointExtension>
            <ns3:hr>159</ns3:hr>
            <ns3:cad>87</ns3:cad>
          </ns3:TrackPointExtension>
        </extensions>
      </trkpt>
      <trkpt lat="31.022362075746059417724609375" lon="121.4294186420738697052001953125">
        <ele>5.400000095367431640625</ele>
        <time>2026-05-14T12:56:00.000Z</time>
        <extensions>
          <ns3:TrackPointExtension>
            <ns3:hr>159</ns3:hr>
            <ns3:cad>87</ns3:cad>
          </ns3:TrackPointExtension>
        </extensions>
      </trkpt>
      <trkpt lat="31.02238797582685947418212890625" lon="121.42940975725650787353515625">
        <ele>5.400000095367431640625</ele>
        <time>2026-05-14T12:56:01.000Z</time>
        <extensions>
          <ns3:TrackPointExtension>
            <ns3:hr>160</ns3:hr>
            <ns3:cad>85</ns3:cad>
          </ns3:TrackPointExtension>
        </extensions>
      </trkpt>
      <trkpt lat="31.022417061030864715576171875" lon="121.429398022592067718505859375">
        <ele>5.19999980926513671875</ele>
        <time>2026-05-14T12:56:02.000Z</time>
        <extensions>
          <ns3:TrackPointExtension>
            <ns3:hr>160</ns3:hr>
            <ns3:cad>85</ns3:cad>
          </ns3:TrackPointExtension>
        </extensions>
      </trkpt>
      <trkpt lat="31.0224487446248531341552734375" lon="121.42939592711627483367919921875">
        <ele>5.19999980926513671875</ele>
        <time>2026-05-14T12:56:03.000Z</time>
        <extensions>
          <ns3:TrackPointExtension>
            <ns3:hr>160</ns3:hr>
            <ns3:cad>85</ns3:cad>
          </ns3:TrackPointExtension>
        </extensions>
      </trkpt>
      <trkpt lat="31.02247749455273151397705078125" lon="121.4293862879276275634765625">
        <ele>5.19999980926513671875</ele>
        <time>2026-05-14T12:56:04.000Z</time>
        <extensions>
          <ns3:TrackPointExtension>
            <ns3:hr>159</ns3:hr>
            <ns3:cad>86</ns3:cad>
          </ns3:TrackPointExtension>
        </extensions>
      </trkpt>
      <trkpt lat="31.02251328527927398681640625" lon="121.42938670702278614044189453125">
        <ele>5.19999980926513671875</ele>
        <time>2026-05-14T12:56:05.000Z</time>
        <extensions>
          <ns3:TrackPointExtension>
            <ns3:hr>160</ns3:hr>
            <ns3:cad>86</ns3:cad>
          </ns3:TrackPointExtension>
        </extensions>
      </trkpt>
      <trkpt lat="31.02253968827426433563232421875" lon="121.42938117496669292449951171875">
        <ele>5</ele>
        <time>2026-05-14T12:56:06.000Z</time>
        <extensions>
          <ns3:TrackPointExtension>
            <ns3:hr>160</ns3:hr>
            <ns3:cad>86</ns3:cad>
          </ns3:TrackPointExtension>
        </extensions>
      </trkpt>
      <trkpt lat="31.022575981914997100830078125" lon="121.42937748692929744720458984375">
        <ele>5.19999980926513671875</ele>
        <time>2026-05-14T12:56:07.000Z</time>
        <extensions>
          <ns3:TrackPointExtension>
            <ns3:hr>160</ns3:hr>
            <ns3:cad>86</ns3:cad>
          </ns3:TrackPointExtension>
        </extensions>
      </trkpt>
      <trkpt lat="31.0225982777774333953857421875" lon="121.4293675124645233154296875">
        <ele>5</ele>
        <time>2026-05-14T12:56:08.000Z</time>
        <extensions>
          <ns3:TrackPointExtension>
            <ns3:hr>161</ns3:hr>
            <ns3:cad>86</ns3:cad>
          </ns3:TrackPointExtension>
        </extensions>
      </trkpt>
      <trkpt lat="31.02263440378010272979736328125" lon="121.42935703508555889129638671875">
        <ele>5</ele>
        <time>2026-05-14T12:56:09.000Z</time>
        <extensions>
          <ns3:TrackPointExtension>
            <ns3:hr>161</ns3:hr>
            <ns3:cad>86</ns3:cad>
          </ns3:TrackPointExtension>
        </extensions>
      </trkpt>
      <trkpt lat="31.022661142051219940185546875" lon="121.42934781499207019805908203125">
        <ele>5</ele>
        <time>2026-05-14T12:56:10.000Z</time>
        <extensions>
          <ns3:TrackPointExtension>
            <ns3:hr>161</ns3:hr>
            <ns3:cad>87</ns3:cad>
          </ns3:TrackPointExtension>
        </extensions>
      </trkpt>
      <trkpt lat="31.022689305245876312255859375" lon="121.4293326437473297119140625">
        <ele>5</ele>
        <time>2026-05-14T12:56:11.000Z</time>
        <extensions>
          <ns3:TrackPointExtension>
            <ns3:hr>161</ns3:hr>
            <ns3:cad>87</ns3:cad>
          </ns3:TrackPointExtension>
        </extensions>
      </trkpt>
      <trkpt lat="31.0227203182876110076904296875" lon="121.42932903952896595001220703125">
        <ele>5</ele>
        <time>2026-05-14T12:56:12.000Z</time>
        <extensions>
          <ns3:TrackPointExtension>
            <ns3:hr>161</ns3:hr>
            <ns3:cad>87</ns3:cad>
          </ns3:TrackPointExtension>
        </extensions>
      </trkpt>
      <trkpt lat="31.02274923585355281829833984375" lon="121.4293200708925724029541015625">
        <ele>5</ele>
        <time>2026-05-14T12:56:13.000Z</time>
        <extensions>
          <ns3:TrackPointExtension>
            <ns3:hr>160</ns3:hr>
            <ns3:cad>87</ns3:cad>
          </ns3:TrackPointExtension>
        </extensions>
      </trkpt>
      <trkpt lat="31.02278192527592182159423828125" lon="121.42931713722646236419677734375">
        <ele>5</ele>
        <time>2026-05-14T12:56:14.000Z</time>
        <extensions>
          <ns3:TrackPointExtension>
            <ns3:hr>161</ns3:hr>
            <ns3:cad>87</ns3:cad>
          </ns3:TrackPointExtension>
        </extensions>
      </trkpt>
      <trkpt lat="31.02280824445188045501708984375" lon="121.429310850799083709716796875">
        <ele>5</ele>
        <time>2026-05-14T12:56:15.000Z</time>
        <extensions>
          <ns3:TrackPointExtension>
            <ns3:hr>161</ns3:hr>
            <ns3:cad>87</ns3:cad>
          </ns3:TrackPointExtension>
        </extensions>
      </trkpt>
      <trkpt lat="31.02284277789294719696044921875" lon="121.42930909059941768646240234375">
        <ele>4.80000019073486328125</ele>
        <time>2026-05-14T12:56:16.000Z</time>
        <extensions>
          <ns3:TrackPointExtension>
            <ns3:hr>160</ns3:hr>
            <ns3:cad>87</ns3:cad>
          </ns3:TrackPointExtension>
        </extensions>
      </trkpt>
      <trkpt lat="31.02286524139344692230224609375" lon="121.42930171452462673187255859375">
        <ele>4.80000019073486328125</ele>
        <time>2026-05-14T12:56:17.000Z</time>
        <extensions>
          <ns3:TrackPointExtension>
            <ns3:hr>161</ns3:hr>
            <ns3:cad>87</ns3:cad>
          </ns3:TrackPointExtension>
        </extensions>
      </trkpt>
      <trkpt lat="31.0229037143290042877197265625" lon="121.42929450608789920806884765625">
        <ele>4.80000019073486328125</ele>
        <time>2026-05-14T12:56:18.000Z</time>
        <extensions>
          <ns3:TrackPointExtension>
            <ns3:hr>161</ns3:hr>
            <ns3:cad>87</ns3:cad>
          </ns3:TrackPointExtension>
        </extensions>
      </trkpt>
      <trkpt lat="31.02292827330529689788818359375" lon="121.42928696237504482269287109375">
        <ele>4.80000019073486328125</ele>
        <time>2026-05-14T12:56:19.000Z</time>
        <extensions>
          <ns3:TrackPointExtension>
            <ns3:hr>160</ns3:hr>
            <ns3:cad>87</ns3:cad>
          </ns3:TrackPointExtension>
        </extensions>
      </trkpt>
      <trkpt lat="31.0229620523750782012939453125" lon="121.42926801927387714385986328125">
        <ele>4.80000019073486328125</ele>
        <time>2026-05-14T12:56:20.000Z</time>
        <extensions>
          <ns3:TrackPointExtension>
            <ns3:hr>161</ns3:hr>
            <ns3:cad>87</ns3:cad>
          </ns3:TrackPointExtension>
        </extensions>
      </trkpt>
      <trkpt lat="31.02298669517040252685546875" lon="121.429252512753009796142578125">
        <ele>4.80000019073486328125</ele>
        <time>2026-05-14T12:56:21.000Z</time>
        <extensions>
          <ns3:TrackPointExtension>
            <ns3:hr>161</ns3:hr>
            <ns3:cad>87</ns3:cad>
          </ns3:TrackPointExtension>
        </extensions>
      </trkpt>
      <trkpt lat="31.0230116732418537139892578125" lon="121.4292325638234615325927734375">
        <ele>4.80000019073486328125</ele>
        <time>2026-05-14T12:56:22.000Z</time>
        <extensions>
          <ns3:TrackPointExtension>
            <ns3:hr>160</ns3:hr>
            <ns3:cad>87</ns3:cad>
          </ns3:TrackPointExtension>
        </extensions>
      </trkpt>
      <trkpt lat="31.02303874678909778594970703125" lon="121.4292124472558498382568359375">
        <ele>4.80000019073486328125</ele>
        <time>2026-05-14T12:56:23.000Z</time>
        <extensions>
          <ns3:TrackPointExtension>
            <ns3:hr>161</ns3:hr>
            <ns3:cad>87</ns3:cad>
          </ns3:TrackPointExtension>
        </extensions>
      </trkpt>
      <trkpt lat="31.02305785752832889556884765625" lon="121.42919006757438182830810546875">
        <ele>4.80000019073486328125</ele>
        <time>2026-05-14T12:56:24.000Z</time>
        <extensions>
          <ns3:TrackPointExtension>
            <ns3:hr>161</ns3:hr>
            <ns3:cad>87</ns3:cad>
          </ns3:TrackPointExtension>
        </extensions>
      </trkpt>
      <trkpt lat="31.02308635599911212921142578125" lon="121.4291648380458354949951171875">
        <ele>4.80000019073486328125</ele>
        <time>2026-05-14T12:56:25.000Z</time>
        <extensions>
          <ns3:TrackPointExtension>
            <ns3:hr>160</ns3:hr>
            <ns3:cad>86</ns3:cad>
          </ns3:TrackPointExtension>
        </extensions>
      </trkpt>
      <trkpt lat="31.02310203015804290771484375" lon="121.42914379946887493133544921875">
        <ele>4.80000019073486328125</ele>
        <time>2026-05-14T12:56:26.000Z</time>
        <extensions>
          <ns3:TrackPointExtension>
            <ns3:hr>161</ns3:hr>
            <ns3:cad>86</ns3:cad>
          </ns3:TrackPointExtension>
        </extensions>
      </trkpt>
      <trkpt lat="31.0231203027069568634033203125" lon="121.429108344018459320068359375">
        <ele>4.80000019073486328125</ele>
        <time>2026-05-14T12:56:27.000Z</time>
        <extensions>
          <ns3:TrackPointExtension>
            <ns3:hr>161</ns3:hr>
            <ns3:cad>86</ns3:cad>
          </ns3:TrackPointExtension>
        </extensions>
      </trkpt>
      <trkpt lat="31.0231333784759044647216796875" lon="121.42907473258674144744873046875">
        <ele>4.80000019073486328125</ele>
        <time>2026-05-14T12:56:28.000Z</time>
        <extensions>
          <ns3:TrackPointExtension>
            <ns3:hr>160</ns3:hr>
            <ns3:cad>86</ns3:cad>
          </ns3:TrackPointExtension>
        </extensions>
      </trkpt>
      <trkpt lat="31.02314318530261516571044921875" lon="121.4290347509086132049560546875">
        <ele>4.80000019073486328125</ele>
        <time>2026-05-14T12:56:29.000Z</time>
        <extensions>
          <ns3:TrackPointExtension>
            <ns3:hr>161</ns3:hr>
            <ns3:cad>86</ns3:cad>
          </ns3:TrackPointExtension>
        </extensions>
      </trkpt>
      <trkpt lat="31.02315726689994335174560546875" lon="121.4289998821914196014404296875">
        <ele>4.80000019073486328125</ele>
        <time>2026-05-14T12:56:30.000Z</time>
        <extensions>
          <ns3:TrackPointExtension>
            <ns3:hr>161</ns3:hr>
            <ns3:cad>86</ns3:cad>
          </ns3:TrackPointExtension>
        </extensions>
      </trkpt>
      <trkpt lat="31.023161374032497406005859375" lon="121.42896543256938457489013671875">
        <ele>4.80000019073486328125</ele>
        <time>2026-05-14T12:56:31.000Z</time>
        <extensions>
          <ns3:TrackPointExtension>
            <ns3:hr>160</ns3:hr>
            <ns3:cad>86</ns3:cad>
          </ns3:TrackPointExtension>
        </extensions>
      </trkpt>
      <trkpt lat="31.02317118085920810699462890625" lon="121.42892888747155666351318359375">
        <ele>4.80000019073486328125</ele>
        <time>2026-05-14T12:56:32.000Z</time>
        <extensions>
          <ns3:TrackPointExtension>
            <ns3:hr>161</ns3:hr>
            <ns3:cad>86</ns3:cad>
          </ns3:TrackPointExtension>
        </extensions>
      </trkpt>
      <trkpt lat="31.0231722705066204071044921875" lon="121.4288979582488536834716796875">
        <ele>4.80000019073486328125</ele>
        <time>2026-05-14T12:56:33.000Z</time>
        <extensions>
          <ns3:TrackPointExtension>
            <ns3:hr>161</ns3:hr>
            <ns3:cad>87</ns3:cad>
          </ns3:TrackPointExtension>
        </extensions>
      </trkpt>
      <trkpt lat="31.02317486889660358428955078125" lon="121.42885378561913967132568359375">
        <ele>4.80000019073486328125</ele>
        <time>2026-05-14T12:56:34.000Z</time>
        <extensions>
          <ns3:TrackPointExtension>
            <ns3:hr>161</ns3:hr>
            <ns3:cad>87</ns3:cad>
          </ns3:TrackPointExtension>
        </extensions>
      </trkpt>
      <trkpt lat="31.0231737792491912841796875" lon="121.42882210202515125274658203125">
        <ele>4.599999904632568359375</ele>
        <time>2026-05-14T12:56:35.000Z</time>
        <extensions>
          <ns3:TrackPointExtension>
            <ns3:hr>161</ns3:hr>
            <ns3:cad>87</ns3:cad>
          </ns3:TrackPointExtension>
        </extensions>
      </trkpt>
      <trkpt lat="31.0231659002602100372314453125" lon="121.4287859760224819183349609375">
        <ele>4.400000095367431640625</ele>
        <time>2026-05-14T12:56:36.000Z</time>
        <extensions>
          <ns3:TrackPointExtension>
            <ns3:hr>161</ns3:hr>
            <ns3:cad>87</ns3:cad>
          </ns3:TrackPointExtension>
        </extensions>
      </trkpt>
      <trkpt lat="31.02315944619476795196533203125" lon="121.42875395715236663818359375">
        <ele>4.400000095367431640625</ele>
        <time>2026-05-14T12:56:37.000Z</time>
        <extensions>
          <ns3:TrackPointExtension>
            <ns3:hr>161</ns3:hr>
            <ns3:cad>86</ns3:cad>
          </ns3:TrackPointExtension>
        </extensions>
      </trkpt>
      <trkpt lat="31.023145951330661773681640625" lon="121.42871908843517303466796875">
        <ele>4.400000095367431640625</ele>
        <time>2026-05-14T12:56:38.000Z</time>
        <extensions>
          <ns3:TrackPointExtension>
            <ns3:hr>162</ns3:hr>
            <ns3:cad>86</ns3:cad>
          </ns3:TrackPointExtension>
        </extensions>
      </trkpt>
      <trkpt lat="31.02313161827623844146728515625" lon="121.428685896098613739013671875">
        <ele>4.19999980926513671875</ele>
        <time>2026-05-14T12:56:39.000Z</time>
        <extensions>
          <ns3:TrackPointExtension>
            <ns3:hr>162</ns3:hr>
            <ns3:cad>86</ns3:cad>
          </ns3:TrackPointExtension>
        </extensions>
      </trkpt>
      <trkpt lat="31.023112423717975616455078125" lon="121.428660415112972259521484375">
        <ele>4.400000095367431640625</ele>
        <time>2026-05-14T12:56:40.000Z</time>
        <extensions>
          <ns3:TrackPointExtension>
            <ns3:hr>162</ns3:hr>
            <ns3:cad>87</ns3:cad>
          </ns3:TrackPointExtension>
        </extensions>
      </trkpt>
      <trkpt lat="31.023092977702617645263671875" lon="121.42862294800579547882080078125">
        <ele>4.19999980926513671875</ele>
        <time>2026-05-14T12:56:41.000Z</time>
        <extensions>
          <ns3:TrackPointExtension>
            <ns3:hr>162</ns3:hr>
            <ns3:cad>87</ns3:cad>
          </ns3:TrackPointExtension>
        </extensions>
      </trkpt>
      <trkpt lat="31.0230713523924350738525390625" lon="121.42860081978142261505126953125">
        <ele>4.19999980926513671875</ele>
        <time>2026-05-14T12:56:42.000Z</time>
        <extensions>
          <ns3:TrackPointExtension>
            <ns3:hr>162</ns3:hr>
            <ns3:cad>87</ns3:cad>
          </ns3:TrackPointExtension>
        </extensions>
      </trkpt>
      <trkpt lat="31.023046709597110748291015625" lon="121.42856846563518047332763671875">
        <ele>4.400000095367431640625</ele>
        <time>2026-05-14T12:56:43.000Z</time>
        <extensions>
          <ns3:TrackPointExtension>
            <ns3:hr>162</ns3:hr>
            <ns3:cad>86</ns3:cad>
          </ns3:TrackPointExtension>
        </extensions>
      </trkpt>
      <trkpt lat="31.02301980368793010711669921875" lon="121.42855254001915454864501953125">
        <ele>4.400000095367431640625</ele>
        <time>2026-05-14T12:56:44.000Z</time>
        <extensions>
          <ns3:TrackPointExtension>
            <ns3:hr>162</ns3:hr>
            <ns3:cad>86</ns3:cad>
          </ns3:TrackPointExtension>
        </extensions>
      </trkpt>
      <trkpt lat="31.02298677898943424224853515625" lon="121.42852722667157649993896484375">
        <ele>4.400000095367431640625</ele>
        <time>2026-05-14T12:56:45.000Z</time>
        <extensions>
          <ns3:TrackPointExtension>
            <ns3:hr>163</ns3:hr>
            <ns3:cad>87</ns3:cad>
          </ns3:TrackPointExtension>
        </extensions>
      </trkpt>
      <trkpt lat="31.02296054363250732421875" lon="121.428514905273914337158203125">
        <ele>4.400000095367431640625</ele>
        <time>2026-05-14T12:56:46.000Z</time>
        <extensions>
          <ns3:TrackPointExtension>
            <ns3:hr>163</ns3:hr>
            <ns3:cad>87</ns3:cad>
          </ns3:TrackPointExtension>
        </extensions>
      </trkpt>
      <trkpt lat="31.022924669086933135986328125" lon="121.42849604599177837371826171875">
        <ele>4.400000095367431640625</ele>
        <time>2026-05-14T12:56:47.000Z</time>
        <extensions>
          <ns3:TrackPointExtension>
            <ns3:hr>163</ns3:hr>
            <ns3:cad>87</ns3:cad>
          </ns3:TrackPointExtension>
        </extensions>
      </trkpt>
      <trkpt lat="31.0228926502168178558349609375" lon="121.428486406803131103515625">
        <ele>4.19999980926513671875</ele>
        <time>2026-05-14T12:56:48.000Z</time>
        <extensions>
          <ns3:TrackPointExtension>
            <ns3:hr>163</ns3:hr>
            <ns3:cad>87</ns3:cad>
          </ns3:TrackPointExtension>
        </extensions>
      </trkpt>
      <trkpt lat="31.022858954966068267822265625" lon="121.4284795336425304412841796875">
        <ele>4.19999980926513671875</ele>
        <time>2026-05-14T12:56:49.000Z</time>
        <extensions>
          <ns3:TrackPointExtension>
            <ns3:hr>164</ns3:hr>
            <ns3:cad>87</ns3:cad>
          </ns3:TrackPointExtension>
        </extensions>
      </trkpt>
      <trkpt lat="31.02282752282917499542236328125" lon="121.42847006209194660186767578125">
        <ele>4.19999980926513671875</ele>
        <time>2026-05-14T12:56:50.000Z</time>
        <extensions>
          <ns3:TrackPointExtension>
            <ns3:hr>164</ns3:hr>
            <ns3:cad>88</ns3:cad>
          </ns3:TrackPointExtension>
        </extensions>
      </trkpt>
      <trkpt lat="31.02279768325388431549072265625" lon="121.4284721575677394866943359375">
        <ele>4.19999980926513671875</ele>
        <time>2026-05-14T12:56:51.000Z</time>
        <extensions>
          <ns3:TrackPointExtension>
            <ns3:hr>164</ns3:hr>
            <ns3:cad>88</ns3:cad>
          </ns3:TrackPointExtension>
        </extensions>
      </trkpt>
      <trkpt lat="31.0227645747363567352294921875" lon="121.428471319377422332763671875">
        <ele>4.19999980926513671875</ele>
        <time>2026-05-14T12:56:52.000Z</time>
        <extensions>
          <ns3:TrackPointExtension>
            <ns3:hr>164</ns3:hr>
            <ns3:cad>88</ns3:cad>
          </ns3:TrackPointExtension>
        </extensions>
      </trkpt>
      <trkpt lat="31.02273498661816120147705078125" lon="121.42847173847258090972900390625">
        <ele>4.19999980926513671875</ele>
        <time>2026-05-14T12:56:53.000Z</time>
        <extensions>
          <ns3:TrackPointExtension>
            <ns3:hr>164</ns3:hr>
            <ns3:cad>87</ns3:cad>
          </ns3:TrackPointExtension>
        </extensions>
      </trkpt>
      <trkpt lat="31.0227038897573947906494140625" lon="121.42846905626356601715087890625">
        <ele>4.400000095367431640625</ele>
        <time>2026-05-14T12:56:54.000Z</time>
        <extensions>
          <ns3:TrackPointExtension>
            <ns3:hr>165</ns3:hr>
            <ns3:cad>87</ns3:cad>
          </ns3:TrackPointExtension>
        </extensions>
      </trkpt>
      <trkpt lat="31.022677905857563018798828125" lon="121.42847408540546894073486328125">
        <ele>4.400000095367431640625</ele>
        <time>2026-05-14T12:56:55.000Z</time>
        <extensions>
          <ns3:TrackPointExtension>
            <ns3:hr>165</ns3:hr>
            <ns3:cad>87</ns3:cad>
          </ns3:TrackPointExtension>
        </extensions>
      </trkpt>
      <trkpt lat="31.02264513261616230010986328125" lon="121.428469978272914886474609375">
        <ele>4.599999904632568359375</ele>
        <time>2026-05-14T12:56:56.000Z</time>
        <extensions>
          <ns3:TrackPointExtension>
            <ns3:hr>165</ns3:hr>
            <ns3:cad>88</ns3:cad>
          </ns3:TrackPointExtension>
        </extensions>
      </trkpt>
      <trkpt lat="31.0226266086101531982421875" lon="121.4284788630902767181396484375">
        <ele>4.599999904632568359375</ele>
        <time>2026-05-14T12:56:57.000Z</time>
        <extensions>
          <ns3:TrackPointExtension>
            <ns3:hr>165</ns3:hr>
            <ns3:cad>88</ns3:cad>
          </ns3:TrackPointExtension>
        </extensions>
      </trkpt>
      <trkpt lat="31.0225902311503887176513671875" lon="121.42849034629762172698974609375">
        <ele>4.599999904632568359375</ele>
        <time>2026-05-14T12:56:58.000Z</time>
        <extensions>
          <ns3:TrackPointExtension>
            <ns3:hr>165</ns3:hr>
            <ns3:cad>88</ns3:cad>
          </ns3:TrackPointExtension>
        </extensions>
      </trkpt>
      <trkpt lat="31.02256315760314464569091796875" lon="121.4284989796578884124755859375">
        <ele>4.599999904632568359375</ele>
        <time>2026-05-14T12:56:59.000Z</time>
        <extensions>
          <ns3:TrackPointExtension>
            <ns3:hr>165</ns3:hr>
            <ns3:cad>87</ns3:cad>
          </ns3:TrackPointExtension>
        </extensions>
      </trkpt>
      <trkpt lat="31.0225328989326953887939453125" lon="121.42851515673100948333740234375">
        <ele>4.599999904632568359375</ele>
        <time>2026-05-14T12:57:00.000Z</time>
        <extensions>
          <ns3:TrackPointExtension>
            <ns3:hr>165</ns3:hr>
            <ns3:cad>86</ns3:cad>
          </ns3:TrackPointExtension>
        </extensions>
      </trkpt>
      <trkpt lat="31.02250381372869014739990234375" lon="121.4285234548151493072509765625">
        <ele>4.400000095367431640625</ele>
        <time>2026-05-14T12:57:01.000Z</time>
        <extensions>
          <ns3:TrackPointExtension>
            <ns3:hr>165</ns3:hr>
            <ns3:cad>86</ns3:cad>
          </ns3:TrackPointExtension>
        </extensions>
      </trkpt>
      <trkpt lat="31.02247296832501888275146484375" lon="121.428537704050540924072265625">
        <ele>4.400000095367431640625</ele>
        <time>2026-05-14T12:57:02.000Z</time>
        <extensions>
          <ns3:TrackPointExtension>
            <ns3:hr>165</ns3:hr>
            <ns3:cad>87</ns3:cad>
          </ns3:TrackPointExtension>
        </extensions>
      </trkpt>
      <trkpt lat="31.02244061417877674102783203125" lon="121.42854499630630016326904296875">
        <ele>4.400000095367431640625</ele>
        <time>2026-05-14T12:57:03.000Z</time>
        <extensions>
          <ns3:TrackPointExtension>
            <ns3:hr>166</ns3:hr>
            <ns3:cad>87</ns3:cad>
          </ns3:TrackPointExtension>
        </extensions>
      </trkpt>
      <trkpt lat="31.02241496555507183074951171875" lon="121.4285553060472011566162109375">
        <ele>4.400000095367431640625</ele>
        <time>2026-05-14T12:57:04.000Z</time>
        <extensions>
          <ns3:TrackPointExtension>
            <ns3:hr>165</ns3:hr>
            <ns3:cad>87</ns3:cad>
          </ns3:TrackPointExtension>
        </extensions>
      </trkpt>
      <trkpt lat="31.0223840363323688507080078125" lon="121.42855907790362834930419921875">
        <ele>4.599999904632568359375</ele>
        <time>2026-05-14T12:57:05.000Z</time>
        <extensions>
          <ns3:TrackPointExtension>
            <ns3:hr>165</ns3:hr>
            <ns3:cad>87</ns3:cad>
          </ns3:TrackPointExtension>
        </extensions>
      </trkpt>
      <trkpt lat="31.02235914207994937896728515625" lon="121.42857098020613193511962890625">
        <ele>4.599999904632568359375</ele>
        <time>2026-05-14T12:57:06.000Z</time>
        <extensions>
          <ns3:TrackPointExtension>
            <ns3:hr>165</ns3:hr>
            <ns3:cad>87</ns3:cad>
          </ns3:TrackPointExtension>
        </extensions>
      </trkpt>
      <trkpt lat="31.0223280452191829681396484375" lon="121.42857081256806850433349609375">
        <ele>4.599999904632568359375</ele>
        <time>2026-05-14T12:57:07.000Z</time>
        <extensions>
          <ns3:TrackPointExtension>
            <ns3:hr>164</ns3:hr>
            <ns3:cad>87</ns3:cad>
          </ns3:TrackPointExtension>
        </extensions>
      </trkpt>
      <trkpt lat="31.0223015584051609039306640625" lon="121.42857701517641544342041015625">
        <ele>4.599999904632568359375</ele>
        <time>2026-05-14T12:57:08.000Z</time>
        <extensions>
          <ns3:TrackPointExtension>
            <ns3:hr>164</ns3:hr>
            <ns3:cad>88</ns3:cad>
          </ns3:TrackPointExtension>
        </extensions>
      </trkpt>
      <trkpt lat="31.02226777933537960052490234375" lon="121.42858221195638179779052734375">
        <ele>4.599999904632568359375</ele>
        <time>2026-05-14T12:57:09.000Z</time>
        <extensions>
          <ns3:TrackPointExtension>
            <ns3:hr>164</ns3:hr>
            <ns3:cad>88</ns3:cad>
          </ns3:TrackPointExtension>
        </extensions>
      </trkpt>
      <trkpt lat="31.02224665693938732147216796875" lon="121.42858841456472873687744140625">
        <ele>4.599999904632568359375</ele>
        <time>2026-05-14T12:57:10.000Z</time>
        <extensions>
          <ns3:TrackPointExtension>
            <ns3:hr>164</ns3:hr>
            <ns3:cad>88</ns3:cad>
          </ns3:TrackPointExtension>
        </extensions>
      </trkpt>
      <trkpt lat="31.02221581153571605682373046875" lon="121.4285975508391857147216796875">
        <ele>4.599999904632568359375</ele>
        <time>2026-05-14T12:57:11.000Z</time>
        <extensions>
          <ns3:TrackPointExtension>
            <ns3:hr>164</ns3:hr>
            <ns3:cad>87</ns3:cad>
          </ns3:TrackPointExtension>
        </extensions>
      </trkpt>
      <trkpt lat="31.02218873798847198486328125" lon="121.4286039210855960845947265625">
        <ele>4.599999904632568359375</ele>
        <time>2026-05-14T12:57:12.000Z</time>
        <extensions>
          <ns3:TrackPointExtension>
            <ns3:hr>163</ns3:hr>
            <ns3:cad>87</ns3:cad>
          </ns3:TrackPointExtension>
        </extensions>
      </trkpt>
      <trkpt lat="31.02215948514640331268310546875" lon="121.42861657775938510894775390625">
        <ele>4.599999904632568359375</ele>
        <time>2026-05-14T12:57:13.000Z</time>
        <extensions>
          <ns3:TrackPointExtension>
            <ns3:hr>163</ns3:hr>
            <ns3:cad>87</ns3:cad>
          </ns3:TrackPointExtension>
        </extensions>
      </trkpt>
      <trkpt lat="31.0221312381327152252197265625" lon="121.4286218583583831787109375">
        <ele>4.599999904632568359375</ele>
        <time>2026-05-14T12:57:14.000Z</time>
        <extensions>
          <ns3:TrackPointExtension>
            <ns3:hr>163</ns3:hr>
            <ns3:cad>88</ns3:cad>
          </ns3:TrackPointExtension>
        </extensions>
      </trkpt>
      <trkpt lat="31.02210215292870998382568359375" lon="121.4286337606608867645263671875">
        <ele>4.599999904632568359375</ele>
        <time>2026-05-14T12:57:15.000Z</time>
        <extensions>
          <ns3:TrackPointExtension>
            <ns3:hr>163</ns3:hr>
            <ns3:cad>88</ns3:cad>
          </ns3:TrackPointExtension>
        </extensions>
      </trkpt>
      <trkpt lat="31.02207231335341930389404296875" lon="121.42863736487925052642822265625">
        <ele>4.599999904632568359375</ele>
        <time>2026-05-14T12:57:16.000Z</time>
        <extensions>
          <ns3:TrackPointExtension>
            <ns3:hr>163</ns3:hr>
            <ns3:cad>87</ns3:cad>
          </ns3:TrackPointExtension>
        </extensions>
      </trkpt>
      <trkpt lat="31.02204632945358753204345703125" lon="121.42865027301013469696044921875">
        <ele>4.80000019073486328125</ele>
        <time>2026-05-14T12:57:17.000Z</time>
        <extensions>
          <ns3:TrackPointExtension>
            <ns3:hr>163</ns3:hr>
            <ns3:cad>87</ns3:cad>
          </ns3:TrackPointExtension>
        </extensions>
      </trkpt>
      <trkpt lat="31.0220148973166942596435546875" lon="121.42865161411464214324951171875">
        <ele>4.599999904632568359375</ele>
        <time>2026-05-14T12:57:18.000Z</time>
        <extensions>
          <ns3:TrackPointExtension>
            <ns3:hr>163</ns3:hr>
            <ns3:cad>87</ns3:cad>
          </ns3:TrackPointExtension>
        </extensions>
      </trkpt>
      <trkpt lat="31.021991930902004241943359375" lon="121.428661756217479705810546875">
        <ele>4.80000019073486328125</ele>
        <time>2026-05-14T12:57:19.000Z</time>
        <extensions>
          <ns3:TrackPointExtension>
            <ns3:hr>163</ns3:hr>
            <ns3:cad>88</ns3:cad>
          </ns3:TrackPointExtension>
        </extensions>
      </trkpt>
      <trkpt lat="31.0219587385654449462890625" lon="121.42866946756839752197265625">
        <ele>4.80000019073486328125</ele>
        <time>2026-05-14T12:57:20.000Z</time>
        <extensions>
          <ns3:TrackPointExtension>
            <ns3:hr>163</ns3:hr>
            <ns3:cad>88</ns3:cad>
          </ns3:TrackPointExtension>
        </extensions>
      </trkpt>
      <trkpt lat="31.02193166501820087432861328125" lon="121.42867977730929851531982421875">
        <ele>4.80000019073486328125</ele>
        <time>2026-05-14T12:57:21.000Z</time>
        <extensions>
          <ns3:TrackPointExtension>
            <ns3:hr>163</ns3:hr>
            <ns3:cad>88</ns3:cad>
          </ns3:TrackPointExtension>
        </extensions>
      </trkpt>
      <trkpt lat="31.021899394690990447998046875" lon="121.42869888804852962493896484375">
        <ele>4.599999904632568359375</ele>
        <time>2026-05-14T12:57:22.000Z</time>
        <extensions>
          <ns3:TrackPointExtension>
            <ns3:hr>163</ns3:hr>
            <ns3:cad>87</ns3:cad>
          </ns3:TrackPointExtension>
        </extensions>
      </trkpt>
      <trkpt lat="31.021874248981475830078125" lon="121.428717076778411865234375">
        <ele>4.599999904632568359375</ele>
        <time>2026-05-14T12:57:23.000Z</time>
        <extensions>
          <ns3:TrackPointExtension>
            <ns3:hr>163</ns3:hr>
            <ns3:cad>87</ns3:cad>
          </ns3:TrackPointExtension>
        </extensions>
      </trkpt>
      <trkpt lat="31.0218516178429126739501953125" lon="121.42874297685921192169189453125">
        <ele>4.599999904632568359375</ele>
        <time>2026-05-14T12:57:24.000Z</time>
        <extensions>
          <ns3:TrackPointExtension>
            <ns3:hr>163</ns3:hr>
            <ns3:cad>87</ns3:cad>
          </ns3:TrackPointExtension>
        </extensions>
      </trkpt>
      <trkpt lat="31.02183007635176181793212890625" lon="121.428764350712299346923828125">
        <ele>4.400000095367431640625</ele>
        <time>2026-05-14T12:57:25.000Z</time>
        <extensions>
          <ns3:TrackPointExtension>
            <ns3:hr>163</ns3:hr>
            <ns3:cad>87</ns3:cad>
          </ns3:TrackPointExtension>
        </extensions>
      </trkpt>
      <trkpt lat="31.02181280963122844696044921875" lon="121.428790502250194549560546875">
        <ele>4.400000095367431640625</ele>
        <time>2026-05-14T12:57:26.000Z</time>
        <extensions>
          <ns3:TrackPointExtension>
            <ns3:hr>163</ns3:hr>
            <ns3:cad>88</ns3:cad>
          </ns3:TrackPointExtension>
        </extensions>
      </trkpt>
      <trkpt lat="31.02179369889199733734130859375" lon="121.4288171567022800445556640625">
        <ele>4.400000095367431640625</ele>
        <time>2026-05-14T12:57:27.000Z</time>
        <extensions>
          <ns3:TrackPointExtension>
            <ns3:hr>164</ns3:hr>
            <ns3:cad>88</ns3:cad>
          </ns3:TrackPointExtension>
        </extensions>
      </trkpt>
      <trkpt lat="31.0217771865427494049072265625" lon="121.428844816982746124267578125">
        <ele>4.400000095367431640625</ele>
        <time>2026-05-14T12:57:28.000Z</time>
        <extensions>
          <ns3:TrackPointExtension>
            <ns3:hr>164</ns3:hr>
            <ns3:cad>87</ns3:cad>
          </ns3:TrackPointExtension>
        </extensions>
      </trkpt>
      <trkpt lat="31.02176201529800891876220703125" lon="121.42887691967189311981201171875">
        <ele>4.599999904632568359375</ele>
        <time>2026-05-14T12:57:29.000Z</time>
        <extensions>
          <ns3:TrackPointExtension>
            <ns3:hr>164</ns3:hr>
            <ns3:cad>87</ns3:cad>
          </ns3:TrackPointExtension>
        </extensions>
      </trkpt>
      <trkpt lat="31.02175287902355194091796875" lon="121.4289046637713909149169921875">
        <ele>4.599999904632568359375</ele>
        <time>2026-05-14T12:57:30.000Z</time>
        <extensions>
          <ns3:TrackPointExtension>
            <ns3:hr>164</ns3:hr>
            <ns3:cad>87</ns3:cad>
          </ns3:TrackPointExtension>
        </extensions>
      </trkpt>
      <trkpt lat="31.0217389650642871856689453125" lon="121.4289422146975994110107421875">
        <ele>4.599999904632568359375</ele>
        <time>2026-05-14T12:57:31.000Z</time>
        <extensions>
          <ns3:TrackPointExtension>
            <ns3:hr>163</ns3:hr>
            <ns3:cad>87</ns3:cad>
          </ns3:TrackPointExtension>
        </extensions>
      </trkpt>
      <trkpt lat="31.0217329300940036773681640625" lon="121.428968869149684906005859375">
        <ele>4.599999904632568359375</ele>
        <time>2026-05-14T12:57:32.000Z</time>
        <extensions>
          <ns3:TrackPointExtension>
            <ns3:hr>164</ns3:hr>
            <ns3:cad>88</ns3:cad>
          </ns3:TrackPointExtension>
        </extensions>
      </trkpt>
      <trkpt lat="31.02172479964792728424072265625" lon="121.42900885082781314849853515625">
        <ele>4.599999904632568359375</ele>
        <time>2026-05-14T12:57:33.000Z</time>
        <extensions>
          <ns3:TrackPointExtension>
            <ns3:hr>164</ns3:hr>
            <ns3:cad>88</ns3:cad>
          </ns3:TrackPointExtension>
        </extensions>
      </trkpt>
      <trkpt lat="31.0217235423624515533447265625" lon="121.42903818748891353607177734375">
        <ele>4.599999904632568359375</ele>
        <time>2026-05-14T12:57:34.000Z</time>
        <extensions>
          <ns3:TrackPointExtension>
            <ns3:hr>163</ns3:hr>
            <ns3:cad>88</ns3:cad>
          </ns3:TrackPointExtension>
        </extensions>
      </trkpt>
      <trkpt lat="31.021724045276641845703125" lon="121.42907875590026378631591796875">
        <ele>4.599999904632568359375</ele>
        <time>2026-05-14T12:57:35.000Z</time>
        <extensions>
          <ns3:TrackPointExtension>
            <ns3:hr>164</ns3:hr>
            <ns3:cad>87</ns3:cad>
          </ns3:TrackPointExtension>
        </extensions>
      </trkpt>
      <trkpt lat="31.0217248834669589996337890625" lon="121.4291118644177913665771484375">
        <ele>4.599999904632568359375</ele>
        <time>2026-05-14T12:57:36.000Z</time>
        <extensions>
          <ns3:TrackPointExtension>
            <ns3:hr>164</ns3:hr>
            <ns3:cad>87</ns3:cad>
          </ns3:TrackPointExtension>
        </extensions>
      </trkpt>
      <trkpt lat="31.021731756627559661865234375" lon="121.42914748750627040863037109375">
        <ele>4.599999904632568359375</ele>
        <time>2026-05-14T12:57:37.000Z</time>
        <extensions>
          <ns3:TrackPointExtension>
            <ns3:hr>163</ns3:hr>
            <ns3:cad>87</ns3:cad>
          </ns3:TrackPointExtension>
        </extensions>
      </trkpt>
      <trkpt lat="31.021735779941082000732421875" lon="121.42918403260409832000732421875">
        <ele>4.599999904632568359375</ele>
        <time>2026-05-14T12:57:38.000Z</time>
        <extensions>
          <ns3:TrackPointExtension>
            <ns3:hr>164</ns3:hr>
            <ns3:cad>87</ns3:cad>
          </ns3:TrackPointExtension>
        </extensions>
      </trkpt>
      <trkpt lat="31.02174659259617328643798828125" lon="121.42921269871294498443603515625">
        <ele>4.599999904632568359375</ele>
        <time>2026-05-14T12:57:39.000Z</time>
        <extensions>
          <ns3:TrackPointExtension>
            <ns3:hr>164</ns3:hr>
            <ns3:cad>87</ns3:cad>
          </ns3:TrackPointExtension>
        </extensions>
      </trkpt>
      <trkpt lat="31.0217520408332347869873046875" lon="121.429245136678218841552734375">
        <ele>4.599999904632568359375</ele>
        <time>2026-05-14T12:57:40.000Z</time>
        <extensions>
          <ns3:TrackPointExtension>
            <ns3:hr>163</ns3:hr>
            <ns3:cad>87</ns3:cad>
          </ns3:TrackPointExtension>
        </extensions>
      </trkpt>
      <trkpt lat="31.0217627696692943572998046875" lon="121.42926433123648166656494140625">
        <ele>4.599999904632568359375</ele>
        <time>2026-05-14T12:57:41.000Z</time>
        <extensions>
          <ns3:TrackPointExtension>
            <ns3:hr>163</ns3:hr>
            <ns3:cad>87</ns3:cad>
          </ns3:TrackPointExtension>
        </extensions>
      </trkpt>
      <trkpt lat="31.02178079076111316680908203125" lon="121.42930246889591217041015625">
        <ele>4.80000019073486328125</ele>
        <time>2026-05-14T12:57:42.000Z</time>
        <extensions>
          <ns3:TrackPointExtension>
            <ns3:hr>163</ns3:hr>
            <ns3:cad>87</ns3:cad>
          </ns3:TrackPointExtension>
        </extensions>
      </trkpt>
      <trkpt lat="31.02180057205259799957275390625" lon="121.42932686023414134979248046875">
        <ele>4.80000019073486328125</ele>
        <time>2026-05-14T12:57:43.000Z</time>
        <extensions>
          <ns3:TrackPointExtension>
            <ns3:hr>163</ns3:hr>
            <ns3:cad>87</ns3:cad>
          </ns3:TrackPointExtension>
        </extensions>
      </trkpt>
      <trkpt lat="31.021824963390827178955078125" lon="121.429353095591068267822265625">
        <ele>4.599999904632568359375</ele>
        <time>2026-05-14T12:57:44.000Z</time>
        <extensions>
          <ns3:TrackPointExtension>
            <ns3:hr>163</ns3:hr>
            <ns3:cad>87</ns3:cad>
          </ns3:TrackPointExtension>
        </extensions>
      </trkpt>
      <trkpt lat="31.02184717543423175811767578125" lon="121.429382264614105224609375">
        <ele>4.80000019073486328125</ele>
        <time>2026-05-14T12:57:45.000Z</time>
        <extensions>
          <ns3:TrackPointExtension>
            <ns3:hr>164</ns3:hr>
            <ns3:cad>87</ns3:cad>
          </ns3:TrackPointExtension>
        </extensions>
      </trkpt>
      <trkpt lat="31.0218724049627780914306640625" lon="121.4294005371630191802978515625">
        <ele>4.80000019073486328125</ele>
        <time>2026-05-14T12:57:46.000Z</time>
        <extensions>
          <ns3:TrackPointExtension>
            <ns3:hr>163</ns3:hr>
            <ns3:cad>86</ns3:cad>
          </ns3:TrackPointExtension>
        </extensions>
      </trkpt>
      <trkpt lat="31.02189511992037296295166015625" lon="121.42942450940608978271484375">
        <ele>4.599999904632568359375</ele>
        <time>2026-05-14T12:57:47.000Z</time>
        <extensions>
          <ns3:TrackPointExtension>
            <ns3:hr>163</ns3:hr>
            <ns3:cad>86</ns3:cad>
          </ns3:TrackPointExtension>
        </extensions>
      </trkpt>
      <trkpt lat="31.02192043326795101165771484375" lon="121.4294414408504962921142578125">
        <ele>4.599999904632568359375</ele>
        <time>2026-05-14T12:57:48.000Z</time>
        <extensions>
          <ns3:TrackPointExtension>
            <ns3:hr>163</ns3:hr>
            <ns3:cad>86</ns3:cad>
          </ns3:TrackPointExtension>
        </extensions>
      </trkpt>
      <trkpt lat="31.0219480097293853759765625" lon="121.4294632337987422943115234375">
        <ele>4.599999904632568359375</ele>
        <time>2026-05-14T12:57:49.000Z</time>
        <extensions>
          <ns3:TrackPointExtension>
            <ns3:hr>164</ns3:hr>
            <ns3:cad>86</ns3:cad>
          </ns3:TrackPointExtension>
        </extensions>
      </trkpt>
      <trkpt lat="31.02197038941085338592529296875" lon="121.42947153188288211822509765625">
        <ele>4.599999904632568359375</ele>
        <time>2026-05-14T12:57:50.000Z</time>
        <extensions>
          <ns3:TrackPointExtension>
            <ns3:hr>163</ns3:hr>
            <ns3:cad>86</ns3:cad>
          </ns3:TrackPointExtension>
        </extensions>
      </trkpt>
      <trkpt lat="31.022003330290317535400390625" lon="121.429486535489559173583984375">
        <ele>4.599999904632568359375</ele>
        <time>2026-05-14T12:57:51.000Z</time>
        <extensions>
          <ns3:TrackPointExtension>
            <ns3:hr>163</ns3:hr>
            <ns3:cad>87</ns3:cad>
          </ns3:TrackPointExtension>
        </extensions>
      </trkpt>
      <trkpt lat="31.0220286436378955841064453125" lon="121.42948963679373264312744140625">
        <ele>4.599999904632568359375</ele>
        <time>2026-05-14T12:57:52.000Z</time>
        <extensions>
          <ns3:TrackPointExtension>
            <ns3:hr>163</ns3:hr>
            <ns3:cad>87</ns3:cad>
          </ns3:TrackPointExtension>
        </extensions>
      </trkpt>
      <trkpt lat="31.02206594310700893402099609375" lon="121.4294957555830478668212890625">
        <ele>4.599999904632568359375</ele>
        <time>2026-05-14T12:57:53.000Z</time>
        <extensions>
          <ns3:TrackPointExtension>
            <ns3:hr>163</ns3:hr>
            <ns3:cad>87</ns3:cad>
          </ns3:TrackPointExtension>
        </extensions>
      </trkpt>
      <trkpt lat="31.02209678851068019866943359375" lon="121.429495923221111297607421875">
        <ele>4.599999904632568359375</ele>
        <time>2026-05-14T12:57:54.000Z</time>
        <extensions>
          <ns3:TrackPointExtension>
            <ns3:hr>162</ns3:hr>
            <ns3:cad>87</ns3:cad>
          </ns3:TrackPointExtension>
        </extensions>
      </trkpt>
      <trkpt lat="31.02212914265692234039306640625" lon="121.429489888250827789306640625">
        <ele>4.599999904632568359375</ele>
        <time>2026-05-14T12:57:55.000Z</time>
        <extensions>
          <ns3:TrackPointExtension>
            <ns3:hr>162</ns3:hr>
            <ns3:cad>87</ns3:cad>
          </ns3:TrackPointExtension>
        </extensions>
      </trkpt>
      <trkpt lat="31.0221634246408939361572265625" lon="121.42949047498404979705810546875">
        <ele>4.599999904632568359375</ele>
        <time>2026-05-14T12:57:56.000Z</time>
        <extensions>
          <ns3:TrackPointExtension>
            <ns3:hr>162</ns3:hr>
            <ns3:cad>87</ns3:cad>
          </ns3:TrackPointExtension>
        </extensions>
      </trkpt>
      <trkpt lat="31.0221895761787891387939453125" lon="121.4294826798141002655029296875">
        <ele>4.599999904632568359375</ele>
        <time>2026-05-14T12:57:57.000Z</time>
        <extensions>
          <ns3:TrackPointExtension>
            <ns3:hr>162</ns3:hr>
            <ns3:cad>87</ns3:cad>
          </ns3:TrackPointExtension>
        </extensions>
      </trkpt>
      <trkpt lat="31.0222256183624267578125" lon="121.42948142252862453460693359375">
        <ele>4.599999904632568359375</ele>
        <time>2026-05-14T12:57:58.000Z</time>
        <extensions>
          <ns3:TrackPointExtension>
            <ns3:hr>162</ns3:hr>
            <ns3:cad>87</ns3:cad>
          </ns3:TrackPointExtension>
        </extensions>
      </trkpt>
      <trkpt lat="31.02225042879581451416015625" lon="121.42947773449122905731201171875">
        <ele>4.599999904632568359375</ele>
        <time>2026-05-14T12:57:59.000Z</time>
        <extensions>
          <ns3:TrackPointExtension>
            <ns3:hr>162</ns3:hr>
            <ns3:cad>86</ns3:cad>
          </ns3:TrackPointExtension>
        </extensions>
      </trkpt>
      <trkpt lat="31.02228772826492786407470703125" lon="121.4294749684631824493408203125">
        <ele>4.599999904632568359375</ele>
        <time>2026-05-14T12:58:00.000Z</time>
        <extensions>
          <ns3:TrackPointExtension>
            <ns3:hr>162</ns3:hr>
            <ns3:cad>87</ns3:cad>
          </ns3:TrackPointExtension>
        </extensions>
      </trkpt>
      <trkpt lat="31.02230868302285671234130859375" lon="121.4294628985226154327392578125">
        <ele>4.80000019073486328125</ele>
        <time>2026-05-14T12:58:01.000Z</time>
        <extensions>
          <ns3:TrackPointExtension>
            <ns3:hr>162</ns3:hr>
            <ns3:cad>87</ns3:cad>
          </ns3:TrackPointExtension>
        </extensions>
      </trkpt>
      <trkpt lat="31.0223414562642574310302734375" lon="121.42945392988622188568115234375">
        <ele>4.80000019073486328125</ele>
        <time>2026-05-14T12:58:02.000Z</time>
        <extensions>
          <ns3:TrackPointExtension>
            <ns3:hr>162</ns3:hr>
            <ns3:cad>87</ns3:cad>
          </ns3:TrackPointExtension>
        </extensions>
      </trkpt>
      <trkpt lat="31.02236442267894744873046875" lon="121.42944169230759143829345703125">
        <ele>4.80000019073486328125</ele>
        <time>2026-05-14T12:58:03.000Z</time>
        <extensions>
          <ns3:TrackPointExtension>
            <ns3:hr>162</ns3:hr>
            <ns3:cad>87</ns3:cad>
          </ns3:TrackPointExtension>
        </extensions>
      </trkpt>
      <trkpt lat="31.02239434607326984405517578125" lon="121.4294287003576755523681640625">
        <ele>4.80000019073486328125</ele>
        <time>2026-05-14T12:58:04.000Z</time>
        <extensions>
          <ns3:TrackPointExtension>
            <ns3:hr>162</ns3:hr>
            <ns3:cad>87</ns3:cad>
          </ns3:TrackPointExtension>
        </extensions>
      </trkpt>
      <trkpt lat="31.02242343127727508544921875" lon="121.42942182719707489013671875">
        <ele>4.80000019073486328125</ele>
        <time>2026-05-14T12:58:05.000Z</time>
        <extensions>
          <ns3:TrackPointExtension>
            <ns3:hr>162</ns3:hr>
            <ns3:cad>87</ns3:cad>
          </ns3:TrackPointExtension>
        </extensions>
      </trkpt>
      <trkpt lat="31.0224494151771068572998046875" lon="121.42941017635166645050048828125">
        <ele>4.80000019073486328125</ele>
        <time>2026-05-14T12:58:06.000Z</time>
        <extensions>
          <ns3:TrackPointExtension>
            <ns3:hr>162</ns3:hr>
            <ns3:cad>87</ns3:cad>
          </ns3:TrackPointExtension>
        </extensions>
      </trkpt>
      <trkpt lat="31.02248168550431728363037109375" lon="121.4294065721333026885986328125">
        <ele>4.599999904632568359375</ele>
        <time>2026-05-14T12:58:07.000Z</time>
        <extensions>
          <ns3:TrackPointExtension>
            <ns3:hr>162</ns3:hr>
            <ns3:cad>88</ns3:cad>
          </ns3:TrackPointExtension>
        </extensions>
      </trkpt>
      <trkpt lat="31.0225104354321956634521484375" lon="121.42939995042979717254638671875">
        <ele>4.599999904632568359375</ele>
        <time>2026-05-14T12:58:08.000Z</time>
        <extensions>
          <ns3:TrackPointExtension>
            <ns3:hr>162</ns3:hr>
            <ns3:cad>88</ns3:cad>
          </ns3:TrackPointExtension>
        </extensions>
      </trkpt>
      <trkpt lat="31.02254404686391353607177734375" lon="121.429397352039813995361328125">
        <ele>4.599999904632568359375</ele>
        <time>2026-05-14T12:58:09.000Z</time>
        <extensions>
          <ns3:TrackPointExtension>
            <ns3:hr>162</ns3:hr>
            <ns3:cad>88</ns3:cad>
          </ns3:TrackPointExtension>
        </extensions>
      </trkpt>
      <trkpt lat="31.02256936021149158477783203125" lon="121.42938989214599132537841796875">
        <ele>4.599999904632568359375</ele>
        <time>2026-05-14T12:58:10.000Z</time>
        <extensions>
          <ns3:TrackPointExtension>
            <ns3:hr>162</ns3:hr>
            <ns3:cad>87</ns3:cad>
          </ns3:TrackPointExtension>
        </extensions>
      </trkpt>
      <trkpt lat="31.0226026363670825958251953125" lon="121.42938888631761074066162109375">
        <ele>4.599999904632568359375</ele>
        <time>2026-05-14T12:58:11.000Z</time>
        <extensions>
          <ns3:TrackPointExtension>
            <ns3:hr>163</ns3:hr>
            <ns3:cad>87</ns3:cad>
          </ns3:TrackPointExtension>
        </extensions>
      </trkpt>
      <trkpt lat="31.0226264409720897674560546875" lon="121.42938318662345409393310546875">
        <ele>4.599999904632568359375</ele>
        <time>2026-05-14T12:58:12.000Z</time>
        <extensions>
          <ns3:TrackPointExtension>
            <ns3:hr>163</ns3:hr>
            <ns3:cad>87</ns3:cad>
          </ns3:TrackPointExtension>
        </extensions>
      </trkpt>
      <trkpt lat="31.0226614773273468017578125" lon="121.4293809235095977783203125">
        <ele>4.599999904632568359375</ele>
        <time>2026-05-14T12:58:13.000Z</time>
        <extensions>
          <ns3:TrackPointExtension>
            <ns3:hr>163</ns3:hr>
            <ns3:cad>88</ns3:cad>
          </ns3:TrackPointExtension>
        </extensions>
      </trkpt>
      <trkpt lat="31.02268419228494167327880859375" lon="121.42936927266418933868408203125">
        <ele>4.599999904632568359375</ele>
        <time>2026-05-14T12:58:14.000Z</time>
        <extensions>
          <ns3:TrackPointExtension>
            <ns3:hr>164</ns3:hr>
            <ns3:cad>88</ns3:cad>
          </ns3:TrackPointExtension>
        </extensions>
      </trkpt>
      <trkpt lat="31.02271989919245243072509765625" lon="121.42936550080776214599609375">
        <ele>4.599999904632568359375</ele>
        <time>2026-05-14T12:58:15.000Z</time>
        <extensions>
          <ns3:TrackPointExtension>
            <ns3:hr>164</ns3:hr>
            <ns3:cad>88</ns3:cad>
          </ns3:TrackPointExtension>
        </extensions>
      </trkpt>
      <trkpt lat="31.0227431170642375946044921875" lon="121.4293556101620197296142578125">
        <ele>4.599999904632568359375</ele>
        <time>2026-05-14T12:58:16.000Z</time>
        <extensions>
          <ns3:TrackPointExtension>
            <ns3:hr>164</ns3:hr>
            <ns3:cad>89</ns3:cad>
          </ns3:TrackPointExtension>
        </extensions>
      </trkpt>
      <trkpt lat="31.022777818143367767333984375" lon="121.42935133539140224456787109375">
        <ele>4.80000019073486328125</ele>
        <time>2026-05-14T12:58:17.000Z</time>
        <extensions>
          <ns3:TrackPointExtension>
            <ns3:hr>164</ns3:hr>
            <ns3:cad>89</ns3:cad>
          </ns3:TrackPointExtension>
        </extensions>
      </trkpt>
      <trkpt lat="31.022802293300628662109375" lon="121.42934161238372325897216796875">
        <ele>4.80000019073486328125</ele>
        <time>2026-05-14T12:58:18.000Z</time>
        <extensions>
          <ns3:TrackPointExtension>
            <ns3:hr>164</ns3:hr>
            <ns3:cad>89</ns3:cad>
          </ns3:TrackPointExtension>
        </extensions>
      </trkpt>
      <trkpt lat="31.022832803428173065185546875" lon="121.4293277822434902191162109375">
        <ele>4.80000019073486328125</ele>
        <time>2026-05-14T12:58:19.000Z</time>
        <extensions>
          <ns3:TrackPointExtension>
            <ns3:hr>165</ns3:hr>
            <ns3:cad>89</ns3:cad>
          </ns3:TrackPointExtension>
        </extensions>
      </trkpt>
      <trkpt lat="31.02286105044186115264892578125" lon="121.42932333983480930328369140625">
        <ele>4.80000019073486328125</ele>
        <time>2026-05-14T12:58:20.000Z</time>
        <extensions>
          <ns3:TrackPointExtension>
            <ns3:hr>165</ns3:hr>
            <ns3:cad>88</ns3:cad>
          </ns3:TrackPointExtension>
        </extensions>
      </trkpt>
      <trkpt lat="31.0228886269032955169677734375" lon="121.42931185662746429443359375">
        <ele>4.80000019073486328125</ele>
        <time>2026-05-14T12:58:21.000Z</time>
        <extensions>
          <ns3:TrackPointExtension>
            <ns3:hr>165</ns3:hr>
            <ns3:cad>87</ns3:cad>
          </ns3:TrackPointExtension>
        </extensions>
      </trkpt>
      <trkpt lat="31.022917963564395904541015625" lon="121.429306156933307647705078125">
        <ele>4.80000019073486328125</ele>
        <time>2026-05-14T12:58:22.000Z</time>
        <extensions>
          <ns3:TrackPointExtension>
            <ns3:hr>165</ns3:hr>
            <ns3:cad>86</ns3:cad>
          </ns3:TrackPointExtension>
        </extensions>
      </trkpt>
      <trkpt lat="31.022944115102291107177734375" lon="121.42929433844983577728271484375">
        <ele>4.80000019073486328125</ele>
        <time>2026-05-14T12:58:23.000Z</time>
        <extensions>
          <ns3:TrackPointExtension>
            <ns3:hr>165</ns3:hr>
            <ns3:cad>86</ns3:cad>
          </ns3:TrackPointExtension>
        </extensions>
      </trkpt>
      <trkpt lat="31.02297470904886722564697265625" lon="121.429285369813442230224609375">
        <ele>4.80000019073486328125</ele>
        <time>2026-05-14T12:58:24.000Z</time>
        <extensions>
          <ns3:TrackPointExtension>
            <ns3:hr>165</ns3:hr>
            <ns3:cad>87</ns3:cad>
          </ns3:TrackPointExtension>
        </extensions>
      </trkpt>
      <trkpt lat="31.02299742400646209716796875" lon="121.42926986329257488250732421875">
        <ele>4.80000019073486328125</ele>
        <time>2026-05-14T12:58:25.000Z</time>
        <extensions>
          <ns3:TrackPointExtension>
            <ns3:hr>165</ns3:hr>
            <ns3:cad>87</ns3:cad>
          </ns3:TrackPointExtension>
        </extensions>
      </trkpt>
      <trkpt lat="31.023031957447528839111328125" lon="121.42925309948623180389404296875">
        <ele>4.599999904632568359375</ele>
        <time>2026-05-14T12:58:26.000Z</time>
        <extensions>
          <ns3:TrackPointExtension>
            <ns3:hr>165</ns3:hr>
            <ns3:cad>87</ns3:cad>
          </ns3:TrackPointExtension>
        </extensions>
      </trkpt>
      <trkpt lat="31.02304964326322078704833984375" lon="121.42923499457538127899169921875">
        <ele>4.599999904632568359375</ele>
        <time>2026-05-14T12:58:27.000Z</time>
        <extensions>
          <ns3:TrackPointExtension>
            <ns3:hr>165</ns3:hr>
            <ns3:cad>87</ns3:cad>
          </ns3:TrackPointExtension>
        </extensions>
      </trkpt>
      <trkpt lat="31.0230753757059574127197265625" lon="121.42920590937137603759765625">
        <ele>4.400000095367431640625</ele>
        <time>2026-05-14T12:58:28.000Z</time>
        <extensions>
          <ns3:TrackPointExtension>
            <ns3:hr>165</ns3:hr>
            <ns3:cad>87</ns3:cad>
          </ns3:TrackPointExtension>
        </extensions>
      </trkpt>
      <trkpt lat="31.0230907984077930450439453125" lon="121.42917766235768795013427734375">
        <ele>4.400000095367431640625</ele>
        <time>2026-05-14T12:58:29.000Z</time>
        <extensions>
          <ns3:TrackPointExtension>
            <ns3:hr>165</ns3:hr>
            <ns3:cad>87</ns3:cad>
          </ns3:TrackPointExtension>
        </extensions>
      </trkpt>
      <trkpt lat="31.02310471236705780029296875" lon="121.429147236049175262451171875">
        <ele>4.400000095367431640625</ele>
        <time>2026-05-14T12:58:30.000Z</time>
        <extensions>
          <ns3:TrackPointExtension>
            <ns3:hr>165</ns3:hr>
            <ns3:cad>87</ns3:cad>
          </ns3:TrackPointExtension>
        </extensions>
      </trkpt>
      <trkpt lat="31.023124493658542633056640625" lon="121.42911848612129688262939453125">
        <ele>4.400000095367431640625</ele>
        <time>2026-05-14T12:58:31.000Z</time>
        <extensions>
          <ns3:TrackPointExtension>
            <ns3:hr>165</ns3:hr>
            <ns3:cad>87</ns3:cad>
          </ns3:TrackPointExtension>
        </extensions>
      </trkpt>
      <trkpt lat="31.0231374017894268035888671875" lon="121.4290912449359893798828125">
        <ele>4.599999904632568359375</ele>
        <time>2026-05-14T12:58:32.000Z</time>
        <extensions>
          <ns3:TrackPointExtension>
            <ns3:hr>165</ns3:hr>
            <ns3:cad>87</ns3:cad>
          </ns3:TrackPointExtension>
        </extensions>
      </trkpt>
      <trkpt lat="31.02315860800445079803466796875" lon="121.429059393703937530517578125">
        <ele>4.599999904632568359375</ele>
        <time>2026-05-14T12:58:33.000Z</time>
        <extensions>
          <ns3:TrackPointExtension>
            <ns3:hr>165</ns3:hr>
            <ns3:cad>87</ns3:cad>
          </ns3:TrackPointExtension>
        </extensions>
      </trkpt>
      <trkpt lat="31.02316464297473430633544921875" lon="121.42903265543282032012939453125">
        <ele>4.599999904632568359375</ele>
        <time>2026-05-14T12:58:34.000Z</time>
        <extensions>
          <ns3:TrackPointExtension>
            <ns3:hr>165</ns3:hr>
            <ns3:cad>86</ns3:cad>
          </ns3:TrackPointExtension>
        </extensions>
      </trkpt>
      <trkpt lat="31.0231709294021129608154296875" lon="121.4289898239076137542724609375">
        <ele>4.599999904632568359375</ele>
        <time>2026-05-14T12:58:35.000Z</time>
        <extensions>
          <ns3:TrackPointExtension>
            <ns3:hr>164</ns3:hr>
            <ns3:cad>85</ns3:cad>
          </ns3:TrackPointExtension>
        </extensions>
      </trkpt>
      <trkpt lat="31.02317444980144500732421875" lon="121.42895638011395931243896484375">
        <ele>4.599999904632568359375</ele>
        <time>2026-05-14T12:58:36.000Z</time>
        <extensions>
          <ns3:TrackPointExtension>
            <ns3:hr>165</ns3:hr>
            <ns3:cad>85</ns3:cad>
          </ns3:TrackPointExtension>
        </extensions>
      </trkpt>
      <trkpt lat="31.02317134849727153778076171875" lon="121.4289174042642116546630859375">
        <ele>4.599999904632568359375</ele>
        <time>2026-05-14T12:58:37.000Z</time>
        <extensions>
          <ns3:TrackPointExtension>
            <ns3:hr>165</ns3:hr>
            <ns3:cad>85</ns3:cad>
          </ns3:TrackPointExtension>
        </extensions>
      </trkpt>
      <trkpt lat="31.0231719352304935455322265625" lon="121.4288781769573688507080078125">
        <ele>4.599999904632568359375</ele>
        <time>2026-05-14T12:58:38.000Z</time>
        <extensions>
          <ns3:TrackPointExtension>
            <ns3:hr>164</ns3:hr>
            <ns3:cad>86</ns3:cad>
          </ns3:TrackPointExtension>
        </extensions>
      </trkpt>
      <trkpt lat="31.0231662355363368988037109375" lon="121.42884557135403156280517578125">
        <ele>4.599999904632568359375</ele>
        <time>2026-05-14T12:58:39.000Z</time>
        <extensions>
          <ns3:TrackPointExtension>
            <ns3:hr>165</ns3:hr>
            <ns3:cad>86</ns3:cad>
          </ns3:TrackPointExtension>
        </extensions>
      </trkpt>
      <trkpt lat="31.02316849865019321441650390625" lon="121.42880760133266448974609375">
        <ele>4.400000095367431640625</ele>
        <time>2026-05-14T12:58:40.000Z</time>
        <extensions>
          <ns3:TrackPointExtension>
            <ns3:hr>165</ns3:hr>
            <ns3:cad>86</ns3:cad>
          </ns3:TrackPointExtension>
        </extensions>
      </trkpt>
      <trkpt lat="31.0231652297079563140869140625" lon="121.42877809703350067138671875">
        <ele>4.400000095367431640625</ele>
        <time>2026-05-14T12:58:41.000Z</time>
        <extensions>
          <ns3:TrackPointExtension>
            <ns3:hr>165</ns3:hr>
            <ns3:cad>87</ns3:cad>
          </ns3:TrackPointExtension>
        </extensions>
      </trkpt>
      <trkpt lat="31.023159027099609375" lon="121.42873761244118213653564453125">
        <ele>4.400000095367431640625</ele>
        <time>2026-05-14T12:58:42.000Z</time>
        <extensions>
          <ns3:TrackPointExtension>
            <ns3:hr>165</ns3:hr>
            <ns3:cad>87</ns3:cad>
          </ns3:TrackPointExtension>
        </extensions>
      </trkpt>
      <trkpt lat="31.023150645196437835693359375" lon="121.4287122152745723724365234375">
        <ele>4.19999980926513671875</ele>
        <time>2026-05-14T12:58:43.000Z</time>
        <extensions>
          <ns3:TrackPointExtension>
            <ns3:hr>165</ns3:hr>
            <ns3:cad>87</ns3:cad>
          </ns3:TrackPointExtension>
        </extensions>
      </trkpt>
      <trkpt lat="31.023134551942348480224609375" lon="121.4286719821393489837646484375">
        <ele>4.19999980926513671875</ele>
        <time>2026-05-14T12:58:44.000Z</time>
        <extensions>
          <ns3:TrackPointExtension>
            <ns3:hr>165</ns3:hr>
            <ns3:cad>87</ns3:cad>
          </ns3:TrackPointExtension>
        </extensions>
      </trkpt>
      <trkpt lat="31.0231174528598785400390625" lon="121.4286458306014537811279296875">
        <ele>4.19999980926513671875</ele>
        <time>2026-05-14T12:58:45.000Z</time>
        <extensions>
          <ns3:TrackPointExtension>
            <ns3:hr>164</ns3:hr>
            <ns3:cad>87</ns3:cad>
          </ns3:TrackPointExtension>
        </extensions>
      </trkpt>
      <trkpt lat="31.023094654083251953125" lon="121.42861573956906795501708984375">
        <ele>4.19999980926513671875</ele>
        <time>2026-05-14T12:58:46.000Z</time>
        <extensions>
          <ns3:TrackPointExtension>
            <ns3:hr>165</ns3:hr>
            <ns3:cad>87</ns3:cad>
          </ns3:TrackPointExtension>
        </extensions>
      </trkpt>
      <trkpt lat="31.02307512424886226654052734375" lon="121.42858556471765041351318359375">
        <ele>4.19999980926513671875</ele>
        <time>2026-05-14T12:58:47.000Z</time>
        <extensions>
          <ns3:TrackPointExtension>
            <ns3:hr>164</ns3:hr>
            <ns3:cad>87</ns3:cad>
          </ns3:TrackPointExtension>
        </extensions>
      </trkpt>
      <trkpt lat="31.0230529122054576873779296875" lon="121.4285677112638950347900390625">
        <ele>4.19999980926513671875</ele>
        <time>2026-05-14T12:58:48.000Z</time>
        <extensions>
          <ns3:TrackPointExtension>
            <ns3:hr>164</ns3:hr>
            <ns3:cad>87</ns3:cad>
          </ns3:TrackPointExtension>
        </extensions>
      </trkpt>
      <trkpt lat="31.02302935905754566192626953125" lon="121.42854197882115840911865234375">
        <ele>4.19999980926513671875</ele>
        <time>2026-05-14T12:58:49.000Z</time>
        <extensions>
          <ns3:TrackPointExtension>
            <ns3:hr>164</ns3:hr>
            <ns3:cad>87</ns3:cad>
          </ns3:TrackPointExtension>
        </extensions>
      </trkpt>
      <trkpt lat="31.0230093263089656829833984375" lon="121.42853108234703540802001953125">
        <ele>4.19999980926513671875</ele>
        <time>2026-05-14T12:58:50.000Z</time>
        <extensions>
          <ns3:TrackPointExtension>
            <ns3:hr>164</ns3:hr>
            <ns3:cad>87</ns3:cad>
          </ns3:TrackPointExtension>
        </extensions>
      </trkpt>
      <trkpt lat="31.0229828394949436187744140625" lon="121.4285060204565525054931640625">
        <ele>4.19999980926513671875</ele>
        <time>2026-05-14T12:58:51.000Z</time>
        <extensions>
          <ns3:TrackPointExtension>
            <ns3:hr>163</ns3:hr>
            <ns3:cad>86</ns3:cad>
          </ns3:TrackPointExtension>
        </extensions>
      </trkpt>
      <trkpt lat="31.02295660413801670074462890625" lon="121.42849378287792205810546875">
        <ele>4.19999980926513671875</ele>
        <time>2026-05-14T12:58:52.000Z</time>
        <extensions>
          <ns3:TrackPointExtension>
            <ns3:hr>164</ns3:hr>
            <ns3:cad>86</ns3:cad>
          </ns3:TrackPointExtension>
        </extensions>
      </trkpt>
      <trkpt lat="31.02292642928659915924072265625" lon="121.42847928218543529510498046875">
        <ele>4.19999980926513671875</ele>
        <time>2026-05-14T12:58:53.000Z</time>
        <extensions>
          <ns3:TrackPointExtension>
            <ns3:hr>163</ns3:hr>
            <ns3:cad>86</ns3:cad>
          </ns3:TrackPointExtension>
        </extensions>
      </trkpt>
      <trkpt lat="31.0228983499109745025634765625" lon="121.428470648825168609619140625">
        <ele>4.19999980926513671875</ele>
        <time>2026-05-14T12:58:54.000Z</time>
        <extensions>
          <ns3:TrackPointExtension>
            <ns3:hr>163</ns3:hr>
            <ns3:cad>87</ns3:cad>
          </ns3:TrackPointExtension>
        </extensions>
      </trkpt>
      <trkpt lat="31.02286574430763721466064453125" lon="121.42846830189228057861328125">
        <ele>4.19999980926513671875</ele>
        <time>2026-05-14T12:58:55.000Z</time>
        <extensions>
          <ns3:TrackPointExtension>
            <ns3:hr>164</ns3:hr>
            <ns3:cad>87</ns3:cad>
          </ns3:TrackPointExtension>
        </extensions>
      </trkpt>
      <trkpt lat="31.0228329710662364959716796875" lon="121.42845933325588703155517578125">
        <ele>4</ele>
        <time>2026-05-14T12:58:56.000Z</time>
        <extensions>
          <ns3:TrackPointExtension>
            <ns3:hr>164</ns3:hr>
            <ns3:cad>87</ns3:cad>
          </ns3:TrackPointExtension>
        </extensions>
      </trkpt>
      <trkpt lat="31.02280438877642154693603515625" lon="121.4284644462168216705322265625">
        <ele>4</ele>
        <time>2026-05-14T12:58:57.000Z</time>
        <extensions>
          <ns3:TrackPointExtension>
            <ns3:hr>164</ns3:hr>
            <ns3:cad>87</ns3:cad>
          </ns3:TrackPointExtension>
        </extensions>
      </trkpt>
      <trkpt lat="31.02277278900146484375" lon="121.42846000380814075469970703125">
        <ele>4</ele>
        <time>2026-05-14T12:58:58.000Z</time>
        <extensions>
          <ns3:TrackPointExtension>
            <ns3:hr>163</ns3:hr>
            <ns3:cad>86</ns3:cad>
          </ns3:TrackPointExtension>
        </extensions>
      </trkpt>
      <trkpt lat="31.0227511636912822723388671875" lon="121.4284677989780902862548828125">
        <ele>4</ele>
        <time>2026-05-14T12:58:59.000Z</time>
        <extensions>
          <ns3:TrackPointExtension>
            <ns3:hr>163</ns3:hr>
            <ns3:cad>86</ns3:cad>
          </ns3:TrackPointExtension>
        </extensions>
      </trkpt>
      <trkpt lat="31.0227193124592304229736328125" lon="121.428473331034183502197265625">
        <ele>4</ele>
        <time>2026-05-14T12:59:00.000Z</time>
        <extensions>
          <ns3:TrackPointExtension>
            <ns3:hr>163</ns3:hr>
            <ns3:cad>86</ns3:cad>
          </ns3:TrackPointExtension>
        </extensions>
      </trkpt>
      <trkpt lat="31.022698022425174713134765625" lon="121.4284832216799259185791015625">
        <ele>4</ele>
        <time>2026-05-14T12:59:01.000Z</time>
        <extensions>
          <ns3:TrackPointExtension>
            <ns3:hr>163</ns3:hr>
            <ns3:cad>86</ns3:cad>
          </ns3:TrackPointExtension>
        </extensions>
      </trkpt>
      <trkpt lat="31.022668182849884033203125" lon="121.42849504016339778900146484375">
        <ele>4</ele>
        <time>2026-05-14T12:59:02.000Z</time>
        <extensions>
          <ns3:TrackPointExtension>
            <ns3:hr>163</ns3:hr>
            <ns3:cad>86</ns3:cad>
          </ns3:TrackPointExtension>
        </extensions>
      </trkpt>
      <trkpt lat="31.02263909764587879180908203125" lon="121.42850560136139392852783203125">
        <ele>4</ele>
        <time>2026-05-14T12:59:03.000Z</time>
        <extensions>
          <ns3:TrackPointExtension>
            <ns3:hr>164</ns3:hr>
            <ns3:cad>86</ns3:cad>
          </ns3:TrackPointExtension>
        </extensions>
      </trkpt>
      <trkpt lat="31.0226118564605712890625" lon="121.4285144023597240447998046875">
        <ele>4.19999980926513671875</ele>
        <time>2026-05-14T12:59:04.000Z</time>
        <extensions>
          <ns3:TrackPointExtension>
            <ns3:hr>163</ns3:hr>
            <ns3:cad>86</ns3:cad>
          </ns3:TrackPointExtension>
        </extensions>
      </trkpt>
      <trkpt lat="31.02258075959980487823486328125" lon="121.42851448617875576019287109375">
        <ele>4.19999980926513671875</ele>
        <time>2026-05-14T12:59:05.000Z</time>
        <extensions>
          <ns3:TrackPointExtension>
            <ns3:hr>163</ns3:hr>
            <ns3:cad>87</ns3:cad>
          </ns3:TrackPointExtension>
        </extensions>
      </trkpt>
      <trkpt lat="31.02255477569997310638427734375" lon="121.42852135933935642242431640625">
        <ele>4.400000095367431640625</ele>
        <time>2026-05-14T12:59:06.000Z</time>
        <extensions>
          <ns3:TrackPointExtension>
            <ns3:hr>164</ns3:hr>
            <ns3:cad>87</ns3:cad>
          </ns3:TrackPointExtension>
        </extensions>
      </trkpt>
      <trkpt lat="31.02252074517309665679931640625" lon="121.4285241253674030303955078125">
        <ele>4.400000095367431640625</ele>
        <time>2026-05-14T12:59:07.000Z</time>
        <extensions>
          <ns3:TrackPointExtension>
            <ns3:hr>163</ns3:hr>
            <ns3:cad>86</ns3:cad>
          </ns3:TrackPointExtension>
        </extensions>
      </trkpt>
      <trkpt lat="31.0224990360438823699951171875" lon="121.42853359691798686981201171875">
        <ele>4.400000095367431640625</ele>
        <time>2026-05-14T12:59:08.000Z</time>
        <extensions>
          <ns3:TrackPointExtension>
            <ns3:hr>163</ns3:hr>
            <ns3:cad>86</ns3:cad>
          </ns3:TrackPointExtension>
        </extensions>
      </trkpt>
      <trkpt lat="31.02246961556375026702880859375" lon="121.4285459183156490325927734375">
        <ele>4.400000095367431640625</ele>
        <time>2026-05-14T12:59:09.000Z</time>
        <extensions>
          <ns3:TrackPointExtension>
            <ns3:hr>164</ns3:hr>
            <ns3:cad>85</ns3:cad>
          </ns3:TrackPointExtension>
        </extensions>
      </trkpt>
      <trkpt lat="31.02244078181684017181396484375" lon="121.42855186946690082550048828125">
        <ele>4.400000095367431640625</ele>
        <time>2026-05-14T12:59:10.000Z</time>
        <extensions>
          <ns3:TrackPointExtension>
            <ns3:hr>164</ns3:hr>
            <ns3:cad>85</ns3:cad>
          </ns3:TrackPointExtension>
        </extensions>
      </trkpt>
      <trkpt lat="31.0224142111837863922119140625" lon="121.4285626821219921112060546875">
        <ele>4.400000095367431640625</ele>
        <time>2026-05-14T12:59:11.000Z</time>
        <extensions>
          <ns3:TrackPointExtension>
            <ns3:hr>164</ns3:hr>
            <ns3:cad>86</ns3:cad>
          </ns3:TrackPointExtension>
        </extensions>
      </trkpt>
      <trkpt lat="31.02238378487527370452880859375" lon="121.4285646937787532806396484375">
        <ele>4.19999980926513671875</ele>
        <time>2026-05-14T12:59:12.000Z</time>
        <extensions>
          <ns3:TrackPointExtension>
            <ns3:hr>163</ns3:hr>
            <ns3:cad>86</ns3:cad>
          </ns3:TrackPointExtension>
        </extensions>
      </trkpt>
      <trkpt lat="31.0223565436899662017822265625" lon="121.42857517115771770477294921875">
        <ele>4.400000095367431640625</ele>
        <time>2026-05-14T12:59:13.000Z</time>
        <extensions>
          <ns3:TrackPointExtension>
            <ns3:hr>164</ns3:hr>
            <ns3:cad>86</ns3:cad>
          </ns3:TrackPointExtension>
        </extensions>
      </trkpt>
      <trkpt lat="31.0223236866295337677001953125" lon="121.42857483588159084320068359375">
        <ele>4.400000095367431640625</ele>
        <time>2026-05-14T12:59:14.000Z</time>
        <extensions>
          <ns3:TrackPointExtension>
            <ns3:hr>164</ns3:hr>
            <ns3:cad>87</ns3:cad>
          </ns3:TrackPointExtension>
        </extensions>
      </trkpt>
      <trkpt lat="31.02230030111968517303466796875" lon="121.428581960499286651611328125">
        <ele>4.400000095367431640625</ele>
        <time>2026-05-14T12:59:15.000Z</time>
        <extensions>
          <ns3:TrackPointExtension>
            <ns3:hr>163</ns3:hr>
            <ns3:cad>87</ns3:cad>
          </ns3:TrackPointExtension>
        </extensions>
      </trkpt>
      <trkpt lat="31.02226526476442813873291015625" lon="121.42858556471765041351318359375">
        <ele>4.400000095367431640625</ele>
        <time>2026-05-14T12:59:16.000Z</time>
        <extensions>
          <ns3:TrackPointExtension>
            <ns3:hr>164</ns3:hr>
            <ns3:cad>87</ns3:cad>
          </ns3:TrackPointExtension>
        </extensions>
      </trkpt>
      <trkpt lat="31.0222418792545795440673828125" lon="121.42859570682048797607421875">
        <ele>4.599999904632568359375</ele>
        <time>2026-05-14T12:59:17.000Z</time>
        <extensions>
          <ns3:TrackPointExtension>
            <ns3:hr>164</ns3:hr>
            <ns3:cad>87</ns3:cad>
          </ns3:TrackPointExtension>
        </extensions>
      </trkpt>
      <trkpt lat="31.02221111766993999481201171875" lon="121.4286049269139766693115234375">
        <ele>4.400000095367431640625</ele>
        <time>2026-05-14T12:59:18.000Z</time>
        <extensions>
          <ns3:TrackPointExtension>
            <ns3:hr>164</ns3:hr>
            <ns3:cad>87</ns3:cad>
          </ns3:TrackPointExtension>
        </extensions>
      </trkpt>
      <trkpt lat="31.02218094281852245330810546875" lon="121.4286146499216556549072265625">
        <ele>4.599999904632568359375</ele>
        <time>2026-05-14T12:59:19.000Z</time>
        <extensions>
          <ns3:TrackPointExtension>
            <ns3:hr>165</ns3:hr>
            <ns3:cad>87</ns3:cad>
          </ns3:TrackPointExtension>
        </extensions>
      </trkpt>
      <trkpt lat="31.02215378545224666595458984375" lon="121.4286299049854278564453125">
        <ele>4.599999904632568359375</ele>
        <time>2026-05-14T12:59:20.000Z</time>
        <extensions>
          <ns3:TrackPointExtension>
            <ns3:hr>164</ns3:hr>
            <ns3:cad>87</ns3:cad>
          </ns3:TrackPointExtension>
        </extensions>
      </trkpt>
      <trkpt lat="31.02212495170533657073974609375" lon="121.42863518558442592620849609375">
        <ele>4.599999904632568359375</ele>
        <time>2026-05-14T12:59:21.000Z</time>
        <extensions>
          <ns3:TrackPointExtension>
            <ns3:hr>164</ns3:hr>
            <ns3:cad>87</ns3:cad>
          </ns3:TrackPointExtension>
        </extensions>
      </trkpt>
      <trkpt lat="31.02209695614874362945556640625" lon="121.4286471717059612274169921875">
        <ele>4.599999904632568359375</ele>
        <time>2026-05-14T12:59:22.000Z</time>
        <extensions>
          <ns3:TrackPointExtension>
            <ns3:hr>165</ns3:hr>
            <ns3:cad>87</ns3:cad>
          </ns3:TrackPointExtension>
        </extensions>
      </trkpt>
      <trkpt lat="31.02206259034574031829833984375" lon="121.428649686276912689208984375">
        <ele>4.80000019073486328125</ele>
        <time>2026-05-14T12:59:23.000Z</time>
        <extensions>
          <ns3:TrackPointExtension>
            <ns3:hr>165</ns3:hr>
            <ns3:cad>87</ns3:cad>
          </ns3:TrackPointExtension>
        </extensions>
      </trkpt>
      <trkpt lat="31.02203828282654285430908203125" lon="121.42865731380879878997802734375">
        <ele>4.80000019073486328125</ele>
        <time>2026-05-14T12:59:24.000Z</time>
        <extensions>
          <ns3:TrackPointExtension>
            <ns3:hr>165</ns3:hr>
            <ns3:cad>87</ns3:cad>
          </ns3:TrackPointExtension>
        </extensions>
      </trkpt>
      <trkpt lat="31.0220024921000003814697265625" lon="121.4286605827510356903076171875">
        <ele>4.80000019073486328125</ele>
        <time>2026-05-14T12:59:25.000Z</time>
        <extensions>
          <ns3:TrackPointExtension>
            <ns3:hr>165</ns3:hr>
            <ns3:cad>87</ns3:cad>
          </ns3:TrackPointExtension>
        </extensions>
      </trkpt>
      <trkpt lat="31.02197675965726375579833984375" lon="121.42866812646389007568359375">
        <ele>4.599999904632568359375</ele>
        <time>2026-05-14T12:59:26.000Z</time>
        <extensions>
          <ns3:TrackPointExtension>
            <ns3:hr>165</ns3:hr>
            <ns3:cad>87</ns3:cad>
          </ns3:TrackPointExtension>
        </extensions>
      </trkpt>
      <trkpt lat="31.02194490842521190643310546875" lon="121.42868556082248687744140625">
        <ele>4.599999904632568359375</ele>
        <time>2026-05-14T12:59:27.000Z</time>
        <extensions>
          <ns3:TrackPointExtension>
            <ns3:hr>165</ns3:hr>
            <ns3:cad>86</ns3:cad>
          </ns3:TrackPointExtension>
        </extensions>
      </trkpt>
      <trkpt lat="31.0219210200011730194091796875" lon="121.42870307900011539459228515625">
        <ele>4.599999904632568359375</ele>
        <time>2026-05-14T12:59:28.000Z</time>
        <extensions>
          <ns3:TrackPointExtension>
            <ns3:hr>165</ns3:hr>
            <ns3:cad>86</ns3:cad>
          </ns3:TrackPointExtension>
        </extensions>
      </trkpt>
      <trkpt lat="31.02189813740551471710205078125" lon="121.42872386611998081207275390625">
        <ele>4.599999904632568359375</ele>
        <time>2026-05-14T12:59:29.000Z</time>
        <extensions>
          <ns3:TrackPointExtension>
            <ns3:hr>165</ns3:hr>
            <ns3:cad>87</ns3:cad>
          </ns3:TrackPointExtension>
        </extensions>
      </trkpt>
      <trkpt lat="31.02187098003923892974853515625" lon="121.42874012701213359832763671875">
        <ele>4.599999904632568359375</ele>
        <time>2026-05-14T12:59:30.000Z</time>
        <extensions>
          <ns3:TrackPointExtension>
            <ns3:hr>165</ns3:hr>
            <ns3:cad>87</ns3:cad>
          </ns3:TrackPointExtension>
        </extensions>
      </trkpt>
      <trkpt lat="31.021850444376468658447265625" lon="121.4287586510181427001953125">
        <ele>4.599999904632568359375</ele>
        <time>2026-05-14T12:59:31.000Z</time>
        <extensions>
          <ns3:TrackPointExtension>
            <ns3:hr>165</ns3:hr>
            <ns3:cad>86</ns3:cad>
          </ns3:TrackPointExtension>
        </extensions>
      </trkpt>
      <trkpt lat="31.0218274779617786407470703125" lon="121.4287796057760715484619140625">
        <ele>4.599999904632568359375</ele>
        <time>2026-05-14T12:59:32.000Z</time>
        <extensions>
          <ns3:TrackPointExtension>
            <ns3:hr>165</ns3:hr>
            <ns3:cad>86</ns3:cad>
          </ns3:TrackPointExtension>
        </extensions>
      </trkpt>
      <trkpt lat="31.021813564002513885498046875" lon="121.4288020692765712738037109375">
        <ele>4.599999904632568359375</ele>
        <time>2026-05-14T12:59:33.000Z</time>
        <extensions>
          <ns3:TrackPointExtension>
            <ns3:hr>164</ns3:hr>
            <ns3:cad>86</ns3:cad>
          </ns3:TrackPointExtension>
        </extensions>
      </trkpt>
      <trkpt lat="31.02179654873907566070556640625" lon="121.428835093975067138671875">
        <ele>4.400000095367431640625</ele>
        <time>2026-05-14T12:59:34.000Z</time>
        <extensions>
          <ns3:TrackPointExtension>
            <ns3:hr>164</ns3:hr>
            <ns3:cad>86</ns3:cad>
          </ns3:TrackPointExtension>
        </extensions>
      </trkpt>
      <trkpt lat="31.02178313769400119781494140625" lon="121.42886417917907238006591796875">
        <ele>4.400000095367431640625</ele>
        <time>2026-05-14T12:59:35.000Z</time>
        <extensions>
          <ns3:TrackPointExtension>
            <ns3:hr>164</ns3:hr>
            <ns3:cad>87</ns3:cad>
          </ns3:TrackPointExtension>
        </extensions>
      </trkpt>
      <trkpt lat="31.0217714868485927581787109375" lon="121.4288935996592044830322265625">
        <ele>4.400000095367431640625</ele>
        <time>2026-05-14T12:59:36.000Z</time>
        <extensions>
          <ns3:TrackPointExtension>
            <ns3:hr>163</ns3:hr>
            <ns3:cad>87</ns3:cad>
          </ns3:TrackPointExtension>
        </extensions>
      </trkpt>
      <trkpt lat="31.0217563994228839874267578125" lon="121.42892553471028804779052734375">
        <ele>4.400000095367431640625</ele>
        <time>2026-05-14T12:59:37.000Z</time>
        <extensions>
          <ns3:TrackPointExtension>
            <ns3:hr>163</ns3:hr>
            <ns3:cad>86</ns3:cad>
          </ns3:TrackPointExtension>
        </extensions>
      </trkpt>
      <trkpt lat="31.0217513702809810638427734375" lon="121.42895017750561237335205078125">
        <ele>4.599999904632568359375</ele>
        <time>2026-05-14T12:59:38.000Z</time>
        <extensions>
          <ns3:TrackPointExtension>
            <ns3:hr>163</ns3:hr>
            <ns3:cad>85</ns3:cad>
          </ns3:TrackPointExtension>
        </extensions>
      </trkpt>
      <trkpt lat="31.02174122817814350128173828125" lon="121.42898588441312313079833984375">
        <ele>4.80000019073486328125</ele>
        <time>2026-05-14T12:59:39.000Z</time>
        <extensions>
          <ns3:TrackPointExtension>
            <ns3:hr>162</ns3:hr>
            <ns3:cad>85</ns3:cad>
          </ns3:TrackPointExtension>
        </extensions>
      </trkpt>
      <trkpt lat="31.02173385210335254669189453125" lon="121.42901144921779632568359375">
        <ele>4.80000019073486328125</ele>
        <time>2026-05-14T12:59:40.000Z</time>
        <extensions>
          <ns3:TrackPointExtension>
            <ns3:hr>161</ns3:hr>
            <ns3:cad>85</ns3:cad>
          </ns3:TrackPointExtension>
        </extensions>
      </trkpt>
      <trkpt lat="31.021734438836574554443359375" lon="121.429045312106609344482421875">
        <ele>4.80000019073486328125</ele>
        <time>2026-05-14T12:59:41.000Z</time>
        <extensions>
          <ns3:TrackPointExtension>
            <ns3:hr>160</ns3:hr>
            <ns3:cad>85</ns3:cad>
          </ns3:TrackPointExtension>
        </extensions>
      </trkpt>
      <trkpt lat="31.02173267863690853118896484375" lon="121.42907850444316864013671875">
        <ele>4.599999904632568359375</ele>
        <time>2026-05-14T12:59:42.000Z</time>
        <extensions>
          <ns3:TrackPointExtension>
            <ns3:hr>159</ns3:hr>
            <ns3:cad>85</ns3:cad>
          </ns3:TrackPointExtension>
        </extensions>
      </trkpt>
      <trkpt lat="31.0217369534075260162353515625" lon="121.4291111938655376434326171875">
        <ele>4.599999904632568359375</ele>
        <time>2026-05-14T12:59:43.000Z</time>
        <extensions>
          <ns3:TrackPointExtension>
            <ns3:hr>158</ns3:hr>
            <ns3:cad>85</ns3:cad>
          </ns3:TrackPointExtension>
        </extensions>
      </trkpt>
      <trkpt lat="31.0217369534075260162353515625" lon="121.4291463978588581085205078125">
        <ele>4.599999904632568359375</ele>
        <time>2026-05-14T12:59:44.000Z</time>
        <extensions>
          <ns3:TrackPointExtension>
            <ns3:hr>158</ns3:hr>
            <ns3:cad>86</ns3:cad>
          </ns3:TrackPointExtension>
        </extensions>
      </trkpt>
      <trkpt lat="31.02174215018749237060546875" lon="121.429175399243831634521484375">
        <ele>4.599999904632568359375</ele>
        <time>2026-05-14T12:59:45.000Z</time>
        <extensions>
          <ns3:TrackPointExtension>
            <ns3:hr>158</ns3:hr>
            <ns3:cad>86</ns3:cad>
          </ns3:TrackPointExtension>
        </extensions>
      </trkpt>
      <trkpt lat="31.02174625732004642486572265625" lon="121.4292127825319766998291015625">
        <ele>4.599999904632568359375</ele>
        <time>2026-05-14T12:59:46.000Z</time>
        <extensions>
          <ns3:TrackPointExtension>
            <ns3:hr>157</ns3:hr>
            <ns3:cad>86</ns3:cad>
          </ns3:TrackPointExtension>
        </extensions>
      </trkpt>
      <trkpt lat="31.02175497449934482574462890625" lon="121.42923717387020587921142578125">
        <ele>4.599999904632568359375</ele>
        <time>2026-05-14T12:59:47.000Z</time>
        <extensions>
          <ns3:TrackPointExtension>
            <ns3:hr>156</ns3:hr>
            <ns3:cad>87</ns3:cad>
          </ns3:TrackPointExtension>
        </extensions>
      </trkpt>
      <trkpt lat="31.02176737971603870391845703125" lon="121.4292758144438266754150390625">
        <ele>4.80000019073486328125</ele>
        <time>2026-05-14T12:59:48.000Z</time>
        <extensions>
          <ns3:TrackPointExtension>
            <ns3:hr>156</ns3:hr>
            <ns3:cad>87</ns3:cad>
          </ns3:TrackPointExtension>
        </extensions>
      </trkpt>
      <trkpt lat="31.02178297005593776702880859375" lon="121.42929970286786556243896484375">
        <ele>4.80000019073486328125</ele>
        <time>2026-05-14T12:59:49.000Z</time>
        <extensions>
          <ns3:TrackPointExtension>
            <ns3:hr>156</ns3:hr>
            <ns3:cad>87</ns3:cad>
          </ns3:TrackPointExtension>
        </extensions>
      </trkpt>
      <trkpt lat="31.021804511547088623046875" lon="121.42932518385350704193115234375">
        <ele>4.80000019073486328125</ele>
        <time>2026-05-14T12:59:50.000Z</time>
        <extensions>
          <ns3:TrackPointExtension>
            <ns3:hr>156</ns3:hr>
            <ns3:cad>86</ns3:cad>
          </ns3:TrackPointExtension>
        </extensions>
      </trkpt>
      <trkpt lat="31.02182370610535144805908203125" lon="121.42935250885784626007080078125">
        <ele>4.80000019073486328125</ele>
        <time>2026-05-14T12:59:51.000Z</time>
        <extensions>
          <ns3:TrackPointExtension>
            <ns3:hr>155</ns3:hr>
            <ns3:cad>86</ns3:cad>
          </ns3:TrackPointExtension>
        </extensions>
      </trkpt>
      <trkpt lat="31.02184516377747058868408203125" lon="121.4293743856251239776611328125">
        <ele>4.80000019073486328125</ele>
        <time>2026-05-14T12:59:52.000Z</time>
        <extensions>
          <ns3:TrackPointExtension>
            <ns3:hr>155</ns3:hr>
            <ns3:cad>86</ns3:cad>
          </ns3:TrackPointExtension>
        </extensions>
      </trkpt>
      <trkpt lat="31.021865867078304290771484375" lon="121.4294077455997467041015625">
        <ele>4.80000019073486328125</ele>
        <time>2026-05-14T12:59:53.000Z</time>
        <extensions>
          <ns3:TrackPointExtension>
            <ns3:hr>155</ns3:hr>
            <ns3:cad>86</ns3:cad>
          </ns3:TrackPointExtension>
        </extensions>
      </trkpt>
      <trkpt lat="31.021886654198169708251953125" lon="121.429424844682216644287109375">
        <ele>4.80000019073486328125</ele>
        <time>2026-05-14T12:59:54.000Z</time>
        <extensions>
          <ns3:TrackPointExtension>
            <ns3:hr>155</ns3:hr>
            <ns3:cad>86</ns3:cad>
          </ns3:TrackPointExtension>
        </extensions>
      </trkpt>
      <trkpt lat="31.02191993035376071929931640625" lon="121.4294508285820484161376953125">
        <ele>4.80000019073486328125</ele>
        <time>2026-05-14T12:59:55.000Z</time>
        <extensions>
          <ns3:TrackPointExtension>
            <ns3:hr>155</ns3:hr>
            <ns3:cad>86</ns3:cad>
          </ns3:TrackPointExtension>
        </extensions>
      </trkpt>
      <trkpt lat="31.0219448246061801910400390625" lon="121.42946147359907627105712890625">
        <ele>4.80000019073486328125</ele>
        <time>2026-05-14T12:59:56.000Z</time>
        <extensions>
          <ns3:TrackPointExtension>
            <ns3:hr>155</ns3:hr>
            <ns3:cad>86</ns3:cad>
          </ns3:TrackPointExtension>
        </extensions>
      </trkpt>
      <trkpt lat="31.0219790227711200714111328125" lon="121.4294766448438167572021484375">
        <ele>4.599999904632568359375</ele>
        <time>2026-05-14T12:59:57.000Z</time>
        <extensions>
          <ns3:TrackPointExtension>
            <ns3:hr>155</ns3:hr>
            <ns3:cad>86</ns3:cad>
          </ns3:TrackPointExtension>
        </extensions>
      </trkpt>
      <trkpt lat="31.022004671394824981689453125" lon="121.42948661930859088897705078125">
        <ele>4.599999904632568359375</ele>
        <time>2026-05-14T12:59:58.000Z</time>
        <extensions>
          <ns3:TrackPointExtension>
            <ns3:hr>154</ns3:hr>
            <ns3:cad>87</ns3:cad>
          </ns3:TrackPointExtension>
        </extensions>
      </trkpt>
      <trkpt lat="31.02203593589365482330322265625" lon="121.42948913387954235076904296875">
        <ele>4.599999904632568359375</ele>
        <time>2026-05-14T12:59:59.000Z</time>
        <extensions>
          <ns3:TrackPointExtension>
            <ns3:hr>155</ns3:hr>
            <ns3:cad>87</ns3:cad>
          </ns3:TrackPointExtension>
        </extensions>
      </trkpt>
      <trkpt lat="31.02206544019281864166259765625" lon="121.42949827015399932861328125">
        <ele>4.599999904632568359375</ele>
        <time>2026-05-14T13:00:00.000Z</time>
        <extensions>
          <ns3:TrackPointExtension>
            <ns3:hr>155</ns3:hr>
            <ns3:cad>87</ns3:cad>
          </ns3:TrackPointExtension>
        </extensions>
      </trkpt>
      <trkpt lat="31.0220913402736186981201171875" lon="121.42949801869690418243408203125">
        <ele>4.599999904632568359375</ele>
        <time>2026-05-14T13:00:01.000Z</time>
        <extensions>
          <ns3:TrackPointExtension>
            <ns3:hr>154</ns3:hr>
            <ns3:cad>87</ns3:cad>
          </ns3:TrackPointExtension>
        </extensions>
      </trkpt>
      <trkpt lat="31.02212277241051197052001953125" lon="121.42950338311493396759033203125">
        <ele>4.599999904632568359375</ele>
        <time>2026-05-14T13:00:02.000Z</time>
        <extensions>
          <ns3:TrackPointExtension>
            <ns3:hr>154</ns3:hr>
            <ns3:cad>87</ns3:cad>
          </ns3:TrackPointExtension>
        </extensions>
      </trkpt>
      <trkpt lat="31.0221473313868045806884765625" lon="121.42949785105884075164794921875">
        <ele>4.599999904632568359375</ele>
        <time>2026-05-14T13:00:03.000Z</time>
        <extensions>
          <ns3:TrackPointExtension>
            <ns3:hr>154</ns3:hr>
            <ns3:cad>87</ns3:cad>
          </ns3:TrackPointExtension>
        </extensions>
      </trkpt>
      <trkpt lat="31.0221811942756175994873046875" lon="121.42949919216334819793701171875">
        <ele>4.599999904632568359375</ele>
        <time>2026-05-14T13:00:04.000Z</time>
        <extensions>
          <ns3:TrackPointExtension>
            <ns3:hr>155</ns3:hr>
            <ns3:cad>87</ns3:cad>
          </ns3:TrackPointExtension>
        </extensions>
      </trkpt>
      <trkpt lat="31.0222066752612590789794921875" lon="121.42949290573596954345703125">
        <ele>4.599999904632568359375</ele>
        <time>2026-05-14T13:00:05.000Z</time>
        <extensions>
          <ns3:TrackPointExtension>
            <ns3:hr>155</ns3:hr>
            <ns3:cad>87</ns3:cad>
          </ns3:TrackPointExtension>
        </extensions>
      </trkpt>
      <trkpt lat="31.02223659865558147430419921875" lon="121.42949047498404979705810546875">
        <ele>4.599999904632568359375</ele>
        <time>2026-05-14T13:00:06.000Z</time>
        <extensions>
          <ns3:TrackPointExtension>
            <ns3:hr>155</ns3:hr>
            <ns3:cad>87</ns3:cad>
          </ns3:TrackPointExtension>
        </extensions>
      </trkpt>
      <trkpt lat="31.02225470356643199920654296875" lon="121.42948083579540252685546875">
        <ele>4.599999904632568359375</ele>
        <time>2026-05-14T13:00:07.000Z</time>
        <extensions>
          <ns3:TrackPointExtension>
            <ns3:hr>155</ns3:hr>
            <ns3:cad>87</ns3:cad>
          </ns3:TrackPointExtension>
        </extensions>
      </trkpt>
      <trkpt lat="31.02228672243654727935791015625" lon="121.4294694364070892333984375">
        <ele>4.599999904632568359375</ele>
        <time>2026-05-14T13:00:08.000Z</time>
        <extensions>
          <ns3:TrackPointExtension>
            <ns3:hr>155</ns3:hr>
            <ns3:cad>87</ns3:cad>
          </ns3:TrackPointExtension>
        </extensions>
      </trkpt>
      <trkpt lat="31.02231136523187160491943359375" lon="121.42945895902812480926513671875">
        <ele>4.599999904632568359375</ele>
        <time>2026-05-14T13:00:09.000Z</time>
        <extensions>
          <ns3:TrackPointExtension>
            <ns3:hr>156</ns3:hr>
            <ns3:cad>87</ns3:cad>
          </ns3:TrackPointExtension>
        </extensions>
      </trkpt>
      <trkpt lat="31.02233751676976680755615234375" lon="121.42944462597370147705078125">
        <ele>4.599999904632568359375</ele>
        <time>2026-05-14T13:00:10.000Z</time>
        <extensions>
          <ns3:TrackPointExtension>
            <ns3:hr>156</ns3:hr>
            <ns3:cad>87</ns3:cad>
          </ns3:TrackPointExtension>
        </extensions>
      </trkpt>
      <trkpt lat="31.02236735634505748748779296875" lon="121.42943951301276683807373046875">
        <ele>4.599999904632568359375</ele>
        <time>2026-05-14T13:00:11.000Z</time>
        <extensions>
          <ns3:TrackPointExtension>
            <ns3:hr>157</ns3:hr>
            <ns3:cad>87</ns3:cad>
          </ns3:TrackPointExtension>
        </extensions>
      </trkpt>
      <trkpt lat="31.02239350788295269012451171875" lon="121.42942777834832668304443359375">
        <ele>4.599999904632568359375</ele>
        <time>2026-05-14T13:00:12.000Z</time>
        <extensions>
          <ns3:TrackPointExtension>
            <ns3:hr>157</ns3:hr>
            <ns3:cad>87</ns3:cad>
          </ns3:TrackPointExtension>
        </extensions>
      </trkpt>
      <trkpt lat="31.0224246047437191009521484375" lon="121.42942425794899463653564453125">
        <ele>4.599999904632568359375</ele>
        <time>2026-05-14T13:00:13.000Z</time>
        <extensions>
          <ns3:TrackPointExtension>
            <ns3:hr>157</ns3:hr>
            <ns3:cad>87</ns3:cad>
          </ns3:TrackPointExtension>
        </extensions>
      </trkpt>
      <trkpt lat="31.02244916372001171112060546875" lon="121.42941914498805999755859375">
        <ele>4.599999904632568359375</ele>
        <time>2026-05-14T13:00:14.000Z</time>
        <extensions>
          <ns3:TrackPointExtension>
            <ns3:hr>157</ns3:hr>
            <ns3:cad>87</ns3:cad>
          </ns3:TrackPointExtension>
        </extensions>
      </trkpt>
      <trkpt lat="31.02248084731400012969970703125" lon="121.4294184744358062744140625">
        <ele>4.599999904632568359375</ele>
        <time>2026-05-14T13:00:15.000Z</time>
        <extensions>
          <ns3:TrackPointExtension>
            <ns3:hr>157</ns3:hr>
            <ns3:cad>87</ns3:cad>
          </ns3:TrackPointExtension>
        </extensions>
      </trkpt>
      <trkpt lat="31.022504232823848724365234375" lon="121.4294112659990787506103515625">
        <ele>4.599999904632568359375</ele>
        <time>2026-05-14T13:00:16.000Z</time>
        <extensions>
          <ns3:TrackPointExtension>
            <ns3:hr>157</ns3:hr>
            <ns3:cad>87</ns3:cad>
          </ns3:TrackPointExtension>
        </extensions>
      </trkpt>
      <trkpt lat="31.02253449149429798126220703125" lon="121.42940347082912921905517578125">
        <ele>4.599999904632568359375</ele>
        <time>2026-05-14T13:00:17.000Z</time>
        <extensions>
          <ns3:TrackPointExtension>
            <ns3:hr>158</ns3:hr>
            <ns3:cad>87</ns3:cad>
          </ns3:TrackPointExtension>
        </extensions>
      </trkpt>
      <trkpt lat="31.0225570388138294219970703125" lon="121.429398022592067718505859375">
        <ele>4.599999904632568359375</ele>
        <time>2026-05-14T13:00:18.000Z</time>
        <extensions>
          <ns3:TrackPointExtension>
            <ns3:hr>158</ns3:hr>
            <ns3:cad>87</ns3:cad>
          </ns3:TrackPointExtension>
        </extensions>
      </trkpt>
      <trkpt lat="31.022584699094295501708984375" lon="121.42938855104148387908935546875">
        <ele>4.599999904632568359375</ele>
        <time>2026-05-14T13:00:19.000Z</time>
        <extensions>
          <ns3:TrackPointExtension>
            <ns3:hr>158</ns3:hr>
            <ns3:cad>87</ns3:cad>
          </ns3:TrackPointExtension>
        </extensions>
      </trkpt>
      <trkpt lat="31.02260992862284183502197265625" lon="121.4293797500431537628173828125">
        <ele>4.599999904632568359375</ele>
        <time>2026-05-14T13:00:20.000Z</time>
        <extensions>
          <ns3:TrackPointExtension>
            <ns3:hr>158</ns3:hr>
            <ns3:cad>87</ns3:cad>
          </ns3:TrackPointExtension>
        </extensions>
      </trkpt>
      <trkpt lat="31.02264027111232280731201171875" lon="121.42936692573130130767822265625">
        <ele>4.599999904632568359375</ele>
        <time>2026-05-14T13:00:21.000Z</time>
        <extensions>
          <ns3:TrackPointExtension>
            <ns3:hr>159</ns3:hr>
            <ns3:cad>87</ns3:cad>
          </ns3:TrackPointExtension>
        </extensions>
      </trkpt>
      <trkpt lat="31.02266910485923290252685546875" lon="121.429359130561351776123046875">
        <ele>4.599999904632568359375</ele>
        <time>2026-05-14T13:00:22.000Z</time>
        <extensions>
          <ns3:TrackPointExtension>
            <ns3:hr>159</ns3:hr>
            <ns3:cad>87</ns3:cad>
          </ns3:TrackPointExtension>
        </extensions>
      </trkpt>
      <trkpt lat="31.0226978547871112823486328125" lon="121.4293485693633556365966796875">
        <ele>4.599999904632568359375</ele>
        <time>2026-05-14T13:00:23.000Z</time>
        <extensions>
          <ns3:TrackPointExtension>
            <ns3:hr>159</ns3:hr>
            <ns3:cad>87</ns3:cad>
          </ns3:TrackPointExtension>
        </extensions>
      </trkpt>
      <trkpt lat="31.0227280296385288238525390625" lon="121.42934597097337245941162109375">
        <ele>4.599999904632568359375</ele>
        <time>2026-05-14T13:00:24.000Z</time>
        <extensions>
          <ns3:TrackPointExtension>
            <ns3:hr>159</ns3:hr>
            <ns3:cad>88</ns3:cad>
          </ns3:TrackPointExtension>
        </extensions>
      </trkpt>
      <trkpt lat="31.0227551870048046112060546875" lon="121.4293391816318035125732421875">
        <ele>4.400000095367431640625</ele>
        <time>2026-05-14T13:00:25.000Z</time>
        <extensions>
          <ns3:TrackPointExtension>
            <ns3:hr>160</ns3:hr>
            <ns3:cad>88</ns3:cad>
          </ns3:TrackPointExtension>
        </extensions>
      </trkpt>
      <trkpt lat="31.02278561331331729888916015625" lon="121.4293375052511692047119140625">
        <ele>4.400000095367431640625</ele>
        <time>2026-05-14T13:00:26.000Z</time>
        <extensions>
          <ns3:TrackPointExtension>
            <ns3:hr>160</ns3:hr>
            <ns3:cad>88</ns3:cad>
          </ns3:TrackPointExtension>
        </extensions>
      </trkpt>
      <trkpt lat="31.02281025610864162445068359375" lon="121.4293274469673633575439453125">
        <ele>4.400000095367431640625</ele>
        <time>2026-05-14T13:00:27.000Z</time>
        <extensions>
          <ns3:TrackPointExtension>
            <ns3:hr>160</ns3:hr>
            <ns3:cad>88</ns3:cad>
          </ns3:TrackPointExtension>
        </extensions>
      </trkpt>
      <trkpt lat="31.02284093387424945831298828125" lon="121.42932401038706302642822265625">
        <ele>4.400000095367431640625</ele>
        <time>2026-05-14T13:00:28.000Z</time>
        <extensions>
          <ns3:TrackPointExtension>
            <ns3:hr>161</ns3:hr>
            <ns3:cad>88</ns3:cad>
          </ns3:TrackPointExtension>
        </extensions>
      </trkpt>
      <trkpt lat="31.0228658281266689300537109375" lon="121.429318226873874664306640625">
        <ele>4.400000095367431640625</ele>
        <time>2026-05-14T13:00:29.000Z</time>
        <extensions>
          <ns3:TrackPointExtension>
            <ns3:hr>161</ns3:hr>
            <ns3:cad>89</ns3:cad>
          </ns3:TrackPointExtension>
        </extensions>
      </trkpt>
      <trkpt lat="31.02289692498743534088134765625" lon="121.42931512556970119476318359375">
        <ele>4.400000095367431640625</ele>
        <time>2026-05-14T13:00:30.000Z</time>
        <extensions>
          <ns3:TrackPointExtension>
            <ns3:hr>161</ns3:hr>
            <ns3:cad>88</ns3:cad>
          </ns3:TrackPointExtension>
        </extensions>
      </trkpt>
      <trkpt lat="31.02291570045053958892822265625" lon="121.429308839142322540283203125">
        <ele>4.400000095367431640625</ele>
        <time>2026-05-14T13:00:31.000Z</time>
        <extensions>
          <ns3:TrackPointExtension>
            <ns3:hr>161</ns3:hr>
            <ns3:cad>88</ns3:cad>
          </ns3:TrackPointExtension>
        </extensions>
      </trkpt>
      <trkpt lat="31.02295140735805034637451171875" lon="121.4292982779443264007568359375">
        <ele>4.400000095367431640625</ele>
        <time>2026-05-14T13:00:32.000Z</time>
        <extensions>
          <ns3:TrackPointExtension>
            <ns3:hr>162</ns3:hr>
            <ns3:cad>87</ns3:cad>
          </ns3:TrackPointExtension>
        </extensions>
      </trkpt>
      <trkpt lat="31.0229707695543766021728515625" lon="121.4292868785560131072998046875">
        <ele>4.400000095367431640625</ele>
        <time>2026-05-14T13:00:33.000Z</time>
        <extensions>
          <ns3:TrackPointExtension>
            <ns3:hr>162</ns3:hr>
            <ns3:cad>87</ns3:cad>
          </ns3:TrackPointExtension>
        </extensions>
      </trkpt>
      <trkpt lat="31.023002453148365020751953125" lon="121.4292657561600208282470703125">
        <ele>4.19999980926513671875</ele>
        <time>2026-05-14T13:00:34.000Z</time>
        <extensions>
          <ns3:TrackPointExtension>
            <ns3:hr>162</ns3:hr>
            <ns3:cad>88</ns3:cad>
          </ns3:TrackPointExtension>
        </extensions>
      </trkpt>
      <trkpt lat="31.02302080951631069183349609375" lon="121.42924170009791851043701171875">
        <ele>4.19999980926513671875</ele>
        <time>2026-05-14T13:00:35.000Z</time>
        <extensions>
          <ns3:TrackPointExtension>
            <ns3:hr>162</ns3:hr>
            <ns3:cad>88</ns3:cad>
          </ns3:TrackPointExtension>
        </extensions>
      </trkpt>
      <trkpt lat="31.0230415128171443939208984375" lon="121.42921370454132556915283203125">
        <ele>4.400000095367431640625</ele>
        <time>2026-05-14T13:00:36.000Z</time>
        <extensions>
          <ns3:TrackPointExtension>
            <ns3:hr>162</ns3:hr>
            <ns3:cad>88</ns3:cad>
          </ns3:TrackPointExtension>
        </extensions>
      </trkpt>
      <trkpt lat="31.0230629704892635345458984375" lon="121.42919140867888927459716796875">
        <ele>4.400000095367431640625</ele>
        <time>2026-05-14T13:00:37.000Z</time>
        <extensions>
          <ns3:TrackPointExtension>
            <ns3:hr>162</ns3:hr>
            <ns3:cad>87</ns3:cad>
          </ns3:TrackPointExtension>
        </extensions>
      </trkpt>
      <trkpt lat="31.02308082394301891326904296875" lon="121.42916508950293064117431640625">
        <ele>4.400000095367431640625</ele>
        <time>2026-05-14T13:00:38.000Z</time>
        <extensions>
          <ns3:TrackPointExtension>
            <ns3:hr>162</ns3:hr>
            <ns3:cad>87</ns3:cad>
          </ns3:TrackPointExtension>
        </extensions>
      </trkpt>
      <trkpt lat="31.0231011919677257537841796875" lon="121.429137848317623138427734375">
        <ele>4.400000095367431640625</ele>
        <time>2026-05-14T13:00:39.000Z</time>
        <extensions>
          <ns3:TrackPointExtension>
            <ns3:hr>163</ns3:hr>
            <ns3:cad>88</ns3:cad>
          </ns3:TrackPointExtension>
        </extensions>
      </trkpt>
      <trkpt lat="31.023113094270229339599609375" lon="121.4291128702461719512939453125">
        <ele>4.400000095367431640625</ele>
        <time>2026-05-14T13:00:40.000Z</time>
        <extensions>
          <ns3:TrackPointExtension>
            <ns3:hr>162</ns3:hr>
            <ns3:cad>88</ns3:cad>
          </ns3:TrackPointExtension>
        </extensions>
      </trkpt>
      <trkpt lat="31.02312927134335041046142578125" lon="121.429088227450847625732421875">
        <ele>4.400000095367431640625</ele>
        <time>2026-05-14T13:00:41.000Z</time>
        <extensions>
          <ns3:TrackPointExtension>
            <ns3:hr>163</ns3:hr>
            <ns3:cad>88</ns3:cad>
          </ns3:TrackPointExtension>
        </extensions>
      </trkpt>
      <trkpt lat="31.02313815616071224212646484375" lon="121.42906199209392070770263671875">
        <ele>4.400000095367431640625</ele>
        <time>2026-05-14T13:00:42.000Z</time>
        <extensions>
          <ns3:TrackPointExtension>
            <ns3:hr>163</ns3:hr>
            <ns3:cad>88</ns3:cad>
          </ns3:TrackPointExtension>
        </extensions>
      </trkpt>
      <trkpt lat="31.02315676398575305938720703125" lon="121.42903433181345462799072265625">
        <ele>4.400000095367431640625</ele>
        <time>2026-05-14T13:00:43.000Z</time>
        <extensions>
          <ns3:TrackPointExtension>
            <ns3:hr>163</ns3:hr>
            <ns3:cad>87</ns3:cad>
          </ns3:TrackPointExtension>
        </extensions>
      </trkpt>
      <trkpt lat="31.02316464297473430633544921875" lon="121.429009102284908294677734375">
        <ele>4.400000095367431640625</ele>
        <time>2026-05-14T13:00:44.000Z</time>
        <extensions>
          <ns3:TrackPointExtension>
            <ns3:hr>163</ns3:hr>
            <ns3:cad>88</ns3:cad>
          </ns3:TrackPointExtension>
        </extensions>
      </trkpt>
      <trkpt lat="31.0231772996485233306884765625" lon="121.428974233567714691162109375">
        <ele>4.400000095367431640625</ele>
        <time>2026-05-14T13:00:45.000Z</time>
        <extensions>
          <ns3:TrackPointExtension>
            <ns3:hr>163</ns3:hr>
            <ns3:cad>89</ns3:cad>
          </ns3:TrackPointExtension>
        </extensions>
      </trkpt>
      <trkpt lat="31.02317973040044307708740234375" lon="121.42894615419209003448486328125">
        <ele>4.400000095367431640625</ele>
        <time>2026-05-14T13:00:46.000Z</time>
        <extensions>
          <ns3:TrackPointExtension>
            <ns3:hr>163</ns3:hr>
            <ns3:cad>89</ns3:cad>
          </ns3:TrackPointExtension>
        </extensions>
      </trkpt>
      <trkpt lat="31.023179478943347930908203125" lon="121.42890441231429576873779296875">
        <ele>4.400000095367431640625</ele>
        <time>2026-05-14T13:00:47.000Z</time>
        <extensions>
          <ns3:TrackPointExtension>
            <ns3:hr>163</ns3:hr>
            <ns3:cad>88</ns3:cad>
          </ns3:TrackPointExtension>
        </extensions>
      </trkpt>
      <trkpt lat="31.02317939512431621551513671875" lon="121.42887256108224391937255859375">
        <ele>4.400000095367431640625</ele>
        <time>2026-05-14T13:00:48.000Z</time>
        <extensions>
          <ns3:TrackPointExtension>
            <ns3:hr>163</ns3:hr>
            <ns3:cad>87</ns3:cad>
          </ns3:TrackPointExtension>
        </extensions>
      </trkpt>
      <trkpt lat="31.0231746174395084381103515625" lon="121.42883400432765483856201171875">
        <ele>4.19999980926513671875</ele>
        <time>2026-05-14T13:00:49.000Z</time>
        <extensions>
          <ns3:TrackPointExtension>
            <ns3:hr>163</ns3:hr>
            <ns3:cad>87</ns3:cad>
          </ns3:TrackPointExtension>
        </extensions>
      </trkpt>
      <trkpt lat="31.023167073726654052734375" lon="121.42880022525787353515625">
        <ele>4.19999980926513671875</ele>
        <time>2026-05-14T13:00:50.000Z</time>
        <extensions>
          <ns3:TrackPointExtension>
            <ns3:hr>163</ns3:hr>
            <ns3:cad>87</ns3:cad>
          </ns3:TrackPointExtension>
        </extensions>
      </trkpt>
      <trkpt lat="31.0231561772525310516357421875" lon="121.42876736819744110107421875">
        <ele>4.19999980926513671875</ele>
        <time>2026-05-14T13:00:51.000Z</time>
        <extensions>
          <ns3:TrackPointExtension>
            <ns3:hr>163</ns3:hr>
            <ns3:cad>88</ns3:cad>
          </ns3:TrackPointExtension>
        </extensions>
      </trkpt>
      <trkpt lat="31.0231474600732326507568359375" lon="121.42873409204185009002685546875">
        <ele>4.19999980926513671875</ele>
        <time>2026-05-14T13:00:52.000Z</time>
        <extensions>
          <ns3:TrackPointExtension>
            <ns3:hr>163</ns3:hr>
            <ns3:cad>88</ns3:cad>
          </ns3:TrackPointExtension>
        </extensions>
      </trkpt>
      <trkpt lat="31.0231333784759044647216796875" lon="121.42870358191430568695068359375">
        <ele>4.19999980926513671875</ele>
        <time>2026-05-14T13:00:53.000Z</time>
        <extensions>
          <ns3:TrackPointExtension>
            <ns3:hr>163</ns3:hr>
            <ns3:cad>87</ns3:cad>
          </ns3:TrackPointExtension>
        </extensions>
      </trkpt>
      <trkpt lat="31.023123152554035186767578125" lon="121.428669132292270660400390625">
        <ele>4.19999980926513671875</ele>
        <time>2026-05-14T13:00:54.000Z</time>
        <extensions>
          <ns3:TrackPointExtension>
            <ns3:hr>163</ns3:hr>
            <ns3:cad>87</ns3:cad>
          </ns3:TrackPointExtension>
        </extensions>
      </trkpt>
      <trkpt lat="31.02310664020478725433349609375" lon="121.428641974925994873046875">
        <ele>4.19999980926513671875</ele>
        <time>2026-05-14T13:00:55.000Z</time>
        <extensions>
          <ns3:TrackPointExtension>
            <ns3:hr>162</ns3:hr>
            <ns3:cad>88</ns3:cad>
          </ns3:TrackPointExtension>
        </extensions>
      </trkpt>
      <trkpt lat="31.02308870293200016021728515625" lon="121.42860853113234043121337890625">
        <ele>4.19999980926513671875</ele>
        <time>2026-05-14T13:00:56.000Z</time>
        <extensions>
          <ns3:TrackPointExtension>
            <ns3:hr>162</ns3:hr>
            <ns3:cad>89</ns3:cad>
          </ns3:TrackPointExtension>
        </extensions>
      </trkpt>
      <trkpt lat="31.02306925691664218902587890625" lon="121.42858975566923618316650390625">
        <ele>4.400000095367431640625</ele>
        <time>2026-05-14T13:00:57.000Z</time>
        <extensions>
          <ns3:TrackPointExtension>
            <ns3:hr>162</ns3:hr>
            <ns3:cad>89</ns3:cad>
          </ns3:TrackPointExtension>
        </extensions>
      </trkpt>
      <trkpt lat="31.0230441950261592864990234375" lon="121.428561173379421234130859375">
        <ele>4.400000095367431640625</ele>
        <time>2026-05-14T13:00:58.000Z</time>
        <extensions>
          <ns3:TrackPointExtension>
            <ns3:hr>162</ns3:hr>
            <ns3:cad>88</ns3:cad>
          </ns3:TrackPointExtension>
        </extensions>
      </trkpt>
      <trkpt lat="31.0230254195630550384521484375" lon="121.42854449339210987091064453125">
        <ele>4.19999980926513671875</ele>
        <time>2026-05-14T13:00:59.000Z</time>
        <extensions>
          <ns3:TrackPointExtension>
            <ns3:hr>162</ns3:hr>
            <ns3:cad>88</ns3:cad>
          </ns3:TrackPointExtension>
        </extensions>
      </trkpt>
      <trkpt lat="31.0229979269206523895263671875" lon="121.4285174198448657989501953125">
        <ele>4.19999980926513671875</ele>
        <time>2026-05-14T13:01:00.000Z</time>
        <extensions>
          <ns3:TrackPointExtension>
            <ns3:hr>162</ns3:hr>
            <ns3:cad>88</ns3:cad>
          </ns3:TrackPointExtension>
        </extensions>
      </trkpt>
      <trkpt lat="31.02297672070562839508056640625" lon="121.42850643955171108245849609375">
        <ele>4.19999980926513671875</ele>
        <time>2026-05-14T13:01:01.000Z</time>
        <extensions>
          <ns3:TrackPointExtension>
            <ns3:hr>163</ns3:hr>
            <ns3:cad>88</ns3:cad>
          </ns3:TrackPointExtension>
        </extensions>
      </trkpt>
      <trkpt lat="31.02294453419744968414306640625" lon="121.42848682589828968048095703125">
        <ele>4.19999980926513671875</ele>
        <time>2026-05-14T13:01:02.000Z</time>
        <extensions>
          <ns3:TrackPointExtension>
            <ns3:hr>162</ns3:hr>
            <ns3:cad>88</ns3:cad>
          </ns3:TrackPointExtension>
        </extensions>
      </trkpt>
      <trkpt lat="31.0229201428592205047607421875" lon="121.4284788630902767181396484375">
        <ele>4</ele>
        <time>2026-05-14T13:01:03.000Z</time>
        <extensions>
          <ns3:TrackPointExtension>
            <ns3:hr>163</ns3:hr>
            <ns3:cad>89</ns3:cad>
          </ns3:TrackPointExtension>
        </extensions>
      </trkpt>
      <trkpt lat="31.02289139293134212493896484375" lon="121.42846427857875823974609375">
        <ele>4.19999980926513671875</ele>
        <time>2026-05-14T13:01:04.000Z</time>
        <extensions>
          <ns3:TrackPointExtension>
            <ns3:hr>163</ns3:hr>
            <ns3:cad>89</ns3:cad>
          </ns3:TrackPointExtension>
        </extensions>
      </trkpt>
      <trkpt lat="31.022864989936351776123046875" lon="121.42846084199845790863037109375">
        <ele>4.19999980926513671875</ele>
        <time>2026-05-14T13:01:05.000Z</time>
        <extensions>
          <ns3:TrackPointExtension>
            <ns3:hr>163</ns3:hr>
            <ns3:cad>88</ns3:cad>
          </ns3:TrackPointExtension>
        </extensions>
      </trkpt>
      <trkpt lat="31.02282886393368244171142578125" lon="121.42845631577074527740478515625">
        <ele>4.19999980926513671875</ele>
        <time>2026-05-14T13:01:06.000Z</time>
        <extensions>
          <ns3:TrackPointExtension>
            <ns3:hr>163</ns3:hr>
            <ns3:cad>88</ns3:cad>
          </ns3:TrackPointExtension>
        </extensions>
      </trkpt>
      <trkpt lat="31.02280220948159694671630859375" lon="121.42846025526523590087890625">
        <ele>4.19999980926513671875</ele>
        <time>2026-05-14T13:01:07.000Z</time>
        <extensions>
          <ns3:TrackPointExtension>
            <ns3:hr>163</ns3:hr>
            <ns3:cad>88</ns3:cad>
          </ns3:TrackPointExtension>
        </extensions>
      </trkpt>
      <trkpt lat="31.0227729566395282745361328125" lon="121.42846905626356601715087890625">
        <ele>4.19999980926513671875</ele>
        <time>2026-05-14T13:01:08.000Z</time>
        <extensions>
          <ns3:TrackPointExtension>
            <ns3:hr>164</ns3:hr>
            <ns3:cad>89</ns3:cad>
          </ns3:TrackPointExtension>
        </extensions>
      </trkpt>
      <trkpt lat="31.02274739183485507965087890625" lon="121.42847693525254726409912109375">
        <ele>4.19999980926513671875</ele>
        <time>2026-05-14T13:01:09.000Z</time>
        <extensions>
          <ns3:TrackPointExtension>
            <ns3:hr>163</ns3:hr>
            <ns3:cad>89</ns3:cad>
          </ns3:TrackPointExtension>
        </extensions>
      </trkpt>
      <trkpt lat="31.0227196477353572845458984375" lon="121.42848783172667026519775390625">
        <ele>4.19999980926513671875</ele>
        <time>2026-05-14T13:01:10.000Z</time>
        <extensions>
          <ns3:TrackPointExtension>
            <ns3:hr>164</ns3:hr>
            <ns3:cad>88</ns3:cad>
          </ns3:TrackPointExtension>
        </extensions>
      </trkpt>
      <trkpt lat="31.0226924903690814971923828125" lon="121.42849168740212917327880859375">
        <ele>4.19999980926513671875</ele>
        <time>2026-05-14T13:01:11.000Z</time>
        <extensions>
          <ns3:TrackPointExtension>
            <ns3:hr>164</ns3:hr>
            <ns3:cad>88</ns3:cad>
          </ns3:TrackPointExtension>
        </extensions>
      </trkpt>
      <trkpt lat="31.02266424335539340972900390625" lon="121.4285036735236644744873046875">
        <ele>4.19999980926513671875</ele>
        <time>2026-05-14T13:01:12.000Z</time>
        <extensions>
          <ns3:TrackPointExtension>
            <ns3:hr>164</ns3:hr>
            <ns3:cad>88</ns3:cad>
          </ns3:TrackPointExtension>
        </extensions>
      </trkpt>
      <trkpt lat="31.022634990513324737548828125" lon="121.4285070262849330902099609375">
        <ele>4.19999980926513671875</ele>
        <time>2026-05-14T13:01:13.000Z</time>
        <extensions>
          <ns3:TrackPointExtension>
            <ns3:hr>163</ns3:hr>
            <ns3:cad>88</ns3:cad>
          </ns3:TrackPointExtension>
        </extensions>
      </trkpt>
      <trkpt lat="31.0226090066134929656982421875" lon="121.42851649783551692962646484375">
        <ele>4.19999980926513671875</ele>
        <time>2026-05-14T13:01:14.000Z</time>
        <extensions>
          <ns3:TrackPointExtension>
            <ns3:hr>163</ns3:hr>
            <ns3:cad>89</ns3:cad>
          </ns3:TrackPointExtension>
        </extensions>
      </trkpt>
      <trkpt lat="31.022577323019504547119140625" lon="121.4285172522068023681640625">
        <ele>4.19999980926513671875</ele>
        <time>2026-05-14T13:01:15.000Z</time>
        <extensions>
          <ns3:TrackPointExtension>
            <ns3:hr>163</ns3:hr>
            <ns3:cad>89</ns3:cad>
          </ns3:TrackPointExtension>
        </extensions>
      </trkpt>
      <trkpt lat="31.02255376987159252166748046875" lon="121.42852638848125934600830078125">
        <ele>4.19999980926513671875</ele>
        <time>2026-05-14T13:01:16.000Z</time>
        <extensions>
          <ns3:TrackPointExtension>
            <ns3:hr>164</ns3:hr>
            <ns3:cad>88</ns3:cad>
          </ns3:TrackPointExtension>
        </extensions>
      </trkpt>
      <trkpt lat="31.02252124808728694915771484375" lon="121.428526975214481353759765625">
        <ele>4.400000095367431640625</ele>
        <time>2026-05-14T13:01:17.000Z</time>
        <extensions>
          <ns3:TrackPointExtension>
            <ns3:hr>163</ns3:hr>
            <ns3:cad>87</ns3:cad>
          </ns3:TrackPointExtension>
        </extensions>
      </trkpt>
      <trkpt lat="31.02249777875840663909912109375" lon="121.42853493802249431610107421875">
        <ele>4.400000095367431640625</ele>
        <time>2026-05-14T13:01:18.000Z</time>
        <extensions>
          <ns3:TrackPointExtension>
            <ns3:hr>163</ns3:hr>
            <ns3:cad>87</ns3:cad>
          </ns3:TrackPointExtension>
        </extensions>
      </trkpt>
      <trkpt lat="31.0224651731550693511962890625" lon="121.428537704050540924072265625">
        <ele>4.400000095367431640625</ele>
        <time>2026-05-14T13:01:19.000Z</time>
        <extensions>
          <ns3:TrackPointExtension>
            <ns3:hr>163</ns3:hr>
            <ns3:cad>87</ns3:cad>
          </ns3:TrackPointExtension>
        </extensions>
      </trkpt>
      <trkpt lat="31.02244497276842594146728515625" lon="121.428545415401458740234375">
        <ele>4.400000095367431640625</ele>
        <time>2026-05-14T13:01:20.000Z</time>
        <extensions>
          <ns3:TrackPointExtension>
            <ns3:hr>162</ns3:hr>
            <ns3:cad>88</ns3:cad>
          </ns3:TrackPointExtension>
        </extensions>
      </trkpt>
      <trkpt lat="31.02241395972669124603271484375" lon="121.4285479299724102020263671875">
        <ele>4.400000095367431640625</ele>
        <time>2026-05-14T13:01:21.000Z</time>
        <extensions>
          <ns3:TrackPointExtension>
            <ns3:hr>162</ns3:hr>
            <ns3:cad>88</ns3:cad>
          </ns3:TrackPointExtension>
        </extensions>
      </trkpt>
      <trkpt lat="31.0223914124071598052978515625" lon="121.42855673097074031829833984375">
        <ele>4.400000095367431640625</ele>
        <time>2026-05-14T13:01:22.000Z</time>
        <extensions>
          <ns3:TrackPointExtension>
            <ns3:hr>162</ns3:hr>
            <ns3:cad>88</ns3:cad>
          </ns3:TrackPointExtension>
        </extensions>
      </trkpt>
      <trkpt lat="31.02235780097544193267822265625" lon="121.42856393940746784210205078125">
        <ele>4.400000095367431640625</ele>
        <time>2026-05-14T13:01:23.000Z</time>
        <extensions>
          <ns3:TrackPointExtension>
            <ns3:hr>163</ns3:hr>
            <ns3:cad>88</ns3:cad>
          </ns3:TrackPointExtension>
        </extensions>
      </trkpt>
      <trkpt lat="31.0223317332565784454345703125" lon="121.42857424914836883544921875">
        <ele>4.19999980926513671875</ele>
        <time>2026-05-14T13:01:24.000Z</time>
        <extensions>
          <ns3:TrackPointExtension>
            <ns3:hr>162</ns3:hr>
            <ns3:cad>88</ns3:cad>
          </ns3:TrackPointExtension>
        </extensions>
      </trkpt>
      <trkpt lat="31.0223018936812877655029296875" lon="121.42858455888926982879638671875">
        <ele>4.19999980926513671875</ele>
        <time>2026-05-14T13:01:25.000Z</time>
        <extensions>
          <ns3:TrackPointExtension>
            <ns3:hr>162</ns3:hr>
            <ns3:cad>88</ns3:cad>
          </ns3:TrackPointExtension>
        </extensions>
      </trkpt>
      <trkpt lat="31.022278256714344024658203125" lon="121.4285965450108051300048828125">
        <ele>4.19999980926513671875</ele>
        <time>2026-05-14T13:01:26.000Z</time>
        <extensions>
          <ns3:TrackPointExtension>
            <ns3:hr>162</ns3:hr>
            <ns3:cad>89</ns3:cad>
          </ns3:TrackPointExtension>
        </extensions>
      </trkpt>
      <trkpt lat="31.02225051261484622955322265625" lon="121.42860869877040386199951171875">
        <ele>4.19999980926513671875</ele>
        <time>2026-05-14T13:01:27.000Z</time>
        <extensions>
          <ns3:TrackPointExtension>
            <ns3:hr>162</ns3:hr>
            <ns3:cad>89</ns3:cad>
          </ns3:TrackPointExtension>
        </extensions>
      </trkpt>
      <trkpt lat="31.0222231037914752960205078125" lon="121.42861641012132167816162109375">
        <ele>4.19999980926513671875</ele>
        <time>2026-05-14T13:01:28.000Z</time>
        <extensions>
          <ns3:TrackPointExtension>
            <ns3:hr>162</ns3:hr>
            <ns3:cad>88</ns3:cad>
          </ns3:TrackPointExtension>
        </extensions>
      </trkpt>
      <trkpt lat="31.02219552733004093170166015625" lon="121.42862856388092041015625">
        <ele>4.19999980926513671875</ele>
        <time>2026-05-14T13:01:29.000Z</time>
        <extensions>
          <ns3:TrackPointExtension>
            <ns3:hr>162</ns3:hr>
            <ns3:cad>88</ns3:cad>
          </ns3:TrackPointExtension>
        </extensions>
      </trkpt>
      <trkpt lat="31.0221667774021625518798828125" lon="121.4286320842802524566650390625">
        <ele>4.19999980926513671875</ele>
        <time>2026-05-14T13:01:30.000Z</time>
        <extensions>
          <ns3:TrackPointExtension>
            <ns3:hr>162</ns3:hr>
            <ns3:cad>88</ns3:cad>
          </ns3:TrackPointExtension>
        </extensions>
      </trkpt>
      <trkpt lat="31.0221402905881404876708984375" lon="121.42864021472632884979248046875">
        <ele>4.19999980926513671875</ele>
        <time>2026-05-14T13:01:31.000Z</time>
        <extensions>
          <ns3:TrackPointExtension>
            <ns3:hr>162</ns3:hr>
            <ns3:cad>88</ns3:cad>
          </ns3:TrackPointExtension>
        </extensions>
      </trkpt>
      <trkpt lat="31.0221091099083423614501953125" lon="121.42864256165921688079833984375">
        <ele>4.19999980926513671875</ele>
        <time>2026-05-14T13:01:32.000Z</time>
        <extensions>
          <ns3:TrackPointExtension>
            <ns3:hr>162</ns3:hr>
            <ns3:cad>88</ns3:cad>
          </ns3:TrackPointExtension>
        </extensions>
      </trkpt>
      <trkpt lat="31.0220826230943202972412109375" lon="121.4286505244672298431396484375">
        <ele>4.19999980926513671875</ele>
        <time>2026-05-14T13:01:33.000Z</time>
        <extensions>
          <ns3:TrackPointExtension>
            <ns3:hr>162</ns3:hr>
            <ns3:cad>88</ns3:cad>
          </ns3:TrackPointExtension>
        </extensions>
      </trkpt>
      <trkpt lat="31.02204934693872928619384765625" lon="121.4286515302956104278564453125">
        <ele>4.19999980926513671875</ele>
        <time>2026-05-14T13:01:34.000Z</time>
        <extensions>
          <ns3:TrackPointExtension>
            <ns3:hr>162</ns3:hr>
            <ns3:cad>88</ns3:cad>
          </ns3:TrackPointExtension>
        </extensions>
      </trkpt>
      <trkpt lat="31.0220231115818023681640625" lon="121.428659744560718536376953125">
        <ele>4.19999980926513671875</ele>
        <time>2026-05-14T13:01:35.000Z</time>
        <extensions>
          <ns3:TrackPointExtension>
            <ns3:hr>162</ns3:hr>
            <ns3:cad>88</ns3:cad>
          </ns3:TrackPointExtension>
        </extensions>
      </trkpt>
      <trkpt lat="31.02198757231235504150390625" lon="121.428659744560718536376953125">
        <ele>4.19999980926513671875</ele>
        <time>2026-05-14T13:01:36.000Z</time>
        <extensions>
          <ns3:TrackPointExtension>
            <ns3:hr>162</ns3:hr>
            <ns3:cad>88</ns3:cad>
          </ns3:TrackPointExtension>
        </extensions>
      </trkpt>
      <trkpt lat="31.02196552790701389312744140625" lon="121.4286701381206512451171875">
        <ele>4.400000095367431640625</ele>
        <time>2026-05-14T13:01:37.000Z</time>
        <extensions>
          <ns3:TrackPointExtension>
            <ns3:hr>162</ns3:hr>
            <ns3:cad>89</ns3:cad>
          </ns3:TrackPointExtension>
        </extensions>
      </trkpt>
      <trkpt lat="31.0219330899417400360107421875" lon="121.428678520023822784423828125">
        <ele>4.400000095367431640625</ele>
        <time>2026-05-14T13:01:38.000Z</time>
        <extensions>
          <ns3:TrackPointExtension>
            <ns3:hr>162</ns3:hr>
            <ns3:cad>89</ns3:cad>
          </ns3:TrackPointExtension>
        </extensions>
      </trkpt>
      <trkpt lat="31.02191372774541378021240234375" lon="121.42869285307824611663818359375">
        <ele>4.599999904632568359375</ele>
        <time>2026-05-14T13:01:39.000Z</time>
        <extensions>
          <ns3:TrackPointExtension>
            <ns3:hr>162</ns3:hr>
            <ns3:cad>88</ns3:cad>
          </ns3:TrackPointExtension>
        </extensions>
      </trkpt>
      <trkpt lat="31.0218834690749645233154296875" lon="121.4287122152745723724365234375">
        <ele>4.599999904632568359375</ele>
        <time>2026-05-14T13:01:40.000Z</time>
        <extensions>
          <ns3:TrackPointExtension>
            <ns3:hr>162</ns3:hr>
            <ns3:cad>88</ns3:cad>
          </ns3:TrackPointExtension>
        </extensions>
      </trkpt>
      <trkpt lat="31.02186276577413082122802734375" lon="121.428734175860881805419921875">
        <ele>4.599999904632568359375</ele>
        <time>2026-05-14T13:01:41.000Z</time>
        <extensions>
          <ns3:TrackPointExtension>
            <ns3:hr>162</ns3:hr>
            <ns3:cad>88</ns3:cad>
          </ns3:TrackPointExtension>
        </extensions>
      </trkpt>
      <trkpt lat="31.02183762006461620330810546875" lon="121.4287608303129673004150390625">
        <ele>4.599999904632568359375</ele>
        <time>2026-05-14T13:01:42.000Z</time>
        <extensions>
          <ns3:TrackPointExtension>
            <ns3:hr>162</ns3:hr>
            <ns3:cad>88</ns3:cad>
          </ns3:TrackPointExtension>
        </extensions>
      </trkpt>
      <trkpt lat="31.02181884460151195526123046875" lon="121.4287859760224819183349609375">
        <ele>4.599999904632568359375</ele>
        <time>2026-05-14T13:01:43.000Z</time>
        <extensions>
          <ns3:TrackPointExtension>
            <ns3:hr>162</ns3:hr>
            <ns3:cad>88</ns3:cad>
          </ns3:TrackPointExtension>
        </extensions>
      </trkpt>
      <trkpt lat="31.02180493064224720001220703125" lon="121.42882143147289752960205078125">
        <ele>4.599999904632568359375</ele>
        <time>2026-05-14T13:01:44.000Z</time>
        <extensions>
          <ns3:TrackPointExtension>
            <ns3:hr>162</ns3:hr>
            <ns3:cad>88</ns3:cad>
          </ns3:TrackPointExtension>
        </extensions>
      </trkpt>
      <trkpt lat="31.021786071360111236572265625" lon="121.42884917557239532470703125">
        <ele>4.599999904632568359375</ele>
        <time>2026-05-14T13:01:45.000Z</time>
        <extensions>
          <ns3:TrackPointExtension>
            <ns3:hr>162</ns3:hr>
            <ns3:cad>88</ns3:cad>
          </ns3:TrackPointExtension>
        </extensions>
      </trkpt>
      <trkpt lat="31.02177307941019535064697265625" lon="121.42887960188090801239013671875">
        <ele>4.400000095367431640625</ele>
        <time>2026-05-14T13:01:46.000Z</time>
        <extensions>
          <ns3:TrackPointExtension>
            <ns3:hr>162</ns3:hr>
            <ns3:cad>87</ns3:cad>
          </ns3:TrackPointExtension>
        </extensions>
      </trkpt>
      <trkpt lat="31.02175556123256683349609375" lon="121.42891212366521358489990234375">
        <ele>4.400000095367431640625</ele>
        <time>2026-05-14T13:01:47.000Z</time>
        <extensions>
          <ns3:TrackPointExtension>
            <ns3:hr>162</ns3:hr>
            <ns3:cad>86</ns3:cad>
          </ns3:TrackPointExtension>
        </extensions>
      </trkpt>
      <trkpt lat="31.0217460058629512786865234375" lon="121.42894011922180652618408203125">
        <ele>4.400000095367431640625</ele>
        <time>2026-05-14T13:01:48.000Z</time>
        <extensions>
          <ns3:TrackPointExtension>
            <ns3:hr>162</ns3:hr>
            <ns3:cad>86</ns3:cad>
          </ns3:TrackPointExtension>
        </extensions>
      </trkpt>
      <trkpt lat="31.0217320919036865234375" lon="121.428978256881237030029296875">
        <ele>4.400000095367431640625</ele>
        <time>2026-05-14T13:01:49.000Z</time>
        <extensions>
          <ns3:TrackPointExtension>
            <ns3:hr>162</ns3:hr>
            <ns3:cad>88</ns3:cad>
          </ns3:TrackPointExtension>
        </extensions>
      </trkpt>
      <trkpt lat="31.0217253863811492919921875" lon="121.42900801263749599456787109375">
        <ele>4.400000095367431640625</ele>
        <time>2026-05-14T13:01:50.000Z</time>
        <extensions>
          <ns3:TrackPointExtension>
            <ns3:hr>162</ns3:hr>
            <ns3:cad>88</ns3:cad>
          </ns3:TrackPointExtension>
        </extensions>
      </trkpt>
      <trkpt lat="31.02171893231570720672607421875" lon="121.4290427975356578826904296875">
        <ele>4.400000095367431640625</ele>
        <time>2026-05-14T13:01:51.000Z</time>
        <extensions>
          <ns3:TrackPointExtension>
            <ns3:hr>162</ns3:hr>
            <ns3:cad>88</ns3:cad>
          </ns3:TrackPointExtension>
        </extensions>
      </trkpt>
      <trkpt lat="31.021720357239246368408203125" lon="121.42906618304550647735595703125">
        <ele>4.599999904632568359375</ele>
        <time>2026-05-14T13:01:52.000Z</time>
        <extensions>
          <ns3:TrackPointExtension>
            <ns3:hr>162</ns3:hr>
            <ns3:cad>88</ns3:cad>
          </ns3:TrackPointExtension>
        </extensions>
      </trkpt>
      <trkpt lat="31.02171792648732662200927734375" lon="121.42910792492330074310302734375">
        <ele>4.599999904632568359375</ele>
        <time>2026-05-14T13:01:53.000Z</time>
        <extensions>
          <ns3:TrackPointExtension>
            <ns3:hr>162</ns3:hr>
            <ns3:cad>88</ns3:cad>
          </ns3:TrackPointExtension>
        </extensions>
      </trkpt>
      <trkpt lat="31.021730415523052215576171875" lon="121.42913281917572021484375">
        <ele>4.599999904632568359375</ele>
        <time>2026-05-14T13:01:54.000Z</time>
        <extensions>
          <ns3:TrackPointExtension>
            <ns3:hr>162</ns3:hr>
            <ns3:cad>88</ns3:cad>
          </ns3:TrackPointExtension>
        </extensions>
      </trkpt>
      <trkpt lat="31.0217403061687946319580078125" lon="121.4291691966354846954345703125">
        <ele>4.400000095367431640625</ele>
        <time>2026-05-14T13:01:55.000Z</time>
        <extensions>
          <ns3:TrackPointExtension>
            <ns3:hr>162</ns3:hr>
            <ns3:cad>88</ns3:cad>
          </ns3:TrackPointExtension>
        </extensions>
      </trkpt>
      <trkpt lat="31.02175153791904449462890625" lon="121.42920247279107570648193359375">
        <ele>4.400000095367431640625</ele>
        <time>2026-05-14T13:01:56.000Z</time>
        <extensions>
          <ns3:TrackPointExtension>
            <ns3:hr>162</ns3:hr>
            <ns3:cad>88</ns3:cad>
          </ns3:TrackPointExtension>
        </extensions>
      </trkpt>
      <trkpt lat="31.02176419459283351898193359375" lon="121.4292325638234615325927734375">
        <ele>4.400000095367431640625</ele>
        <time>2026-05-14T13:01:57.000Z</time>
        <extensions>
          <ns3:TrackPointExtension>
            <ns3:hr>162</ns3:hr>
            <ns3:cad>88</ns3:cad>
          </ns3:TrackPointExtension>
        </extensions>
      </trkpt>
      <trkpt lat="31.02177592925727367401123046875" lon="121.42926625907421112060546875">
        <ele>4.400000095367431640625</ele>
        <time>2026-05-14T13:01:58.000Z</time>
        <extensions>
          <ns3:TrackPointExtension>
            <ns3:hr>162</ns3:hr>
            <ns3:cad>87</ns3:cad>
          </ns3:TrackPointExtension>
        </extensions>
      </trkpt>
      <trkpt lat="31.02179101668298244476318359375" lon="121.4292942546308040618896484375">
        <ele>4.400000095367431640625</ele>
        <time>2026-05-14T13:01:59.000Z</time>
        <extensions>
          <ns3:TrackPointExtension>
            <ns3:hr>162</ns3:hr>
            <ns3:cad>87</ns3:cad>
          </ns3:TrackPointExtension>
        </extensions>
      </trkpt>
      <trkpt lat="31.0218060202896595001220703125" lon="121.42932669259607791900634765625">
        <ele>4.400000095367431640625</ele>
        <time>2026-05-14T13:02:00.000Z</time>
        <extensions>
          <ns3:TrackPointExtension>
            <ns3:hr>162</ns3:hr>
            <ns3:cad>87</ns3:cad>
          </ns3:TrackPointExtension>
        </extensions>
      </trkpt>
      <trkpt lat="31.02182504720985889434814453125" lon="121.4293485693633556365966796875">
        <ele>4.400000095367431640625</ele>
        <time>2026-05-14T13:02:01.000Z</time>
        <extensions>
          <ns3:TrackPointExtension>
            <ns3:hr>162</ns3:hr>
            <ns3:cad>88</ns3:cad>
          </ns3:TrackPointExtension>
        </extensions>
      </trkpt>
      <trkpt lat="31.02184248156845569610595703125" lon="121.42937832511961460113525390625">
        <ele>4.400000095367431640625</ele>
        <time>2026-05-14T13:02:02.000Z</time>
        <extensions>
          <ns3:TrackPointExtension>
            <ns3:hr>163</ns3:hr>
            <ns3:cad>88</ns3:cad>
          </ns3:TrackPointExtension>
        </extensions>
      </trkpt>
      <trkpt lat="31.0218623466789722442626953125" lon="121.42939659766852855682373046875">
        <ele>4.400000095367431640625</ele>
        <time>2026-05-14T13:02:03.000Z</time>
        <extensions>
          <ns3:TrackPointExtension>
            <ns3:hr>163</ns3:hr>
            <ns3:cad>88</ns3:cad>
          </ns3:TrackPointExtension>
        </extensions>
      </trkpt>
      <trkpt lat="31.021887995302677154541015625" lon="121.429424844682216644287109375">
        <ele>4.400000095367431640625</ele>
        <time>2026-05-14T13:02:04.000Z</time>
        <extensions>
          <ns3:TrackPointExtension>
            <ns3:hr>163</ns3:hr>
            <ns3:cad>88</ns3:cad>
          </ns3:TrackPointExtension>
        </extensions>
      </trkpt>
      <trkpt lat="31.02190718986093997955322265625" lon="121.42943850718438625335693359375">
        <ele>4.400000095367431640625</ele>
        <time>2026-05-14T13:02:05.000Z</time>
        <extensions>
          <ns3:TrackPointExtension>
            <ns3:hr>163</ns3:hr>
            <ns3:cad>88</ns3:cad>
          </ns3:TrackPointExtension>
        </extensions>
      </trkpt>
      <trkpt lat="31.02194063365459442138671875" lon="121.42946030013263225555419921875">
        <ele>4.400000095367431640625</ele>
        <time>2026-05-14T13:02:06.000Z</time>
        <extensions>
          <ns3:TrackPointExtension>
            <ns3:hr>163</ns3:hr>
            <ns3:cad>88</ns3:cad>
          </ns3:TrackPointExtension>
        </extensions>
      </trkpt>
      <trkpt lat="31.0219595767557621002197265625" lon="121.4294669218361377716064453125">
        <ele>4.400000095367431640625</ele>
        <time>2026-05-14T13:02:07.000Z</time>
        <extensions>
          <ns3:TrackPointExtension>
            <ns3:hr>163</ns3:hr>
            <ns3:cad>88</ns3:cad>
          </ns3:TrackPointExtension>
        </extensions>
      </trkpt>
      <trkpt lat="31.0219914279878139495849609375" lon="121.42948159016668796539306640625">
        <ele>4.400000095367431640625</ele>
        <time>2026-05-14T13:02:08.000Z</time>
        <extensions>
          <ns3:TrackPointExtension>
            <ns3:hr>163</ns3:hr>
            <ns3:cad>88</ns3:cad>
          </ns3:TrackPointExtension>
        </extensions>
      </trkpt>
      <trkpt lat="31.02201615460216999053955078125" lon="121.429488547146320343017578125">
        <ele>4.400000095367431640625</ele>
        <time>2026-05-14T13:02:09.000Z</time>
        <extensions>
          <ns3:TrackPointExtension>
            <ns3:hr>164</ns3:hr>
            <ns3:cad>88</ns3:cad>
          </ns3:TrackPointExtension>
        </extensions>
      </trkpt>
      <trkpt lat="31.0220477543771266937255859375" lon="121.42949181608855724334716796875">
        <ele>4.400000095367431640625</ele>
        <time>2026-05-14T13:02:10.000Z</time>
        <extensions>
          <ns3:TrackPointExtension>
            <ns3:hr>164</ns3:hr>
            <ns3:cad>87</ns3:cad>
          </ns3:TrackPointExtension>
        </extensions>
      </trkpt>
      <trkpt lat="31.02207818068563938140869140625" lon="121.42949332483112812042236328125">
        <ele>4.400000095367431640625</ele>
        <time>2026-05-14T13:02:11.000Z</time>
        <extensions>
          <ns3:TrackPointExtension>
            <ns3:hr>164</ns3:hr>
            <ns3:cad>87</ns3:cad>
          </ns3:TrackPointExtension>
        </extensions>
      </trkpt>
      <trkpt lat="31.02210885845124721527099609375" lon="121.42948779277503490447998046875">
        <ele>4.400000095367431640625</ele>
        <time>2026-05-14T13:02:12.000Z</time>
        <extensions>
          <ns3:TrackPointExtension>
            <ns3:hr>163</ns3:hr>
            <ns3:cad>88</ns3:cad>
          </ns3:TrackPointExtension>
        </extensions>
      </trkpt>
      <trkpt lat="31.02214037440717220306396484375" lon="121.42948628403246402740478515625">
        <ele>4.400000095367431640625</ele>
        <time>2026-05-14T13:02:13.000Z</time>
        <extensions>
          <ns3:TrackPointExtension>
            <ns3:hr>164</ns3:hr>
            <ns3:cad>88</ns3:cad>
          </ns3:TrackPointExtension>
        </extensions>
      </trkpt>
      <trkpt lat="31.0221684537827968597412109375" lon="121.42947756685316562652587890625">
        <ele>4.400000095367431640625</ele>
        <time>2026-05-14T13:02:14.000Z</time>
        <extensions>
          <ns3:TrackPointExtension>
            <ns3:hr>164</ns3:hr>
            <ns3:cad>88</ns3:cad>
          </ns3:TrackPointExtension>
        </extensions>
      </trkpt>
      <trkpt lat="31.02219971828162670135498046875" lon="121.4294742979109287261962890625">
        <ele>4.400000095367431640625</ele>
        <time>2026-05-14T13:02:15.000Z</time>
        <extensions>
          <ns3:TrackPointExtension>
            <ns3:hr>163</ns3:hr>
            <ns3:cad>87</ns3:cad>
          </ns3:TrackPointExtension>
        </extensions>
      </trkpt>
      <trkpt lat="31.02222452871501445770263671875" lon="121.429467089474201202392578125">
        <ele>4.400000095367431640625</ele>
        <time>2026-05-14T13:02:16.000Z</time>
        <extensions>
          <ns3:TrackPointExtension>
            <ns3:hr>163</ns3:hr>
            <ns3:cad>87</ns3:cad>
          </ns3:TrackPointExtension>
        </extensions>
      </trkpt>
      <trkpt lat="31.02225721813738346099853515625" lon="121.42946717329323291778564453125">
        <ele>4.400000095367431640625</ele>
        <time>2026-05-14T13:02:17.000Z</time>
        <extensions>
          <ns3:TrackPointExtension>
            <ns3:hr>163</ns3:hr>
            <ns3:cad>87</ns3:cad>
          </ns3:TrackPointExtension>
        </extensions>
      </trkpt>
      <trkpt lat="31.022278927266597747802734375" lon="121.4294578693807125091552734375">
        <ele>4.400000095367431640625</ele>
        <time>2026-05-14T13:02:18.000Z</time>
        <extensions>
          <ns3:TrackPointExtension>
            <ns3:hr>163</ns3:hr>
            <ns3:cad>87</ns3:cad>
          </ns3:TrackPointExtension>
        </extensions>
      </trkpt>
      <trkpt lat="31.02231136523187160491943359375" lon="121.4294561930000782012939453125">
        <ele>4.400000095367431640625</ele>
        <time>2026-05-14T13:02:19.000Z</time>
        <extensions>
          <ns3:TrackPointExtension>
            <ns3:hr>164</ns3:hr>
            <ns3:cad>87</ns3:cad>
          </ns3:TrackPointExtension>
        </extensions>
      </trkpt>
      <trkpt lat="31.0223327390849590301513671875" lon="121.42944957129657268524169921875">
        <ele>4.400000095367431640625</ele>
        <time>2026-05-14T13:02:20.000Z</time>
        <extensions>
          <ns3:TrackPointExtension>
            <ns3:hr>163</ns3:hr>
            <ns3:cad>87</ns3:cad>
          </ns3:TrackPointExtension>
        </extensions>
      </trkpt>
      <trkpt lat="31.0223592258989810943603515625" lon="121.4294461347162723541259765625">
        <ele>4.400000095367431640625</ele>
        <time>2026-05-14T13:02:21.000Z</time>
        <extensions>
          <ns3:TrackPointExtension>
            <ns3:hr>163</ns3:hr>
            <ns3:cad>87</ns3:cad>
          </ns3:TrackPointExtension>
        </extensions>
      </trkpt>
      <trkpt lat="31.02238143794238567352294921875" lon="121.4294390939176082611083984375">
        <ele>4.400000095367431640625</ele>
        <time>2026-05-14T13:02:22.000Z</time>
        <extensions>
          <ns3:TrackPointExtension>
            <ns3:hr>163</ns3:hr>
            <ns3:cad>87</ns3:cad>
          </ns3:TrackPointExtension>
        </extensions>
      </trkpt>
      <trkpt lat="31.02241831831634044647216796875" lon="121.4294317178428173065185546875">
        <ele>4.400000095367431640625</ele>
        <time>2026-05-14T13:02:23.000Z</time>
        <extensions>
          <ns3:TrackPointExtension>
            <ns3:hr>163</ns3:hr>
            <ns3:cad>87</ns3:cad>
          </ns3:TrackPointExtension>
        </extensions>
      </trkpt>
      <trkpt lat="31.0224423743784427642822265625" lon="121.42942526377737522125244140625">
        <ele>4.400000095367431640625</ele>
        <time>2026-05-14T13:02:24.000Z</time>
        <extensions>
          <ns3:TrackPointExtension>
            <ns3:hr>163</ns3:hr>
            <ns3:cad>88</ns3:cad>
          </ns3:TrackPointExtension>
        </extensions>
      </trkpt>
      <trkpt lat="31.02247799746692180633544921875" lon="121.4294189773499965667724609375">
        <ele>4.400000095367431640625</ele>
        <time>2026-05-14T13:02:25.000Z</time>
        <extensions>
          <ns3:TrackPointExtension>
            <ns3:hr>163</ns3:hr>
            <ns3:cad>88</ns3:cad>
          </ns3:TrackPointExtension>
        </extensions>
      </trkpt>
      <trkpt lat="31.0225013829767704010009765625" lon="121.42941034398972988128662109375">
        <ele>4.400000095367431640625</ele>
        <time>2026-05-14T13:02:26.000Z</time>
        <extensions>
          <ns3:TrackPointExtension>
            <ns3:hr>162</ns3:hr>
            <ns3:cad>88</ns3:cad>
          </ns3:TrackPointExtension>
        </extensions>
      </trkpt>
      <trkpt lat="31.02253382094204425811767578125" lon="121.42940330319106578826904296875">
        <ele>4.400000095367431640625</ele>
        <time>2026-05-14T13:02:27.000Z</time>
        <extensions>
          <ns3:TrackPointExtension>
            <ns3:hr>162</ns3:hr>
            <ns3:cad>88</ns3:cad>
          </ns3:TrackPointExtension>
        </extensions>
      </trkpt>
      <trkpt lat="31.02255829609930515289306640625" lon="121.42939307726919651031494140625">
        <ele>4.400000095367431640625</ele>
        <time>2026-05-14T13:02:28.000Z</time>
        <extensions>
          <ns3:TrackPointExtension>
            <ns3:hr>162</ns3:hr>
            <ns3:cad>89</ns3:cad>
          </ns3:TrackPointExtension>
        </extensions>
      </trkpt>
      <trkpt lat="31.02258612401783466339111328125" lon="121.42938151024281978607177734375">
        <ele>4.400000095367431640625</ele>
        <time>2026-05-14T13:02:29.000Z</time>
        <extensions>
          <ns3:TrackPointExtension>
            <ns3:hr>162</ns3:hr>
            <ns3:cad>89</ns3:cad>
          </ns3:TrackPointExtension>
        </extensions>
      </trkpt>
      <trkpt lat="31.02261177264153957366943359375" lon="121.42937245778739452362060546875">
        <ele>4.400000095367431640625</ele>
        <time>2026-05-14T13:02:30.000Z</time>
        <extensions>
          <ns3:TrackPointExtension>
            <ns3:hr>162</ns3:hr>
            <ns3:cad>89</ns3:cad>
          </ns3:TrackPointExtension>
        </extensions>
      </trkpt>
      <trkpt lat="31.02263792417943477630615234375" lon="121.4293609745800495147705078125">
        <ele>4.400000095367431640625</ele>
        <time>2026-05-14T13:02:31.000Z</time>
        <extensions>
          <ns3:TrackPointExtension>
            <ns3:hr>162</ns3:hr>
            <ns3:cad>89</ns3:cad>
          </ns3:TrackPointExtension>
        </extensions>
      </trkpt>
      <trkpt lat="31.02266374044120311737060546875" lon="121.42935351468622684478759765625">
        <ele>4.400000095367431640625</ele>
        <time>2026-05-14T13:02:32.000Z</time>
        <extensions>
          <ns3:TrackPointExtension>
            <ns3:hr>162</ns3:hr>
            <ns3:cad>88</ns3:cad>
          </ns3:TrackPointExtension>
        </extensions>
      </trkpt>
      <trkpt lat="31.02269165217876434326171875" lon="121.4293460547924041748046875">
        <ele>4.400000095367431640625</ele>
        <time>2026-05-14T13:02:33.000Z</time>
        <extensions>
          <ns3:TrackPointExtension>
            <ns3:hr>162</ns3:hr>
            <ns3:cad>88</ns3:cad>
          </ns3:TrackPointExtension>
        </extensions>
      </trkpt>
      <trkpt lat="31.022720150649547576904296875" lon="121.4293398521840572357177734375">
        <ele>4.400000095367431640625</ele>
        <time>2026-05-14T13:02:34.000Z</time>
        <extensions>
          <ns3:TrackPointExtension>
            <ns3:hr>162</ns3:hr>
            <ns3:cad>88</ns3:cad>
          </ns3:TrackPointExtension>
        </extensions>
      </trkpt>
      <trkpt lat="31.022747643291950225830078125" lon="121.42933004535734653472900390625">
        <ele>4.400000095367431640625</ele>
        <time>2026-05-14T13:02:35.000Z</time>
        <extensions>
          <ns3:TrackPointExtension>
            <ns3:hr>162</ns3:hr>
            <ns3:cad>89</ns3:cad>
          </ns3:TrackPointExtension>
        </extensions>
      </trkpt>
      <trkpt lat="31.0227759741246700286865234375" lon="121.42932937480509281158447265625">
        <ele>4.400000095367431640625</ele>
        <time>2026-05-14T13:02:36.000Z</time>
        <extensions>
          <ns3:TrackPointExtension>
            <ns3:hr>162</ns3:hr>
            <ns3:cad>89</ns3:cad>
          </ns3:TrackPointExtension>
        </extensions>
      </trkpt>
      <trkpt lat="31.0227997787296772003173828125" lon="121.42932233400642871856689453125">
        <ele>4.400000095367431640625</ele>
        <time>2026-05-14T13:02:37.000Z</time>
        <extensions>
          <ns3:TrackPointExtension>
            <ns3:hr>162</ns3:hr>
            <ns3:cad>88</ns3:cad>
          </ns3:TrackPointExtension>
        </extensions>
      </trkpt>
      <trkpt lat="31.02283104322850704193115234375" lon="121.429322920739650726318359375">
        <ele>4.19999980926513671875</ele>
        <time>2026-05-14T13:02:38.000Z</time>
        <extensions>
          <ns3:TrackPointExtension>
            <ns3:hr>161</ns3:hr>
            <ns3:cad>88</ns3:cad>
          </ns3:TrackPointExtension>
        </extensions>
      </trkpt>
      <trkpt lat="31.02285451255738735198974609375" lon="121.42931629903614521026611328125">
        <ele>4.19999980926513671875</ele>
        <time>2026-05-14T13:02:39.000Z</time>
        <extensions>
          <ns3:TrackPointExtension>
            <ns3:hr>161</ns3:hr>
            <ns3:cad>88</ns3:cad>
          </ns3:TrackPointExtension>
        </extensions>
      </trkpt>
      <trkpt lat="31.0228869505226612091064453125" lon="121.42931713722646236419677734375">
        <ele>4.19999980926513671875</ele>
        <time>2026-05-14T13:02:40.000Z</time>
        <extensions>
          <ns3:TrackPointExtension>
            <ns3:hr>161</ns3:hr>
            <ns3:cad>88</ns3:cad>
          </ns3:TrackPointExtension>
        </extensions>
      </trkpt>
      <trkpt lat="31.022907905280590057373046875" lon="121.42931126989424228668212890625">
        <ele>4.19999980926513671875</ele>
        <time>2026-05-14T13:02:41.000Z</time>
        <extensions>
          <ns3:TrackPointExtension>
            <ns3:hr>161</ns3:hr>
            <ns3:cad>88</ns3:cad>
          </ns3:TrackPointExtension>
        </extensions>
      </trkpt>
      <trkpt lat="31.02294285781681537628173828125" lon="121.42930607311427593231201171875">
        <ele>4.19999980926513671875</ele>
        <time>2026-05-14T13:02:42.000Z</time>
        <extensions>
          <ns3:TrackPointExtension>
            <ns3:hr>161</ns3:hr>
            <ns3:cad>89</ns3:cad>
          </ns3:TrackPointExtension>
        </extensions>
      </trkpt>
      <trkpt lat="31.0229618847370147705078125" lon="121.42929467372596263885498046875">
        <ele>4.19999980926513671875</ele>
        <time>2026-05-14T13:02:43.000Z</time>
        <extensions>
          <ns3:TrackPointExtension>
            <ns3:hr>162</ns3:hr>
            <ns3:cad>88</ns3:cad>
          </ns3:TrackPointExtension>
        </extensions>
      </trkpt>
      <trkpt lat="31.02299164049327373504638671875" lon="121.429280675947666168212890625">
        <ele>4.19999980926513671875</ele>
        <time>2026-05-14T13:02:44.000Z</time>
        <extensions>
          <ns3:TrackPointExtension>
            <ns3:hr>162</ns3:hr>
            <ns3:cad>88</ns3:cad>
          </ns3:TrackPointExtension>
        </extensions>
      </trkpt>
      <trkpt lat="31.02301209233701229095458984375" lon="121.4292590506374835968017578125">
        <ele>4.400000095367431640625</ele>
        <time>2026-05-14T13:02:45.000Z</time>
        <extensions>
          <ns3:TrackPointExtension>
            <ns3:hr>162</ns3:hr>
            <ns3:cad>88</ns3:cad>
          </ns3:TrackPointExtension>
        </extensions>
      </trkpt>
      <trkpt lat="31.0230338014662265777587890625" lon="121.4292349107563495635986328125">
        <ele>4.400000095367431640625</ele>
        <time>2026-05-14T13:02:46.000Z</time>
        <extensions>
          <ns3:TrackPointExtension>
            <ns3:hr>162</ns3:hr>
            <ns3:cad>87</ns3:cad>
          </ns3:TrackPointExtension>
        </extensions>
      </trkpt>
      <trkpt lat="31.02305165491998195648193359375" lon="121.42921420745551586151123046875">
        <ele>4.400000095367431640625</ele>
        <time>2026-05-14T13:02:47.000Z</time>
        <extensions>
          <ns3:TrackPointExtension>
            <ns3:hr>162</ns3:hr>
            <ns3:cad>87</ns3:cad>
          </ns3:TrackPointExtension>
        </extensions>
      </trkpt>
      <trkpt lat="31.0230713523924350738525390625" lon="121.42918721772730350494384765625">
        <ele>4.400000095367431640625</ele>
        <time>2026-05-14T13:02:48.000Z</time>
        <extensions>
          <ns3:TrackPointExtension>
            <ns3:hr>162</ns3:hr>
            <ns3:cad>87</ns3:cad>
          </ns3:TrackPointExtension>
        </extensions>
      </trkpt>
      <trkpt lat="31.02308585308492183685302734375" lon="121.4291631616652011871337890625">
        <ele>4.400000095367431640625</ele>
        <time>2026-05-14T13:02:49.000Z</time>
        <extensions>
          <ns3:TrackPointExtension>
            <ns3:hr>162</ns3:hr>
            <ns3:cad>88</ns3:cad>
          </ns3:TrackPointExtension>
        </extensions>
      </trkpt>
      <trkpt lat="31.023101024329662322998046875" lon="121.42913726158440113067626953125">
        <ele>4.400000095367431640625</ele>
        <time>2026-05-14T13:02:50.000Z</time>
        <extensions>
          <ns3:TrackPointExtension>
            <ns3:hr>162</ns3:hr>
            <ns3:cad>88</ns3:cad>
          </ns3:TrackPointExtension>
        </extensions>
      </trkpt>
      <trkpt lat="31.02311518974602222442626953125" lon="121.4291115291416645050048828125">
        <ele>4.400000095367431640625</ele>
        <time>2026-05-14T13:02:51.000Z</time>
        <extensions>
          <ns3:TrackPointExtension>
            <ns3:hr>162</ns3:hr>
            <ns3:cad>88</ns3:cad>
          </ns3:TrackPointExtension>
        </extensions>
      </trkpt>
      <trkpt lat="31.023126505315303802490234375" lon="121.42908646725118160247802734375">
        <ele>4.400000095367431640625</ele>
        <time>2026-05-14T13:02:52.000Z</time>
        <extensions>
          <ns3:TrackPointExtension>
            <ns3:hr>162</ns3:hr>
            <ns3:cad>89</ns3:cad>
          </ns3:TrackPointExtension>
        </extensions>
      </trkpt>
      <trkpt lat="31.0231384076178073883056640625" lon="121.429060399532318115234375">
        <ele>4.400000095367431640625</ele>
        <time>2026-05-14T13:02:53.000Z</time>
        <extensions>
          <ns3:TrackPointExtension>
            <ns3:hr>162</ns3:hr>
            <ns3:cad>90</ns3:cad>
          </ns3:TrackPointExtension>
        </extensions>
      </trkpt>
      <trkpt lat="31.0231454484164714813232421875" lon="121.42903156578540802001953125">
        <ele>4.400000095367431640625</ele>
        <time>2026-05-14T13:02:54.000Z</time>
        <extensions>
          <ns3:TrackPointExtension>
            <ns3:hr>162</ns3:hr>
            <ns3:cad>90</ns3:cad>
          </ns3:TrackPointExtension>
        </extensions>
      </trkpt>
      <trkpt lat="31.02316078729927539825439453125" lon="121.42900013364851474761962890625">
        <ele>4.400000095367431640625</ele>
        <time>2026-05-14T13:02:55.000Z</time>
        <extensions>
          <ns3:TrackPointExtension>
            <ns3:hr>162</ns3:hr>
            <ns3:cad>88</ns3:cad>
          </ns3:TrackPointExtension>
        </extensions>
      </trkpt>
      <trkpt lat="31.0231669060885906219482421875" lon="121.42897213809192180633544921875">
        <ele>4.400000095367431640625</ele>
        <time>2026-05-14T13:02:56.000Z</time>
        <extensions>
          <ns3:TrackPointExtension>
            <ns3:hr>162</ns3:hr>
            <ns3:cad>87</ns3:cad>
          </ns3:TrackPointExtension>
        </extensions>
      </trkpt>
      <trkpt lat="31.0231769643723964691162109375" lon="121.42893643118441104888916015625">
        <ele>4.19999980926513671875</ele>
        <time>2026-05-14T13:02:57.000Z</time>
        <extensions>
          <ns3:TrackPointExtension>
            <ns3:hr>162</ns3:hr>
            <ns3:cad>87</ns3:cad>
          </ns3:TrackPointExtension>
        </extensions>
      </trkpt>
      <trkpt lat="31.02317847311496734619140625" lon="121.428908519446849822998046875">
        <ele>4.19999980926513671875</ele>
        <time>2026-05-14T13:02:58.000Z</time>
        <extensions>
          <ns3:TrackPointExtension>
            <ns3:hr>162</ns3:hr>
            <ns3:cad>88</ns3:cad>
          </ns3:TrackPointExtension>
        </extensions>
      </trkpt>
      <trkpt lat="31.023180484771728515625" lon="121.42886669375002384185791015625">
        <ele>4.19999980926513671875</ele>
        <time>2026-05-14T13:02:59.000Z</time>
        <extensions>
          <ns3:TrackPointExtension>
            <ns3:hr>162</ns3:hr>
            <ns3:cad>88</ns3:cad>
          </ns3:TrackPointExtension>
        </extensions>
      </trkpt>
      <trkpt lat="31.02317553944885730743408203125" lon="121.4288406260311603546142578125">
        <ele>4.19999980926513671875</ele>
        <time>2026-05-14T13:03:00.000Z</time>
        <extensions>
          <ns3:TrackPointExtension>
            <ns3:hr>162</ns3:hr>
            <ns3:cad>88</ns3:cad>
          </ns3:TrackPointExtension>
        </extensions>
      </trkpt>
      <trkpt lat="31.02317051030695438385009765625" lon="121.4287993870675563812255859375">
        <ele>4.19999980926513671875</ele>
        <time>2026-05-14T13:03:01.000Z</time>
        <extensions>
          <ns3:TrackPointExtension>
            <ns3:hr>161</ns3:hr>
            <ns3:cad>87</ns3:cad>
          </ns3:TrackPointExtension>
        </extensions>
      </trkpt>
      <trkpt lat="31.0231630504131317138671875" lon="121.4287718944251537322998046875">
        <ele>4.19999980926513671875</ele>
        <time>2026-05-14T13:03:02.000Z</time>
        <extensions>
          <ns3:TrackPointExtension>
            <ns3:hr>162</ns3:hr>
            <ns3:cad>87</ns3:cad>
          </ns3:TrackPointExtension>
        </extensions>
      </trkpt>
      <trkpt lat="31.0231501422822475433349609375" lon="121.42873476259410381317138671875">
        <ele>4.19999980926513671875</ele>
        <time>2026-05-14T13:03:03.000Z</time>
        <extensions>
          <ns3:TrackPointExtension>
            <ns3:hr>161</ns3:hr>
            <ns3:cad>87</ns3:cad>
          </ns3:TrackPointExtension>
        </extensions>
      </trkpt>
      <trkpt lat="31.0231367312371730804443359375" lon="121.42870726995170116424560546875">
        <ele>4.19999980926513671875</ele>
        <time>2026-05-14T13:03:04.000Z</time>
        <extensions>
          <ns3:TrackPointExtension>
            <ns3:hr>161</ns3:hr>
            <ns3:cad>88</ns3:cad>
          </ns3:TrackPointExtension>
        </extensions>
      </trkpt>
      <trkpt lat="31.02312155999243259429931640625" lon="121.42867960967123508453369140625">
        <ele>4.19999980926513671875</ele>
        <time>2026-05-14T13:03:05.000Z</time>
        <extensions>
          <ns3:TrackPointExtension>
            <ns3:hr>161</ns3:hr>
            <ns3:cad>88</ns3:cad>
          </ns3:TrackPointExtension>
        </extensions>
      </trkpt>
      <trkpt lat="31.02310831658542156219482421875" lon="121.4286518655717372894287109375">
        <ele>4.19999980926513671875</ele>
        <time>2026-05-14T13:03:06.000Z</time>
        <extensions>
          <ns3:TrackPointExtension>
            <ns3:hr>160</ns3:hr>
            <ns3:cad>88</ns3:cad>
          </ns3:TrackPointExtension>
        </extensions>
      </trkpt>
      <trkpt lat="31.02309054695069789886474609375" lon="121.42863057553768157958984375">
        <ele>4.19999980926513671875</ele>
        <time>2026-05-14T13:03:07.000Z</time>
        <extensions>
          <ns3:TrackPointExtension>
            <ns3:hr>160</ns3:hr>
            <ns3:cad>87</ns3:cad>
          </ns3:TrackPointExtension>
        </extensions>
      </trkpt>
      <trkpt lat="31.02307478897273540496826171875" lon="121.42860115505754947662353515625">
        <ele>4.19999980926513671875</ele>
        <time>2026-05-14T13:03:08.000Z</time>
        <extensions>
          <ns3:TrackPointExtension>
            <ns3:hr>160</ns3:hr>
            <ns3:cad>87</ns3:cad>
          </ns3:TrackPointExtension>
        </extensions>
      </trkpt>
      <trkpt lat="31.023056767880916595458984375" lon="121.42858305014669895172119140625">
        <ele>4.19999980926513671875</ele>
        <time>2026-05-14T13:03:09.000Z</time>
        <extensions>
          <ns3:TrackPointExtension>
            <ns3:hr>160</ns3:hr>
            <ns3:cad>87</ns3:cad>
          </ns3:TrackPointExtension>
        </extensions>
      </trkpt>
      <trkpt lat="31.02303120307624340057373046875" lon="121.42855388112366199493408203125">
        <ele>4.19999980926513671875</ele>
        <time>2026-05-14T13:03:10.000Z</time>
        <extensions>
          <ns3:TrackPointExtension>
            <ns3:hr>160</ns3:hr>
            <ns3:cad>87</ns3:cad>
          </ns3:TrackPointExtension>
        </extensions>
      </trkpt>
      <trkpt lat="31.02300957776606082916259765625" lon="121.4285405538976192474365234375">
        <ele>4.19999980926513671875</ele>
        <time>2026-05-14T13:03:11.000Z</time>
        <extensions>
          <ns3:TrackPointExtension>
            <ns3:hr>159</ns3:hr>
            <ns3:cad>87</ns3:cad>
          </ns3:TrackPointExtension>
        </extensions>
      </trkpt>
      <trkpt lat="31.02298133075237274169921875" lon="121.42851666547358036041259765625">
        <ele>4.19999980926513671875</ele>
        <time>2026-05-14T13:03:12.000Z</time>
        <extensions>
          <ns3:TrackPointExtension>
            <ns3:hr>159</ns3:hr>
            <ns3:cad>87</ns3:cad>
          </ns3:TrackPointExtension>
        </extensions>
      </trkpt>
      <trkpt lat="31.02295777760446071624755859375" lon="121.4285066910088062286376953125">
        <ele>4.19999980926513671875</ele>
        <time>2026-05-14T13:03:13.000Z</time>
        <extensions>
          <ns3:TrackPointExtension>
            <ns3:hr>159</ns3:hr>
            <ns3:cad>87</ns3:cad>
          </ns3:TrackPointExtension>
        </extensions>
      </trkpt>
      <trkpt lat="31.0229251720011234283447265625" lon="121.42848975956439971923828125">
        <ele>4.19999980926513671875</ele>
        <time>2026-05-14T13:03:14.000Z</time>
        <extensions>
          <ns3:TrackPointExtension>
            <ns3:hr>159</ns3:hr>
            <ns3:cad>87</ns3:cad>
          </ns3:TrackPointExtension>
        </extensions>
      </trkpt>
      <trkpt lat="31.022899188101291656494140625" lon="121.42848079092800617218017578125">
        <ele>4.19999980926513671875</ele>
        <time>2026-05-14T13:03:15.000Z</time>
        <extensions>
          <ns3:TrackPointExtension>
            <ns3:hr>159</ns3:hr>
            <ns3:cad>87</ns3:cad>
          </ns3:TrackPointExtension>
        </extensions>
      </trkpt>
      <trkpt lat="31.0228706896305084228515625" lon="121.4284745045006275177001953125">
        <ele>4.19999980926513671875</ele>
        <time>2026-05-14T13:03:16.000Z</time>
        <extensions>
          <ns3:TrackPointExtension>
            <ns3:hr>159</ns3:hr>
            <ns3:cad>88</ns3:cad>
          </ns3:TrackPointExtension>
        </extensions>
      </trkpt>
      <trkpt lat="31.02284361608326435089111328125" lon="121.428467966616153717041015625">
        <ele>4.400000095367431640625</ele>
        <time>2026-05-14T13:03:17.000Z</time>
        <extensions>
          <ns3:TrackPointExtension>
            <ns3:hr>159</ns3:hr>
            <ns3:cad>88</ns3:cad>
          </ns3:TrackPointExtension>
        </extensions>
      </trkpt>
      <trkpt lat="31.0228172130882740020751953125" lon="121.4284711517393589019775390625">
        <ele>4.19999980926513671875</ele>
        <time>2026-05-14T13:03:18.000Z</time>
        <extensions>
          <ns3:TrackPointExtension>
            <ns3:hr>159</ns3:hr>
            <ns3:cad>88</ns3:cad>
          </ns3:TrackPointExtension>
        </extensions>
      </trkpt>
      <trkpt lat="31.02279089391231536865234375" lon="121.42846587114036083221435546875">
        <ele>4.19999980926513671875</ele>
        <time>2026-05-14T13:03:19.000Z</time>
        <extensions>
          <ns3:TrackPointExtension>
            <ns3:hr>159</ns3:hr>
            <ns3:cad>87</ns3:cad>
          </ns3:TrackPointExtension>
        </extensions>
      </trkpt>
      <trkpt lat="31.022767089307308197021484375" lon="121.42847056500613689422607421875">
        <ele>4.19999980926513671875</ele>
        <time>2026-05-14T13:03:20.000Z</time>
        <extensions>
          <ns3:TrackPointExtension>
            <ns3:hr>159</ns3:hr>
            <ns3:cad>87</ns3:cad>
          </ns3:TrackPointExtension>
        </extensions>
      </trkpt>
      <trkpt lat="31.022738255560398101806640625" lon="121.4284681342542171478271484375">
        <ele>4.19999980926513671875</ele>
        <time>2026-05-14T13:03:21.000Z</time>
        <extensions>
          <ns3:TrackPointExtension>
            <ns3:hr>159</ns3:hr>
            <ns3:cad>87</ns3:cad>
          </ns3:TrackPointExtension>
        </extensions>
      </trkpt>
      <trkpt lat="31.02271285839378833770751953125" lon="121.42847626470029354095458984375">
        <ele>4.19999980926513671875</ele>
        <time>2026-05-14T13:03:22.000Z</time>
        <extensions>
          <ns3:TrackPointExtension>
            <ns3:hr>158</ns3:hr>
            <ns3:cad>87</ns3:cad>
          </ns3:TrackPointExtension>
        </extensions>
      </trkpt>
      <trkpt lat="31.02268352173268795013427734375" lon="121.42848112620413303375244140625">
        <ele>4</ele>
        <time>2026-05-14T13:03:23.000Z</time>
        <extensions>
          <ns3:TrackPointExtension>
            <ns3:hr>158</ns3:hr>
            <ns3:cad>87</ns3:cad>
          </ns3:TrackPointExtension>
        </extensions>
      </trkpt>
      <trkpt lat="31.02266189642250537872314453125" lon="121.42848950810730457305908203125">
        <ele>4</ele>
        <time>2026-05-14T13:03:24.000Z</time>
        <extensions>
          <ns3:TrackPointExtension>
            <ns3:hr>158</ns3:hr>
            <ns3:cad>87</ns3:cad>
          </ns3:TrackPointExtension>
        </extensions>
      </trkpt>
      <trkpt lat="31.02262786589562892913818359375" lon="121.42848766408860683441162109375">
        <ele>4</ele>
        <time>2026-05-14T13:03:25.000Z</time>
        <extensions>
          <ns3:TrackPointExtension>
            <ns3:hr>159</ns3:hr>
            <ns3:cad>87</ns3:cad>
          </ns3:TrackPointExtension>
        </extensions>
      </trkpt>
      <trkpt lat="31.02260540239512920379638671875" lon="121.42849504016339778900146484375">
        <ele>4</ele>
        <time>2026-05-14T13:03:26.000Z</time>
        <extensions>
          <ns3:TrackPointExtension>
            <ns3:hr>158</ns3:hr>
            <ns3:cad>87</ns3:cad>
          </ns3:TrackPointExtension>
        </extensions>
      </trkpt>
      <trkpt lat="31.02257237769663333892822265625" lon="121.4285040087997913360595703125">
        <ele>4.19999980926513671875</ele>
        <time>2026-05-14T13:03:27.000Z</time>
        <extensions>
          <ns3:TrackPointExtension>
            <ns3:hr>158</ns3:hr>
            <ns3:cad>87</ns3:cad>
          </ns3:TrackPointExtension>
        </extensions>
      </trkpt>
      <trkpt lat="31.0225496627390384674072265625" lon="121.42851565964519977569580078125">
        <ele>4.19999980926513671875</ele>
        <time>2026-05-14T13:03:28.000Z</time>
        <extensions>
          <ns3:TrackPointExtension>
            <ns3:hr>158</ns3:hr>
            <ns3:cad>88</ns3:cad>
          </ns3:TrackPointExtension>
        </extensions>
      </trkpt>
      <trkpt lat="31.02252074517309665679931640625" lon="121.428524963557720184326171875">
        <ele>4.19999980926513671875</ele>
        <time>2026-05-14T13:03:29.000Z</time>
        <extensions>
          <ns3:TrackPointExtension>
            <ns3:hr>158</ns3:hr>
            <ns3:cad>88</ns3:cad>
          </ns3:TrackPointExtension>
        </extensions>
      </trkpt>
      <trkpt lat="31.022496521472930908203125" lon="121.42853409983217716217041015625">
        <ele>4.400000095367431640625</ele>
        <time>2026-05-14T13:03:30.000Z</time>
        <extensions>
          <ns3:TrackPointExtension>
            <ns3:hr>158</ns3:hr>
            <ns3:cad>87</ns3:cad>
          </ns3:TrackPointExtension>
        </extensions>
      </trkpt>
      <trkpt lat="31.0224705375730991363525390625" lon="121.42854952253401279449462890625">
        <ele>4.400000095367431640625</ele>
        <time>2026-05-14T13:03:31.000Z</time>
        <extensions>
          <ns3:TrackPointExtension>
            <ns3:hr>157</ns3:hr>
            <ns3:cad>87</ns3:cad>
          </ns3:TrackPointExtension>
        </extensions>
      </trkpt>
      <trkpt lat="31.02243818342685699462890625" lon="121.42855555750429630279541015625">
        <ele>4.19999980926513671875</ele>
        <time>2026-05-14T13:03:32.000Z</time>
        <extensions>
          <ns3:TrackPointExtension>
            <ns3:hr>157</ns3:hr>
            <ns3:cad>87</ns3:cad>
          </ns3:TrackPointExtension>
        </extensions>
      </trkpt>
      <trkpt lat="31.02241010405123233795166015625" lon="121.4285687170922756195068359375">
        <ele>4.400000095367431640625</ele>
        <time>2026-05-14T13:03:33.000Z</time>
        <extensions>
          <ns3:TrackPointExtension>
            <ns3:hr>157</ns3:hr>
            <ns3:cad>88</ns3:cad>
          </ns3:TrackPointExtension>
        </extensions>
      </trkpt>
      <trkpt lat="31.02237791754305362701416015625" lon="121.42857315950095653533935546875">
        <ele>4.400000095367431640625</ele>
        <time>2026-05-14T13:03:34.000Z</time>
        <extensions>
          <ns3:TrackPointExtension>
            <ns3:hr>158</ns3:hr>
            <ns3:cad>88</ns3:cad>
          </ns3:TrackPointExtension>
        </extensions>
      </trkpt>
      <trkpt lat="31.02234967052936553955078125" lon="121.42858271487057209014892578125">
        <ele>4.400000095367431640625</ele>
        <time>2026-05-14T13:03:35.000Z</time>
        <extensions>
          <ns3:TrackPointExtension>
            <ns3:hr>157</ns3:hr>
            <ns3:cad>88</ns3:cad>
          </ns3:TrackPointExtension>
        </extensions>
      </trkpt>
      <trkpt lat="31.02231706492602825164794921875" lon="121.4285841397941112518310546875">
        <ele>4.400000095367431640625</ele>
        <time>2026-05-14T13:03:36.000Z</time>
        <extensions>
          <ns3:TrackPointExtension>
            <ns3:hr>157</ns3:hr>
            <ns3:cad>88</ns3:cad>
          </ns3:TrackPointExtension>
        </extensions>
      </trkpt>
      <trkpt lat="31.02229426614940166473388671875" lon="121.42859076149761676788330078125">
        <ele>4.400000095367431640625</ele>
        <time>2026-05-14T13:03:37.000Z</time>
        <extensions>
          <ns3:TrackPointExtension>
            <ns3:hr>157</ns3:hr>
            <ns3:cad>88</ns3:cad>
          </ns3:TrackPointExtension>
        </extensions>
      </trkpt>
      <trkpt lat="31.02225981652736663818359375" lon="121.42859260551631450653076171875">
        <ele>4.400000095367431640625</ele>
        <time>2026-05-14T13:03:38.000Z</time>
        <extensions>
          <ns3:TrackPointExtension>
            <ns3:hr>157</ns3:hr>
            <ns3:cad>88</ns3:cad>
          </ns3:TrackPointExtension>
        </extensions>
      </trkpt>
      <trkpt lat="31.0222358442842960357666015625" lon="121.4285985566675662994384765625">
        <ele>4.400000095367431640625</ele>
        <time>2026-05-14T13:03:39.000Z</time>
        <extensions>
          <ns3:TrackPointExtension>
            <ns3:hr>157</ns3:hr>
            <ns3:cad>88</ns3:cad>
          </ns3:TrackPointExtension>
        </extensions>
      </trkpt>
      <trkpt lat="31.02220223285257816314697265625" lon="121.428603418171405792236328125">
        <ele>4.400000095367431640625</ele>
        <time>2026-05-14T13:03:40.000Z</time>
        <extensions>
          <ns3:TrackPointExtension>
            <ns3:hr>157</ns3:hr>
            <ns3:cad>88</ns3:cad>
          </ns3:TrackPointExtension>
        </extensions>
      </trkpt>
      <trkpt lat="31.0221788473427295684814453125" lon="121.42861180007457733154296875">
        <ele>4.19999980926513671875</ele>
        <time>2026-05-14T13:03:41.000Z</time>
        <extensions>
          <ns3:TrackPointExtension>
            <ns3:hr>156</ns3:hr>
            <ns3:cad>88</ns3:cad>
          </ns3:TrackPointExtension>
        </extensions>
      </trkpt>
      <trkpt lat="31.02214850485324859619140625" lon="121.42862361855804920196533203125">
        <ele>4.19999980926513671875</ele>
        <time>2026-05-14T13:03:42.000Z</time>
        <extensions>
          <ns3:TrackPointExtension>
            <ns3:hr>157</ns3:hr>
            <ns3:cad>87</ns3:cad>
          </ns3:TrackPointExtension>
        </extensions>
      </trkpt>
      <trkpt lat="31.022122018039226531982421875" lon="121.4286330901086330413818359375">
        <ele>4.19999980926513671875</ele>
        <time>2026-05-14T13:03:43.000Z</time>
        <extensions>
          <ns3:TrackPointExtension>
            <ns3:hr>157</ns3:hr>
            <ns3:cad>87</ns3:cad>
          </ns3:TrackPointExtension>
        </extensions>
      </trkpt>
      <trkpt lat="31.0220943577587604522705078125" lon="121.428642980754375457763671875">
        <ele>4.19999980926513671875</ele>
        <time>2026-05-14T13:03:44.000Z</time>
        <extensions>
          <ns3:TrackPointExtension>
            <ns3:hr>156</ns3:hr>
            <ns3:cad>88</ns3:cad>
          </ns3:TrackPointExtension>
        </extensions>
      </trkpt>
      <trkpt lat="31.02206795476377010345458984375" lon="121.4286471717059612274169921875">
        <ele>4.19999980926513671875</ele>
        <time>2026-05-14T13:03:45.000Z</time>
        <extensions>
          <ns3:TrackPointExtension>
            <ns3:hr>157</ns3:hr>
            <ns3:cad>88</ns3:cad>
          </ns3:TrackPointExtension>
        </extensions>
      </trkpt>
      <trkpt lat="31.022041551768779754638671875" lon="121.4286620914936065673828125">
        <ele>4.19999980926513671875</ele>
        <time>2026-05-14T13:03:46.000Z</time>
        <extensions>
          <ns3:TrackPointExtension>
            <ns3:hr>157</ns3:hr>
            <ns3:cad>88</ns3:cad>
          </ns3:TrackPointExtension>
        </extensions>
      </trkpt>
      <trkpt lat="31.0220138914883136749267578125" lon="121.42866603098809719085693359375">
        <ele>4.400000095367431640625</ele>
        <time>2026-05-14T13:03:47.000Z</time>
        <extensions>
          <ns3:TrackPointExtension>
            <ns3:hr>157</ns3:hr>
            <ns3:cad>88</ns3:cad>
          </ns3:TrackPointExtension>
        </extensions>
      </trkpt>
      <trkpt lat="31.02198732085525989532470703125" lon="121.42867910675704479217529296875">
        <ele>4.400000095367431640625</ele>
        <time>2026-05-14T13:03:48.000Z</time>
        <extensions>
          <ns3:TrackPointExtension>
            <ns3:hr>157</ns3:hr>
            <ns3:cad>87</ns3:cad>
          </ns3:TrackPointExtension>
        </extensions>
      </trkpt>
      <trkpt lat="31.02195806801319122314453125" lon="121.42868782393634319305419921875">
        <ele>4.400000095367431640625</ele>
        <time>2026-05-14T13:03:49.000Z</time>
        <extensions>
          <ns3:TrackPointExtension>
            <ns3:hr>157</ns3:hr>
            <ns3:cad>87</ns3:cad>
          </ns3:TrackPointExtension>
        </extensions>
      </trkpt>
      <trkpt lat="31.0219334252178668975830078125" lon="121.4287051744759082794189453125">
        <ele>4.400000095367431640625</ele>
        <time>2026-05-14T13:03:50.000Z</time>
        <extensions>
          <ns3:TrackPointExtension>
            <ns3:hr>157</ns3:hr>
            <ns3:cad>88</ns3:cad>
          </ns3:TrackPointExtension>
        </extensions>
      </trkpt>
      <trkpt lat="31.0219024121761322021484375" lon="121.428716070950031280517578125">
        <ele>4.400000095367431640625</ele>
        <time>2026-05-14T13:03:51.000Z</time>
        <extensions>
          <ns3:TrackPointExtension>
            <ns3:hr>158</ns3:hr>
            <ns3:cad>89</ns3:cad>
          </ns3:TrackPointExtension>
        </extensions>
      </trkpt>
      <trkpt lat="31.02188103832304477691650390625" lon="121.4287356846034526824951171875">
        <ele>4.400000095367431640625</ele>
        <time>2026-05-14T13:03:52.000Z</time>
        <extensions>
          <ns3:TrackPointExtension>
            <ns3:hr>158</ns3:hr>
            <ns3:cad>89</ns3:cad>
          </ns3:TrackPointExtension>
        </extensions>
      </trkpt>
      <trkpt lat="31.02184985764324665069580078125" lon="121.42876124940812587738037109375">
        <ele>4.400000095367431640625</ele>
        <time>2026-05-14T13:03:53.000Z</time>
        <extensions>
          <ns3:TrackPointExtension>
            <ns3:hr>158</ns3:hr>
            <ns3:cad>88</ns3:cad>
          </ns3:TrackPointExtension>
        </extensions>
      </trkpt>
      <trkpt lat="31.02183208800852298736572265625" lon="121.4287812821567058563232421875">
        <ele>4.400000095367431640625</ele>
        <time>2026-05-14T13:03:54.000Z</time>
        <extensions>
          <ns3:TrackPointExtension>
            <ns3:hr>158</ns3:hr>
            <ns3:cad>87</ns3:cad>
          </ns3:TrackPointExtension>
        </extensions>
      </trkpt>
      <trkpt lat="31.02181297726929187774658203125" lon="121.428816318511962890625">
        <ele>4.400000095367431640625</ele>
        <time>2026-05-14T13:03:55.000Z</time>
        <extensions>
          <ns3:TrackPointExtension>
            <ns3:hr>157</ns3:hr>
            <ns3:cad>87</ns3:cad>
          </ns3:TrackPointExtension>
        </extensions>
      </trkpt>
      <trkpt lat="31.0217942856252193450927734375" lon="121.4288476668298244476318359375">
        <ele>4.400000095367431640625</ele>
        <time>2026-05-14T13:03:56.000Z</time>
        <extensions>
          <ns3:TrackPointExtension>
            <ns3:hr>158</ns3:hr>
            <ns3:cad>87</ns3:cad>
          </ns3:TrackPointExtension>
        </extensions>
      </trkpt>
      <trkpt lat="31.02177978493273258209228515625" lon="121.42887708730995655059814453125">
        <ele>4.400000095367431640625</ele>
        <time>2026-05-14T13:03:57.000Z</time>
        <extensions>
          <ns3:TrackPointExtension>
            <ns3:hr>158</ns3:hr>
            <ns3:cad>87</ns3:cad>
          </ns3:TrackPointExtension>
        </extensions>
      </trkpt>
      <trkpt lat="31.02176201529800891876220703125" lon="121.42891145311295986175537109375">
        <ele>4.400000095367431640625</ele>
        <time>2026-05-14T13:03:58.000Z</time>
        <extensions>
          <ns3:TrackPointExtension>
            <ns3:hr>158</ns3:hr>
            <ns3:cad>86</ns3:cad>
          </ns3:TrackPointExtension>
        </extensions>
      </trkpt>
      <trkpt lat="31.0217523761093616485595703125" lon="121.4289375208318233489990234375">
        <ele>4.400000095367431640625</ele>
        <time>2026-05-14T13:03:59.000Z</time>
        <extensions>
          <ns3:TrackPointExtension>
            <ns3:hr>159</ns3:hr>
            <ns3:cad>86</ns3:cad>
          </ns3:TrackPointExtension>
        </extensions>
      </trkpt>
      <trkpt lat="31.02173619903624057769775390625" lon="121.42897121608257293701171875">
        <ele>4.400000095367431640625</ele>
        <time>2026-05-14T13:04:00.000Z</time>
        <extensions>
          <ns3:TrackPointExtension>
            <ns3:hr>159</ns3:hr>
            <ns3:cad>86</ns3:cad>
          </ns3:TrackPointExtension>
        </extensions>
      </trkpt>
      <trkpt lat="31.02172882296144962310791015625" lon="121.42899745143949985504150390625">
        <ele>4.400000095367431640625</ele>
        <time>2026-05-14T13:04:01.000Z</time>
        <extensions>
          <ns3:TrackPointExtension>
            <ns3:hr>159</ns3:hr>
            <ns3:cad>86</ns3:cad>
          </ns3:TrackPointExtension>
        </extensions>
      </trkpt>
      <trkpt lat="31.02171759121119976043701171875" lon="121.42903584055602550506591796875">
        <ele>4.400000095367431640625</ele>
        <time>2026-05-14T13:04:02.000Z</time>
        <extensions>
          <ns3:TrackPointExtension>
            <ns3:hr>159</ns3:hr>
            <ns3:cad>86</ns3:cad>
          </ns3:TrackPointExtension>
        </extensions>
      </trkpt>
      <trkpt lat="31.0217173397541046142578125" lon="121.4290649257600307464599609375">
        <ele>4.599999904632568359375</ele>
        <time>2026-05-14T13:04:03.000Z</time>
        <extensions>
          <ns3:TrackPointExtension>
            <ns3:hr>159</ns3:hr>
            <ns3:cad>86</ns3:cad>
          </ns3:TrackPointExtension>
        </extensions>
      </trkpt>
      <trkpt lat="31.02171692065894603729248046875" lon="121.4291081763803958892822265625">
        <ele>4.599999904632568359375</ele>
        <time>2026-05-14T13:04:04.000Z</time>
        <extensions>
          <ns3:TrackPointExtension>
            <ns3:hr>159</ns3:hr>
            <ns3:cad>87</ns3:cad>
          </ns3:TrackPointExtension>
        </extensions>
      </trkpt>
      <trkpt lat="31.021723710000514984130859375" lon="121.42913776449859142303466796875">
        <ele>4.599999904632568359375</ele>
        <time>2026-05-14T13:04:05.000Z</time>
        <extensions>
          <ns3:TrackPointExtension>
            <ns3:hr>159</ns3:hr>
            <ns3:cad>88</ns3:cad>
          </ns3:TrackPointExtension>
        </extensions>
      </trkpt>
      <trkpt lat="31.021731086075305938720703125" lon="121.4291839487850666046142578125">
        <ele>4.599999904632568359375</ele>
        <time>2026-05-14T13:04:06.000Z</time>
        <extensions>
          <ns3:TrackPointExtension>
            <ns3:hr>159</ns3:hr>
            <ns3:cad>88</ns3:cad>
          </ns3:TrackPointExtension>
        </extensions>
      </trkpt>
      <trkpt lat="31.0217426531016826629638671875" lon="121.42921261489391326904296875">
        <ele>4.400000095367431640625</ele>
        <time>2026-05-14T13:04:07.000Z</time>
        <extensions>
          <ns3:TrackPointExtension>
            <ns3:hr>159</ns3:hr>
            <ns3:cad>89</ns3:cad>
          </ns3:TrackPointExtension>
        </extensions>
      </trkpt>
      <trkpt lat="31.02175866253674030303955078125" lon="121.42924974672496318817138671875">
        <ele>4.599999904632568359375</ele>
        <time>2026-05-14T13:04:08.000Z</time>
        <extensions>
          <ns3:TrackPointExtension>
            <ns3:hr>160</ns3:hr>
            <ns3:cad>89</ns3:cad>
          </ns3:TrackPointExtension>
        </extensions>
      </trkpt>
      <trkpt lat="31.02177442051470279693603515625" lon="121.42928277142345905303955078125">
        <ele>4.599999904632568359375</ele>
        <time>2026-05-14T13:04:09.000Z</time>
        <extensions>
          <ns3:TrackPointExtension>
            <ns3:hr>160</ns3:hr>
            <ns3:cad>89</ns3:cad>
          </ns3:TrackPointExtension>
        </extensions>
      </trkpt>
      <trkpt lat="31.0217939503490924835205078125" lon="121.4293110184371471405029296875">
        <ele>4.599999904632568359375</ele>
        <time>2026-05-14T13:04:10.000Z</time>
        <extensions>
          <ns3:TrackPointExtension>
            <ns3:hr>160</ns3:hr>
            <ns3:cad>88</ns3:cad>
          </ns3:TrackPointExtension>
        </extensions>
      </trkpt>
      <trkpt lat="31.0218127258121967315673828125" lon="121.4293448813259601593017578125">
        <ele>4.599999904632568359375</ele>
        <time>2026-05-14T13:04:11.000Z</time>
        <extensions>
          <ns3:TrackPointExtension>
            <ns3:hr>161</ns3:hr>
            <ns3:cad>87</ns3:cad>
          </ns3:TrackPointExtension>
        </extensions>
      </trkpt>
      <trkpt lat="31.02183460257947444915771484375" lon="121.42936541698873043060302734375">
        <ele>4.599999904632568359375</ele>
        <time>2026-05-14T13:04:12.000Z</time>
        <extensions>
          <ns3:TrackPointExtension>
            <ns3:hr>161</ns3:hr>
            <ns3:cad>87</ns3:cad>
          </ns3:TrackPointExtension>
        </extensions>
      </trkpt>
      <trkpt lat="31.0218569822609424591064453125" lon="121.42939324490725994110107421875">
        <ele>4.400000095367431640625</ele>
        <time>2026-05-14T13:04:13.000Z</time>
        <extensions>
          <ns3:TrackPointExtension>
            <ns3:hr>162</ns3:hr>
            <ns3:cad>87</ns3:cad>
          </ns3:TrackPointExtension>
        </extensions>
      </trkpt>
      <trkpt lat="31.02188003249466419219970703125" lon="121.42940833233296871185302734375">
        <ele>4.400000095367431640625</ele>
        <time>2026-05-14T13:04:14.000Z</time>
        <extensions>
          <ns3:TrackPointExtension>
            <ns3:hr>162</ns3:hr>
            <ns3:cad>87</ns3:cad>
          </ns3:TrackPointExtension>
        </extensions>
      </trkpt>
      <trkpt lat="31.021906435489654541015625" lon="121.429435908794403076171875">
        <ele>4.400000095367431640625</ele>
        <time>2026-05-14T13:04:15.000Z</time>
        <extensions>
          <ns3:TrackPointExtension>
            <ns3:hr>163</ns3:hr>
            <ns3:cad>87</ns3:cad>
          </ns3:TrackPointExtension>
        </extensions>
      </trkpt>
      <trkpt lat="31.02192856371402740478515625" lon="121.429447643458843231201171875">
        <ele>4.400000095367431640625</ele>
        <time>2026-05-14T13:04:16.000Z</time>
        <extensions>
          <ns3:TrackPointExtension>
            <ns3:hr>163</ns3:hr>
            <ns3:cad>87</ns3:cad>
          </ns3:TrackPointExtension>
        </extensions>
      </trkpt>
      <trkpt lat="31.0219646058976650238037109375" lon="121.42946834675967693328857421875">
        <ele>4.400000095367431640625</ele>
        <time>2026-05-14T13:04:17.000Z</time>
        <extensions>
          <ns3:TrackPointExtension>
            <ns3:hr>163</ns3:hr>
            <ns3:cad>87</ns3:cad>
          </ns3:TrackPointExtension>
        </extensions>
      </trkpt>
      <trkpt lat="31.021991930902004241943359375" lon="121.4294828474521636962890625">
        <ele>4.400000095367431640625</ele>
        <time>2026-05-14T13:04:18.000Z</time>
        <extensions>
          <ns3:TrackPointExtension>
            <ns3:hr>163</ns3:hr>
            <ns3:cad>86</ns3:cad>
          </ns3:TrackPointExtension>
        </extensions>
      </trkpt>
      <trkpt lat="31.0220232792198657989501953125" lon="121.4294870384037494659423828125">
        <ele>4.400000095367431640625</ele>
        <time>2026-05-14T13:04:19.000Z</time>
        <extensions>
          <ns3:TrackPointExtension>
            <ns3:hr>164</ns3:hr>
            <ns3:cad>86</ns3:cad>
          </ns3:TrackPointExtension>
        </extensions>
      </trkpt>
      <trkpt lat="31.02205286733806133270263671875" lon="121.42949718050658702850341796875">
        <ele>4.400000095367431640625</ele>
        <time>2026-05-14T13:04:20.000Z</time>
        <extensions>
          <ns3:TrackPointExtension>
            <ns3:hr>164</ns3:hr>
            <ns3:cad>87</ns3:cad>
          </ns3:TrackPointExtension>
        </extensions>
      </trkpt>
      <trkpt lat="31.022081784904003143310546875" lon="121.42949583940207958221435546875">
        <ele>4.400000095367431640625</ele>
        <time>2026-05-14T13:04:21.000Z</time>
        <extensions>
          <ns3:TrackPointExtension>
            <ns3:hr>164</ns3:hr>
            <ns3:cad>87</ns3:cad>
          </ns3:TrackPointExtension>
        </extensions>
      </trkpt>
      <trkpt lat="31.0221117921173572540283203125" lon="121.4294984377920627593994140625">
        <ele>4.400000095367431640625</ele>
        <time>2026-05-14T13:04:22.000Z</time>
        <extensions>
          <ns3:TrackPointExtension>
            <ns3:hr>164</ns3:hr>
            <ns3:cad>87</ns3:cad>
          </ns3:TrackPointExtension>
        </extensions>
      </trkpt>
      <trkpt lat="31.02213836275041103363037109375" lon="121.42949366010725498199462890625">
        <ele>4.400000095367431640625</ele>
        <time>2026-05-14T13:04:23.000Z</time>
        <extensions>
          <ns3:TrackPointExtension>
            <ns3:hr>164</ns3:hr>
            <ns3:cad>87</ns3:cad>
          </ns3:TrackPointExtension>
        </extensions>
      </trkpt>
      <trkpt lat="31.022167615592479705810546875" lon="121.429493241012096405029296875">
        <ele>4.400000095367431640625</ele>
        <time>2026-05-14T13:04:24.000Z</time>
        <extensions>
          <ns3:TrackPointExtension>
            <ns3:hr>164</ns3:hr>
            <ns3:cad>87</ns3:cad>
          </ns3:TrackPointExtension>
        </extensions>
      </trkpt>
      <trkpt lat="31.02219142019748687744140625" lon="121.429485864937305450439453125">
        <ele>4.400000095367431640625</ele>
        <time>2026-05-14T13:04:25.000Z</time>
        <extensions>
          <ns3:TrackPointExtension>
            <ns3:hr>164</ns3:hr>
            <ns3:cad>88</ns3:cad>
          </ns3:TrackPointExtension>
        </extensions>
      </trkpt>
      <trkpt lat="31.02222318761050701141357421875" lon="121.42948309890925884246826171875">
        <ele>4.400000095367431640625</ele>
        <time>2026-05-14T13:04:26.000Z</time>
        <extensions>
          <ns3:TrackPointExtension>
            <ns3:hr>165</ns3:hr>
            <ns3:cad>88</ns3:cad>
          </ns3:TrackPointExtension>
        </extensions>
      </trkpt>
      <trkpt lat="31.02224531583487987518310546875" lon="121.42947622574865818023681640625">
        <ele>4.400000095367431640625</ele>
        <time>2026-05-14T13:04:27.000Z</time>
        <extensions>
          <ns3:TrackPointExtension>
            <ns3:hr>165</ns3:hr>
            <ns3:cad>88</ns3:cad>
          </ns3:TrackPointExtension>
        </extensions>
      </trkpt>
      <trkpt lat="31.0222787596285343170166015625" lon="121.42947220243513584136962890625">
        <ele>4.400000095367431640625</ele>
        <time>2026-05-14T13:04:28.000Z</time>
        <extensions>
          <ns3:TrackPointExtension>
            <ns3:hr>165</ns3:hr>
            <ns3:cad>88</ns3:cad>
          </ns3:TrackPointExtension>
        </extensions>
      </trkpt>
      <trkpt lat="31.02230197750031948089599609375" lon="121.42946298234164714813232421875">
        <ele>4.400000095367431640625</ele>
        <time>2026-05-14T13:04:29.000Z</time>
        <extensions>
          <ns3:TrackPointExtension>
            <ns3:hr>165</ns3:hr>
            <ns3:cad>87</ns3:cad>
          </ns3:TrackPointExtension>
        </extensions>
      </trkpt>
      <trkpt lat="31.02233567275106906890869140625" lon="121.4294548518955707550048828125">
        <ele>4.400000095367431640625</ele>
        <time>2026-05-14T13:04:30.000Z</time>
        <extensions>
          <ns3:TrackPointExtension>
            <ns3:hr>165</ns3:hr>
            <ns3:cad>87</ns3:cad>
          </ns3:TrackPointExtension>
        </extensions>
      </trkpt>
      <trkpt lat="31.022360734641551971435546875" lon="121.4294424466788768768310546875">
        <ele>4.400000095367431640625</ele>
        <time>2026-05-14T13:04:31.000Z</time>
        <extensions>
          <ns3:TrackPointExtension>
            <ns3:hr>165</ns3:hr>
            <ns3:cad>88</ns3:cad>
          </ns3:TrackPointExtension>
        </extensions>
      </trkpt>
      <trkpt lat="31.02239183150231838226318359375" lon="121.4294287003576755523681640625">
        <ele>4.400000095367431640625</ele>
        <time>2026-05-14T13:04:32.000Z</time>
        <extensions>
          <ns3:TrackPointExtension>
            <ns3:hr>165</ns3:hr>
            <ns3:cad>88</ns3:cad>
          </ns3:TrackPointExtension>
        </extensions>
      </trkpt>
      <trkpt lat="31.022421084344387054443359375" lon="121.42942174337804317474365234375">
        <ele>4.400000095367431640625</ele>
        <time>2026-05-14T13:04:33.000Z</time>
        <extensions>
          <ns3:TrackPointExtension>
            <ns3:hr>165</ns3:hr>
            <ns3:cad>88</ns3:cad>
          </ns3:TrackPointExtension>
        </extensions>
      </trkpt>
      <trkpt lat="31.02245100773870944976806640625" lon="121.4294105954468250274658203125">
        <ele>4.400000095367431640625</ele>
        <time>2026-05-14T13:04:34.000Z</time>
        <extensions>
          <ns3:TrackPointExtension>
            <ns3:hr>165</ns3:hr>
            <ns3:cad>88</ns3:cad>
          </ns3:TrackPointExtension>
        </extensions>
      </trkpt>
      <trkpt lat="31.0224817693233489990234375" lon="121.4294045604765415191650390625">
        <ele>4.400000095367431640625</ele>
        <time>2026-05-14T13:04:35.000Z</time>
        <extensions>
          <ns3:TrackPointExtension>
            <ns3:hr>166</ns3:hr>
            <ns3:cad>87</ns3:cad>
          </ns3:TrackPointExtension>
        </extensions>
      </trkpt>
      <trkpt lat="31.0225090943276882171630859375" lon="121.42939425073564052581787109375">
        <ele>4.400000095367431640625</ele>
        <time>2026-05-14T13:04:36.000Z</time>
        <extensions>
          <ns3:TrackPointExtension>
            <ns3:hr>165</ns3:hr>
            <ns3:cad>87</ns3:cad>
          </ns3:TrackPointExtension>
        </extensions>
      </trkpt>
      <trkpt lat="31.02254119701683521270751953125" lon="121.4293941669166088104248046875">
        <ele>4.400000095367431640625</ele>
        <time>2026-05-14T13:04:37.000Z</time>
        <extensions>
          <ns3:TrackPointExtension>
            <ns3:hr>165</ns3:hr>
            <ns3:cad>87</ns3:cad>
          </ns3:TrackPointExtension>
        </extensions>
      </trkpt>
      <trkpt lat="31.022566258907318115234375" lon="121.429387629032135009765625">
        <ele>4.400000095367431640625</ele>
        <time>2026-05-14T13:04:38.000Z</time>
        <extensions>
          <ns3:TrackPointExtension>
            <ns3:hr>165</ns3:hr>
            <ns3:cad>87</ns3:cad>
          </ns3:TrackPointExtension>
        </extensions>
      </trkpt>
      <trkpt lat="31.02260179817676544189453125" lon="121.4293894730508327484130859375">
        <ele>4.400000095367431640625</ele>
        <time>2026-05-14T13:04:39.000Z</time>
        <extensions>
          <ns3:TrackPointExtension>
            <ns3:hr>166</ns3:hr>
            <ns3:cad>87</ns3:cad>
          </ns3:TrackPointExtension>
        </extensions>
      </trkpt>
      <trkpt lat="31.02262333966791629791259765625" lon="121.42938167788088321685791015625">
        <ele>4.400000095367431640625</ele>
        <time>2026-05-14T13:04:40.000Z</time>
        <extensions>
          <ns3:TrackPointExtension>
            <ns3:hr>165</ns3:hr>
            <ns3:cad>87</ns3:cad>
          </ns3:TrackPointExtension>
        </extensions>
      </trkpt>
      <trkpt lat="31.02265653200447559356689453125" lon="121.42937061376869678497314453125">
        <ele>4.400000095367431640625</ele>
        <time>2026-05-14T13:04:41.000Z</time>
        <extensions>
          <ns3:TrackPointExtension>
            <ns3:hr>165</ns3:hr>
            <ns3:cad>87</ns3:cad>
          </ns3:TrackPointExtension>
        </extensions>
      </trkpt>
      <trkpt lat="31.02268368937075138092041015625" lon="121.42936206422746181488037109375">
        <ele>4.400000095367431640625</ele>
        <time>2026-05-14T13:04:42.000Z</time>
        <extensions>
          <ns3:TrackPointExtension>
            <ns3:hr>165</ns3:hr>
            <ns3:cad>86</ns3:cad>
          </ns3:TrackPointExtension>
        </extensions>
      </trkpt>
      <trkpt lat="31.0227132774889469146728515625" lon="121.429349072277545928955078125">
        <ele>4.400000095367431640625</ele>
        <time>2026-05-14T13:04:43.000Z</time>
        <extensions>
          <ns3:TrackPointExtension>
            <ns3:hr>165</ns3:hr>
            <ns3:cad>86</ns3:cad>
          </ns3:TrackPointExtension>
        </extensions>
      </trkpt>
      <trkpt lat="31.02274336852133274078369140625" lon="121.42934328876435756683349609375">
        <ele>4.19999980926513671875</ele>
        <time>2026-05-14T13:04:44.000Z</time>
        <extensions>
          <ns3:TrackPointExtension>
            <ns3:hr>166</ns3:hr>
            <ns3:cad>86</ns3:cad>
          </ns3:TrackPointExtension>
        </extensions>
      </trkpt>
      <trkpt lat="31.0227692686021327972412109375" lon="121.42932987771928310394287109375">
        <ele>4.400000095367431640625</ele>
        <time>2026-05-14T13:04:45.000Z</time>
        <extensions>
          <ns3:TrackPointExtension>
            <ns3:hr>166</ns3:hr>
            <ns3:cad>87</ns3:cad>
          </ns3:TrackPointExtension>
        </extensions>
      </trkpt>
      <trkpt lat="31.0228007845580577850341796875" lon="121.42932937480509281158447265625">
        <ele>4.400000095367431640625</ele>
        <time>2026-05-14T13:04:46.000Z</time>
        <extensions>
          <ns3:TrackPointExtension>
            <ns3:hr>166</ns3:hr>
            <ns3:cad>87</ns3:cad>
          </ns3:TrackPointExtension>
        </extensions>
      </trkpt>
      <trkpt lat="31.02282752282917499542236328125" lon="121.4293197356164455413818359375">
        <ele>4.19999980926513671875</ele>
        <time>2026-05-14T13:04:47.000Z</time>
        <extensions>
          <ns3:TrackPointExtension>
            <ns3:hr>166</ns3:hr>
            <ns3:cad>87</ns3:cad>
          </ns3:TrackPointExtension>
        </extensions>
      </trkpt>
      <trkpt lat="31.02285970933735370635986328125" lon="121.4293200708925724029541015625">
        <ele>4.400000095367431640625</ele>
        <time>2026-05-14T13:04:48.000Z</time>
        <extensions>
          <ns3:TrackPointExtension>
            <ns3:hr>166</ns3:hr>
            <ns3:cad>88</ns3:cad>
          </ns3:TrackPointExtension>
        </extensions>
      </trkpt>
      <trkpt lat="31.02288477122783660888671875" lon="121.42931428737938404083251953125">
        <ele>4.400000095367431640625</ele>
        <time>2026-05-14T13:04:49.000Z</time>
        <extensions>
          <ns3:TrackPointExtension>
            <ns3:hr>166</ns3:hr>
            <ns3:cad>88</ns3:cad>
          </ns3:TrackPointExtension>
        </extensions>
      </trkpt>
      <trkpt lat="31.02291829884052276611328125" lon="121.429309844970703125">
        <ele>4.19999980926513671875</ele>
        <time>2026-05-14T13:04:50.000Z</time>
        <extensions>
          <ns3:TrackPointExtension>
            <ns3:hr>166</ns3:hr>
            <ns3:cad>88</ns3:cad>
          </ns3:TrackPointExtension>
        </extensions>
      </trkpt>
      <trkpt lat="31.0229399241507053375244140625" lon="121.42930154688656330108642578125">
        <ele>4.19999980926513671875</ele>
        <time>2026-05-14T13:04:51.000Z</time>
        <extensions>
          <ns3:TrackPointExtension>
            <ns3:hr>166</ns3:hr>
            <ns3:cad>88</ns3:cad>
          </ns3:TrackPointExtension>
        </extensions>
      </trkpt>
      <trkpt lat="31.02297152392566204071044921875" lon="121.42928897403180599212646484375">
        <ele>4.19999980926513671875</ele>
        <time>2026-05-14T13:04:52.000Z</time>
        <extensions>
          <ns3:TrackPointExtension>
            <ns3:hr>166</ns3:hr>
            <ns3:cad>88</ns3:cad>
          </ns3:TrackPointExtension>
        </extensions>
      </trkpt>
      <trkpt lat="31.0229932330548763275146484375" lon="121.429273299872875213623046875">
        <ele>4.19999980926513671875</ele>
        <time>2026-05-14T13:04:53.000Z</time>
        <extensions>
          <ns3:TrackPointExtension>
            <ns3:hr>166</ns3:hr>
            <ns3:cad>88</ns3:cad>
          </ns3:TrackPointExtension>
        </extensions>
      </trkpt>
      <trkpt lat="31.0230200551450252532958984375" lon="121.4292516745626926422119140625">
        <ele>4.19999980926513671875</ele>
        <time>2026-05-14T13:04:54.000Z</time>
        <extensions>
          <ns3:TrackPointExtension>
            <ns3:hr>166</ns3:hr>
            <ns3:cad>88</ns3:cad>
          </ns3:TrackPointExtension>
        </extensions>
      </trkpt>
      <trkpt lat="31.02304109372198581695556640625" lon="121.4292325638234615325927734375">
        <ele>4.19999980926513671875</ele>
        <time>2026-05-14T13:04:55.000Z</time>
        <extensions>
          <ns3:TrackPointExtension>
            <ns3:hr>166</ns3:hr>
            <ns3:cad>88</ns3:cad>
          </ns3:TrackPointExtension>
        </extensions>
      </trkpt>
      <trkpt lat="31.02305936627089977264404296875" lon="121.42920582555234432220458984375">
        <ele>4.19999980926513671875</ele>
        <time>2026-05-14T13:04:56.000Z</time>
        <extensions>
          <ns3:TrackPointExtension>
            <ns3:hr>165</ns3:hr>
            <ns3:cad>88</ns3:cad>
          </ns3:TrackPointExtension>
        </extensions>
      </trkpt>
      <trkpt lat="31.0230820812284946441650390625" lon="121.42918352968990802764892578125">
        <ele>4.19999980926513671875</ele>
        <time>2026-05-14T13:04:57.000Z</time>
        <extensions>
          <ns3:TrackPointExtension>
            <ns3:hr>165</ns3:hr>
            <ns3:cad>87</ns3:cad>
          </ns3:TrackPointExtension>
        </extensions>
      </trkpt>
      <trkpt lat="31.023099683225154876708984375" lon="121.4291584677994251251220703125">
        <ele>4.19999980926513671875</ele>
        <time>2026-05-14T13:04:58.000Z</time>
        <extensions>
          <ns3:TrackPointExtension>
            <ns3:hr>165</ns3:hr>
            <ns3:cad>86</ns3:cad>
          </ns3:TrackPointExtension>
        </extensions>
      </trkpt>
      <trkpt lat="31.0231228172779083251953125" lon="121.42913105897605419158935546875">
        <ele>4.19999980926513671875</ele>
        <time>2026-05-14T13:04:59.000Z</time>
        <extensions>
          <ns3:TrackPointExtension>
            <ns3:hr>165</ns3:hr>
            <ns3:cad>86</ns3:cad>
          </ns3:TrackPointExtension>
        </extensions>
      </trkpt>
      <trkpt lat="31.023137569427490234375" lon="121.4291059970855712890625">
        <ele>4.19999980926513671875</ele>
        <time>2026-05-14T13:05:00.000Z</time>
        <extensions>
          <ns3:TrackPointExtension>
            <ns3:hr>165</ns3:hr>
            <ns3:cad>88</ns3:cad>
          </ns3:TrackPointExtension>
        </extensions>
      </trkpt>
      <trkpt lat="31.0231575183570384979248046875" lon="121.42907758243381977081298828125">
        <ele>4.19999980926513671875</ele>
        <time>2026-05-14T13:05:01.000Z</time>
        <extensions>
          <ns3:TrackPointExtension>
            <ns3:hr>165</ns3:hr>
            <ns3:cad>88</ns3:cad>
          </ns3:TrackPointExtension>
        </extensions>
      </trkpt>
      <trkpt lat="31.023164726793766021728515625" lon="121.42905394546687602996826171875">
        <ele>4.19999980926513671875</ele>
        <time>2026-05-14T13:05:02.000Z</time>
        <extensions>
          <ns3:TrackPointExtension>
            <ns3:hr>165</ns3:hr>
            <ns3:cad>87</ns3:cad>
          </ns3:TrackPointExtension>
        </extensions>
      </trkpt>
      <trkpt lat="31.02317101322114467620849609375" lon="121.4290201663970947265625">
        <ele>4</ele>
        <time>2026-05-14T13:05:03.000Z</time>
        <extensions>
          <ns3:TrackPointExtension>
            <ns3:hr>165</ns3:hr>
            <ns3:cad>87</ns3:cad>
          </ns3:TrackPointExtension>
        </extensions>
      </trkpt>
      <trkpt lat="31.02317453362047672271728515625" lon="121.428990662097930908203125">
        <ele>4.19999980926513671875</ele>
        <time>2026-05-14T13:05:04.000Z</time>
        <extensions>
          <ns3:TrackPointExtension>
            <ns3:hr>165</ns3:hr>
            <ns3:cad>87</ns3:cad>
          </ns3:TrackPointExtension>
        </extensions>
      </trkpt>
      <trkpt lat="31.02317570708692073822021484375" lon="121.42895244061946868896484375">
        <ele>4.19999980926513671875</ele>
        <time>2026-05-14T13:05:05.000Z</time>
        <extensions>
          <ns3:TrackPointExtension>
            <ns3:hr>165</ns3:hr>
            <ns3:cad>87</ns3:cad>
          </ns3:TrackPointExtension>
        </extensions>
      </trkpt>
      <trkpt lat="31.02317847311496734619140625" lon="121.42891245894134044647216796875">
        <ele>4.19999980926513671875</ele>
        <time>2026-05-14T13:05:06.000Z</time>
        <extensions>
          <ns3:TrackPointExtension>
            <ns3:hr>165</ns3:hr>
            <ns3:cad>87</ns3:cad>
          </ns3:TrackPointExtension>
        </extensions>
      </trkpt>
      <trkpt lat="31.02317453362047672271728515625" lon="121.42887943424284458160400390625">
        <ele>4.19999980926513671875</ele>
        <time>2026-05-14T13:05:07.000Z</time>
        <extensions>
          <ns3:TrackPointExtension>
            <ns3:hr>165</ns3:hr>
            <ns3:cad>87</ns3:cad>
          </ns3:TrackPointExtension>
        </extensions>
      </trkpt>
      <trkpt lat="31.023179478943347930908203125" lon="121.42884272150695323944091796875">
        <ele>4.19999980926513671875</ele>
        <time>2026-05-14T13:05:08.000Z</time>
        <extensions>
          <ns3:TrackPointExtension>
            <ns3:hr>165</ns3:hr>
            <ns3:cad>87</ns3:cad>
          </ns3:TrackPointExtension>
        </extensions>
      </trkpt>
      <trkpt lat="31.02317319251596927642822265625" lon="121.42881271429359912872314453125">
        <ele>4.19999980926513671875</ele>
        <time>2026-05-14T13:05:09.000Z</time>
        <extensions>
          <ns3:TrackPointExtension>
            <ns3:hr>165</ns3:hr>
            <ns3:cad>86</ns3:cad>
          </ns3:TrackPointExtension>
        </extensions>
      </trkpt>
      <trkpt lat="31.02317168377339839935302734375" lon="121.428771056234836578369140625">
        <ele>4.19999980926513671875</ele>
        <time>2026-05-14T13:05:10.000Z</time>
        <extensions>
          <ns3:TrackPointExtension>
            <ns3:hr>165</ns3:hr>
            <ns3:cad>86</ns3:cad>
          </ns3:TrackPointExtension>
        </extensions>
      </trkpt>
      <trkpt lat="31.02316430769860744476318359375" lon="121.4287420548498630523681640625">
        <ele>4.19999980926513671875</ele>
        <time>2026-05-14T13:05:11.000Z</time>
        <extensions>
          <ns3:TrackPointExtension>
            <ns3:hr>165</ns3:hr>
            <ns3:cad>86</ns3:cad>
          </ns3:TrackPointExtension>
        </extensions>
      </trkpt>
      <trkpt lat="31.02315475232899188995361328125" lon="121.4287041686475276947021484375">
        <ele>4</ele>
        <time>2026-05-14T13:05:12.000Z</time>
        <extensions>
          <ns3:TrackPointExtension>
            <ns3:hr>164</ns3:hr>
            <ns3:cad>87</ns3:cad>
          </ns3:TrackPointExtension>
        </extensions>
      </trkpt>
      <trkpt lat="31.023139916360378265380859375" lon="121.42868019640445709228515625">
        <ele>4</ele>
        <time>2026-05-14T13:05:13.000Z</time>
        <extensions>
          <ns3:TrackPointExtension>
            <ns3:hr>164</ns3:hr>
            <ns3:cad>87</ns3:cad>
          </ns3:TrackPointExtension>
        </extensions>
      </trkpt>
      <trkpt lat="31.023120470345020294189453125" lon="121.428649015724658966064453125">
        <ele>4</ele>
        <time>2026-05-14T13:05:14.000Z</time>
        <extensions>
          <ns3:TrackPointExtension>
            <ns3:hr>164</ns3:hr>
            <ns3:cad>87</ns3:cad>
          </ns3:TrackPointExtension>
        </extensions>
      </trkpt>
      <trkpt lat="31.02310261689126491546630859375" lon="121.42862244509160518646240234375">
        <ele>4</ele>
        <time>2026-05-14T13:05:15.000Z</time>
        <extensions>
          <ns3:TrackPointExtension>
            <ns3:hr>164</ns3:hr>
            <ns3:cad>87</ns3:cad>
          </ns3:TrackPointExtension>
        </extensions>
      </trkpt>
      <trkpt lat="31.02307923138141632080078125" lon="121.42860014922916889190673828125">
        <ele>3.7999999523162841796875</ele>
        <time>2026-05-14T13:05:16.000Z</time>
        <extensions>
          <ns3:TrackPointExtension>
            <ns3:hr>164</ns3:hr>
            <ns3:cad>87</ns3:cad>
          </ns3:TrackPointExtension>
        </extensions>
      </trkpt>
      <trkpt lat="31.02305785752832889556884765625" lon="121.4285720698535442352294921875">
        <ele>3.7999999523162841796875</ele>
        <time>2026-05-14T13:05:17.000Z</time>
        <extensions>
          <ns3:TrackPointExtension>
            <ns3:hr>164</ns3:hr>
            <ns3:cad>87</ns3:cad>
          </ns3:TrackPointExtension>
        </extensions>
      </trkpt>
      <trkpt lat="31.02303489111363887786865234375" lon="121.428553797304630279541015625">
        <ele>3.7999999523162841796875</ele>
        <time>2026-05-14T13:05:18.000Z</time>
        <extensions>
          <ns3:TrackPointExtension>
            <ns3:hr>163</ns3:hr>
            <ns3:cad>87</ns3:cad>
          </ns3:TrackPointExtension>
        </extensions>
      </trkpt>
      <trkpt lat="31.0230110026895999908447265625" lon="121.42853108234703540802001953125">
        <ele>3.7999999523162841796875</ele>
        <time>2026-05-14T13:05:19.000Z</time>
        <extensions>
          <ns3:TrackPointExtension>
            <ns3:hr>164</ns3:hr>
            <ns3:cad>87</ns3:cad>
          </ns3:TrackPointExtension>
        </extensions>
      </trkpt>
      <trkpt lat="31.02298493497073650360107421875" lon="121.42851649783551692962646484375">
        <ele>3.7999999523162841796875</ele>
        <time>2026-05-14T13:05:20.000Z</time>
        <extensions>
          <ns3:TrackPointExtension>
            <ns3:hr>163</ns3:hr>
            <ns3:cad>87</ns3:cad>
          </ns3:TrackPointExtension>
        </extensions>
      </trkpt>
      <trkpt lat="31.0229586996138095855712890625" lon="121.428496129810810089111328125">
        <ele>4</ele>
        <time>2026-05-14T13:05:21.000Z</time>
        <extensions>
          <ns3:TrackPointExtension>
            <ns3:hr>163</ns3:hr>
            <ns3:cad>87</ns3:cad>
          </ns3:TrackPointExtension>
        </extensions>
      </trkpt>
      <trkpt lat="31.02293430827558040618896484375" lon="121.4284859038889408111572265625">
        <ele>4</ele>
        <time>2026-05-14T13:05:22.000Z</time>
        <extensions>
          <ns3:TrackPointExtension>
            <ns3:hr>163</ns3:hr>
            <ns3:cad>88</ns3:cad>
          </ns3:TrackPointExtension>
        </extensions>
      </trkpt>
      <trkpt lat="31.0228996910154819488525390625" lon="121.42846637405455112457275390625">
        <ele>4</ele>
        <time>2026-05-14T13:05:23.000Z</time>
        <extensions>
          <ns3:TrackPointExtension>
            <ns3:hr>164</ns3:hr>
            <ns3:cad>89</ns3:cad>
          </ns3:TrackPointExtension>
        </extensions>
      </trkpt>
      <trkpt lat="31.02287395857274532318115234375" lon="121.42846000380814075469970703125">
        <ele>4</ele>
        <time>2026-05-14T13:05:24.000Z</time>
        <extensions>
          <ns3:TrackPointExtension>
            <ns3:hr>163</ns3:hr>
            <ns3:cad>89</ns3:cad>
          </ns3:TrackPointExtension>
        </extensions>
      </trkpt>
      <trkpt lat="31.02283758111298084259033203125" lon="121.42845296300947666168212890625">
        <ele>4</ele>
        <time>2026-05-14T13:05:25.000Z</time>
        <extensions>
          <ns3:TrackPointExtension>
            <ns3:hr>163</ns3:hr>
            <ns3:cad>88</ns3:cad>
          </ns3:TrackPointExtension>
        </extensions>
      </trkpt>
      <trkpt lat="31.02281142957508563995361328125" lon="121.42845220863819122314453125">
        <ele>4</ele>
        <time>2026-05-14T13:05:26.000Z</time>
        <extensions>
          <ns3:TrackPointExtension>
            <ns3:hr>163</ns3:hr>
            <ns3:cad>87</ns3:cad>
          </ns3:TrackPointExtension>
        </extensions>
      </trkpt>
      <trkpt lat="31.0227794945240020751953125" lon="121.428454555571079254150390625">
        <ele>3.7999999523162841796875</ele>
        <time>2026-05-14T13:05:27.000Z</time>
        <extensions>
          <ns3:TrackPointExtension>
            <ns3:hr>163</ns3:hr>
            <ns3:cad>87</ns3:cad>
          </ns3:TrackPointExtension>
        </extensions>
      </trkpt>
      <trkpt lat="31.02274806238710880279541015625" lon="121.42846419475972652435302734375">
        <ele>4</ele>
        <time>2026-05-14T13:05:28.000Z</time>
        <extensions>
          <ns3:TrackPointExtension>
            <ns3:hr>163</ns3:hr>
            <ns3:cad>87</ns3:cad>
          </ns3:TrackPointExtension>
        </extensions>
      </trkpt>
      <trkpt lat="31.02272258140146732330322265625" lon="121.4284785278141498565673828125">
        <ele>4</ele>
        <time>2026-05-14T13:05:29.000Z</time>
        <extensions>
          <ns3:TrackPointExtension>
            <ns3:hr>163</ns3:hr>
            <ns3:cad>87</ns3:cad>
          </ns3:TrackPointExtension>
        </extensions>
      </trkpt>
      <trkpt lat="31.02269324474036693572998046875" lon="121.42848514951765537261962890625">
        <ele>4</ele>
        <time>2026-05-14T13:05:30.000Z</time>
        <extensions>
          <ns3:TrackPointExtension>
            <ns3:hr>163</ns3:hr>
            <ns3:cad>87</ns3:cad>
          </ns3:TrackPointExtension>
        </extensions>
      </trkpt>
      <trkpt lat="31.022667847573757171630859375" lon="121.42849068157374858856201171875">
        <ele>4</ele>
        <time>2026-05-14T13:05:31.000Z</time>
        <extensions>
          <ns3:TrackPointExtension>
            <ns3:hr>163</ns3:hr>
            <ns3:cad>87</ns3:cad>
          </ns3:TrackPointExtension>
        </extensions>
      </trkpt>
      <trkpt lat="31.02263867855072021484375" lon="121.42849084921181201934814453125">
        <ele>4</ele>
        <time>2026-05-14T13:05:32.000Z</time>
        <extensions>
          <ns3:TrackPointExtension>
            <ns3:hr>163</ns3:hr>
            <ns3:cad>86</ns3:cad>
          </ns3:TrackPointExtension>
        </extensions>
      </trkpt>
      <trkpt lat="31.02261713705956935882568359375" lon="121.42849981784820556640625">
        <ele>4</ele>
        <time>2026-05-14T13:05:33.000Z</time>
        <extensions>
          <ns3:TrackPointExtension>
            <ns3:hr>163</ns3:hr>
            <ns3:cad>86</ns3:cad>
          </ns3:TrackPointExtension>
        </extensions>
      </trkpt>
      <trkpt lat="31.02258411236107349395751953125" lon="121.42849973402917385101318359375">
        <ele>4</ele>
        <time>2026-05-14T13:05:34.000Z</time>
        <extensions>
          <ns3:TrackPointExtension>
            <ns3:hr>163</ns3:hr>
            <ns3:cad>87</ns3:cad>
          </ns3:TrackPointExtension>
        </extensions>
      </trkpt>
      <trkpt lat="31.02256047539412975311279296875" lon="121.42850711010396480560302734375">
        <ele>4</ele>
        <time>2026-05-14T13:05:35.000Z</time>
        <extensions>
          <ns3:TrackPointExtension>
            <ns3:hr>163</ns3:hr>
            <ns3:cad>87</ns3:cad>
          </ns3:TrackPointExtension>
        </extensions>
      </trkpt>
      <trkpt lat="31.02252895943820476531982421875" lon="121.42851255834102630615234375">
        <ele>4</ele>
        <time>2026-05-14T13:05:36.000Z</time>
        <extensions>
          <ns3:TrackPointExtension>
            <ns3:hr>164</ns3:hr>
            <ns3:cad>87</ns3:cad>
          </ns3:TrackPointExtension>
        </extensions>
      </trkpt>
      <trkpt lat="31.022502891719341278076171875" lon="121.42851792275905609130859375">
        <ele>4</ele>
        <time>2026-05-14T13:05:37.000Z</time>
        <extensions>
          <ns3:TrackPointExtension>
            <ns3:hr>163</ns3:hr>
            <ns3:cad>87</ns3:cad>
          </ns3:TrackPointExtension>
        </extensions>
      </trkpt>
      <trkpt lat="31.0224759019911289215087890625" lon="121.428529322147369384765625">
        <ele>4</ele>
        <time>2026-05-14T13:05:38.000Z</time>
        <extensions>
          <ns3:TrackPointExtension>
            <ns3:hr>163</ns3:hr>
            <ns3:cad>87</ns3:cad>
          </ns3:TrackPointExtension>
        </extensions>
      </trkpt>
      <trkpt lat="31.02245167829096317291259765625" lon="121.42853938043117523193359375">
        <ele>4</ele>
        <time>2026-05-14T13:05:39.000Z</time>
        <extensions>
          <ns3:TrackPointExtension>
            <ns3:hr>163</ns3:hr>
            <ns3:cad>87</ns3:cad>
          </ns3:TrackPointExtension>
        </extensions>
      </trkpt>
      <trkpt lat="31.02242519147694110870361328125" lon="121.4285522885620594024658203125">
        <ele>4</ele>
        <time>2026-05-14T13:05:40.000Z</time>
        <extensions>
          <ns3:TrackPointExtension>
            <ns3:hr>164</ns3:hr>
            <ns3:cad>88</ns3:cad>
          </ns3:TrackPointExtension>
        </extensions>
      </trkpt>
      <trkpt lat="31.0224001295864582061767578125" lon="121.428561843931674957275390625">
        <ele>4</ele>
        <time>2026-05-14T13:05:41.000Z</time>
        <extensions>
          <ns3:TrackPointExtension>
            <ns3:hr>163</ns3:hr>
            <ns3:cad>88</ns3:cad>
          </ns3:TrackPointExtension>
        </extensions>
      </trkpt>
      <trkpt lat="31.02237246930599212646484375" lon="121.42857416532933712005615234375">
        <ele>4.19999980926513671875</ele>
        <time>2026-05-14T13:05:42.000Z</time>
        <extensions>
          <ns3:TrackPointExtension>
            <ns3:hr>163</ns3:hr>
            <ns3:cad>88</ns3:cad>
          </ns3:TrackPointExtension>
        </extensions>
      </trkpt>
      <trkpt lat="31.02234363555908203125" lon="121.42858095467090606689453125">
        <ele>4.19999980926513671875</ele>
        <time>2026-05-14T13:05:43.000Z</time>
        <extensions>
          <ns3:TrackPointExtension>
            <ns3:hr>163</ns3:hr>
            <ns3:cad>88</ns3:cad>
          </ns3:TrackPointExtension>
        </extensions>
      </trkpt>
      <trkpt lat="31.0223173163831233978271484375" lon="121.42859444953501224517822265625">
        <ele>4</ele>
        <time>2026-05-14T13:05:44.000Z</time>
        <extensions>
          <ns3:TrackPointExtension>
            <ns3:hr>164</ns3:hr>
            <ns3:cad>88</ns3:cad>
          </ns3:TrackPointExtension>
        </extensions>
      </trkpt>
      <trkpt lat="31.02228990755975246429443359375" lon="121.428597383201122283935546875">
        <ele>4</ele>
        <time>2026-05-14T13:05:45.000Z</time>
        <extensions>
          <ns3:TrackPointExtension>
            <ns3:hr>163</ns3:hr>
            <ns3:cad>88</ns3:cad>
          </ns3:TrackPointExtension>
        </extensions>
      </trkpt>
      <trkpt lat="31.0222623310983180999755859375" lon="121.4286055974662303924560546875">
        <ele>4</ele>
        <time>2026-05-14T13:05:46.000Z</time>
        <extensions>
          <ns3:TrackPointExtension>
            <ns3:hr>163</ns3:hr>
            <ns3:cad>89</ns3:cad>
          </ns3:TrackPointExtension>
        </extensions>
      </trkpt>
      <trkpt lat="31.022234000265598297119140625" lon="121.4286072738468647003173828125">
        <ele>4</ele>
        <time>2026-05-14T13:05:47.000Z</time>
        <extensions>
          <ns3:TrackPointExtension>
            <ns3:hr>164</ns3:hr>
            <ns3:cad>89</ns3:cad>
          </ns3:TrackPointExtension>
        </extensions>
      </trkpt>
      <trkpt lat="31.02220575325191020965576171875" lon="121.42861825414001941680908203125">
        <ele>4</ele>
        <time>2026-05-14T13:05:48.000Z</time>
        <extensions>
          <ns3:TrackPointExtension>
            <ns3:hr>164</ns3:hr>
            <ns3:cad>89</ns3:cad>
          </ns3:TrackPointExtension>
        </extensions>
      </trkpt>
      <trkpt lat="31.02217507548630237579345703125" lon="121.42861783504486083984375">
        <ele>4.19999980926513671875</ele>
        <time>2026-05-14T13:05:49.000Z</time>
        <extensions>
          <ns3:TrackPointExtension>
            <ns3:hr>163</ns3:hr>
            <ns3:cad>88</ns3:cad>
          </ns3:TrackPointExtension>
        </extensions>
      </trkpt>
      <trkpt lat="31.0221537016332149505615234375" lon="121.42862252891063690185546875">
        <ele>4.19999980926513671875</ele>
        <time>2026-05-14T13:05:50.000Z</time>
        <extensions>
          <ns3:TrackPointExtension>
            <ns3:hr>163</ns3:hr>
            <ns3:cad>88</ns3:cad>
          </ns3:TrackPointExtension>
        </extensions>
      </trkpt>
      <trkpt lat="31.02211941964924335479736328125" lon="121.42862009815871715545654296875">
        <ele>4</ele>
        <time>2026-05-14T13:05:51.000Z</time>
        <extensions>
          <ns3:TrackPointExtension>
            <ns3:hr>163</ns3:hr>
            <ns3:cad>88</ns3:cad>
          </ns3:TrackPointExtension>
        </extensions>
      </trkpt>
      <trkpt lat="31.02209754288196563720703125" lon="121.42862655222415924072265625">
        <ele>4.19999980926513671875</ele>
        <time>2026-05-14T13:05:52.000Z</time>
        <extensions>
          <ns3:TrackPointExtension>
            <ns3:hr>163</ns3:hr>
            <ns3:cad>88</ns3:cad>
          </ns3:TrackPointExtension>
        </extensions>
      </trkpt>
      <trkpt lat="31.02206661365926265716552734375" lon="121.428635604679584503173828125">
        <ele>4.19999980926513671875</ele>
        <time>2026-05-14T13:05:53.000Z</time>
        <extensions>
          <ns3:TrackPointExtension>
            <ns3:hr>163</ns3:hr>
            <ns3:cad>88</ns3:cad>
          </ns3:TrackPointExtension>
        </extensions>
      </trkpt>
      <trkpt lat="31.02203878574073314666748046875" lon="121.42864423803985118865966796875">
        <ele>4.19999980926513671875</ele>
        <time>2026-05-14T13:05:54.000Z</time>
        <extensions>
          <ns3:TrackPointExtension>
            <ns3:hr>162</ns3:hr>
            <ns3:cad>87</ns3:cad>
          </ns3:TrackPointExtension>
        </extensions>
      </trkpt>
      <trkpt lat="31.02201229892671108245849609375" lon="121.42865781672298908233642578125">
        <ele>4.19999980926513671875</ele>
        <time>2026-05-14T13:05:55.000Z</time>
        <extensions>
          <ns3:TrackPointExtension>
            <ns3:hr>162</ns3:hr>
            <ns3:cad>86</ns3:cad>
          </ns3:TrackPointExtension>
        </extensions>
      </trkpt>
      <trkpt lat="31.0219837166368961334228515625" lon="121.42866519279778003692626953125">
        <ele>4.19999980926513671875</ele>
        <time>2026-05-14T13:05:56.000Z</time>
        <extensions>
          <ns3:TrackPointExtension>
            <ns3:hr>162</ns3:hr>
            <ns3:cad>86</ns3:cad>
          </ns3:TrackPointExtension>
        </extensions>
      </trkpt>
      <trkpt lat="31.02196066640317440032958984375" lon="121.42867793329060077667236328125">
        <ele>4.19999980926513671875</ele>
        <time>2026-05-14T13:05:57.000Z</time>
        <extensions>
          <ns3:TrackPointExtension>
            <ns3:hr>162</ns3:hr>
            <ns3:cad>86</ns3:cad>
          </ns3:TrackPointExtension>
        </extensions>
      </trkpt>
      <trkpt lat="31.02193032391369342803955078125" lon="121.4286843873560428619384765625">
        <ele>4.19999980926513671875</ele>
        <time>2026-05-14T13:05:58.000Z</time>
        <extensions>
          <ns3:TrackPointExtension>
            <ns3:hr>162</ns3:hr>
            <ns3:cad>86</ns3:cad>
          </ns3:TrackPointExtension>
        </extensions>
      </trkpt>
      <trkpt lat="31.02190710604190826416015625" lon="121.42869620583951473236083984375">
        <ele>4.19999980926513671875</ele>
        <time>2026-05-14T13:05:59.000Z</time>
        <extensions>
          <ns3:TrackPointExtension>
            <ns3:hr>162</ns3:hr>
            <ns3:cad>87</ns3:cad>
          </ns3:TrackPointExtension>
        </extensions>
      </trkpt>
      <trkpt lat="31.02187701500952243804931640625" lon="121.4287068508565425872802734375">
        <ele>4.400000095367431640625</ele>
        <time>2026-05-14T13:06:00.000Z</time>
        <extensions>
          <ns3:TrackPointExtension>
            <ns3:hr>162</ns3:hr>
            <ns3:cad>87</ns3:cad>
          </ns3:TrackPointExtension>
        </extensions>
      </trkpt>
      <trkpt lat="31.0218620114028453826904296875" lon="121.4287264645099639892578125">
        <ele>4.400000095367431640625</ele>
        <time>2026-05-14T13:06:01.000Z</time>
        <extensions>
          <ns3:TrackPointExtension>
            <ns3:hr>162</ns3:hr>
            <ns3:cad>87</ns3:cad>
          </ns3:TrackPointExtension>
        </extensions>
      </trkpt>
      <trkpt lat="31.02183359675109386444091796875" lon="121.42874783836305141448974609375">
        <ele>4.599999904632568359375</ele>
        <time>2026-05-14T13:06:02.000Z</time>
        <extensions>
          <ns3:TrackPointExtension>
            <ns3:hr>162</ns3:hr>
            <ns3:cad>88</ns3:cad>
          </ns3:TrackPointExtension>
        </extensions>
      </trkpt>
      <trkpt lat="31.021815575659275054931640625" lon="121.42876694910228252410888671875">
        <ele>4.400000095367431640625</ele>
        <time>2026-05-14T13:06:03.000Z</time>
        <extensions>
          <ns3:TrackPointExtension>
            <ns3:hr>162</ns3:hr>
            <ns3:cad>88</ns3:cad>
          </ns3:TrackPointExtension>
        </extensions>
      </trkpt>
      <trkpt lat="31.02179554291069507598876953125" lon="121.42879963852465152740478515625">
        <ele>4.400000095367431640625</ele>
        <time>2026-05-14T13:06:04.000Z</time>
        <extensions>
          <ns3:TrackPointExtension>
            <ns3:hr>162</ns3:hr>
            <ns3:cad>88</ns3:cad>
          </ns3:TrackPointExtension>
        </extensions>
      </trkpt>
      <trkpt lat="31.02178112603724002838134765625" lon="121.42882914282381534576416015625">
        <ele>4.19999980926513671875</ele>
        <time>2026-05-14T13:06:05.000Z</time>
        <extensions>
          <ns3:TrackPointExtension>
            <ns3:hr>162</ns3:hr>
            <ns3:cad>88</ns3:cad>
          </ns3:TrackPointExtension>
        </extensions>
      </trkpt>
      <trkpt lat="31.02176989428699016571044921875" lon="121.4288699626922607421875">
        <ele>4.19999980926513671875</ele>
        <time>2026-05-14T13:06:06.000Z</time>
        <extensions>
          <ns3:TrackPointExtension>
            <ns3:hr>162</ns3:hr>
            <ns3:cad>87</ns3:cad>
          </ns3:TrackPointExtension>
        </extensions>
      </trkpt>
      <trkpt lat="31.02175899781286716461181640625" lon="121.42890416085720062255859375">
        <ele>4</ele>
        <time>2026-05-14T13:06:07.000Z</time>
        <extensions>
          <ns3:TrackPointExtension>
            <ns3:hr>162</ns3:hr>
            <ns3:cad>87</ns3:cad>
          </ns3:TrackPointExtension>
        </extensions>
      </trkpt>
      <trkpt lat="31.02175313048064708709716796875" lon="121.428940035402774810791015625">
        <ele>4</ele>
        <time>2026-05-14T13:06:08.000Z</time>
        <extensions>
          <ns3:TrackPointExtension>
            <ns3:hr>162</ns3:hr>
            <ns3:cad>87</ns3:cad>
          </ns3:TrackPointExtension>
        </extensions>
      </trkpt>
      <trkpt lat="31.02174374274909496307373046875" lon="121.42897398211061954498291015625">
        <ele>4.19999980926513671875</ele>
        <time>2026-05-14T13:06:09.000Z</time>
        <extensions>
          <ns3:TrackPointExtension>
            <ns3:hr>162</ns3:hr>
            <ns3:cad>87</ns3:cad>
          </ns3:TrackPointExtension>
        </extensions>
      </trkpt>
      <trkpt lat="31.02174038998782634735107421875" lon="121.429001390933990478515625">
        <ele>4.19999980926513671875</ele>
        <time>2026-05-14T13:06:10.000Z</time>
        <extensions>
          <ns3:TrackPointExtension>
            <ns3:hr>162</ns3:hr>
            <ns3:cad>88</ns3:cad>
          </ns3:TrackPointExtension>
        </extensions>
      </trkpt>
      <trkpt lat="31.02172915823757648468017578125" lon="121.429037265479564666748046875">
        <ele>4.400000095367431640625</ele>
        <time>2026-05-14T13:06:11.000Z</time>
        <extensions>
          <ns3:TrackPointExtension>
            <ns3:hr>162</ns3:hr>
            <ns3:cad>88</ns3:cad>
          </ns3:TrackPointExtension>
        </extensions>
      </trkpt>
      <trkpt lat="31.02173008024692535400390625" lon="121.42906081862747669219970703125">
        <ele>4.400000095367431640625</ele>
        <time>2026-05-14T13:06:12.000Z</time>
        <extensions>
          <ns3:TrackPointExtension>
            <ns3:hr>162</ns3:hr>
            <ns3:cad>87</ns3:cad>
          </ns3:TrackPointExtension>
        </extensions>
      </trkpt>
      <trkpt lat="31.02172513492405414581298828125" lon="121.4290994592010974884033203125">
        <ele>4.400000095367431640625</ele>
        <time>2026-05-14T13:06:13.000Z</time>
        <extensions>
          <ns3:TrackPointExtension>
            <ns3:hr>163</ns3:hr>
            <ns3:cad>87</ns3:cad>
          </ns3:TrackPointExtension>
        </extensions>
      </trkpt>
      <trkpt lat="31.021728403866291046142578125" lon="121.4291252754628658294677734375">
        <ele>4.400000095367431640625</ele>
        <time>2026-05-14T13:06:14.000Z</time>
        <extensions>
          <ns3:TrackPointExtension>
            <ns3:hr>162</ns3:hr>
            <ns3:cad>87</ns3:cad>
          </ns3:TrackPointExtension>
        </extensions>
      </trkpt>
      <trkpt lat="31.0217342711985111236572265625" lon="121.42916559241712093353271484375">
        <ele>4.400000095367431640625</ele>
        <time>2026-05-14T13:06:15.000Z</time>
        <extensions>
          <ns3:TrackPointExtension>
            <ns3:hr>162</ns3:hr>
            <ns3:cad>87</ns3:cad>
          </ns3:TrackPointExtension>
        </extensions>
      </trkpt>
      <trkpt lat="31.0217406414449214935302734375" lon="121.42919660545885562896728515625">
        <ele>4.400000095367431640625</ele>
        <time>2026-05-14T13:06:16.000Z</time>
        <extensions>
          <ns3:TrackPointExtension>
            <ns3:hr>162</ns3:hr>
            <ns3:cad>87</ns3:cad>
          </ns3:TrackPointExtension>
        </extensions>
      </trkpt>
      <trkpt lat="31.021753884851932525634765625" lon="121.4292285405099391937255859375">
        <ele>4.400000095367431640625</ele>
        <time>2026-05-14T13:06:17.000Z</time>
        <extensions>
          <ns3:TrackPointExtension>
            <ns3:hr>162</ns3:hr>
            <ns3:cad>87</ns3:cad>
          </ns3:TrackPointExtension>
        </extensions>
      </trkpt>
      <trkpt lat="31.02176352404057979583740234375" lon="121.42926231957972049713134765625">
        <ele>4.400000095367431640625</ele>
        <time>2026-05-14T13:06:18.000Z</time>
        <extensions>
          <ns3:TrackPointExtension>
            <ns3:hr>162</ns3:hr>
            <ns3:cad>87</ns3:cad>
          </ns3:TrackPointExtension>
        </extensions>
      </trkpt>
      <trkpt lat="31.02177525870501995086669921875" lon="121.429288722574710845947265625">
        <ele>4.400000095367431640625</ele>
        <time>2026-05-14T13:06:19.000Z</time>
        <extensions>
          <ns3:TrackPointExtension>
            <ns3:hr>162</ns3:hr>
            <ns3:cad>87</ns3:cad>
          </ns3:TrackPointExtension>
        </extensions>
      </trkpt>
      <trkpt lat="31.0217879153788089752197265625" lon="121.42931713722646236419677734375">
        <ele>4.400000095367431640625</ele>
        <time>2026-05-14T13:06:20.000Z</time>
        <extensions>
          <ns3:TrackPointExtension>
            <ns3:hr>162</ns3:hr>
            <ns3:cad>87</ns3:cad>
          </ns3:TrackPointExtension>
        </extensions>
      </trkpt>
      <trkpt lat="31.0218058526515960693359375" lon="121.42933809198439121246337890625">
        <ele>4.400000095367431640625</ele>
        <time>2026-05-14T13:06:21.000Z</time>
        <extensions>
          <ns3:TrackPointExtension>
            <ns3:hr>162</ns3:hr>
            <ns3:cad>87</ns3:cad>
          </ns3:TrackPointExtension>
        </extensions>
      </trkpt>
      <trkpt lat="31.02182387374341487884521484375" lon="121.4293683506548404693603515625">
        <ele>4.400000095367431640625</ele>
        <time>2026-05-14T13:06:22.000Z</time>
        <extensions>
          <ns3:TrackPointExtension>
            <ns3:hr>162</ns3:hr>
            <ns3:cad>87</ns3:cad>
          </ns3:TrackPointExtension>
        </extensions>
      </trkpt>
      <trkpt lat="31.0218434035778045654296875" lon="121.4293889701366424560546875">
        <ele>4.400000095367431640625</ele>
        <time>2026-05-14T13:06:23.000Z</time>
        <extensions>
          <ns3:TrackPointExtension>
            <ns3:hr>162</ns3:hr>
            <ns3:cad>87</ns3:cad>
          </ns3:TrackPointExtension>
        </extensions>
      </trkpt>
      <trkpt lat="31.02186687290668487548828125" lon="121.4294152893126010894775390625">
        <ele>4.400000095367431640625</ele>
        <time>2026-05-14T13:06:24.000Z</time>
        <extensions>
          <ns3:TrackPointExtension>
            <ns3:hr>162</ns3:hr>
            <ns3:cad>87</ns3:cad>
          </ns3:TrackPointExtension>
        </extensions>
      </trkpt>
      <trkpt lat="31.02189126424491405487060546875" lon="121.42943046055734157562255859375">
        <ele>4.400000095367431640625</ele>
        <time>2026-05-14T13:06:25.000Z</time>
        <extensions>
          <ns3:TrackPointExtension>
            <ns3:hr>163</ns3:hr>
            <ns3:cad>88</ns3:cad>
          </ns3:TrackPointExtension>
        </extensions>
      </trkpt>
      <trkpt lat="31.021926216781139373779296875" lon="121.42945493571460247039794921875">
        <ele>4.400000095367431640625</ele>
        <time>2026-05-14T13:06:26.000Z</time>
        <extensions>
          <ns3:TrackPointExtension>
            <ns3:hr>162</ns3:hr>
            <ns3:cad>88</ns3:cad>
          </ns3:TrackPointExtension>
        </extensions>
      </trkpt>
      <trkpt lat="31.0219515301287174224853515625" lon="121.42946164123713970184326171875">
        <ele>4.19999980926513671875</ele>
        <time>2026-05-14T13:06:27.000Z</time>
        <extensions>
          <ns3:TrackPointExtension>
            <ns3:hr>163</ns3:hr>
            <ns3:cad>88</ns3:cad>
          </ns3:TrackPointExtension>
        </extensions>
      </trkpt>
      <trkpt lat="31.02198463864624500274658203125" lon="121.4294721186161041259765625">
        <ele>4.19999980926513671875</ele>
        <time>2026-05-14T13:06:28.000Z</time>
        <extensions>
          <ns3:TrackPointExtension>
            <ns3:hr>163</ns3:hr>
            <ns3:cad>87</ns3:cad>
          </ns3:TrackPointExtension>
        </extensions>
      </trkpt>
      <trkpt lat="31.022013388574123382568359375" lon="121.42948360182344913482666015625">
        <ele>4.19999980926513671875</ele>
        <time>2026-05-14T13:06:29.000Z</time>
        <extensions>
          <ns3:TrackPointExtension>
            <ns3:hr>163</ns3:hr>
            <ns3:cad>86</ns3:cad>
          </ns3:TrackPointExtension>
        </extensions>
      </trkpt>
      <trkpt lat="31.0220433957874774932861328125" lon="121.4294860325753688812255859375">
        <ele>4.19999980926513671875</ele>
        <time>2026-05-14T13:06:30.000Z</time>
        <extensions>
          <ns3:TrackPointExtension>
            <ns3:hr>163</ns3:hr>
            <ns3:cad>86</ns3:cad>
          </ns3:TrackPointExtension>
        </extensions>
      </trkpt>
      <trkpt lat="31.02207382209599018096923828125" lon="121.4294935762882232666015625">
        <ele>4.19999980926513671875</ele>
        <time>2026-05-14T13:06:31.000Z</time>
        <extensions>
          <ns3:TrackPointExtension>
            <ns3:hr>164</ns3:hr>
            <ns3:cad>87</ns3:cad>
          </ns3:TrackPointExtension>
        </extensions>
      </trkpt>
      <trkpt lat="31.02209947071969509124755859375" lon="121.42949366010725498199462890625">
        <ele>4.19999980926513671875</ele>
        <time>2026-05-14T13:06:32.000Z</time>
        <extensions>
          <ns3:TrackPointExtension>
            <ns3:hr>164</ns3:hr>
            <ns3:cad>87</ns3:cad>
          </ns3:TrackPointExtension>
        </extensions>
      </trkpt>
      <trkpt lat="31.02213014848530292510986328125" lon="121.42949852161109447479248046875">
        <ele>4.19999980926513671875</ele>
        <time>2026-05-14T13:06:33.000Z</time>
        <extensions>
          <ns3:TrackPointExtension>
            <ns3:hr>164</ns3:hr>
            <ns3:cad>87</ns3:cad>
          </ns3:TrackPointExtension>
        </extensions>
      </trkpt>
      <trkpt lat="31.02215210907161235809326171875" lon="121.429494582116603851318359375">
        <ele>4.19999980926513671875</ele>
        <time>2026-05-14T13:06:34.000Z</time>
        <extensions>
          <ns3:TrackPointExtension>
            <ns3:hr>164</ns3:hr>
            <ns3:cad>87</ns3:cad>
          </ns3:TrackPointExtension>
        </extensions>
      </trkpt>
      <trkpt lat="31.02218496613204479217529296875" lon="121.4294880442321300506591796875">
        <ele>4.19999980926513671875</ele>
        <time>2026-05-14T13:06:35.000Z</time>
        <extensions>
          <ns3:TrackPointExtension>
            <ns3:hr>164</ns3:hr>
            <ns3:cad>87</ns3:cad>
          </ns3:TrackPointExtension>
        </extensions>
      </trkpt>
      <trkpt lat="31.02220910601317882537841796875" lon="121.42948142252862453460693359375">
        <ele>4.19999980926513671875</ele>
        <time>2026-05-14T13:06:36.000Z</time>
        <extensions>
          <ns3:TrackPointExtension>
            <ns3:hr>165</ns3:hr>
            <ns3:cad>87</ns3:cad>
          </ns3:TrackPointExtension>
        </extensions>
      </trkpt>
      <trkpt lat="31.0222381912171840667724609375" lon="121.429469771683216094970703125">
        <ele>4.19999980926513671875</ele>
        <time>2026-05-14T13:06:37.000Z</time>
        <extensions>
          <ns3:TrackPointExtension>
            <ns3:hr>165</ns3:hr>
            <ns3:cad>87</ns3:cad>
          </ns3:TrackPointExtension>
        </extensions>
      </trkpt>
      <trkpt lat="31.0222656838595867156982421875" lon="121.4294652454555034637451171875">
        <ele>4.19999980926513671875</ele>
        <time>2026-05-14T13:06:38.000Z</time>
        <extensions>
          <ns3:TrackPointExtension>
            <ns3:hr>165</ns3:hr>
            <ns3:cad>87</ns3:cad>
          </ns3:TrackPointExtension>
        </extensions>
      </trkpt>
      <trkpt lat="31.02229359559714794158935546875" lon="121.42945325933396816253662109375">
        <ele>4.19999980926513671875</ele>
        <time>2026-05-14T13:06:39.000Z</time>
        <extensions>
          <ns3:TrackPointExtension>
            <ns3:hr>165</ns3:hr>
            <ns3:cad>87</ns3:cad>
          </ns3:TrackPointExtension>
        </extensions>
      </trkpt>
      <trkpt lat="31.0223230160772800445556640625" lon="121.4294454641640186309814453125">
        <ele>4.19999980926513671875</ele>
        <time>2026-05-14T13:06:40.000Z</time>
        <extensions>
          <ns3:TrackPointExtension>
            <ns3:hr>165</ns3:hr>
            <ns3:cad>87</ns3:cad>
          </ns3:TrackPointExtension>
        </extensions>
      </trkpt>
      <trkpt lat="31.022349335253238677978515625" lon="121.42943523824214935302734375">
        <ele>4.19999980926513671875</ele>
        <time>2026-05-14T13:06:41.000Z</time>
        <extensions>
          <ns3:TrackPointExtension>
            <ns3:hr>165</ns3:hr>
            <ns3:cad>87</ns3:cad>
          </ns3:TrackPointExtension>
        </extensions>
      </trkpt>
      <trkpt lat="31.022381521761417388916015625" lon="121.4294372498989105224609375">
        <ele>4.19999980926513671875</ele>
        <time>2026-05-14T13:06:42.000Z</time>
        <extensions>
          <ns3:TrackPointExtension>
            <ns3:hr>165</ns3:hr>
            <ns3:cad>87</ns3:cad>
          </ns3:TrackPointExtension>
        </extensions>
      </trkpt>
      <trkpt lat="31.02240390144288539886474609375" lon="121.42943113110959529876708984375">
        <ele>4.19999980926513671875</ele>
        <time>2026-05-14T13:06:43.000Z</time>
        <extensions>
          <ns3:TrackPointExtension>
            <ns3:hr>165</ns3:hr>
            <ns3:cad>87</ns3:cad>
          </ns3:TrackPointExtension>
        </extensions>
      </trkpt>
      <trkpt lat="31.02243659086525440216064453125" lon="121.42942727543413639068603515625">
        <ele>4.19999980926513671875</ele>
        <time>2026-05-14T13:06:44.000Z</time>
        <extensions>
          <ns3:TrackPointExtension>
            <ns3:hr>165</ns3:hr>
            <ns3:cad>87</ns3:cad>
          </ns3:TrackPointExtension>
        </extensions>
      </trkpt>
      <trkpt lat="31.02245955727994441986083984375" lon="121.4294206537306308746337890625">
        <ele>4.19999980926513671875</ele>
        <time>2026-05-14T13:06:45.000Z</time>
        <extensions>
          <ns3:TrackPointExtension>
            <ns3:hr>165</ns3:hr>
            <ns3:cad>87</ns3:cad>
          </ns3:TrackPointExtension>
        </extensions>
      </trkpt>
      <trkpt lat="31.02249291725456714630126953125" lon="121.429412104189395904541015625">
        <ele>4.19999980926513671875</ele>
        <time>2026-05-14T13:06:46.000Z</time>
        <extensions>
          <ns3:TrackPointExtension>
            <ns3:hr>165</ns3:hr>
            <ns3:cad>87</ns3:cad>
          </ns3:TrackPointExtension>
        </extensions>
      </trkpt>
      <trkpt lat="31.022517643868923187255859375" lon="121.4294075779616832733154296875">
        <ele>4.19999980926513671875</ele>
        <time>2026-05-14T13:06:47.000Z</time>
        <extensions>
          <ns3:TrackPointExtension>
            <ns3:hr>164</ns3:hr>
            <ns3:cad>87</ns3:cad>
          </ns3:TrackPointExtension>
        </extensions>
      </trkpt>
      <trkpt lat="31.0225453041493892669677734375" lon="121.4293945021927356719970703125">
        <ele>4.19999980926513671875</ele>
        <time>2026-05-14T13:06:48.000Z</time>
        <extensions>
          <ns3:TrackPointExtension>
            <ns3:hr>164</ns3:hr>
            <ns3:cad>86</ns3:cad>
          </ns3:TrackPointExtension>
        </extensions>
      </trkpt>
      <trkpt lat="31.022573970258235931396484375" lon="121.4293888024985790252685546875">
        <ele>4.19999980926513671875</ele>
        <time>2026-05-14T13:06:49.000Z</time>
        <extensions>
          <ns3:TrackPointExtension>
            <ns3:hr>164</ns3:hr>
            <ns3:cad>87</ns3:cad>
          </ns3:TrackPointExtension>
        </extensions>
      </trkpt>
      <trkpt lat="31.02260104380548000335693359375" lon="121.42937765456736087799072265625">
        <ele>4</ele>
        <time>2026-05-14T13:06:50.000Z</time>
        <extensions>
          <ns3:TrackPointExtension>
            <ns3:hr>163</ns3:hr>
            <ns3:cad>87</ns3:cad>
          </ns3:TrackPointExtension>
        </extensions>
      </trkpt>
      <trkpt lat="31.02262954227626323699951171875" lon="121.4293728768825531005859375">
        <ele>4</ele>
        <time>2026-05-14T13:06:51.000Z</time>
        <extensions>
          <ns3:TrackPointExtension>
            <ns3:hr>163</ns3:hr>
            <ns3:cad>87</ns3:cad>
          </ns3:TrackPointExtension>
        </extensions>
      </trkpt>
      <trkpt lat="31.0226556099951267242431640625" lon="121.429360471665859222412109375">
        <ele>4</ele>
        <time>2026-05-14T13:06:52.000Z</time>
        <extensions>
          <ns3:TrackPointExtension>
            <ns3:hr>163</ns3:hr>
            <ns3:cad>87</ns3:cad>
          </ns3:TrackPointExtension>
        </extensions>
      </trkpt>
      <trkpt lat="31.022684276103973388671875" lon="121.42935552634298801422119140625">
        <ele>4</ele>
        <time>2026-05-14T13:06:53.000Z</time>
        <extensions>
          <ns3:TrackPointExtension>
            <ns3:hr>162</ns3:hr>
            <ns3:cad>88</ns3:cad>
          </ns3:TrackPointExtension>
        </extensions>
      </trkpt>
      <trkpt lat="31.02270774543285369873046875" lon="121.42934261821210384368896484375">
        <ele>4</ele>
        <time>2026-05-14T13:06:54.000Z</time>
        <extensions>
          <ns3:TrackPointExtension>
            <ns3:hr>162</ns3:hr>
            <ns3:cad>89</ns3:cad>
          </ns3:TrackPointExtension>
        </extensions>
      </trkpt>
      <trkpt lat="31.0227392613887786865234375" lon="121.42934261821210384368896484375">
        <ele>4</ele>
        <time>2026-05-14T13:06:55.000Z</time>
        <extensions>
          <ns3:TrackPointExtension>
            <ns3:hr>162</ns3:hr>
            <ns3:cad>89</ns3:cad>
          </ns3:TrackPointExtension>
        </extensions>
      </trkpt>
      <trkpt lat="31.02276583202183246612548828125" lon="121.42933725379407405853271484375">
        <ele>4.19999980926513671875</ele>
        <time>2026-05-14T13:06:56.000Z</time>
        <extensions>
          <ns3:TrackPointExtension>
            <ns3:hr>162</ns3:hr>
            <ns3:cad>88</ns3:cad>
          </ns3:TrackPointExtension>
        </extensions>
      </trkpt>
      <trkpt lat="31.022797264158725738525390625" lon="121.4293326437473297119140625">
        <ele>4.19999980926513671875</ele>
        <time>2026-05-14T13:06:57.000Z</time>
        <extensions>
          <ns3:TrackPointExtension>
            <ns3:hr>161</ns3:hr>
            <ns3:cad>88</ns3:cad>
          </ns3:TrackPointExtension>
        </extensions>
      </trkpt>
      <trkpt lat="31.02282182313501834869384765625" lon="121.42932300455868244171142578125">
        <ele>4.19999980926513671875</ele>
        <time>2026-05-14T13:06:58.000Z</time>
        <extensions>
          <ns3:TrackPointExtension>
            <ns3:hr>161</ns3:hr>
            <ns3:cad>87</ns3:cad>
          </ns3:TrackPointExtension>
        </extensions>
      </trkpt>
      <trkpt lat="31.02285585366189479827880859375" lon="121.42931453883647918701171875">
        <ele>4</ele>
        <time>2026-05-14T13:06:59.000Z</time>
        <extensions>
          <ns3:TrackPointExtension>
            <ns3:hr>161</ns3:hr>
            <ns3:cad>87</ns3:cad>
          </ns3:TrackPointExtension>
        </extensions>
      </trkpt>
      <trkpt lat="31.02288066409528255462646484375" lon="121.42930649220943450927734375">
        <ele>4</ele>
        <time>2026-05-14T13:07:00.000Z</time>
        <extensions>
          <ns3:TrackPointExtension>
            <ns3:hr>161</ns3:hr>
            <ns3:cad>87</ns3:cad>
          </ns3:TrackPointExtension>
        </extensions>
      </trkpt>
      <trkpt lat="31.02291293442249298095703125" lon="121.42929115332663059234619140625">
        <ele>4</ele>
        <time>2026-05-14T13:07:01.000Z</time>
        <extensions>
          <ns3:TrackPointExtension>
            <ns3:hr>160</ns3:hr>
            <ns3:cad>87</ns3:cad>
          </ns3:TrackPointExtension>
        </extensions>
      </trkpt>
      <trkpt lat="31.02294118143618106842041015625" lon="121.429279334843158721923828125">
        <ele>4</ele>
        <time>2026-05-14T13:07:02.000Z</time>
        <extensions>
          <ns3:TrackPointExtension>
            <ns3:hr>161</ns3:hr>
            <ns3:cad>87</ns3:cad>
          </ns3:TrackPointExtension>
        </extensions>
      </trkpt>
      <trkpt lat="31.02296523749828338623046875" lon="121.42926064319908618927001953125">
        <ele>4</ele>
        <time>2026-05-14T13:07:03.000Z</time>
        <extensions>
          <ns3:TrackPointExtension>
            <ns3:hr>161</ns3:hr>
            <ns3:cad>87</ns3:cad>
          </ns3:TrackPointExtension>
        </extensions>
      </trkpt>
      <trkpt lat="31.022990047931671142578125" lon="121.4292494952678680419921875">
        <ele>4</ele>
        <time>2026-05-14T13:07:04.000Z</time>
        <extensions>
          <ns3:TrackPointExtension>
            <ns3:hr>160</ns3:hr>
            <ns3:cad>87</ns3:cad>
          </ns3:TrackPointExtension>
        </extensions>
      </trkpt>
      <trkpt lat="31.0230096615850925445556640625" lon="121.4292305521667003631591796875">
        <ele>4</ele>
        <time>2026-05-14T13:07:05.000Z</time>
        <extensions>
          <ns3:TrackPointExtension>
            <ns3:hr>161</ns3:hr>
            <ns3:cad>87</ns3:cad>
          </ns3:TrackPointExtension>
        </extensions>
      </trkpt>
      <trkpt lat="31.02303774096071720123291015625" lon="121.4292132854461669921875">
        <ele>4</ele>
        <time>2026-05-14T13:07:06.000Z</time>
        <extensions>
          <ns3:TrackPointExtension>
            <ns3:hr>161</ns3:hr>
            <ns3:cad>87</ns3:cad>
          </ns3:TrackPointExtension>
        </extensions>
      </trkpt>
      <trkpt lat="31.023053415119647979736328125" lon="121.42919610254466533660888671875">
        <ele>4</ele>
        <time>2026-05-14T13:07:07.000Z</time>
        <extensions>
          <ns3:TrackPointExtension>
            <ns3:hr>160</ns3:hr>
            <ns3:cad>87</ns3:cad>
          </ns3:TrackPointExtension>
        </extensions>
      </trkpt>
      <trkpt lat="31.02307931520044803619384765625" lon="121.42916911281645298004150390625">
        <ele>4</ele>
        <time>2026-05-14T13:07:08.000Z</time>
        <extensions>
          <ns3:TrackPointExtension>
            <ns3:hr>160</ns3:hr>
            <ns3:cad>87</ns3:cad>
          </ns3:TrackPointExtension>
        </extensions>
      </trkpt>
      <trkpt lat="31.0230934806168079376220703125" lon="121.42914832569658756256103515625">
        <ele>4</ele>
        <time>2026-05-14T13:07:09.000Z</time>
        <extensions>
          <ns3:TrackPointExtension>
            <ns3:hr>160</ns3:hr>
            <ns3:cad>87</ns3:cad>
          </ns3:TrackPointExtension>
        </extensions>
      </trkpt>
      <trkpt lat="31.0231094062328338623046875" lon="121.42912049777805805206298828125">
        <ele>4</ele>
        <time>2026-05-14T13:07:10.000Z</time>
        <extensions>
          <ns3:TrackPointExtension>
            <ns3:hr>160</ns3:hr>
            <ns3:cad>86</ns3:cad>
          </ns3:TrackPointExtension>
        </extensions>
      </trkpt>
      <trkpt lat="31.0231256671249866485595703125" lon="121.42909501679241657257080078125">
        <ele>4</ele>
        <time>2026-05-14T13:07:11.000Z</time>
        <extensions>
          <ns3:TrackPointExtension>
            <ns3:hr>161</ns3:hr>
            <ns3:cad>86</ns3:cad>
          </ns3:TrackPointExtension>
        </extensions>
      </trkpt>
      <trkpt lat="31.023134887218475341796875" lon="121.42906987108290195465087890625">
        <ele>4</ele>
        <time>2026-05-14T13:07:12.000Z</time>
        <extensions>
          <ns3:TrackPointExtension>
            <ns3:hr>160</ns3:hr>
            <ns3:cad>86</ns3:cad>
          </ns3:TrackPointExtension>
        </extensions>
      </trkpt>
      <trkpt lat="31.02314905263483524322509765625" lon="121.4290384389460086822509765625">
        <ele>4</ele>
        <time>2026-05-14T13:07:13.000Z</time>
        <extensions>
          <ns3:TrackPointExtension>
            <ns3:hr>160</ns3:hr>
            <ns3:cad>86</ns3:cad>
          </ns3:TrackPointExtension>
        </extensions>
      </trkpt>
      <trkpt lat="31.02315542288124561309814453125" lon="121.42900918610394001007080078125">
        <ele>4</ele>
        <time>2026-05-14T13:07:14.000Z</time>
        <extensions>
          <ns3:TrackPointExtension>
            <ns3:hr>161</ns3:hr>
            <ns3:cad>86</ns3:cad>
          </ns3:TrackPointExtension>
        </extensions>
      </trkpt>
      <trkpt lat="31.02316564880311489105224609375" lon="121.42897188663482666015625">
        <ele>4</ele>
        <time>2026-05-14T13:07:15.000Z</time>
        <extensions>
          <ns3:TrackPointExtension>
            <ns3:hr>160</ns3:hr>
            <ns3:cad>86</ns3:cad>
          </ns3:TrackPointExtension>
        </extensions>
      </trkpt>
      <trkpt lat="31.023168750107288360595703125" lon="121.42894498072564601898193359375">
        <ele>3.7999999523162841796875</ele>
        <time>2026-05-14T13:07:16.000Z</time>
        <extensions>
          <ns3:TrackPointExtension>
            <ns3:hr>160</ns3:hr>
            <ns3:cad>86</ns3:cad>
          </ns3:TrackPointExtension>
        </extensions>
      </trkpt>
      <trkpt lat="31.02316967211663722991943359375" lon="121.42890173010528087615966796875">
        <ele>3.7999999523162841796875</ele>
        <time>2026-05-14T13:07:17.000Z</time>
        <extensions>
          <ns3:TrackPointExtension>
            <ns3:hr>161</ns3:hr>
            <ns3:cad>86</ns3:cad>
          </ns3:TrackPointExtension>
        </extensions>
      </trkpt>
      <trkpt lat="31.02317336015403270721435546875" lon="121.42886837013065814971923828125">
        <ele>3.7999999523162841796875</ele>
        <time>2026-05-14T13:07:18.000Z</time>
        <extensions>
          <ns3:TrackPointExtension>
            <ns3:hr>160</ns3:hr>
            <ns3:cad>86</ns3:cad>
          </ns3:TrackPointExtension>
        </extensions>
      </trkpt>
      <trkpt lat="31.02316908538341522216796875" lon="121.42883450724184513092041015625">
        <ele>3.7999999523162841796875</ele>
        <time>2026-05-14T13:07:19.000Z</time>
        <extensions>
          <ns3:TrackPointExtension>
            <ns3:hr>160</ns3:hr>
            <ns3:cad>86</ns3:cad>
          </ns3:TrackPointExtension>
        </extensions>
      </trkpt>
      <trkpt lat="31.02316346950829029083251953125" lon="121.42879913561046123504638671875">
        <ele>3.7999999523162841796875</ele>
        <time>2026-05-14T13:07:20.000Z</time>
        <extensions>
          <ns3:TrackPointExtension>
            <ns3:hr>161</ns3:hr>
            <ns3:cad>86</ns3:cad>
          </ns3:TrackPointExtension>
        </extensions>
      </trkpt>
      <trkpt lat="31.02315491996705532073974609375" lon="121.4287666976451873779296875">
        <ele>3.7999999523162841796875</ele>
        <time>2026-05-14T13:07:21.000Z</time>
        <extensions>
          <ns3:TrackPointExtension>
            <ns3:hr>160</ns3:hr>
            <ns3:cad>86</ns3:cad>
          </ns3:TrackPointExtension>
        </extensions>
      </trkpt>
      <trkpt lat="31.0231498070061206817626953125" lon="121.428732834756374359130859375">
        <ele>3.7999999523162841796875</ele>
        <time>2026-05-14T13:07:22.000Z</time>
        <extensions>
          <ns3:TrackPointExtension>
            <ns3:hr>160</ns3:hr>
            <ns3:cad>86</ns3:cad>
          </ns3:TrackPointExtension>
        </extensions>
      </trkpt>
      <trkpt lat="31.02313983254134654998779296875" lon="121.4287034980952739715576171875">
        <ele>3.7999999523162841796875</ele>
        <time>2026-05-14T13:07:23.000Z</time>
        <extensions>
          <ns3:TrackPointExtension>
            <ns3:hr>161</ns3:hr>
            <ns3:cad>87</ns3:cad>
          </ns3:TrackPointExtension>
        </extensions>
      </trkpt>
      <trkpt lat="31.0231308639049530029296875" lon="121.4286662824451923370361328125">
        <ele>4</ele>
        <time>2026-05-14T13:07:24.000Z</time>
        <extensions>
          <ns3:TrackPointExtension>
            <ns3:hr>160</ns3:hr>
            <ns3:cad>87</ns3:cad>
          </ns3:TrackPointExtension>
        </extensions>
      </trkpt>
      <trkpt lat="31.02311518974602222442626953125" lon="121.42863971181213855743408203125">
        <ele>4</ele>
        <time>2026-05-14T13:07:25.000Z</time>
        <extensions>
          <ns3:TrackPointExtension>
            <ns3:hr>160</ns3:hr>
            <ns3:cad>87</ns3:cad>
          </ns3:TrackPointExtension>
        </extensions>
      </trkpt>
      <trkpt lat="31.0230914689600467681884765625" lon="121.42860534600913524627685546875">
        <ele>4</ele>
        <time>2026-05-14T13:07:26.000Z</time>
        <extensions>
          <ns3:TrackPointExtension>
            <ns3:hr>161</ns3:hr>
            <ns3:cad>87</ns3:cad>
          </ns3:TrackPointExtension>
        </extensions>
      </trkpt>
      <trkpt lat="31.0230723582208156585693359375" lon="121.42858740873634815216064453125">
        <ele>4</ele>
        <time>2026-05-14T13:07:27.000Z</time>
        <extensions>
          <ns3:TrackPointExtension>
            <ns3:hr>160</ns3:hr>
            <ns3:cad>88</ns3:cad>
          </ns3:TrackPointExtension>
        </extensions>
      </trkpt>
      <trkpt lat="31.02304679341614246368408203125" lon="121.42856025137007236480712890625">
        <ele>4</ele>
        <time>2026-05-14T13:07:28.000Z</time>
        <extensions>
          <ns3:TrackPointExtension>
            <ns3:hr>160</ns3:hr>
            <ns3:cad>88</ns3:cad>
          </ns3:TrackPointExtension>
        </extensions>
      </trkpt>
      <trkpt lat="31.02302617393434047698974609375" lon="121.42854616977274417877197265625">
        <ele>4</ele>
        <time>2026-05-14T13:07:29.000Z</time>
        <extensions>
          <ns3:TrackPointExtension>
            <ns3:hr>161</ns3:hr>
            <ns3:cad>88</ns3:cad>
          </ns3:TrackPointExtension>
        </extensions>
      </trkpt>
      <trkpt lat="31.02299465797841548919677734375" lon="121.4285234548151493072509765625">
        <ele>4</ele>
        <time>2026-05-14T13:07:30.000Z</time>
        <extensions>
          <ns3:TrackPointExtension>
            <ns3:hr>160</ns3:hr>
            <ns3:cad>88</ns3:cad>
          </ns3:TrackPointExtension>
        </extensions>
      </trkpt>
      <trkpt lat="31.0229684226214885711669921875" lon="121.428504846990108489990234375">
        <ele>4</ele>
        <time>2026-05-14T13:07:31.000Z</time>
        <extensions>
          <ns3:TrackPointExtension>
            <ns3:hr>160</ns3:hr>
            <ns3:cad>88</ns3:cad>
          </ns3:TrackPointExtension>
        </extensions>
      </trkpt>
      <trkpt lat="31.02293908596038818359375" lon="121.4284902624785900115966796875">
        <ele>4</ele>
        <time>2026-05-14T13:07:32.000Z</time>
        <extensions>
          <ns3:TrackPointExtension>
            <ns3:hr>161</ns3:hr>
            <ns3:cad>88</ns3:cad>
          </ns3:TrackPointExtension>
        </extensions>
      </trkpt>
      <trkpt lat="31.02290882728993892669677734375" lon="121.42847743816673755645751953125">
        <ele>4</ele>
        <time>2026-05-14T13:07:33.000Z</time>
        <extensions>
          <ns3:TrackPointExtension>
            <ns3:hr>160</ns3:hr>
            <ns3:cad>88</ns3:cad>
          </ns3:TrackPointExtension>
        </extensions>
      </trkpt>
      <trkpt lat="31.02287940680980682373046875" lon="121.42847358249127864837646484375">
        <ele>4</ele>
        <time>2026-05-14T13:07:34.000Z</time>
        <extensions>
          <ns3:TrackPointExtension>
            <ns3:hr>160</ns3:hr>
            <ns3:cad>88</ns3:cad>
          </ns3:TrackPointExtension>
        </extensions>
      </trkpt>
      <trkpt lat="31.0228493995964527130126953125" lon="121.42846184782683849334716796875">
        <ele>3.7999999523162841796875</ele>
        <time>2026-05-14T13:07:35.000Z</time>
        <extensions>
          <ns3:TrackPointExtension>
            <ns3:hr>161</ns3:hr>
            <ns3:cad>88</ns3:cad>
          </ns3:TrackPointExtension>
        </extensions>
      </trkpt>
      <trkpt lat="31.02282148785889148712158203125" lon="121.4284631051123142242431640625">
        <ele>3.7999999523162841796875</ele>
        <time>2026-05-14T13:07:36.000Z</time>
        <extensions>
          <ns3:TrackPointExtension>
            <ns3:hr>161</ns3:hr>
            <ns3:cad>88</ns3:cad>
          </ns3:TrackPointExtension>
        </extensions>
      </trkpt>
      <trkpt lat="31.0227900557219982147216796875" lon="121.4284540526568889617919921875">
        <ele>3.7999999523162841796875</ele>
        <time>2026-05-14T13:07:37.000Z</time>
        <extensions>
          <ns3:TrackPointExtension>
            <ns3:hr>161</ns3:hr>
            <ns3:cad>87</ns3:cad>
          </ns3:TrackPointExtension>
        </extensions>
      </trkpt>
      <trkpt lat="31.02276532910764217376708984375" lon="121.42845623195171356201171875">
        <ele>3.7999999523162841796875</ele>
        <time>2026-05-14T13:07:38.000Z</time>
        <extensions>
          <ns3:TrackPointExtension>
            <ns3:hr>160</ns3:hr>
            <ns3:cad>87</ns3:cad>
          </ns3:TrackPointExtension>
        </extensions>
      </trkpt>
      <trkpt lat="31.02273481898009777069091796875" lon="121.42845883034169673919677734375">
        <ele>3.7999999523162841796875</ele>
        <time>2026-05-14T13:07:39.000Z</time>
        <extensions>
          <ns3:TrackPointExtension>
            <ns3:hr>161</ns3:hr>
            <ns3:cad>87</ns3:cad>
          </ns3:TrackPointExtension>
        </extensions>
      </trkpt>
      <trkpt lat="31.0227095894515514373779296875" lon="121.428463272750377655029296875">
        <ele>3.599999904632568359375</ele>
        <time>2026-05-14T13:07:40.000Z</time>
        <extensions>
          <ns3:TrackPointExtension>
            <ns3:hr>162</ns3:hr>
            <ns3:cad>87</ns3:cad>
          </ns3:TrackPointExtension>
        </extensions>
      </trkpt>
      <trkpt lat="31.0226807557046413421630859375" lon="121.428478024899959564208984375">
        <ele>3.599999904632568359375</ele>
        <time>2026-05-14T13:07:41.000Z</time>
        <extensions>
          <ns3:TrackPointExtension>
            <ns3:hr>162</ns3:hr>
            <ns3:cad>87</ns3:cad>
          </ns3:TrackPointExtension>
        </extensions>
      </trkpt>
      <trkpt lat="31.02265401743352413177490234375" lon="121.42848716117441654205322265625">
        <ele>3.7999999523162841796875</ele>
        <time>2026-05-14T13:07:42.000Z</time>
        <extensions>
          <ns3:TrackPointExtension>
            <ns3:hr>162</ns3:hr>
            <ns3:cad>87</ns3:cad>
          </ns3:TrackPointExtension>
        </extensions>
      </trkpt>
      <trkpt lat="31.02262593805789947509765625" lon="121.428502500057220458984375">
        <ele>3.7999999523162841796875</ele>
        <time>2026-05-14T13:07:43.000Z</time>
        <extensions>
          <ns3:TrackPointExtension>
            <ns3:hr>162</ns3:hr>
            <ns3:cad>87</ns3:cad>
          </ns3:TrackPointExtension>
        </extensions>
      </trkpt>
      <trkpt lat="31.022596769034862518310546875" lon="121.42850660718977451324462890625">
        <ele>4</ele>
        <time>2026-05-14T13:07:44.000Z</time>
        <extensions>
          <ns3:TrackPointExtension>
            <ns3:hr>162</ns3:hr>
            <ns3:cad>87</ns3:cad>
          </ns3:TrackPointExtension>
        </extensions>
      </trkpt>
      <trkpt lat="31.0225681029260158538818359375" lon="121.428520940244197845458984375">
        <ele>4</ele>
        <time>2026-05-14T13:07:45.000Z</time>
        <extensions>
          <ns3:TrackPointExtension>
            <ns3:hr>162</ns3:hr>
            <ns3:cad>87</ns3:cad>
          </ns3:TrackPointExtension>
        </extensions>
      </trkpt>
      <trkpt lat="31.02253600023686885833740234375" lon="121.42852270044386386871337890625">
        <ele>4</ele>
        <time>2026-05-14T13:07:46.000Z</time>
        <extensions>
          <ns3:TrackPointExtension>
            <ns3:hr>163</ns3:hr>
            <ns3:cad>88</ns3:cad>
          </ns3:TrackPointExtension>
        </extensions>
      </trkpt>
      <trkpt lat="31.02250934578478336334228515625" lon="121.42852890305221080780029296875">
        <ele>4</ele>
        <time>2026-05-14T13:07:47.000Z</time>
        <extensions>
          <ns3:TrackPointExtension>
            <ns3:hr>163</ns3:hr>
            <ns3:cad>88</ns3:cad>
          </ns3:TrackPointExtension>
        </extensions>
      </trkpt>
      <trkpt lat="31.0224755667150020599365234375" lon="121.42853041179478168487548828125">
        <ele>3.7999999523162841796875</ele>
        <time>2026-05-14T13:07:48.000Z</time>
        <extensions>
          <ns3:TrackPointExtension>
            <ns3:hr>163</ns3:hr>
            <ns3:cad>87</ns3:cad>
          </ns3:TrackPointExtension>
        </extensions>
      </trkpt>
      <trkpt lat="31.022454611957073211669921875" lon="121.42853577621281147003173828125">
        <ele>3.7999999523162841796875</ele>
        <time>2026-05-14T13:07:49.000Z</time>
        <extensions>
          <ns3:TrackPointExtension>
            <ns3:hr>163</ns3:hr>
            <ns3:cad>87</ns3:cad>
          </ns3:TrackPointExtension>
        </extensions>
      </trkpt>
      <trkpt lat="31.02241999469697475433349609375" lon="121.42854080535471439361572265625">
        <ele>3.7999999523162841796875</ele>
        <time>2026-05-14T13:07:50.000Z</time>
        <extensions>
          <ns3:TrackPointExtension>
            <ns3:hr>163</ns3:hr>
            <ns3:cad>88</ns3:cad>
          </ns3:TrackPointExtension>
        </extensions>
      </trkpt>
      <trkpt lat="31.0223932564258575439453125" lon="121.4285512827336788177490234375">
        <ele>4</ele>
        <time>2026-05-14T13:07:51.000Z</time>
        <extensions>
          <ns3:TrackPointExtension>
            <ns3:hr>164</ns3:hr>
            <ns3:cad>88</ns3:cad>
          </ns3:TrackPointExtension>
        </extensions>
      </trkpt>
      <trkpt lat="31.022363416850566864013671875" lon="121.4285620115697383880615234375">
        <ele>4.19999980926513671875</ele>
        <time>2026-05-14T13:07:52.000Z</time>
        <extensions>
          <ns3:TrackPointExtension>
            <ns3:hr>164</ns3:hr>
            <ns3:cad>87</ns3:cad>
          </ns3:TrackPointExtension>
        </extensions>
      </trkpt>
      <trkpt lat="31.022333241999149322509765625" lon="121.42856444232165813446044921875">
        <ele>4.19999980926513671875</ele>
        <time>2026-05-14T13:07:53.000Z</time>
        <extensions>
          <ns3:TrackPointExtension>
            <ns3:hr>164</ns3:hr>
            <ns3:cad>87</ns3:cad>
          </ns3:TrackPointExtension>
        </extensions>
      </trkpt>
      <trkpt lat="31.0223065875470638275146484375" lon="121.4285764284431934356689453125">
        <ele>4</ele>
        <time>2026-05-14T13:07:54.000Z</time>
        <extensions>
          <ns3:TrackPointExtension>
            <ns3:hr>164</ns3:hr>
            <ns3:cad>87</ns3:cad>
          </ns3:TrackPointExtension>
        </extensions>
      </trkpt>
      <trkpt lat="31.02227800525724887847900390625" lon="121.42858271487057209014892578125">
        <ele>4</ele>
        <time>2026-05-14T13:07:55.000Z</time>
        <extensions>
          <ns3:TrackPointExtension>
            <ns3:hr>164</ns3:hr>
            <ns3:cad>87</ns3:cad>
          </ns3:TrackPointExtension>
        </extensions>
      </trkpt>
      <trkpt lat="31.02224984206259250640869140625" lon="121.42859545536339282989501953125">
        <ele>3.7999999523162841796875</ele>
        <time>2026-05-14T13:07:56.000Z</time>
        <extensions>
          <ns3:TrackPointExtension>
            <ns3:hr>164</ns3:hr>
            <ns3:cad>87</ns3:cad>
          </ns3:TrackPointExtension>
        </extensions>
      </trkpt>
      <trkpt lat="31.02222033776342868804931640625" lon="121.42860132269561290740966796875">
        <ele>3.7999999523162841796875</ele>
        <time>2026-05-14T13:07:57.000Z</time>
        <extensions>
          <ns3:TrackPointExtension>
            <ns3:hr>164</ns3:hr>
            <ns3:cad>88</ns3:cad>
          </ns3:TrackPointExtension>
        </extensions>
      </trkpt>
      <trkpt lat="31.0221912525594234466552734375" lon="121.42861439846456050872802734375">
        <ele>3.7999999523162841796875</ele>
        <time>2026-05-14T13:07:58.000Z</time>
        <extensions>
          <ns3:TrackPointExtension>
            <ns3:hr>164</ns3:hr>
            <ns3:cad>88</ns3:cad>
          </ns3:TrackPointExtension>
        </extensions>
      </trkpt>
      <trkpt lat="31.0221620835363864898681640625" lon="121.42861858941614627838134765625">
        <ele>3.7999999523162841796875</ele>
        <time>2026-05-14T13:07:59.000Z</time>
        <extensions>
          <ns3:TrackPointExtension>
            <ns3:hr>164</ns3:hr>
            <ns3:cad>88</ns3:cad>
          </ns3:TrackPointExtension>
        </extensions>
      </trkpt>
      <trkpt lat="31.0221357643604278564453125" lon="121.42862923443317413330078125">
        <ele>4</ele>
        <time>2026-05-14T13:08:00.000Z</time>
        <extensions>
          <ns3:TrackPointExtension>
            <ns3:hr>165</ns3:hr>
            <ns3:cad>87</ns3:cad>
          </ns3:TrackPointExtension>
        </extensions>
      </trkpt>
      <trkpt lat="31.02210315875709056854248046875" lon="121.4286310784518718719482421875">
        <ele>4</ele>
        <time>2026-05-14T13:08:01.000Z</time>
        <extensions>
          <ns3:TrackPointExtension>
            <ns3:hr>164</ns3:hr>
            <ns3:cad>87</ns3:cad>
          </ns3:TrackPointExtension>
        </extensions>
      </trkpt>
      <trkpt lat="31.0220775939524173736572265625" lon="121.42864306457340717315673828125">
        <ele>4.19999980926513671875</ele>
        <time>2026-05-14T13:08:02.000Z</time>
        <extensions>
          <ns3:TrackPointExtension>
            <ns3:hr>164</ns3:hr>
            <ns3:cad>88</ns3:cad>
          </ns3:TrackPointExtension>
        </extensions>
      </trkpt>
      <trkpt lat="31.02204616181552410125732421875" lon="121.42864557914435863494873046875">
        <ele>4.400000095367431640625</ele>
        <time>2026-05-14T13:08:03.000Z</time>
        <extensions>
          <ns3:TrackPointExtension>
            <ns3:hr>165</ns3:hr>
            <ns3:cad>88</ns3:cad>
          </ns3:TrackPointExtension>
        </extensions>
      </trkpt>
      <trkpt lat="31.0220204293727874755859375" lon="121.42865396104753017425537109375">
        <ele>4.599999904632568359375</ele>
        <time>2026-05-14T13:08:04.000Z</time>
        <extensions>
          <ns3:TrackPointExtension>
            <ns3:hr>164</ns3:hr>
            <ns3:cad>88</ns3:cad>
          </ns3:TrackPointExtension>
        </extensions>
      </trkpt>
      <trkpt lat="31.02198564447462558746337890625" lon="121.42865546979010105133056640625">
        <ele>4.599999904632568359375</ele>
        <time>2026-05-14T13:08:05.000Z</time>
        <extensions>
          <ns3:TrackPointExtension>
            <ns3:hr>165</ns3:hr>
            <ns3:cad>88</ns3:cad>
          </ns3:TrackPointExtension>
        </extensions>
      </trkpt>
      <trkpt lat="31.02196603082120418548583984375" lon="121.42866536043584346771240234375">
        <ele>4.80000019073486328125</ele>
        <time>2026-05-14T13:08:06.000Z</time>
        <extensions>
          <ns3:TrackPointExtension>
            <ns3:hr>165</ns3:hr>
            <ns3:cad>88</ns3:cad>
          </ns3:TrackPointExtension>
        </extensions>
      </trkpt>
      <trkpt lat="31.0219324193894863128662109375" lon="121.42867558635771274566650390625">
        <ele>4.599999904632568359375</ele>
        <time>2026-05-14T13:08:07.000Z</time>
        <extensions>
          <ns3:TrackPointExtension>
            <ns3:hr>165</ns3:hr>
            <ns3:cad>88</ns3:cad>
          </ns3:TrackPointExtension>
        </extensions>
      </trkpt>
      <trkpt lat="31.021914146840572357177734375" lon="121.4286910928785800933837890625">
        <ele>4.400000095367431640625</ele>
        <time>2026-05-14T13:08:08.000Z</time>
        <extensions>
          <ns3:TrackPointExtension>
            <ns3:hr>165</ns3:hr>
            <ns3:cad>89</ns3:cad>
          </ns3:TrackPointExtension>
        </extensions>
      </trkpt>
      <trkpt lat="31.02188304997980594635009765625" lon="121.428714059293270111083984375">
        <ele>4.19999980926513671875</ele>
        <time>2026-05-14T13:08:09.000Z</time>
        <extensions>
          <ns3:TrackPointExtension>
            <ns3:hr>165</ns3:hr>
            <ns3:cad>89</ns3:cad>
          </ns3:TrackPointExtension>
        </extensions>
      </trkpt>
      <trkpt lat="31.02186678908765316009521484375" lon="121.42873291857540607452392578125">
        <ele>4</ele>
        <time>2026-05-14T13:08:10.000Z</time>
        <extensions>
          <ns3:TrackPointExtension>
            <ns3:hr>165</ns3:hr>
            <ns3:cad>88</ns3:cad>
          </ns3:TrackPointExtension>
        </extensions>
      </trkpt>
      <trkpt lat="31.02184248156845569610595703125" lon="121.4287668652832508087158203125">
        <ele>4</ele>
        <time>2026-05-14T13:08:11.000Z</time>
        <extensions>
          <ns3:TrackPointExtension>
            <ns3:hr>165</ns3:hr>
            <ns3:cad>88</ns3:cad>
          </ns3:TrackPointExtension>
        </extensions>
      </trkpt>
      <trkpt lat="31.02182404138147830963134765625" lon="121.42879175953567028045654296875">
        <ele>4</ele>
        <time>2026-05-14T13:08:12.000Z</time>
        <extensions>
          <ns3:TrackPointExtension>
            <ns3:hr>165</ns3:hr>
            <ns3:cad>88</ns3:cad>
          </ns3:TrackPointExtension>
        </extensions>
      </trkpt>
      <trkpt lat="31.0218070261180400848388671875" lon="121.4288235269486904144287109375">
        <ele>4</ele>
        <time>2026-05-14T13:08:13.000Z</time>
        <extensions>
          <ns3:TrackPointExtension>
            <ns3:hr>164</ns3:hr>
            <ns3:cad>88</ns3:cad>
          </ns3:TrackPointExtension>
        </extensions>
      </trkpt>
      <trkpt lat="31.0217902623116970062255859375" lon="121.428856886923313140869140625">
        <ele>4.19999980926513671875</ele>
        <time>2026-05-14T13:08:14.000Z</time>
        <extensions>
          <ns3:TrackPointExtension>
            <ns3:hr>164</ns3:hr>
            <ns3:cad>88</ns3:cad>
          </ns3:TrackPointExtension>
        </extensions>
      </trkpt>
      <trkpt lat="31.02177911438047885894775390625" lon="121.42888982780277729034423828125">
        <ele>4.19999980926513671875</ele>
        <time>2026-05-14T13:08:15.000Z</time>
        <extensions>
          <ns3:TrackPointExtension>
            <ns3:hr>164</ns3:hr>
            <ns3:cad>88</ns3:cad>
          </ns3:TrackPointExtension>
        </extensions>
      </trkpt>
      <trkpt lat="31.02176168002188205718994140625" lon="121.42892402596771717071533203125">
        <ele>4.19999980926513671875</ele>
        <time>2026-05-14T13:08:16.000Z</time>
        <extensions>
          <ns3:TrackPointExtension>
            <ns3:hr>164</ns3:hr>
            <ns3:cad>87</ns3:cad>
          </ns3:TrackPointExtension>
        </extensions>
      </trkpt>
      <trkpt lat="31.02175313048064708709716796875" lon="121.428948752582073211669921875">
        <ele>4.400000095367431640625</ele>
        <time>2026-05-14T13:08:17.000Z</time>
        <extensions>
          <ns3:TrackPointExtension>
            <ns3:hr>164</ns3:hr>
            <ns3:cad>87</ns3:cad>
          </ns3:TrackPointExtension>
        </extensions>
      </trkpt>
      <trkpt lat="31.02173586376011371612548828125" lon="121.42898269928991794586181640625">
        <ele>4.400000095367431640625</ele>
        <time>2026-05-14T13:08:18.000Z</time>
        <extensions>
          <ns3:TrackPointExtension>
            <ns3:hr>164</ns3:hr>
            <ns3:cad>87</ns3:cad>
          </ns3:TrackPointExtension>
        </extensions>
      </trkpt>
      <trkpt lat="31.02173410356044769287109375" lon="121.42900600098073482513427734375">
        <ele>4.19999980926513671875</ele>
        <time>2026-05-14T13:08:19.000Z</time>
        <extensions>
          <ns3:TrackPointExtension>
            <ns3:hr>164</ns3:hr>
            <ns3:cad>87</ns3:cad>
          </ns3:TrackPointExtension>
        </extensions>
      </trkpt>
      <trkpt lat="31.02172630839049816131591796875" lon="121.42904472537338733673095703125">
        <ele>4.19999980926513671875</ele>
        <time>2026-05-14T13:08:20.000Z</time>
        <extensions>
          <ns3:TrackPointExtension>
            <ns3:hr>164</ns3:hr>
            <ns3:cad>87</ns3:cad>
          </ns3:TrackPointExtension>
        </extensions>
      </trkpt>
      <trkpt lat="31.02172496728599071502685546875" lon="121.42907087691128253936767578125">
        <ele>4.19999980926513671875</ele>
        <time>2026-05-14T13:08:21.000Z</time>
        <extensions>
          <ns3:TrackPointExtension>
            <ns3:hr>164</ns3:hr>
            <ns3:cad>87</ns3:cad>
          </ns3:TrackPointExtension>
        </extensions>
      </trkpt>
      <trkpt lat="31.02172563783824443817138671875" lon="121.429105661809444427490234375">
        <ele>4</ele>
        <time>2026-05-14T13:08:22.000Z</time>
        <extensions>
          <ns3:TrackPointExtension>
            <ns3:hr>164</ns3:hr>
            <ns3:cad>87</ns3:cad>
          </ns3:TrackPointExtension>
        </extensions>
      </trkpt>
      <trkpt lat="31.021728403866291046142578125" lon="121.42914061434566974639892578125">
        <ele>4</ele>
        <time>2026-05-14T13:08:23.000Z</time>
        <extensions>
          <ns3:TrackPointExtension>
            <ns3:hr>164</ns3:hr>
            <ns3:cad>86</ns3:cad>
          </ns3:TrackPointExtension>
        </extensions>
      </trkpt>
      <trkpt lat="31.02173737250268459320068359375" lon="121.42917498014867305755615234375">
        <ele>4</ele>
        <time>2026-05-14T13:08:24.000Z</time>
        <extensions>
          <ns3:TrackPointExtension>
            <ns3:hr>163</ns3:hr>
            <ns3:cad>86</ns3:cad>
          </ns3:TrackPointExtension>
        </extensions>
      </trkpt>
      <trkpt lat="31.0217480175197124481201171875" lon="121.429210267961025238037109375">
        <ele>4</ele>
        <time>2026-05-14T13:08:25.000Z</time>
        <extensions>
          <ns3:TrackPointExtension>
            <ns3:hr>164</ns3:hr>
            <ns3:cad>88</ns3:cad>
          </ns3:TrackPointExtension>
        </extensions>
      </trkpt>
      <trkpt lat="31.0217627696692943572998046875" lon="121.4292409457266330718994140625">
        <ele>4</ele>
        <time>2026-05-14T13:08:26.000Z</time>
        <extensions>
          <ns3:TrackPointExtension>
            <ns3:hr>164</ns3:hr>
            <ns3:cad>88</ns3:cad>
          </ns3:TrackPointExtension>
        </extensions>
      </trkpt>
      <trkpt lat="31.02177592925727367401123046875" lon="121.42927623353898525238037109375">
        <ele>4.19999980926513671875</ele>
        <time>2026-05-14T13:08:27.000Z</time>
        <extensions>
          <ns3:TrackPointExtension>
            <ns3:hr>163</ns3:hr>
            <ns3:cad>88</ns3:cad>
          </ns3:TrackPointExtension>
        </extensions>
      </trkpt>
      <trkpt lat="31.02179051376879215240478515625" lon="121.4293036423623561859130859375">
        <ele>4.19999980926513671875</ele>
        <time>2026-05-14T13:08:28.000Z</time>
        <extensions>
          <ns3:TrackPointExtension>
            <ns3:hr>163</ns3:hr>
            <ns3:cad>87</ns3:cad>
          </ns3:TrackPointExtension>
        </extensions>
      </trkpt>
      <trkpt lat="31.02180493064224720001220703125" lon="121.42933524213731288909912109375">
        <ele>4.19999980926513671875</ele>
        <time>2026-05-14T13:08:29.000Z</time>
        <extensions>
          <ns3:TrackPointExtension>
            <ns3:hr>163</ns3:hr>
            <ns3:cad>87</ns3:cad>
          </ns3:TrackPointExtension>
        </extensions>
      </trkpt>
      <trkpt lat="31.02182303555309772491455078125" lon="121.42935452051460742950439453125">
        <ele>4.19999980926513671875</ele>
        <time>2026-05-14T13:08:30.000Z</time>
        <extensions>
          <ns3:TrackPointExtension>
            <ns3:hr>164</ns3:hr>
            <ns3:cad>88</ns3:cad>
          </ns3:TrackPointExtension>
        </extensions>
      </trkpt>
      <trkpt lat="31.02184097282588481903076171875" lon="121.42938503064215183258056640625">
        <ele>4.19999980926513671875</ele>
        <time>2026-05-14T13:08:31.000Z</time>
        <extensions>
          <ns3:TrackPointExtension>
            <ns3:hr>163</ns3:hr>
            <ns3:cad>88</ns3:cad>
          </ns3:TrackPointExtension>
        </extensions>
      </trkpt>
      <trkpt lat="31.0218620114028453826904296875" lon="121.4294032193720340728759765625">
        <ele>4</ele>
        <time>2026-05-14T13:08:32.000Z</time>
        <extensions>
          <ns3:TrackPointExtension>
            <ns3:hr>163</ns3:hr>
            <ns3:cad>88</ns3:cad>
          </ns3:TrackPointExtension>
        </extensions>
      </trkpt>
      <trkpt lat="31.02188657037913799285888671875" lon="121.4294293709099292755126953125">
        <ele>4</ele>
        <time>2026-05-14T13:08:33.000Z</time>
        <extensions>
          <ns3:TrackPointExtension>
            <ns3:hr>163</ns3:hr>
            <ns3:cad>87</ns3:cad>
          </ns3:TrackPointExtension>
        </extensions>
      </trkpt>
      <trkpt lat="31.02190769277513027191162109375" lon="121.42944185994565486907958984375">
        <ele>4</ele>
        <time>2026-05-14T13:08:34.000Z</time>
        <extensions>
          <ns3:TrackPointExtension>
            <ns3:hr>163</ns3:hr>
            <ns3:cad>87</ns3:cad>
          </ns3:TrackPointExtension>
        </extensions>
      </trkpt>
      <trkpt lat="31.02193803526461124420166015625" lon="121.42946130596101284027099609375">
        <ele>4</ele>
        <time>2026-05-14T13:08:35.000Z</time>
        <extensions>
          <ns3:TrackPointExtension>
            <ns3:hr>163</ns3:hr>
            <ns3:cad>87</ns3:cad>
          </ns3:TrackPointExtension>
        </extensions>
      </trkpt>
      <trkpt lat="31.02196150459349155426025390625" lon="121.429469771683216094970703125">
        <ele>4</ele>
        <time>2026-05-14T13:08:36.000Z</time>
        <extensions>
          <ns3:TrackPointExtension>
            <ns3:hr>163</ns3:hr>
            <ns3:cad>88</ns3:cad>
          </ns3:TrackPointExtension>
        </extensions>
      </trkpt>
      <trkpt lat="31.0219937749207019805908203125" lon="121.42947974614799022674560546875">
        <ele>4</ele>
        <time>2026-05-14T13:08:37.000Z</time>
        <extensions>
          <ns3:TrackPointExtension>
            <ns3:hr>163</ns3:hr>
            <ns3:cad>88</ns3:cad>
          </ns3:TrackPointExtension>
        </extensions>
      </trkpt>
      <trkpt lat="31.02202252484858036041259765625" lon="121.42948687076568603515625">
        <ele>4</ele>
        <time>2026-05-14T13:08:38.000Z</time>
        <extensions>
          <ns3:TrackPointExtension>
            <ns3:hr>164</ns3:hr>
            <ns3:cad>88</ns3:cad>
          </ns3:TrackPointExtension>
        </extensions>
      </trkpt>
      <trkpt lat="31.022054292261600494384765625" lon="121.4294887147843837738037109375">
        <ele>4</ele>
        <time>2026-05-14T13:08:39.000Z</time>
        <extensions>
          <ns3:TrackPointExtension>
            <ns3:hr>163</ns3:hr>
            <ns3:cad>87</ns3:cad>
          </ns3:TrackPointExtension>
        </extensions>
      </trkpt>
      <trkpt lat="31.02208522148430347442626953125" lon="121.4294920675456523895263671875">
        <ele>4</ele>
        <time>2026-05-14T13:08:40.000Z</time>
        <extensions>
          <ns3:TrackPointExtension>
            <ns3:hr>163</ns3:hr>
            <ns3:cad>87</ns3:cad>
          </ns3:TrackPointExtension>
        </extensions>
      </trkpt>
      <trkpt lat="31.022112630307674407958984375" lon="121.42948687076568603515625">
        <ele>4</ele>
        <time>2026-05-14T13:08:41.000Z</time>
        <extensions>
          <ns3:TrackPointExtension>
            <ns3:hr>164</ns3:hr>
            <ns3:cad>88</ns3:cad>
          </ns3:TrackPointExtension>
        </extensions>
      </trkpt>
      <trkpt lat="31.02214322425425052642822265625" lon="121.42949022352695465087890625">
        <ele>4</ele>
        <time>2026-05-14T13:08:42.000Z</time>
        <extensions>
          <ns3:TrackPointExtension>
            <ns3:hr>163</ns3:hr>
            <ns3:cad>88</ns3:cad>
          </ns3:TrackPointExtension>
        </extensions>
      </trkpt>
      <trkpt lat="31.0221687890589237213134765625" lon="121.4294820092618465423583984375">
        <ele>4</ele>
        <time>2026-05-14T13:08:43.000Z</time>
        <extensions>
          <ns3:TrackPointExtension>
            <ns3:hr>163</ns3:hr>
            <ns3:cad>88</ns3:cad>
          </ns3:TrackPointExtension>
        </extensions>
      </trkpt>
      <trkpt lat="31.02220206521451473236083984375" lon="121.42948024906218051910400390625">
        <ele>4</ele>
        <time>2026-05-14T13:08:44.000Z</time>
        <extensions>
          <ns3:TrackPointExtension>
            <ns3:hr>164</ns3:hr>
            <ns3:cad>87</ns3:cad>
          </ns3:TrackPointExtension>
        </extensions>
      </trkpt>
      <trkpt lat="31.02222603745758533477783203125" lon="121.4294736273586750030517578125">
        <ele>4</ele>
        <time>2026-05-14T13:08:45.000Z</time>
        <extensions>
          <ns3:TrackPointExtension>
            <ns3:hr>164</ns3:hr>
            <ns3:cad>87</ns3:cad>
          </ns3:TrackPointExtension>
        </extensions>
      </trkpt>
      <trkpt lat="31.022258140146732330322265625" lon="121.42946968786418437957763671875">
        <ele>4</ele>
        <time>2026-05-14T13:08:46.000Z</time>
        <extensions>
          <ns3:TrackPointExtension>
            <ns3:hr>164</ns3:hr>
            <ns3:cad>86</ns3:cad>
          </ns3:TrackPointExtension>
        </extensions>
      </trkpt>
      <trkpt lat="31.0222790949046611785888671875" lon="121.429460383951663970947265625">
        <ele>4</ele>
        <time>2026-05-14T13:08:47.000Z</time>
        <extensions>
          <ns3:TrackPointExtension>
            <ns3:hr>164</ns3:hr>
            <ns3:cad>86</ns3:cad>
          </ns3:TrackPointExtension>
        </extensions>
      </trkpt>
      <trkpt lat="31.02231136523187160491943359375" lon="121.4294533431529998779296875">
        <ele>4</ele>
        <time>2026-05-14T13:08:48.000Z</time>
        <extensions>
          <ns3:TrackPointExtension>
            <ns3:hr>164</ns3:hr>
            <ns3:cad>88</ns3:cad>
          </ns3:TrackPointExtension>
        </extensions>
      </trkpt>
      <trkpt lat="31.0223357565701007843017578125" lon="121.4294452965259552001953125">
        <ele>4</ele>
        <time>2026-05-14T13:08:49.000Z</time>
        <extensions>
          <ns3:TrackPointExtension>
            <ns3:hr>164</ns3:hr>
            <ns3:cad>88</ns3:cad>
          </ns3:TrackPointExtension>
        </extensions>
      </trkpt>
      <trkpt lat="31.0223706252872943878173828125" lon="121.429435908794403076171875">
        <ele>4</ele>
        <time>2026-05-14T13:08:50.000Z</time>
        <extensions>
          <ns3:TrackPointExtension>
            <ns3:hr>165</ns3:hr>
            <ns3:cad>88</ns3:cad>
          </ns3:TrackPointExtension>
        </extensions>
      </trkpt>
      <trkpt lat="31.0223959386348724365234375" lon="121.42942476086318492889404296875">
        <ele>4</ele>
        <time>2026-05-14T13:08:51.000Z</time>
        <extensions>
          <ns3:TrackPointExtension>
            <ns3:hr>165</ns3:hr>
            <ns3:cad>88</ns3:cad>
          </ns3:TrackPointExtension>
        </extensions>
      </trkpt>
      <trkpt lat="31.02242753840982913970947265625" lon="121.42941319383680820465087890625">
        <ele>4</ele>
        <time>2026-05-14T13:08:52.000Z</time>
        <extensions>
          <ns3:TrackPointExtension>
            <ns3:hr>165</ns3:hr>
            <ns3:cad>88</ns3:cad>
          </ns3:TrackPointExtension>
        </extensions>
      </trkpt>
      <trkpt lat="31.022453941404819488525390625" lon="121.4294109307229518890380859375">
        <ele>4</ele>
        <time>2026-05-14T13:08:53.000Z</time>
        <extensions>
          <ns3:TrackPointExtension>
            <ns3:hr>165</ns3:hr>
            <ns3:cad>88</ns3:cad>
          </ns3:TrackPointExtension>
        </extensions>
      </trkpt>
      <trkpt lat="31.0224831104278564453125" lon="121.42940028570592403411865234375">
        <ele>4</ele>
        <time>2026-05-14T13:08:54.000Z</time>
        <extensions>
          <ns3:TrackPointExtension>
            <ns3:hr>165</ns3:hr>
            <ns3:cad>88</ns3:cad>
          </ns3:TrackPointExtension>
        </extensions>
      </trkpt>
      <trkpt lat="31.022514291107654571533203125" lon="121.42939961515367031097412109375">
        <ele>4</ele>
        <time>2026-05-14T13:08:55.000Z</time>
        <extensions>
          <ns3:TrackPointExtension>
            <ns3:hr>165</ns3:hr>
            <ns3:cad>88</ns3:cad>
          </ns3:TrackPointExtension>
        </extensions>
      </trkpt>
      <trkpt lat="31.02253876626491546630859375" lon="121.42939324490725994110107421875">
        <ele>4</ele>
        <time>2026-05-14T13:08:56.000Z</time>
        <extensions>
          <ns3:TrackPointExtension>
            <ns3:hr>166</ns3:hr>
            <ns3:cad>87</ns3:cad>
          </ns3:TrackPointExtension>
        </extensions>
      </trkpt>
      <trkpt lat="31.02257120423018932342529296875" lon="121.42938855104148387908935546875">
        <ele>4</ele>
        <time>2026-05-14T13:08:57.000Z</time>
        <extensions>
          <ns3:TrackPointExtension>
            <ns3:hr>166</ns3:hr>
            <ns3:cad>86</ns3:cad>
          </ns3:TrackPointExtension>
        </extensions>
      </trkpt>
      <trkpt lat="31.0225944221019744873046875" lon="121.42938352189958095550537109375">
        <ele>4</ele>
        <time>2026-05-14T13:08:58.000Z</time>
        <extensions>
          <ns3:TrackPointExtension>
            <ns3:hr>166</ns3:hr>
            <ns3:cad>86</ns3:cad>
          </ns3:TrackPointExtension>
        </extensions>
      </trkpt>
      <trkpt lat="31.02263222448527812957763671875" lon="121.42937916330993175506591796875">
        <ele>4</ele>
        <time>2026-05-14T13:08:59.000Z</time>
        <extensions>
          <ns3:TrackPointExtension>
            <ns3:hr>166</ns3:hr>
            <ns3:cad>86</ns3:cad>
          </ns3:TrackPointExtension>
        </extensions>
      </trkpt>
      <trkpt lat="31.02265938185155391693115234375" lon="121.4293727092444896697998046875">
        <ele>4</ele>
        <time>2026-05-14T13:09:00.000Z</time>
        <extensions>
          <ns3:TrackPointExtension>
            <ns3:hr>166</ns3:hr>
            <ns3:cad>87</ns3:cad>
          </ns3:TrackPointExtension>
        </extensions>
      </trkpt>
      <trkpt lat="31.0226904787123203277587890625" lon="121.42936055548489093780517578125">
        <ele>3.7999999523162841796875</ele>
        <time>2026-05-14T13:09:01.000Z</time>
        <extensions>
          <ns3:TrackPointExtension>
            <ns3:hr>166</ns3:hr>
            <ns3:cad>87</ns3:cad>
          </ns3:TrackPointExtension>
        </extensions>
      </trkpt>
      <trkpt lat="31.02271587587893009185791015625" lon="121.42935250885784626007080078125">
        <ele>3.7999999523162841796875</ele>
        <time>2026-05-14T13:09:02.000Z</time>
        <extensions>
          <ns3:TrackPointExtension>
            <ns3:hr>166</ns3:hr>
            <ns3:cad>87</ns3:cad>
          </ns3:TrackPointExtension>
        </extensions>
      </trkpt>
      <trkpt lat="31.02274504490196704864501953125" lon="121.42934345640242099761962890625">
        <ele>3.7999999523162841796875</ele>
        <time>2026-05-14T13:09:03.000Z</time>
        <extensions>
          <ns3:TrackPointExtension>
            <ns3:hr>166</ns3:hr>
            <ns3:cad>87</ns3:cad>
          </ns3:TrackPointExtension>
        </extensions>
      </trkpt>
      <trkpt lat="31.022770106792449951171875" lon="121.42933733761310577392578125">
        <ele>3.7999999523162841796875</ele>
        <time>2026-05-14T13:09:04.000Z</time>
        <extensions>
          <ns3:TrackPointExtension>
            <ns3:hr>167</ns3:hr>
            <ns3:cad>87</ns3:cad>
          </ns3:TrackPointExtension>
        </extensions>
      </trkpt>
      <trkpt lat="31.0227984376251697540283203125" lon="121.42932652495801448822021484375">
        <ele>3.7999999523162841796875</ele>
        <time>2026-05-14T13:09:05.000Z</time>
        <extensions>
          <ns3:TrackPointExtension>
            <ns3:hr>166</ns3:hr>
            <ns3:cad>88</ns3:cad>
          </ns3:TrackPointExtension>
        </extensions>
      </trkpt>
      <trkpt lat="31.02282701991498470306396484375" lon="121.42931990325450897216796875">
        <ele>3.7999999523162841796875</ele>
        <time>2026-05-14T13:09:06.000Z</time>
        <extensions>
          <ns3:TrackPointExtension>
            <ns3:hr>166</ns3:hr>
            <ns3:cad>88</ns3:cad>
          </ns3:TrackPointExtension>
        </extensions>
      </trkpt>
      <trkpt lat="31.0228572785854339599609375" lon="121.42930842004716396331787109375">
        <ele>3.7999999523162841796875</ele>
        <time>2026-05-14T13:09:07.000Z</time>
        <extensions>
          <ns3:TrackPointExtension>
            <ns3:hr>166</ns3:hr>
            <ns3:cad>88</ns3:cad>
          </ns3:TrackPointExtension>
        </extensions>
      </trkpt>
      <trkpt lat="31.02288477122783660888671875" lon="121.4293009601533412933349609375">
        <ele>3.7999999523162841796875</ele>
        <time>2026-05-14T13:09:08.000Z</time>
        <extensions>
          <ns3:TrackPointExtension>
            <ns3:hr>167</ns3:hr>
            <ns3:cad>89</ns3:cad>
          </ns3:TrackPointExtension>
        </extensions>
      </trkpt>
      <trkpt lat="31.02291762828826904296875" lon="121.42928780056536197662353515625">
        <ele>3.7999999523162841796875</ele>
        <time>2026-05-14T13:09:09.000Z</time>
        <extensions>
          <ns3:TrackPointExtension>
            <ns3:hr>166</ns3:hr>
            <ns3:cad>90</ns3:cad>
          </ns3:TrackPointExtension>
        </extensions>
      </trkpt>
      <trkpt lat="31.0229452885687351226806640625" lon="121.42927891574800014495849609375">
        <ele>3.7999999523162841796875</ele>
        <time>2026-05-14T13:09:10.000Z</time>
        <extensions>
          <ns3:TrackPointExtension>
            <ns3:hr>166</ns3:hr>
            <ns3:cad>90</ns3:cad>
          </ns3:TrackPointExtension>
        </extensions>
      </trkpt>
      <trkpt lat="31.022974289953708648681640625" lon="121.42926156520843505859375">
        <ele>3.7999999523162841796875</ele>
        <time>2026-05-14T13:09:11.000Z</time>
        <extensions>
          <ns3:TrackPointExtension>
            <ns3:hr>165</ns3:hr>
            <ns3:cad>90</ns3:cad>
          </ns3:TrackPointExtension>
        </extensions>
      </trkpt>
      <trkpt lat="31.0230009444057941436767578125" lon="121.4292473159730434417724609375">
        <ele>3.7999999523162841796875</ele>
        <time>2026-05-14T13:09:12.000Z</time>
        <extensions>
          <ns3:TrackPointExtension>
            <ns3:hr>165</ns3:hr>
            <ns3:cad>90</ns3:cad>
          </ns3:TrackPointExtension>
        </extensions>
      </trkpt>
      <trkpt lat="31.0230264253914356231689453125" lon="121.42922828905284404754638671875">
        <ele>3.7999999523162841796875</ele>
        <time>2026-05-14T13:09:13.000Z</time>
        <extensions>
          <ns3:TrackPointExtension>
            <ns3:hr>165</ns3:hr>
            <ns3:cad>89</ns3:cad>
          </ns3:TrackPointExtension>
        </extensions>
      </trkpt>
      <trkpt lat="31.0230579413473606109619140625" lon="121.4292137883603572845458984375">
        <ele>3.7999999523162841796875</ele>
        <time>2026-05-14T13:09:14.000Z</time>
        <extensions>
          <ns3:TrackPointExtension>
            <ns3:hr>165</ns3:hr>
            <ns3:cad>88</ns3:cad>
          </ns3:TrackPointExtension>
        </extensions>
      </trkpt>
      <trkpt lat="31.0230770520865917205810546875" lon="121.42919518053531646728515625">
        <ele>3.7999999523162841796875</ele>
        <time>2026-05-14T13:09:15.000Z</time>
        <extensions>
          <ns3:TrackPointExtension>
            <ns3:hr>165</ns3:hr>
            <ns3:cad>88</ns3:cad>
          </ns3:TrackPointExtension>
        </extensions>
      </trkpt>
      <trkpt lat="31.0231032036244869232177734375" lon="121.4291722141206264495849609375">
        <ele>3.7999999523162841796875</ele>
        <time>2026-05-14T13:09:16.000Z</time>
        <extensions>
          <ns3:TrackPointExtension>
            <ns3:hr>165</ns3:hr>
            <ns3:cad>88</ns3:cad>
          </ns3:TrackPointExtension>
        </extensions>
      </trkpt>
      <trkpt lat="31.0231176204979419708251953125" lon="121.4291524328291416168212890625">
        <ele>3.7999999523162841796875</ele>
        <time>2026-05-14T13:09:17.000Z</time>
        <extensions>
          <ns3:TrackPointExtension>
            <ns3:hr>164</ns3:hr>
            <ns3:cad>88</ns3:cad>
          </ns3:TrackPointExtension>
        </extensions>
      </trkpt>
      <trkpt lat="31.02314092218875885009765625" lon="121.429124772548675537109375">
        <ele>3.7999999523162841796875</ele>
        <time>2026-05-14T13:09:18.000Z</time>
        <extensions>
          <ns3:TrackPointExtension>
            <ns3:hr>164</ns3:hr>
            <ns3:cad>87</ns3:cad>
          </ns3:TrackPointExtension>
        </extensions>
      </trkpt>
      <trkpt lat="31.02316179312765598297119140625" lon="121.4291001297533512115478515625">
        <ele>3.7999999523162841796875</ele>
        <time>2026-05-14T13:09:19.000Z</time>
        <extensions>
          <ns3:TrackPointExtension>
            <ns3:hr>164</ns3:hr>
            <ns3:cad>87</ns3:cad>
          </ns3:TrackPointExtension>
        </extensions>
      </trkpt>
      <trkpt lat="31.02317185141146183013916015625" lon="121.4290709607303142547607421875">
        <ele>3.7999999523162841796875</ele>
        <time>2026-05-14T13:09:20.000Z</time>
        <extensions>
          <ns3:TrackPointExtension>
            <ns3:hr>164</ns3:hr>
            <ns3:cad>86</ns3:cad>
          </ns3:TrackPointExtension>
        </extensions>
      </trkpt>
      <trkpt lat="31.02318517863750457763671875" lon="121.429035253822803497314453125">
        <ele>3.7999999523162841796875</ele>
        <time>2026-05-14T13:09:21.000Z</time>
        <extensions>
          <ns3:TrackPointExtension>
            <ns3:hr>164</ns3:hr>
            <ns3:cad>86</ns3:cad>
          </ns3:TrackPointExtension>
        </extensions>
      </trkpt>
      <trkpt lat="31.02318895049393177032470703125" lon="121.4290052466094493865966796875">
        <ele>3.7999999523162841796875</ele>
        <time>2026-05-14T13:09:22.000Z</time>
        <extensions>
          <ns3:TrackPointExtension>
            <ns3:hr>163</ns3:hr>
            <ns3:cad>86</ns3:cad>
          </ns3:TrackPointExtension>
        </extensions>
      </trkpt>
      <trkpt lat="31.02319716475903987884521484375" lon="121.42897121608257293701171875">
        <ele>3.7999999523162841796875</ele>
        <time>2026-05-14T13:09:23.000Z</time>
        <extensions>
          <ns3:TrackPointExtension>
            <ns3:hr>163</ns3:hr>
            <ns3:cad>86</ns3:cad>
          </ns3:TrackPointExtension>
        </extensions>
      </trkpt>
      <trkpt lat="31.02320068515837192535400390625" lon="121.428946070373058319091796875">
        <ele>3.7999999523162841796875</ele>
        <time>2026-05-14T13:09:24.000Z</time>
        <extensions>
          <ns3:TrackPointExtension>
            <ns3:hr>163</ns3:hr>
            <ns3:cad>85</ns3:cad>
          </ns3:TrackPointExtension>
        </extensions>
      </trkpt>
      <trkpt lat="31.0232044570147991180419921875" lon="121.42890223301947116851806640625">
        <ele>3.7999999523162841796875</ele>
        <time>2026-05-14T13:09:25.000Z</time>
        <extensions>
          <ns3:TrackPointExtension>
            <ns3:hr>163</ns3:hr>
            <ns3:cad>85</ns3:cad>
          </ns3:TrackPointExtension>
        </extensions>
      </trkpt>
      <trkpt lat="31.02320403791964054107666015625" lon="121.4288714714348316192626953125">
        <ele>3.599999904632568359375</ele>
        <time>2026-05-14T13:09:26.000Z</time>
        <extensions>
          <ns3:TrackPointExtension>
            <ns3:hr>163</ns3:hr>
            <ns3:cad>86</ns3:cad>
          </ns3:TrackPointExtension>
        </extensions>
      </trkpt>
      <trkpt lat="31.02319079451262950897216796875" lon="121.42882981337606906890869140625">
        <ele>3.599999904632568359375</ele>
        <time>2026-05-14T13:09:27.000Z</time>
        <extensions>
          <ns3:TrackPointExtension>
            <ns3:hr>163</ns3:hr>
            <ns3:cad>86</ns3:cad>
          </ns3:TrackPointExtension>
        </extensions>
      </trkpt>
      <trkpt lat="31.0231863521039485931396484375" lon="121.4287933520972728729248046875">
        <ele>3.599999904632568359375</ele>
        <time>2026-05-14T13:09:28.000Z</time>
        <extensions>
          <ns3:TrackPointExtension>
            <ns3:hr>163</ns3:hr>
            <ns3:cad>87</ns3:cad>
          </ns3:TrackPointExtension>
        </extensions>
      </trkpt>
      <trkpt lat="31.0231759585440158843994140625" lon="121.4287638477981090545654296875">
        <ele>3.599999904632568359375</ele>
        <time>2026-05-14T13:09:29.000Z</time>
        <extensions>
          <ns3:TrackPointExtension>
            <ns3:hr>163</ns3:hr>
            <ns3:cad>87</ns3:cad>
          </ns3:TrackPointExtension>
        </extensions>
      </trkpt>
      <trkpt lat="31.02316732518374919891357421875" lon="121.4287232793867588043212890625">
        <ele>3.599999904632568359375</ele>
        <time>2026-05-14T13:09:30.000Z</time>
        <extensions>
          <ns3:TrackPointExtension>
            <ns3:hr>162</ns3:hr>
            <ns3:cad>86</ns3:cad>
          </ns3:TrackPointExtension>
        </extensions>
      </trkpt>
      <trkpt lat="31.023153997957706451416015625" lon="121.42869620583951473236083984375">
        <ele>3.599999904632568359375</ele>
        <time>2026-05-14T13:09:31.000Z</time>
        <extensions>
          <ns3:TrackPointExtension>
            <ns3:hr>162</ns3:hr>
            <ns3:cad>86</ns3:cad>
          </ns3:TrackPointExtension>
        </extensions>
      </trkpt>
      <trkpt lat="31.02313932962715625762939453125" lon="121.42866184003651142120361328125">
        <ele>3.7999999523162841796875</ele>
        <time>2026-05-14T13:09:32.000Z</time>
        <extensions>
          <ns3:TrackPointExtension>
            <ns3:hr>162</ns3:hr>
            <ns3:cad>87</ns3:cad>
          </ns3:TrackPointExtension>
        </extensions>
      </trkpt>
      <trkpt lat="31.0231260024011135101318359375" lon="121.428639627993106842041015625">
        <ele>3.599999904632568359375</ele>
        <time>2026-05-14T13:09:33.000Z</time>
        <extensions>
          <ns3:TrackPointExtension>
            <ns3:hr>162</ns3:hr>
            <ns3:cad>87</ns3:cad>
          </ns3:TrackPointExtension>
        </extensions>
      </trkpt>
      <trkpt lat="31.02310345508158206939697265625" lon="121.42860434018075466156005859375">
        <ele>3.599999904632568359375</ele>
        <time>2026-05-14T13:09:34.000Z</time>
        <extensions>
          <ns3:TrackPointExtension>
            <ns3:hr>162</ns3:hr>
            <ns3:cad>87</ns3:cad>
          </ns3:TrackPointExtension>
        </extensions>
      </trkpt>
      <trkpt lat="31.02308593690395355224609375" lon="121.428581960499286651611328125">
        <ele>3.599999904632568359375</ele>
        <time>2026-05-14T13:09:35.000Z</time>
        <extensions>
          <ns3:TrackPointExtension>
            <ns3:hr>162</ns3:hr>
            <ns3:cad>87</ns3:cad>
          </ns3:TrackPointExtension>
        </extensions>
      </trkpt>
      <trkpt lat="31.0230626352131366729736328125" lon="121.42855815589427947998046875">
        <ele>3.599999904632568359375</ele>
        <time>2026-05-14T13:09:36.000Z</time>
        <extensions>
          <ns3:TrackPointExtension>
            <ns3:hr>161</ns3:hr>
            <ns3:cad>86</ns3:cad>
          </ns3:TrackPointExtension>
        </extensions>
      </trkpt>
      <trkpt lat="31.02303975261747837066650390625" lon="121.4285333454608917236328125">
        <ele>3.599999904632568359375</ele>
        <time>2026-05-14T13:09:37.000Z</time>
        <extensions>
          <ns3:TrackPointExtension>
            <ns3:hr>161</ns3:hr>
            <ns3:cad>86</ns3:cad>
          </ns3:TrackPointExtension>
        </extensions>
      </trkpt>
      <trkpt lat="31.02301259525120258331298828125" lon="121.4285207726061344146728515625">
        <ele>3.599999904632568359375</ele>
        <time>2026-05-14T13:09:38.000Z</time>
        <extensions>
          <ns3:TrackPointExtension>
            <ns3:hr>161</ns3:hr>
            <ns3:cad>86</ns3:cad>
          </ns3:TrackPointExtension>
        </extensions>
      </trkpt>
      <trkpt lat="31.0229845158755779266357421875" lon="121.42849587835371494293212890625">
        <ele>3.599999904632568359375</ele>
        <time>2026-05-14T13:09:39.000Z</time>
        <extensions>
          <ns3:TrackPointExtension>
            <ns3:hr>161</ns3:hr>
            <ns3:cad>87</ns3:cad>
          </ns3:TrackPointExtension>
        </extensions>
      </trkpt>
      <trkpt lat="31.02296079508960247039794921875" lon="121.428486742079257965087890625">
        <ele>3.599999904632568359375</ele>
        <time>2026-05-14T13:09:40.000Z</time>
        <extensions>
          <ns3:TrackPointExtension>
            <ns3:hr>160</ns3:hr>
            <ns3:cad>87</ns3:cad>
          </ns3:TrackPointExtension>
        </extensions>
      </trkpt>
      <trkpt lat="31.0229265131056308746337890625" lon="121.42846763134002685546875">
        <ele>3.599999904632568359375</ele>
        <time>2026-05-14T13:09:41.000Z</time>
        <extensions>
          <ns3:TrackPointExtension>
            <ns3:hr>161</ns3:hr>
            <ns3:cad>87</ns3:cad>
          </ns3:TrackPointExtension>
        </extensions>
      </trkpt>
      <trkpt lat="31.022904552519321441650390625" lon="121.42846352420747280120849609375">
        <ele>3.599999904632568359375</ele>
        <time>2026-05-14T13:09:42.000Z</time>
        <extensions>
          <ns3:TrackPointExtension>
            <ns3:hr>161</ns3:hr>
            <ns3:cad>87</ns3:cad>
          </ns3:TrackPointExtension>
        </extensions>
      </trkpt>
      <trkpt lat="31.02286792360246181488037109375" lon="121.428458578884601593017578125">
        <ele>3.599999904632568359375</ele>
        <time>2026-05-14T13:09:43.000Z</time>
        <extensions>
          <ns3:TrackPointExtension>
            <ns3:hr>160</ns3:hr>
            <ns3:cad>87</ns3:cad>
          </ns3:TrackPointExtension>
        </extensions>
      </trkpt>
      <trkpt lat="31.02284143678843975067138671875" lon="121.4284610934555530548095703125">
        <ele>3.599999904632568359375</ele>
        <time>2026-05-14T13:09:44.000Z</time>
        <extensions>
          <ns3:TrackPointExtension>
            <ns3:hr>161</ns3:hr>
            <ns3:cad>86</ns3:cad>
          </ns3:TrackPointExtension>
        </extensions>
      </trkpt>
      <trkpt lat="31.02280874736607074737548828125" lon="121.42846553586423397064208984375">
        <ele>3.599999904632568359375</ele>
        <time>2026-05-14T13:09:45.000Z</time>
        <extensions>
          <ns3:TrackPointExtension>
            <ns3:hr>161</ns3:hr>
            <ns3:cad>86</ns3:cad>
          </ns3:TrackPointExtension>
        </extensions>
      </trkpt>
      <trkpt lat="31.02277748286724090576171875" lon="121.42846587114036083221435546875">
        <ele>3.599999904632568359375</ele>
        <time>2026-05-14T13:09:46.000Z</time>
        <extensions>
          <ns3:TrackPointExtension>
            <ns3:hr>161</ns3:hr>
            <ns3:cad>86</ns3:cad>
          </ns3:TrackPointExtension>
        </extensions>
      </trkpt>
      <trkpt lat="31.02274755947291851043701171875" lon="121.42847375012934207916259765625">
        <ele>3.599999904632568359375</ele>
        <time>2026-05-14T13:09:47.000Z</time>
        <extensions>
          <ns3:TrackPointExtension>
            <ns3:hr>161</ns3:hr>
            <ns3:cad>86</ns3:cad>
          </ns3:TrackPointExtension>
        </extensions>
      </trkpt>
      <trkpt lat="31.02271621115505695343017578125" lon="121.42847157083451747894287109375">
        <ele>3.599999904632568359375</ele>
        <time>2026-05-14T13:09:48.000Z</time>
        <extensions>
          <ns3:TrackPointExtension>
            <ns3:hr>162</ns3:hr>
            <ns3:cad>86</ns3:cad>
          </ns3:TrackPointExtension>
        </extensions>
      </trkpt>
      <trkpt lat="31.02268888615071773529052734375" lon="121.428478024899959564208984375">
        <ele>3.7999999523162841796875</ele>
        <time>2026-05-14T13:09:49.000Z</time>
        <extensions>
          <ns3:TrackPointExtension>
            <ns3:hr>162</ns3:hr>
            <ns3:cad>86</ns3:cad>
          </ns3:TrackPointExtension>
        </extensions>
      </trkpt>
      <trkpt lat="31.02265452034771442413330078125" lon="121.42847844399511814117431640625">
        <ele>3.7999999523162841796875</ele>
        <time>2026-05-14T13:09:50.000Z</time>
        <extensions>
          <ns3:TrackPointExtension>
            <ns3:hr>162</ns3:hr>
            <ns3:cad>87</ns3:cad>
          </ns3:TrackPointExtension>
        </extensions>
      </trkpt>
      <trkpt lat="31.02263440378010272979736328125" lon="121.428489424288272857666015625">
        <ele>3.7999999523162841796875</ele>
        <time>2026-05-14T13:09:51.000Z</time>
        <extensions>
          <ns3:TrackPointExtension>
            <ns3:hr>162</ns3:hr>
            <ns3:cad>87</ns3:cad>
          </ns3:TrackPointExtension>
        </extensions>
      </trkpt>
      <trkpt lat="31.02259752340614795684814453125" lon="121.42849906347692012786865234375">
        <ele>4</ele>
        <time>2026-05-14T13:09:52.000Z</time>
        <extensions>
          <ns3:TrackPointExtension>
            <ns3:hr>162</ns3:hr>
            <ns3:cad>87</ns3:cad>
          </ns3:TrackPointExtension>
        </extensions>
      </trkpt>
      <trkpt lat="31.02257254533469676971435546875" lon="121.4285063557326793670654296875">
        <ele>4</ele>
        <time>2026-05-14T13:09:53.000Z</time>
        <extensions>
          <ns3:TrackPointExtension>
            <ns3:hr>162</ns3:hr>
            <ns3:cad>87</ns3:cad>
          </ns3:TrackPointExtension>
        </extensions>
      </trkpt>
      <trkpt lat="31.022545136511325836181640625" lon="121.42851515673100948333740234375">
        <ele>3.7999999523162841796875</ele>
        <time>2026-05-14T13:09:54.000Z</time>
        <extensions>
          <ns3:TrackPointExtension>
            <ns3:hr>162</ns3:hr>
            <ns3:cad>87</ns3:cad>
          </ns3:TrackPointExtension>
        </extensions>
      </trkpt>
      <trkpt lat="31.022518314421176910400390625" lon="121.42852001823484897613525390625">
        <ele>3.7999999523162841796875</ele>
        <time>2026-05-14T13:09:55.000Z</time>
        <extensions>
          <ns3:TrackPointExtension>
            <ns3:hr>162</ns3:hr>
            <ns3:cad>87</ns3:cad>
          </ns3:TrackPointExtension>
        </extensions>
      </trkpt>
      <trkpt lat="31.0224930010735988616943359375" lon="121.42853133380413055419921875">
        <ele>3.7999999523162841796875</ele>
        <time>2026-05-14T13:09:56.000Z</time>
        <extensions>
          <ns3:TrackPointExtension>
            <ns3:hr>162</ns3:hr>
            <ns3:cad>87</ns3:cad>
          </ns3:TrackPointExtension>
        </extensions>
      </trkpt>
      <trkpt lat="31.02246358059346675872802734375" lon="121.4285318367183208465576171875">
        <ele>3.7999999523162841796875</ele>
        <time>2026-05-14T13:09:57.000Z</time>
        <extensions>
          <ns3:TrackPointExtension>
            <ns3:hr>163</ns3:hr>
            <ns3:cad>87</ns3:cad>
          </ns3:TrackPointExtension>
        </extensions>
      </trkpt>
      <trkpt lat="31.02244128473103046417236328125" lon="121.428541056811809539794921875">
        <ele>3.599999904632568359375</ele>
        <time>2026-05-14T13:09:58.000Z</time>
        <extensions>
          <ns3:TrackPointExtension>
            <ns3:hr>163</ns3:hr>
            <ns3:cad>86</ns3:cad>
          </ns3:TrackPointExtension>
        </extensions>
      </trkpt>
      <trkpt lat="31.0224091820418834686279296875" lon="121.42854365520179271697998046875">
        <ele>3.599999904632568359375</ele>
        <time>2026-05-14T13:09:59.000Z</time>
        <extensions>
          <ns3:TrackPointExtension>
            <ns3:hr>163</ns3:hr>
            <ns3:cad>86</ns3:cad>
          </ns3:TrackPointExtension>
        </extensions>
      </trkpt>
      <trkpt lat="31.02238814346492290496826171875" lon="121.42855170182883739471435546875">
        <ele>3.400000095367431640625</ele>
        <time>2026-05-14T13:10:00.000Z</time>
        <extensions>
          <ns3:TrackPointExtension>
            <ns3:hr>163</ns3:hr>
            <ns3:cad>86</ns3:cad>
          </ns3:TrackPointExtension>
        </extensions>
      </trkpt>
      <trkpt lat="31.0223552025854587554931640625" lon="121.42855438403785228729248046875">
        <ele>3.400000095367431640625</ele>
        <time>2026-05-14T13:10:01.000Z</time>
        <extensions>
          <ns3:TrackPointExtension>
            <ns3:hr>164</ns3:hr>
            <ns3:cad>88</ns3:cad>
          </ns3:TrackPointExtension>
        </extensions>
      </trkpt>
      <trkpt lat="31.02233248762786388397216796875" lon="121.428565196692943572998046875">
        <ele>3.599999904632568359375</ele>
        <time>2026-05-14T13:10:02.000Z</time>
        <extensions>
          <ns3:TrackPointExtension>
            <ns3:hr>163</ns3:hr>
            <ns3:cad>88</ns3:cad>
          </ns3:TrackPointExtension>
        </extensions>
      </trkpt>
      <trkpt lat="31.02230004966259002685546875" lon="121.42857030965387821197509765625">
        <ele>3.599999904632568359375</ele>
        <time>2026-05-14T13:10:03.000Z</time>
        <extensions>
          <ns3:TrackPointExtension>
            <ns3:hr>163</ns3:hr>
            <ns3:cad>88</ns3:cad>
          </ns3:TrackPointExtension>
        </extensions>
      </trkpt>
      <trkpt lat="31.02228035219013690948486328125" lon="121.42858170904219150543212890625">
        <ele>3.599999904632568359375</ele>
        <time>2026-05-14T13:10:04.000Z</time>
        <extensions>
          <ns3:TrackPointExtension>
            <ns3:hr>164</ns3:hr>
            <ns3:cad>88</ns3:cad>
          </ns3:TrackPointExtension>
        </extensions>
      </trkpt>
      <trkpt lat="31.0222499258816242218017578125" lon="121.428590677678585052490234375">
        <ele>3.599999904632568359375</ele>
        <time>2026-05-14T13:10:05.000Z</time>
        <extensions>
          <ns3:TrackPointExtension>
            <ns3:hr>164</ns3:hr>
            <ns3:cad>88</ns3:cad>
          </ns3:TrackPointExtension>
        </extensions>
      </trkpt>
      <trkpt lat="31.02222553454339504241943359375" lon="121.42859813757240772247314453125">
        <ele>3.599999904632568359375</ele>
        <time>2026-05-14T13:10:06.000Z</time>
        <extensions>
          <ns3:TrackPointExtension>
            <ns3:hr>163</ns3:hr>
            <ns3:cad>88</ns3:cad>
          </ns3:TrackPointExtension>
        </extensions>
      </trkpt>
      <trkpt lat="31.0222006402909755706787109375" lon="121.42860970459878444671630859375">
        <ele>3.599999904632568359375</ele>
        <time>2026-05-14T13:10:07.000Z</time>
        <extensions>
          <ns3:TrackPointExtension>
            <ns3:hr>163</ns3:hr>
            <ns3:cad>88</ns3:cad>
          </ns3:TrackPointExtension>
        </extensions>
      </trkpt>
      <trkpt lat="31.022174321115016937255859375" lon="121.428611464798450469970703125">
        <ele>3.400000095367431640625</ele>
        <time>2026-05-14T13:10:08.000Z</time>
        <extensions>
          <ns3:TrackPointExtension>
            <ns3:hr>163</ns3:hr>
            <ns3:cad>88</ns3:cad>
          </ns3:TrackPointExtension>
        </extensions>
      </trkpt>
      <trkpt lat="31.02215386927127838134765625" lon="121.4286186732351779937744140625">
        <ele>3.599999904632568359375</ele>
        <time>2026-05-14T13:10:09.000Z</time>
        <extensions>
          <ns3:TrackPointExtension>
            <ns3:hr>164</ns3:hr>
            <ns3:cad>87</ns3:cad>
          </ns3:TrackPointExtension>
        </extensions>
      </trkpt>
      <trkpt lat="31.02212377823889255523681640625" lon="121.42861993052065372467041015625">
        <ele>3.599999904632568359375</ele>
        <time>2026-05-14T13:10:10.000Z</time>
        <extensions>
          <ns3:TrackPointExtension>
            <ns3:hr>163</ns3:hr>
            <ns3:cad>87</ns3:cad>
          </ns3:TrackPointExtension>
        </extensions>
      </trkpt>
      <trkpt lat="31.02210282348096370697021484375" lon="121.42862965352833271026611328125">
        <ele>3.400000095367431640625</ele>
        <time>2026-05-14T13:10:11.000Z</time>
        <extensions>
          <ns3:TrackPointExtension>
            <ns3:hr>162</ns3:hr>
            <ns3:cad>87</ns3:cad>
          </ns3:TrackPointExtension>
        </extensions>
      </trkpt>
      <trkpt lat="31.0220665298402309417724609375" lon="121.42863635905086994171142578125">
        <ele>3.599999904632568359375</ele>
        <time>2026-05-14T13:10:12.000Z</time>
        <extensions>
          <ns3:TrackPointExtension>
            <ns3:hr>162</ns3:hr>
            <ns3:cad>86</ns3:cad>
          </ns3:TrackPointExtension>
        </extensions>
      </trkpt>
      <trkpt lat="31.0220417194068431854248046875" lon="121.428644321858882904052734375">
        <ele>3.599999904632568359375</ele>
        <time>2026-05-14T13:10:13.000Z</time>
        <extensions>
          <ns3:TrackPointExtension>
            <ns3:hr>161</ns3:hr>
            <ns3:cad>86</ns3:cad>
          </ns3:TrackPointExtension>
        </extensions>
      </trkpt>
      <trkpt lat="31.022013723850250244140625" lon="121.42865630798041820526123046875">
        <ele>3.599999904632568359375</ele>
        <time>2026-05-14T13:10:14.000Z</time>
        <extensions>
          <ns3:TrackPointExtension>
            <ns3:hr>161</ns3:hr>
            <ns3:cad>86</ns3:cad>
          </ns3:TrackPointExtension>
        </extensions>
      </trkpt>
      <trkpt lat="31.0219843871891498565673828125" lon="121.42866049893200397491455078125">
        <ele>3.599999904632568359375</ele>
        <time>2026-05-14T13:10:15.000Z</time>
        <extensions>
          <ns3:TrackPointExtension>
            <ns3:hr>161</ns3:hr>
            <ns3:cad>86</ns3:cad>
          </ns3:TrackPointExtension>
        </extensions>
      </trkpt>
      <trkpt lat="31.0219619236886501312255859375" lon="121.42867080867290496826171875">
        <ele>3.599999904632568359375</ele>
        <time>2026-05-14T13:10:16.000Z</time>
        <extensions>
          <ns3:TrackPointExtension>
            <ns3:hr>161</ns3:hr>
            <ns3:cad>86</ns3:cad>
          </ns3:TrackPointExtension>
        </extensions>
      </trkpt>
      <trkpt lat="31.02193183265626430511474609375" lon="121.4286776818335056304931640625">
        <ele>3.599999904632568359375</ele>
        <time>2026-05-14T13:10:17.000Z</time>
        <extensions>
          <ns3:TrackPointExtension>
            <ns3:hr>161</ns3:hr>
            <ns3:cad>86</ns3:cad>
          </ns3:TrackPointExtension>
        </extensions>
      </trkpt>
      <trkpt lat="31.02191188372671604156494140625" lon="121.42869151197373867034912109375">
        <ele>3.599999904632568359375</ele>
        <time>2026-05-14T13:10:18.000Z</time>
        <extensions>
          <ns3:TrackPointExtension>
            <ns3:hr>160</ns3:hr>
            <ns3:cad>85</ns3:cad>
          </ns3:TrackPointExtension>
        </extensions>
      </trkpt>
      <trkpt lat="31.0218801163136959075927734375" lon="121.428709365427494049072265625">
        <ele>3.599999904632568359375</ele>
        <time>2026-05-14T13:10:19.000Z</time>
        <extensions>
          <ns3:TrackPointExtension>
            <ns3:hr>161</ns3:hr>
            <ns3:cad>86</ns3:cad>
          </ns3:TrackPointExtension>
        </extensions>
      </trkpt>
      <trkpt lat="31.0218643583357334136962890625" lon="121.428729481995105743408203125">
        <ele>3.7999999523162841796875</ele>
        <time>2026-05-14T13:10:20.000Z</time>
        <extensions>
          <ns3:TrackPointExtension>
            <ns3:hr>160</ns3:hr>
            <ns3:cad>86</ns3:cad>
          </ns3:TrackPointExtension>
        </extensions>
      </trkpt>
      <trkpt lat="31.0218405537307262420654296875" lon="121.428758315742015838623046875">
        <ele>3.599999904632568359375</ele>
        <time>2026-05-14T13:10:21.000Z</time>
        <extensions>
          <ns3:TrackPointExtension>
            <ns3:hr>161</ns3:hr>
            <ns3:cad>86</ns3:cad>
          </ns3:TrackPointExtension>
        </extensions>
      </trkpt>
      <trkpt lat="31.02182286791503429412841796875" lon="121.42878220416605472564697265625">
        <ele>3.7999999523162841796875</ele>
        <time>2026-05-14T13:10:22.000Z</time>
        <extensions>
          <ns3:TrackPointExtension>
            <ns3:hr>160</ns3:hr>
            <ns3:cad>86</ns3:cad>
          </ns3:TrackPointExtension>
        </extensions>
      </trkpt>
      <trkpt lat="31.02180560119450092315673828125" lon="121.42881036736071109771728515625">
        <ele>3.7999999523162841796875</ele>
        <time>2026-05-14T13:10:23.000Z</time>
        <extensions>
          <ns3:TrackPointExtension>
            <ns3:hr>160</ns3:hr>
            <ns3:cad>86</ns3:cad>
          </ns3:TrackPointExtension>
        </extensions>
      </trkpt>
      <trkpt lat="31.02178263477981090545654296875" lon="121.4288345910608768463134765625">
        <ele>3.599999904632568359375</ele>
        <time>2026-05-14T13:10:24.000Z</time>
        <extensions>
          <ns3:TrackPointExtension>
            <ns3:hr>160</ns3:hr>
            <ns3:cad>87</ns3:cad>
          </ns3:TrackPointExtension>
        </extensions>
      </trkpt>
      <trkpt lat="31.02177031338214874267578125" lon="121.42885898239910602569580078125">
        <ele>3.599999904632568359375</ele>
        <time>2026-05-14T13:10:25.000Z</time>
        <extensions>
          <ns3:TrackPointExtension>
            <ns3:hr>161</ns3:hr>
            <ns3:cad>87</ns3:cad>
          </ns3:TrackPointExtension>
        </extensions>
      </trkpt>
      <trkpt lat="31.021750867366790771484375" lon="121.42889033071696758270263671875">
        <ele>3.599999904632568359375</ele>
        <time>2026-05-14T13:10:26.000Z</time>
        <extensions>
          <ns3:TrackPointExtension>
            <ns3:hr>161</ns3:hr>
            <ns3:cad>87</ns3:cad>
          </ns3:TrackPointExtension>
        </extensions>
      </trkpt>
      <trkpt lat="31.021742485463619232177734375" lon="121.42891815863549709320068359375">
        <ele>3.599999904632568359375</ele>
        <time>2026-05-14T13:10:27.000Z</time>
        <extensions>
          <ns3:TrackPointExtension>
            <ns3:hr>162</ns3:hr>
            <ns3:cad>86</ns3:cad>
          </ns3:TrackPointExtension>
        </extensions>
      </trkpt>
      <trkpt lat="31.02172832004725933074951171875" lon="121.42895780503749847412109375">
        <ele>3.599999904632568359375</ele>
        <time>2026-05-14T13:10:28.000Z</time>
        <extensions>
          <ns3:TrackPointExtension>
            <ns3:hr>162</ns3:hr>
            <ns3:cad>86</ns3:cad>
          </ns3:TrackPointExtension>
        </extensions>
      </trkpt>
      <trkpt lat="31.02172580547630786895751953125" lon="121.42899024300277233123779296875">
        <ele>3.599999904632568359375</ele>
        <time>2026-05-14T13:10:29.000Z</time>
        <extensions>
          <ns3:TrackPointExtension>
            <ns3:hr>162</ns3:hr>
            <ns3:cad>86</ns3:cad>
          </ns3:TrackPointExtension>
        </extensions>
      </trkpt>
      <trkpt lat="31.021723710000514984130859375" lon="121.42903114669024944305419921875">
        <ele>3.7999999523162841796875</ele>
        <time>2026-05-14T13:10:30.000Z</time>
        <extensions>
          <ns3:TrackPointExtension>
            <ns3:hr>162</ns3:hr>
            <ns3:cad>86</ns3:cad>
          </ns3:TrackPointExtension>
        </extensions>
      </trkpt>
      <trkpt lat="31.02172446437180042266845703125" lon="121.42906844615936279296875">
        <ele>3.7999999523162841796875</ele>
        <time>2026-05-14T13:10:31.000Z</time>
        <extensions>
          <ns3:TrackPointExtension>
            <ns3:hr>162</ns3:hr>
            <ns3:cad>86</ns3:cad>
          </ns3:TrackPointExtension>
        </extensions>
      </trkpt>
      <trkpt lat="31.02172873914241790771484375" lon="121.42910524271428585052490234375">
        <ele>3.7999999523162841796875</ele>
        <time>2026-05-14T13:10:32.000Z</time>
        <extensions>
          <ns3:TrackPointExtension>
            <ns3:hr>162</ns3:hr>
            <ns3:cad>86</ns3:cad>
          </ns3:TrackPointExtension>
        </extensions>
      </trkpt>
      <trkpt lat="31.02172932587563991546630859375" lon="121.42914245836436748504638671875">
        <ele>3.7999999523162841796875</ele>
        <time>2026-05-14T13:10:33.000Z</time>
        <extensions>
          <ns3:TrackPointExtension>
            <ns3:hr>162</ns3:hr>
            <ns3:cad>86</ns3:cad>
          </ns3:TrackPointExtension>
        </extensions>
      </trkpt>
      <trkpt lat="31.02173821069300174713134765625" lon="121.42916944809257984161376953125">
        <ele>3.7999999523162841796875</ele>
        <time>2026-05-14T13:10:34.000Z</time>
        <extensions>
          <ns3:TrackPointExtension>
            <ns3:hr>162</ns3:hr>
            <ns3:cad>86</ns3:cad>
          </ns3:TrackPointExtension>
        </extensions>
      </trkpt>
      <trkpt lat="31.0217416472733020782470703125" lon="121.4292084239423274993896484375">
        <ele>4</ele>
        <time>2026-05-14T13:10:35.000Z</time>
        <extensions>
          <ns3:TrackPointExtension>
            <ns3:hr>162</ns3:hr>
            <ns3:cad>87</ns3:cad>
          </ns3:TrackPointExtension>
        </extensions>
      </trkpt>
      <trkpt lat="31.0217496939003467559814453125" lon="121.4292315579950809478759765625">
        <ele>4</ele>
        <time>2026-05-14T13:10:36.000Z</time>
        <extensions>
          <ns3:TrackPointExtension>
            <ns3:hr>163</ns3:hr>
            <ns3:cad>87</ns3:cad>
          </ns3:TrackPointExtension>
        </extensions>
      </trkpt>
      <trkpt lat="31.0217614285647869110107421875" lon="121.429269276559352874755859375">
        <ele>4</ele>
        <time>2026-05-14T13:10:37.000Z</time>
        <extensions>
          <ns3:TrackPointExtension>
            <ns3:hr>162</ns3:hr>
            <ns3:cad>87</ns3:cad>
          </ns3:TrackPointExtension>
        </extensions>
      </trkpt>
      <trkpt lat="31.0217768512666225433349609375" lon="121.42929400317370891571044921875">
        <ele>3.7999999523162841796875</ele>
        <time>2026-05-14T13:10:38.000Z</time>
        <extensions>
          <ns3:TrackPointExtension>
            <ns3:hr>162</ns3:hr>
            <ns3:cad>87</ns3:cad>
          </ns3:TrackPointExtension>
        </extensions>
      </trkpt>
      <trkpt lat="31.02179906331002712249755859375" lon="121.42933255992829799652099609375">
        <ele>3.7999999523162841796875</ele>
        <time>2026-05-14T13:10:39.000Z</time>
        <extensions>
          <ns3:TrackPointExtension>
            <ns3:hr>162</ns3:hr>
            <ns3:cad>87</ns3:cad>
          </ns3:TrackPointExtension>
        </extensions>
      </trkpt>
      <trkpt lat="31.02181683294475078582763671875" lon="121.429355777800083160400390625">
        <ele>3.7999999523162841796875</ele>
        <time>2026-05-14T13:10:40.000Z</time>
        <extensions>
          <ns3:TrackPointExtension>
            <ns3:hr>162</ns3:hr>
            <ns3:cad>87</ns3:cad>
          </ns3:TrackPointExtension>
        </extensions>
      </trkpt>
      <trkpt lat="31.0218412242829799652099609375" lon="121.429387293756008148193359375">
        <ele>3.7999999523162841796875</ele>
        <time>2026-05-14T13:10:41.000Z</time>
        <extensions>
          <ns3:TrackPointExtension>
            <ns3:hr>162</ns3:hr>
            <ns3:cad>88</ns3:cad>
          </ns3:TrackPointExtension>
        </extensions>
      </trkpt>
      <trkpt lat="31.0218606702983379364013671875" lon="121.429406069219112396240234375">
        <ele>3.7999999523162841796875</ele>
        <time>2026-05-14T13:10:42.000Z</time>
        <extensions>
          <ns3:TrackPointExtension>
            <ns3:hr>162</ns3:hr>
            <ns3:cad>88</ns3:cad>
          </ns3:TrackPointExtension>
        </extensions>
      </trkpt>
      <trkpt lat="31.02188942022621631622314453125" lon="121.4294243417680263519287109375">
        <ele>3.7999999523162841796875</ele>
        <time>2026-05-14T13:10:43.000Z</time>
        <extensions>
          <ns3:TrackPointExtension>
            <ns3:hr>162</ns3:hr>
            <ns3:cad>88</ns3:cad>
          </ns3:TrackPointExtension>
        </extensions>
      </trkpt>
      <trkpt lat="31.0219149850308895111083984375" lon="121.42944328486919403076171875">
        <ele>3.7999999523162841796875</ele>
        <time>2026-05-14T13:10:44.000Z</time>
        <extensions>
          <ns3:TrackPointExtension>
            <ns3:hr>162</ns3:hr>
            <ns3:cad>88</ns3:cad>
          </ns3:TrackPointExtension>
        </extensions>
      </trkpt>
      <trkpt lat="31.02194440551102161407470703125" lon="121.42945661209523677825927734375">
        <ele>3.7999999523162841796875</ele>
        <time>2026-05-14T13:10:45.000Z</time>
        <extensions>
          <ns3:TrackPointExtension>
            <ns3:hr>162</ns3:hr>
            <ns3:cad>88</ns3:cad>
          </ns3:TrackPointExtension>
        </extensions>
      </trkpt>
      <trkpt lat="31.02197340689599514007568359375" lon="121.42947404645383358001708984375">
        <ele>3.7999999523162841796875</ele>
        <time>2026-05-14T13:10:46.000Z</time>
        <extensions>
          <ns3:TrackPointExtension>
            <ns3:hr>162</ns3:hr>
            <ns3:cad>88</ns3:cad>
          </ns3:TrackPointExtension>
        </extensions>
      </trkpt>
      <trkpt lat="31.02200173772871494293212890625" lon="121.42948175780475139617919921875">
        <ele>3.7999999523162841796875</ele>
        <time>2026-05-14T13:10:47.000Z</time>
        <extensions>
          <ns3:TrackPointExtension>
            <ns3:hr>162</ns3:hr>
            <ns3:cad>88</ns3:cad>
          </ns3:TrackPointExtension>
        </extensions>
      </trkpt>
      <trkpt lat="31.0220343433320522308349609375" lon="121.42949516884982585906982421875">
        <ele>3.7999999523162841796875</ele>
        <time>2026-05-14T13:10:48.000Z</time>
        <extensions>
          <ns3:TrackPointExtension>
            <ns3:hr>162</ns3:hr>
            <ns3:cad>88</ns3:cad>
          </ns3:TrackPointExtension>
        </extensions>
      </trkpt>
      <trkpt lat="31.02206292562186717987060546875" lon="121.42949801869690418243408203125">
        <ele>3.7999999523162841796875</ele>
        <time>2026-05-14T13:10:49.000Z</time>
        <extensions>
          <ns3:TrackPointExtension>
            <ns3:hr>162</ns3:hr>
            <ns3:cad>87</ns3:cad>
          </ns3:TrackPointExtension>
        </extensions>
      </trkpt>
      <trkpt lat="31.02209745906293392181396484375" lon="121.4295034669339656829833984375">
        <ele>3.7999999523162841796875</ele>
        <time>2026-05-14T13:10:50.000Z</time>
        <extensions>
          <ns3:TrackPointExtension>
            <ns3:hr>162</ns3:hr>
            <ns3:cad>86</ns3:cad>
          </ns3:TrackPointExtension>
        </extensions>
      </trkpt>
      <trkpt lat="31.02212344296276569366455078125" lon="121.42950086854398250579833984375">
        <ele>3.7999999523162841796875</ele>
        <time>2026-05-14T13:10:51.000Z</time>
        <extensions>
          <ns3:TrackPointExtension>
            <ns3:hr>162</ns3:hr>
            <ns3:cad>86</ns3:cad>
          </ns3:TrackPointExtension>
        </extensions>
      </trkpt>
      <trkpt lat="31.02215898223221302032470703125" lon="121.42949650995433330535888671875">
        <ele>3.7999999523162841796875</ele>
        <time>2026-05-14T13:10:52.000Z</time>
        <extensions>
          <ns3:TrackPointExtension>
            <ns3:hr>163</ns3:hr>
            <ns3:cad>88</ns3:cad>
          </ns3:TrackPointExtension>
        </extensions>
      </trkpt>
      <trkpt lat="31.02218345738947391510009765625" lon="121.4294917322695255279541015625">
        <ele>3.7999999523162841796875</ele>
        <time>2026-05-14T13:10:53.000Z</time>
        <extensions>
          <ns3:TrackPointExtension>
            <ns3:hr>162</ns3:hr>
            <ns3:cad>88</ns3:cad>
          </ns3:TrackPointExtension>
        </extensions>
      </trkpt>
      <trkpt lat="31.02221866138279438018798828125" lon="121.42948360182344913482666015625">
        <ele>3.7999999523162841796875</ele>
        <time>2026-05-14T13:10:54.000Z</time>
        <extensions>
          <ns3:TrackPointExtension>
            <ns3:hr>162</ns3:hr>
            <ns3:cad>88</ns3:cad>
          </ns3:TrackPointExtension>
        </extensions>
      </trkpt>
      <trkpt lat="31.022243387997150421142578125" lon="121.4294756390154361724853515625">
        <ele>3.7999999523162841796875</ele>
        <time>2026-05-14T13:10:55.000Z</time>
        <extensions>
          <ns3:TrackPointExtension>
            <ns3:hr>162</ns3:hr>
            <ns3:cad>88</ns3:cad>
          </ns3:TrackPointExtension>
        </extensions>
      </trkpt>
      <trkpt lat="31.02227582596242427825927734375" lon="121.42946541309356689453125">
        <ele>3.7999999523162841796875</ele>
        <time>2026-05-14T13:10:56.000Z</time>
        <extensions>
          <ns3:TrackPointExtension>
            <ns3:hr>162</ns3:hr>
            <ns3:cad>88</ns3:cad>
          </ns3:TrackPointExtension>
        </extensions>
      </trkpt>
      <trkpt lat="31.0222985409200191497802734375" lon="121.42945460043847560882568359375">
        <ele>3.7999999523162841796875</ele>
        <time>2026-05-14T13:10:57.000Z</time>
        <extensions>
          <ns3:TrackPointExtension>
            <ns3:hr>162</ns3:hr>
            <ns3:cad>88</ns3:cad>
          </ns3:TrackPointExtension>
        </extensions>
      </trkpt>
      <trkpt lat="31.022330224514007568359375" lon="121.42944169230759143829345703125">
        <ele>3.7999999523162841796875</ele>
        <time>2026-05-14T13:10:58.000Z</time>
        <extensions>
          <ns3:TrackPointExtension>
            <ns3:hr>162</ns3:hr>
            <ns3:cad>88</ns3:cad>
          </ns3:TrackPointExtension>
        </extensions>
      </trkpt>
      <trkpt lat="31.02235771715641021728515625" lon="121.42943783663213253021240234375">
        <ele>3.7999999523162841796875</ele>
        <time>2026-05-14T13:10:59.000Z</time>
        <extensions>
          <ns3:TrackPointExtension>
            <ns3:hr>162</ns3:hr>
            <ns3:cad>88</ns3:cad>
          </ns3:TrackPointExtension>
        </extensions>
      </trkpt>
      <trkpt lat="31.0223850421607494354248046875" lon="121.4294263534247875213623046875">
        <ele>3.7999999523162841796875</ele>
        <time>2026-05-14T13:11:00.000Z</time>
        <extensions>
          <ns3:TrackPointExtension>
            <ns3:hr>162</ns3:hr>
            <ns3:cad>88</ns3:cad>
          </ns3:TrackPointExtension>
        </extensions>
      </trkpt>
      <trkpt lat="31.02241395972669124603271484375" lon="121.42942626960575580596923828125">
        <ele>3.7999999523162841796875</ele>
        <time>2026-05-14T13:11:01.000Z</time>
        <extensions>
          <ns3:TrackPointExtension>
            <ns3:hr>163</ns3:hr>
            <ns3:cad>87</ns3:cad>
          </ns3:TrackPointExtension>
        </extensions>
      </trkpt>
      <trkpt lat="31.022439859807491302490234375" lon="121.429419480264186859130859375">
        <ele>3.7999999523162841796875</ele>
        <time>2026-05-14T13:11:02.000Z</time>
        <extensions>
          <ns3:TrackPointExtension>
            <ns3:hr>162</ns3:hr>
            <ns3:cad>87</ns3:cad>
          </ns3:TrackPointExtension>
        </extensions>
      </trkpt>
      <trkpt lat="31.02247347123920917510986328125" lon="121.42942090518772602081298828125">
        <ele>3.7999999523162841796875</ele>
        <time>2026-05-14T13:11:03.000Z</time>
        <extensions>
          <ns3:TrackPointExtension>
            <ns3:hr>162</ns3:hr>
            <ns3:cad>87</ns3:cad>
          </ns3:TrackPointExtension>
        </extensions>
      </trkpt>
      <trkpt lat="31.02249761112034320831298828125" lon="121.4294179715216159820556640625">
        <ele>3.7999999523162841796875</ele>
        <time>2026-05-14T13:11:04.000Z</time>
        <extensions>
          <ns3:TrackPointExtension>
            <ns3:hr>162</ns3:hr>
            <ns3:cad>88</ns3:cad>
          </ns3:TrackPointExtension>
        </extensions>
      </trkpt>
      <trkpt lat="31.022531725466251373291015625" lon="121.42940933816134929656982421875">
        <ele>3.7999999523162841796875</ele>
        <time>2026-05-14T13:11:05.000Z</time>
        <extensions>
          <ns3:TrackPointExtension>
            <ns3:hr>162</ns3:hr>
            <ns3:cad>88</ns3:cad>
          </ns3:TrackPointExtension>
        </extensions>
      </trkpt>
      <trkpt lat="31.02255511097609996795654296875" lon="121.42940104007720947265625">
        <ele>3.7999999523162841796875</ele>
        <time>2026-05-14T13:11:06.000Z</time>
        <extensions>
          <ns3:TrackPointExtension>
            <ns3:hr>163</ns3:hr>
            <ns3:cad>87</ns3:cad>
          </ns3:TrackPointExtension>
        </extensions>
      </trkpt>
      <trkpt lat="31.02258696220815181732177734375" lon="121.429390646517276763916015625">
        <ele>3.599999904632568359375</ele>
        <time>2026-05-14T13:11:07.000Z</time>
        <extensions>
          <ns3:TrackPointExtension>
            <ns3:hr>163</ns3:hr>
            <ns3:cad>87</ns3:cad>
          </ns3:TrackPointExtension>
        </extensions>
      </trkpt>
      <trkpt lat="31.02261462248861789703369140625" lon="121.42938352189958095550537109375">
        <ele>3.599999904632568359375</ele>
        <time>2026-05-14T13:11:08.000Z</time>
        <extensions>
          <ns3:TrackPointExtension>
            <ns3:hr>163</ns3:hr>
            <ns3:cad>87</ns3:cad>
          </ns3:TrackPointExtension>
        </extensions>
      </trkpt>
      <trkpt lat="31.02264203131198883056640625" lon="121.42936843447387218475341796875">
        <ele>3.599999904632568359375</ele>
        <time>2026-05-14T13:11:09.000Z</time>
        <extensions>
          <ns3:TrackPointExtension>
            <ns3:hr>163</ns3:hr>
            <ns3:cad>87</ns3:cad>
          </ns3:TrackPointExtension>
        </extensions>
      </trkpt>
      <trkpt lat="31.022671870887279510498046875" lon="121.42936608754098415374755859375">
        <ele>3.599999904632568359375</ele>
        <time>2026-05-14T13:11:10.000Z</time>
        <extensions>
          <ns3:TrackPointExtension>
            <ns3:hr>163</ns3:hr>
            <ns3:cad>87</ns3:cad>
          </ns3:TrackPointExtension>
        </extensions>
      </trkpt>
      <trkpt lat="31.02269911207258701324462890625" lon="121.4293603040277957916259765625">
        <ele>3.599999904632568359375</ele>
        <time>2026-05-14T13:11:11.000Z</time>
        <extensions>
          <ns3:TrackPointExtension>
            <ns3:hr>163</ns3:hr>
            <ns3:cad>87</ns3:cad>
          </ns3:TrackPointExtension>
        </extensions>
      </trkpt>
      <trkpt lat="31.02273046039044857025146484375" lon="121.42935636453330516815185546875">
        <ele>3.599999904632568359375</ele>
        <time>2026-05-14T13:11:12.000Z</time>
        <extensions>
          <ns3:TrackPointExtension>
            <ns3:hr>163</ns3:hr>
            <ns3:cad>87</ns3:cad>
          </ns3:TrackPointExtension>
        </extensions>
      </trkpt>
      <trkpt lat="31.02275476790964603424072265625" lon="121.42934597097337245941162109375">
        <ele>3.7999999523162841796875</ele>
        <time>2026-05-14T13:11:13.000Z</time>
        <extensions>
          <ns3:TrackPointExtension>
            <ns3:hr>163</ns3:hr>
            <ns3:cad>87</ns3:cad>
          </ns3:TrackPointExtension>
        </extensions>
      </trkpt>
      <trkpt lat="31.02278611622750759124755859375" lon="121.42933859489858150482177734375">
        <ele>3.7999999523162841796875</ele>
        <time>2026-05-14T13:11:14.000Z</time>
        <extensions>
          <ns3:TrackPointExtension>
            <ns3:hr>163</ns3:hr>
            <ns3:cad>87</ns3:cad>
          </ns3:TrackPointExtension>
        </extensions>
      </trkpt>
      <trkpt lat="31.02280941791832447052001953125" lon="121.42933306284248828887939453125">
        <ele>3.7999999523162841796875</ele>
        <time>2026-05-14T13:11:15.000Z</time>
        <extensions>
          <ns3:TrackPointExtension>
            <ns3:hr>164</ns3:hr>
            <ns3:cad>87</ns3:cad>
          </ns3:TrackPointExtension>
        </extensions>
      </trkpt>
      <trkpt lat="31.02284110151231288909912109375" lon="121.4293217472732067108154296875">
        <ele>3.7999999523162841796875</ele>
        <time>2026-05-14T13:11:16.000Z</time>
        <extensions>
          <ns3:TrackPointExtension>
            <ns3:hr>163</ns3:hr>
            <ns3:cad>87</ns3:cad>
          </ns3:TrackPointExtension>
        </extensions>
      </trkpt>
      <trkpt lat="31.022870354354381561279296875" lon="121.42931847833096981048583984375">
        <ele>3.7999999523162841796875</ele>
        <time>2026-05-14T13:11:17.000Z</time>
        <extensions>
          <ns3:TrackPointExtension>
            <ns3:hr>163</ns3:hr>
            <ns3:cad>86</ns3:cad>
          </ns3:TrackPointExtension>
        </extensions>
      </trkpt>
      <trkpt lat="31.02290061302483081817626953125" lon="121.42930707894265651702880859375">
        <ele>3.7999999523162841796875</ele>
        <time>2026-05-14T13:11:18.000Z</time>
        <extensions>
          <ns3:TrackPointExtension>
            <ns3:hr>164</ns3:hr>
            <ns3:cad>86</ns3:cad>
          </ns3:TrackPointExtension>
        </extensions>
      </trkpt>
      <trkpt lat="31.02293196134269237518310546875" lon="121.4293009601533412933349609375">
        <ele>3.7999999523162841796875</ele>
        <time>2026-05-14T13:11:19.000Z</time>
        <extensions>
          <ns3:TrackPointExtension>
            <ns3:hr>164</ns3:hr>
            <ns3:cad>87</ns3:cad>
          </ns3:TrackPointExtension>
        </extensions>
      </trkpt>
      <trkpt lat="31.0229600407183170318603515625" lon="121.42928905785083770751953125">
        <ele>3.7999999523162841796875</ele>
        <time>2026-05-14T13:11:20.000Z</time>
        <extensions>
          <ns3:TrackPointExtension>
            <ns3:hr>164</ns3:hr>
            <ns3:cad>87</ns3:cad>
          </ns3:TrackPointExtension>
        </extensions>
      </trkpt>
      <trkpt lat="31.0229912213981151580810546875" lon="121.42927891574800014495849609375">
        <ele>3.599999904632568359375</ele>
        <time>2026-05-14T13:11:21.000Z</time>
        <extensions>
          <ns3:TrackPointExtension>
            <ns3:hr>164</ns3:hr>
            <ns3:cad>87</ns3:cad>
          </ns3:TrackPointExtension>
        </extensions>
      </trkpt>
      <trkpt lat="31.02301611565053462982177734375" lon="121.42926692962646484375">
        <ele>3.599999904632568359375</ele>
        <time>2026-05-14T13:11:22.000Z</time>
        <extensions>
          <ns3:TrackPointExtension>
            <ns3:hr>164</ns3:hr>
            <ns3:cad>87</ns3:cad>
          </ns3:TrackPointExtension>
        </extensions>
      </trkpt>
      <trkpt lat="31.02304511703550815582275390625" lon="121.4292476512491703033447265625">
        <ele>3.599999904632568359375</ele>
        <time>2026-05-14T13:11:23.000Z</time>
        <extensions>
          <ns3:TrackPointExtension>
            <ns3:hr>164</ns3:hr>
            <ns3:cad>87</ns3:cad>
          </ns3:TrackPointExtension>
        </extensions>
      </trkpt>
      <trkpt lat="31.02306447923183441162109375" lon="121.429223679006099700927734375">
        <ele>3.599999904632568359375</ele>
        <time>2026-05-14T13:11:24.000Z</time>
        <extensions>
          <ns3:TrackPointExtension>
            <ns3:hr>164</ns3:hr>
            <ns3:cad>87</ns3:cad>
          </ns3:TrackPointExtension>
        </extensions>
      </trkpt>
      <trkpt lat="31.02308669127523899078369140625" lon="121.42919777892529964447021484375">
        <ele>3.599999904632568359375</ele>
        <time>2026-05-14T13:11:25.000Z</time>
        <extensions>
          <ns3:TrackPointExtension>
            <ns3:hr>164</ns3:hr>
            <ns3:cad>87</ns3:cad>
          </ns3:TrackPointExtension>
        </extensions>
      </trkpt>
      <trkpt lat="31.02310479618608951568603515625" lon="121.42917481251060962677001953125">
        <ele>3.7999999523162841796875</ele>
        <time>2026-05-14T13:11:26.000Z</time>
        <extensions>
          <ns3:TrackPointExtension>
            <ns3:hr>164</ns3:hr>
            <ns3:cad>88</ns3:cad>
          </ns3:TrackPointExtension>
        </extensions>
      </trkpt>
      <trkpt lat="31.02312876842916011810302734375" lon="121.42914363183081150054931640625">
        <ele>3.7999999523162841796875</ele>
        <time>2026-05-14T13:11:27.000Z</time>
        <extensions>
          <ns3:TrackPointExtension>
            <ns3:hr>164</ns3:hr>
            <ns3:cad>88</ns3:cad>
          </ns3:TrackPointExtension>
        </extensions>
      </trkpt>
      <trkpt lat="31.0231414251029491424560546875" lon="121.429116390645503997802734375">
        <ele>3.7999999523162841796875</ele>
        <time>2026-05-14T13:11:28.000Z</time>
        <extensions>
          <ns3:TrackPointExtension>
            <ns3:hr>164</ns3:hr>
            <ns3:cad>88</ns3:cad>
          </ns3:TrackPointExtension>
        </extensions>
      </trkpt>
      <trkpt lat="31.02315567433834075927734375" lon="121.4290863834321498870849609375">
        <ele>3.7999999523162841796875</ele>
        <time>2026-05-14T13:11:29.000Z</time>
        <extensions>
          <ns3:TrackPointExtension>
            <ns3:hr>164</ns3:hr>
            <ns3:cad>88</ns3:cad>
          </ns3:TrackPointExtension>
        </extensions>
      </trkpt>
      <trkpt lat="31.02316782809793949127197265625" lon="121.42905595712363719940185546875">
        <ele>3.7999999523162841796875</ele>
        <time>2026-05-14T13:11:30.000Z</time>
        <extensions>
          <ns3:TrackPointExtension>
            <ns3:hr>164</ns3:hr>
            <ns3:cad>88</ns3:cad>
          </ns3:TrackPointExtension>
        </extensions>
      </trkpt>
      <trkpt lat="31.023172438144683837890625" lon="121.42902276478707790374755859375">
        <ele>3.7999999523162841796875</ele>
        <time>2026-05-14T13:11:31.000Z</time>
        <extensions>
          <ns3:TrackPointExtension>
            <ns3:hr>163</ns3:hr>
            <ns3:cad>88</ns3:cad>
          </ns3:TrackPointExtension>
        </extensions>
      </trkpt>
      <trkpt lat="31.02318190969526767730712890625" lon="121.42898806370794773101806640625">
        <ele>3.599999904632568359375</ele>
        <time>2026-05-14T13:11:32.000Z</time>
        <extensions>
          <ns3:TrackPointExtension>
            <ns3:hr>164</ns3:hr>
            <ns3:cad>88</ns3:cad>
          </ns3:TrackPointExtension>
        </extensions>
      </trkpt>
      <trkpt lat="31.023185513913631439208984375" lon="121.42895487137138843536376953125">
        <ele>3.7999999523162841796875</ele>
        <time>2026-05-14T13:11:33.000Z</time>
        <extensions>
          <ns3:TrackPointExtension>
            <ns3:hr>164</ns3:hr>
            <ns3:cad>87</ns3:cad>
          </ns3:TrackPointExtension>
        </extensions>
      </trkpt>
      <trkpt lat="31.0231903754174709320068359375" lon="121.42891648225486278533935546875">
        <ele>3.599999904632568359375</ele>
        <time>2026-05-14T13:11:34.000Z</time>
        <extensions>
          <ns3:TrackPointExtension>
            <ns3:hr>163</ns3:hr>
            <ns3:cad>87</ns3:cad>
          </ns3:TrackPointExtension>
        </extensions>
      </trkpt>
      <trkpt lat="31.023188866674900054931640625" lon="121.4288878999650478363037109375">
        <ele>3.599999904632568359375</ele>
        <time>2026-05-14T13:11:35.000Z</time>
        <extensions>
          <ns3:TrackPointExtension>
            <ns3:hr>163</ns3:hr>
            <ns3:cad>86</ns3:cad>
          </ns3:TrackPointExtension>
        </extensions>
      </trkpt>
      <trkpt lat="31.0231860168278217315673828125" lon="121.42885009758174419403076171875">
        <ele>3.7999999523162841796875</ele>
        <time>2026-05-14T13:11:36.000Z</time>
        <extensions>
          <ns3:TrackPointExtension>
            <ns3:hr>162</ns3:hr>
            <ns3:cad>86</ns3:cad>
          </ns3:TrackPointExtension>
        </extensions>
      </trkpt>
      <trkpt lat="31.0231791436672210693359375" lon="121.4288218505680561065673828125">
        <ele>3.7999999523162841796875</ele>
        <time>2026-05-14T13:11:37.000Z</time>
        <extensions>
          <ns3:TrackPointExtension>
            <ns3:hr>162</ns3:hr>
            <ns3:cad>87</ns3:cad>
          </ns3:TrackPointExtension>
        </extensions>
      </trkpt>
      <trkpt lat="31.0231712646782398223876953125" lon="121.4287881553173065185546875">
        <ele>3.7999999523162841796875</ele>
        <time>2026-05-14T13:11:38.000Z</time>
        <extensions>
          <ns3:TrackPointExtension>
            <ns3:hr>162</ns3:hr>
            <ns3:cad>87</ns3:cad>
          </ns3:TrackPointExtension>
        </extensions>
      </trkpt>
      <trkpt lat="31.02316640317440032958984375" lon="121.42875588499009609222412109375">
        <ele>3.7999999523162841796875</ele>
        <time>2026-05-14T13:11:39.000Z</time>
        <extensions>
          <ns3:TrackPointExtension>
            <ns3:hr>162</ns3:hr>
            <ns3:cad>86</ns3:cad>
          </ns3:TrackPointExtension>
        </extensions>
      </trkpt>
      <trkpt lat="31.0231534950435161590576171875" lon="121.42873191274702548980712890625">
        <ele>3.7999999523162841796875</ele>
        <time>2026-05-14T13:11:40.000Z</time>
        <extensions>
          <ns3:TrackPointExtension>
            <ns3:hr>161</ns3:hr>
            <ns3:cad>86</ns3:cad>
          </ns3:TrackPointExtension>
        </extensions>
      </trkpt>
      <trkpt lat="31.023145951330661773681640625" lon="121.42869922332465648651123046875">
        <ele>3.7999999523162841796875</ele>
        <time>2026-05-14T13:11:41.000Z</time>
        <extensions>
          <ns3:TrackPointExtension>
            <ns3:hr>160</ns3:hr>
            <ns3:cad>86</ns3:cad>
          </ns3:TrackPointExtension>
        </extensions>
      </trkpt>
      <trkpt lat="31.023132540285587310791015625" lon="121.42867374233901500701904296875">
        <ele>3.7999999523162841796875</ele>
        <time>2026-05-14T13:11:42.000Z</time>
        <extensions>
          <ns3:TrackPointExtension>
            <ns3:hr>160</ns3:hr>
            <ns3:cad>86</ns3:cad>
          </ns3:TrackPointExtension>
        </extensions>
      </trkpt>
      <trkpt lat="31.02311552502214908599853515625" lon="121.42863728106021881103515625">
        <ele>3.599999904632568359375</ele>
        <time>2026-05-14T13:11:43.000Z</time>
        <extensions>
          <ns3:TrackPointExtension>
            <ns3:hr>159</ns3:hr>
            <ns3:cad>86</ns3:cad>
          </ns3:TrackPointExtension>
        </extensions>
      </trkpt>
      <trkpt lat="31.0230988450348377227783203125" lon="121.42861523665487766265869140625">
        <ele>3.599999904632568359375</ele>
        <time>2026-05-14T13:11:44.000Z</time>
        <extensions>
          <ns3:TrackPointExtension>
            <ns3:hr>159</ns3:hr>
            <ns3:cad>86</ns3:cad>
          </ns3:TrackPointExtension>
        </extensions>
      </trkpt>
      <trkpt lat="31.0230743698775768280029296875" lon="121.42858791165053844451904296875">
        <ele>3.400000095367431640625</ele>
        <time>2026-05-14T13:11:45.000Z</time>
        <extensions>
          <ns3:TrackPointExtension>
            <ns3:hr>159</ns3:hr>
            <ns3:cad>86</ns3:cad>
          </ns3:TrackPointExtension>
        </extensions>
      </trkpt>
      <trkpt lat="31.02305567823350429534912109375" lon="121.4285660348832607269287109375">
        <ele>3.400000095367431640625</ele>
        <time>2026-05-14T13:11:46.000Z</time>
        <extensions>
          <ns3:TrackPointExtension>
            <ns3:hr>160</ns3:hr>
            <ns3:cad>86</ns3:cad>
          </ns3:TrackPointExtension>
        </extensions>
      </trkpt>
      <trkpt lat="31.0230307839810848236083984375" lon="121.42854901961982250213623046875">
        <ele>3.400000095367431640625</ele>
        <time>2026-05-14T13:11:47.000Z</time>
        <extensions>
          <ns3:TrackPointExtension>
            <ns3:hr>160</ns3:hr>
            <ns3:cad>86</ns3:cad>
          </ns3:TrackPointExtension>
        </extensions>
      </trkpt>
      <trkpt lat="31.02300605736672878265380859375" lon="121.428526304662227630615234375">
        <ele>3.400000095367431640625</ele>
        <time>2026-05-14T13:11:48.000Z</time>
        <extensions>
          <ns3:TrackPointExtension>
            <ns3:hr>160</ns3:hr>
            <ns3:cad>87</ns3:cad>
          </ns3:TrackPointExtension>
        </extensions>
      </trkpt>
      <trkpt lat="31.022979319095611572265625" lon="121.428513564169406890869140625">
        <ele>3.400000095367431640625</ele>
        <time>2026-05-14T13:11:49.000Z</time>
        <extensions>
          <ns3:TrackPointExtension>
            <ns3:hr>160</ns3:hr>
            <ns3:cad>87</ns3:cad>
          </ns3:TrackPointExtension>
        </extensions>
      </trkpt>
      <trkpt lat="31.02294939570128917694091796875" lon="121.4284959621727466583251953125">
        <ele>3.599999904632568359375</ele>
        <time>2026-05-14T13:11:50.000Z</time>
        <extensions>
          <ns3:TrackPointExtension>
            <ns3:hr>160</ns3:hr>
            <ns3:cad>87</ns3:cad>
          </ns3:TrackPointExtension>
        </extensions>
      </trkpt>
      <trkpt lat="31.0229224897921085357666015625" lon="121.4284872449934482574462890625">
        <ele>3.599999904632568359375</ele>
        <time>2026-05-14T13:11:51.000Z</time>
        <extensions>
          <ns3:TrackPointExtension>
            <ns3:hr>160</ns3:hr>
            <ns3:cad>87</ns3:cad>
          </ns3:TrackPointExtension>
        </extensions>
      </trkpt>
      <trkpt lat="31.0228926502168178558349609375" lon="121.42847240902483463287353515625">
        <ele>3.599999904632568359375</ele>
        <time>2026-05-14T13:11:52.000Z</time>
        <extensions>
          <ns3:TrackPointExtension>
            <ns3:hr>161</ns3:hr>
            <ns3:cad>86</ns3:cad>
          </ns3:TrackPointExtension>
        </extensions>
      </trkpt>
      <trkpt lat="31.022866666316986083984375" lon="121.42846603877842426300048828125">
        <ele>3.7999999523162841796875</ele>
        <time>2026-05-14T13:11:53.000Z</time>
        <extensions>
          <ns3:TrackPointExtension>
            <ns3:hr>160</ns3:hr>
            <ns3:cad>86</ns3:cad>
          </ns3:TrackPointExtension>
        </extensions>
      </trkpt>
      <trkpt lat="31.02283380925655364990234375" lon="121.42845732159912586212158203125">
        <ele>3.7999999523162841796875</ele>
        <time>2026-05-14T13:11:54.000Z</time>
        <extensions>
          <ns3:TrackPointExtension>
            <ns3:hr>160</ns3:hr>
            <ns3:cad>88</ns3:cad>
          </ns3:TrackPointExtension>
        </extensions>
      </trkpt>
      <trkpt lat="31.02281025610864162445068359375" lon="121.42845899797976016998291015625">
        <ele>3.7999999523162841796875</ele>
        <time>2026-05-14T13:11:55.000Z</time>
        <extensions>
          <ns3:TrackPointExtension>
            <ns3:hr>161</ns3:hr>
            <ns3:cad>88</ns3:cad>
          </ns3:TrackPointExtension>
        </extensions>
      </trkpt>
      <trkpt lat="31.02278016507625579833984375" lon="121.42846251837909221649169921875">
        <ele>3.7999999523162841796875</ele>
        <time>2026-05-14T13:11:56.000Z</time>
        <extensions>
          <ns3:TrackPointExtension>
            <ns3:hr>160</ns3:hr>
            <ns3:cad>88</ns3:cad>
          </ns3:TrackPointExtension>
        </extensions>
      </trkpt>
      <trkpt lat="31.0227518342435359954833984375" lon="121.428465954959392547607421875">
        <ele>3.7999999523162841796875</ele>
        <time>2026-05-14T13:11:57.000Z</time>
        <extensions>
          <ns3:TrackPointExtension>
            <ns3:hr>160</ns3:hr>
            <ns3:cad>87</ns3:cad>
          </ns3:TrackPointExtension>
        </extensions>
      </trkpt>
      <trkpt lat="31.0227273590862751007080078125" lon="121.42847861163318157196044921875">
        <ele>3.7999999523162841796875</ele>
        <time>2026-05-14T13:11:58.000Z</time>
        <extensions>
          <ns3:TrackPointExtension>
            <ns3:hr>161</ns3:hr>
            <ns3:cad>87</ns3:cad>
          </ns3:TrackPointExtension>
        </extensions>
      </trkpt>
      <trkpt lat="31.02269835770130157470703125" lon="121.42848012037575244903564453125">
        <ele>3.7999999523162841796875</ele>
        <time>2026-05-14T13:11:59.000Z</time>
        <extensions>
          <ns3:TrackPointExtension>
            <ns3:hr>160</ns3:hr>
            <ns3:cad>86</ns3:cad>
          </ns3:TrackPointExtension>
        </extensions>
      </trkpt>
      <trkpt lat="31.02267287671566009521484375" lon="121.42848464660346508026123046875">
        <ele>3.7999999523162841796875</ele>
        <time>2026-05-14T13:12:00.000Z</time>
        <extensions>
          <ns3:TrackPointExtension>
            <ns3:hr>160</ns3:hr>
            <ns3:cad>86</ns3:cad>
          </ns3:TrackPointExtension>
        </extensions>
      </trkpt>
      <trkpt lat="31.02264245040714740753173828125" lon="121.42848749645054340362548828125">
        <ele>4</ele>
        <time>2026-05-14T13:12:01.000Z</time>
        <extensions>
          <ns3:TrackPointExtension>
            <ns3:hr>161</ns3:hr>
            <ns3:cad>84</ns3:cad>
          </ns3:TrackPointExtension>
        </extensions>
      </trkpt>
      <trkpt lat="31.0226183943450450897216796875" lon="121.42849244177341461181640625">
        <ele>3.7999999523162841796875</ele>
        <time>2026-05-14T13:12:02.000Z</time>
        <extensions>
          <ns3:TrackPointExtension>
            <ns3:hr>161</ns3:hr>
            <ns3:cad>84</ns3:cad>
          </ns3:TrackPointExtension>
        </extensions>
      </trkpt>
      <trkpt lat="31.02258562110364437103271484375" lon="121.42849939875304698944091796875">
        <ele>3.7999999523162841796875</ele>
        <time>2026-05-14T13:12:03.000Z</time>
        <extensions>
          <ns3:TrackPointExtension>
            <ns3:hr>161</ns3:hr>
            <ns3:cad>85</ns3:cad>
          </ns3:TrackPointExtension>
        </extensions>
      </trkpt>
      <trkpt lat="31.02256014011800289154052734375" lon="121.42851247452199459075927734375">
        <ele>3.7999999523162841796875</ele>
        <time>2026-05-14T13:12:04.000Z</time>
        <extensions>
          <ns3:TrackPointExtension>
            <ns3:hr>161</ns3:hr>
            <ns3:cad>86</ns3:cad>
          </ns3:TrackPointExtension>
        </extensions>
      </trkpt>
      <trkpt lat="31.0225318931043148040771484375" lon="121.4285281486809253692626953125">
        <ele>3.7999999523162841796875</ele>
        <time>2026-05-14T13:12:05.000Z</time>
        <extensions>
          <ns3:TrackPointExtension>
            <ns3:hr>162</ns3:hr>
            <ns3:cad>87</ns3:cad>
          </ns3:TrackPointExtension>
        </extensions>
      </trkpt>
      <trkpt lat="31.02250498719513416290283203125" lon="121.42853560857474803924560546875">
        <ele>3.7999999523162841796875</ele>
        <time>2026-05-14T13:12:06.000Z</time>
        <extensions>
          <ns3:TrackPointExtension>
            <ns3:hr>162</ns3:hr>
            <ns3:cad>87</ns3:cad>
          </ns3:TrackPointExtension>
        </extensions>
      </trkpt>
      <trkpt lat="31.02247766219079494476318359375" lon="121.42854818142950534820556640625">
        <ele>4</ele>
        <time>2026-05-14T13:12:07.000Z</time>
        <extensions>
          <ns3:TrackPointExtension>
            <ns3:hr>162</ns3:hr>
            <ns3:cad>87</ns3:cad>
          </ns3:TrackPointExtension>
        </extensions>
      </trkpt>
      <trkpt lat="31.02244547568261623382568359375" lon="121.42854801379144191741943359375">
        <ele>4</ele>
        <time>2026-05-14T13:12:08.000Z</time>
        <extensions>
          <ns3:TrackPointExtension>
            <ns3:hr>162</ns3:hr>
            <ns3:cad>87</ns3:cad>
          </ns3:TrackPointExtension>
        </extensions>
      </trkpt>
      <trkpt lat="31.02241915650665760040283203125" lon="121.42855572514235973358154296875">
        <ele>4</ele>
        <time>2026-05-14T13:12:09.000Z</time>
        <extensions>
          <ns3:TrackPointExtension>
            <ns3:hr>162</ns3:hr>
            <ns3:cad>87</ns3:cad>
          </ns3:TrackPointExtension>
        </extensions>
      </trkpt>
      <trkpt lat="31.02238512597978115081787109375" lon="121.4285569824278354644775390625">
        <ele>3.7999999523162841796875</ele>
        <time>2026-05-14T13:12:10.000Z</time>
        <extensions>
          <ns3:TrackPointExtension>
            <ns3:hr>162</ns3:hr>
            <ns3:cad>87</ns3:cad>
          </ns3:TrackPointExtension>
        </extensions>
      </trkpt>
      <trkpt lat="31.0223632492125034332275390625" lon="121.42856343649327754974365234375">
        <ele>3.7999999523162841796875</ele>
        <time>2026-05-14T13:12:11.000Z</time>
        <extensions>
          <ns3:TrackPointExtension>
            <ns3:hr>162</ns3:hr>
            <ns3:cad>87</ns3:cad>
          </ns3:TrackPointExtension>
        </extensions>
      </trkpt>
      <trkpt lat="31.0223307274281978607177734375" lon="121.42856997437775135040283203125">
        <ele>3.599999904632568359375</ele>
        <time>2026-05-14T13:12:12.000Z</time>
        <extensions>
          <ns3:TrackPointExtension>
            <ns3:hr>162</ns3:hr>
            <ns3:cad>87</ns3:cad>
          </ns3:TrackPointExtension>
        </extensions>
      </trkpt>
      <trkpt lat="31.0223075933754444122314453125" lon="121.42857735045254230499267578125">
        <ele>3.599999904632568359375</ele>
        <time>2026-05-14T13:12:13.000Z</time>
        <extensions>
          <ns3:TrackPointExtension>
            <ns3:hr>162</ns3:hr>
            <ns3:cad>87</ns3:cad>
          </ns3:TrackPointExtension>
        </extensions>
      </trkpt>
      <trkpt lat="31.022280268371105194091796875" lon="121.42858757637441158294677734375">
        <ele>3.599999904632568359375</ele>
        <time>2026-05-14T13:12:14.000Z</time>
        <extensions>
          <ns3:TrackPointExtension>
            <ns3:hr>162</ns3:hr>
            <ns3:cad>86</ns3:cad>
          </ns3:TrackPointExtension>
        </extensions>
      </trkpt>
      <trkpt lat="31.02225252427160739898681640625" lon="121.42859637737274169921875">
        <ele>3.599999904632568359375</ele>
        <time>2026-05-14T13:12:15.000Z</time>
        <extensions>
          <ns3:TrackPointExtension>
            <ns3:hr>162</ns3:hr>
            <ns3:cad>86</ns3:cad>
          </ns3:TrackPointExtension>
        </extensions>
      </trkpt>
      <trkpt lat="31.02222419343888759613037109375" lon="121.4286099560558795928955078125">
        <ele>3.7999999523162841796875</ele>
        <time>2026-05-14T13:12:16.000Z</time>
        <extensions>
          <ns3:TrackPointExtension>
            <ns3:hr>162</ns3:hr>
            <ns3:cad>86</ns3:cad>
          </ns3:TrackPointExtension>
        </extensions>
      </trkpt>
      <trkpt lat="31.0221949405968189239501953125" lon="121.42861305736005306243896484375">
        <ele>3.7999999523162841796875</ele>
        <time>2026-05-14T13:12:17.000Z</time>
        <extensions>
          <ns3:TrackPointExtension>
            <ns3:hr>162</ns3:hr>
            <ns3:cad>87</ns3:cad>
          </ns3:TrackPointExtension>
        </extensions>
      </trkpt>
      <trkpt lat="31.02216635830700397491455078125" lon="121.428623534739017486572265625">
        <ele>3.7999999523162841796875</ele>
        <time>2026-05-14T13:12:18.000Z</time>
        <extensions>
          <ns3:TrackPointExtension>
            <ns3:hr>162</ns3:hr>
            <ns3:cad>88</ns3:cad>
          </ns3:TrackPointExtension>
        </extensions>
      </trkpt>
      <trkpt lat="31.02213777601718902587890625" lon="121.4286267198622226715087890625">
        <ele>3.7999999523162841796875</ele>
        <time>2026-05-14T13:12:19.000Z</time>
        <extensions>
          <ns3:TrackPointExtension>
            <ns3:hr>162</ns3:hr>
            <ns3:cad>88</ns3:cad>
          </ns3:TrackPointExtension>
        </extensions>
      </trkpt>
      <trkpt lat="31.02211095392704010009765625" lon="121.42863518558442592620849609375">
        <ele>3.7999999523162841796875</ele>
        <time>2026-05-14T13:12:20.000Z</time>
        <extensions>
          <ns3:TrackPointExtension>
            <ns3:hr>162</ns3:hr>
            <ns3:cad>87</ns3:cad>
          </ns3:TrackPointExtension>
        </extensions>
      </trkpt>
      <trkpt lat="31.02207834832370281219482421875" lon="121.42863518558442592620849609375">
        <ele>3.7999999523162841796875</ele>
        <time>2026-05-14T13:12:21.000Z</time>
        <extensions>
          <ns3:TrackPointExtension>
            <ns3:hr>162</ns3:hr>
            <ns3:cad>87</ns3:cad>
          </ns3:TrackPointExtension>
        </extensions>
      </trkpt>
      <trkpt lat="31.0220524482429027557373046875" lon="121.42864272929728031158447265625">
        <ele>3.7999999523162841796875</ele>
        <time>2026-05-14T13:12:22.000Z</time>
        <extensions>
          <ns3:TrackPointExtension>
            <ns3:hr>162</ns3:hr>
            <ns3:cad>87</ns3:cad>
          </ns3:TrackPointExtension>
        </extensions>
      </trkpt>
      <trkpt lat="31.02201665751636028289794921875" lon="121.42864591442048549652099609375">
        <ele>3.7999999523162841796875</ele>
        <time>2026-05-14T13:12:23.000Z</time>
        <extensions>
          <ns3:TrackPointExtension>
            <ns3:hr>162</ns3:hr>
            <ns3:cad>87</ns3:cad>
          </ns3:TrackPointExtension>
        </extensions>
      </trkpt>
      <trkpt lat="31.02199184708297252655029296875" lon="121.42865471541881561279296875">
        <ele>3.7999999523162841796875</ele>
        <time>2026-05-14T13:12:24.000Z</time>
        <extensions>
          <ns3:TrackPointExtension>
            <ns3:hr>162</ns3:hr>
            <ns3:cad>87</ns3:cad>
          </ns3:TrackPointExtension>
        </extensions>
      </trkpt>
      <trkpt lat="31.0219592414796352386474609375" lon="121.42866653390228748321533203125">
        <ele>3.7999999523162841796875</ele>
        <time>2026-05-14T13:12:25.000Z</time>
        <extensions>
          <ns3:TrackPointExtension>
            <ns3:hr>162</ns3:hr>
            <ns3:cad>87</ns3:cad>
          </ns3:TrackPointExtension>
        </extensions>
      </trkpt>
      <trkpt lat="31.02193501777946949005126953125" lon="121.428681202232837677001953125">
        <ele>3.7999999523162841796875</ele>
        <time>2026-05-14T13:12:26.000Z</time>
        <extensions>
          <ns3:TrackPointExtension>
            <ns3:hr>162</ns3:hr>
            <ns3:cad>87</ns3:cad>
          </ns3:TrackPointExtension>
        </extensions>
      </trkpt>
      <trkpt lat="31.0219049267470836639404296875" lon="121.428697295486927032470703125">
        <ele>4</ele>
        <time>2026-05-14T13:12:27.000Z</time>
        <extensions>
          <ns3:TrackPointExtension>
            <ns3:hr>162</ns3:hr>
            <ns3:cad>87</ns3:cad>
          </ns3:TrackPointExtension>
        </extensions>
      </trkpt>
      <trkpt lat="31.02188137359917163848876953125" lon="121.42871464602649211883544921875">
        <ele>4</ele>
        <time>2026-05-14T13:12:28.000Z</time>
        <extensions>
          <ns3:TrackPointExtension>
            <ns3:hr>162</ns3:hr>
            <ns3:cad>87</ns3:cad>
          </ns3:TrackPointExtension>
        </extensions>
      </trkpt>
      <trkpt lat="31.0218569822609424591064453125" lon="121.42874113284051418304443359375">
        <ele>4.19999980926513671875</ele>
        <time>2026-05-14T13:12:29.000Z</time>
        <extensions>
          <ns3:TrackPointExtension>
            <ns3:hr>162</ns3:hr>
            <ns3:cad>87</ns3:cad>
          </ns3:TrackPointExtension>
        </extensions>
      </trkpt>
      <trkpt lat="31.02183334529399871826171875" lon="121.42876275815069675445556640625">
        <ele>4.19999980926513671875</ele>
        <time>2026-05-14T13:12:30.000Z</time>
        <extensions>
          <ns3:TrackPointExtension>
            <ns3:hr>162</ns3:hr>
            <ns3:cad>87</ns3:cad>
          </ns3:TrackPointExtension>
        </extensions>
      </trkpt>
      <trkpt lat="31.02181264199316501617431640625" lon="121.428787820041179656982421875">
        <ele>4.400000095367431640625</ele>
        <time>2026-05-14T13:12:31.000Z</time>
        <extensions>
          <ns3:TrackPointExtension>
            <ns3:hr>163</ns3:hr>
            <ns3:cad>87</ns3:cad>
          </ns3:TrackPointExtension>
        </extensions>
      </trkpt>
      <trkpt lat="31.02178833447396755218505859375" lon="121.42881388776004314422607421875">
        <ele>4.19999980926513671875</ele>
        <time>2026-05-14T13:12:32.000Z</time>
        <extensions>
          <ns3:TrackPointExtension>
            <ns3:hr>162</ns3:hr>
            <ns3:cad>87</ns3:cad>
          </ns3:TrackPointExtension>
        </extensions>
      </trkpt>
      <trkpt lat="31.02177299559116363525390625" lon="121.4288423024117946624755859375">
        <ele>4.19999980926513671875</ele>
        <time>2026-05-14T13:12:33.000Z</time>
        <extensions>
          <ns3:TrackPointExtension>
            <ns3:hr>162</ns3:hr>
            <ns3:cad>88</ns3:cad>
          </ns3:TrackPointExtension>
        </extensions>
      </trkpt>
      <trkpt lat="31.02175296284258365631103515625" lon="121.42887608148157596588134765625">
        <ele>4.19999980926513671875</ele>
        <time>2026-05-14T13:12:34.000Z</time>
        <extensions>
          <ns3:TrackPointExtension>
            <ns3:hr>162</ns3:hr>
            <ns3:cad>88</ns3:cad>
          </ns3:TrackPointExtension>
        </extensions>
      </trkpt>
      <trkpt lat="31.02174391038715839385986328125" lon="121.42890416085720062255859375">
        <ele>4</ele>
        <time>2026-05-14T13:12:35.000Z</time>
        <extensions>
          <ns3:TrackPointExtension>
            <ns3:hr>163</ns3:hr>
            <ns3:cad>88</ns3:cad>
          </ns3:TrackPointExtension>
        </extensions>
      </trkpt>
      <trkpt lat="31.02172949351370334625244140625" lon="121.4289385266602039337158203125">
        <ele>3.7999999523162841796875</ele>
        <time>2026-05-14T13:12:36.000Z</time>
        <extensions>
          <ns3:TrackPointExtension>
            <ns3:hr>162</ns3:hr>
            <ns3:cad>88</ns3:cad>
          </ns3:TrackPointExtension>
        </extensions>
      </trkpt>
      <trkpt lat="31.021723710000514984130859375" lon="121.42896325327455997467041015625">
        <ele>3.7999999523162841796875</ele>
        <time>2026-05-14T13:12:37.000Z</time>
        <extensions>
          <ns3:TrackPointExtension>
            <ns3:hr>162</ns3:hr>
            <ns3:cad>88</ns3:cad>
          </ns3:TrackPointExtension>
        </extensions>
      </trkpt>
      <trkpt lat="31.02171532809734344482421875" lon="121.429003067314624786376953125">
        <ele>3.599999904632568359375</ele>
        <time>2026-05-14T13:12:38.000Z</time>
        <extensions>
          <ns3:TrackPointExtension>
            <ns3:hr>162</ns3:hr>
            <ns3:cad>88</ns3:cad>
          </ns3:TrackPointExtension>
        </extensions>
      </trkpt>
      <trkpt lat="31.02170996367931365966796875" lon="121.429035253822803497314453125">
        <ele>3.599999904632568359375</ele>
        <time>2026-05-14T13:12:39.000Z</time>
        <extensions>
          <ns3:TrackPointExtension>
            <ns3:hr>162</ns3:hr>
            <ns3:cad>88</ns3:cad>
          </ns3:TrackPointExtension>
        </extensions>
      </trkpt>
      <trkpt lat="31.02171105332672595977783203125" lon="121.42907557077705860137939453125">
        <ele>3.599999904632568359375</ele>
        <time>2026-05-14T13:12:40.000Z</time>
        <extensions>
          <ns3:TrackPointExtension>
            <ns3:hr>162</ns3:hr>
            <ns3:cad>88</ns3:cad>
          </ns3:TrackPointExtension>
        </extensions>
      </trkpt>
      <trkpt lat="31.02171792648732662200927734375" lon="121.42911060713231563568115234375">
        <ele>3.599999904632568359375</ele>
        <time>2026-05-14T13:12:41.000Z</time>
        <extensions>
          <ns3:TrackPointExtension>
            <ns3:hr>163</ns3:hr>
            <ns3:cad>88</ns3:cad>
          </ns3:TrackPointExtension>
        </extensions>
      </trkpt>
      <trkpt lat="31.0217245481908321380615234375" lon="121.42914597876369953155517578125">
        <ele>3.599999904632568359375</ele>
        <time>2026-05-14T13:12:42.000Z</time>
        <extensions>
          <ns3:TrackPointExtension>
            <ns3:hr>162</ns3:hr>
            <ns3:cad>87</ns3:cad>
          </ns3:TrackPointExtension>
        </extensions>
      </trkpt>
      <trkpt lat="31.02173334918916225433349609375" lon="121.42917833290994167327880859375">
        <ele>3.599999904632568359375</ele>
        <time>2026-05-14T13:12:43.000Z</time>
        <extensions>
          <ns3:TrackPointExtension>
            <ns3:hr>162</ns3:hr>
            <ns3:cad>87</ns3:cad>
          </ns3:TrackPointExtension>
        </extensions>
      </trkpt>
      <trkpt lat="31.02174776606261730194091796875" lon="121.429208256304264068603515625">
        <ele>3.7999999523162841796875</ele>
        <time>2026-05-14T13:12:44.000Z</time>
        <extensions>
          <ns3:TrackPointExtension>
            <ns3:hr>162</ns3:hr>
            <ns3:cad>88</ns3:cad>
          </ns3:TrackPointExtension>
        </extensions>
      </trkpt>
      <trkpt lat="31.021758578717708587646484375" lon="121.429242454469203948974609375">
        <ele>3.7999999523162841796875</ele>
        <time>2026-05-14T13:12:45.000Z</time>
        <extensions>
          <ns3:TrackPointExtension>
            <ns3:hr>162</ns3:hr>
            <ns3:cad>88</ns3:cad>
          </ns3:TrackPointExtension>
        </extensions>
      </trkpt>
      <trkpt lat="31.02177224121987819671630859375" lon="121.4292637445032596588134765625">
        <ele>3.7999999523162841796875</ele>
        <time>2026-05-14T13:12:46.000Z</time>
        <extensions>
          <ns3:TrackPointExtension>
            <ns3:hr>162</ns3:hr>
            <ns3:cad>88</ns3:cad>
          </ns3:TrackPointExtension>
        </extensions>
      </trkpt>
      <trkpt lat="31.021784730255603790283203125" lon="121.429298780858516693115234375">
        <ele>3.7999999523162841796875</ele>
        <time>2026-05-14T13:12:47.000Z</time>
        <extensions>
          <ns3:TrackPointExtension>
            <ns3:hr>162</ns3:hr>
            <ns3:cad>88</ns3:cad>
          </ns3:TrackPointExtension>
        </extensions>
      </trkpt>
      <trkpt lat="31.02179973386228084564208984375" lon="121.4293192327022552490234375">
        <ele>3.7999999523162841796875</ele>
        <time>2026-05-14T13:12:48.000Z</time>
        <extensions>
          <ns3:TrackPointExtension>
            <ns3:hr>161</ns3:hr>
            <ns3:cad>87</ns3:cad>
          </ns3:TrackPointExtension>
        </extensions>
      </trkpt>
      <trkpt lat="31.02181917987763881683349609375" lon="121.42935150302946567535400390625">
        <ele>3.7999999523162841796875</ele>
        <time>2026-05-14T13:12:49.000Z</time>
        <extensions>
          <ns3:TrackPointExtension>
            <ns3:hr>161</ns3:hr>
            <ns3:cad>87</ns3:cad>
          </ns3:TrackPointExtension>
        </extensions>
      </trkpt>
      <trkpt lat="31.021841056644916534423828125" lon="121.429371871054172515869140625">
        <ele>4</ele>
        <time>2026-05-14T13:12:50.000Z</time>
        <extensions>
          <ns3:TrackPointExtension>
            <ns3:hr>160</ns3:hr>
            <ns3:cad>87</ns3:cad>
          </ns3:TrackPointExtension>
        </extensions>
      </trkpt>
      <trkpt lat="31.0218640230596065521240234375" lon="121.4293958432972431182861328125">
        <ele>4</ele>
        <time>2026-05-14T13:12:51.000Z</time>
        <extensions>
          <ns3:TrackPointExtension>
            <ns3:hr>160</ns3:hr>
            <ns3:cad>87</ns3:cad>
          </ns3:TrackPointExtension>
        </extensions>
      </trkpt>
      <trkpt lat="31.02188589982688426971435546875" lon="121.42942048609256744384765625">
        <ele>4</ele>
        <time>2026-05-14T13:12:52.000Z</time>
        <extensions>
          <ns3:TrackPointExtension>
            <ns3:hr>160</ns3:hr>
            <ns3:cad>87</ns3:cad>
          </ns3:TrackPointExtension>
        </extensions>
      </trkpt>
      <trkpt lat="31.02191154845058917999267578125" lon="121.42943448387086391448974609375">
        <ele>3.7999999523162841796875</ele>
        <time>2026-05-14T13:12:53.000Z</time>
        <extensions>
          <ns3:TrackPointExtension>
            <ns3:hr>159</ns3:hr>
            <ns3:cad>87</ns3:cad>
          </ns3:TrackPointExtension>
        </extensions>
      </trkpt>
      <trkpt lat="31.02193669416010379791259765625" lon="121.42945694737136363983154296875">
        <ele>3.7999999523162841796875</ele>
        <time>2026-05-14T13:12:54.000Z</time>
        <extensions>
          <ns3:TrackPointExtension>
            <ns3:hr>160</ns3:hr>
            <ns3:cad>86</ns3:cad>
          </ns3:TrackPointExtension>
        </extensions>
      </trkpt>
      <trkpt lat="31.02196301333606243133544921875" lon="121.42946599982678890228271484375">
        <ele>3.7999999523162841796875</ele>
        <time>2026-05-14T13:12:55.000Z</time>
        <extensions>
          <ns3:TrackPointExtension>
            <ns3:hr>160</ns3:hr>
            <ns3:cad>86</ns3:cad>
          </ns3:TrackPointExtension>
        </extensions>
      </trkpt>
      <trkpt lat="31.02199352346360683441162109375" lon="121.42948393709957599639892578125">
        <ele>3.7999999523162841796875</ele>
        <time>2026-05-14T13:12:56.000Z</time>
        <extensions>
          <ns3:TrackPointExtension>
            <ns3:hr>160</ns3:hr>
            <ns3:cad>87</ns3:cad>
          </ns3:TrackPointExtension>
        </extensions>
      </trkpt>
      <trkpt lat="31.02201950736343860626220703125" lon="121.42948888242244720458984375">
        <ele>3.7999999523162841796875</ele>
        <time>2026-05-14T13:12:57.000Z</time>
        <extensions>
          <ns3:TrackPointExtension>
            <ns3:hr>159</ns3:hr>
            <ns3:cad>87</ns3:cad>
          </ns3:TrackPointExtension>
        </extensions>
      </trkpt>
      <trkpt lat="31.02205370552837848663330078125" lon="121.42949424684047698974609375">
        <ele>3.7999999523162841796875</ele>
        <time>2026-05-14T13:12:58.000Z</time>
        <extensions>
          <ns3:TrackPointExtension>
            <ns3:hr>159</ns3:hr>
            <ns3:cad>87</ns3:cad>
          </ns3:TrackPointExtension>
        </extensions>
      </trkpt>
      <trkpt lat="31.0220806114375591278076171875" lon="121.42949852161109447479248046875">
        <ele>3.7999999523162841796875</ele>
        <time>2026-05-14T13:12:59.000Z</time>
        <extensions>
          <ns3:TrackPointExtension>
            <ns3:hr>159</ns3:hr>
            <ns3:cad>87</ns3:cad>
          </ns3:TrackPointExtension>
        </extensions>
      </trkpt>
      <trkpt lat="31.02211363613605499267578125" lon="121.4294962584972381591796875">
        <ele>3.7999999523162841796875</ele>
        <time>2026-05-14T13:13:00.000Z</time>
        <extensions>
          <ns3:TrackPointExtension>
            <ns3:hr>159</ns3:hr>
            <ns3:cad>87</ns3:cad>
          </ns3:TrackPointExtension>
        </extensions>
      </trkpt>
      <trkpt lat="31.02213869802653789520263671875" lon="121.429494917392730712890625">
        <ele>4</ele>
        <time>2026-05-14T13:13:01.000Z</time>
        <extensions>
          <ns3:TrackPointExtension>
            <ns3:hr>159</ns3:hr>
            <ns3:cad>86</ns3:cad>
          </ns3:TrackPointExtension>
        </extensions>
      </trkpt>
      <trkpt lat="31.02216769941151142120361328125" lon="121.42948527820408344268798828125">
        <ele>4</ele>
        <time>2026-05-14T13:13:02.000Z</time>
        <extensions>
          <ns3:TrackPointExtension>
            <ns3:hr>159</ns3:hr>
            <ns3:cad>87</ns3:cad>
          </ns3:TrackPointExtension>
        </extensions>
      </trkpt>
      <trkpt lat="31.0221959464251995086669921875" lon="121.42947907559573650360107421875">
        <ele>3.7999999523162841796875</ele>
        <time>2026-05-14T13:13:03.000Z</time>
        <extensions>
          <ns3:TrackPointExtension>
            <ns3:hr>159</ns3:hr>
            <ns3:cad>87</ns3:cad>
          </ns3:TrackPointExtension>
        </extensions>
      </trkpt>
      <trkpt lat="31.0222231037914752960205078125" lon="121.42946608364582061767578125">
        <ele>3.7999999523162841796875</ele>
        <time>2026-05-14T13:13:04.000Z</time>
        <extensions>
          <ns3:TrackPointExtension>
            <ns3:hr>159</ns3:hr>
            <ns3:cad>87</ns3:cad>
          </ns3:TrackPointExtension>
        </extensions>
      </trkpt>
      <trkpt lat="31.02225202135741710662841796875" lon="121.4294608868658542633056640625">
        <ele>3.7999999523162841796875</ele>
        <time>2026-05-14T13:13:05.000Z</time>
        <extensions>
          <ns3:TrackPointExtension>
            <ns3:hr>159</ns3:hr>
            <ns3:cad>87</ns3:cad>
          </ns3:TrackPointExtension>
        </extensions>
      </trkpt>
      <trkpt lat="31.02227850817143917083740234375" lon="121.42945175059139728546142578125">
        <ele>3.7999999523162841796875</ele>
        <time>2026-05-14T13:13:06.000Z</time>
        <extensions>
          <ns3:TrackPointExtension>
            <ns3:hr>159</ns3:hr>
            <ns3:cad>87</ns3:cad>
          </ns3:TrackPointExtension>
        </extensions>
      </trkpt>
      <trkpt lat="31.02231035940349102020263671875" lon="121.42944839783012866973876953125">
        <ele>3.7999999523162841796875</ele>
        <time>2026-05-14T13:13:07.000Z</time>
        <extensions>
          <ns3:TrackPointExtension>
            <ns3:hr>159</ns3:hr>
            <ns3:cad>87</ns3:cad>
          </ns3:TrackPointExtension>
        </extensions>
      </trkpt>
      <trkpt lat="31.022334583103656768798828125" lon="121.42943917773663997650146484375">
        <ele>3.7999999523162841796875</ele>
        <time>2026-05-14T13:13:08.000Z</time>
        <extensions>
          <ns3:TrackPointExtension>
            <ns3:hr>159</ns3:hr>
            <ns3:cad>87</ns3:cad>
          </ns3:TrackPointExtension>
        </extensions>
      </trkpt>
      <trkpt lat="31.02236785925924777984619140625" lon="121.42943180166184902191162109375">
        <ele>3.7999999523162841796875</ele>
        <time>2026-05-14T13:13:09.000Z</time>
        <extensions>
          <ns3:TrackPointExtension>
            <ns3:hr>160</ns3:hr>
            <ns3:cad>87</ns3:cad>
          </ns3:TrackPointExtension>
        </extensions>
      </trkpt>
      <trkpt lat="31.022390238940715789794921875" lon="121.4294270239770412445068359375">
        <ele>3.7999999523162841796875</ele>
        <time>2026-05-14T13:13:10.000Z</time>
        <extensions>
          <ns3:TrackPointExtension>
            <ns3:hr>160</ns3:hr>
            <ns3:cad>87</ns3:cad>
          </ns3:TrackPointExtension>
        </extensions>
      </trkpt>
      <trkpt lat="31.02242343127727508544921875" lon="121.42941906116902828216552734375">
        <ele>3.7999999523162841796875</ele>
        <time>2026-05-14T13:13:11.000Z</time>
        <extensions>
          <ns3:TrackPointExtension>
            <ns3:hr>160</ns3:hr>
            <ns3:cad>87</ns3:cad>
          </ns3:TrackPointExtension>
        </extensions>
      </trkpt>
      <trkpt lat="31.02244681678712368011474609375" lon="121.4294152893126010894775390625">
        <ele>3.7999999523162841796875</ele>
        <time>2026-05-14T13:13:12.000Z</time>
        <extensions>
          <ns3:TrackPointExtension>
            <ns3:hr>161</ns3:hr>
            <ns3:cad>87</ns3:cad>
          </ns3:TrackPointExtension>
        </extensions>
      </trkpt>
      <trkpt lat="31.0224790871143341064453125" lon="121.42940162681043148040771484375">
        <ele>3.7999999523162841796875</ele>
        <time>2026-05-14T13:13:13.000Z</time>
        <extensions>
          <ns3:TrackPointExtension>
            <ns3:hr>162</ns3:hr>
            <ns3:cad>88</ns3:cad>
          </ns3:TrackPointExtension>
        </extensions>
      </trkpt>
      <trkpt lat="31.02249962277710437774658203125" lon="121.4293931610882282257080078125">
        <ele>3.7999999523162841796875</ele>
        <time>2026-05-14T13:13:14.000Z</time>
        <extensions>
          <ns3:TrackPointExtension>
            <ns3:hr>162</ns3:hr>
            <ns3:cad>88</ns3:cad>
          </ns3:TrackPointExtension>
        </extensions>
      </trkpt>
      <trkpt lat="31.02252711541950702667236328125" lon="121.429383270442485809326171875">
        <ele>3.7999999523162841796875</ele>
        <time>2026-05-14T13:13:15.000Z</time>
        <extensions>
          <ns3:TrackPointExtension>
            <ns3:hr>162</ns3:hr>
            <ns3:cad>88</ns3:cad>
          </ns3:TrackPointExtension>
        </extensions>
      </trkpt>
      <trkpt lat="31.02255494333803653717041015625" lon="121.42937488853931427001953125">
        <ele>3.7999999523162841796875</ele>
        <time>2026-05-14T13:13:16.000Z</time>
        <extensions>
          <ns3:TrackPointExtension>
            <ns3:hr>162</ns3:hr>
            <ns3:cad>87</ns3:cad>
          </ns3:TrackPointExtension>
        </extensions>
      </trkpt>
      <trkpt lat="31.02258025668561458587646484375" lon="121.42936340533196926116943359375">
        <ele>4</ele>
        <time>2026-05-14T13:13:17.000Z</time>
        <extensions>
          <ns3:TrackPointExtension>
            <ns3:hr>163</ns3:hr>
            <ns3:cad>87</ns3:cad>
          </ns3:TrackPointExtension>
        </extensions>
      </trkpt>
      <trkpt lat="31.0226083360612392425537109375" lon="121.42935871146619319915771484375">
        <ele>4</ele>
        <time>2026-05-14T13:13:18.000Z</time>
        <extensions>
          <ns3:TrackPointExtension>
            <ns3:hr>163</ns3:hr>
            <ns3:cad>88</ns3:cad>
          </ns3:TrackPointExtension>
        </extensions>
      </trkpt>
      <trkpt lat="31.02263675071299076080322265625" lon="121.42934815026819705963134765625">
        <ele>3.7999999523162841796875</ele>
        <time>2026-05-14T13:13:19.000Z</time>
        <extensions>
          <ns3:TrackPointExtension>
            <ns3:hr>163</ns3:hr>
            <ns3:cad>88</ns3:cad>
          </ns3:TrackPointExtension>
        </extensions>
      </trkpt>
      <trkpt lat="31.02266927249729633331298828125" lon="121.4293460547924041748046875">
        <ele>4</ele>
        <time>2026-05-14T13:13:20.000Z</time>
        <extensions>
          <ns3:TrackPointExtension>
            <ns3:hr>163</ns3:hr>
            <ns3:cad>88</ns3:cad>
          </ns3:TrackPointExtension>
        </extensions>
      </trkpt>
      <trkpt lat="31.0226948373019695281982421875" lon="121.42933758907020092010498046875">
        <ele>4</ele>
        <time>2026-05-14T13:13:21.000Z</time>
        <extensions>
          <ns3:TrackPointExtension>
            <ns3:hr>164</ns3:hr>
            <ns3:cad>88</ns3:cad>
          </ns3:TrackPointExtension>
        </extensions>
      </trkpt>
      <trkpt lat="31.0227298736572265625" lon="121.42933188937604427337646484375">
        <ele>4</ele>
        <time>2026-05-14T13:13:22.000Z</time>
        <extensions>
          <ns3:TrackPointExtension>
            <ns3:hr>164</ns3:hr>
            <ns3:cad>88</ns3:cad>
          </ns3:TrackPointExtension>
        </extensions>
      </trkpt>
      <trkpt lat="31.02275242097675800323486328125" lon="121.42932468093931674957275390625">
        <ele>4</ele>
        <time>2026-05-14T13:13:23.000Z</time>
        <extensions>
          <ns3:TrackPointExtension>
            <ns3:hr>164</ns3:hr>
            <ns3:cad>88</ns3:cad>
          </ns3:TrackPointExtension>
        </extensions>
      </trkpt>
      <trkpt lat="31.02278745733201503753662109375" lon="121.42931764014065265655517578125">
        <ele>4</ele>
        <time>2026-05-14T13:13:24.000Z</time>
        <extensions>
          <ns3:TrackPointExtension>
            <ns3:hr>163</ns3:hr>
            <ns3:cad>88</ns3:cad>
          </ns3:TrackPointExtension>
        </extensions>
      </trkpt>
      <trkpt lat="31.02281025610864162445068359375" lon="121.4293120242655277252197265625">
        <ele>4</ele>
        <time>2026-05-14T13:13:25.000Z</time>
        <extensions>
          <ns3:TrackPointExtension>
            <ns3:hr>164</ns3:hr>
            <ns3:cad>88</ns3:cad>
          </ns3:TrackPointExtension>
        </extensions>
      </trkpt>
      <trkpt lat="31.02284361608326435089111328125" lon="121.4293029718101024627685546875">
        <ele>4</ele>
        <time>2026-05-14T13:13:26.000Z</time>
        <extensions>
          <ns3:TrackPointExtension>
            <ns3:hr>164</ns3:hr>
            <ns3:cad>88</ns3:cad>
          </ns3:TrackPointExtension>
        </extensions>
      </trkpt>
      <trkpt lat="31.02286775596439838409423828125" lon="121.4293004572391510009765625">
        <ele>4</ele>
        <time>2026-05-14T13:13:27.000Z</time>
        <extensions>
          <ns3:TrackPointExtension>
            <ns3:hr>164</ns3:hr>
            <ns3:cad>87</ns3:cad>
          </ns3:TrackPointExtension>
        </extensions>
      </trkpt>
      <trkpt lat="31.0228948295116424560546875" lon="121.4292888902127742767333984375">
        <ele>3.7999999523162841796875</ele>
        <time>2026-05-14T13:13:28.000Z</time>
        <extensions>
          <ns3:TrackPointExtension>
            <ns3:hr>164</ns3:hr>
            <ns3:cad>87</ns3:cad>
          </ns3:TrackPointExtension>
        </extensions>
      </trkpt>
      <trkpt lat="31.0229214839637279510498046875" lon="121.42928059212863445281982421875">
        <ele>3.7999999523162841796875</ele>
        <time>2026-05-14T13:13:29.000Z</time>
        <extensions>
          <ns3:TrackPointExtension>
            <ns3:hr>163</ns3:hr>
            <ns3:cad>87</ns3:cad>
          </ns3:TrackPointExtension>
        </extensions>
      </trkpt>
      <trkpt lat="31.02294914424419403076171875" lon="121.42926718108355998992919921875">
        <ele>3.7999999523162841796875</ele>
        <time>2026-05-14T13:13:30.000Z</time>
        <extensions>
          <ns3:TrackPointExtension>
            <ns3:hr>164</ns3:hr>
            <ns3:cad>87</ns3:cad>
          </ns3:TrackPointExtension>
        </extensions>
      </trkpt>
      <trkpt lat="31.0229833424091339111328125" lon="121.4292583800852298736572265625">
        <ele>3.7999999523162841796875</ele>
        <time>2026-05-14T13:13:31.000Z</time>
        <extensions>
          <ns3:TrackPointExtension>
            <ns3:hr>164</ns3:hr>
            <ns3:cad>87</ns3:cad>
          </ns3:TrackPointExtension>
        </extensions>
      </trkpt>
      <trkpt lat="31.02300639264285564422607421875" lon="121.429242789745330810546875">
        <ele>3.7999999523162841796875</ele>
        <time>2026-05-14T13:13:32.000Z</time>
        <extensions>
          <ns3:TrackPointExtension>
            <ns3:hr>164</ns3:hr>
            <ns3:cad>87</ns3:cad>
          </ns3:TrackPointExtension>
        </extensions>
      </trkpt>
      <trkpt lat="31.02303924970328807830810546875" lon="121.42922694794833660125732421875">
        <ele>3.7999999523162841796875</ele>
        <time>2026-05-14T13:13:33.000Z</time>
        <extensions>
          <ns3:TrackPointExtension>
            <ns3:hr>163</ns3:hr>
            <ns3:cad>87</ns3:cad>
          </ns3:TrackPointExtension>
        </extensions>
      </trkpt>
      <trkpt lat="31.02305718697607517242431640625" lon="121.429210603237152099609375">
        <ele>3.7999999523162841796875</ele>
        <time>2026-05-14T13:13:34.000Z</time>
        <extensions>
          <ns3:TrackPointExtension>
            <ns3:hr>164</ns3:hr>
            <ns3:cad>87</ns3:cad>
          </ns3:TrackPointExtension>
        </extensions>
      </trkpt>
      <trkpt lat="31.023084931075572967529296875" lon="121.429183781147003173828125">
        <ele>3.7999999523162841796875</ele>
        <time>2026-05-14T13:13:35.000Z</time>
        <extensions>
          <ns3:TrackPointExtension>
            <ns3:hr>164</ns3:hr>
            <ns3:cad>87</ns3:cad>
          </ns3:TrackPointExtension>
        </extensions>
      </trkpt>
      <trkpt lat="31.02309607900679111480712890625" lon="121.42915838398039340972900390625">
        <ele>3.7999999523162841796875</ele>
        <time>2026-05-14T13:13:36.000Z</time>
        <extensions>
          <ns3:TrackPointExtension>
            <ns3:hr>163</ns3:hr>
            <ns3:cad>87</ns3:cad>
          </ns3:TrackPointExtension>
        </extensions>
      </trkpt>
      <trkpt lat="31.02311074733734130859375" lon="121.4291256107389926910400390625">
        <ele>3.7999999523162841796875</ele>
        <time>2026-05-14T13:13:37.000Z</time>
        <extensions>
          <ns3:TrackPointExtension>
            <ns3:hr>164</ns3:hr>
            <ns3:cad>87</ns3:cad>
          </ns3:TrackPointExtension>
        </extensions>
      </trkpt>
      <trkpt lat="31.023121811449527740478515625" lon="121.4290964417159557342529296875">
        <ele>3.7999999523162841796875</ele>
        <time>2026-05-14T13:13:38.000Z</time>
        <extensions>
          <ns3:TrackPointExtension>
            <ns3:hr>164</ns3:hr>
            <ns3:cad>87</ns3:cad>
          </ns3:TrackPointExtension>
        </extensions>
      </trkpt>
      <trkpt lat="31.0231300257146358489990234375" lon="121.4290652610361576080322265625">
        <ele>3.7999999523162841796875</ele>
        <time>2026-05-14T13:13:39.000Z</time>
        <extensions>
          <ns3:TrackPointExtension>
            <ns3:hr>164</ns3:hr>
            <ns3:cad>87</ns3:cad>
          </ns3:TrackPointExtension>
        </extensions>
      </trkpt>
      <trkpt lat="31.02313949726521968841552734375" lon="121.42903148196637630462646484375">
        <ele>3.7999999523162841796875</ele>
        <time>2026-05-14T13:13:40.000Z</time>
        <extensions>
          <ns3:TrackPointExtension>
            <ns3:hr>165</ns3:hr>
            <ns3:cad>86</ns3:cad>
          </ns3:TrackPointExtension>
        </extensions>
      </trkpt>
      <trkpt lat="31.0231447778642177581787109375" lon="121.4290012232959270477294921875">
        <ele>3.7999999523162841796875</ele>
        <time>2026-05-14T13:13:41.000Z</time>
        <extensions>
          <ns3:TrackPointExtension>
            <ns3:hr>165</ns3:hr>
            <ns3:cad>86</ns3:cad>
          </ns3:TrackPointExtension>
        </extensions>
      </trkpt>
      <trkpt lat="31.02315458469092845916748046875" lon="121.4289586432278156280517578125">
        <ele>3.7999999523162841796875</ele>
        <time>2026-05-14T13:13:42.000Z</time>
        <extensions>
          <ns3:TrackPointExtension>
            <ns3:hr>165</ns3:hr>
            <ns3:cad>86</ns3:cad>
          </ns3:TrackPointExtension>
        </extensions>
      </trkpt>
      <trkpt lat="31.0231625474989414215087890625" lon="121.42892704345285892486572265625">
        <ele>3.7999999523162841796875</ele>
        <time>2026-05-14T13:13:43.000Z</time>
        <extensions>
          <ns3:TrackPointExtension>
            <ns3:hr>164</ns3:hr>
            <ns3:cad>86</ns3:cad>
          </ns3:TrackPointExtension>
        </extensions>
      </trkpt>
      <trkpt lat="31.02315994910895824432373046875" lon="121.42888882197439670562744140625">
        <ele>3.7999999523162841796875</ele>
        <time>2026-05-14T13:13:44.000Z</time>
        <extensions>
          <ns3:TrackPointExtension>
            <ns3:hr>165</ns3:hr>
            <ns3:cad>85</ns3:cad>
          </ns3:TrackPointExtension>
        </extensions>
      </trkpt>
      <trkpt lat="31.0231603682041168212890625" lon="121.42885395325720310211181640625">
        <ele>3.7999999523162841796875</ele>
        <time>2026-05-14T13:13:45.000Z</time>
        <extensions>
          <ns3:TrackPointExtension>
            <ns3:hr>165</ns3:hr>
            <ns3:cad>85</ns3:cad>
          </ns3:TrackPointExtension>
        </extensions>
      </trkpt>
      <trkpt lat="31.0231494717299938201904296875" lon="121.4288288913667201995849609375">
        <ele>3.7999999523162841796875</ele>
        <time>2026-05-14T13:13:46.000Z</time>
        <extensions>
          <ns3:TrackPointExtension>
            <ns3:hr>165</ns3:hr>
            <ns3:cad>84</ns3:cad>
          </ns3:TrackPointExtension>
        </extensions>
      </trkpt>
      <trkpt lat="31.0231357254087924957275390625" lon="121.42879779450595378875732421875">
        <ele>3.7999999523162841796875</ele>
        <time>2026-05-14T13:13:47.000Z</time>
        <extensions>
          <ns3:TrackPointExtension>
            <ns3:hr>164</ns3:hr>
            <ns3:cad>84</ns3:cad>
          </ns3:TrackPointExtension>
        </extensions>
      </trkpt>
      <trkpt lat="31.02312751114368438720703125" lon="121.42877516336739063262939453125">
        <ele>3.7999999523162841796875</ele>
        <time>2026-05-14T13:13:48.000Z</time>
        <extensions>
          <ns3:TrackPointExtension>
            <ns3:hr>164</ns3:hr>
            <ns3:cad>84</ns3:cad>
          </ns3:TrackPointExtension>
        </extensions>
      </trkpt>
      <trkpt lat="31.023115105926990509033203125" lon="121.4287578128278255462646484375">
        <ele>3.7999999523162841796875</ele>
        <time>2026-05-14T13:13:49.000Z</time>
        <extensions>
          <ns3:TrackPointExtension>
            <ns3:hr>164</ns3:hr>
            <ns3:cad>83</ns3:cad>
          </ns3:TrackPointExtension>
        </extensions>
      </trkpt>
      <trkpt lat="31.02310144342482089996337890625" lon="121.42874029465019702911376953125">
        <ele>3.7999999523162841796875</ele>
        <time>2026-05-14T13:13:50.000Z</time>
        <extensions>
          <ns3:TrackPointExtension>
            <ns3:hr>164</ns3:hr>
            <ns3:cad>83</ns3:cad>
          </ns3:TrackPointExtension>
        </extensions>
      </trkpt>
      <trkpt lat="31.0230861045420169830322265625" lon="121.42872738651931285858154296875">
        <ele>3.7999999523162841796875</ele>
        <time>2026-05-14T13:13:51.000Z</time>
        <extensions>
          <ns3:TrackPointExtension>
            <ns3:hr>163</ns3:hr>
            <ns3:cad>83</ns3:cad>
          </ns3:TrackPointExtension>
        </extensions>
      </trkpt>
      <trkpt lat="31.02307126857340335845947265625" lon="121.42872118391096591949462890625">
        <ele>3.7999999523162841796875</ele>
        <time>2026-05-14T13:13:52.000Z</time>
        <extensions>
          <ns3:TrackPointExtension>
            <ns3:hr>163</ns3:hr>
            <ns3:cad>83</ns3:cad>
          </ns3:TrackPointExtension>
        </extensions>
      </trkpt>
    </trkseg>
  </trk>
</gpx>
