<gpx xmlns:ns3="http://www.garmin.com/xmlschemas/TrackPointExtension/v1" xmlns="http://www.topografix.com/GPX/1/1" xmlns:xsi="http://www.w3.org/2001/XMLSchema-instance" xmlns:ns2="http://www.garmin.com/xmlschemas/GpxExtensions/v3" creator="Garmin Connect" version="1.1" xsi:schemaLocation="http://www.topografix.com/GPX/1/1 http://www.topografix.com/GPX/11.xsd">
  <extensions>
<distance>6018.41</distance>
<average_hr>154.0</average_hr>
<average_speed>3.1289999485015874</average_speed>
<start_time>2026-05-17T13:35:42+00:00</start_time>
<end_time>2026-05-17T14:07:45.172000+00:00</end_time>
<moving_time>1921.934</moving_time>
<elapsed_time>1923.172</elapsed_time>
</extensions>
<metadata>
    <link href="connect.garmin.com">
      <text>Garmin Connect</text>
    </link>
    <time>2026-05-17T13:35:42.000Z</time>
  </metadata>
  <trk>
    <name>闵行区 - 基础训练</name>
    <type>running</type>
    <trkseg>
      <trkpt lat="31.0231156088411808013916015625" lon="121.42850987613201141357421875">
        <ele>5</ele>
        <time>2026-05-17T13:35:42.000Z</time>
        <extensions>
          <ns3:TrackPointExtension>
            <ns3:hr>104</ns3:hr>
            <ns3:cad>41</ns3:cad>
          </ns3:TrackPointExtension>
        </extensions>
      </trkpt>
      <trkpt lat="31.02308996021747589111328125" lon="121.42847676761448383331298828125">
        <ele>5</ele>
        <time>2026-05-17T13:35:43.000Z</time>
        <extensions>
          <ns3:TrackPointExtension>
            <ns3:hr>103</ns3:hr>
            <ns3:cad>50</ns3:cad>
          </ns3:TrackPointExtension>
        </extensions>
      </trkpt>
      <trkpt lat="31.0230646468698978424072265625" lon="121.42846050672233104705810546875">
        <ele>5</ele>
        <time>2026-05-17T13:35:44.000Z</time>
        <extensions>
          <ns3:TrackPointExtension>
            <ns3:hr>103</ns3:hr>
            <ns3:cad>50</ns3:cad>
          </ns3:TrackPointExtension>
        </extensions>
      </trkpt>
      <trkpt lat="31.02304168045520782470703125" lon="121.42845296300947666168212890625">
        <ele>4.80000019073486328125</ele>
        <time>2026-05-17T13:35:45.000Z</time>
        <extensions>
          <ns3:TrackPointExtension>
            <ns3:hr>103</ns3:hr>
            <ns3:cad>50</ns3:cad>
          </ns3:TrackPointExtension>
        </extensions>
      </trkpt>
      <trkpt lat="31.02302198298275470733642578125" lon="121.42843401990830898284912109375">
        <ele>4.599999904632568359375</ele>
        <time>2026-05-17T13:35:46.000Z</time>
        <extensions>
          <ns3:TrackPointExtension>
            <ns3:hr>103</ns3:hr>
            <ns3:cad>50</ns3:cad>
          </ns3:TrackPointExtension>
        </extensions>
      </trkpt>
      <trkpt lat="31.0230026207864284515380859375" lon="121.42842295579612255096435546875">
        <ele>4.599999904632568359375</ele>
        <time>2026-05-17T13:35:47.000Z</time>
        <extensions>
          <ns3:TrackPointExtension>
            <ns3:hr>103</ns3:hr>
            <ns3:cad>77</ns3:cad>
          </ns3:TrackPointExtension>
        </extensions>
      </trkpt>
      <trkpt lat="31.02297990582883358001708984375" lon="121.42841490916907787322998046875">
        <ele>4.599999904632568359375</ele>
        <time>2026-05-17T13:35:48.000Z</time>
        <extensions>
          <ns3:TrackPointExtension>
            <ns3:hr>103</ns3:hr>
            <ns3:cad>77</ns3:cad>
          </ns3:TrackPointExtension>
        </extensions>
      </trkpt>
      <trkpt lat="31.0229617170989513397216796875" lon="121.4284057728946208953857421875">
        <ele>4.599999904632568359375</ele>
        <time>2026-05-17T13:35:49.000Z</time>
        <extensions>
          <ns3:TrackPointExtension>
            <ns3:hr>104</ns3:hr>
            <ns3:cad>77</ns3:cad>
          </ns3:TrackPointExtension>
        </extensions>
      </trkpt>
      <trkpt lat="31.02293908596038818359375" lon="121.42840116284787654876708984375">
        <ele>4.599999904632568359375</ele>
        <time>2026-05-17T13:35:50.000Z</time>
        <extensions>
          <ns3:TrackPointExtension>
            <ns3:hr>104</ns3:hr>
            <ns3:cad>77</ns3:cad>
          </ns3:TrackPointExtension>
        </extensions>
      </trkpt>
      <trkpt lat="31.02291653864085674285888671875" lon="121.428402923047542572021484375">
        <ele>4.400000095367431640625</ele>
        <time>2026-05-17T13:35:51.000Z</time>
        <extensions>
          <ns3:TrackPointExtension>
            <ns3:hr>104</ns3:hr>
            <ns3:cad>78</ns3:cad>
          </ns3:TrackPointExtension>
        </extensions>
      </trkpt>
      <trkpt lat="31.022887118160724639892578125" lon="121.42839797772467136383056640625">
        <ele>4.400000095367431640625</ele>
        <time>2026-05-17T13:35:52.000Z</time>
        <extensions>
          <ns3:TrackPointExtension>
            <ns3:hr>104</ns3:hr>
            <ns3:cad>79</ns3:cad>
          </ns3:TrackPointExtension>
        </extensions>
      </trkpt>
      <trkpt lat="31.02286222390830516815185546875" lon="121.42839177511632442474365234375">
        <ele>4.400000095367431640625</ele>
        <time>2026-05-17T13:35:53.000Z</time>
        <extensions>
          <ns3:TrackPointExtension>
            <ns3:hr>104</ns3:hr>
            <ns3:cad>79</ns3:cad>
          </ns3:TrackPointExtension>
        </extensions>
      </trkpt>
      <trkpt lat="31.0228396765887737274169921875" lon="121.428391523659229278564453125">
        <ele>4.599999904632568359375</ele>
        <time>2026-05-17T13:35:54.000Z</time>
        <extensions>
          <ns3:TrackPointExtension>
            <ns3:hr>105</ns3:hr>
            <ns3:cad>80</ns3:cad>
          </ns3:TrackPointExtension>
        </extensions>
      </trkpt>
      <trkpt lat="31.022815369069576263427734375" lon="121.42838775180280208587646484375">
        <ele>4.80000019073486328125</ele>
        <time>2026-05-17T13:35:55.000Z</time>
        <extensions>
          <ns3:TrackPointExtension>
            <ns3:hr>105</ns3:hr>
            <ns3:cad>81</ns3:cad>
          </ns3:TrackPointExtension>
        </extensions>
      </trkpt>
      <trkpt lat="31.02279382757842540740966796875" lon="121.4283869974315166473388671875">
        <ele>5</ele>
        <time>2026-05-17T13:35:56.000Z</time>
        <extensions>
          <ns3:TrackPointExtension>
            <ns3:hr>105</ns3:hr>
            <ns3:cad>81</ns3:cad>
          </ns3:TrackPointExtension>
        </extensions>
      </trkpt>
      <trkpt lat="31.0227699391543865203857421875" lon="121.4283885061740875244140625">
        <ele>5</ele>
        <time>2026-05-17T13:35:57.000Z</time>
        <extensions>
          <ns3:TrackPointExtension>
            <ns3:hr>106</ns3:hr>
            <ns3:cad>81</ns3:cad>
          </ns3:TrackPointExtension>
        </extensions>
      </trkpt>
      <trkpt lat="31.02275107987225055694580078125" lon="121.4283873327076435089111328125">
        <ele>4.80000019073486328125</ele>
        <time>2026-05-17T13:35:58.000Z</time>
        <extensions>
          <ns3:TrackPointExtension>
            <ns3:hr>106</ns3:hr>
            <ns3:cad>81</ns3:cad>
          </ns3:TrackPointExtension>
        </extensions>
      </trkpt>
      <trkpt lat="31.02273180149495601654052734375" lon="121.42838708125054836273193359375">
        <ele>4.80000019073486328125</ele>
        <time>2026-05-17T13:35:59.000Z</time>
        <extensions>
          <ns3:TrackPointExtension>
            <ns3:hr>107</ns3:hr>
            <ns3:cad>81</ns3:cad>
          </ns3:TrackPointExtension>
        </extensions>
      </trkpt>
      <trkpt lat="31.02271218784153461456298828125" lon="121.42839185893535614013671875">
        <ele>4.80000019073486328125</ele>
        <time>2026-05-17T13:36:00.000Z</time>
        <extensions>
          <ns3:TrackPointExtension>
            <ns3:hr>107</ns3:hr>
            <ns3:cad>80</ns3:cad>
          </ns3:TrackPointExtension>
        </extensions>
      </trkpt>
      <trkpt lat="31.02269207127392292022705078125" lon="121.4283947087824344635009765625">
        <ele>4.80000019073486328125</ele>
        <time>2026-05-17T13:36:01.000Z</time>
        <extensions>
          <ns3:TrackPointExtension>
            <ns3:hr>107</ns3:hr>
            <ns3:cad>80</ns3:cad>
          </ns3:TrackPointExtension>
        </extensions>
      </trkpt>
      <trkpt lat="31.02267480455338954925537109375" lon="121.42840526998043060302734375">
        <ele>4.80000019073486328125</ele>
        <time>2026-05-17T13:36:02.000Z</time>
        <extensions>
          <ns3:TrackPointExtension>
            <ns3:hr>107</ns3:hr>
            <ns3:cad>81</ns3:cad>
          </ns3:TrackPointExtension>
        </extensions>
      </trkpt>
      <trkpt lat="31.0226534307003021240234375" lon="121.42841306515038013458251953125">
        <ele>4.599999904632568359375</ele>
        <time>2026-05-17T13:36:03.000Z</time>
        <extensions>
          <ns3:TrackPointExtension>
            <ns3:hr>108</ns3:hr>
            <ns3:cad>81</ns3:cad>
          </ns3:TrackPointExtension>
        </extensions>
      </trkpt>
      <trkpt lat="31.0226277820765972137451171875" lon="121.42841960303485393524169921875">
        <ele>4.599999904632568359375</ele>
        <time>2026-05-17T13:36:04.000Z</time>
        <extensions>
          <ns3:TrackPointExtension>
            <ns3:hr>108</ns3:hr>
            <ns3:cad>80</ns3:cad>
          </ns3:TrackPointExtension>
        </extensions>
      </trkpt>
      <trkpt lat="31.02260288782417774200439453125" lon="121.42842563800513744354248046875">
        <ele>4.400000095367431640625</ele>
        <time>2026-05-17T13:36:05.000Z</time>
        <extensions>
          <ns3:TrackPointExtension>
            <ns3:hr>108</ns3:hr>
            <ns3:cad>80</ns3:cad>
          </ns3:TrackPointExtension>
        </extensions>
      </trkpt>
      <trkpt lat="31.02258109487593173980712890625" lon="121.4284312538802623748779296875">
        <ele>4.19999980926513671875</ele>
        <time>2026-05-17T13:36:06.000Z</time>
        <extensions>
          <ns3:TrackPointExtension>
            <ns3:hr>108</ns3:hr>
            <ns3:cad>80</ns3:cad>
          </ns3:TrackPointExtension>
        </extensions>
      </trkpt>
      <trkpt lat="31.02255393750965595245361328125" lon="121.428441144526004791259765625">
        <ele>4.19999980926513671875</ele>
        <time>2026-05-17T13:36:07.000Z</time>
        <extensions>
          <ns3:TrackPointExtension>
            <ns3:hr>109</ns3:hr>
            <ns3:cad>81</ns3:cad>
          </ns3:TrackPointExtension>
        </extensions>
      </trkpt>
      <trkpt lat="31.02253382094204425811767578125" lon="121.4284480176866054534912109375">
        <ele>4.599999904632568359375</ele>
        <time>2026-05-17T13:36:08.000Z</time>
        <extensions>
          <ns3:TrackPointExtension>
            <ns3:hr>109</ns3:hr>
            <ns3:cad>81</ns3:cad>
          </ns3:TrackPointExtension>
        </extensions>
      </trkpt>
      <trkpt lat="31.022504903376102447509765625" lon="121.4284515380859375">
        <ele>4.80000019073486328125</ele>
        <time>2026-05-17T13:36:09.000Z</time>
        <extensions>
          <ns3:TrackPointExtension>
            <ns3:hr>109</ns3:hr>
            <ns3:cad>81</ns3:cad>
          </ns3:TrackPointExtension>
        </extensions>
      </trkpt>
      <trkpt lat="31.0224789194762706756591796875" lon="121.42845698632299900054931640625">
        <ele>4.80000019073486328125</ele>
        <time>2026-05-17T13:36:10.000Z</time>
        <extensions>
          <ns3:TrackPointExtension>
            <ns3:hr>108</ns3:hr>
            <ns3:cad>80</ns3:cad>
          </ns3:TrackPointExtension>
        </extensions>
      </trkpt>
      <trkpt lat="31.02245452813804149627685546875" lon="121.4284651167690753936767578125">
        <ele>4.80000019073486328125</ele>
        <time>2026-05-17T13:36:11.000Z</time>
        <extensions>
          <ns3:TrackPointExtension>
            <ns3:hr>109</ns3:hr>
            <ns3:cad>81</ns3:cad>
          </ns3:TrackPointExtension>
        </extensions>
      </trkpt>
      <trkpt lat="31.0224282927811145782470703125" lon="121.4284651167690753936767578125">
        <ele>4.80000019073486328125</ele>
        <time>2026-05-17T13:36:12.000Z</time>
        <extensions>
          <ns3:TrackPointExtension>
            <ns3:hr>109</ns3:hr>
            <ns3:cad>81</ns3:cad>
          </ns3:TrackPointExtension>
        </extensions>
      </trkpt>
      <trkpt lat="31.02240758948028087615966796875" lon="121.4284731633961200714111328125">
        <ele>4.599999904632568359375</ele>
        <time>2026-05-17T13:36:13.000Z</time>
        <extensions>
          <ns3:TrackPointExtension>
            <ns3:hr>109</ns3:hr>
            <ns3:cad>81</ns3:cad>
          </ns3:TrackPointExtension>
        </extensions>
      </trkpt>
      <trkpt lat="31.022376157343387603759765625" lon="121.42848498187959194183349609375">
        <ele>4.80000019073486328125</ele>
        <time>2026-05-17T13:36:14.000Z</time>
        <extensions>
          <ns3:TrackPointExtension>
            <ns3:hr>109</ns3:hr>
            <ns3:cad>82</ns3:cad>
          </ns3:TrackPointExtension>
        </extensions>
      </trkpt>
      <trkpt lat="31.0223505087196826934814453125" lon="121.4284922741353511810302734375">
        <ele>5</ele>
        <time>2026-05-17T13:36:15.000Z</time>
        <extensions>
          <ns3:TrackPointExtension>
            <ns3:hr>110</ns3:hr>
            <ns3:cad>83</ns3:cad>
          </ns3:TrackPointExtension>
        </extensions>
      </trkpt>
      <trkpt lat="31.0223505087196826934814453125" lon="121.4284922741353511810302734375">
        <ele>5.19999980926513671875</ele>
        <time>2026-05-17T13:36:16.000Z</time>
        <extensions>
          <ns3:TrackPointExtension>
            <ns3:hr>110</ns3:hr>
            <ns3:cad>83</ns3:cad>
          </ns3:TrackPointExtension>
        </extensions>
      </trkpt>
      <trkpt lat="31.02229309268295764923095703125" lon="121.42850861884653568267822265625">
        <ele>5.19999980926513671875</ele>
        <time>2026-05-17T13:36:17.000Z</time>
        <extensions>
          <ns3:TrackPointExtension>
            <ns3:hr>111</ns3:hr>
            <ns3:cad>84</ns3:cad>
          </ns3:TrackPointExtension>
        </extensions>
      </trkpt>
      <trkpt lat="31.0222666896879673004150390625" lon="121.428520940244197845458984375">
        <ele>5.400000095367431640625</ele>
        <time>2026-05-17T13:36:18.000Z</time>
        <extensions>
          <ns3:TrackPointExtension>
            <ns3:hr>112</ns3:hr>
            <ns3:cad>84</ns3:cad>
          </ns3:TrackPointExtension>
        </extensions>
      </trkpt>
      <trkpt lat="31.0222358442842960357666015625" lon="121.42852135933935642242431640625">
        <ele>5.400000095367431640625</ele>
        <time>2026-05-17T13:36:19.000Z</time>
        <extensions>
          <ns3:TrackPointExtension>
            <ns3:hr>113</ns3:hr>
            <ns3:cad>84</ns3:cad>
          </ns3:TrackPointExtension>
        </extensions>
      </trkpt>
      <trkpt lat="31.02221514098346233367919921875" lon="121.42852823249995708465576171875">
        <ele>5.19999980926513671875</ele>
        <time>2026-05-17T13:36:20.000Z</time>
        <extensions>
          <ns3:TrackPointExtension>
            <ns3:hr>117</ns3:hr>
            <ns3:cad>84</ns3:cad>
          </ns3:TrackPointExtension>
        </extensions>
      </trkpt>
      <trkpt lat="31.0221862234175205230712890625" lon="121.42853510566055774688720703125">
        <ele>5.19999980926513671875</ele>
        <time>2026-05-17T13:36:21.000Z</time>
        <extensions>
          <ns3:TrackPointExtension>
            <ns3:hr>124</ns3:hr>
            <ns3:cad>85</ns3:cad>
          </ns3:TrackPointExtension>
        </extensions>
      </trkpt>
      <trkpt lat="31.02216325700283050537109375" lon="121.42853812314569950103759765625">
        <ele>5.19999980926513671875</ele>
        <time>2026-05-17T13:36:22.000Z</time>
        <extensions>
          <ns3:TrackPointExtension>
            <ns3:hr>133</ns3:hr>
            <ns3:cad>86</ns3:cad>
          </ns3:TrackPointExtension>
        </extensions>
      </trkpt>
      <trkpt lat="31.0221397876739501953125" lon="121.42854751087725162506103515625">
        <ele>5.19999980926513671875</ele>
        <time>2026-05-17T13:36:23.000Z</time>
        <extensions>
          <ns3:TrackPointExtension>
            <ns3:hr>135</ns3:hr>
            <ns3:cad>86</ns3:cad>
          </ns3:TrackPointExtension>
        </extensions>
      </trkpt>
      <trkpt lat="31.02210885845124721527099609375" lon="121.42854876816272735595703125">
        <ele>5.400000095367431640625</ele>
        <time>2026-05-17T13:36:24.000Z</time>
        <extensions>
          <ns3:TrackPointExtension>
            <ns3:hr>136</ns3:hr>
            <ns3:cad>84</ns3:cad>
          </ns3:TrackPointExtension>
        </extensions>
      </trkpt>
      <trkpt lat="31.02208547294139862060546875" lon="121.42855756916105747222900390625">
        <ele>5.400000095367431640625</ele>
        <time>2026-05-17T13:36:25.000Z</time>
        <extensions>
          <ns3:TrackPointExtension>
            <ns3:hr>137</ns3:hr>
            <ns3:cad>84</ns3:cad>
          </ns3:TrackPointExtension>
        </extensions>
      </trkpt>
      <trkpt lat="31.02205353789031505584716796875" lon="121.4285628497600555419921875">
        <ele>5.400000095367431640625</ele>
        <time>2026-05-17T13:36:26.000Z</time>
        <extensions>
          <ns3:TrackPointExtension>
            <ns3:hr>137</ns3:hr>
            <ns3:cad>84</ns3:cad>
          </ns3:TrackPointExtension>
        </extensions>
      </trkpt>
      <trkpt lat="31.02203057147562503814697265625" lon="121.42856880091130733489990234375">
        <ele>5.599999904632568359375</ele>
        <time>2026-05-17T13:36:27.000Z</time>
        <extensions>
          <ns3:TrackPointExtension>
            <ns3:hr>138</ns3:hr>
            <ns3:cad>85</ns3:cad>
          </ns3:TrackPointExtension>
        </extensions>
      </trkpt>
      <trkpt lat="31.02200391702353954315185546875" lon="121.42858087085187435150146484375">
        <ele>5.400000095367431640625</ele>
        <time>2026-05-17T13:36:28.000Z</time>
        <extensions>
          <ns3:TrackPointExtension>
            <ns3:hr>138</ns3:hr>
            <ns3:cad>85</ns3:cad>
          </ns3:TrackPointExtension>
        </extensions>
      </trkpt>
      <trkpt lat="31.02197743020951747894287109375" lon="121.42858707346022129058837890625">
        <ele>5.19999980926513671875</ele>
        <time>2026-05-17T13:36:29.000Z</time>
        <extensions>
          <ns3:TrackPointExtension>
            <ns3:hr>139</ns3:hr>
            <ns3:cad>85</ns3:cad>
          </ns3:TrackPointExtension>
        </extensions>
      </trkpt>
      <trkpt lat="31.02195496670901775360107421875" lon="121.4286025799810886383056640625">
        <ele>5.19999980926513671875</ele>
        <time>2026-05-17T13:36:30.000Z</time>
        <extensions>
          <ns3:TrackPointExtension>
            <ns3:hr>139</ns3:hr>
            <ns3:cad>85</ns3:cad>
          </ns3:TrackPointExtension>
        </extensions>
      </trkpt>
      <trkpt lat="31.02195496670901775360107421875" lon="121.4286025799810886383056640625">
        <ele>5</ele>
        <time>2026-05-17T13:36:31.000Z</time>
        <extensions>
          <ns3:TrackPointExtension>
            <ns3:hr>140</ns3:hr>
            <ns3:cad>85</ns3:cad>
          </ns3:TrackPointExtension>
        </extensions>
      </trkpt>
      <trkpt lat="31.0219237022101879119873046875" lon="121.42861490137875080108642578125">
        <ele>5</ele>
        <time>2026-05-17T13:36:32.000Z</time>
        <extensions>
          <ns3:TrackPointExtension>
            <ns3:hr>140</ns3:hr>
            <ns3:cad>85</ns3:cad>
          </ns3:TrackPointExtension>
        </extensions>
      </trkpt>
      <trkpt lat="31.02187885902822017669677734375" lon="121.4286535419523715972900390625">
        <ele>5</ele>
        <time>2026-05-17T13:36:33.000Z</time>
        <extensions>
          <ns3:TrackPointExtension>
            <ns3:hr>140</ns3:hr>
            <ns3:cad>84</ns3:cad>
          </ns3:TrackPointExtension>
        </extensions>
      </trkpt>
      <trkpt lat="31.021856479346752166748046875" lon="121.4286728203296661376953125">
        <ele>5.400000095367431640625</ele>
        <time>2026-05-17T13:36:34.000Z</time>
        <extensions>
          <ns3:TrackPointExtension>
            <ns3:hr>138</ns3:hr>
            <ns3:cad>84</ns3:cad>
          </ns3:TrackPointExtension>
        </extensions>
      </trkpt>
      <trkpt lat="31.02183602750301361083984375" lon="121.42869754694402217864990234375">
        <ele>5.599999904632568359375</ele>
        <time>2026-05-17T13:36:35.000Z</time>
        <extensions>
          <ns3:TrackPointExtension>
            <ns3:hr>138</ns3:hr>
            <ns3:cad>84</ns3:cad>
          </ns3:TrackPointExtension>
        </extensions>
      </trkpt>
      <trkpt lat="31.0218123905360698699951171875" lon="121.42872403375804424285888671875">
        <ele>5.599999904632568359375</ele>
        <time>2026-05-17T13:36:36.000Z</time>
        <extensions>
          <ns3:TrackPointExtension>
            <ns3:hr>138</ns3:hr>
            <ns3:cad>84</ns3:cad>
          </ns3:TrackPointExtension>
        </extensions>
      </trkpt>
      <trkpt lat="31.02180124260485172271728515625" lon="121.42874817363917827606201171875">
        <ele>5.80000019073486328125</ele>
        <time>2026-05-17T13:36:37.000Z</time>
        <extensions>
          <ns3:TrackPointExtension>
            <ns3:hr>138</ns3:hr>
            <ns3:cad>85</ns3:cad>
          </ns3:TrackPointExtension>
        </extensions>
      </trkpt>
      <trkpt lat="31.02178012020885944366455078125" lon="121.4287826232612133026123046875">
        <ele>5.80000019073486328125</ele>
        <time>2026-05-17T13:36:38.000Z</time>
        <extensions>
          <ns3:TrackPointExtension>
            <ns3:hr>139</ns3:hr>
            <ns3:cad>86</ns3:cad>
          </ns3:TrackPointExtension>
        </extensions>
      </trkpt>
      <trkpt lat="31.02177022956311702728271484375" lon="121.428807266056537628173828125">
        <ele>5.599999904632568359375</ele>
        <time>2026-05-17T13:36:39.000Z</time>
        <extensions>
          <ns3:TrackPointExtension>
            <ns3:hr>138</ns3:hr>
            <ns3:cad>86</ns3:cad>
          </ns3:TrackPointExtension>
        </extensions>
      </trkpt>
      <trkpt lat="31.02177022956311702728271484375" lon="121.428807266056537628173828125">
        <ele>5.599999904632568359375</ele>
        <time>2026-05-17T13:36:40.000Z</time>
        <extensions>
          <ns3:TrackPointExtension>
            <ns3:hr>138</ns3:hr>
            <ns3:cad>86</ns3:cad>
          </ns3:TrackPointExtension>
        </extensions>
      </trkpt>
      <trkpt lat="31.02174541912972927093505859375" lon="121.4288691245019435882568359375">
        <ele>5.400000095367431640625</ele>
        <time>2026-05-17T13:36:41.000Z</time>
        <extensions>
          <ns3:TrackPointExtension>
            <ns3:hr>139</ns3:hr>
            <ns3:cad>85</ns3:cad>
          </ns3:TrackPointExtension>
        </extensions>
      </trkpt>
      <trkpt lat="31.021739803254604339599609375" lon="121.4288942702114582061767578125">
        <ele>5.400000095367431640625</ele>
        <time>2026-05-17T13:36:42.000Z</time>
        <extensions>
          <ns3:TrackPointExtension>
            <ns3:hr>139</ns3:hr>
            <ns3:cad>85</ns3:cad>
          </ns3:TrackPointExtension>
        </extensions>
      </trkpt>
      <trkpt lat="31.021729409694671630859375" lon="121.42893123440444469451904296875">
        <ele>5.599999904632568359375</ele>
        <time>2026-05-17T13:36:43.000Z</time>
        <extensions>
          <ns3:TrackPointExtension>
            <ns3:hr>140</ns3:hr>
            <ns3:cad>84</ns3:cad>
          </ns3:TrackPointExtension>
        </extensions>
      </trkpt>
      <trkpt lat="31.02172245271503925323486328125" lon="121.428959481418132781982421875">
        <ele>5.599999904632568359375</ele>
        <time>2026-05-17T13:36:44.000Z</time>
        <extensions>
          <ns3:TrackPointExtension>
            <ns3:hr>141</ns3:hr>
            <ns3:cad>84</ns3:cad>
          </ns3:TrackPointExtension>
        </extensions>
      </trkpt>
      <trkpt lat="31.02172178216278553009033203125" lon="121.428985632956027984619140625">
        <ele>5.599999904632568359375</ele>
        <time>2026-05-17T13:36:45.000Z</time>
        <extensions>
          <ns3:TrackPointExtension>
            <ns3:hr>142</ns3:hr>
            <ns3:cad>83</ns3:cad>
          </ns3:TrackPointExtension>
        </extensions>
      </trkpt>
      <trkpt lat="31.0217104665935039520263671875" lon="121.42901723273098468780517578125">
        <ele>5.599999904632568359375</ele>
        <time>2026-05-17T13:36:46.000Z</time>
        <extensions>
          <ns3:TrackPointExtension>
            <ns3:hr>142</ns3:hr>
            <ns3:cad>82</ns3:cad>
          </ns3:TrackPointExtension>
        </extensions>
      </trkpt>
      <trkpt lat="31.02171138860285282135009765625" lon="121.42904288135468959808349609375">
        <ele>5.599999904632568359375</ele>
        <time>2026-05-17T13:36:47.000Z</time>
        <extensions>
          <ns3:TrackPointExtension>
            <ns3:hr>143</ns3:hr>
            <ns3:cad>82</ns3:cad>
          </ns3:TrackPointExtension>
        </extensions>
      </trkpt>
      <trkpt lat="31.0217141546308994293212890625" lon="121.42907875590026378631591796875">
        <ele>5.599999904632568359375</ele>
        <time>2026-05-17T13:36:48.000Z</time>
        <extensions>
          <ns3:TrackPointExtension>
            <ns3:hr>143</ns3:hr>
            <ns3:cad>82</ns3:cad>
          </ns3:TrackPointExtension>
        </extensions>
      </trkpt>
      <trkpt lat="31.0217141546308994293212890625" lon="121.42907875590026378631591796875">
        <ele>5.400000095367431640625</ele>
        <time>2026-05-17T13:36:49.000Z</time>
        <extensions>
          <ns3:TrackPointExtension>
            <ns3:hr>143</ns3:hr>
            <ns3:cad>83</ns3:cad>
          </ns3:TrackPointExtension>
        </extensions>
      </trkpt>
      <trkpt lat="31.021712310612201690673828125" lon="121.42913893796503543853759765625">
        <ele>5.400000095367431640625</ele>
        <time>2026-05-17T13:36:50.000Z</time>
        <extensions>
          <ns3:TrackPointExtension>
            <ns3:hr>144</ns3:hr>
            <ns3:cad>83</ns3:cad>
          </ns3:TrackPointExtension>
        </extensions>
      </trkpt>
      <trkpt lat="31.02171423844993114471435546875" lon="121.42917506396770477294921875">
        <ele>5.400000095367431640625</ele>
        <time>2026-05-17T13:36:51.000Z</time>
        <extensions>
          <ns3:TrackPointExtension>
            <ns3:hr>144</ns3:hr>
            <ns3:cad>83</ns3:cad>
          </ns3:TrackPointExtension>
        </extensions>
      </trkpt>
      <trkpt lat="31.02171423844993114471435546875" lon="121.42917506396770477294921875">
        <ele>5.599999904632568359375</ele>
        <time>2026-05-17T13:36:52.000Z</time>
        <extensions>
          <ns3:TrackPointExtension>
            <ns3:hr>145</ns3:hr>
            <ns3:cad>83</ns3:cad>
          </ns3:TrackPointExtension>
        </extensions>
      </trkpt>
      <trkpt lat="31.0217302478849887847900390625" lon="121.42923139035701751708984375">
        <ele>5.599999904632568359375</ele>
        <time>2026-05-17T13:36:53.000Z</time>
        <extensions>
          <ns3:TrackPointExtension>
            <ns3:hr>145</ns3:hr>
            <ns3:cad>83</ns3:cad>
          </ns3:TrackPointExtension>
        </extensions>
      </trkpt>
      <trkpt lat="31.02173670195043087005615234375" lon="121.42926382832229137420654296875">
        <ele>5.599999904632568359375</ele>
        <time>2026-05-17T13:36:54.000Z</time>
        <extensions>
          <ns3:TrackPointExtension>
            <ns3:hr>145</ns3:hr>
            <ns3:cad>83</ns3:cad>
          </ns3:TrackPointExtension>
        </extensions>
      </trkpt>
      <trkpt lat="31.02173670195043087005615234375" lon="121.42926382832229137420654296875">
        <ele>5.599999904632568359375</ele>
        <time>2026-05-17T13:36:55.000Z</time>
        <extensions>
          <ns3:TrackPointExtension>
            <ns3:hr>144</ns3:hr>
            <ns3:cad>83</ns3:cad>
          </ns3:TrackPointExtension>
        </extensions>
      </trkpt>
      <trkpt lat="31.021763272583484649658203125" lon="121.42932166345417499542236328125">
        <ele>5.80000019073486328125</ele>
        <time>2026-05-17T13:36:56.000Z</time>
        <extensions>
          <ns3:TrackPointExtension>
            <ns3:hr>145</ns3:hr>
            <ns3:cad>83</ns3:cad>
          </ns3:TrackPointExtension>
        </extensions>
      </trkpt>
      <trkpt lat="31.021763272583484649658203125" lon="121.42932166345417499542236328125">
        <ele>6</ele>
        <time>2026-05-17T13:36:57.000Z</time>
        <extensions>
          <ns3:TrackPointExtension>
            <ns3:hr>145</ns3:hr>
            <ns3:cad>83</ns3:cad>
          </ns3:TrackPointExtension>
        </extensions>
      </trkpt>
      <trkpt lat="31.02179579436779022216796875" lon="121.4293710328638553619384765625">
        <ele>6</ele>
        <time>2026-05-17T13:36:58.000Z</time>
        <extensions>
          <ns3:TrackPointExtension>
            <ns3:hr>145</ns3:hr>
            <ns3:cad>83</ns3:cad>
          </ns3:TrackPointExtension>
        </extensions>
      </trkpt>
      <trkpt lat="31.02181247435510158538818359375" lon="121.4293995313346385955810546875">
        <ele>6</ele>
        <time>2026-05-17T13:36:59.000Z</time>
        <extensions>
          <ns3:TrackPointExtension>
            <ns3:hr>145</ns3:hr>
            <ns3:cad>84</ns3:cad>
          </ns3:TrackPointExtension>
        </extensions>
      </trkpt>
      <trkpt lat="31.02183192037045955657958984375" lon="121.42941419966518878936767578125">
        <ele>6</ele>
        <time>2026-05-17T13:37:00.000Z</time>
        <extensions>
          <ns3:TrackPointExtension>
            <ns3:hr>145</ns3:hr>
            <ns3:cad>84</ns3:cad>
          </ns3:TrackPointExtension>
        </extensions>
      </trkpt>
      <trkpt lat="31.02183192037045955657958984375" lon="121.42941419966518878936767578125">
        <ele>6</ele>
        <time>2026-05-17T13:37:01.000Z</time>
        <extensions>
          <ns3:TrackPointExtension>
            <ns3:hr>145</ns3:hr>
            <ns3:cad>84</ns3:cad>
          </ns3:TrackPointExtension>
        </extensions>
      </trkpt>
      <trkpt lat="31.02187399752438068389892578125" lon="121.429457031190395355224609375">
        <ele>5.80000019073486328125</ele>
        <time>2026-05-17T13:37:02.000Z</time>
        <extensions>
          <ns3:TrackPointExtension>
            <ns3:hr>145</ns3:hr>
            <ns3:cad>84</ns3:cad>
          </ns3:TrackPointExtension>
        </extensions>
      </trkpt>
      <trkpt lat="31.02187399752438068389892578125" lon="121.429457031190395355224609375">
        <ele>5.80000019073486328125</ele>
        <time>2026-05-17T13:37:03.000Z</time>
        <extensions>
          <ns3:TrackPointExtension>
            <ns3:hr>144</ns3:hr>
            <ns3:cad>84</ns3:cad>
          </ns3:TrackPointExtension>
        </extensions>
      </trkpt>
      <trkpt lat="31.0219220258295536041259765625" lon="121.42949349246919155120849609375">
        <ele>5.80000019073486328125</ele>
        <time>2026-05-17T13:37:04.000Z</time>
        <extensions>
          <ns3:TrackPointExtension>
            <ns3:hr>145</ns3:hr>
            <ns3:cad>84</ns3:cad>
          </ns3:TrackPointExtension>
        </extensions>
      </trkpt>
      <trkpt lat="31.0219478420913219451904296875" lon="121.42950053326785564422607421875">
        <ele>5.599999904632568359375</ele>
        <time>2026-05-17T13:37:05.000Z</time>
        <extensions>
          <ns3:TrackPointExtension>
            <ns3:hr>145</ns3:hr>
            <ns3:cad>84</ns3:cad>
          </ns3:TrackPointExtension>
        </extensions>
      </trkpt>
      <trkpt lat="31.021976508200168609619140625" lon="121.42951704561710357666015625">
        <ele>5.599999904632568359375</ele>
        <time>2026-05-17T13:37:06.000Z</time>
        <extensions>
          <ns3:TrackPointExtension>
            <ns3:hr>145</ns3:hr>
            <ns3:cad>84</ns3:cad>
          </ns3:TrackPointExtension>
        </extensions>
      </trkpt>
      <trkpt lat="31.021976508200168609619140625" lon="121.42951704561710357666015625">
        <ele>5.599999904632568359375</ele>
        <time>2026-05-17T13:37:07.000Z</time>
        <extensions>
          <ns3:TrackPointExtension>
            <ns3:hr>146</ns3:hr>
            <ns3:cad>84</ns3:cad>
          </ns3:TrackPointExtension>
        </extensions>
      </trkpt>
      <trkpt lat="31.022036187350749969482421875" lon="121.4295316301286220550537109375">
        <ele>5.599999904632568359375</ele>
        <time>2026-05-17T13:37:08.000Z</time>
        <extensions>
          <ns3:TrackPointExtension>
            <ns3:hr>146</ns3:hr>
            <ns3:cad>84</ns3:cad>
          </ns3:TrackPointExtension>
        </extensions>
      </trkpt>
      <trkpt lat="31.022036187350749969482421875" lon="121.4295316301286220550537109375">
        <ele>5.599999904632568359375</ele>
        <time>2026-05-17T13:37:09.000Z</time>
        <extensions>
          <ns3:TrackPointExtension>
            <ns3:hr>146</ns3:hr>
            <ns3:cad>84</ns3:cad>
          </ns3:TrackPointExtension>
        </extensions>
      </trkpt>
      <trkpt lat="31.022094525396823883056640625" lon="121.4295222423970699310302734375">
        <ele>5.599999904632568359375</ele>
        <time>2026-05-17T13:37:10.000Z</time>
        <extensions>
          <ns3:TrackPointExtension>
            <ns3:hr>146</ns3:hr>
            <ns3:cad>84</ns3:cad>
          </ns3:TrackPointExtension>
        </extensions>
      </trkpt>
      <trkpt lat="31.0221258737146854400634765625" lon="121.4295230805873870849609375">
        <ele>5.599999904632568359375</ele>
        <time>2026-05-17T13:37:11.000Z</time>
        <extensions>
          <ns3:TrackPointExtension>
            <ns3:hr>146</ns3:hr>
            <ns3:cad>86</ns3:cad>
          </ns3:TrackPointExtension>
        </extensions>
      </trkpt>
      <trkpt lat="31.0221258737146854400634765625" lon="121.4295230805873870849609375">
        <ele>5.599999904632568359375</ele>
        <time>2026-05-17T13:37:12.000Z</time>
        <extensions>
          <ns3:TrackPointExtension>
            <ns3:hr>147</ns3:hr>
            <ns3:cad>86</ns3:cad>
          </ns3:TrackPointExtension>
        </extensions>
      </trkpt>
      <trkpt lat="31.02215495891869068145751953125" lon="121.42951528541743755340576171875">
        <ele>5.599999904632568359375</ele>
        <time>2026-05-17T13:37:13.000Z</time>
        <extensions>
          <ns3:TrackPointExtension>
            <ns3:hr>147</ns3:hr>
            <ns3:cad>85</ns3:cad>
          </ns3:TrackPointExtension>
        </extensions>
      </trkpt>
      <trkpt lat="31.02221715264022350311279296875" lon="121.42950271256268024444580078125">
        <ele>5.599999904632568359375</ele>
        <time>2026-05-17T13:37:14.000Z</time>
        <extensions>
          <ns3:TrackPointExtension>
            <ns3:hr>148</ns3:hr>
            <ns3:cad>85</ns3:cad>
          </ns3:TrackPointExtension>
        </extensions>
      </trkpt>
      <trkpt lat="31.02221715264022350311279296875" lon="121.42950271256268024444580078125">
        <ele>5.599999904632568359375</ele>
        <time>2026-05-17T13:37:15.000Z</time>
        <extensions>
          <ns3:TrackPointExtension>
            <ns3:hr>148</ns3:hr>
            <ns3:cad>85</ns3:cad>
          </ns3:TrackPointExtension>
        </extensions>
      </trkpt>
      <trkpt lat="31.0222537815570831298828125" lon="121.42949332483112812042236328125">
        <ele>5.599999904632568359375</ele>
        <time>2026-05-17T13:37:16.000Z</time>
        <extensions>
          <ns3:TrackPointExtension>
            <ns3:hr>149</ns3:hr>
            <ns3:cad>86</ns3:cad>
          </ns3:TrackPointExtension>
        </extensions>
      </trkpt>
      <trkpt lat="31.02228353731334209442138671875" lon="121.42948259599506855010986328125">
        <ele>5.599999904632568359375</ele>
        <time>2026-05-17T13:37:17.000Z</time>
        <extensions>
          <ns3:TrackPointExtension>
            <ns3:hr>149</ns3:hr>
            <ns3:cad>86</ns3:cad>
          </ns3:TrackPointExtension>
        </extensions>
      </trkpt>
      <trkpt lat="31.02231102995574474334716796875" lon="121.429472453892230987548828125">
        <ele>5.599999904632568359375</ele>
        <time>2026-05-17T13:37:18.000Z</time>
        <extensions>
          <ns3:TrackPointExtension>
            <ns3:hr>150</ns3:hr>
            <ns3:cad>85</ns3:cad>
          </ns3:TrackPointExtension>
        </extensions>
      </trkpt>
      <trkpt lat="31.022340618073940277099609375" lon="121.42947035841643810272216796875">
        <ele>5.400000095367431640625</ele>
        <time>2026-05-17T13:37:19.000Z</time>
        <extensions>
          <ns3:TrackPointExtension>
            <ns3:hr>150</ns3:hr>
            <ns3:cad>85</ns3:cad>
          </ns3:TrackPointExtension>
        </extensions>
      </trkpt>
      <trkpt lat="31.02240172214806079864501953125" lon="121.429462395608425140380859375">
        <ele>5.400000095367431640625</ele>
        <time>2026-05-17T13:37:20.000Z</time>
        <extensions>
          <ns3:TrackPointExtension>
            <ns3:hr>151</ns3:hr>
            <ns3:cad>85</ns3:cad>
          </ns3:TrackPointExtension>
        </extensions>
      </trkpt>
      <trkpt lat="31.0224242694675922393798828125" lon="121.42945661209523677825927734375">
        <ele>5.400000095367431640625</ele>
        <time>2026-05-17T13:37:21.000Z</time>
        <extensions>
          <ns3:TrackPointExtension>
            <ns3:hr>151</ns3:hr>
            <ns3:cad>84</ns3:cad>
          </ns3:TrackPointExtension>
        </extensions>
      </trkpt>
      <trkpt lat="31.02245586924254894256591796875" lon="121.429442949593067169189453125">
        <ele>5.19999980926513671875</ele>
        <time>2026-05-17T13:37:22.000Z</time>
        <extensions>
          <ns3:TrackPointExtension>
            <ns3:hr>151</ns3:hr>
            <ns3:cad>84</ns3:cad>
          </ns3:TrackPointExtension>
        </extensions>
      </trkpt>
      <trkpt lat="31.02248403243720531463623046875" lon="121.4294387586414813995361328125">
        <ele>5.19999980926513671875</ele>
        <time>2026-05-17T13:37:23.000Z</time>
        <extensions>
          <ns3:TrackPointExtension>
            <ns3:hr>152</ns3:hr>
            <ns3:cad>84</ns3:cad>
          </ns3:TrackPointExtension>
        </extensions>
      </trkpt>
      <trkpt lat="31.02248403243720531463623046875" lon="121.4294387586414813995361328125">
        <ele>5.400000095367431640625</ele>
        <time>2026-05-17T13:37:24.000Z</time>
        <extensions>
          <ns3:TrackPointExtension>
            <ns3:hr>152</ns3:hr>
            <ns3:cad>84</ns3:cad>
          </ns3:TrackPointExtension>
        </extensions>
      </trkpt>
      <trkpt lat="31.02251186035573482513427734375" lon="121.4294266887009143829345703125">
        <ele>5.19999980926513671875</ele>
        <time>2026-05-17T13:37:25.000Z</time>
        <extensions>
          <ns3:TrackPointExtension>
            <ns3:hr>153</ns3:hr>
            <ns3:cad>84</ns3:cad>
          </ns3:TrackPointExtension>
        </extensions>
      </trkpt>
      <trkpt lat="31.02257036603987216949462890625" lon="121.42942224629223346710205078125">
        <ele>5.400000095367431640625</ele>
        <time>2026-05-17T13:37:26.000Z</time>
        <extensions>
          <ns3:TrackPointExtension>
            <ns3:hr>153</ns3:hr>
            <ns3:cad>84</ns3:cad>
          </ns3:TrackPointExtension>
        </extensions>
      </trkpt>
      <trkpt lat="31.02257036603987216949462890625" lon="121.42942224629223346710205078125">
        <ele>5.400000095367431640625</ele>
        <time>2026-05-17T13:37:27.000Z</time>
        <extensions>
          <ns3:TrackPointExtension>
            <ns3:hr>153</ns3:hr>
            <ns3:cad>84</ns3:cad>
          </ns3:TrackPointExtension>
        </extensions>
      </trkpt>
      <trkpt lat="31.022631637752056121826171875" lon="121.429404728114604949951171875">
        <ele>5.400000095367431640625</ele>
        <time>2026-05-17T13:37:28.000Z</time>
        <extensions>
          <ns3:TrackPointExtension>
            <ns3:hr>153</ns3:hr>
            <ns3:cad>85</ns3:cad>
          </ns3:TrackPointExtension>
        </extensions>
      </trkpt>
      <trkpt lat="31.022631637752056121826171875" lon="121.429404728114604949951171875">
        <ele>5.400000095367431640625</ele>
        <time>2026-05-17T13:37:29.000Z</time>
        <extensions>
          <ns3:TrackPointExtension>
            <ns3:hr>153</ns3:hr>
            <ns3:cad>85</ns3:cad>
          </ns3:TrackPointExtension>
        </extensions>
      </trkpt>
      <trkpt lat="31.0226596333086490631103515625" lon="121.42939425073564052581787109375">
        <ele>5.400000095367431640625</ele>
        <time>2026-05-17T13:37:30.000Z</time>
        <extensions>
          <ns3:TrackPointExtension>
            <ns3:hr>153</ns3:hr>
            <ns3:cad>85</ns3:cad>
          </ns3:TrackPointExtension>
        </extensions>
      </trkpt>
      <trkpt lat="31.022690646350383758544921875" lon="121.42939098179340362548828125">
        <ele>5.400000095367431640625</ele>
        <time>2026-05-17T13:37:31.000Z</time>
        <extensions>
          <ns3:TrackPointExtension>
            <ns3:hr>153</ns3:hr>
            <ns3:cad>85</ns3:cad>
          </ns3:TrackPointExtension>
        </extensions>
      </trkpt>
      <trkpt lat="31.02275225333869457244873046875" lon="121.4293797500431537628173828125">
        <ele>5.400000095367431640625</ele>
        <time>2026-05-17T13:37:32.000Z</time>
        <extensions>
          <ns3:TrackPointExtension>
            <ns3:hr>153</ns3:hr>
            <ns3:cad>85</ns3:cad>
          </ns3:TrackPointExtension>
        </extensions>
      </trkpt>
      <trkpt lat="31.02275225333869457244873046875" lon="121.4293797500431537628173828125">
        <ele>5.400000095367431640625</ele>
        <time>2026-05-17T13:37:33.000Z</time>
        <extensions>
          <ns3:TrackPointExtension>
            <ns3:hr>153</ns3:hr>
            <ns3:cad>85</ns3:cad>
          </ns3:TrackPointExtension>
        </extensions>
      </trkpt>
      <trkpt lat="31.02277438156306743621826171875" lon="121.42937128432095050811767578125">
        <ele>5.400000095367431640625</ele>
        <time>2026-05-17T13:37:34.000Z</time>
        <extensions>
          <ns3:TrackPointExtension>
            <ns3:hr>153</ns3:hr>
            <ns3:cad>85</ns3:cad>
          </ns3:TrackPointExtension>
        </extensions>
      </trkpt>
      <trkpt lat="31.02283540181815624237060546875" lon="121.429353766143321990966796875">
        <ele>5.19999980926513671875</ele>
        <time>2026-05-17T13:37:35.000Z</time>
        <extensions>
          <ns3:TrackPointExtension>
            <ns3:hr>154</ns3:hr>
            <ns3:cad>85</ns3:cad>
          </ns3:TrackPointExtension>
        </extensions>
      </trkpt>
      <trkpt lat="31.02286155335605144500732421875" lon="121.42934404313564300537109375">
        <ele>5.19999980926513671875</ele>
        <time>2026-05-17T13:37:36.000Z</time>
        <extensions>
          <ns3:TrackPointExtension>
            <ns3:hr>153</ns3:hr>
            <ns3:cad>85</ns3:cad>
          </ns3:TrackPointExtension>
        </extensions>
      </trkpt>
      <trkpt lat="31.02286155335605144500732421875" lon="121.42934404313564300537109375">
        <ele>5.19999980926513671875</ele>
        <time>2026-05-17T13:37:37.000Z</time>
        <extensions>
          <ns3:TrackPointExtension>
            <ns3:hr>153</ns3:hr>
            <ns3:cad>85</ns3:cad>
          </ns3:TrackPointExtension>
        </extensions>
      </trkpt>
      <trkpt lat="31.022894494235515594482421875" lon="121.42934027127921581268310546875">
        <ele>5.19999980926513671875</ele>
        <time>2026-05-17T13:37:38.000Z</time>
        <extensions>
          <ns3:TrackPointExtension>
            <ns3:hr>154</ns3:hr>
            <ns3:cad>85</ns3:cad>
          </ns3:TrackPointExtension>
        </extensions>
      </trkpt>
      <trkpt lat="31.022915951907634735107421875" lon="121.42933054827153682708740234375">
        <ele>5.19999980926513671875</ele>
        <time>2026-05-17T13:37:39.000Z</time>
        <extensions>
          <ns3:TrackPointExtension>
            <ns3:hr>154</ns3:hr>
            <ns3:cad>85</ns3:cad>
          </ns3:TrackPointExtension>
        </extensions>
      </trkpt>
      <trkpt lat="31.02294906042516231536865234375" lon="121.4293143711984157562255859375">
        <ele>5</ele>
        <time>2026-05-17T13:37:40.000Z</time>
        <extensions>
          <ns3:TrackPointExtension>
            <ns3:hr>154</ns3:hr>
            <ns3:cad>85</ns3:cad>
          </ns3:TrackPointExtension>
        </extensions>
      </trkpt>
      <trkpt lat="31.02297286503016948699951171875" lon="121.4292992837727069854736328125">
        <ele>5</ele>
        <time>2026-05-17T13:37:41.000Z</time>
        <extensions>
          <ns3:TrackPointExtension>
            <ns3:hr>154</ns3:hr>
            <ns3:cad>85</ns3:cad>
          </ns3:TrackPointExtension>
        </extensions>
      </trkpt>
      <trkpt lat="31.0230002738535404205322265625" lon="121.42928008921444416046142578125">
        <ele>5</ele>
        <time>2026-05-17T13:37:42.000Z</time>
        <extensions>
          <ns3:TrackPointExtension>
            <ns3:hr>154</ns3:hr>
            <ns3:cad>85</ns3:cad>
          </ns3:TrackPointExtension>
        </extensions>
      </trkpt>
      <trkpt lat="31.0230304487049579620361328125" lon="121.42926248721778392791748046875">
        <ele>5</ele>
        <time>2026-05-17T13:37:43.000Z</time>
        <extensions>
          <ns3:TrackPointExtension>
            <ns3:hr>153</ns3:hr>
            <ns3:cad>85</ns3:cad>
          </ns3:TrackPointExtension>
        </extensions>
      </trkpt>
      <trkpt lat="31.02305249311029911041259765625" lon="121.429242454469203948974609375">
        <ele>5</ele>
        <time>2026-05-17T13:37:44.000Z</time>
        <extensions>
          <ns3:TrackPointExtension>
            <ns3:hr>154</ns3:hr>
            <ns3:cad>85</ns3:cad>
          </ns3:TrackPointExtension>
        </extensions>
      </trkpt>
      <trkpt lat="31.02307881228625774383544921875" lon="121.42921739257872104644775390625">
        <ele>5.19999980926513671875</ele>
        <time>2026-05-17T13:37:45.000Z</time>
        <extensions>
          <ns3:TrackPointExtension>
            <ns3:hr>154</ns3:hr>
            <ns3:cad>85</ns3:cad>
          </ns3:TrackPointExtension>
        </extensions>
      </trkpt>
      <trkpt lat="31.023098342120647430419921875" lon="121.4291960187256336212158203125">
        <ele>5.19999980926513671875</ele>
        <time>2026-05-17T13:37:46.000Z</time>
        <extensions>
          <ns3:TrackPointExtension>
            <ns3:hr>154</ns3:hr>
            <ns3:cad>85</ns3:cad>
          </ns3:TrackPointExtension>
        </extensions>
      </trkpt>
      <trkpt lat="31.02311611175537109375" lon="121.4291655085980892181396484375">
        <ele>5.19999980926513671875</ele>
        <time>2026-05-17T13:37:47.000Z</time>
        <extensions>
          <ns3:TrackPointExtension>
            <ns3:hr>154</ns3:hr>
            <ns3:cad>84</ns3:cad>
          </ns3:TrackPointExtension>
        </extensions>
      </trkpt>
      <trkpt lat="31.023136563599109649658203125" lon="121.42913843505084514617919921875">
        <ele>5.19999980926513671875</ele>
        <time>2026-05-17T13:37:48.000Z</time>
        <extensions>
          <ns3:TrackPointExtension>
            <ns3:hr>154</ns3:hr>
            <ns3:cad>84</ns3:cad>
          </ns3:TrackPointExtension>
        </extensions>
      </trkpt>
      <trkpt lat="31.0231705941259860992431640625" lon="121.4290803484618663787841796875">
        <ele>5.19999980926513671875</ele>
        <time>2026-05-17T13:37:49.000Z</time>
        <extensions>
          <ns3:TrackPointExtension>
            <ns3:hr>154</ns3:hr>
            <ns3:cad>84</ns3:cad>
          </ns3:TrackPointExtension>
        </extensions>
      </trkpt>
      <trkpt lat="31.0231705941259860992431640625" lon="121.4290803484618663787841796875">
        <ele>5</ele>
        <time>2026-05-17T13:37:50.000Z</time>
        <extensions>
          <ns3:TrackPointExtension>
            <ns3:hr>154</ns3:hr>
            <ns3:cad>84</ns3:cad>
          </ns3:TrackPointExtension>
        </extensions>
      </trkpt>
      <trkpt lat="31.02318492718040943145751953125" lon="121.42905570566654205322265625">
        <ele>5</ele>
        <time>2026-05-17T13:37:51.000Z</time>
        <extensions>
          <ns3:TrackPointExtension>
            <ns3:hr>154</ns3:hr>
            <ns3:cad>84</ns3:cad>
          </ns3:TrackPointExtension>
        </extensions>
      </trkpt>
      <trkpt lat="31.0231964103877544403076171875" lon="121.42902108840644359588623046875">
        <ele>5</ele>
        <time>2026-05-17T13:37:52.000Z</time>
        <extensions>
          <ns3:TrackPointExtension>
            <ns3:hr>155</ns3:hr>
            <ns3:cad>84</ns3:cad>
          </ns3:TrackPointExtension>
        </extensions>
      </trkpt>
      <trkpt lat="31.02320839650928974151611328125" lon="121.42899158410727977752685546875">
        <ele>5</ele>
        <time>2026-05-17T13:37:53.000Z</time>
        <extensions>
          <ns3:TrackPointExtension>
            <ns3:hr>154</ns3:hr>
            <ns3:cad>84</ns3:cad>
          </ns3:TrackPointExtension>
        </extensions>
      </trkpt>
      <trkpt lat="31.023215353488922119140625" lon="121.42896409146487712860107421875">
        <ele>5.19999980926513671875</ele>
        <time>2026-05-17T13:37:54.000Z</time>
        <extensions>
          <ns3:TrackPointExtension>
            <ns3:hr>154</ns3:hr>
            <ns3:cad>84</ns3:cad>
          </ns3:TrackPointExtension>
        </extensions>
      </trkpt>
      <trkpt lat="31.02322583086788654327392578125" lon="121.42892871983349323272705078125">
        <ele>5.19999980926513671875</ele>
        <time>2026-05-17T13:37:55.000Z</time>
        <extensions>
          <ns3:TrackPointExtension>
            <ns3:hr>154</ns3:hr>
            <ns3:cad>84</ns3:cad>
          </ns3:TrackPointExtension>
        </extensions>
      </trkpt>
      <trkpt lat="31.02323253639042377471923828125" lon="121.4288610778748989105224609375">
        <ele>5.19999980926513671875</ele>
        <time>2026-05-17T13:37:56.000Z</time>
        <extensions>
          <ns3:TrackPointExtension>
            <ns3:hr>154</ns3:hr>
            <ns3:cad>83</ns3:cad>
          </ns3:TrackPointExtension>
        </extensions>
      </trkpt>
      <trkpt lat="31.02323253639042377471923828125" lon="121.4288610778748989105224609375">
        <ele>5</ele>
        <time>2026-05-17T13:37:57.000Z</time>
        <extensions>
          <ns3:TrackPointExtension>
            <ns3:hr>154</ns3:hr>
            <ns3:cad>83</ns3:cad>
          </ns3:TrackPointExtension>
        </extensions>
      </trkpt>
      <trkpt lat="31.02323706261813640594482421875" lon="121.4288258738815784454345703125">
        <ele>5.19999980926513671875</ele>
        <time>2026-05-17T13:37:58.000Z</time>
        <extensions>
          <ns3:TrackPointExtension>
            <ns3:hr>154</ns3:hr>
            <ns3:cad>83</ns3:cad>
          </ns3:TrackPointExtension>
        </extensions>
      </trkpt>
      <trkpt lat="31.02322147227823734283447265625" lon="121.428748928010463714599609375">
        <ele>5.19999980926513671875</ele>
        <time>2026-05-17T13:37:59.000Z</time>
        <extensions>
          <ns3:TrackPointExtension>
            <ns3:hr>153</ns3:hr>
            <ns3:cad>84</ns3:cad>
          </ns3:TrackPointExtension>
        </extensions>
      </trkpt>
      <trkpt lat="31.0232141800224781036376953125" lon="121.42871766351163387298583984375">
        <ele>5.19999980926513671875</ele>
        <time>2026-05-17T13:38:00.000Z</time>
        <extensions>
          <ns3:TrackPointExtension>
            <ns3:hr>153</ns3:hr>
            <ns3:cad>84</ns3:cad>
          </ns3:TrackPointExtension>
        </extensions>
      </trkpt>
      <trkpt lat="31.0232141800224781036376953125" lon="121.42871766351163387298583984375">
        <ele>5.19999980926513671875</ele>
        <time>2026-05-17T13:38:01.000Z</time>
        <extensions>
          <ns3:TrackPointExtension>
            <ns3:hr>153</ns3:hr>
            <ns3:cad>84</ns3:cad>
          </ns3:TrackPointExtension>
        </extensions>
      </trkpt>
      <trkpt lat="31.02319900877773761749267578125" lon="121.42869000323116779327392578125">
        <ele>5.19999980926513671875</ele>
        <time>2026-05-17T13:38:02.000Z</time>
        <extensions>
          <ns3:TrackPointExtension>
            <ns3:hr>153</ns3:hr>
            <ns3:cad>84</ns3:cad>
          </ns3:TrackPointExtension>
        </extensions>
      </trkpt>
      <trkpt lat="31.02318475954234600067138671875" lon="121.42865546979010105133056640625">
        <ele>5.19999980926513671875</ele>
        <time>2026-05-17T13:38:03.000Z</time>
        <extensions>
          <ns3:TrackPointExtension>
            <ns3:hr>154</ns3:hr>
            <ns3:cad>83</ns3:cad>
          </ns3:TrackPointExtension>
        </extensions>
      </trkpt>
      <trkpt lat="31.023168750107288360595703125" lon="121.428631246089935302734375">
        <ele>5.19999980926513671875</ele>
        <time>2026-05-17T13:38:04.000Z</time>
        <extensions>
          <ns3:TrackPointExtension>
            <ns3:hr>153</ns3:hr>
            <ns3:cad>83</ns3:cad>
          </ns3:TrackPointExtension>
        </extensions>
      </trkpt>
      <trkpt lat="31.02313153445720672607421875" lon="121.42857332713901996612548828125">
        <ele>5.19999980926513671875</ele>
        <time>2026-05-17T13:38:05.000Z</time>
        <extensions>
          <ns3:TrackPointExtension>
            <ns3:hr>153</ns3:hr>
            <ns3:cad>82</ns3:cad>
          </ns3:TrackPointExtension>
        </extensions>
      </trkpt>
      <trkpt lat="31.02313153445720672607421875" lon="121.42857332713901996612548828125">
        <ele>5.19999980926513671875</ele>
        <time>2026-05-17T13:38:06.000Z</time>
        <extensions>
          <ns3:TrackPointExtension>
            <ns3:hr>153</ns3:hr>
            <ns3:cad>82</ns3:cad>
          </ns3:TrackPointExtension>
        </extensions>
      </trkpt>
      <trkpt lat="31.02310999296605587005615234375" lon="121.42855346202850341796875">
        <ele>5.400000095367431640625</ele>
        <time>2026-05-17T13:38:07.000Z</time>
        <extensions>
          <ns3:TrackPointExtension>
            <ns3:hr>154</ns3:hr>
            <ns3:cad>82</ns3:cad>
          </ns3:TrackPointExtension>
        </extensions>
      </trkpt>
      <trkpt lat="31.02309130132198333740234375" lon="121.42852689139544963836669921875">
        <ele>5.19999980926513671875</ele>
        <time>2026-05-17T13:38:08.000Z</time>
        <extensions>
          <ns3:TrackPointExtension>
            <ns3:hr>153</ns3:hr>
            <ns3:cad>82</ns3:cad>
          </ns3:TrackPointExtension>
        </extensions>
      </trkpt>
      <trkpt lat="31.0230750404298305511474609375" lon="121.42851364798843860626220703125">
        <ele>5.19999980926513671875</ele>
        <time>2026-05-17T13:38:09.000Z</time>
        <extensions>
          <ns3:TrackPointExtension>
            <ns3:hr>153</ns3:hr>
            <ns3:cad>83</ns3:cad>
          </ns3:TrackPointExtension>
        </extensions>
      </trkpt>
      <trkpt lat="31.02304838597774505615234375" lon="121.4284895919263362884521484375">
        <ele>5.19999980926513671875</ele>
        <time>2026-05-17T13:38:10.000Z</time>
        <extensions>
          <ns3:TrackPointExtension>
            <ns3:hr>153</ns3:hr>
            <ns3:cad>83</ns3:cad>
          </ns3:TrackPointExtension>
        </extensions>
      </trkpt>
      <trkpt lat="31.023026593029499053955078125" lon="121.4284751750528812408447265625">
        <ele>5</ele>
        <time>2026-05-17T13:38:11.000Z</time>
        <extensions>
          <ns3:TrackPointExtension>
            <ns3:hr>154</ns3:hr>
            <ns3:cad>84</ns3:cad>
          </ns3:TrackPointExtension>
        </extensions>
      </trkpt>
      <trkpt lat="31.02299968712031841278076171875" lon="121.4284647814929485321044921875">
        <ele>5</ele>
        <time>2026-05-17T13:38:12.000Z</time>
        <extensions>
          <ns3:TrackPointExtension>
            <ns3:hr>153</ns3:hr>
            <ns3:cad>84</ns3:cad>
          </ns3:TrackPointExtension>
        </extensions>
      </trkpt>
      <trkpt lat="31.022973619401454925537109375" lon="121.4284473471343517303466796875">
        <ele>4.80000019073486328125</ele>
        <time>2026-05-17T13:38:13.000Z</time>
        <extensions>
          <ns3:TrackPointExtension>
            <ns3:hr>153</ns3:hr>
            <ns3:cad>84</ns3:cad>
          </ns3:TrackPointExtension>
        </extensions>
      </trkpt>
      <trkpt lat="31.02291804738342761993408203125" lon="121.4284248836338520050048828125">
        <ele>4.80000019073486328125</ele>
        <time>2026-05-17T13:38:14.000Z</time>
        <extensions>
          <ns3:TrackPointExtension>
            <ns3:hr>153</ns3:hr>
            <ns3:cad>84</ns3:cad>
          </ns3:TrackPointExtension>
        </extensions>
      </trkpt>
      <trkpt lat="31.02291804738342761993408203125" lon="121.4284248836338520050048828125">
        <ele>4.80000019073486328125</ele>
        <time>2026-05-17T13:38:15.000Z</time>
        <extensions>
          <ns3:TrackPointExtension>
            <ns3:hr>153</ns3:hr>
            <ns3:cad>84</ns3:cad>
          </ns3:TrackPointExtension>
        </extensions>
      </trkpt>
      <trkpt lat="31.0228641517460346221923828125" lon="121.42841507680714130401611328125">
        <ele>4.80000019073486328125</ele>
        <time>2026-05-17T13:38:16.000Z</time>
        <extensions>
          <ns3:TrackPointExtension>
            <ns3:hr>154</ns3:hr>
            <ns3:cad>84</ns3:cad>
          </ns3:TrackPointExtension>
        </extensions>
      </trkpt>
      <trkpt lat="31.022837497293949127197265625" lon="121.4284094609320163726806640625">
        <ele>4.80000019073486328125</ele>
        <time>2026-05-17T13:38:17.000Z</time>
        <extensions>
          <ns3:TrackPointExtension>
            <ns3:hr>153</ns3:hr>
            <ns3:cad>84</ns3:cad>
          </ns3:TrackPointExtension>
        </extensions>
      </trkpt>
      <trkpt lat="31.022837497293949127197265625" lon="121.4284094609320163726806640625">
        <ele>4.80000019073486328125</ele>
        <time>2026-05-17T13:38:18.000Z</time>
        <extensions>
          <ns3:TrackPointExtension>
            <ns3:hr>154</ns3:hr>
            <ns3:cad>84</ns3:cad>
          </ns3:TrackPointExtension>
        </extensions>
      </trkpt>
      <trkpt lat="31.022812686860561370849609375" lon="121.4284104667603969573974609375">
        <ele>4.80000019073486328125</ele>
        <time>2026-05-17T13:38:19.000Z</time>
        <extensions>
          <ns3:TrackPointExtension>
            <ns3:hr>154</ns3:hr>
            <ns3:cad>84</ns3:cad>
          </ns3:TrackPointExtension>
        </extensions>
      </trkpt>
      <trkpt lat="31.0227612219750881195068359375" lon="121.42840887419879436492919921875">
        <ele>5</ele>
        <time>2026-05-17T13:38:20.000Z</time>
        <extensions>
          <ns3:TrackPointExtension>
            <ns3:hr>154</ns3:hr>
            <ns3:cad>84</ns3:cad>
          </ns3:TrackPointExtension>
        </extensions>
      </trkpt>
      <trkpt lat="31.02272844873368740081787109375" lon="121.42841658554971218109130859375">
        <ele>5</ele>
        <time>2026-05-17T13:38:21.000Z</time>
        <extensions>
          <ns3:TrackPointExtension>
            <ns3:hr>154</ns3:hr>
            <ns3:cad>85</ns3:cad>
          </ns3:TrackPointExtension>
        </extensions>
      </trkpt>
      <trkpt lat="31.02272844873368740081787109375" lon="121.42841658554971218109130859375">
        <ele>5</ele>
        <time>2026-05-17T13:38:22.000Z</time>
        <extensions>
          <ns3:TrackPointExtension>
            <ns3:hr>154</ns3:hr>
            <ns3:cad>85</ns3:cad>
          </ns3:TrackPointExtension>
        </extensions>
      </trkpt>
      <trkpt lat="31.02270162664353847503662109375" lon="121.4284248836338520050048828125">
        <ele>4.80000019073486328125</ele>
        <time>2026-05-17T13:38:23.000Z</time>
        <extensions>
          <ns3:TrackPointExtension>
            <ns3:hr>154</ns3:hr>
            <ns3:cad>85</ns3:cad>
          </ns3:TrackPointExtension>
        </extensions>
      </trkpt>
      <trkpt lat="31.02264605462551116943359375" lon="121.42843904905021190643310546875">
        <ele>5</ele>
        <time>2026-05-17T13:38:24.000Z</time>
        <extensions>
          <ns3:TrackPointExtension>
            <ns3:hr>154</ns3:hr>
            <ns3:cad>85</ns3:cad>
          </ns3:TrackPointExtension>
        </extensions>
      </trkpt>
      <trkpt lat="31.022620908915996551513671875" lon="121.428449191153049468994140625">
        <ele>5</ele>
        <time>2026-05-17T13:38:25.000Z</time>
        <extensions>
          <ns3:TrackPointExtension>
            <ns3:hr>154</ns3:hr>
            <ns3:cad>85</ns3:cad>
          </ns3:TrackPointExtension>
        </extensions>
      </trkpt>
      <trkpt lat="31.02258394472301006317138671875" lon="121.42845489084720611572265625">
        <ele>5.19999980926513671875</ele>
        <time>2026-05-17T13:38:26.000Z</time>
        <extensions>
          <ns3:TrackPointExtension>
            <ns3:hr>155</ns3:hr>
            <ns3:cad>85</ns3:cad>
          </ns3:TrackPointExtension>
        </extensions>
      </trkpt>
      <trkpt lat="31.02258394472301006317138671875" lon="121.42845489084720611572265625">
        <ele>5.19999980926513671875</ele>
        <time>2026-05-17T13:38:27.000Z</time>
        <extensions>
          <ns3:TrackPointExtension>
            <ns3:hr>155</ns3:hr>
            <ns3:cad>85</ns3:cad>
          </ns3:TrackPointExtension>
        </extensions>
      </trkpt>
      <trkpt lat="31.0225620679557323455810546875" lon="121.42846335656940937042236328125">
        <ele>5.19999980926513671875</ele>
        <time>2026-05-17T13:38:28.000Z</time>
        <extensions>
          <ns3:TrackPointExtension>
            <ns3:hr>155</ns3:hr>
            <ns3:cad>85</ns3:cad>
          </ns3:TrackPointExtension>
        </extensions>
      </trkpt>
      <trkpt lat="31.02250926196575164794921875" lon="121.4284805394709110260009765625">
        <ele>5</ele>
        <time>2026-05-17T13:38:29.000Z</time>
        <extensions>
          <ns3:TrackPointExtension>
            <ns3:hr>155</ns3:hr>
            <ns3:cad>85</ns3:cad>
          </ns3:TrackPointExtension>
        </extensions>
      </trkpt>
      <trkpt lat="31.02248554117977619171142578125" lon="121.4284919388592243194580078125">
        <ele>5</ele>
        <time>2026-05-17T13:38:30.000Z</time>
        <extensions>
          <ns3:TrackPointExtension>
            <ns3:hr>154</ns3:hr>
            <ns3:cad>85</ns3:cad>
          </ns3:TrackPointExtension>
        </extensions>
      </trkpt>
      <trkpt lat="31.022452600300312042236328125" lon="121.4284942857921123504638671875">
        <ele>5</ele>
        <time>2026-05-17T13:38:31.000Z</time>
        <extensions>
          <ns3:TrackPointExtension>
            <ns3:hr>155</ns3:hr>
            <ns3:cad>85</ns3:cad>
          </ns3:TrackPointExtension>
        </extensions>
      </trkpt>
      <trkpt lat="31.02243189699947834014892578125" lon="121.42850224860012531280517578125">
        <ele>5</ele>
        <time>2026-05-17T13:38:32.000Z</time>
        <extensions>
          <ns3:TrackPointExtension>
            <ns3:hr>155</ns3:hr>
            <ns3:cad>85</ns3:cad>
          </ns3:TrackPointExtension>
        </extensions>
      </trkpt>
      <trkpt lat="31.02243189699947834014892578125" lon="121.42850224860012531280517578125">
        <ele>5</ele>
        <time>2026-05-17T13:38:33.000Z</time>
        <extensions>
          <ns3:TrackPointExtension>
            <ns3:hr>155</ns3:hr>
            <ns3:cad>85</ns3:cad>
          </ns3:TrackPointExtension>
        </extensions>
      </trkpt>
      <trkpt lat="31.0223743133246898651123046875" lon="121.4285217784345149993896484375">
        <ele>5.19999980926513671875</ele>
        <time>2026-05-17T13:38:34.000Z</time>
        <extensions>
          <ns3:TrackPointExtension>
            <ns3:hr>155</ns3:hr>
            <ns3:cad>85</ns3:cad>
          </ns3:TrackPointExtension>
        </extensions>
      </trkpt>
      <trkpt lat="31.02234925143420696258544921875" lon="121.428532339632511138916015625">
        <ele>5.19999980926513671875</ele>
        <time>2026-05-17T13:38:35.000Z</time>
        <extensions>
          <ns3:TrackPointExtension>
            <ns3:hr>155</ns3:hr>
            <ns3:cad>85</ns3:cad>
          </ns3:TrackPointExtension>
        </extensions>
      </trkpt>
      <trkpt lat="31.02231974713504314422607421875" lon="121.42853477038443088531494140625">
        <ele>5.19999980926513671875</ele>
        <time>2026-05-17T13:38:36.000Z</time>
        <extensions>
          <ns3:TrackPointExtension>
            <ns3:hr>155</ns3:hr>
            <ns3:cad>85</ns3:cad>
          </ns3:TrackPointExtension>
        </extensions>
      </trkpt>
      <trkpt lat="31.0222965292632579803466796875" lon="121.428543739020824432373046875">
        <ele>5.19999980926513671875</ele>
        <time>2026-05-17T13:38:37.000Z</time>
        <extensions>
          <ns3:TrackPointExtension>
            <ns3:hr>155</ns3:hr>
            <ns3:cad>85</ns3:cad>
          </ns3:TrackPointExtension>
        </extensions>
      </trkpt>
      <trkpt lat="31.02226191200315952301025390625" lon="121.4285465888679027557373046875">
        <ele>5.19999980926513671875</ele>
        <time>2026-05-17T13:38:38.000Z</time>
        <extensions>
          <ns3:TrackPointExtension>
            <ns3:hr>156</ns3:hr>
            <ns3:cad>85</ns3:cad>
          </ns3:TrackPointExtension>
        </extensions>
      </trkpt>
      <trkpt lat="31.02226191200315952301025390625" lon="121.4285465888679027557373046875">
        <ele>5.400000095367431640625</ele>
        <time>2026-05-17T13:38:39.000Z</time>
        <extensions>
          <ns3:TrackPointExtension>
            <ns3:hr>156</ns3:hr>
            <ns3:cad>85</ns3:cad>
          </ns3:TrackPointExtension>
        </extensions>
      </trkpt>
      <trkpt lat="31.02220885455608367919921875" lon="121.4285677112638950347900390625">
        <ele>5.19999980926513671875</ele>
        <time>2026-05-17T13:38:40.000Z</time>
        <extensions>
          <ns3:TrackPointExtension>
            <ns3:hr>156</ns3:hr>
            <ns3:cad>85</ns3:cad>
          </ns3:TrackPointExtension>
        </extensions>
      </trkpt>
      <trkpt lat="31.022181697189807891845703125" lon="121.4285703934729099273681640625">
        <ele>5.19999980926513671875</ele>
        <time>2026-05-17T13:38:41.000Z</time>
        <extensions>
          <ns3:TrackPointExtension>
            <ns3:hr>156</ns3:hr>
            <ns3:cad>85</ns3:cad>
          </ns3:TrackPointExtension>
        </extensions>
      </trkpt>
      <trkpt lat="31.022181697189807891845703125" lon="121.4285703934729099273681640625">
        <ele>5.19999980926513671875</ele>
        <time>2026-05-17T13:38:42.000Z</time>
        <extensions>
          <ns3:TrackPointExtension>
            <ns3:hr>156</ns3:hr>
            <ns3:cad>85</ns3:cad>
          </ns3:TrackPointExtension>
        </extensions>
      </trkpt>
      <trkpt lat="31.02215998806059360504150390625" lon="121.42857952974736690521240234375">
        <ele>5.19999980926513671875</ele>
        <time>2026-05-17T13:38:43.000Z</time>
        <extensions>
          <ns3:TrackPointExtension>
            <ns3:hr>156</ns3:hr>
            <ns3:cad>85</ns3:cad>
          </ns3:TrackPointExtension>
        </extensions>
      </trkpt>
      <trkpt lat="31.02212595753371715545654296875" lon="121.42858070321381092071533203125">
        <ele>5.19999980926513671875</ele>
        <time>2026-05-17T13:38:44.000Z</time>
        <extensions>
          <ns3:TrackPointExtension>
            <ns3:hr>156</ns3:hr>
            <ns3:cad>85</ns3:cad>
          </ns3:TrackPointExtension>
        </extensions>
      </trkpt>
      <trkpt lat="31.0221030749380588531494140625" lon="121.4285910129547119140625">
        <ele>5.19999980926513671875</ele>
        <time>2026-05-17T13:38:45.000Z</time>
        <extensions>
          <ns3:TrackPointExtension>
            <ns3:hr>156</ns3:hr>
            <ns3:cad>85</ns3:cad>
          </ns3:TrackPointExtension>
        </extensions>
      </trkpt>
      <trkpt lat="31.02204658091068267822265625" lon="121.42860911786556243896484375">
        <ele>5.19999980926513671875</ele>
        <time>2026-05-17T13:38:46.000Z</time>
        <extensions>
          <ns3:TrackPointExtension>
            <ns3:hr>156</ns3:hr>
            <ns3:cad>85</ns3:cad>
          </ns3:TrackPointExtension>
        </extensions>
      </trkpt>
      <trkpt lat="31.0220219381153583526611328125" lon="121.42861875705420970916748046875">
        <ele>5</ele>
        <time>2026-05-17T13:38:47.000Z</time>
        <extensions>
          <ns3:TrackPointExtension>
            <ns3:hr>156</ns3:hr>
            <ns3:cad>85</ns3:cad>
          </ns3:TrackPointExtension>
        </extensions>
      </trkpt>
      <trkpt lat="31.0219910927116870880126953125" lon="121.428622193634510040283203125">
        <ele>5</ele>
        <time>2026-05-17T13:38:48.000Z</time>
        <extensions>
          <ns3:TrackPointExtension>
            <ns3:hr>156</ns3:hr>
            <ns3:cad>85</ns3:cad>
          </ns3:TrackPointExtension>
        </extensions>
      </trkpt>
      <trkpt lat="31.02197013795375823974609375" lon="121.4286364428699016571044921875">
        <ele>5</ele>
        <time>2026-05-17T13:38:49.000Z</time>
        <extensions>
          <ns3:TrackPointExtension>
            <ns3:hr>156</ns3:hr>
            <ns3:cad>85</ns3:cad>
          </ns3:TrackPointExtension>
        </extensions>
      </trkpt>
      <trkpt lat="31.02193702943623065948486328125" lon="121.428652368485927581787109375">
        <ele>5</ele>
        <time>2026-05-17T13:38:50.000Z</time>
        <extensions>
          <ns3:TrackPointExtension>
            <ns3:hr>156</ns3:hr>
            <ns3:cad>84</ns3:cad>
          </ns3:TrackPointExtension>
        </extensions>
      </trkpt>
      <trkpt lat="31.02191607467830181121826171875" lon="121.42867038957774639129638671875">
        <ele>5.19999980926513671875</ele>
        <time>2026-05-17T13:38:51.000Z</time>
        <extensions>
          <ns3:TrackPointExtension>
            <ns3:hr>156</ns3:hr>
            <ns3:cad>84</ns3:cad>
          </ns3:TrackPointExtension>
        </extensions>
      </trkpt>
      <trkpt lat="31.0218911804258823394775390625" lon="121.4286927692592144012451171875">
        <ele>5.19999980926513671875</ele>
        <time>2026-05-17T13:38:52.000Z</time>
        <extensions>
          <ns3:TrackPointExtension>
            <ns3:hr>156</ns3:hr>
            <ns3:cad>84</ns3:cad>
          </ns3:TrackPointExtension>
        </extensions>
      </trkpt>
      <trkpt lat="31.0218683816492557525634765625" lon="121.42871296964585781097412109375">
        <ele>5.400000095367431640625</ele>
        <time>2026-05-17T13:38:53.000Z</time>
        <extensions>
          <ns3:TrackPointExtension>
            <ns3:hr>156</ns3:hr>
            <ns3:cad>84</ns3:cad>
          </ns3:TrackPointExtension>
        </extensions>
      </trkpt>
      <trkpt lat="31.02184969000518321990966796875" lon="121.4287353493273258209228515625">
        <ele>5.400000095367431640625</ele>
        <time>2026-05-17T13:38:54.000Z</time>
        <extensions>
          <ns3:TrackPointExtension>
            <ns3:hr>156</ns3:hr>
            <ns3:cad>84</ns3:cad>
          </ns3:TrackPointExtension>
        </extensions>
      </trkpt>
      <trkpt lat="31.0218217782676219940185546875" lon="121.42875705845654010772705078125">
        <ele>5.400000095367431640625</ele>
        <time>2026-05-17T13:38:55.000Z</time>
        <extensions>
          <ns3:TrackPointExtension>
            <ns3:hr>156</ns3:hr>
            <ns3:cad>85</ns3:cad>
          </ns3:TrackPointExtension>
        </extensions>
      </trkpt>
      <trkpt lat="31.0218217782676219940185546875" lon="121.42875705845654010772705078125">
        <ele>5.400000095367431640625</ele>
        <time>2026-05-17T13:38:56.000Z</time>
        <extensions>
          <ns3:TrackPointExtension>
            <ns3:hr>156</ns3:hr>
            <ns3:cad>86</ns3:cad>
          </ns3:TrackPointExtension>
        </extensions>
      </trkpt>
      <trkpt lat="31.02180275134742259979248046875" lon="121.428777761757373809814453125">
        <ele>5.400000095367431640625</ele>
        <time>2026-05-17T13:38:57.000Z</time>
        <extensions>
          <ns3:TrackPointExtension>
            <ns3:hr>156</ns3:hr>
            <ns3:cad>86</ns3:cad>
          </ns3:TrackPointExtension>
        </extensions>
      </trkpt>
      <trkpt lat="31.021778695285320281982421875" lon="121.42880986444652080535888671875">
        <ele>5.400000095367431640625</ele>
        <time>2026-05-17T13:38:58.000Z</time>
        <extensions>
          <ns3:TrackPointExtension>
            <ns3:hr>156</ns3:hr>
            <ns3:cad>85</ns3:cad>
          </ns3:TrackPointExtension>
        </extensions>
      </trkpt>
      <trkpt lat="31.021750867366790771484375" lon="121.4288686215877532958984375">
        <ele>5.400000095367431640625</ele>
        <time>2026-05-17T13:38:59.000Z</time>
        <extensions>
          <ns3:TrackPointExtension>
            <ns3:hr>156</ns3:hr>
            <ns3:cad>85</ns3:cad>
          </ns3:TrackPointExtension>
        </extensions>
      </trkpt>
      <trkpt lat="31.021750867366790771484375" lon="121.4288686215877532958984375">
        <ele>5.400000095367431640625</ele>
        <time>2026-05-17T13:39:00.000Z</time>
        <extensions>
          <ns3:TrackPointExtension>
            <ns3:hr>156</ns3:hr>
            <ns3:cad>84</ns3:cad>
          </ns3:TrackPointExtension>
        </extensions>
      </trkpt>
      <trkpt lat="31.02173418737947940826416015625" lon="121.4289008080959320068359375">
        <ele>5.400000095367431640625</ele>
        <time>2026-05-17T13:39:01.000Z</time>
        <extensions>
          <ns3:TrackPointExtension>
            <ns3:hr>156</ns3:hr>
            <ns3:cad>84</ns3:cad>
          </ns3:TrackPointExtension>
        </extensions>
      </trkpt>
      <trkpt lat="31.0217144899070262908935546875" lon="121.42896124161779880523681640625">
        <ele>5.400000095367431640625</ele>
        <time>2026-05-17T13:39:02.000Z</time>
        <extensions>
          <ns3:TrackPointExtension>
            <ns3:hr>156</ns3:hr>
            <ns3:cad>84</ns3:cad>
          </ns3:TrackPointExtension>
        </extensions>
      </trkpt>
      <trkpt lat="31.0217144899070262908935546875" lon="121.42896124161779880523681640625">
        <ele>5.400000095367431640625</ele>
        <time>2026-05-17T13:39:03.000Z</time>
        <extensions>
          <ns3:TrackPointExtension>
            <ns3:hr>156</ns3:hr>
            <ns3:cad>85</ns3:cad>
          </ns3:TrackPointExtension>
        </extensions>
      </trkpt>
      <trkpt lat="31.02171055041253566741943359375" lon="121.4289891533553600311279296875">
        <ele>5.400000095367431640625</ele>
        <time>2026-05-17T13:39:04.000Z</time>
        <extensions>
          <ns3:TrackPointExtension>
            <ns3:hr>156</ns3:hr>
            <ns3:cad>86</ns3:cad>
          </ns3:TrackPointExtension>
        </extensions>
      </trkpt>
      <trkpt lat="31.0217091254889965057373046875" lon="121.4290562085807323455810546875">
        <ele>5.400000095367431640625</ele>
        <time>2026-05-17T13:39:05.000Z</time>
        <extensions>
          <ns3:TrackPointExtension>
            <ns3:hr>156</ns3:hr>
            <ns3:cad>86</ns3:cad>
          </ns3:TrackPointExtension>
        </extensions>
      </trkpt>
      <trkpt lat="31.0217091254889965057373046875" lon="121.4290562085807323455810546875">
        <ele>5.400000095367431640625</ele>
        <time>2026-05-17T13:39:06.000Z</time>
        <extensions>
          <ns3:TrackPointExtension>
            <ns3:hr>156</ns3:hr>
            <ns3:cad>86</ns3:cad>
          </ns3:TrackPointExtension>
        </extensions>
      </trkpt>
      <trkpt lat="31.02171172387897968292236328125" lon="121.4290823601186275482177734375">
        <ele>5.400000095367431640625</ele>
        <time>2026-05-17T13:39:07.000Z</time>
        <extensions>
          <ns3:TrackPointExtension>
            <ns3:hr>156</ns3:hr>
            <ns3:cad>85</ns3:cad>
          </ns3:TrackPointExtension>
        </extensions>
      </trkpt>
      <trkpt lat="31.021715663373470306396484375" lon="121.4291443862020969390869140625">
        <ele>5.400000095367431640625</ele>
        <time>2026-05-17T13:39:08.000Z</time>
        <extensions>
          <ns3:TrackPointExtension>
            <ns3:hr>156</ns3:hr>
            <ns3:cad>85</ns3:cad>
          </ns3:TrackPointExtension>
        </extensions>
      </trkpt>
      <trkpt lat="31.021715663373470306396484375" lon="121.4291443862020969390869140625">
        <ele>5.400000095367431640625</ele>
        <time>2026-05-17T13:39:09.000Z</time>
        <extensions>
          <ns3:TrackPointExtension>
            <ns3:hr>156</ns3:hr>
            <ns3:cad>85</ns3:cad>
          </ns3:TrackPointExtension>
        </extensions>
      </trkpt>
      <trkpt lat="31.02173234336078166961669921875" lon="121.4292077533900737762451171875">
        <ele>5.400000095367431640625</ele>
        <time>2026-05-17T13:39:10.000Z</time>
        <extensions>
          <ns3:TrackPointExtension>
            <ns3:hr>157</ns3:hr>
            <ns3:cad>84</ns3:cad>
          </ns3:TrackPointExtension>
        </extensions>
      </trkpt>
      <trkpt lat="31.02173234336078166961669921875" lon="121.4292077533900737762451171875">
        <ele>5.400000095367431640625</ele>
        <time>2026-05-17T13:39:11.000Z</time>
        <extensions>
          <ns3:TrackPointExtension>
            <ns3:hr>156</ns3:hr>
            <ns3:cad>84</ns3:cad>
          </ns3:TrackPointExtension>
        </extensions>
      </trkpt>
      <trkpt lat="31.0217476822435855865478515625" lon="121.4292292110621929168701171875">
        <ele>5.400000095367431640625</ele>
        <time>2026-05-17T13:39:12.000Z</time>
        <extensions>
          <ns3:TrackPointExtension>
            <ns3:hr>156</ns3:hr>
            <ns3:cad>84</ns3:cad>
          </ns3:TrackPointExtension>
        </extensions>
      </trkpt>
      <trkpt lat="31.02176017127931118011474609375" lon="121.42926223576068878173828125">
        <ele>5.400000095367431640625</ele>
        <time>2026-05-17T13:39:13.000Z</time>
        <extensions>
          <ns3:TrackPointExtension>
            <ns3:hr>156</ns3:hr>
            <ns3:cad>84</ns3:cad>
          </ns3:TrackPointExtension>
        </extensions>
      </trkpt>
      <trkpt lat="31.0217882506549358367919921875" lon="121.42932216636836528778076171875">
        <ele>5.400000095367431640625</ele>
        <time>2026-05-17T13:39:14.000Z</time>
        <extensions>
          <ns3:TrackPointExtension>
            <ns3:hr>156</ns3:hr>
            <ns3:cad>84</ns3:cad>
          </ns3:TrackPointExtension>
        </extensions>
      </trkpt>
      <trkpt lat="31.0217882506549358367919921875" lon="121.42932216636836528778076171875">
        <ele>5.19999980926513671875</ele>
        <time>2026-05-17T13:39:15.000Z</time>
        <extensions>
          <ns3:TrackPointExtension>
            <ns3:hr>156</ns3:hr>
            <ns3:cad>85</ns3:cad>
          </ns3:TrackPointExtension>
        </extensions>
      </trkpt>
      <trkpt lat="31.0218030028045177459716796875" lon="121.4293433725833892822265625">
        <ele>5.19999980926513671875</ele>
        <time>2026-05-17T13:39:16.000Z</time>
        <extensions>
          <ns3:TrackPointExtension>
            <ns3:hr>156</ns3:hr>
            <ns3:cad>85</ns3:cad>
          </ns3:TrackPointExtension>
        </extensions>
      </trkpt>
      <trkpt lat="31.02182722650468349456787109375" lon="121.4293683506548404693603515625">
        <ele>5.19999980926513671875</ele>
        <time>2026-05-17T13:39:17.000Z</time>
        <extensions>
          <ns3:TrackPointExtension>
            <ns3:hr>156</ns3:hr>
            <ns3:cad>85</ns3:cad>
          </ns3:TrackPointExtension>
        </extensions>
      </trkpt>
      <trkpt lat="31.02184248156845569610595703125" lon="121.42939190380275249481201171875">
        <ele>5.400000095367431640625</ele>
        <time>2026-05-17T13:39:18.000Z</time>
        <extensions>
          <ns3:TrackPointExtension>
            <ns3:hr>156</ns3:hr>
            <ns3:cad>85</ns3:cad>
          </ns3:TrackPointExtension>
        </extensions>
      </trkpt>
      <trkpt lat="31.0218667052686214447021484375" lon="121.4294064044952392578125">
        <ele>5.400000095367431640625</ele>
        <time>2026-05-17T13:39:19.000Z</time>
        <extensions>
          <ns3:TrackPointExtension>
            <ns3:hr>156</ns3:hr>
            <ns3:cad>85</ns3:cad>
          </ns3:TrackPointExtension>
        </extensions>
      </trkpt>
      <trkpt lat="31.0218888334929943084716796875" lon="121.42943113110959529876708984375">
        <ele>5.400000095367431640625</ele>
        <time>2026-05-17T13:39:20.000Z</time>
        <extensions>
          <ns3:TrackPointExtension>
            <ns3:hr>156</ns3:hr>
            <ns3:cad>85</ns3:cad>
          </ns3:TrackPointExtension>
        </extensions>
      </trkpt>
      <trkpt lat="31.02191112935543060302734375" lon="121.42944236285984516143798828125">
        <ele>5.400000095367431640625</ele>
        <time>2026-05-17T13:39:21.000Z</time>
        <extensions>
          <ns3:TrackPointExtension>
            <ns3:hr>156</ns3:hr>
            <ns3:cad>85</ns3:cad>
          </ns3:TrackPointExtension>
        </extensions>
      </trkpt>
      <trkpt lat="31.02193954400718212127685546875" lon="121.42946231178939342498779296875">
        <ele>5.400000095367431640625</ele>
        <time>2026-05-17T13:39:22.000Z</time>
        <extensions>
          <ns3:TrackPointExtension>
            <ns3:hr>156</ns3:hr>
            <ns3:cad>85</ns3:cad>
          </ns3:TrackPointExtension>
        </extensions>
      </trkpt>
      <trkpt lat="31.0219642706215381622314453125" lon="121.4294726215302944183349609375">
        <ele>5.19999980926513671875</ele>
        <time>2026-05-17T13:39:23.000Z</time>
        <extensions>
          <ns3:TrackPointExtension>
            <ns3:hr>156</ns3:hr>
            <ns3:cad>85</ns3:cad>
          </ns3:TrackPointExtension>
        </extensions>
      </trkpt>
      <trkpt lat="31.02199167944490909576416015625" lon="121.429477818310260772705078125">
        <ele>5.19999980926513671875</ele>
        <time>2026-05-17T13:39:24.000Z</time>
        <extensions>
          <ns3:TrackPointExtension>
            <ns3:hr>156</ns3:hr>
            <ns3:cad>85</ns3:cad>
          </ns3:TrackPointExtension>
        </extensions>
      </trkpt>
      <trkpt lat="31.0220216028392314910888671875" lon="121.4294907264411449432373046875">
        <ele>5.19999980926513671875</ele>
        <time>2026-05-17T13:39:25.000Z</time>
        <extensions>
          <ns3:TrackPointExtension>
            <ns3:hr>157</ns3:hr>
            <ns3:cad>85</ns3:cad>
          </ns3:TrackPointExtension>
        </extensions>
      </trkpt>
      <trkpt lat="31.02204716764390468597412109375" lon="121.42949248664081096649169921875">
        <ele>5.400000095367431640625</ele>
        <time>2026-05-17T13:39:26.000Z</time>
        <extensions>
          <ns3:TrackPointExtension>
            <ns3:hr>156</ns3:hr>
            <ns3:cad>85</ns3:cad>
          </ns3:TrackPointExtension>
        </extensions>
      </trkpt>
      <trkpt lat="31.02207935415208339691162109375" lon="121.4294984377920627593994140625">
        <ele>5.400000095367431640625</ele>
        <time>2026-05-17T13:39:27.000Z</time>
        <extensions>
          <ns3:TrackPointExtension>
            <ns3:hr>157</ns3:hr>
            <ns3:cad>85</ns3:cad>
          </ns3:TrackPointExtension>
        </extensions>
      </trkpt>
      <trkpt lat="31.0221044160425662994384765625" lon="121.42949718050658702850341796875">
        <ele>5.400000095367431640625</ele>
        <time>2026-05-17T13:39:28.000Z</time>
        <extensions>
          <ns3:TrackPointExtension>
            <ns3:hr>157</ns3:hr>
            <ns3:cad>85</ns3:cad>
          </ns3:TrackPointExtension>
        </extensions>
      </trkpt>
      <trkpt lat="31.0221355967223644256591796875" lon="121.42948846332728862762451171875">
        <ele>5.400000095367431640625</ele>
        <time>2026-05-17T13:39:29.000Z</time>
        <extensions>
          <ns3:TrackPointExtension>
            <ns3:hr>157</ns3:hr>
            <ns3:cad>85</ns3:cad>
          </ns3:TrackPointExtension>
        </extensions>
      </trkpt>
      <trkpt lat="31.022164933383464813232421875" lon="121.42948393709957599639892578125">
        <ele>5.400000095367431640625</ele>
        <time>2026-05-17T13:39:30.000Z</time>
        <extensions>
          <ns3:TrackPointExtension>
            <ns3:hr>157</ns3:hr>
            <ns3:cad>85</ns3:cad>
          </ns3:TrackPointExtension>
        </extensions>
      </trkpt>
      <trkpt lat="31.02219066582620143890380859375" lon="121.42947278916835784912109375">
        <ele>5.400000095367431640625</ele>
        <time>2026-05-17T13:39:31.000Z</time>
        <extensions>
          <ns3:TrackPointExtension>
            <ns3:hr>157</ns3:hr>
            <ns3:cad>85</ns3:cad>
          </ns3:TrackPointExtension>
        </extensions>
      </trkpt>
      <trkpt lat="31.02222050540149211883544921875" lon="121.4294721186161041259765625">
        <ele>5.400000095367431640625</ele>
        <time>2026-05-17T13:39:32.000Z</time>
        <extensions>
          <ns3:TrackPointExtension>
            <ns3:hr>157</ns3:hr>
            <ns3:cad>85</ns3:cad>
          </ns3:TrackPointExtension>
        </extensions>
      </trkpt>
      <trkpt lat="31.02224347181618213653564453125" lon="121.4294659160077571868896484375">
        <ele>5.400000095367431640625</ele>
        <time>2026-05-17T13:39:33.000Z</time>
        <extensions>
          <ns3:TrackPointExtension>
            <ns3:hr>157</ns3:hr>
            <ns3:cad>85</ns3:cad>
          </ns3:TrackPointExtension>
        </extensions>
      </trkpt>
      <trkpt lat="31.022278927266597747802734375" lon="121.42945946194231510162353515625">
        <ele>5.400000095367431640625</ele>
        <time>2026-05-17T13:39:34.000Z</time>
        <extensions>
          <ns3:TrackPointExtension>
            <ns3:hr>157</ns3:hr>
            <ns3:cad>84</ns3:cad>
          </ns3:TrackPointExtension>
        </extensions>
      </trkpt>
      <trkpt lat="31.02230139076709747314453125" lon="121.429451666772365570068359375">
        <ele>5.400000095367431640625</ele>
        <time>2026-05-17T13:39:35.000Z</time>
        <extensions>
          <ns3:TrackPointExtension>
            <ns3:hr>157</ns3:hr>
            <ns3:cad>85</ns3:cad>
          </ns3:TrackPointExtension>
        </extensions>
      </trkpt>
      <trkpt lat="31.022330559790134429931640625" lon="121.42944219522178173065185546875">
        <ele>5.400000095367431640625</ele>
        <time>2026-05-17T13:39:36.000Z</time>
        <extensions>
          <ns3:TrackPointExtension>
            <ns3:hr>157</ns3:hr>
            <ns3:cad>85</ns3:cad>
          </ns3:TrackPointExtension>
        </extensions>
      </trkpt>
      <trkpt lat="31.02235729806125164031982421875" lon="121.42943792045116424560546875">
        <ele>5.400000095367431640625</ele>
        <time>2026-05-17T13:39:37.000Z</time>
        <extensions>
          <ns3:TrackPointExtension>
            <ns3:hr>157</ns3:hr>
            <ns3:cad>85</ns3:cad>
          </ns3:TrackPointExtension>
        </extensions>
      </trkpt>
      <trkpt lat="31.02238059975206851959228515625" lon="121.4294283650815486907958984375">
        <ele>5.400000095367431640625</ele>
        <time>2026-05-17T13:39:38.000Z</time>
        <extensions>
          <ns3:TrackPointExtension>
            <ns3:hr>157</ns3:hr>
            <ns3:cad>85</ns3:cad>
          </ns3:TrackPointExtension>
        </extensions>
      </trkpt>
      <trkpt lat="31.022411696612834930419921875" lon="121.42942643724381923675537109375">
        <ele>5.400000095367431640625</ele>
        <time>2026-05-17T13:39:39.000Z</time>
        <extensions>
          <ns3:TrackPointExtension>
            <ns3:hr>157</ns3:hr>
            <ns3:cad>85</ns3:cad>
          </ns3:TrackPointExtension>
        </extensions>
      </trkpt>
      <trkpt lat="31.022461988031864166259765625" lon="121.42940975725650787353515625">
        <ele>5.400000095367431640625</ele>
        <time>2026-05-17T13:39:40.000Z</time>
        <extensions>
          <ns3:TrackPointExtension>
            <ns3:hr>157</ns3:hr>
            <ns3:cad>85</ns3:cad>
          </ns3:TrackPointExtension>
        </extensions>
      </trkpt>
      <trkpt lat="31.0224883072078227996826171875" lon="121.42940481193363666534423828125">
        <ele>5.400000095367431640625</ele>
        <time>2026-05-17T13:39:41.000Z</time>
        <extensions>
          <ns3:TrackPointExtension>
            <ns3:hr>157</ns3:hr>
            <ns3:cad>85</ns3:cad>
          </ns3:TrackPointExtension>
        </extensions>
      </trkpt>
      <trkpt lat="31.0224883072078227996826171875" lon="121.42940481193363666534423828125">
        <ele>5.400000095367431640625</ele>
        <time>2026-05-17T13:39:42.000Z</time>
        <extensions>
          <ns3:TrackPointExtension>
            <ns3:hr>156</ns3:hr>
            <ns3:cad>85</ns3:cad>
          </ns3:TrackPointExtension>
        </extensions>
      </trkpt>
      <trkpt lat="31.02251403965055942535400390625" lon="121.42939894460141658782958984375">
        <ele>5.400000095367431640625</ele>
        <time>2026-05-17T13:39:43.000Z</time>
        <extensions>
          <ns3:TrackPointExtension>
            <ns3:hr>156</ns3:hr>
            <ns3:cad>85</ns3:cad>
          </ns3:TrackPointExtension>
        </extensions>
      </trkpt>
      <trkpt lat="31.022544465959072113037109375" lon="121.42939860932528972625732421875">
        <ele>5.400000095367431640625</ele>
        <time>2026-05-17T13:39:44.000Z</time>
        <extensions>
          <ns3:TrackPointExtension>
            <ns3:hr>156</ns3:hr>
            <ns3:cad>85</ns3:cad>
          </ns3:TrackPointExtension>
        </extensions>
      </trkpt>
      <trkpt lat="31.02256567217409610748291015625" lon="121.42939341254532337188720703125">
        <ele>5.400000095367431640625</ele>
        <time>2026-05-17T13:39:45.000Z</time>
        <extensions>
          <ns3:TrackPointExtension>
            <ns3:hr>156</ns3:hr>
            <ns3:cad>85</ns3:cad>
          </ns3:TrackPointExtension>
        </extensions>
      </trkpt>
      <trkpt lat="31.02259785868227481842041015625" lon="121.4293837733566761016845703125">
        <ele>5.400000095367431640625</ele>
        <time>2026-05-17T13:39:46.000Z</time>
        <extensions>
          <ns3:TrackPointExtension>
            <ns3:hr>156</ns3:hr>
            <ns3:cad>84</ns3:cad>
          </ns3:TrackPointExtension>
        </extensions>
      </trkpt>
      <trkpt lat="31.0226250998675823211669921875" lon="121.429379917681217193603515625">
        <ele>5.19999980926513671875</ele>
        <time>2026-05-17T13:39:47.000Z</time>
        <extensions>
          <ns3:TrackPointExtension>
            <ns3:hr>156</ns3:hr>
            <ns3:cad>84</ns3:cad>
          </ns3:TrackPointExtension>
        </extensions>
      </trkpt>
      <trkpt lat="31.02265267632901668548583984375" lon="121.42937094904482364654541015625">
        <ele>5.19999980926513671875</ele>
        <time>2026-05-17T13:39:48.000Z</time>
        <extensions>
          <ns3:TrackPointExtension>
            <ns3:hr>156</ns3:hr>
            <ns3:cad>84</ns3:cad>
          </ns3:TrackPointExtension>
        </extensions>
      </trkpt>
      <trkpt lat="31.02268268354237079620361328125" lon="121.4293675124645233154296875">
        <ele>5.19999980926513671875</ele>
        <time>2026-05-17T13:39:49.000Z</time>
        <extensions>
          <ns3:TrackPointExtension>
            <ns3:hr>156</ns3:hr>
            <ns3:cad>84</ns3:cad>
          </ns3:TrackPointExtension>
        </extensions>
      </trkpt>
      <trkpt lat="31.02270372211933135986328125" lon="121.42935854382812976837158203125">
        <ele>5.19999980926513671875</ele>
        <time>2026-05-17T13:39:50.000Z</time>
        <extensions>
          <ns3:TrackPointExtension>
            <ns3:hr>155</ns3:hr>
            <ns3:cad>84</ns3:cad>
          </ns3:TrackPointExtension>
        </extensions>
      </trkpt>
      <trkpt lat="31.0227370820939540863037109375" lon="121.42935074865818023681640625">
        <ele>5.19999980926513671875</ele>
        <time>2026-05-17T13:39:51.000Z</time>
        <extensions>
          <ns3:TrackPointExtension>
            <ns3:hr>155</ns3:hr>
            <ns3:cad>85</ns3:cad>
          </ns3:TrackPointExtension>
        </extensions>
      </trkpt>
      <trkpt lat="31.022761054337024688720703125" lon="121.429343707859516143798828125">
        <ele>5</ele>
        <time>2026-05-17T13:39:52.000Z</time>
        <extensions>
          <ns3:TrackPointExtension>
            <ns3:hr>155</ns3:hr>
            <ns3:cad>85</ns3:cad>
          </ns3:TrackPointExtension>
        </extensions>
      </trkpt>
      <trkpt lat="31.0227900557219982147216796875" lon="121.429333984851837158203125">
        <ele>5.19999980926513671875</ele>
        <time>2026-05-17T13:39:53.000Z</time>
        <extensions>
          <ns3:TrackPointExtension>
            <ns3:hr>155</ns3:hr>
            <ns3:cad>85</ns3:cad>
          </ns3:TrackPointExtension>
        </extensions>
      </trkpt>
      <trkpt lat="31.022819392383098602294921875" lon="121.4293314702808856964111328125">
        <ele>5</ele>
        <time>2026-05-17T13:39:54.000Z</time>
        <extensions>
          <ns3:TrackPointExtension>
            <ns3:hr>155</ns3:hr>
            <ns3:cad>84</ns3:cad>
          </ns3:TrackPointExtension>
        </extensions>
      </trkpt>
      <trkpt lat="31.02284562774002552032470703125" lon="121.42932501621544361114501953125">
        <ele>5</ele>
        <time>2026-05-17T13:39:55.000Z</time>
        <extensions>
          <ns3:TrackPointExtension>
            <ns3:hr>155</ns3:hr>
            <ns3:cad>84</ns3:cad>
          </ns3:TrackPointExtension>
        </extensions>
      </trkpt>
      <trkpt lat="31.02288150228559970855712890625" lon="121.429322920739650726318359375">
        <ele>5</ele>
        <time>2026-05-17T13:39:56.000Z</time>
        <extensions>
          <ns3:TrackPointExtension>
            <ns3:hr>155</ns3:hr>
            <ns3:cad>85</ns3:cad>
          </ns3:TrackPointExtension>
        </extensions>
      </trkpt>
      <trkpt lat="31.02290547452867031097412109375" lon="121.42931680195033550262451171875">
        <ele>5</ele>
        <time>2026-05-17T13:39:57.000Z</time>
        <extensions>
          <ns3:TrackPointExtension>
            <ns3:hr>154</ns3:hr>
            <ns3:cad>85</ns3:cad>
          </ns3:TrackPointExtension>
        </extensions>
      </trkpt>
      <trkpt lat="31.02293464355170726776123046875" lon="121.42930188216269016265869140625">
        <ele>5</ele>
        <time>2026-05-17T13:39:58.000Z</time>
        <extensions>
          <ns3:TrackPointExtension>
            <ns3:hr>154</ns3:hr>
            <ns3:cad>85</ns3:cad>
          </ns3:TrackPointExtension>
        </extensions>
      </trkpt>
      <trkpt lat="31.02298795245587825775146484375" lon="121.4292748086154460906982421875">
        <ele>5</ele>
        <time>2026-05-17T13:39:59.000Z</time>
        <extensions>
          <ns3:TrackPointExtension>
            <ns3:hr>154</ns3:hr>
            <ns3:cad>84</ns3:cad>
          </ns3:TrackPointExtension>
        </extensions>
      </trkpt>
      <trkpt lat="31.02298795245587825775146484375" lon="121.4292748086154460906982421875">
        <ele>5</ele>
        <time>2026-05-17T13:40:00.000Z</time>
        <extensions>
          <ns3:TrackPointExtension>
            <ns3:hr>155</ns3:hr>
            <ns3:cad>84</ns3:cad>
          </ns3:TrackPointExtension>
        </extensions>
      </trkpt>
      <trkpt lat="31.0230208933353424072265625" lon="121.4292580448091030120849609375">
        <ele>5</ele>
        <time>2026-05-17T13:40:01.000Z</time>
        <extensions>
          <ns3:TrackPointExtension>
            <ns3:hr>155</ns3:hr>
            <ns3:cad>84</ns3:cad>
          </ns3:TrackPointExtension>
        </extensions>
      </trkpt>
      <trkpt lat="31.023043692111968994140625" lon="121.42923633567988872528076171875">
        <ele>5</ele>
        <time>2026-05-17T13:40:02.000Z</time>
        <extensions>
          <ns3:TrackPointExtension>
            <ns3:hr>155</ns3:hr>
            <ns3:cad>84</ns3:cad>
          </ns3:TrackPointExtension>
        </extensions>
      </trkpt>
      <trkpt lat="31.02306674234569072723388671875" lon="121.42920632846653461456298828125">
        <ele>5</ele>
        <time>2026-05-17T13:40:03.000Z</time>
        <extensions>
          <ns3:TrackPointExtension>
            <ns3:hr>155</ns3:hr>
            <ns3:cad>84</ns3:cad>
          </ns3:TrackPointExtension>
        </extensions>
      </trkpt>
      <trkpt lat="31.02309004403650760650634765625" lon="121.42918445169925689697265625">
        <ele>5</ele>
        <time>2026-05-17T13:40:04.000Z</time>
        <extensions>
          <ns3:TrackPointExtension>
            <ns3:hr>156</ns3:hr>
            <ns3:cad>85</ns3:cad>
          </ns3:TrackPointExtension>
        </extensions>
      </trkpt>
      <trkpt lat="31.02310379035770893096923828125" lon="121.4291571266949176788330078125">
        <ele>5</ele>
        <time>2026-05-17T13:40:05.000Z</time>
        <extensions>
          <ns3:TrackPointExtension>
            <ns3:hr>156</ns3:hr>
            <ns3:cad>85</ns3:cad>
          </ns3:TrackPointExtension>
        </extensions>
      </trkpt>
      <trkpt lat="31.023140251636505126953125" lon="121.429102309048175811767578125">
        <ele>5</ele>
        <time>2026-05-17T13:40:06.000Z</time>
        <extensions>
          <ns3:TrackPointExtension>
            <ns3:hr>156</ns3:hr>
            <ns3:cad>84</ns3:cad>
          </ns3:TrackPointExtension>
        </extensions>
      </trkpt>
      <trkpt lat="31.023140251636505126953125" lon="121.429102309048175811767578125">
        <ele>5</ele>
        <time>2026-05-17T13:40:07.000Z</time>
        <extensions>
          <ns3:TrackPointExtension>
            <ns3:hr>156</ns3:hr>
            <ns3:cad>83</ns3:cad>
          </ns3:TrackPointExtension>
        </extensions>
      </trkpt>
      <trkpt lat="31.02315659634768962860107421875" lon="121.42906844615936279296875">
        <ele>5</ele>
        <time>2026-05-17T13:40:08.000Z</time>
        <extensions>
          <ns3:TrackPointExtension>
            <ns3:hr>156</ns3:hr>
            <ns3:cad>83</ns3:cad>
          </ns3:TrackPointExtension>
        </extensions>
      </trkpt>
      <trkpt lat="31.0231722705066204071044921875" lon="121.429038606584072113037109375">
        <ele>5</ele>
        <time>2026-05-17T13:40:09.000Z</time>
        <extensions>
          <ns3:TrackPointExtension>
            <ns3:hr>156</ns3:hr>
            <ns3:cad>83</ns3:cad>
          </ns3:TrackPointExtension>
        </extensions>
      </trkpt>
      <trkpt lat="31.02319263853132724761962890625" lon="121.42896979115903377532958984375">
        <ele>5</ele>
        <time>2026-05-17T13:40:10.000Z</time>
        <extensions>
          <ns3:TrackPointExtension>
            <ns3:hr>157</ns3:hr>
            <ns3:cad>84</ns3:cad>
          </ns3:TrackPointExtension>
        </extensions>
      </trkpt>
      <trkpt lat="31.02319263853132724761962890625" lon="121.42896979115903377532958984375">
        <ele>5</ele>
        <time>2026-05-17T13:40:11.000Z</time>
        <extensions>
          <ns3:TrackPointExtension>
            <ns3:hr>157</ns3:hr>
            <ns3:cad>85</ns3:cad>
          </ns3:TrackPointExtension>
        </extensions>
      </trkpt>
      <trkpt lat="31.0231984220445156097412109375" lon="121.42894414253532886505126953125">
        <ele>5.19999980926513671875</ele>
        <time>2026-05-17T13:40:12.000Z</time>
        <extensions>
          <ns3:TrackPointExtension>
            <ns3:hr>158</ns3:hr>
            <ns3:cad>85</ns3:cad>
          </ns3:TrackPointExtension>
        </extensions>
      </trkpt>
      <trkpt lat="31.023202948272228240966796875" lon="121.428904496133327484130859375">
        <ele>5</ele>
        <time>2026-05-17T13:40:13.000Z</time>
        <extensions>
          <ns3:TrackPointExtension>
            <ns3:hr>158</ns3:hr>
            <ns3:cad>85</ns3:cad>
          </ns3:TrackPointExtension>
        </extensions>
      </trkpt>
      <trkpt lat="31.02321065962314605712890625" lon="121.428872644901275634765625">
        <ele>5.19999980926513671875</ele>
        <time>2026-05-17T13:40:14.000Z</time>
        <extensions>
          <ns3:TrackPointExtension>
            <ns3:hr>158</ns3:hr>
            <ns3:cad>84</ns3:cad>
          </ns3:TrackPointExtension>
        </extensions>
      </trkpt>
      <trkpt lat="31.02320537902414798736572265625" lon="121.4288429729640483856201171875">
        <ele>5.19999980926513671875</ele>
        <time>2026-05-17T13:40:15.000Z</time>
        <extensions>
          <ns3:TrackPointExtension>
            <ns3:hr>158</ns3:hr>
            <ns3:cad>84</ns3:cad>
          </ns3:TrackPointExtension>
        </extensions>
      </trkpt>
      <trkpt lat="31.02320252917706966400146484375" lon="121.428803242743015289306640625">
        <ele>5.19999980926513671875</ele>
        <time>2026-05-17T13:40:16.000Z</time>
        <extensions>
          <ns3:TrackPointExtension>
            <ns3:hr>158</ns3:hr>
            <ns3:cad>84</ns3:cad>
          </ns3:TrackPointExtension>
        </extensions>
      </trkpt>
      <trkpt lat="31.02319599129259586334228515625" lon="121.42877633683383464813232421875">
        <ele>5.19999980926513671875</ele>
        <time>2026-05-17T13:40:17.000Z</time>
        <extensions>
          <ns3:TrackPointExtension>
            <ns3:hr>158</ns3:hr>
            <ns3:cad>84</ns3:cad>
          </ns3:TrackPointExtension>
        </extensions>
      </trkpt>
      <trkpt lat="31.02318693883717060089111328125" lon="121.42874364741146564483642578125">
        <ele>5.19999980926513671875</ele>
        <time>2026-05-17T13:40:18.000Z</time>
        <extensions>
          <ns3:TrackPointExtension>
            <ns3:hr>158</ns3:hr>
            <ns3:cad>84</ns3:cad>
          </ns3:TrackPointExtension>
        </extensions>
      </trkpt>
      <trkpt lat="31.0231796465814113616943359375" lon="121.428707353770732879638671875">
        <ele>5.19999980926513671875</ele>
        <time>2026-05-17T13:40:19.000Z</time>
        <extensions>
          <ns3:TrackPointExtension>
            <ns3:hr>159</ns3:hr>
            <ns3:cad>83</ns3:cad>
          </ns3:TrackPointExtension>
        </extensions>
      </trkpt>
      <trkpt lat="31.0231669060885906219482421875" lon="121.42868078313767910003662109375">
        <ele>5</ele>
        <time>2026-05-17T13:40:20.000Z</time>
        <extensions>
          <ns3:TrackPointExtension>
            <ns3:hr>159</ns3:hr>
            <ns3:cad>83</ns3:cad>
          </ns3:TrackPointExtension>
        </extensions>
      </trkpt>
      <trkpt lat="31.02315274067223072052001953125" lon="121.42863082699477672576904296875">
        <ele>5</ele>
        <time>2026-05-17T13:40:21.000Z</time>
        <extensions>
          <ns3:TrackPointExtension>
            <ns3:hr>158</ns3:hr>
            <ns3:cad>83</ns3:cad>
          </ns3:TrackPointExtension>
        </extensions>
      </trkpt>
      <trkpt lat="31.0231360606849193572998046875" lon="121.42860434018075466156005859375">
        <ele>5.19999980926513671875</ele>
        <time>2026-05-17T13:40:22.000Z</time>
        <extensions>
          <ns3:TrackPointExtension>
            <ns3:hr>158</ns3:hr>
            <ns3:cad>84</ns3:cad>
          </ns3:TrackPointExtension>
        </extensions>
      </trkpt>
      <trkpt lat="31.023113429546356201171875" lon="121.42857165075838565826416015625">
        <ele>5.19999980926513671875</ele>
        <time>2026-05-17T13:40:23.000Z</time>
        <extensions>
          <ns3:TrackPointExtension>
            <ns3:hr>158</ns3:hr>
            <ns3:cad>84</ns3:cad>
          </ns3:TrackPointExtension>
        </extensions>
      </trkpt>
      <trkpt lat="31.02309607900679111480712890625" lon="121.42854399047791957855224609375">
        <ele>5.19999980926513671875</ele>
        <time>2026-05-17T13:40:24.000Z</time>
        <extensions>
          <ns3:TrackPointExtension>
            <ns3:hr>158</ns3:hr>
            <ns3:cad>84</ns3:cad>
          </ns3:TrackPointExtension>
        </extensions>
      </trkpt>
      <trkpt lat="31.02307378314435482025146484375" lon="121.42852840013802051544189453125">
        <ele>5.19999980926513671875</ele>
        <time>2026-05-17T13:40:25.000Z</time>
        <extensions>
          <ns3:TrackPointExtension>
            <ns3:hr>159</ns3:hr>
            <ns3:cad>84</ns3:cad>
          </ns3:TrackPointExtension>
        </extensions>
      </trkpt>
      <trkpt lat="31.023049391806125640869140625" lon="121.42850006930530071258544921875">
        <ele>5</ele>
        <time>2026-05-17T13:40:26.000Z</time>
        <extensions>
          <ns3:TrackPointExtension>
            <ns3:hr>159</ns3:hr>
            <ns3:cad>84</ns3:cad>
          </ns3:TrackPointExtension>
        </extensions>
      </trkpt>
      <trkpt lat="31.0230334661900997161865234375" lon="121.42848649062216281890869140625">
        <ele>5</ele>
        <time>2026-05-17T13:40:27.000Z</time>
        <extensions>
          <ns3:TrackPointExtension>
            <ns3:hr>158</ns3:hr>
            <ns3:cad>84</ns3:cad>
          </ns3:TrackPointExtension>
        </extensions>
      </trkpt>
      <trkpt lat="31.0229808278381824493408203125" lon="121.42845128662884235382080078125">
        <ele>5.19999980926513671875</ele>
        <time>2026-05-17T13:40:28.000Z</time>
        <extensions>
          <ns3:TrackPointExtension>
            <ns3:hr>158</ns3:hr>
            <ns3:cad>83</ns3:cad>
          </ns3:TrackPointExtension>
        </extensions>
      </trkpt>
      <trkpt lat="31.0229808278381824493408203125" lon="121.42845128662884235382080078125">
        <ele>5.19999980926513671875</ele>
        <time>2026-05-17T13:40:29.000Z</time>
        <extensions>
          <ns3:TrackPointExtension>
            <ns3:hr>158</ns3:hr>
            <ns3:cad>83</ns3:cad>
          </ns3:TrackPointExtension>
        </extensions>
      </trkpt>
      <trkpt lat="31.022953502833843231201171875" lon="121.428445838391780853271484375">
        <ele>5.19999980926513671875</ele>
        <time>2026-05-17T13:40:30.000Z</time>
        <extensions>
          <ns3:TrackPointExtension>
            <ns3:hr>159</ns3:hr>
            <ns3:cad>83</ns3:cad>
          </ns3:TrackPointExtension>
        </extensions>
      </trkpt>
      <trkpt lat="31.0229204781353473663330078125" lon="121.42842832021415233612060546875">
        <ele>5.19999980926513671875</ele>
        <time>2026-05-17T13:40:31.000Z</time>
        <extensions>
          <ns3:TrackPointExtension>
            <ns3:hr>159</ns3:hr>
            <ns3:cad>84</ns3:cad>
          </ns3:TrackPointExtension>
        </extensions>
      </trkpt>
      <trkpt lat="31.02289541624486446380615234375" lon="121.42842563800513744354248046875">
        <ele>5.19999980926513671875</ele>
        <time>2026-05-17T13:40:32.000Z</time>
        <extensions>
          <ns3:TrackPointExtension>
            <ns3:hr>158</ns3:hr>
            <ns3:cad>84</ns3:cad>
          </ns3:TrackPointExtension>
        </extensions>
      </trkpt>
      <trkpt lat="31.0228601284325122833251953125" lon="121.428421027958393096923828125">
        <ele>5.19999980926513671875</ele>
        <time>2026-05-17T13:40:33.000Z</time>
        <extensions>
          <ns3:TrackPointExtension>
            <ns3:hr>158</ns3:hr>
            <ns3:cad>84</ns3:cad>
          </ns3:TrackPointExtension>
        </extensions>
      </trkpt>
      <trkpt lat="31.02282978594303131103515625" lon="121.4284181781113147735595703125">
        <ele>5.19999980926513671875</ele>
        <time>2026-05-17T13:40:34.000Z</time>
        <extensions>
          <ns3:TrackPointExtension>
            <ns3:hr>158</ns3:hr>
            <ns3:cad>84</ns3:cad>
          </ns3:TrackPointExtension>
        </extensions>
      </trkpt>
      <trkpt lat="31.02276465855538845062255859375" lon="121.42842429690062999725341796875">
        <ele>5.19999980926513671875</ele>
        <time>2026-05-17T13:40:35.000Z</time>
        <extensions>
          <ns3:TrackPointExtension>
            <ns3:hr>158</ns3:hr>
            <ns3:cad>84</ns3:cad>
          </ns3:TrackPointExtension>
        </extensions>
      </trkpt>
      <trkpt lat="31.02276465855538845062255859375" lon="121.42842429690062999725341796875">
        <ele>5.19999980926513671875</ele>
        <time>2026-05-17T13:40:36.000Z</time>
        <extensions>
          <ns3:TrackPointExtension>
            <ns3:hr>158</ns3:hr>
            <ns3:cad>84</ns3:cad>
          </ns3:TrackPointExtension>
        </extensions>
      </trkpt>
      <trkpt lat="31.0227406024932861328125" lon="121.4284295774996280670166015625">
        <ele>5.19999980926513671875</ele>
        <time>2026-05-17T13:40:37.000Z</time>
        <extensions>
          <ns3:TrackPointExtension>
            <ns3:hr>158</ns3:hr>
            <ns3:cad>84</ns3:cad>
          </ns3:TrackPointExtension>
        </extensions>
      </trkpt>
      <trkpt lat="31.02270682342350482940673828125" lon="121.42843988724052906036376953125">
        <ele>5</ele>
        <time>2026-05-17T13:40:38.000Z</time>
        <extensions>
          <ns3:TrackPointExtension>
            <ns3:hr>158</ns3:hr>
            <ns3:cad>84</ns3:cad>
          </ns3:TrackPointExtension>
        </extensions>
      </trkpt>
      <trkpt lat="31.02268218062818050384521484375" lon="121.42844860441982746124267578125">
        <ele>5</ele>
        <time>2026-05-17T13:40:39.000Z</time>
        <extensions>
          <ns3:TrackPointExtension>
            <ns3:hr>157</ns3:hr>
            <ns3:cad>85</ns3:cad>
          </ns3:TrackPointExtension>
        </extensions>
      </trkpt>
      <trkpt lat="31.0226576216518878936767578125" lon="121.4284607581794261932373046875">
        <ele>5</ele>
        <time>2026-05-17T13:40:40.000Z</time>
        <extensions>
          <ns3:TrackPointExtension>
            <ns3:hr>158</ns3:hr>
            <ns3:cad>85</ns3:cad>
          </ns3:TrackPointExtension>
        </extensions>
      </trkpt>
      <trkpt lat="31.02262652479112148284912109375" lon="121.42846235074102878570556640625">
        <ele>5</ele>
        <time>2026-05-17T13:40:41.000Z</time>
        <extensions>
          <ns3:TrackPointExtension>
            <ns3:hr>158</ns3:hr>
            <ns3:cad>85</ns3:cad>
          </ns3:TrackPointExtension>
        </extensions>
      </trkpt>
      <trkpt lat="31.02260724641382694244384765625" lon="121.428468637168407440185546875">
        <ele>5</ele>
        <time>2026-05-17T13:40:42.000Z</time>
        <extensions>
          <ns3:TrackPointExtension>
            <ns3:hr>157</ns3:hr>
            <ns3:cad>84</ns3:cad>
          </ns3:TrackPointExtension>
        </extensions>
      </trkpt>
      <trkpt lat="31.022576987743377685546875" lon="121.4284775219857692718505859375">
        <ele>5</ele>
        <time>2026-05-17T13:40:43.000Z</time>
        <extensions>
          <ns3:TrackPointExtension>
            <ns3:hr>158</ns3:hr>
            <ns3:cad>84</ns3:cad>
          </ns3:TrackPointExtension>
        </extensions>
      </trkpt>
      <trkpt lat="31.0225282050669193267822265625" lon="121.4284949563443660736083984375">
        <ele>5.19999980926513671875</ele>
        <time>2026-05-17T13:40:44.000Z</time>
        <extensions>
          <ns3:TrackPointExtension>
            <ns3:hr>158</ns3:hr>
            <ns3:cad>84</ns3:cad>
          </ns3:TrackPointExtension>
        </extensions>
      </trkpt>
      <trkpt lat="31.0225282050669193267822265625" lon="121.4284949563443660736083984375">
        <ele>5.19999980926513671875</ele>
        <time>2026-05-17T13:40:45.000Z</time>
        <extensions>
          <ns3:TrackPointExtension>
            <ns3:hr>157</ns3:hr>
            <ns3:cad>84</ns3:cad>
          </ns3:TrackPointExtension>
        </extensions>
      </trkpt>
      <trkpt lat="31.02249593473970890045166015625" lon="121.42849453724920749664306640625">
        <ele>5.19999980926513671875</ele>
        <time>2026-05-17T13:40:46.000Z</time>
        <extensions>
          <ns3:TrackPointExtension>
            <ns3:hr>158</ns3:hr>
            <ns3:cad>83</ns3:cad>
          </ns3:TrackPointExtension>
        </extensions>
      </trkpt>
      <trkpt lat="31.022445894777774810791015625" lon="121.4285092055797576904296875">
        <ele>5.19999980926513671875</ele>
        <time>2026-05-17T13:40:47.000Z</time>
        <extensions>
          <ns3:TrackPointExtension>
            <ns3:hr>158</ns3:hr>
            <ns3:cad>83</ns3:cad>
          </ns3:TrackPointExtension>
        </extensions>
      </trkpt>
      <trkpt lat="31.02242250926792621612548828125" lon="121.42851616255939006805419921875">
        <ele>5.19999980926513671875</ele>
        <time>2026-05-17T13:40:48.000Z</time>
        <extensions>
          <ns3:TrackPointExtension>
            <ns3:hr>157</ns3:hr>
            <ns3:cad>84</ns3:cad>
          </ns3:TrackPointExtension>
        </extensions>
      </trkpt>
      <trkpt lat="31.02242250926792621612548828125" lon="121.42851616255939006805419921875">
        <ele>5</ele>
        <time>2026-05-17T13:40:49.000Z</time>
        <extensions>
          <ns3:TrackPointExtension>
            <ns3:hr>158</ns3:hr>
            <ns3:cad>84</ns3:cad>
          </ns3:TrackPointExtension>
        </extensions>
      </trkpt>
      <trkpt lat="31.022366099059581756591796875" lon="121.42852705903351306915283203125">
        <ele>5</ele>
        <time>2026-05-17T13:40:50.000Z</time>
        <extensions>
          <ns3:TrackPointExtension>
            <ns3:hr>158</ns3:hr>
            <ns3:cad>84</ns3:cad>
          </ns3:TrackPointExtension>
        </extensions>
      </trkpt>
      <trkpt lat="31.022366099059581756591796875" lon="121.42852705903351306915283203125">
        <ele>5</ele>
        <time>2026-05-17T13:40:51.000Z</time>
        <extensions>
          <ns3:TrackPointExtension>
            <ns3:hr>157</ns3:hr>
            <ns3:cad>84</ns3:cad>
          </ns3:TrackPointExtension>
        </extensions>
      </trkpt>
      <trkpt lat="31.02230952121317386627197265625" lon="121.428547091782093048095703125">
        <ele>5</ele>
        <time>2026-05-17T13:40:52.000Z</time>
        <extensions>
          <ns3:TrackPointExtension>
            <ns3:hr>158</ns3:hr>
            <ns3:cad>84</ns3:cad>
          </ns3:TrackPointExtension>
        </extensions>
      </trkpt>
      <trkpt lat="31.0222847945988178253173828125" lon="121.42855681478977203369140625">
        <ele>5</ele>
        <time>2026-05-17T13:40:53.000Z</time>
        <extensions>
          <ns3:TrackPointExtension>
            <ns3:hr>158</ns3:hr>
            <ns3:cad>83</ns3:cad>
          </ns3:TrackPointExtension>
        </extensions>
      </trkpt>
      <trkpt lat="31.0222593136131763458251953125" lon="121.42856930382549762725830078125">
        <ele>5</ele>
        <time>2026-05-17T13:40:54.000Z</time>
        <extensions>
          <ns3:TrackPointExtension>
            <ns3:hr>157</ns3:hr>
            <ns3:cad>83</ns3:cad>
          </ns3:TrackPointExtension>
        </extensions>
      </trkpt>
      <trkpt lat="31.02222955785691738128662109375" lon="121.4285708963871002197265625">
        <ele>5</ele>
        <time>2026-05-17T13:40:55.000Z</time>
        <extensions>
          <ns3:TrackPointExtension>
            <ns3:hr>158</ns3:hr>
            <ns3:cad>83</ns3:cad>
          </ns3:TrackPointExtension>
        </extensions>
      </trkpt>
      <trkpt lat="31.02220893837511539459228515625" lon="121.42858003266155719757080078125">
        <ele>5</ele>
        <time>2026-05-17T13:40:56.000Z</time>
        <extensions>
          <ns3:TrackPointExtension>
            <ns3:hr>158</ns3:hr>
            <ns3:cad>84</ns3:cad>
          </ns3:TrackPointExtension>
        </extensions>
      </trkpt>
      <trkpt lat="31.02217708714306354522705078125" lon="121.428587995469570159912109375">
        <ele>5</ele>
        <time>2026-05-17T13:40:57.000Z</time>
        <extensions>
          <ns3:TrackPointExtension>
            <ns3:hr>157</ns3:hr>
            <ns3:cad>84</ns3:cad>
          </ns3:TrackPointExtension>
        </extensions>
      </trkpt>
      <trkpt lat="31.02215294726192951202392578125" lon="121.42859126441180706024169921875">
        <ele>5</ele>
        <time>2026-05-17T13:40:58.000Z</time>
        <extensions>
          <ns3:TrackPointExtension>
            <ns3:hr>157</ns3:hr>
            <ns3:cad>84</ns3:cad>
          </ns3:TrackPointExtension>
        </extensions>
      </trkpt>
      <trkpt lat="31.02215294726192951202392578125" lon="121.42859126441180706024169921875">
        <ele>4.80000019073486328125</ele>
        <time>2026-05-17T13:40:59.000Z</time>
        <extensions>
          <ns3:TrackPointExtension>
            <ns3:hr>157</ns3:hr>
            <ns3:cad>84</ns3:cad>
          </ns3:TrackPointExtension>
        </extensions>
      </trkpt>
      <trkpt lat="31.02212863974273204803466796875" lon="121.428600065410137176513671875">
        <ele>4.80000019073486328125</ele>
        <time>2026-05-17T13:41:00.000Z</time>
        <extensions>
          <ns3:TrackPointExtension>
            <ns3:hr>158</ns3:hr>
            <ns3:cad>84</ns3:cad>
          </ns3:TrackPointExtension>
        </extensions>
      </trkpt>
      <trkpt lat="31.0220930166542530059814453125" lon="121.42860031686723232269287109375">
        <ele>4.80000019073486328125</ele>
        <time>2026-05-17T13:41:01.000Z</time>
        <extensions>
          <ns3:TrackPointExtension>
            <ns3:hr>157</ns3:hr>
            <ns3:cad>84</ns3:cad>
          </ns3:TrackPointExtension>
        </extensions>
      </trkpt>
      <trkpt lat="31.022037528455257415771484375" lon="121.42861909233033657073974609375">
        <ele>4.80000019073486328125</ele>
        <time>2026-05-17T13:41:02.000Z</time>
        <extensions>
          <ns3:TrackPointExtension>
            <ns3:hr>157</ns3:hr>
            <ns3:cad>84</ns3:cad>
          </ns3:TrackPointExtension>
        </extensions>
      </trkpt>
      <trkpt lat="31.0220115445554256439208984375" lon="121.4286247082054615020751953125">
        <ele>4.80000019073486328125</ele>
        <time>2026-05-17T13:41:03.000Z</time>
        <extensions>
          <ns3:TrackPointExtension>
            <ns3:hr>158</ns3:hr>
            <ns3:cad>84</ns3:cad>
          </ns3:TrackPointExtension>
        </extensions>
      </trkpt>
      <trkpt lat="31.0219857282936573028564453125" lon="121.4286391250789165496826171875">
        <ele>4.80000019073486328125</ele>
        <time>2026-05-17T13:41:04.000Z</time>
        <extensions>
          <ns3:TrackPointExtension>
            <ns3:hr>157</ns3:hr>
            <ns3:cad>84</ns3:cad>
          </ns3:TrackPointExtension>
        </extensions>
      </trkpt>
      <trkpt lat="31.021952368319034576416015625" lon="121.42864591442048549652099609375">
        <ele>5</ele>
        <time>2026-05-17T13:41:05.000Z</time>
        <extensions>
          <ns3:TrackPointExtension>
            <ns3:hr>157</ns3:hr>
            <ns3:cad>84</ns3:cad>
          </ns3:TrackPointExtension>
        </extensions>
      </trkpt>
      <trkpt lat="31.02193417958915233612060546875" lon="121.42866418696939945220947265625">
        <ele>5</ele>
        <time>2026-05-17T13:41:06.000Z</time>
        <extensions>
          <ns3:TrackPointExtension>
            <ns3:hr>158</ns3:hr>
            <ns3:cad>83</ns3:cad>
          </ns3:TrackPointExtension>
        </extensions>
      </trkpt>
      <trkpt lat="31.02190819568932056427001953125" lon="121.42868799157440662384033203125">
        <ele>5.19999980926513671875</ele>
        <time>2026-05-17T13:41:07.000Z</time>
        <extensions>
          <ns3:TrackPointExtension>
            <ns3:hr>157</ns3:hr>
            <ns3:cad>84</ns3:cad>
          </ns3:TrackPointExtension>
        </extensions>
      </trkpt>
      <trkpt lat="31.0218831337988376617431640625" lon="121.42870165407657623291015625">
        <ele>5.19999980926513671875</ele>
        <time>2026-05-17T13:41:08.000Z</time>
        <extensions>
          <ns3:TrackPointExtension>
            <ns3:hr>157</ns3:hr>
            <ns3:cad>83</ns3:cad>
          </ns3:TrackPointExtension>
        </extensions>
      </trkpt>
      <trkpt lat="31.0218831337988376617431640625" lon="121.42870165407657623291015625">
        <ele>5.400000095367431640625</ele>
        <time>2026-05-17T13:41:09.000Z</time>
        <extensions>
          <ns3:TrackPointExtension>
            <ns3:hr>158</ns3:hr>
            <ns3:cad>83</ns3:cad>
          </ns3:TrackPointExtension>
        </extensions>
      </trkpt>
      <trkpt lat="31.02186553180217742919921875" lon="121.4287209324538707733154296875">
        <ele>5.400000095367431640625</ele>
        <time>2026-05-17T13:41:10.000Z</time>
        <extensions>
          <ns3:TrackPointExtension>
            <ns3:hr>157</ns3:hr>
            <ns3:cad>82</ns3:cad>
          </ns3:TrackPointExtension>
        </extensions>
      </trkpt>
      <trkpt lat="31.02182353846728801727294921875" lon="121.42877273261547088623046875">
        <ele>5.599999904632568359375</ele>
        <time>2026-05-17T13:41:11.000Z</time>
        <extensions>
          <ns3:TrackPointExtension>
            <ns3:hr>157</ns3:hr>
            <ns3:cad>82</ns3:cad>
          </ns3:TrackPointExtension>
        </extensions>
      </trkpt>
      <trkpt lat="31.02182353846728801727294921875" lon="121.42877273261547088623046875">
        <ele>5.599999904632568359375</ele>
        <time>2026-05-17T13:41:12.000Z</time>
        <extensions>
          <ns3:TrackPointExtension>
            <ns3:hr>158</ns3:hr>
            <ns3:cad>82</ns3:cad>
          </ns3:TrackPointExtension>
        </extensions>
      </trkpt>
      <trkpt lat="31.0218085348606109619140625" lon="121.42879729159176349639892578125">
        <ele>5.599999904632568359375</ele>
        <time>2026-05-17T13:41:13.000Z</time>
        <extensions>
          <ns3:TrackPointExtension>
            <ns3:hr>158</ns3:hr>
            <ns3:cad>82</ns3:cad>
          </ns3:TrackPointExtension>
        </extensions>
      </trkpt>
      <trkpt lat="31.0217845626175403594970703125" lon="121.42882344312965869903564453125">
        <ele>5.400000095367431640625</ele>
        <time>2026-05-17T13:41:14.000Z</time>
        <extensions>
          <ns3:TrackPointExtension>
            <ns3:hr>158</ns3:hr>
            <ns3:cad>82</ns3:cad>
          </ns3:TrackPointExtension>
        </extensions>
      </trkpt>
      <trkpt lat="31.0217738337814807891845703125" lon="121.4288490079343318939208984375">
        <ele>5.400000095367431640625</ele>
        <time>2026-05-17T13:41:15.000Z</time>
        <extensions>
          <ns3:TrackPointExtension>
            <ns3:hr>157</ns3:hr>
            <ns3:cad>82</ns3:cad>
          </ns3:TrackPointExtension>
        </extensions>
      </trkpt>
      <trkpt lat="31.02176226675510406494140625" lon="121.4288845472037792205810546875">
        <ele>5.400000095367431640625</ele>
        <time>2026-05-17T13:41:16.000Z</time>
        <extensions>
          <ns3:TrackPointExtension>
            <ns3:hr>157</ns3:hr>
            <ns3:cad>82</ns3:cad>
          </ns3:TrackPointExtension>
        </extensions>
      </trkpt>
      <trkpt lat="31.02174793370068073272705078125" lon="121.42891715280711650848388671875">
        <ele>5.400000095367431640625</ele>
        <time>2026-05-17T13:41:17.000Z</time>
        <extensions>
          <ns3:TrackPointExtension>
            <ns3:hr>157</ns3:hr>
            <ns3:cad>82</ns3:cad>
          </ns3:TrackPointExtension>
        </extensions>
      </trkpt>
      <trkpt lat="31.0217446647584438323974609375" lon="121.42894246615469455718994140625">
        <ele>5.400000095367431640625</ele>
        <time>2026-05-17T13:41:18.000Z</time>
        <extensions>
          <ns3:TrackPointExtension>
            <ns3:hr>158</ns3:hr>
            <ns3:cad>82</ns3:cad>
          </ns3:TrackPointExtension>
        </extensions>
      </trkpt>
      <trkpt lat="31.0217227041721343994140625" lon="121.42900968901813030242919921875">
        <ele>5.599999904632568359375</ele>
        <time>2026-05-17T13:41:19.000Z</time>
        <extensions>
          <ns3:TrackPointExtension>
            <ns3:hr>157</ns3:hr>
            <ns3:cad>83</ns3:cad>
          </ns3:TrackPointExtension>
        </extensions>
      </trkpt>
      <trkpt lat="31.02172203361988067626953125" lon="121.42904455773532390594482421875">
        <ele>5.599999904632568359375</ele>
        <time>2026-05-17T13:41:20.000Z</time>
        <extensions>
          <ns3:TrackPointExtension>
            <ns3:hr>157</ns3:hr>
            <ns3:cad>83</ns3:cad>
          </ns3:TrackPointExtension>
        </extensions>
      </trkpt>
      <trkpt lat="31.02172203361988067626953125" lon="121.42904455773532390594482421875">
        <ele>5.599999904632568359375</ele>
        <time>2026-05-17T13:41:21.000Z</time>
        <extensions>
          <ns3:TrackPointExtension>
            <ns3:hr>158</ns3:hr>
            <ns3:cad>82</ns3:cad>
          </ns3:TrackPointExtension>
        </extensions>
      </trkpt>
      <trkpt lat="31.02171725593507289886474609375" lon="121.4290786720812320709228515625">
        <ele>5.599999904632568359375</ele>
        <time>2026-05-17T13:41:22.000Z</time>
        <extensions>
          <ns3:TrackPointExtension>
            <ns3:hr>157</ns3:hr>
            <ns3:cad>82</ns3:cad>
          </ns3:TrackPointExtension>
        </extensions>
      </trkpt>
      <trkpt lat="31.02171876467764377593994140625" lon="121.429112367331981658935546875">
        <ele>5.599999904632568359375</ele>
        <time>2026-05-17T13:41:23.000Z</time>
        <extensions>
          <ns3:TrackPointExtension>
            <ns3:hr>157</ns3:hr>
            <ns3:cad>82</ns3:cad>
          </ns3:TrackPointExtension>
        </extensions>
      </trkpt>
      <trkpt lat="31.0217225365340709686279296875" lon="121.42915251664817333221435546875">
        <ele>5.599999904632568359375</ele>
        <time>2026-05-17T13:41:24.000Z</time>
        <extensions>
          <ns3:TrackPointExtension>
            <ns3:hr>158</ns3:hr>
            <ns3:cad>82</ns3:cad>
          </ns3:TrackPointExtension>
        </extensions>
      </trkpt>
      <trkpt lat="31.02172262035310268402099609375" lon="121.42918554134666919708251953125">
        <ele>5.599999904632568359375</ele>
        <time>2026-05-17T13:41:25.000Z</time>
        <extensions>
          <ns3:TrackPointExtension>
            <ns3:hr>157</ns3:hr>
            <ns3:cad>83</ns3:cad>
          </ns3:TrackPointExtension>
        </extensions>
      </trkpt>
      <trkpt lat="31.02173334918916225433349609375" lon="121.4292158000171184539794921875">
        <ele>5.400000095367431640625</ele>
        <time>2026-05-17T13:41:26.000Z</time>
        <extensions>
          <ns3:TrackPointExtension>
            <ns3:hr>157</ns3:hr>
            <ns3:cad>83</ns3:cad>
          </ns3:TrackPointExtension>
        </extensions>
      </trkpt>
      <trkpt lat="31.02173871360719203948974609375" lon="121.42925142310559749603271484375">
        <ele>5.400000095367431640625</ele>
        <time>2026-05-17T13:41:27.000Z</time>
        <extensions>
          <ns3:TrackPointExtension>
            <ns3:hr>158</ns3:hr>
            <ns3:cad>83</ns3:cad>
          </ns3:TrackPointExtension>
        </extensions>
      </trkpt>
      <trkpt lat="31.02175229229032993316650390625" lon="121.42927606590092182159423828125">
        <ele>5.400000095367431640625</ele>
        <time>2026-05-17T13:41:28.000Z</time>
        <extensions>
          <ns3:TrackPointExtension>
            <ns3:hr>158</ns3:hr>
            <ns3:cad>83</ns3:cad>
          </ns3:TrackPointExtension>
        </extensions>
      </trkpt>
      <trkpt lat="31.02177978493273258209228515625" lon="121.4293371699750423431396484375">
        <ele>5.400000095367431640625</ele>
        <time>2026-05-17T13:41:29.000Z</time>
        <extensions>
          <ns3:TrackPointExtension>
            <ns3:hr>157</ns3:hr>
            <ns3:cad>83</ns3:cad>
          </ns3:TrackPointExtension>
        </extensions>
      </trkpt>
      <trkpt lat="31.02177978493273258209228515625" lon="121.4293371699750423431396484375">
        <ele>5.599999904632568359375</ele>
        <time>2026-05-17T13:41:30.000Z</time>
        <extensions>
          <ns3:TrackPointExtension>
            <ns3:hr>157</ns3:hr>
            <ns3:cad>84</ns3:cad>
          </ns3:TrackPointExtension>
        </extensions>
      </trkpt>
      <trkpt lat="31.0218023322522640228271484375" lon="121.42935820855200290679931640625">
        <ele>5.400000095367431640625</ele>
        <time>2026-05-17T13:41:31.000Z</time>
        <extensions>
          <ns3:TrackPointExtension>
            <ns3:hr>157</ns3:hr>
            <ns3:cad>84</ns3:cad>
          </ns3:TrackPointExtension>
        </extensions>
      </trkpt>
      <trkpt lat="31.02182018570601940155029296875" lon="121.42938570119440555572509765625">
        <ele>5.400000095367431640625</ele>
        <time>2026-05-17T13:41:32.000Z</time>
        <extensions>
          <ns3:TrackPointExtension>
            <ns3:hr>158</ns3:hr>
            <ns3:cad>84</ns3:cad>
          </ns3:TrackPointExtension>
        </extensions>
      </trkpt>
      <trkpt lat="31.0218405537307262420654296875" lon="121.42939978279173374176025390625">
        <ele>5.400000095367431640625</ele>
        <time>2026-05-17T13:41:33.000Z</time>
        <extensions>
          <ns3:TrackPointExtension>
            <ns3:hr>158</ns3:hr>
            <ns3:cad>84</ns3:cad>
          </ns3:TrackPointExtension>
        </extensions>
      </trkpt>
      <trkpt lat="31.02186360396444797515869140625" lon="121.4294226653873920440673828125">
        <ele>5.400000095367431640625</ele>
        <time>2026-05-17T13:41:34.000Z</time>
        <extensions>
          <ns3:TrackPointExtension>
            <ns3:hr>158</ns3:hr>
            <ns3:cad>84</ns3:cad>
          </ns3:TrackPointExtension>
        </extensions>
      </trkpt>
      <trkpt lat="31.02190987206995487213134765625" lon="121.42945560626685619354248046875">
        <ele>5.400000095367431640625</ele>
        <time>2026-05-17T13:41:35.000Z</time>
        <extensions>
          <ns3:TrackPointExtension>
            <ns3:hr>157</ns3:hr>
            <ns3:cad>84</ns3:cad>
          </ns3:TrackPointExtension>
        </extensions>
      </trkpt>
      <trkpt lat="31.02190987206995487213134765625" lon="121.42945560626685619354248046875">
        <ele>5.400000095367431640625</ele>
        <time>2026-05-17T13:41:36.000Z</time>
        <extensions>
          <ns3:TrackPointExtension>
            <ns3:hr>157</ns3:hr>
            <ns3:cad>84</ns3:cad>
          </ns3:TrackPointExtension>
        </extensions>
      </trkpt>
      <trkpt lat="31.02193468250334262847900390625" lon="121.42947521992027759552001953125">
        <ele>5.400000095367431640625</ele>
        <time>2026-05-17T13:41:37.000Z</time>
        <extensions>
          <ns3:TrackPointExtension>
            <ns3:hr>157</ns3:hr>
            <ns3:cad>84</ns3:cad>
          </ns3:TrackPointExtension>
        </extensions>
      </trkpt>
      <trkpt lat="31.02195530198514461517333984375" lon="121.42948393709957599639892578125">
        <ele>5.400000095367431640625</ele>
        <time>2026-05-17T13:41:38.000Z</time>
        <extensions>
          <ns3:TrackPointExtension>
            <ns3:hr>157</ns3:hr>
            <ns3:cad>84</ns3:cad>
          </ns3:TrackPointExtension>
        </extensions>
      </trkpt>
      <trkpt lat="31.02198782376945018768310546875" lon="121.42949533648788928985595703125">
        <ele>5.400000095367431640625</ele>
        <time>2026-05-17T13:41:39.000Z</time>
        <extensions>
          <ns3:TrackPointExtension>
            <ns3:hr>157</ns3:hr>
            <ns3:cad>83</ns3:cad>
          </ns3:TrackPointExtension>
        </extensions>
      </trkpt>
      <trkpt lat="31.02201573550701141357421875" lon="121.4295064844191074371337890625">
        <ele>5.400000095367431640625</ele>
        <time>2026-05-17T13:41:40.000Z</time>
        <extensions>
          <ns3:TrackPointExtension>
            <ns3:hr>157</ns3:hr>
            <ns3:cad>83</ns3:cad>
          </ns3:TrackPointExtension>
        </extensions>
      </trkpt>
      <trkpt lat="31.02204431779682636260986328125" lon="121.429505981504917144775390625">
        <ele>5.400000095367431640625</ele>
        <time>2026-05-17T13:41:41.000Z</time>
        <extensions>
          <ns3:TrackPointExtension>
            <ns3:hr>158</ns3:hr>
            <ns3:cad>84</ns3:cad>
          </ns3:TrackPointExtension>
        </extensions>
      </trkpt>
      <trkpt lat="31.02207801304757595062255859375" lon="121.42951436340808868408203125">
        <ele>5.400000095367431640625</ele>
        <time>2026-05-17T13:41:42.000Z</time>
        <extensions>
          <ns3:TrackPointExtension>
            <ns3:hr>157</ns3:hr>
            <ns3:cad>84</ns3:cad>
          </ns3:TrackPointExtension>
        </extensions>
      </trkpt>
      <trkpt lat="31.02210265584290027618408203125" lon="121.42950857989490032196044921875">
        <ele>5.400000095367431640625</ele>
        <time>2026-05-17T13:41:43.000Z</time>
        <extensions>
          <ns3:TrackPointExtension>
            <ns3:hr>157</ns3:hr>
            <ns3:cad>84</ns3:cad>
          </ns3:TrackPointExtension>
        </extensions>
      </trkpt>
      <trkpt lat="31.0221397876739501953125" lon="121.42950237728655338287353515625">
        <ele>5.400000095367431640625</ele>
        <time>2026-05-17T13:41:44.000Z</time>
        <extensions>
          <ns3:TrackPointExtension>
            <ns3:hr>158</ns3:hr>
            <ns3:cad>84</ns3:cad>
          </ns3:TrackPointExtension>
        </extensions>
      </trkpt>
      <trkpt lat="31.0221706330776214599609375" lon="121.42950036562979221343994140625">
        <ele>5.400000095367431640625</ele>
        <time>2026-05-17T13:41:45.000Z</time>
        <extensions>
          <ns3:TrackPointExtension>
            <ns3:hr>158</ns3:hr>
            <ns3:cad>83</ns3:cad>
          </ns3:TrackPointExtension>
        </extensions>
      </trkpt>
      <trkpt lat="31.02219854481518268585205078125" lon="121.42948946915566921234130859375">
        <ele>5.599999904632568359375</ele>
        <time>2026-05-17T13:41:46.000Z</time>
        <extensions>
          <ns3:TrackPointExtension>
            <ns3:hr>158</ns3:hr>
            <ns3:cad>83</ns3:cad>
          </ns3:TrackPointExtension>
        </extensions>
      </trkpt>
      <trkpt lat="31.022233664989471435546875" lon="121.42948142252862453460693359375">
        <ele>5.599999904632568359375</ele>
        <time>2026-05-17T13:41:47.000Z</time>
        <extensions>
          <ns3:TrackPointExtension>
            <ns3:hr>157</ns3:hr>
            <ns3:cad>83</ns3:cad>
          </ns3:TrackPointExtension>
        </extensions>
      </trkpt>
      <trkpt lat="31.02225487120449542999267578125" lon="121.42947605811059474945068359375">
        <ele>5.599999904632568359375</ele>
        <time>2026-05-17T13:41:48.000Z</time>
        <extensions>
          <ns3:TrackPointExtension>
            <ns3:hr>157</ns3:hr>
            <ns3:cad>83</ns3:cad>
          </ns3:TrackPointExtension>
        </extensions>
      </trkpt>
      <trkpt lat="31.0222807712852954864501953125" lon="121.429465748369693756103515625">
        <ele>5.599999904632568359375</ele>
        <time>2026-05-17T13:41:49.000Z</time>
        <extensions>
          <ns3:TrackPointExtension>
            <ns3:hr>157</ns3:hr>
            <ns3:cad>83</ns3:cad>
          </ns3:TrackPointExtension>
        </extensions>
      </trkpt>
      <trkpt lat="31.0223079286515712738037109375" lon="121.42945828847587108612060546875">
        <ele>5.400000095367431640625</ele>
        <time>2026-05-17T13:41:50.000Z</time>
        <extensions>
          <ns3:TrackPointExtension>
            <ns3:hr>158</ns3:hr>
            <ns3:cad>82</ns3:cad>
          </ns3:TrackPointExtension>
        </extensions>
      </trkpt>
      <trkpt lat="31.02232863195240497589111328125" lon="121.42945007421076297760009765625">
        <ele>5.400000095367431640625</ele>
        <time>2026-05-17T13:41:51.000Z</time>
        <extensions>
          <ns3:TrackPointExtension>
            <ns3:hr>157</ns3:hr>
            <ns3:cad>82</ns3:cad>
          </ns3:TrackPointExtension>
        </extensions>
      </trkpt>
      <trkpt lat="31.02236308157444000244140625" lon="121.42943766899406909942626953125">
        <ele>5.400000095367431640625</ele>
        <time>2026-05-17T13:41:52.000Z</time>
        <extensions>
          <ns3:TrackPointExtension>
            <ns3:hr>158</ns3:hr>
            <ns3:cad>82</ns3:cad>
          </ns3:TrackPointExtension>
        </extensions>
      </trkpt>
      <trkpt lat="31.02238881401717662811279296875" lon="121.42943331040441989898681640625">
        <ele>5.400000095367431640625</ele>
        <time>2026-05-17T13:41:53.000Z</time>
        <extensions>
          <ns3:TrackPointExtension>
            <ns3:hr>158</ns3:hr>
            <ns3:cad>81</ns3:cad>
          </ns3:TrackPointExtension>
        </extensions>
      </trkpt>
      <trkpt lat="31.02241680957376956939697265625" lon="121.42942442558705806732177734375">
        <ele>5.400000095367431640625</ele>
        <time>2026-05-17T13:41:54.000Z</time>
        <extensions>
          <ns3:TrackPointExtension>
            <ns3:hr>158</ns3:hr>
            <ns3:cad>82</ns3:cad>
          </ns3:TrackPointExtension>
        </extensions>
      </trkpt>
      <trkpt lat="31.0224470682442188262939453125" lon="121.4294226653873920440673828125">
        <ele>5.400000095367431640625</ele>
        <time>2026-05-17T13:41:55.000Z</time>
        <extensions>
          <ns3:TrackPointExtension>
            <ns3:hr>157</ns3:hr>
            <ns3:cad>82</ns3:cad>
          </ns3:TrackPointExtension>
        </extensions>
      </trkpt>
      <trkpt lat="31.02246860973536968231201171875" lon="121.42941646277904510498046875">
        <ele>5.400000095367431640625</ele>
        <time>2026-05-17T13:41:56.000Z</time>
        <extensions>
          <ns3:TrackPointExtension>
            <ns3:hr>157</ns3:hr>
            <ns3:cad>82</ns3:cad>
          </ns3:TrackPointExtension>
        </extensions>
      </trkpt>
      <trkpt lat="31.0225037299096584320068359375" lon="121.42941151745617389678955078125">
        <ele>5.400000095367431640625</ele>
        <time>2026-05-17T13:41:57.000Z</time>
        <extensions>
          <ns3:TrackPointExtension>
            <ns3:hr>157</ns3:hr>
            <ns3:cad>84</ns3:cad>
          </ns3:TrackPointExtension>
        </extensions>
      </trkpt>
      <trkpt lat="31.0225258581340312957763671875" lon="121.42940447665750980377197265625">
        <ele>5.400000095367431640625</ele>
        <time>2026-05-17T13:41:58.000Z</time>
        <extensions>
          <ns3:TrackPointExtension>
            <ns3:hr>158</ns3:hr>
            <ns3:cad>85</ns3:cad>
          </ns3:TrackPointExtension>
        </extensions>
      </trkpt>
      <trkpt lat="31.022555194795131683349609375" lon="121.4293948374688625335693359375">
        <ele>5.400000095367431640625</ele>
        <time>2026-05-17T13:41:59.000Z</time>
        <extensions>
          <ns3:TrackPointExtension>
            <ns3:hr>157</ns3:hr>
            <ns3:cad>85</ns3:cad>
          </ns3:TrackPointExtension>
        </extensions>
      </trkpt>
      <trkpt lat="31.02258344180881977081298828125" lon="121.42939223907887935638427734375">
        <ele>5.400000095367431640625</ele>
        <time>2026-05-17T13:42:00.000Z</time>
        <extensions>
          <ns3:TrackPointExtension>
            <ns3:hr>157</ns3:hr>
            <ns3:cad>85</ns3:cad>
          </ns3:TrackPointExtension>
        </extensions>
      </trkpt>
      <trkpt lat="31.022609174251556396484375" lon="121.42938503064215183258056640625">
        <ele>5.400000095367431640625</ele>
        <time>2026-05-17T13:42:01.000Z</time>
        <extensions>
          <ns3:TrackPointExtension>
            <ns3:hr>157</ns3:hr>
            <ns3:cad>84</ns3:cad>
          </ns3:TrackPointExtension>
        </extensions>
      </trkpt>
      <trkpt lat="31.0226411931216716766357421875" lon="121.4293777383863925933837890625">
        <ele>5.400000095367431640625</ele>
        <time>2026-05-17T13:42:02.000Z</time>
        <extensions>
          <ns3:TrackPointExtension>
            <ns3:hr>157</ns3:hr>
            <ns3:cad>84</ns3:cad>
          </ns3:TrackPointExtension>
        </extensions>
      </trkpt>
      <trkpt lat="31.0226614773273468017578125" lon="121.42936843447387218475341796875">
        <ele>5.400000095367431640625</ele>
        <time>2026-05-17T13:42:03.000Z</time>
        <extensions>
          <ns3:TrackPointExtension>
            <ns3:hr>158</ns3:hr>
            <ns3:cad>84</ns3:cad>
          </ns3:TrackPointExtension>
        </extensions>
      </trkpt>
      <trkpt lat="31.022690646350383758544921875" lon="121.42935904674232006072998046875">
        <ele>5.400000095367431640625</ele>
        <time>2026-05-17T13:42:04.000Z</time>
        <extensions>
          <ns3:TrackPointExtension>
            <ns3:hr>157</ns3:hr>
            <ns3:cad>84</ns3:cad>
          </ns3:TrackPointExtension>
        </extensions>
      </trkpt>
      <trkpt lat="31.02271654643118381500244140625" lon="121.42934848554432392120361328125">
        <ele>5.19999980926513671875</ele>
        <time>2026-05-17T13:42:05.000Z</time>
        <extensions>
          <ns3:TrackPointExtension>
            <ns3:hr>157</ns3:hr>
            <ns3:cad>84</ns3:cad>
          </ns3:TrackPointExtension>
        </extensions>
      </trkpt>
      <trkpt lat="31.0227441228926181793212890625" lon="121.42933943308889865875244140625">
        <ele>5.19999980926513671875</ele>
        <time>2026-05-17T13:42:06.000Z</time>
        <extensions>
          <ns3:TrackPointExtension>
            <ns3:hr>157</ns3:hr>
            <ns3:cad>85</ns3:cad>
          </ns3:TrackPointExtension>
        </extensions>
      </trkpt>
      <trkpt lat="31.02277538739144802093505859375" lon="121.42933557741343975067138671875">
        <ele>5.400000095367431640625</ele>
        <time>2026-05-17T13:42:07.000Z</time>
        <extensions>
          <ns3:TrackPointExtension>
            <ns3:hr>157</ns3:hr>
            <ns3:cad>86</ns3:cad>
          </ns3:TrackPointExtension>
        </extensions>
      </trkpt>
      <trkpt lat="31.0228058136999607086181640625" lon="121.42932937480509281158447265625">
        <ele>5.19999980926513671875</ele>
        <time>2026-05-17T13:42:08.000Z</time>
        <extensions>
          <ns3:TrackPointExtension>
            <ns3:hr>156</ns3:hr>
            <ns3:cad>86</ns3:cad>
          </ns3:TrackPointExtension>
        </extensions>
      </trkpt>
      <trkpt lat="31.02283372543752193450927734375" lon="121.42932686023414134979248046875">
        <ele>5.19999980926513671875</ele>
        <time>2026-05-17T13:42:09.000Z</time>
        <extensions>
          <ns3:TrackPointExtension>
            <ns3:hr>156</ns3:hr>
            <ns3:cad>86</ns3:cad>
          </ns3:TrackPointExtension>
        </extensions>
      </trkpt>
      <trkpt lat="31.02285987697541713714599609375" lon="121.4293214119970798492431640625">
        <ele>5.19999980926513671875</ele>
        <time>2026-05-17T13:42:10.000Z</time>
        <extensions>
          <ns3:TrackPointExtension>
            <ns3:hr>156</ns3:hr>
            <ns3:cad>86</ns3:cad>
          </ns3:TrackPointExtension>
        </extensions>
      </trkpt>
      <trkpt lat="31.02288477122783660888671875" lon="121.42931646667420864105224609375">
        <ele>5.19999980926513671875</ele>
        <time>2026-05-17T13:42:11.000Z</time>
        <extensions>
          <ns3:TrackPointExtension>
            <ns3:hr>156</ns3:hr>
            <ns3:cad>86</ns3:cad>
          </ns3:TrackPointExtension>
        </extensions>
      </trkpt>
      <trkpt lat="31.022907234728336334228515625" lon="121.4293059892952442169189453125">
        <ele>5.19999980926513671875</ele>
        <time>2026-05-17T13:42:12.000Z</time>
        <extensions>
          <ns3:TrackPointExtension>
            <ns3:hr>156</ns3:hr>
            <ns3:cad>86</ns3:cad>
          </ns3:TrackPointExtension>
        </extensions>
      </trkpt>
      <trkpt lat="31.02293196134269237518310546875" lon="121.42929718829691410064697265625">
        <ele>5.19999980926513671875</ele>
        <time>2026-05-17T13:42:13.000Z</time>
        <extensions>
          <ns3:TrackPointExtension>
            <ns3:hr>156</ns3:hr>
            <ns3:cad>86</ns3:cad>
          </ns3:TrackPointExtension>
        </extensions>
      </trkpt>
      <trkpt lat="31.02295643649995326995849609375" lon="121.42929081805050373077392578125">
        <ele>5.19999980926513671875</ele>
        <time>2026-05-17T13:42:14.000Z</time>
        <extensions>
          <ns3:TrackPointExtension>
            <ns3:hr>156</ns3:hr>
            <ns3:cad>85</ns3:cad>
          </ns3:TrackPointExtension>
        </extensions>
      </trkpt>
      <trkpt lat="31.02297923527657985687255859375" lon="121.42927992157638072967529296875">
        <ele>5.19999980926513671875</ele>
        <time>2026-05-17T13:42:15.000Z</time>
        <extensions>
          <ns3:TrackPointExtension>
            <ns3:hr>156</ns3:hr>
            <ns3:cad>85</ns3:cad>
          </ns3:TrackPointExtension>
        </extensions>
      </trkpt>
      <trkpt lat="31.023002453148365020751953125" lon="121.42926382832229137420654296875">
        <ele>5.19999980926513671875</ele>
        <time>2026-05-17T13:42:16.000Z</time>
        <extensions>
          <ns3:TrackPointExtension>
            <ns3:hr>156</ns3:hr>
            <ns3:cad>85</ns3:cad>
          </ns3:TrackPointExtension>
        </extensions>
      </trkpt>
      <trkpt lat="31.023027263581752777099609375" lon="121.42924773506820201873779296875">
        <ele>5.19999980926513671875</ele>
        <time>2026-05-17T13:42:17.000Z</time>
        <extensions>
          <ns3:TrackPointExtension>
            <ns3:hr>155</ns3:hr>
            <ns3:cad>84</ns3:cad>
          </ns3:TrackPointExtension>
        </extensions>
      </trkpt>
      <trkpt lat="31.02304964326322078704833984375" lon="121.42922602593898773193359375">
        <ele>5.19999980926513671875</ele>
        <time>2026-05-17T13:42:18.000Z</time>
        <extensions>
          <ns3:TrackPointExtension>
            <ns3:hr>156</ns3:hr>
            <ns3:cad>84</ns3:cad>
          </ns3:TrackPointExtension>
        </extensions>
      </trkpt>
      <trkpt lat="31.02307009510695934295654296875" lon="121.42920834012329578399658203125">
        <ele>5.19999980926513671875</ele>
        <time>2026-05-17T13:42:19.000Z</time>
        <extensions>
          <ns3:TrackPointExtension>
            <ns3:hr>156</ns3:hr>
            <ns3:cad>84</ns3:cad>
          </ns3:TrackPointExtension>
        </extensions>
      </trkpt>
      <trkpt lat="31.02308652363717555999755859375" lon="121.42918713390827178955078125">
        <ele>5.19999980926513671875</ele>
        <time>2026-05-17T13:42:20.000Z</time>
        <extensions>
          <ns3:TrackPointExtension>
            <ns3:hr>156</ns3:hr>
            <ns3:cad>84</ns3:cad>
          </ns3:TrackPointExtension>
        </extensions>
      </trkpt>
      <trkpt lat="31.023101694881916046142578125" lon="121.42916173674166202545166015625">
        <ele>5.19999980926513671875</ele>
        <time>2026-05-17T13:42:21.000Z</time>
        <extensions>
          <ns3:TrackPointExtension>
            <ns3:hr>155</ns3:hr>
            <ns3:cad>83</ns3:cad>
          </ns3:TrackPointExtension>
        </extensions>
      </trkpt>
      <trkpt lat="31.0231159441173076629638671875" lon="121.4291353337466716766357421875">
        <ele>5.19999980926513671875</ele>
        <time>2026-05-17T13:42:22.000Z</time>
        <extensions>
          <ns3:TrackPointExtension>
            <ns3:hr>156</ns3:hr>
            <ns3:cad>83</ns3:cad>
          </ns3:TrackPointExtension>
        </extensions>
      </trkpt>
      <trkpt lat="31.02312742732465267181396484375" lon="121.429109685122966766357421875">
        <ele>5.19999980926513671875</ele>
        <time>2026-05-17T13:42:23.000Z</time>
        <extensions>
          <ns3:TrackPointExtension>
            <ns3:hr>156</ns3:hr>
            <ns3:cad>83</ns3:cad>
          </ns3:TrackPointExtension>
        </extensions>
      </trkpt>
      <trkpt lat="31.0231464542448520660400390625" lon="121.42907825298607349395751953125">
        <ele>5.19999980926513671875</ele>
        <time>2026-05-17T13:42:24.000Z</time>
        <extensions>
          <ns3:TrackPointExtension>
            <ns3:hr>155</ns3:hr>
            <ns3:cad>83</ns3:cad>
          </ns3:TrackPointExtension>
        </extensions>
      </trkpt>
      <trkpt lat="31.02315978147089481353759765625" lon="121.42905143089592456817626953125">
        <ele>5.19999980926513671875</ele>
        <time>2026-05-17T13:42:25.000Z</time>
        <extensions>
          <ns3:TrackPointExtension>
            <ns3:hr>156</ns3:hr>
            <ns3:cad>84</ns3:cad>
          </ns3:TrackPointExtension>
        </extensions>
      </trkpt>
      <trkpt lat="31.0231739468872547149658203125" lon="121.42901555635035037994384765625">
        <ele>5</ele>
        <time>2026-05-17T13:42:26.000Z</time>
        <extensions>
          <ns3:TrackPointExtension>
            <ns3:hr>156</ns3:hr>
            <ns3:cad>85</ns3:cad>
          </ns3:TrackPointExtension>
        </extensions>
      </trkpt>
      <trkpt lat="31.0231826640665531158447265625" lon="121.4289874769747257232666015625">
        <ele>5</ele>
        <time>2026-05-17T13:42:27.000Z</time>
        <extensions>
          <ns3:TrackPointExtension>
            <ns3:hr>156</ns3:hr>
            <ns3:cad>85</ns3:cad>
          </ns3:TrackPointExtension>
        </extensions>
      </trkpt>
      <trkpt lat="31.02318610064685344696044921875" lon="121.4289536140859127044677734375">
        <ele>5</ele>
        <time>2026-05-17T13:42:28.000Z</time>
        <extensions>
          <ns3:TrackPointExtension>
            <ns3:hr>156</ns3:hr>
            <ns3:cad>85</ns3:cad>
          </ns3:TrackPointExtension>
        </extensions>
      </trkpt>
      <trkpt lat="31.0231898725032806396484375" lon="121.42892637290060520172119140625">
        <ele>5</ele>
        <time>2026-05-17T13:42:29.000Z</time>
        <extensions>
          <ns3:TrackPointExtension>
            <ns3:hr>156</ns3:hr>
            <ns3:cad>85</ns3:cad>
          </ns3:TrackPointExtension>
        </extensions>
      </trkpt>
      <trkpt lat="31.0231952369213104248046875" lon="121.42886954359710216522216796875">
        <ele>5</ele>
        <time>2026-05-17T13:42:30.000Z</time>
        <extensions>
          <ns3:TrackPointExtension>
            <ns3:hr>156</ns3:hr>
            <ns3:cad>85</ns3:cad>
          </ns3:TrackPointExtension>
        </extensions>
      </trkpt>
      <trkpt lat="31.0231952369213104248046875" lon="121.42886954359710216522216796875">
        <ele>5</ele>
        <time>2026-05-17T13:42:31.000Z</time>
        <extensions>
          <ns3:TrackPointExtension>
            <ns3:hr>156</ns3:hr>
            <ns3:cad>85</ns3:cad>
          </ns3:TrackPointExtension>
        </extensions>
      </trkpt>
      <trkpt lat="31.0231893695890903472900390625" lon="121.42883853055536746978759765625">
        <ele>5</ele>
        <time>2026-05-17T13:42:32.000Z</time>
        <extensions>
          <ns3:TrackPointExtension>
            <ns3:hr>156</ns3:hr>
            <ns3:cad>85</ns3:cad>
          </ns3:TrackPointExtension>
        </extensions>
      </trkpt>
      <trkpt lat="31.02318442426621913909912109375" lon="121.42880466766655445098876953125">
        <ele>5</ele>
        <time>2026-05-17T13:42:33.000Z</time>
        <extensions>
          <ns3:TrackPointExtension>
            <ns3:hr>155</ns3:hr>
            <ns3:cad>85</ns3:cad>
          </ns3:TrackPointExtension>
        </extensions>
      </trkpt>
      <trkpt lat="31.02317788638174533843994140625" lon="121.428767032921314239501953125">
        <ele>5</ele>
        <time>2026-05-17T13:42:34.000Z</time>
        <extensions>
          <ns3:TrackPointExtension>
            <ns3:hr>156</ns3:hr>
            <ns3:cad>85</ns3:cad>
          </ns3:TrackPointExtension>
        </extensions>
      </trkpt>
      <trkpt lat="31.02316782809793949127197265625" lon="121.42873518168926239013671875">
        <ele>5.19999980926513671875</ele>
        <time>2026-05-17T13:42:35.000Z</time>
        <extensions>
          <ns3:TrackPointExtension>
            <ns3:hr>156</ns3:hr>
            <ns3:cad>84</ns3:cad>
          </ns3:TrackPointExtension>
        </extensions>
      </trkpt>
      <trkpt lat="31.023161709308624267578125" lon="121.4286974631249904632568359375">
        <ele>5.19999980926513671875</ele>
        <time>2026-05-17T13:42:36.000Z</time>
        <extensions>
          <ns3:TrackPointExtension>
            <ns3:hr>156</ns3:hr>
            <ns3:cad>84</ns3:cad>
          </ns3:TrackPointExtension>
        </extensions>
      </trkpt>
      <trkpt lat="31.02314670570194721221923828125" lon="121.42867173068225383758544921875">
        <ele>5.19999980926513671875</ele>
        <time>2026-05-17T13:42:37.000Z</time>
        <extensions>
          <ns3:TrackPointExtension>
            <ns3:hr>156</ns3:hr>
            <ns3:cad>84</ns3:cad>
          </ns3:TrackPointExtension>
        </extensions>
      </trkpt>
      <trkpt lat="31.02312943898141384124755859375" lon="121.4286351017653942108154296875">
        <ele>5.19999980926513671875</ele>
        <time>2026-05-17T13:42:38.000Z</time>
        <extensions>
          <ns3:TrackPointExtension>
            <ns3:hr>155</ns3:hr>
            <ns3:cad>84</ns3:cad>
          </ns3:TrackPointExtension>
        </extensions>
      </trkpt>
      <trkpt lat="31.02311812341213226318359375" lon="121.42861071042716503143310546875">
        <ele>5</ele>
        <time>2026-05-17T13:42:39.000Z</time>
        <extensions>
          <ns3:TrackPointExtension>
            <ns3:hr>156</ns3:hr>
            <ns3:cad>85</ns3:cad>
          </ns3:TrackPointExtension>
        </extensions>
      </trkpt>
      <trkpt lat="31.02309674955904483795166015625" lon="121.42858564853668212890625">
        <ele>5</ele>
        <time>2026-05-17T13:42:40.000Z</time>
        <extensions>
          <ns3:TrackPointExtension>
            <ns3:hr>156</ns3:hr>
            <ns3:cad>85</ns3:cad>
          </ns3:TrackPointExtension>
        </extensions>
      </trkpt>
      <trkpt lat="31.02308166213333606719970703125" lon="121.4285589940845966339111328125">
        <ele>5</ele>
        <time>2026-05-17T13:42:41.000Z</time>
        <extensions>
          <ns3:TrackPointExtension>
            <ns3:hr>155</ns3:hr>
            <ns3:cad>85</ns3:cad>
          </ns3:TrackPointExtension>
        </extensions>
      </trkpt>
      <trkpt lat="31.0230638086795806884765625" lon="121.4285412244498729705810546875">
        <ele>5</ele>
        <time>2026-05-17T13:42:42.000Z</time>
        <extensions>
          <ns3:TrackPointExtension>
            <ns3:hr>155</ns3:hr>
            <ns3:cad>85</ns3:cad>
          </ns3:TrackPointExtension>
        </extensions>
      </trkpt>
      <trkpt lat="31.0230408422648906707763671875" lon="121.4285150729119777679443359375">
        <ele>5</ele>
        <time>2026-05-17T13:42:43.000Z</time>
        <extensions>
          <ns3:TrackPointExtension>
            <ns3:hr>155</ns3:hr>
            <ns3:cad>85</ns3:cad>
          </ns3:TrackPointExtension>
        </extensions>
      </trkpt>
      <trkpt lat="31.0230009444057941436767578125" lon="121.42848665826022624969482421875">
        <ele>5</ele>
        <time>2026-05-17T13:42:44.000Z</time>
        <extensions>
          <ns3:TrackPointExtension>
            <ns3:hr>156</ns3:hr>
            <ns3:cad>85</ns3:cad>
          </ns3:TrackPointExtension>
        </extensions>
      </trkpt>
      <trkpt lat="31.0230009444057941436767578125" lon="121.42848665826022624969482421875">
        <ele>4.80000019073486328125</ele>
        <time>2026-05-17T13:42:45.000Z</time>
        <extensions>
          <ns3:TrackPointExtension>
            <ns3:hr>155</ns3:hr>
            <ns3:cad>85</ns3:cad>
          </ns3:TrackPointExtension>
        </extensions>
      </trkpt>
      <trkpt lat="31.0229804925620555877685546875" lon="121.42846838571131229400634765625">
        <ele>4.80000019073486328125</ele>
        <time>2026-05-17T13:42:46.000Z</time>
        <extensions>
          <ns3:TrackPointExtension>
            <ns3:hr>155</ns3:hr>
            <ns3:cad>85</ns3:cad>
          </ns3:TrackPointExtension>
        </extensions>
      </trkpt>
      <trkpt lat="31.02293170988559722900390625" lon="121.42844726331532001495361328125">
        <ele>4.80000019073486328125</ele>
        <time>2026-05-17T13:42:47.000Z</time>
        <extensions>
          <ns3:TrackPointExtension>
            <ns3:hr>156</ns3:hr>
            <ns3:cad>84</ns3:cad>
          </ns3:TrackPointExtension>
        </extensions>
      </trkpt>
      <trkpt lat="31.02291025221347808837890625" lon="121.428443491458892822265625">
        <ele>4.599999904632568359375</ele>
        <time>2026-05-17T13:42:48.000Z</time>
        <extensions>
          <ns3:TrackPointExtension>
            <ns3:hr>156</ns3:hr>
            <ns3:cad>84</ns3:cad>
          </ns3:TrackPointExtension>
        </extensions>
      </trkpt>
      <trkpt lat="31.02291025221347808837890625" lon="121.428443491458892822265625">
        <ele>4.599999904632568359375</ele>
        <time>2026-05-17T13:42:49.000Z</time>
        <extensions>
          <ns3:TrackPointExtension>
            <ns3:hr>156</ns3:hr>
            <ns3:cad>84</ns3:cad>
          </ns3:TrackPointExtension>
        </extensions>
      </trkpt>
      <trkpt lat="31.02287513203918933868408203125" lon="121.42843184061348438262939453125">
        <ele>4.599999904632568359375</ele>
        <time>2026-05-17T13:42:50.000Z</time>
        <extensions>
          <ns3:TrackPointExtension>
            <ns3:hr>156</ns3:hr>
            <ns3:cad>85</ns3:cad>
          </ns3:TrackPointExtension>
        </extensions>
      </trkpt>
      <trkpt lat="31.02282802574336528778076171875" lon="121.42842806875705718994140625">
        <ele>4.400000095367431640625</ele>
        <time>2026-05-17T13:42:51.000Z</time>
        <extensions>
          <ns3:TrackPointExtension>
            <ns3:hr>155</ns3:hr>
            <ns3:cad>85</ns3:cad>
          </ns3:TrackPointExtension>
        </extensions>
      </trkpt>
      <trkpt lat="31.02280153892934322357177734375" lon="121.42842513509094715118408203125">
        <ele>4.400000095367431640625</ele>
        <time>2026-05-17T13:42:52.000Z</time>
        <extensions>
          <ns3:TrackPointExtension>
            <ns3:hr>156</ns3:hr>
            <ns3:cad>85</ns3:cad>
          </ns3:TrackPointExtension>
        </extensions>
      </trkpt>
      <trkpt lat="31.02280153892934322357177734375" lon="121.42842513509094715118408203125">
        <ele>4.599999904632568359375</ele>
        <time>2026-05-17T13:42:53.000Z</time>
        <extensions>
          <ns3:TrackPointExtension>
            <ns3:hr>156</ns3:hr>
            <ns3:cad>85</ns3:cad>
          </ns3:TrackPointExtension>
        </extensions>
      </trkpt>
      <trkpt lat="31.0227796621620655059814453125" lon="121.42843167297542095184326171875">
        <ele>4.599999904632568359375</ele>
        <time>2026-05-17T13:42:54.000Z</time>
        <extensions>
          <ns3:TrackPointExtension>
            <ns3:hr>156</ns3:hr>
            <ns3:cad>85</ns3:cad>
          </ns3:TrackPointExtension>
        </extensions>
      </trkpt>
      <trkpt lat="31.02274772711098194122314453125" lon="121.4284339360892772674560546875">
        <ele>4.80000019073486328125</ele>
        <time>2026-05-17T13:42:55.000Z</time>
        <extensions>
          <ns3:TrackPointExtension>
            <ns3:hr>156</ns3:hr>
            <ns3:cad>85</ns3:cad>
          </ns3:TrackPointExtension>
        </extensions>
      </trkpt>
      <trkpt lat="31.02272677235305309295654296875" lon="121.42843888141214847564697265625">
        <ele>5</ele>
        <time>2026-05-17T13:42:56.000Z</time>
        <extensions>
          <ns3:TrackPointExtension>
            <ns3:hr>156</ns3:hr>
            <ns3:cad>85</ns3:cad>
          </ns3:TrackPointExtension>
        </extensions>
      </trkpt>
      <trkpt lat="31.02269693277776241302490234375" lon="121.42844676040112972259521484375">
        <ele>5</ele>
        <time>2026-05-17T13:42:57.000Z</time>
        <extensions>
          <ns3:TrackPointExtension>
            <ns3:hr>156</ns3:hr>
            <ns3:cad>84</ns3:cad>
          </ns3:TrackPointExtension>
        </extensions>
      </trkpt>
      <trkpt lat="31.0226763971149921417236328125" lon="121.42845463939011096954345703125">
        <ele>5</ele>
        <time>2026-05-17T13:42:58.000Z</time>
        <extensions>
          <ns3:TrackPointExtension>
            <ns3:hr>156</ns3:hr>
            <ns3:cad>84</ns3:cad>
          </ns3:TrackPointExtension>
        </extensions>
      </trkpt>
      <trkpt lat="31.02265351451933383941650390625" lon="121.42846453003585338592529296875">
        <ele>5</ele>
        <time>2026-05-17T13:42:59.000Z</time>
        <extensions>
          <ns3:TrackPointExtension>
            <ns3:hr>156</ns3:hr>
            <ns3:cad>84</ns3:cad>
          </ns3:TrackPointExtension>
        </extensions>
      </trkpt>
      <trkpt lat="31.0226029716432094573974609375" lon="121.42847836017608642578125">
        <ele>5</ele>
        <time>2026-05-17T13:43:00.000Z</time>
        <extensions>
          <ns3:TrackPointExtension>
            <ns3:hr>156</ns3:hr>
            <ns3:cad>86</ns3:cad>
          </ns3:TrackPointExtension>
        </extensions>
      </trkpt>
      <trkpt lat="31.0226029716432094573974609375" lon="121.42847836017608642578125">
        <ele>4.80000019073486328125</ele>
        <time>2026-05-17T13:43:01.000Z</time>
        <extensions>
          <ns3:TrackPointExtension>
            <ns3:hr>155</ns3:hr>
            <ns3:cad>86</ns3:cad>
          </ns3:TrackPointExtension>
        </extensions>
      </trkpt>
      <trkpt lat="31.02257355116307735443115234375" lon="121.4284852333366870880126953125">
        <ele>4.80000019073486328125</ele>
        <time>2026-05-17T13:43:02.000Z</time>
        <extensions>
          <ns3:TrackPointExtension>
            <ns3:hr>156</ns3:hr>
            <ns3:cad>86</ns3:cad>
          </ns3:TrackPointExtension>
        </extensions>
      </trkpt>
      <trkpt lat="31.0225516743957996368408203125" lon="121.4284939505159854888916015625">
        <ele>4.599999904632568359375</ele>
        <time>2026-05-17T13:43:03.000Z</time>
        <extensions>
          <ns3:TrackPointExtension>
            <ns3:hr>156</ns3:hr>
            <ns3:cad>86</ns3:cad>
          </ns3:TrackPointExtension>
        </extensions>
      </trkpt>
      <trkpt lat="31.02249928750097751617431640625" lon="121.428506188094615936279296875">
        <ele>4.599999904632568359375</ele>
        <time>2026-05-17T13:43:04.000Z</time>
        <extensions>
          <ns3:TrackPointExtension>
            <ns3:hr>156</ns3:hr>
            <ns3:cad>85</ns3:cad>
          </ns3:TrackPointExtension>
        </extensions>
      </trkpt>
      <trkpt lat="31.02249928750097751617431640625" lon="121.428506188094615936279296875">
        <ele>4.599999904632568359375</ele>
        <time>2026-05-17T13:43:05.000Z</time>
        <extensions>
          <ns3:TrackPointExtension>
            <ns3:hr>156</ns3:hr>
            <ns3:cad>85</ns3:cad>
          </ns3:TrackPointExtension>
        </extensions>
      </trkpt>
      <trkpt lat="31.02247816510498523712158203125" lon="121.4285172522068023681640625">
        <ele>4.599999904632568359375</ele>
        <time>2026-05-17T13:43:06.000Z</time>
        <extensions>
          <ns3:TrackPointExtension>
            <ns3:hr>156</ns3:hr>
            <ns3:cad>85</ns3:cad>
          </ns3:TrackPointExtension>
        </extensions>
      </trkpt>
      <trkpt lat="31.022449247539043426513671875" lon="121.4285184256732463836669921875">
        <ele>4.80000019073486328125</ele>
        <time>2026-05-17T13:43:07.000Z</time>
        <extensions>
          <ns3:TrackPointExtension>
            <ns3:hr>155</ns3:hr>
            <ns3:cad>85</ns3:cad>
          </ns3:TrackPointExtension>
        </extensions>
      </trkpt>
      <trkpt lat="31.022398956120014190673828125" lon="121.42853426747024059295654296875">
        <ele>4.80000019073486328125</ele>
        <time>2026-05-17T13:43:08.000Z</time>
        <extensions>
          <ns3:TrackPointExtension>
            <ns3:hr>156</ns3:hr>
            <ns3:cad>85</ns3:cad>
          </ns3:TrackPointExtension>
        </extensions>
      </trkpt>
      <trkpt lat="31.022398956120014190673828125" lon="121.42853426747024059295654296875">
        <ele>5</ele>
        <time>2026-05-17T13:43:09.000Z</time>
        <extensions>
          <ns3:TrackPointExtension>
            <ns3:hr>155</ns3:hr>
            <ns3:cad>85</ns3:cad>
          </ns3:TrackPointExtension>
        </extensions>
      </trkpt>
      <trkpt lat="31.0223518498241901397705078125" lon="121.428550444543361663818359375">
        <ele>5</ele>
        <time>2026-05-17T13:43:10.000Z</time>
        <extensions>
          <ns3:TrackPointExtension>
            <ns3:hr>155</ns3:hr>
            <ns3:cad>85</ns3:cad>
          </ns3:TrackPointExtension>
        </extensions>
      </trkpt>
      <trkpt lat="31.0223518498241901397705078125" lon="121.428550444543361663818359375">
        <ele>5.19999980926513671875</ele>
        <time>2026-05-17T13:43:11.000Z</time>
        <extensions>
          <ns3:TrackPointExtension>
            <ns3:hr>155</ns3:hr>
            <ns3:cad>85</ns3:cad>
          </ns3:TrackPointExtension>
        </extensions>
      </trkpt>
      <trkpt lat="31.022305749356746673583984375" lon="121.4285623468458652496337890625">
        <ele>5.400000095367431640625</ele>
        <time>2026-05-17T13:43:12.000Z</time>
        <extensions>
          <ns3:TrackPointExtension>
            <ns3:hr>155</ns3:hr>
            <ns3:cad>85</ns3:cad>
          </ns3:TrackPointExtension>
        </extensions>
      </trkpt>
      <trkpt lat="31.022305749356746673583984375" lon="121.4285623468458652496337890625">
        <ele>5.400000095367431640625</ele>
        <time>2026-05-17T13:43:13.000Z</time>
        <extensions>
          <ns3:TrackPointExtension>
            <ns3:hr>155</ns3:hr>
            <ns3:cad>85</ns3:cad>
          </ns3:TrackPointExtension>
        </extensions>
      </trkpt>
      <trkpt lat="31.0222552902996540069580078125" lon="121.42857290804386138916015625">
        <ele>5.400000095367431640625</ele>
        <time>2026-05-17T13:43:14.000Z</time>
        <extensions>
          <ns3:TrackPointExtension>
            <ns3:hr>154</ns3:hr>
            <ns3:cad>85</ns3:cad>
          </ns3:TrackPointExtension>
        </extensions>
      </trkpt>
      <trkpt lat="31.0222552902996540069580078125" lon="121.42857290804386138916015625">
        <ele>5.400000095367431640625</ele>
        <time>2026-05-17T13:43:15.000Z</time>
        <extensions>
          <ns3:TrackPointExtension>
            <ns3:hr>154</ns3:hr>
            <ns3:cad>85</ns3:cad>
          </ns3:TrackPointExtension>
        </extensions>
      </trkpt>
      <trkpt lat="31.0222046636044979095458984375" lon="121.4285908453166484832763671875">
        <ele>5.19999980926513671875</ele>
        <time>2026-05-17T13:43:16.000Z</time>
        <extensions>
          <ns3:TrackPointExtension>
            <ns3:hr>154</ns3:hr>
            <ns3:cad>85</ns3:cad>
          </ns3:TrackPointExtension>
        </extensions>
      </trkpt>
      <trkpt lat="31.02218328975141048431396484375" lon="121.42860232852399349212646484375">
        <ele>5.19999980926513671875</ele>
        <time>2026-05-17T13:43:17.000Z</time>
        <extensions>
          <ns3:TrackPointExtension>
            <ns3:hr>155</ns3:hr>
            <ns3:cad>86</ns3:cad>
          </ns3:TrackPointExtension>
        </extensions>
      </trkpt>
      <trkpt lat="31.02218328975141048431396484375" lon="121.42860232852399349212646484375">
        <ele>5.19999980926513671875</ele>
        <time>2026-05-17T13:43:18.000Z</time>
        <extensions>
          <ns3:TrackPointExtension>
            <ns3:hr>154</ns3:hr>
            <ns3:cad>86</ns3:cad>
          </ns3:TrackPointExtension>
        </extensions>
      </trkpt>
      <trkpt lat="31.022156216204166412353515625" lon="121.42860241234302520751953125">
        <ele>5.400000095367431640625</ele>
        <time>2026-05-17T13:43:19.000Z</time>
        <extensions>
          <ns3:TrackPointExtension>
            <ns3:hr>154</ns3:hr>
            <ns3:cad>86</ns3:cad>
          </ns3:TrackPointExtension>
        </extensions>
      </trkpt>
      <trkpt lat="31.0221359319984912872314453125" lon="121.42860920168459415435791015625">
        <ele>5.400000095367431640625</ele>
        <time>2026-05-17T13:43:20.000Z</time>
        <extensions>
          <ns3:TrackPointExtension>
            <ns3:hr>154</ns3:hr>
            <ns3:cad>85</ns3:cad>
          </ns3:TrackPointExtension>
        </extensions>
      </trkpt>
      <trkpt lat="31.0221070982515811920166015625" lon="121.42861557193100452423095703125">
        <ele>5.400000095367431640625</ele>
        <time>2026-05-17T13:43:21.000Z</time>
        <extensions>
          <ns3:TrackPointExtension>
            <ns3:hr>154</ns3:hr>
            <ns3:cad>85</ns3:cad>
          </ns3:TrackPointExtension>
        </extensions>
      </trkpt>
      <trkpt lat="31.02208237163722515106201171875" lon="121.42862261272966861724853515625">
        <ele>5.400000095367431640625</ele>
        <time>2026-05-17T13:43:22.000Z</time>
        <extensions>
          <ns3:TrackPointExtension>
            <ns3:hr>154</ns3:hr>
            <ns3:cad>84</ns3:cad>
          </ns3:TrackPointExtension>
        </extensions>
      </trkpt>
      <trkpt lat="31.022024787962436676025390625" lon="121.4286334253847599029541015625">
        <ele>5.400000095367431640625</ele>
        <time>2026-05-17T13:43:23.000Z</time>
        <extensions>
          <ns3:TrackPointExtension>
            <ns3:hr>154</ns3:hr>
            <ns3:cad>84</ns3:cad>
          </ns3:TrackPointExtension>
        </extensions>
      </trkpt>
      <trkpt lat="31.0219994746148586273193359375" lon="121.428640969097614288330078125">
        <ele>5.599999904632568359375</ele>
        <time>2026-05-17T13:43:24.000Z</time>
        <extensions>
          <ns3:TrackPointExtension>
            <ns3:hr>153</ns3:hr>
            <ns3:cad>85</ns3:cad>
          </ns3:TrackPointExtension>
        </extensions>
      </trkpt>
      <trkpt lat="31.0219686292111873626708984375" lon="121.42864608205854892730712890625">
        <ele>5.599999904632568359375</ele>
        <time>2026-05-17T13:43:25.000Z</time>
        <extensions>
          <ns3:TrackPointExtension>
            <ns3:hr>153</ns3:hr>
            <ns3:cad>86</ns3:cad>
          </ns3:TrackPointExtension>
        </extensions>
      </trkpt>
      <trkpt lat="31.0219686292111873626708984375" lon="121.42864608205854892730712890625">
        <ele>5.599999904632568359375</ele>
        <time>2026-05-17T13:43:26.000Z</time>
        <extensions>
          <ns3:TrackPointExtension>
            <ns3:hr>153</ns3:hr>
            <ns3:cad>86</ns3:cad>
          </ns3:TrackPointExtension>
        </extensions>
      </trkpt>
      <trkpt lat="31.02194859646260738372802734375" lon="121.42866033129394054412841796875">
        <ele>5.599999904632568359375</ele>
        <time>2026-05-17T13:43:27.000Z</time>
        <extensions>
          <ns3:TrackPointExtension>
            <ns3:hr>153</ns3:hr>
            <ns3:cad>86</ns3:cad>
          </ns3:TrackPointExtension>
        </extensions>
      </trkpt>
      <trkpt lat="31.02189813740551471710205078125" lon="121.42869654111564159393310546875">
        <ele>5.599999904632568359375</ele>
        <time>2026-05-17T13:43:28.000Z</time>
        <extensions>
          <ns3:TrackPointExtension>
            <ns3:hr>153</ns3:hr>
            <ns3:cad>85</ns3:cad>
          </ns3:TrackPointExtension>
        </extensions>
      </trkpt>
      <trkpt lat="31.02187550626695156097412109375" lon="121.42871640622615814208984375">
        <ele>5.599999904632568359375</ele>
        <time>2026-05-17T13:43:29.000Z</time>
        <extensions>
          <ns3:TrackPointExtension>
            <ns3:hr>153</ns3:hr>
            <ns3:cad>84</ns3:cad>
          </ns3:TrackPointExtension>
        </extensions>
      </trkpt>
      <trkpt lat="31.02187550626695156097412109375" lon="121.42871640622615814208984375">
        <ele>5.599999904632568359375</ele>
        <time>2026-05-17T13:43:30.000Z</time>
        <extensions>
          <ns3:TrackPointExtension>
            <ns3:hr>153</ns3:hr>
            <ns3:cad>84</ns3:cad>
          </ns3:TrackPointExtension>
        </extensions>
      </trkpt>
      <trkpt lat="31.021848432719707489013671875" lon="121.4287326671183109283447265625">
        <ele>5.599999904632568359375</ele>
        <time>2026-05-17T13:43:31.000Z</time>
        <extensions>
          <ns3:TrackPointExtension>
            <ns3:hr>153</ns3:hr>
            <ns3:cad>84</ns3:cad>
          </ns3:TrackPointExtension>
        </extensions>
      </trkpt>
      <trkpt lat="31.02183108218014240264892578125" lon="121.42874850891530513763427734375">
        <ele>5.599999904632568359375</ele>
        <time>2026-05-17T13:43:32.000Z</time>
        <extensions>
          <ns3:TrackPointExtension>
            <ns3:hr>153</ns3:hr>
            <ns3:cad>84</ns3:cad>
          </ns3:TrackPointExtension>
        </extensions>
      </trkpt>
      <trkpt lat="31.02180643938481807708740234375" lon="121.4287802763283252716064453125">
        <ele>5.599999904632568359375</ele>
        <time>2026-05-17T13:43:33.000Z</time>
        <extensions>
          <ns3:TrackPointExtension>
            <ns3:hr>153</ns3:hr>
            <ns3:cad>83</ns3:cad>
          </ns3:TrackPointExtension>
        </extensions>
      </trkpt>
      <trkpt lat="31.0217899270355701446533203125" lon="121.42880617640912532806396484375">
        <ele>5.599999904632568359375</ele>
        <time>2026-05-17T13:43:34.000Z</time>
        <extensions>
          <ns3:TrackPointExtension>
            <ns3:hr>153</ns3:hr>
            <ns3:cad>83</ns3:cad>
          </ns3:TrackPointExtension>
        </extensions>
      </trkpt>
      <trkpt lat="31.02176151238381862640380859375" lon="121.42886032350361347198486328125">
        <ele>5.80000019073486328125</ele>
        <time>2026-05-17T13:43:35.000Z</time>
        <extensions>
          <ns3:TrackPointExtension>
            <ns3:hr>153</ns3:hr>
            <ns3:cad>84</ns3:cad>
          </ns3:TrackPointExtension>
        </extensions>
      </trkpt>
      <trkpt lat="31.02176151238381862640380859375" lon="121.42886032350361347198486328125">
        <ele>5.599999904632568359375</ele>
        <time>2026-05-17T13:43:36.000Z</time>
        <extensions>
          <ns3:TrackPointExtension>
            <ns3:hr>153</ns3:hr>
            <ns3:cad>84</ns3:cad>
          </ns3:TrackPointExtension>
        </extensions>
      </trkpt>
      <trkpt lat="31.02175480686128139495849609375" lon="121.428882367908954620361328125">
        <ele>5.80000019073486328125</ele>
        <time>2026-05-17T13:43:37.000Z</time>
        <extensions>
          <ns3:TrackPointExtension>
            <ns3:hr>153</ns3:hr>
            <ns3:cad>85</ns3:cad>
          </ns3:TrackPointExtension>
        </extensions>
      </trkpt>
      <trkpt lat="31.02174223400652408599853515625" lon="121.42892033793032169342041015625">
        <ele>5.80000019073486328125</ele>
        <time>2026-05-17T13:43:38.000Z</time>
        <extensions>
          <ns3:TrackPointExtension>
            <ns3:hr>153</ns3:hr>
            <ns3:cad>85</ns3:cad>
          </ns3:TrackPointExtension>
        </extensions>
      </trkpt>
      <trkpt lat="31.02174491621553897857666015625" lon="121.42894481308758258819580078125">
        <ele>5.599999904632568359375</ele>
        <time>2026-05-17T13:43:39.000Z</time>
        <extensions>
          <ns3:TrackPointExtension>
            <ns3:hr>153</ns3:hr>
            <ns3:cad>85</ns3:cad>
          </ns3:TrackPointExtension>
        </extensions>
      </trkpt>
      <trkpt lat="31.0217376239597797393798828125" lon="121.42901689745485782623291015625">
        <ele>5.599999904632568359375</ele>
        <time>2026-05-17T13:43:40.000Z</time>
        <extensions>
          <ns3:TrackPointExtension>
            <ns3:hr>153</ns3:hr>
            <ns3:cad>85</ns3:cad>
          </ns3:TrackPointExtension>
        </extensions>
      </trkpt>
      <trkpt lat="31.0217376239597797393798828125" lon="121.42901689745485782623291015625">
        <ele>5.599999904632568359375</ele>
        <time>2026-05-17T13:43:41.000Z</time>
        <extensions>
          <ns3:TrackPointExtension>
            <ns3:hr>153</ns3:hr>
            <ns3:cad>85</ns3:cad>
          </ns3:TrackPointExtension>
        </extensions>
      </trkpt>
      <trkpt lat="31.02173686958849430084228515625" lon="121.42904908396303653717041015625">
        <ele>5.599999904632568359375</ele>
        <time>2026-05-17T13:43:42.000Z</time>
        <extensions>
          <ns3:TrackPointExtension>
            <ns3:hr>153</ns3:hr>
            <ns3:cad>85</ns3:cad>
          </ns3:TrackPointExtension>
        </extensions>
      </trkpt>
      <trkpt lat="31.0217285715043544769287109375" lon="121.42908294685184955596923828125">
        <ele>5.80000019073486328125</ele>
        <time>2026-05-17T13:43:43.000Z</time>
        <extensions>
          <ns3:TrackPointExtension>
            <ns3:hr>153</ns3:hr>
            <ns3:cad>85</ns3:cad>
          </ns3:TrackPointExtension>
        </extensions>
      </trkpt>
      <trkpt lat="31.02173150517046451568603515625" lon="121.4291095174849033355712890625">
        <ele>5.80000019073486328125</ele>
        <time>2026-05-17T13:43:44.000Z</time>
        <extensions>
          <ns3:TrackPointExtension>
            <ns3:hr>153</ns3:hr>
            <ns3:cad>85</ns3:cad>
          </ns3:TrackPointExtension>
        </extensions>
      </trkpt>
      <trkpt lat="31.021735779941082000732421875" lon="121.42914698459208011627197265625">
        <ele>6</ele>
        <time>2026-05-17T13:43:45.000Z</time>
        <extensions>
          <ns3:TrackPointExtension>
            <ns3:hr>153</ns3:hr>
            <ns3:cad>85</ns3:cad>
          </ns3:TrackPointExtension>
        </extensions>
      </trkpt>
      <trkpt lat="31.02173804305493831634521484375" lon="121.42917950637638568878173828125">
        <ele>6</ele>
        <time>2026-05-17T13:43:46.000Z</time>
        <extensions>
          <ns3:TrackPointExtension>
            <ns3:hr>153</ns3:hr>
            <ns3:cad>85</ns3:cad>
          </ns3:TrackPointExtension>
        </extensions>
      </trkpt>
      <trkpt lat="31.021745838224887847900390625" lon="121.42920683138072490692138671875">
        <ele>6.19999980926513671875</ele>
        <time>2026-05-17T13:43:47.000Z</time>
        <extensions>
          <ns3:TrackPointExtension>
            <ns3:hr>153</ns3:hr>
            <ns3:cad>85</ns3:cad>
          </ns3:TrackPointExtension>
        </extensions>
      </trkpt>
      <trkpt lat="31.02174961008131504058837890625" lon="121.4292389340698719024658203125">
        <ele>6.19999980926513671875</ele>
        <time>2026-05-17T13:43:48.000Z</time>
        <extensions>
          <ns3:TrackPointExtension>
            <ns3:hr>153</ns3:hr>
            <ns3:cad>84</ns3:cad>
          </ns3:TrackPointExtension>
        </extensions>
      </trkpt>
      <trkpt lat="31.02175899781286716461181640625" lon="121.429260559380054473876953125">
        <ele>6.19999980926513671875</ele>
        <time>2026-05-17T13:43:49.000Z</time>
        <extensions>
          <ns3:TrackPointExtension>
            <ns3:hr>153</ns3:hr>
            <ns3:cad>84</ns3:cad>
          </ns3:TrackPointExtension>
        </extensions>
      </trkpt>
      <trkpt lat="31.02177073247730731964111328125" lon="121.42929350025951862335205078125">
        <ele>6</ele>
        <time>2026-05-17T13:43:50.000Z</time>
        <extensions>
          <ns3:TrackPointExtension>
            <ns3:hr>153</ns3:hr>
            <ns3:cad>84</ns3:cad>
          </ns3:TrackPointExtension>
        </extensions>
      </trkpt>
      <trkpt lat="31.02178037166595458984375" lon="121.42931646667420864105224609375">
        <ele>6</ele>
        <time>2026-05-17T13:43:51.000Z</time>
        <extensions>
          <ns3:TrackPointExtension>
            <ns3:hr>152</ns3:hr>
            <ns3:cad>84</ns3:cad>
          </ns3:TrackPointExtension>
        </extensions>
      </trkpt>
      <trkpt lat="31.0217966325581073760986328125" lon="121.42934328876435756683349609375">
        <ele>6</ele>
        <time>2026-05-17T13:43:52.000Z</time>
        <extensions>
          <ns3:TrackPointExtension>
            <ns3:hr>152</ns3:hr>
            <ns3:cad>85</ns3:cad>
          </ns3:TrackPointExtension>
        </extensions>
      </trkpt>
      <trkpt lat="31.021814234554767608642578125" lon="121.4293673448264598846435546875">
        <ele>6</ele>
        <time>2026-05-17T13:43:53.000Z</time>
        <extensions>
          <ns3:TrackPointExtension>
            <ns3:hr>152</ns3:hr>
            <ns3:cad>85</ns3:cad>
          </ns3:TrackPointExtension>
        </extensions>
      </trkpt>
      <trkpt lat="31.0218351893126964569091796875" lon="121.42938335426151752471923828125">
        <ele>6</ele>
        <time>2026-05-17T13:43:54.000Z</time>
        <extensions>
          <ns3:TrackPointExtension>
            <ns3:hr>152</ns3:hr>
            <ns3:cad>86</ns3:cad>
          </ns3:TrackPointExtension>
        </extensions>
      </trkpt>
      <trkpt lat="31.02185874246060848236083984375" lon="121.42940682359039783477783203125">
        <ele>6</ele>
        <time>2026-05-17T13:43:55.000Z</time>
        <extensions>
          <ns3:TrackPointExtension>
            <ns3:hr>152</ns3:hr>
            <ns3:cad>86</ns3:cad>
          </ns3:TrackPointExtension>
        </extensions>
      </trkpt>
      <trkpt lat="31.0218804515898227691650390625" lon="121.42942249774932861328125">
        <ele>6</ele>
        <time>2026-05-17T13:43:56.000Z</time>
        <extensions>
          <ns3:TrackPointExtension>
            <ns3:hr>152</ns3:hr>
            <ns3:cad>86</ns3:cad>
          </ns3:TrackPointExtension>
        </extensions>
      </trkpt>
      <trkpt lat="31.02190668694674968719482421875" lon="121.4294434525072574615478515625">
        <ele>6</ele>
        <time>2026-05-17T13:43:57.000Z</time>
        <extensions>
          <ns3:TrackPointExtension>
            <ns3:hr>152</ns3:hr>
            <ns3:cad>85</ns3:cad>
          </ns3:TrackPointExtension>
        </extensions>
      </trkpt>
      <trkpt lat="31.02193283848464488983154296875" lon="121.4294588752090930938720703125">
        <ele>6</ele>
        <time>2026-05-17T13:43:58.000Z</time>
        <extensions>
          <ns3:TrackPointExtension>
            <ns3:hr>152</ns3:hr>
            <ns3:cad>85</ns3:cad>
          </ns3:TrackPointExtension>
        </extensions>
      </trkpt>
      <trkpt lat="31.02195806801319122314453125" lon="121.4294682629406452178955078125">
        <ele>6</ele>
        <time>2026-05-17T13:43:59.000Z</time>
        <extensions>
          <ns3:TrackPointExtension>
            <ns3:hr>152</ns3:hr>
            <ns3:cad>85</ns3:cad>
          </ns3:TrackPointExtension>
        </extensions>
      </trkpt>
      <trkpt lat="31.0219827108085155487060546875" lon="121.4294840209186077117919921875">
        <ele>6</ele>
        <time>2026-05-17T13:44:00.000Z</time>
        <extensions>
          <ns3:TrackPointExtension>
            <ns3:hr>152</ns3:hr>
            <ns3:cad>85</ns3:cad>
          </ns3:TrackPointExtension>
        </extensions>
      </trkpt>
      <trkpt lat="31.0220016539096832275390625" lon="121.42949097789824008941650390625">
        <ele>6</ele>
        <time>2026-05-17T13:44:01.000Z</time>
        <extensions>
          <ns3:TrackPointExtension>
            <ns3:hr>152</ns3:hr>
            <ns3:cad>84</ns3:cad>
          </ns3:TrackPointExtension>
        </extensions>
      </trkpt>
      <trkpt lat="31.02203174494206905364990234375" lon="121.429501958191394805908203125">
        <ele>6</ele>
        <time>2026-05-17T13:44:02.000Z</time>
        <extensions>
          <ns3:TrackPointExtension>
            <ns3:hr>152</ns3:hr>
            <ns3:cad>84</ns3:cad>
          </ns3:TrackPointExtension>
        </extensions>
      </trkpt>
      <trkpt lat="31.0220561362802982330322265625" lon="121.42950355075299739837646484375">
        <ele>6</ele>
        <time>2026-05-17T13:44:03.000Z</time>
        <extensions>
          <ns3:TrackPointExtension>
            <ns3:hr>153</ns3:hr>
            <ns3:cad>84</ns3:cad>
          </ns3:TrackPointExtension>
        </extensions>
      </trkpt>
      <trkpt lat="31.02208706550300121307373046875" lon="121.429503969848155975341796875">
        <ele>6</ele>
        <time>2026-05-17T13:44:04.000Z</time>
        <extensions>
          <ns3:TrackPointExtension>
            <ns3:hr>153</ns3:hr>
            <ns3:cad>84</ns3:cad>
          </ns3:TrackPointExtension>
        </extensions>
      </trkpt>
      <trkpt lat="31.0221158154308795928955078125" lon="121.4295031316578388214111328125">
        <ele>6</ele>
        <time>2026-05-17T13:44:05.000Z</time>
        <extensions>
          <ns3:TrackPointExtension>
            <ns3:hr>153</ns3:hr>
            <ns3:cad>85</ns3:cad>
          </ns3:TrackPointExtension>
        </extensions>
      </trkpt>
      <trkpt lat="31.0221416316926479339599609375" lon="121.42949550412595272064208984375">
        <ele>5.80000019073486328125</ele>
        <time>2026-05-17T13:44:06.000Z</time>
        <extensions>
          <ns3:TrackPointExtension>
            <ns3:hr>153</ns3:hr>
            <ns3:cad>85</ns3:cad>
          </ns3:TrackPointExtension>
        </extensions>
      </trkpt>
      <trkpt lat="31.02217105217278003692626953125" lon="121.429492570459842681884765625">
        <ele>5.80000019073486328125</ele>
        <time>2026-05-17T13:44:07.000Z</time>
        <extensions>
          <ns3:TrackPointExtension>
            <ns3:hr>153</ns3:hr>
            <ns3:cad>85</ns3:cad>
          </ns3:TrackPointExtension>
        </extensions>
      </trkpt>
      <trkpt lat="31.022193767130374908447265625" lon="121.42948293127119541168212890625">
        <ele>5.80000019073486328125</ele>
        <time>2026-05-17T13:44:08.000Z</time>
        <extensions>
          <ns3:TrackPointExtension>
            <ns3:hr>153</ns3:hr>
            <ns3:cad>86</ns3:cad>
          </ns3:TrackPointExtension>
        </extensions>
      </trkpt>
      <trkpt lat="31.02222670800983905792236328125" lon="121.429479829967021942138671875">
        <ele>5.80000019073486328125</ele>
        <time>2026-05-17T13:44:09.000Z</time>
        <extensions>
          <ns3:TrackPointExtension>
            <ns3:hr>153</ns3:hr>
            <ns3:cad>86</ns3:cad>
          </ns3:TrackPointExtension>
        </extensions>
      </trkpt>
      <trkpt lat="31.02224615402519702911376953125" lon="121.42947253771126270294189453125">
        <ele>5.80000019073486328125</ele>
        <time>2026-05-17T13:44:10.000Z</time>
        <extensions>
          <ns3:TrackPointExtension>
            <ns3:hr>153</ns3:hr>
            <ns3:cad>86</ns3:cad>
          </ns3:TrackPointExtension>
        </extensions>
      </trkpt>
      <trkpt lat="31.0222747363150119781494140625" lon="121.42946113832294940948486328125">
        <ele>5.80000019073486328125</ele>
        <time>2026-05-17T13:44:11.000Z</time>
        <extensions>
          <ns3:TrackPointExtension>
            <ns3:hr>153</ns3:hr>
            <ns3:cad>86</ns3:cad>
          </ns3:TrackPointExtension>
        </extensions>
      </trkpt>
      <trkpt lat="31.02230063639581203460693359375" lon="121.42945694737136363983154296875">
        <ele>5.80000019073486328125</ele>
        <time>2026-05-17T13:44:12.000Z</time>
        <extensions>
          <ns3:TrackPointExtension>
            <ns3:hr>153</ns3:hr>
            <ns3:cad>85</ns3:cad>
          </ns3:TrackPointExtension>
        </extensions>
      </trkpt>
      <trkpt lat="31.02232477627694606781005859375" lon="121.42944789491593837738037109375">
        <ele>5.80000019073486328125</ele>
        <time>2026-05-17T13:44:13.000Z</time>
        <extensions>
          <ns3:TrackPointExtension>
            <ns3:hr>153</ns3:hr>
            <ns3:cad>85</ns3:cad>
          </ns3:TrackPointExtension>
        </extensions>
      </trkpt>
      <trkpt lat="31.0223528556525707244873046875" lon="121.42944387160241603851318359375">
        <ele>5.80000019073486328125</ele>
        <time>2026-05-17T13:44:14.000Z</time>
        <extensions>
          <ns3:TrackPointExtension>
            <ns3:hr>153</ns3:hr>
            <ns3:cad>85</ns3:cad>
          </ns3:TrackPointExtension>
        </extensions>
      </trkpt>
      <trkpt lat="31.022374816238880157470703125" lon="121.42943917773663997650146484375">
        <ele>5.80000019073486328125</ele>
        <time>2026-05-17T13:44:15.000Z</time>
        <extensions>
          <ns3:TrackPointExtension>
            <ns3:hr>154</ns3:hr>
            <ns3:cad>85</ns3:cad>
          </ns3:TrackPointExtension>
        </extensions>
      </trkpt>
      <trkpt lat="31.0224058292806148529052734375" lon="121.429432220757007598876953125">
        <ele>5.80000019073486328125</ele>
        <time>2026-05-17T13:44:16.000Z</time>
        <extensions>
          <ns3:TrackPointExtension>
            <ns3:hr>153</ns3:hr>
            <ns3:cad>85</ns3:cad>
          </ns3:TrackPointExtension>
        </extensions>
      </trkpt>
      <trkpt lat="31.02242879569530487060546875" lon="121.42942710779607295989990234375">
        <ele>5.80000019073486328125</ele>
        <time>2026-05-17T13:44:17.000Z</time>
        <extensions>
          <ns3:TrackPointExtension>
            <ns3:hr>153</ns3:hr>
            <ns3:cad>85</ns3:cad>
          </ns3:TrackPointExtension>
        </extensions>
      </trkpt>
      <trkpt lat="31.0224524326622486114501953125" lon="121.4294176362454891204833984375">
        <ele>5.80000019073486328125</ele>
        <time>2026-05-17T13:44:18.000Z</time>
        <extensions>
          <ns3:TrackPointExtension>
            <ns3:hr>154</ns3:hr>
            <ns3:cad>85</ns3:cad>
          </ns3:TrackPointExtension>
        </extensions>
      </trkpt>
      <trkpt lat="31.0224802605807781219482421875" lon="121.42941822297871112823486328125">
        <ele>5.80000019073486328125</ele>
        <time>2026-05-17T13:44:19.000Z</time>
        <extensions>
          <ns3:TrackPointExtension>
            <ns3:hr>154</ns3:hr>
            <ns3:cad>85</ns3:cad>
          </ns3:TrackPointExtension>
        </extensions>
      </trkpt>
      <trkpt lat="31.02250515483319759368896484375" lon="121.42941084690392017364501953125">
        <ele>5.599999904632568359375</ele>
        <time>2026-05-17T13:44:20.000Z</time>
        <extensions>
          <ns3:TrackPointExtension>
            <ns3:hr>154</ns3:hr>
            <ns3:cad>84</ns3:cad>
          </ns3:TrackPointExtension>
        </extensions>
      </trkpt>
      <trkpt lat="31.02253968827426433563232421875" lon="121.42940162681043148040771484375">
        <ele>5.599999904632568359375</ele>
        <time>2026-05-17T13:44:21.000Z</time>
        <extensions>
          <ns3:TrackPointExtension>
            <ns3:hr>154</ns3:hr>
            <ns3:cad>84</ns3:cad>
          </ns3:TrackPointExtension>
        </extensions>
      </trkpt>
      <trkpt lat="31.022560894489288330078125" lon="121.42939542420208454132080078125">
        <ele>5.599999904632568359375</ele>
        <time>2026-05-17T13:44:22.000Z</time>
        <extensions>
          <ns3:TrackPointExtension>
            <ns3:hr>154</ns3:hr>
            <ns3:cad>84</ns3:cad>
          </ns3:TrackPointExtension>
        </extensions>
      </trkpt>
      <trkpt lat="31.02258578874170780181884765625" lon="121.42938519828021526336669921875">
        <ele>5.400000095367431640625</ele>
        <time>2026-05-17T13:44:23.000Z</time>
        <extensions>
          <ns3:TrackPointExtension>
            <ns3:hr>154</ns3:hr>
            <ns3:cad>84</ns3:cad>
          </ns3:TrackPointExtension>
        </extensions>
      </trkpt>
      <trkpt lat="31.02261311374604701995849609375" lon="121.42938536591827869415283203125">
        <ele>5.400000095367431640625</ele>
        <time>2026-05-17T13:44:24.000Z</time>
        <extensions>
          <ns3:TrackPointExtension>
            <ns3:hr>154</ns3:hr>
            <ns3:cad>84</ns3:cad>
          </ns3:TrackPointExtension>
        </extensions>
      </trkpt>
      <trkpt lat="31.0226371698081493377685546875" lon="121.42937581054866313934326171875">
        <ele>5.400000095367431640625</ele>
        <time>2026-05-17T13:44:25.000Z</time>
        <extensions>
          <ns3:TrackPointExtension>
            <ns3:hr>154</ns3:hr>
            <ns3:cad>84</ns3:cad>
          </ns3:TrackPointExtension>
        </extensions>
      </trkpt>
      <trkpt lat="31.02266977541148662567138671875" lon="121.42937044613063335418701171875">
        <ele>5.400000095367431640625</ele>
        <time>2026-05-17T13:44:26.000Z</time>
        <extensions>
          <ns3:TrackPointExtension>
            <ns3:hr>154</ns3:hr>
            <ns3:cad>84</ns3:cad>
          </ns3:TrackPointExtension>
        </extensions>
      </trkpt>
      <trkpt lat="31.0226898081600666046142578125" lon="121.4293623156845569610595703125">
        <ele>5.400000095367431640625</ele>
        <time>2026-05-17T13:44:27.000Z</time>
        <extensions>
          <ns3:TrackPointExtension>
            <ns3:hr>154</ns3:hr>
            <ns3:cad>84</ns3:cad>
          </ns3:TrackPointExtension>
        </extensions>
      </trkpt>
      <trkpt lat="31.02271771989762783050537109375" lon="121.42935133539140224456787109375">
        <ele>5.400000095367431640625</ele>
        <time>2026-05-17T13:44:28.000Z</time>
        <extensions>
          <ns3:TrackPointExtension>
            <ns3:hr>154</ns3:hr>
            <ns3:cad>84</ns3:cad>
          </ns3:TrackPointExtension>
        </extensions>
      </trkpt>
      <trkpt lat="31.02274621836841106414794921875" lon="121.42934672534465789794921875">
        <ele>5.400000095367431640625</ele>
        <time>2026-05-17T13:44:29.000Z</time>
        <extensions>
          <ns3:TrackPointExtension>
            <ns3:hr>154</ns3:hr>
            <ns3:cad>85</ns3:cad>
          </ns3:TrackPointExtension>
        </extensions>
      </trkpt>
      <trkpt lat="31.02276884950697422027587890625" lon="121.4293371699750423431396484375">
        <ele>5.400000095367431640625</ele>
        <time>2026-05-17T13:44:30.000Z</time>
        <extensions>
          <ns3:TrackPointExtension>
            <ns3:hr>154</ns3:hr>
            <ns3:cad>85</ns3:cad>
          </ns3:TrackPointExtension>
        </extensions>
      </trkpt>
      <trkpt lat="31.02279718033969402313232421875" lon="121.42933524213731288909912109375">
        <ele>5.400000095367431640625</ele>
        <time>2026-05-17T13:44:31.000Z</time>
        <extensions>
          <ns3:TrackPointExtension>
            <ns3:hr>154</ns3:hr>
            <ns3:cad>85</ns3:cad>
          </ns3:TrackPointExtension>
        </extensions>
      </trkpt>
      <trkpt lat="31.02282199077308177947998046875" lon="121.429326273500919342041015625">
        <ele>5.400000095367431640625</ele>
        <time>2026-05-17T13:44:32.000Z</time>
        <extensions>
          <ns3:TrackPointExtension>
            <ns3:hr>154</ns3:hr>
            <ns3:cad>84</ns3:cad>
          </ns3:TrackPointExtension>
        </extensions>
      </trkpt>
      <trkpt lat="31.02285669185221195220947265625" lon="121.429320238530635833740234375">
        <ele>5.400000095367431640625</ele>
        <time>2026-05-17T13:44:33.000Z</time>
        <extensions>
          <ns3:TrackPointExtension>
            <ns3:hr>154</ns3:hr>
            <ns3:cad>84</ns3:cad>
          </ns3:TrackPointExtension>
        </extensions>
      </trkpt>
      <trkpt lat="31.0228802450001239776611328125" lon="121.42931311391294002532958984375">
        <ele>5.400000095367431640625</ele>
        <time>2026-05-17T13:44:34.000Z</time>
        <extensions>
          <ns3:TrackPointExtension>
            <ns3:hr>154</ns3:hr>
            <ns3:cad>85</ns3:cad>
          </ns3:TrackPointExtension>
        </extensions>
      </trkpt>
      <trkpt lat="31.02290815673768520355224609375" lon="121.4293016307055950164794921875">
        <ele>5.400000095367431640625</ele>
        <time>2026-05-17T13:44:35.000Z</time>
        <extensions>
          <ns3:TrackPointExtension>
            <ns3:hr>154</ns3:hr>
            <ns3:cad>85</ns3:cad>
          </ns3:TrackPointExtension>
        </extensions>
      </trkpt>
      <trkpt lat="31.0229365713894367218017578125" lon="121.4292950928211212158203125">
        <ele>5.400000095367431640625</ele>
        <time>2026-05-17T13:44:36.000Z</time>
        <extensions>
          <ns3:TrackPointExtension>
            <ns3:hr>155</ns3:hr>
            <ns3:cad>85</ns3:cad>
          </ns3:TrackPointExtension>
        </extensions>
      </trkpt>
      <trkpt lat="31.02296045981347560882568359375" lon="121.4292808435857295989990234375">
        <ele>5.400000095367431640625</ele>
        <time>2026-05-17T13:44:37.000Z</time>
        <extensions>
          <ns3:TrackPointExtension>
            <ns3:hr>154</ns3:hr>
            <ns3:cad>85</ns3:cad>
          </ns3:TrackPointExtension>
        </extensions>
      </trkpt>
      <trkpt lat="31.02299298159778118133544921875" lon="121.42927003093063831329345703125">
        <ele>5.19999980926513671875</ele>
        <time>2026-05-17T13:44:38.000Z</time>
        <extensions>
          <ns3:TrackPointExtension>
            <ns3:hr>154</ns3:hr>
            <ns3:cad>85</ns3:cad>
          </ns3:TrackPointExtension>
        </extensions>
      </trkpt>
      <trkpt lat="31.02300907485187053680419921875" lon="121.429255865514278411865234375">
        <ele>5.400000095367431640625</ele>
        <time>2026-05-17T13:44:39.000Z</time>
        <extensions>
          <ns3:TrackPointExtension>
            <ns3:hr>155</ns3:hr>
            <ns3:cad>85</ns3:cad>
          </ns3:TrackPointExtension>
        </extensions>
      </trkpt>
      <trkpt lat="31.0230344720184803009033203125" lon="121.42923532985150814056396484375">
        <ele>5.400000095367431640625</ele>
        <time>2026-05-17T13:44:40.000Z</time>
        <extensions>
          <ns3:TrackPointExtension>
            <ns3:hr>154</ns3:hr>
            <ns3:cad>85</ns3:cad>
          </ns3:TrackPointExtension>
        </extensions>
      </trkpt>
      <trkpt lat="31.0230586118996143341064453125" lon="121.429218314588069915771484375">
        <ele>5.400000095367431640625</ele>
        <time>2026-05-17T13:44:41.000Z</time>
        <extensions>
          <ns3:TrackPointExtension>
            <ns3:hr>154</ns3:hr>
            <ns3:cad>85</ns3:cad>
          </ns3:TrackPointExtension>
        </extensions>
      </trkpt>
      <trkpt lat="31.02307864464819431304931640625" lon="121.42920029349625110626220703125">
        <ele>5.400000095367431640625</ele>
        <time>2026-05-17T13:44:42.000Z</time>
        <extensions>
          <ns3:TrackPointExtension>
            <ns3:hr>155</ns3:hr>
            <ns3:cad>85</ns3:cad>
          </ns3:TrackPointExtension>
        </extensions>
      </trkpt>
      <trkpt lat="31.02310077287256717681884765625" lon="121.42917799763381481170654296875">
        <ele>5.400000095367431640625</ele>
        <time>2026-05-17T13:44:43.000Z</time>
        <extensions>
          <ns3:TrackPointExtension>
            <ns3:hr>154</ns3:hr>
            <ns3:cad>85</ns3:cad>
          </ns3:TrackPointExtension>
        </extensions>
      </trkpt>
      <trkpt lat="31.0231192968785762786865234375" lon="121.42915553413331508636474609375">
        <ele>5.400000095367431640625</ele>
        <time>2026-05-17T13:44:44.000Z</time>
        <extensions>
          <ns3:TrackPointExtension>
            <ns3:hr>154</ns3:hr>
            <ns3:cad>84</ns3:cad>
          </ns3:TrackPointExtension>
        </extensions>
      </trkpt>
      <trkpt lat="31.023137234151363372802734375" lon="121.42912351526319980621337890625">
        <ele>5.400000095367431640625</ele>
        <time>2026-05-17T13:44:45.000Z</time>
        <extensions>
          <ns3:TrackPointExtension>
            <ns3:hr>155</ns3:hr>
            <ns3:cad>84</ns3:cad>
          </ns3:TrackPointExtension>
        </extensions>
      </trkpt>
      <trkpt lat="31.0231501422822475433349609375" lon="121.429096944630146026611328125">
        <ele>5.400000095367431640625</ele>
        <time>2026-05-17T13:44:46.000Z</time>
        <extensions>
          <ns3:TrackPointExtension>
            <ns3:hr>154</ns3:hr>
            <ns3:cad>84</ns3:cad>
          </ns3:TrackPointExtension>
        </extensions>
      </trkpt>
      <trkpt lat="31.0231568478047847747802734375" lon="121.42906618304550647735595703125">
        <ele>5.400000095367431640625</ele>
        <time>2026-05-17T13:44:47.000Z</time>
        <extensions>
          <ns3:TrackPointExtension>
            <ns3:hr>154</ns3:hr>
            <ns3:cad>84</ns3:cad>
          </ns3:TrackPointExtension>
        </extensions>
      </trkpt>
      <trkpt lat="31.02317788638174533843994140625" lon="121.42900633625686168670654296875">
        <ele>5.19999980926513671875</ele>
        <time>2026-05-17T13:44:48.000Z</time>
        <extensions>
          <ns3:TrackPointExtension>
            <ns3:hr>155</ns3:hr>
            <ns3:cad>85</ns3:cad>
          </ns3:TrackPointExtension>
        </extensions>
      </trkpt>
      <trkpt lat="31.02317788638174533843994140625" lon="121.42900633625686168670654296875">
        <ele>5.400000095367431640625</ele>
        <time>2026-05-17T13:44:49.000Z</time>
        <extensions>
          <ns3:TrackPointExtension>
            <ns3:hr>154</ns3:hr>
            <ns3:cad>85</ns3:cad>
          </ns3:TrackPointExtension>
        </extensions>
      </trkpt>
      <trkpt lat="31.0231930576264858245849609375" lon="121.428966186940670013427734375">
        <ele>5.400000095367431640625</ele>
        <time>2026-05-17T13:44:50.000Z</time>
        <extensions>
          <ns3:TrackPointExtension>
            <ns3:hr>154</ns3:hr>
            <ns3:cad>86</ns3:cad>
          </ns3:TrackPointExtension>
        </extensions>
      </trkpt>
      <trkpt lat="31.02319599129259586334228515625" lon="121.42893726937472820281982421875">
        <ele>5.400000095367431640625</ele>
        <time>2026-05-17T13:44:51.000Z</time>
        <extensions>
          <ns3:TrackPointExtension>
            <ns3:hr>155</ns3:hr>
            <ns3:cad>86</ns3:cad>
          </ns3:TrackPointExtension>
        </extensions>
      </trkpt>
      <trkpt lat="31.0232044570147991180419921875" lon="121.428899131715297698974609375">
        <ele>5.400000095367431640625</ele>
        <time>2026-05-17T13:44:52.000Z</time>
        <extensions>
          <ns3:TrackPointExtension>
            <ns3:hr>154</ns3:hr>
            <ns3:cad>85</ns3:cad>
          </ns3:TrackPointExtension>
        </extensions>
      </trkpt>
      <trkpt lat="31.0232047922909259796142578125" lon="121.428865604102611541748046875">
        <ele>5.400000095367431640625</ele>
        <time>2026-05-17T13:44:53.000Z</time>
        <extensions>
          <ns3:TrackPointExtension>
            <ns3:hr>154</ns3:hr>
            <ns3:cad>85</ns3:cad>
          </ns3:TrackPointExtension>
        </extensions>
      </trkpt>
      <trkpt lat="31.023196913301944732666015625" lon="121.4287930168211460113525390625">
        <ele>5.19999980926513671875</ele>
        <time>2026-05-17T13:44:54.000Z</time>
        <extensions>
          <ns3:TrackPointExtension>
            <ns3:hr>155</ns3:hr>
            <ns3:cad>85</ns3:cad>
          </ns3:TrackPointExtension>
        </extensions>
      </trkpt>
      <trkpt lat="31.023196913301944732666015625" lon="121.4287930168211460113525390625">
        <ele>5.400000095367431640625</ele>
        <time>2026-05-17T13:44:55.000Z</time>
        <extensions>
          <ns3:TrackPointExtension>
            <ns3:hr>155</ns3:hr>
            <ns3:cad>85</ns3:cad>
          </ns3:TrackPointExtension>
        </extensions>
      </trkpt>
      <trkpt lat="31.023182831704616546630859375" lon="121.428771056234836578369140625">
        <ele>5.400000095367431640625</ele>
        <time>2026-05-17T13:44:56.000Z</time>
        <extensions>
          <ns3:TrackPointExtension>
            <ns3:hr>155</ns3:hr>
            <ns3:cad>84</ns3:cad>
          </ns3:TrackPointExtension>
        </extensions>
      </trkpt>
      <trkpt lat="31.0231737792491912841796875" lon="121.4287353493273258209228515625">
        <ele>5.400000095367431640625</ele>
        <time>2026-05-17T13:44:57.000Z</time>
        <extensions>
          <ns3:TrackPointExtension>
            <ns3:hr>155</ns3:hr>
            <ns3:cad>84</ns3:cad>
          </ns3:TrackPointExtension>
        </extensions>
      </trkpt>
      <trkpt lat="31.023165397346019744873046875" lon="121.42870626412332057952880859375">
        <ele>5.400000095367431640625</ele>
        <time>2026-05-17T13:44:58.000Z</time>
        <extensions>
          <ns3:TrackPointExtension>
            <ns3:hr>154</ns3:hr>
            <ns3:cad>85</ns3:cad>
          </ns3:TrackPointExtension>
        </extensions>
      </trkpt>
      <trkpt lat="31.0231471247971057891845703125" lon="121.4286760054528713226318359375">
        <ele>5.400000095367431640625</ele>
        <time>2026-05-17T13:44:59.000Z</time>
        <extensions>
          <ns3:TrackPointExtension>
            <ns3:hr>155</ns3:hr>
            <ns3:cad>85</ns3:cad>
          </ns3:TrackPointExtension>
        </extensions>
      </trkpt>
      <trkpt lat="31.02313564158976078033447265625" lon="121.42864474095404148101806640625">
        <ele>5.400000095367431640625</ele>
        <time>2026-05-17T13:45:00.000Z</time>
        <extensions>
          <ns3:TrackPointExtension>
            <ns3:hr>155</ns3:hr>
            <ns3:cad>85</ns3:cad>
          </ns3:TrackPointExtension>
        </extensions>
      </trkpt>
      <trkpt lat="31.02311753667891025543212890625" lon="121.4286223612725734710693359375">
        <ele>5.400000095367431640625</ele>
        <time>2026-05-17T13:45:01.000Z</time>
        <extensions>
          <ns3:TrackPointExtension>
            <ns3:hr>155</ns3:hr>
            <ns3:cad>85</ns3:cad>
          </ns3:TrackPointExtension>
        </extensions>
      </trkpt>
      <trkpt lat="31.02309742011129856109619140625" lon="121.42858807928860187530517578125">
        <ele>5.400000095367431640625</ele>
        <time>2026-05-17T13:45:02.000Z</time>
        <extensions>
          <ns3:TrackPointExtension>
            <ns3:hr>155</ns3:hr>
            <ns3:cad>85</ns3:cad>
          </ns3:TrackPointExtension>
        </extensions>
      </trkpt>
      <trkpt lat="31.0230799019336700439453125" lon="121.42856930382549762725830078125">
        <ele>5.19999980926513671875</ele>
        <time>2026-05-17T13:45:03.000Z</time>
        <extensions>
          <ns3:TrackPointExtension>
            <ns3:hr>156</ns3:hr>
            <ns3:cad>85</ns3:cad>
          </ns3:TrackPointExtension>
        </extensions>
      </trkpt>
      <trkpt lat="31.023058779537677764892578125" lon="121.42854566685855388641357421875">
        <ele>5.19999980926513671875</ele>
        <time>2026-05-17T13:45:04.000Z</time>
        <extensions>
          <ns3:TrackPointExtension>
            <ns3:hr>156</ns3:hr>
            <ns3:cad>85</ns3:cad>
          </ns3:TrackPointExtension>
        </extensions>
      </trkpt>
      <trkpt lat="31.02303790859878063201904296875" lon="121.42852638848125934600830078125">
        <ele>5.19999980926513671875</ele>
        <time>2026-05-17T13:45:05.000Z</time>
        <extensions>
          <ns3:TrackPointExtension>
            <ns3:hr>156</ns3:hr>
            <ns3:cad>85</ns3:cad>
          </ns3:TrackPointExtension>
        </extensions>
      </trkpt>
      <trkpt lat="31.02301561273634433746337890625" lon="121.4285113848745822906494140625">
        <ele>5.19999980926513671875</ele>
        <time>2026-05-17T13:45:06.000Z</time>
        <extensions>
          <ns3:TrackPointExtension>
            <ns3:hr>156</ns3:hr>
            <ns3:cad>85</ns3:cad>
          </ns3:TrackPointExtension>
        </extensions>
      </trkpt>
      <trkpt lat="31.02299029938876628875732421875" lon="121.4284889213740825653076171875">
        <ele>5.19999980926513671875</ele>
        <time>2026-05-17T13:45:07.000Z</time>
        <extensions>
          <ns3:TrackPointExtension>
            <ns3:hr>156</ns3:hr>
            <ns3:cad>85</ns3:cad>
          </ns3:TrackPointExtension>
        </extensions>
      </trkpt>
      <trkpt lat="31.0229672491550445556640625" lon="121.42848079092800617218017578125">
        <ele>5.19999980926513671875</ele>
        <time>2026-05-17T13:45:08.000Z</time>
        <extensions>
          <ns3:TrackPointExtension>
            <ns3:hr>156</ns3:hr>
            <ns3:cad>85</ns3:cad>
          </ns3:TrackPointExtension>
        </extensions>
      </trkpt>
      <trkpt lat="31.02293699048459529876708984375" lon="121.4284634403884410858154296875">
        <ele>5.400000095367431640625</ele>
        <time>2026-05-17T13:45:09.000Z</time>
        <extensions>
          <ns3:TrackPointExtension>
            <ns3:hr>156</ns3:hr>
            <ns3:cad>85</ns3:cad>
          </ns3:TrackPointExtension>
        </extensions>
      </trkpt>
      <trkpt lat="31.02291771210730075836181640625" lon="121.4284537173807621002197265625">
        <ele>5.400000095367431640625</ele>
        <time>2026-05-17T13:45:10.000Z</time>
        <extensions>
          <ns3:TrackPointExtension>
            <ns3:hr>156</ns3:hr>
            <ns3:cad>85</ns3:cad>
          </ns3:TrackPointExtension>
        </extensions>
      </trkpt>
      <trkpt lat="31.02289206348359584808349609375" lon="121.42844676040112972259521484375">
        <ele>5.599999904632568359375</ele>
        <time>2026-05-17T13:45:11.000Z</time>
        <extensions>
          <ns3:TrackPointExtension>
            <ns3:hr>156</ns3:hr>
            <ns3:cad>85</ns3:cad>
          </ns3:TrackPointExtension>
        </extensions>
      </trkpt>
      <trkpt lat="31.0228658281266689300537109375" lon="121.428439803421497344970703125">
        <ele>5.599999904632568359375</ele>
        <time>2026-05-17T13:45:12.000Z</time>
        <extensions>
          <ns3:TrackPointExtension>
            <ns3:hr>156</ns3:hr>
            <ns3:cad>85</ns3:cad>
          </ns3:TrackPointExtension>
        </extensions>
      </trkpt>
      <trkpt lat="31.02284252643585205078125" lon="121.42844173125922679901123046875">
        <ele>5.599999904632568359375</ele>
        <time>2026-05-17T13:45:13.000Z</time>
        <extensions>
          <ns3:TrackPointExtension>
            <ns3:hr>155</ns3:hr>
            <ns3:cad>85</ns3:cad>
          </ns3:TrackPointExtension>
        </extensions>
      </trkpt>
      <trkpt lat="31.02281411178410053253173828125" lon="121.42843745648860931396484375">
        <ele>5.599999904632568359375</ele>
        <time>2026-05-17T13:45:14.000Z</time>
        <extensions>
          <ns3:TrackPointExtension>
            <ns3:hr>156</ns3:hr>
            <ns3:cad>85</ns3:cad>
          </ns3:TrackPointExtension>
        </extensions>
      </trkpt>
      <trkpt lat="31.02279416285455226898193359375" lon="121.42844039015471935272216796875">
        <ele>5.400000095367431640625</ele>
        <time>2026-05-17T13:45:15.000Z</time>
        <extensions>
          <ns3:TrackPointExtension>
            <ns3:hr>156</ns3:hr>
            <ns3:cad>85</ns3:cad>
          </ns3:TrackPointExtension>
        </extensions>
      </trkpt>
      <trkpt lat="31.02276801131665706634521484375" lon="121.4284483529627323150634765625">
        <ele>5.400000095367431640625</ele>
        <time>2026-05-17T13:45:16.000Z</time>
        <extensions>
          <ns3:TrackPointExtension>
            <ns3:hr>155</ns3:hr>
            <ns3:cad>85</ns3:cad>
          </ns3:TrackPointExtension>
        </extensions>
      </trkpt>
      <trkpt lat="31.0227421112358570098876953125" lon="121.4284517057240009307861328125">
        <ele>5.400000095367431640625</ele>
        <time>2026-05-17T13:45:17.000Z</time>
        <extensions>
          <ns3:TrackPointExtension>
            <ns3:hr>155</ns3:hr>
            <ns3:cad>84</ns3:cad>
          </ns3:TrackPointExtension>
        </extensions>
      </trkpt>
      <trkpt lat="31.02271872572600841522216796875" lon="121.42845950089395046234130859375">
        <ele>5.400000095367431640625</ele>
        <time>2026-05-17T13:45:18.000Z</time>
        <extensions>
          <ns3:TrackPointExtension>
            <ns3:hr>155</ns3:hr>
            <ns3:cad>84</ns3:cad>
          </ns3:TrackPointExtension>
        </extensions>
      </trkpt>
      <trkpt lat="31.0226901434361934661865234375" lon="121.42846117727458477020263671875">
        <ele>5.400000095367431640625</ele>
        <time>2026-05-17T13:45:19.000Z</time>
        <extensions>
          <ns3:TrackPointExtension>
            <ns3:hr>155</ns3:hr>
            <ns3:cad>84</ns3:cad>
          </ns3:TrackPointExtension>
        </extensions>
      </trkpt>
      <trkpt lat="31.022669188678264617919921875" lon="121.4284691400825977325439453125">
        <ele>5.400000095367431640625</ele>
        <time>2026-05-17T13:45:20.000Z</time>
        <extensions>
          <ns3:TrackPointExtension>
            <ns3:hr>155</ns3:hr>
            <ns3:cad>84</ns3:cad>
          </ns3:TrackPointExtension>
        </extensions>
      </trkpt>
      <trkpt lat="31.0226385109126567840576171875" lon="121.42847509123384952545166015625">
        <ele>5.400000095367431640625</ele>
        <time>2026-05-17T13:45:21.000Z</time>
        <extensions>
          <ns3:TrackPointExtension>
            <ns3:hr>155</ns3:hr>
            <ns3:cad>86</ns3:cad>
          </ns3:TrackPointExtension>
        </extensions>
      </trkpt>
      <trkpt lat="31.02261680178344249725341796875" lon="121.42848028801381587982177734375">
        <ele>5.400000095367431640625</ele>
        <time>2026-05-17T13:45:22.000Z</time>
        <extensions>
          <ns3:TrackPointExtension>
            <ns3:hr>155</ns3:hr>
            <ns3:cad>86</ns3:cad>
          </ns3:TrackPointExtension>
        </extensions>
      </trkpt>
      <trkpt lat="31.02256382815539836883544921875" lon="121.42849185504019260406494140625">
        <ele>5.19999980926513671875</ele>
        <time>2026-05-17T13:45:23.000Z</time>
        <extensions>
          <ns3:TrackPointExtension>
            <ns3:hr>154</ns3:hr>
            <ns3:cad>86</ns3:cad>
          </ns3:TrackPointExtension>
        </extensions>
      </trkpt>
      <trkpt lat="31.02256382815539836883544921875" lon="121.42849185504019260406494140625">
        <ele>5.19999980926513671875</ele>
        <time>2026-05-17T13:45:24.000Z</time>
        <extensions>
          <ns3:TrackPointExtension>
            <ns3:hr>155</ns3:hr>
            <ns3:cad>86</ns3:cad>
          </ns3:TrackPointExtension>
        </extensions>
      </trkpt>
      <trkpt lat="31.02254144847393035888671875" lon="121.42850258387625217437744140625">
        <ele>5.400000095367431640625</ele>
        <time>2026-05-17T13:45:25.000Z</time>
        <extensions>
          <ns3:TrackPointExtension>
            <ns3:hr>155</ns3:hr>
            <ns3:cad>85</ns3:cad>
          </ns3:TrackPointExtension>
        </extensions>
      </trkpt>
      <trkpt lat="31.0224943421781063079833984375" lon="121.428513228893280029296875">
        <ele>5.400000095367431640625</ele>
        <time>2026-05-17T13:45:26.000Z</time>
        <extensions>
          <ns3:TrackPointExtension>
            <ns3:hr>154</ns3:hr>
            <ns3:cad>85</ns3:cad>
          </ns3:TrackPointExtension>
        </extensions>
      </trkpt>
      <trkpt lat="31.0224943421781063079833984375" lon="121.428513228893280029296875">
        <ele>5.400000095367431640625</ele>
        <time>2026-05-17T13:45:27.000Z</time>
        <extensions>
          <ns3:TrackPointExtension>
            <ns3:hr>155</ns3:hr>
            <ns3:cad>85</ns3:cad>
          </ns3:TrackPointExtension>
        </extensions>
      </trkpt>
      <trkpt lat="31.02246726863086223602294921875" lon="121.42852462828159332275390625">
        <ele>5.599999904632568359375</ele>
        <time>2026-05-17T13:45:28.000Z</time>
        <extensions>
          <ns3:TrackPointExtension>
            <ns3:hr>155</ns3:hr>
            <ns3:cad>84</ns3:cad>
          </ns3:TrackPointExtension>
        </extensions>
      </trkpt>
      <trkpt lat="31.02241580374538898468017578125" lon="121.428541056811809539794921875">
        <ele>5.599999904632568359375</ele>
        <time>2026-05-17T13:45:29.000Z</time>
        <extensions>
          <ns3:TrackPointExtension>
            <ns3:hr>154</ns3:hr>
            <ns3:cad>84</ns3:cad>
          </ns3:TrackPointExtension>
        </extensions>
      </trkpt>
      <trkpt lat="31.02241580374538898468017578125" lon="121.428541056811809539794921875">
        <ele>5.599999904632568359375</ele>
        <time>2026-05-17T13:45:30.000Z</time>
        <extensions>
          <ns3:TrackPointExtension>
            <ns3:hr>154</ns3:hr>
            <ns3:cad>84</ns3:cad>
          </ns3:TrackPointExtension>
        </extensions>
      </trkpt>
      <trkpt lat="31.0223865509033203125" lon="121.428545080125331878662109375">
        <ele>5.400000095367431640625</ele>
        <time>2026-05-17T13:45:31.000Z</time>
        <extensions>
          <ns3:TrackPointExtension>
            <ns3:hr>154</ns3:hr>
            <ns3:cad>84</ns3:cad>
          </ns3:TrackPointExtension>
        </extensions>
      </trkpt>
      <trkpt lat="31.02233349345624446868896484375" lon="121.42856620252132415771484375">
        <ele>5.400000095367431640625</ele>
        <time>2026-05-17T13:45:32.000Z</time>
        <extensions>
          <ns3:TrackPointExtension>
            <ns3:hr>154</ns3:hr>
            <ns3:cad>84</ns3:cad>
          </ns3:TrackPointExtension>
        </extensions>
      </trkpt>
      <trkpt lat="31.02233349345624446868896484375" lon="121.42856620252132415771484375">
        <ele>5.19999980926513671875</ele>
        <time>2026-05-17T13:45:33.000Z</time>
        <extensions>
          <ns3:TrackPointExtension>
            <ns3:hr>155</ns3:hr>
            <ns3:cad>84</ns3:cad>
          </ns3:TrackPointExtension>
        </extensions>
      </trkpt>
      <trkpt lat="31.02230583317577838897705078125" lon="121.4285740815103054046630859375">
        <ele>5</ele>
        <time>2026-05-17T13:45:34.000Z</time>
        <extensions>
          <ns3:TrackPointExtension>
            <ns3:hr>154</ns3:hr>
            <ns3:cad>84</ns3:cad>
          </ns3:TrackPointExtension>
        </extensions>
      </trkpt>
      <trkpt lat="31.0222774185240268707275390625" lon="121.42858623526990413665771484375">
        <ele>5</ele>
        <time>2026-05-17T13:45:35.000Z</time>
        <extensions>
          <ns3:TrackPointExtension>
            <ns3:hr>153</ns3:hr>
            <ns3:cad>84</ns3:cad>
          </ns3:TrackPointExtension>
        </extensions>
      </trkpt>
      <trkpt lat="31.02224850095808506011962890625" lon="121.428586654365062713623046875">
        <ele>5</ele>
        <time>2026-05-17T13:45:36.000Z</time>
        <extensions>
          <ns3:TrackPointExtension>
            <ns3:hr>153</ns3:hr>
            <ns3:cad>86</ns3:cad>
          </ns3:TrackPointExtension>
        </extensions>
      </trkpt>
      <trkpt lat="31.02222419343888759613037109375" lon="121.4285950362682342529296875">
        <ele>5</ele>
        <time>2026-05-17T13:45:37.000Z</time>
        <extensions>
          <ns3:TrackPointExtension>
            <ns3:hr>153</ns3:hr>
            <ns3:cad>86</ns3:cad>
          </ns3:TrackPointExtension>
        </extensions>
      </trkpt>
      <trkpt lat="31.02217088453471660614013671875" lon="121.4286009036004543304443359375">
        <ele>5</ele>
        <time>2026-05-17T13:45:38.000Z</time>
        <extensions>
          <ns3:TrackPointExtension>
            <ns3:hr>153</ns3:hr>
            <ns3:cad>86</ns3:cad>
          </ns3:TrackPointExtension>
        </extensions>
      </trkpt>
      <trkpt lat="31.02217088453471660614013671875" lon="121.4286009036004543304443359375">
        <ele>5</ele>
        <time>2026-05-17T13:45:39.000Z</time>
        <extensions>
          <ns3:TrackPointExtension>
            <ns3:hr>153</ns3:hr>
            <ns3:cad>86</ns3:cad>
          </ns3:TrackPointExtension>
        </extensions>
      </trkpt>
      <trkpt lat="31.02212361060082912445068359375" lon="121.428611464798450469970703125">
        <ele>5</ele>
        <time>2026-05-17T13:45:40.000Z</time>
        <extensions>
          <ns3:TrackPointExtension>
            <ns3:hr>153</ns3:hr>
            <ns3:cad>85</ns3:cad>
          </ns3:TrackPointExtension>
        </extensions>
      </trkpt>
      <trkpt lat="31.02209997363388538360595703125" lon="121.4286218583583831787109375">
        <ele>5.19999980926513671875</ele>
        <time>2026-05-17T13:45:41.000Z</time>
        <extensions>
          <ns3:TrackPointExtension>
            <ns3:hr>153</ns3:hr>
            <ns3:cad>85</ns3:cad>
          </ns3:TrackPointExtension>
        </extensions>
      </trkpt>
      <trkpt lat="31.02206896059215068817138671875" lon="121.42861976288259029388427734375">
        <ele>5.19999980926513671875</ele>
        <time>2026-05-17T13:45:42.000Z</time>
        <extensions>
          <ns3:TrackPointExtension>
            <ns3:hr>153</ns3:hr>
            <ns3:cad>85</ns3:cad>
          </ns3:TrackPointExtension>
        </extensions>
      </trkpt>
      <trkpt lat="31.02206896059215068817138671875" lon="121.42861976288259029388427734375">
        <ele>5.599999904632568359375</ele>
        <time>2026-05-17T13:45:43.000Z</time>
        <extensions>
          <ns3:TrackPointExtension>
            <ns3:hr>153</ns3:hr>
            <ns3:cad>85</ns3:cad>
          </ns3:TrackPointExtension>
        </extensions>
      </trkpt>
      <trkpt lat="31.022045910358428955078125" lon="121.42862965352833271026611328125">
        <ele>5.599999904632568359375</ele>
        <time>2026-05-17T13:45:44.000Z</time>
        <extensions>
          <ns3:TrackPointExtension>
            <ns3:hr>153</ns3:hr>
            <ns3:cad>85</ns3:cad>
          </ns3:TrackPointExtension>
        </extensions>
      </trkpt>
      <trkpt lat="31.0220123827457427978515625" lon="121.42863719724118709564208984375">
        <ele>5.599999904632568359375</ele>
        <time>2026-05-17T13:45:45.000Z</time>
        <extensions>
          <ns3:TrackPointExtension>
            <ns3:hr>153</ns3:hr>
            <ns3:cad>85</ns3:cad>
          </ns3:TrackPointExtension>
        </extensions>
      </trkpt>
      <trkpt lat="31.0219895839691162109375" lon="121.42864557914435863494873046875">
        <ele>5.599999904632568359375</ele>
        <time>2026-05-17T13:45:46.000Z</time>
        <extensions>
          <ns3:TrackPointExtension>
            <ns3:hr>153</ns3:hr>
            <ns3:cad>85</ns3:cad>
          </ns3:TrackPointExtension>
        </extensions>
      </trkpt>
      <trkpt lat="31.02196536026895046234130859375" lon="121.4286636002361774444580078125">
        <ele>5.599999904632568359375</ele>
        <time>2026-05-17T13:45:47.000Z</time>
        <extensions>
          <ns3:TrackPointExtension>
            <ns3:hr>153</ns3:hr>
            <ns3:cad>85</ns3:cad>
          </ns3:TrackPointExtension>
        </extensions>
      </trkpt>
      <trkpt lat="31.02193954400718212127685546875" lon="121.428671814501285552978515625">
        <ele>5.400000095367431640625</ele>
        <time>2026-05-17T13:45:48.000Z</time>
        <extensions>
          <ns3:TrackPointExtension>
            <ns3:hr>153</ns3:hr>
            <ns3:cad>85</ns3:cad>
          </ns3:TrackPointExtension>
        </extensions>
      </trkpt>
      <trkpt lat="31.02191858924925327301025390625" lon="121.428687572479248046875">
        <ele>5.400000095367431640625</ele>
        <time>2026-05-17T13:45:49.000Z</time>
        <extensions>
          <ns3:TrackPointExtension>
            <ns3:hr>153</ns3:hr>
            <ns3:cad>85</ns3:cad>
          </ns3:TrackPointExtension>
        </extensions>
      </trkpt>
      <trkpt lat="31.021887995302677154541015625" lon="121.42870408482849597930908203125">
        <ele>5.599999904632568359375</ele>
        <time>2026-05-17T13:45:50.000Z</time>
        <extensions>
          <ns3:TrackPointExtension>
            <ns3:hr>153</ns3:hr>
            <ns3:cad>85</ns3:cad>
          </ns3:TrackPointExtension>
        </extensions>
      </trkpt>
      <trkpt lat="31.02186997421085834503173828125" lon="121.42872202210128307342529296875">
        <ele>5.599999904632568359375</ele>
        <time>2026-05-17T13:45:51.000Z</time>
        <extensions>
          <ns3:TrackPointExtension>
            <ns3:hr>154</ns3:hr>
            <ns3:cad>85</ns3:cad>
          </ns3:TrackPointExtension>
        </extensions>
      </trkpt>
      <trkpt lat="31.0218459181487560272216796875" lon="121.428749598562717437744140625">
        <ele>5.599999904632568359375</ele>
        <time>2026-05-17T13:45:52.000Z</time>
        <extensions>
          <ns3:TrackPointExtension>
            <ns3:hr>154</ns3:hr>
            <ns3:cad>85</ns3:cad>
          </ns3:TrackPointExtension>
        </extensions>
      </trkpt>
      <trkpt lat="31.02180920541286468505859375" lon="121.42879662103950977325439453125">
        <ele>5.599999904632568359375</ele>
        <time>2026-05-17T13:45:53.000Z</time>
        <extensions>
          <ns3:TrackPointExtension>
            <ns3:hr>154</ns3:hr>
            <ns3:cad>85</ns3:cad>
          </ns3:TrackPointExtension>
        </extensions>
      </trkpt>
      <trkpt lat="31.02180920541286468505859375" lon="121.42879662103950977325439453125">
        <ele>5.599999904632568359375</ele>
        <time>2026-05-17T13:45:54.000Z</time>
        <extensions>
          <ns3:TrackPointExtension>
            <ns3:hr>154</ns3:hr>
            <ns3:cad>85</ns3:cad>
          </ns3:TrackPointExtension>
        </extensions>
      </trkpt>
      <trkpt lat="31.0217870771884918212890625" lon="121.4288195036351680755615234375">
        <ele>5.599999904632568359375</ele>
        <time>2026-05-17T13:45:55.000Z</time>
        <extensions>
          <ns3:TrackPointExtension>
            <ns3:hr>154</ns3:hr>
            <ns3:cad>85</ns3:cad>
          </ns3:TrackPointExtension>
        </extensions>
      </trkpt>
      <trkpt lat="31.02177509106695652008056640625" lon="121.42883936874568462371826171875">
        <ele>5.599999904632568359375</ele>
        <time>2026-05-17T13:45:56.000Z</time>
        <extensions>
          <ns3:TrackPointExtension>
            <ns3:hr>154</ns3:hr>
            <ns3:cad>85</ns3:cad>
          </ns3:TrackPointExtension>
        </extensions>
      </trkpt>
      <trkpt lat="31.021756567060947418212890625" lon="121.428868956863880157470703125">
        <ele>5.599999904632568359375</ele>
        <time>2026-05-17T13:45:57.000Z</time>
        <extensions>
          <ns3:TrackPointExtension>
            <ns3:hr>155</ns3:hr>
            <ns3:cad>85</ns3:cad>
          </ns3:TrackPointExtension>
        </extensions>
      </trkpt>
      <trkpt lat="31.02174994535744190216064453125" lon="121.42889116890728473663330078125">
        <ele>5.599999904632568359375</ele>
        <time>2026-05-17T13:45:58.000Z</time>
        <extensions>
          <ns3:TrackPointExtension>
            <ns3:hr>155</ns3:hr>
            <ns3:cad>85</ns3:cad>
          </ns3:TrackPointExtension>
        </extensions>
      </trkpt>
      <trkpt lat="31.02174122817814350128173828125" lon="121.428927294909954071044921875">
        <ele>5.80000019073486328125</ele>
        <time>2026-05-17T13:45:59.000Z</time>
        <extensions>
          <ns3:TrackPointExtension>
            <ns3:hr>155</ns3:hr>
            <ns3:cad>86</ns3:cad>
          </ns3:TrackPointExtension>
        </extensions>
      </trkpt>
      <trkpt lat="31.021730415523052215576171875" lon="121.42895922996103763580322265625">
        <ele>5.80000019073486328125</ele>
        <time>2026-05-17T13:46:00.000Z</time>
        <extensions>
          <ns3:TrackPointExtension>
            <ns3:hr>155</ns3:hr>
            <ns3:cad>86</ns3:cad>
          </ns3:TrackPointExtension>
        </extensions>
      </trkpt>
      <trkpt lat="31.0217280685901641845703125" lon="121.42898689024150371551513671875">
        <ele>5.80000019073486328125</ele>
        <time>2026-05-17T13:46:01.000Z</time>
        <extensions>
          <ns3:TrackPointExtension>
            <ns3:hr>154</ns3:hr>
            <ns3:cad>85</ns3:cad>
          </ns3:TrackPointExtension>
        </extensions>
      </trkpt>
      <trkpt lat="31.0217158310115337371826171875" lon="121.4290206693112850189208984375">
        <ele>5.80000019073486328125</ele>
        <time>2026-05-17T13:46:02.000Z</time>
        <extensions>
          <ns3:TrackPointExtension>
            <ns3:hr>155</ns3:hr>
            <ns3:cad>85</ns3:cad>
          </ns3:TrackPointExtension>
        </extensions>
      </trkpt>
      <trkpt lat="31.02171591483056545257568359375" lon="121.42904631793498992919921875">
        <ele>5.80000019073486328125</ele>
        <time>2026-05-17T13:46:03.000Z</time>
        <extensions>
          <ns3:TrackPointExtension>
            <ns3:hr>154</ns3:hr>
            <ns3:cad>85</ns3:cad>
          </ns3:TrackPointExtension>
        </extensions>
      </trkpt>
      <trkpt lat="31.02171666920185089111328125" lon="121.4290843717753887176513671875">
        <ele>5.80000019073486328125</ele>
        <time>2026-05-17T13:46:04.000Z</time>
        <extensions>
          <ns3:TrackPointExtension>
            <ns3:hr>154</ns3:hr>
            <ns3:cad>85</ns3:cad>
          </ns3:TrackPointExtension>
        </extensions>
      </trkpt>
      <trkpt lat="31.0217198543250560760498046875" lon="121.429119072854518890380859375">
        <ele>5.80000019073486328125</ele>
        <time>2026-05-17T13:46:05.000Z</time>
        <extensions>
          <ns3:TrackPointExtension>
            <ns3:hr>154</ns3:hr>
            <ns3:cad>85</ns3:cad>
          </ns3:TrackPointExtension>
        </extensions>
      </trkpt>
      <trkpt lat="31.021729074418544769287109375" lon="121.42915033735334873199462890625">
        <ele>5.80000019073486328125</ele>
        <time>2026-05-17T13:46:06.000Z</time>
        <extensions>
          <ns3:TrackPointExtension>
            <ns3:hr>154</ns3:hr>
            <ns3:cad>85</ns3:cad>
          </ns3:TrackPointExtension>
        </extensions>
      </trkpt>
      <trkpt lat="31.02172966115176677703857421875" lon="121.42918285913765430450439453125">
        <ele>5.80000019073486328125</ele>
        <time>2026-05-17T13:46:07.000Z</time>
        <extensions>
          <ns3:TrackPointExtension>
            <ns3:hr>153</ns3:hr>
            <ns3:cad>85</ns3:cad>
          </ns3:TrackPointExtension>
        </extensions>
      </trkpt>
      <trkpt lat="31.02173603139817714691162109375" lon="121.4292065799236297607421875">
        <ele>5.80000019073486328125</ele>
        <time>2026-05-17T13:46:08.000Z</time>
        <extensions>
          <ns3:TrackPointExtension>
            <ns3:hr>153</ns3:hr>
            <ns3:cad>85</ns3:cad>
          </ns3:TrackPointExtension>
        </extensions>
      </trkpt>
      <trkpt lat="31.02174215018749237060546875" lon="121.4292392693459987640380859375">
        <ele>5.80000019073486328125</ele>
        <time>2026-05-17T13:46:09.000Z</time>
        <extensions>
          <ns3:TrackPointExtension>
            <ns3:hr>153</ns3:hr>
            <ns3:cad>85</ns3:cad>
          </ns3:TrackPointExtension>
        </extensions>
      </trkpt>
      <trkpt lat="31.021751873195171356201171875" lon="121.42926868982613086700439453125">
        <ele>6</ele>
        <time>2026-05-17T13:46:10.000Z</time>
        <extensions>
          <ns3:TrackPointExtension>
            <ns3:hr>153</ns3:hr>
            <ns3:cad>85</ns3:cad>
          </ns3:TrackPointExtension>
        </extensions>
      </trkpt>
      <trkpt lat="31.02176494896411895751953125" lon="121.42929685302078723907470703125">
        <ele>6</ele>
        <time>2026-05-17T13:46:11.000Z</time>
        <extensions>
          <ns3:TrackPointExtension>
            <ns3:hr>153</ns3:hr>
            <ns3:cad>85</ns3:cad>
          </ns3:TrackPointExtension>
        </extensions>
      </trkpt>
      <trkpt lat="31.02177810855209827423095703125" lon="121.42932535149157047271728515625">
        <ele>6</ele>
        <time>2026-05-17T13:46:12.000Z</time>
        <extensions>
          <ns3:TrackPointExtension>
            <ns3:hr>153</ns3:hr>
            <ns3:cad>84</ns3:cad>
          </ns3:TrackPointExtension>
        </extensions>
      </trkpt>
      <trkpt lat="31.02179604582488536834716796875" lon="121.4293415285646915435791015625">
        <ele>6</ele>
        <time>2026-05-17T13:46:13.000Z</time>
        <extensions>
          <ns3:TrackPointExtension>
            <ns3:hr>154</ns3:hr>
            <ns3:cad>84</ns3:cad>
          </ns3:TrackPointExtension>
        </extensions>
      </trkpt>
      <trkpt lat="31.02181314490735530853271484375" lon="121.4293700270354747772216796875">
        <ele>5.80000019073486328125</ele>
        <time>2026-05-17T13:46:14.000Z</time>
        <extensions>
          <ns3:TrackPointExtension>
            <ns3:hr>153</ns3:hr>
            <ns3:cad>84</ns3:cad>
          </ns3:TrackPointExtension>
        </extensions>
      </trkpt>
      <trkpt lat="31.02182663977146148681640625" lon="121.42938637174665927886962890625">
        <ele>5.80000019073486328125</ele>
        <time>2026-05-17T13:46:15.000Z</time>
        <extensions>
          <ns3:TrackPointExtension>
            <ns3:hr>153</ns3:hr>
            <ns3:cad>85</ns3:cad>
          </ns3:TrackPointExtension>
        </extensions>
      </trkpt>
      <trkpt lat="31.02184885181486606597900390625" lon="121.42940816469490528106689453125">
        <ele>5.80000019073486328125</ele>
        <time>2026-05-17T13:46:16.000Z</time>
        <extensions>
          <ns3:TrackPointExtension>
            <ns3:hr>153</ns3:hr>
            <ns3:cad>85</ns3:cad>
          </ns3:TrackPointExtension>
        </extensions>
      </trkpt>
      <trkpt lat="31.02186955511569976806640625" lon="121.4294330589473247528076171875">
        <ele>5.80000019073486328125</ele>
        <time>2026-05-17T13:46:17.000Z</time>
        <extensions>
          <ns3:TrackPointExtension>
            <ns3:hr>153</ns3:hr>
            <ns3:cad>84</ns3:cad>
          </ns3:TrackPointExtension>
        </extensions>
      </trkpt>
      <trkpt lat="31.0218925215303897857666015625" lon="121.42944588325917720794677734375">
        <ele>5.80000019073486328125</ele>
        <time>2026-05-17T13:46:18.000Z</time>
        <extensions>
          <ns3:TrackPointExtension>
            <ns3:hr>153</ns3:hr>
            <ns3:cad>84</ns3:cad>
          </ns3:TrackPointExtension>
        </extensions>
      </trkpt>
      <trkpt lat="31.02192177437245845794677734375" lon="121.4294662512838840484619140625">
        <ele>5.80000019073486328125</ele>
        <time>2026-05-17T13:46:19.000Z</time>
        <extensions>
          <ns3:TrackPointExtension>
            <ns3:hr>153</ns3:hr>
            <ns3:cad>84</ns3:cad>
          </ns3:TrackPointExtension>
        </extensions>
      </trkpt>
      <trkpt lat="31.0219480097293853759765625" lon="121.429473124444484710693359375">
        <ele>5.80000019073486328125</ele>
        <time>2026-05-17T13:46:20.000Z</time>
        <extensions>
          <ns3:TrackPointExtension>
            <ns3:hr>154</ns3:hr>
            <ns3:cad>84</ns3:cad>
          </ns3:TrackPointExtension>
        </extensions>
      </trkpt>
      <trkpt lat="31.0219786874949932098388671875" lon="121.42948444001376628875732421875">
        <ele>5.80000019073486328125</ele>
        <time>2026-05-17T13:46:21.000Z</time>
        <extensions>
          <ns3:TrackPointExtension>
            <ns3:hr>154</ns3:hr>
            <ns3:cad>85</ns3:cad>
          </ns3:TrackPointExtension>
        </extensions>
      </trkpt>
      <trkpt lat="31.0220011509954929351806640625" lon="121.42949156463146209716796875">
        <ele>5.80000019073486328125</ele>
        <time>2026-05-17T13:46:22.000Z</time>
        <extensions>
          <ns3:TrackPointExtension>
            <ns3:hr>154</ns3:hr>
            <ns3:cad>85</ns3:cad>
          </ns3:TrackPointExtension>
        </extensions>
      </trkpt>
      <trkpt lat="31.0220324993133544921875" lon="121.42949500121176242828369140625">
        <ele>5.80000019073486328125</ele>
        <time>2026-05-17T13:46:23.000Z</time>
        <extensions>
          <ns3:TrackPointExtension>
            <ns3:hr>154</ns3:hr>
            <ns3:cad>85</ns3:cad>
          </ns3:TrackPointExtension>
        </extensions>
      </trkpt>
      <trkpt lat="31.0220621712505817413330078125" lon="121.429502628743648529052734375">
        <ele>5.80000019073486328125</ele>
        <time>2026-05-17T13:46:24.000Z</time>
        <extensions>
          <ns3:TrackPointExtension>
            <ns3:hr>154</ns3:hr>
            <ns3:cad>85</ns3:cad>
          </ns3:TrackPointExtension>
        </extensions>
      </trkpt>
      <trkpt lat="31.0220874845981597900390625" lon="121.42949935980141162872314453125">
        <ele>5.80000019073486328125</ele>
        <time>2026-05-17T13:46:25.000Z</time>
        <extensions>
          <ns3:TrackPointExtension>
            <ns3:hr>155</ns3:hr>
            <ns3:cad>85</ns3:cad>
          </ns3:TrackPointExtension>
        </extensions>
      </trkpt>
      <trkpt lat="31.0221218504011631011962890625" lon="121.42949919216334819793701171875">
        <ele>5.80000019073486328125</ele>
        <time>2026-05-17T13:46:26.000Z</time>
        <extensions>
          <ns3:TrackPointExtension>
            <ns3:hr>154</ns3:hr>
            <ns3:cad>85</ns3:cad>
          </ns3:TrackPointExtension>
        </extensions>
      </trkpt>
      <trkpt lat="31.02214557118713855743408203125" lon="121.429493911564350128173828125">
        <ele>5.599999904632568359375</ele>
        <time>2026-05-17T13:46:27.000Z</time>
        <extensions>
          <ns3:TrackPointExtension>
            <ns3:hr>154</ns3:hr>
            <ns3:cad>85</ns3:cad>
          </ns3:TrackPointExtension>
        </extensions>
      </trkpt>
      <trkpt lat="31.02217960171401500701904296875" lon="121.42948427237570285797119140625">
        <ele>5.599999904632568359375</ele>
        <time>2026-05-17T13:46:28.000Z</time>
        <extensions>
          <ns3:TrackPointExtension>
            <ns3:hr>155</ns3:hr>
            <ns3:cad>85</ns3:cad>
          </ns3:TrackPointExtension>
        </extensions>
      </trkpt>
      <trkpt lat="31.0222083516418933868408203125" lon="121.42947806976735591888427734375">
        <ele>5.599999904632568359375</ele>
        <time>2026-05-17T13:46:29.000Z</time>
        <extensions>
          <ns3:TrackPointExtension>
            <ns3:hr>154</ns3:hr>
            <ns3:cad>84</ns3:cad>
          </ns3:TrackPointExtension>
        </extensions>
      </trkpt>
      <trkpt lat="31.0222341679036617279052734375" lon="121.4294712804257869720458984375">
        <ele>5.599999904632568359375</ele>
        <time>2026-05-17T13:46:30.000Z</time>
        <extensions>
          <ns3:TrackPointExtension>
            <ns3:hr>154</ns3:hr>
            <ns3:cad>84</ns3:cad>
          </ns3:TrackPointExtension>
        </extensions>
      </trkpt>
      <trkpt lat="31.02226375602185726165771484375" lon="121.4294665865600109100341796875">
        <ele>5.599999904632568359375</ele>
        <time>2026-05-17T13:46:31.000Z</time>
        <extensions>
          <ns3:TrackPointExtension>
            <ns3:hr>155</ns3:hr>
            <ns3:cad>84</ns3:cad>
          </ns3:TrackPointExtension>
        </extensions>
      </trkpt>
      <trkpt lat="31.0222871415317058563232421875" lon="121.42945694737136363983154296875">
        <ele>5.599999904632568359375</ele>
        <time>2026-05-17T13:46:32.000Z</time>
        <extensions>
          <ns3:TrackPointExtension>
            <ns3:hr>154</ns3:hr>
            <ns3:cad>85</ns3:cad>
          </ns3:TrackPointExtension>
        </extensions>
      </trkpt>
      <trkpt lat="31.022318489849567413330078125" lon="121.42945024184882640838623046875">
        <ele>5.599999904632568359375</ele>
        <time>2026-05-17T13:46:33.000Z</time>
        <extensions>
          <ns3:TrackPointExtension>
            <ns3:hr>154</ns3:hr>
            <ns3:cad>85</ns3:cad>
          </ns3:TrackPointExtension>
        </extensions>
      </trkpt>
      <trkpt lat="31.02234606631100177764892578125" lon="121.429445631802082061767578125">
        <ele>5.599999904632568359375</ele>
        <time>2026-05-17T13:46:34.000Z</time>
        <extensions>
          <ns3:TrackPointExtension>
            <ns3:hr>155</ns3:hr>
            <ns3:cad>85</ns3:cad>
          </ns3:TrackPointExtension>
        </extensions>
      </trkpt>
      <trkpt lat="31.02237003855407238006591796875" lon="121.4294350706040859222412109375">
        <ele>5.599999904632568359375</ele>
        <time>2026-05-17T13:46:35.000Z</time>
        <extensions>
          <ns3:TrackPointExtension>
            <ns3:hr>154</ns3:hr>
            <ns3:cad>85</ns3:cad>
          </ns3:TrackPointExtension>
        </extensions>
      </trkpt>
      <trkpt lat="31.0223994590342044830322265625" lon="121.4294340647757053375244140625">
        <ele>5.599999904632568359375</ele>
        <time>2026-05-17T13:46:36.000Z</time>
        <extensions>
          <ns3:TrackPointExtension>
            <ns3:hr>154</ns3:hr>
            <ns3:cad>85</ns3:cad>
          </ns3:TrackPointExtension>
        </extensions>
      </trkpt>
      <trkpt lat="31.02242485620081424713134765625" lon="121.4294270239770412445068359375">
        <ele>5.599999904632568359375</ele>
        <time>2026-05-17T13:46:37.000Z</time>
        <extensions>
          <ns3:TrackPointExtension>
            <ns3:hr>155</ns3:hr>
            <ns3:cad>85</ns3:cad>
          </ns3:TrackPointExtension>
        </extensions>
      </trkpt>
      <trkpt lat="31.02245486341416835784912109375" lon="121.42942157573997974395751953125">
        <ele>5.599999904632568359375</ele>
        <time>2026-05-17T13:46:38.000Z</time>
        <extensions>
          <ns3:TrackPointExtension>
            <ns3:hr>154</ns3:hr>
            <ns3:cad>85</ns3:cad>
          </ns3:TrackPointExtension>
        </extensions>
      </trkpt>
      <trkpt lat="31.02247833274304866790771484375" lon="121.42941570840775966644287109375">
        <ele>5.599999904632568359375</ele>
        <time>2026-05-17T13:46:39.000Z</time>
        <extensions>
          <ns3:TrackPointExtension>
            <ns3:hr>154</ns3:hr>
            <ns3:cad>85</ns3:cad>
          </ns3:TrackPointExtension>
        </extensions>
      </trkpt>
      <trkpt lat="31.02250549010932445526123046875" lon="121.42940481193363666534423828125">
        <ele>5.400000095367431640625</ele>
        <time>2026-05-17T13:46:40.000Z</time>
        <extensions>
          <ns3:TrackPointExtension>
            <ns3:hr>154</ns3:hr>
            <ns3:cad>85</ns3:cad>
          </ns3:TrackPointExtension>
        </extensions>
      </trkpt>
      <trkpt lat="31.02253365330398082733154296875" lon="121.42939726822078227996826171875">
        <ele>5.400000095367431640625</ele>
        <time>2026-05-17T13:46:41.000Z</time>
        <extensions>
          <ns3:TrackPointExtension>
            <ns3:hr>155</ns3:hr>
            <ns3:cad>85</ns3:cad>
          </ns3:TrackPointExtension>
        </extensions>
      </trkpt>
      <trkpt lat="31.02255293168127536773681640625" lon="121.42938905395567417144775390625">
        <ele>5.400000095367431640625</ele>
        <time>2026-05-17T13:46:42.000Z</time>
        <extensions>
          <ns3:TrackPointExtension>
            <ns3:hr>154</ns3:hr>
            <ns3:cad>85</ns3:cad>
          </ns3:TrackPointExtension>
        </extensions>
      </trkpt>
      <trkpt lat="31.02258243598043918609619140625" lon="121.42938620410859584808349609375">
        <ele>5.400000095367431640625</ele>
        <time>2026-05-17T13:46:43.000Z</time>
        <extensions>
          <ns3:TrackPointExtension>
            <ns3:hr>154</ns3:hr>
            <ns3:cad>85</ns3:cad>
          </ns3:TrackPointExtension>
        </extensions>
      </trkpt>
      <trkpt lat="31.02260657586157321929931640625" lon="121.42938184551894664764404296875">
        <ele>5.400000095367431640625</ele>
        <time>2026-05-17T13:46:44.000Z</time>
        <extensions>
          <ns3:TrackPointExtension>
            <ns3:hr>154</ns3:hr>
            <ns3:cad>85</ns3:cad>
          </ns3:TrackPointExtension>
        </extensions>
      </trkpt>
      <trkpt lat="31.02263356558978557586669921875" lon="121.429373882710933685302734375">
        <ele>5.400000095367431640625</ele>
        <time>2026-05-17T13:46:45.000Z</time>
        <extensions>
          <ns3:TrackPointExtension>
            <ns3:hr>154</ns3:hr>
            <ns3:cad>85</ns3:cad>
          </ns3:TrackPointExtension>
        </extensions>
      </trkpt>
      <trkpt lat="31.02265938185155391693115234375" lon="121.42936952412128448486328125">
        <ele>5.19999980926513671875</ele>
        <time>2026-05-17T13:46:46.000Z</time>
        <extensions>
          <ns3:TrackPointExtension>
            <ns3:hr>154</ns3:hr>
            <ns3:cad>85</ns3:cad>
          </ns3:TrackPointExtension>
        </extensions>
      </trkpt>
      <trkpt lat="31.02268402464687824249267578125" lon="121.4293586276471614837646484375">
        <ele>5.19999980926513671875</ele>
        <time>2026-05-17T13:46:47.000Z</time>
        <extensions>
          <ns3:TrackPointExtension>
            <ns3:hr>154</ns3:hr>
            <ns3:cad>84</ns3:cad>
          </ns3:TrackPointExtension>
        </extensions>
      </trkpt>
      <trkpt lat="31.022711433470249176025390625" lon="121.4293549396097660064697265625">
        <ele>5.19999980926513671875</ele>
        <time>2026-05-17T13:46:48.000Z</time>
        <extensions>
          <ns3:TrackPointExtension>
            <ns3:hr>154</ns3:hr>
            <ns3:cad>84</ns3:cad>
          </ns3:TrackPointExtension>
        </extensions>
      </trkpt>
      <trkpt lat="31.02273456752300262451171875" lon="121.42934647388756275177001953125">
        <ele>5.19999980926513671875</ele>
        <time>2026-05-17T13:46:49.000Z</time>
        <extensions>
          <ns3:TrackPointExtension>
            <ns3:hr>153</ns3:hr>
            <ns3:cad>84</ns3:cad>
          </ns3:TrackPointExtension>
        </extensions>
      </trkpt>
      <trkpt lat="31.022765077650547027587890625" lon="121.4293401874601840972900390625">
        <ele>5.19999980926513671875</ele>
        <time>2026-05-17T13:46:50.000Z</time>
        <extensions>
          <ns3:TrackPointExtension>
            <ns3:hr>153</ns3:hr>
            <ns3:cad>84</ns3:cad>
          </ns3:TrackPointExtension>
        </extensions>
      </trkpt>
      <trkpt lat="31.022787205874919891357421875" lon="121.42933272756636142730712890625">
        <ele>5.19999980926513671875</ele>
        <time>2026-05-17T13:46:51.000Z</time>
        <extensions>
          <ns3:TrackPointExtension>
            <ns3:hr>153</ns3:hr>
            <ns3:cad>84</ns3:cad>
          </ns3:TrackPointExtension>
        </extensions>
      </trkpt>
      <trkpt lat="31.0228197276592254638671875" lon="121.42932484857738018035888671875">
        <ele>5.19999980926513671875</ele>
        <time>2026-05-17T13:46:52.000Z</time>
        <extensions>
          <ns3:TrackPointExtension>
            <ns3:hr>153</ns3:hr>
            <ns3:cad>85</ns3:cad>
          </ns3:TrackPointExtension>
        </extensions>
      </trkpt>
      <trkpt lat="31.0228492319583892822265625" lon="121.4293180592358112335205078125">
        <ele>5.19999980926513671875</ele>
        <time>2026-05-17T13:46:53.000Z</time>
        <extensions>
          <ns3:TrackPointExtension>
            <ns3:hr>153</ns3:hr>
            <ns3:cad>85</ns3:cad>
          </ns3:TrackPointExtension>
        </extensions>
      </trkpt>
      <trkpt lat="31.02287613786756992340087890625" lon="121.42930942587554454803466796875">
        <ele>5.400000095367431640625</ele>
        <time>2026-05-17T13:46:54.000Z</time>
        <extensions>
          <ns3:TrackPointExtension>
            <ns3:hr>153</ns3:hr>
            <ns3:cad>85</ns3:cad>
          </ns3:TrackPointExtension>
        </extensions>
      </trkpt>
      <trkpt lat="31.02290933020412921905517578125" lon="121.4293083362281322479248046875">
        <ele>5.400000095367431640625</ele>
        <time>2026-05-17T13:46:55.000Z</time>
        <extensions>
          <ns3:TrackPointExtension>
            <ns3:hr>153</ns3:hr>
            <ns3:cad>85</ns3:cad>
          </ns3:TrackPointExtension>
        </extensions>
      </trkpt>
      <trkpt lat="31.02293162606656551361083984375" lon="121.42930020578205585479736328125">
        <ele>5.400000095367431640625</ele>
        <time>2026-05-17T13:46:56.000Z</time>
        <extensions>
          <ns3:TrackPointExtension>
            <ns3:hr>153</ns3:hr>
            <ns3:cad>85</ns3:cad>
          </ns3:TrackPointExtension>
        </extensions>
      </trkpt>
      <trkpt lat="31.02296599186956882476806640625" lon="121.4292935840785503387451171875">
        <ele>5.400000095367431640625</ele>
        <time>2026-05-17T13:46:57.000Z</time>
        <extensions>
          <ns3:TrackPointExtension>
            <ns3:hr>153</ns3:hr>
            <ns3:cad>85</ns3:cad>
          </ns3:TrackPointExtension>
        </extensions>
      </trkpt>
      <trkpt lat="31.022984683513641357421875" lon="121.429283358156681060791015625">
        <ele>5.400000095367431640625</ele>
        <time>2026-05-17T13:46:58.000Z</time>
        <extensions>
          <ns3:TrackPointExtension>
            <ns3:hr>153</ns3:hr>
            <ns3:cad>85</ns3:cad>
          </ns3:TrackPointExtension>
        </extensions>
      </trkpt>
      <trkpt lat="31.02301175706088542938232421875" lon="121.4292677678167819976806640625">
        <ele>5.19999980926513671875</ele>
        <time>2026-05-17T13:46:59.000Z</time>
        <extensions>
          <ns3:TrackPointExtension>
            <ns3:hr>153</ns3:hr>
            <ns3:cad>85</ns3:cad>
          </ns3:TrackPointExtension>
        </extensions>
      </trkpt>
      <trkpt lat="31.02303556166589260101318359375" lon="121.4292513392865657806396484375">
        <ele>5.19999980926513671875</ele>
        <time>2026-05-17T13:47:00.000Z</time>
        <extensions>
          <ns3:TrackPointExtension>
            <ns3:hr>153</ns3:hr>
            <ns3:cad>85</ns3:cad>
          </ns3:TrackPointExtension>
        </extensions>
      </trkpt>
      <trkpt lat="31.02305165491998195648193359375" lon="121.42923315055668354034423828125">
        <ele>5.19999980926513671875</ele>
        <time>2026-05-17T13:47:01.000Z</time>
        <extensions>
          <ns3:TrackPointExtension>
            <ns3:hr>153</ns3:hr>
            <ns3:cad>85</ns3:cad>
          </ns3:TrackPointExtension>
        </extensions>
      </trkpt>
      <trkpt lat="31.02308082394301891326904296875" lon="121.4292117767035961151123046875">
        <ele>5.19999980926513671875</ele>
        <time>2026-05-17T13:47:02.000Z</time>
        <extensions>
          <ns3:TrackPointExtension>
            <ns3:hr>153</ns3:hr>
            <ns3:cad>85</ns3:cad>
          </ns3:TrackPointExtension>
        </extensions>
      </trkpt>
      <trkpt lat="31.02309532463550567626953125" lon="121.4291923306882381439208984375">
        <ele>5.19999980926513671875</ele>
        <time>2026-05-17T13:47:03.000Z</time>
        <extensions>
          <ns3:TrackPointExtension>
            <ns3:hr>153</ns3:hr>
            <ns3:cad>83</ns3:cad>
          </ns3:TrackPointExtension>
        </extensions>
      </trkpt>
      <trkpt lat="31.02311518974602222442626953125" lon="121.4291641674935817718505859375">
        <ele>5.19999980926513671875</ele>
        <time>2026-05-17T13:47:04.000Z</time>
        <extensions>
          <ns3:TrackPointExtension>
            <ns3:hr>153</ns3:hr>
            <ns3:cad>83</ns3:cad>
          </ns3:TrackPointExtension>
        </extensions>
      </trkpt>
      <trkpt lat="31.023132540285587310791015625" lon="121.4291386865079402923583984375">
        <ele>5.19999980926513671875</ele>
        <time>2026-05-17T13:47:05.000Z</time>
        <extensions>
          <ns3:TrackPointExtension>
            <ns3:hr>153</ns3:hr>
            <ns3:cad>83</ns3:cad>
          </ns3:TrackPointExtension>
        </extensions>
      </trkpt>
      <trkpt lat="31.02314402349293231964111328125" lon="121.429113037884235382080078125">
        <ele>5.19999980926513671875</ele>
        <time>2026-05-17T13:47:06.000Z</time>
        <extensions>
          <ns3:TrackPointExtension>
            <ns3:hr>153</ns3:hr>
            <ns3:cad>84</ns3:cad>
          </ns3:TrackPointExtension>
        </extensions>
      </trkpt>
      <trkpt lat="31.02316196076571941375732421875" lon="121.429081857204437255859375">
        <ele>5</ele>
        <time>2026-05-17T13:47:07.000Z</time>
        <extensions>
          <ns3:TrackPointExtension>
            <ns3:hr>153</ns3:hr>
            <ns3:cad>85</ns3:cad>
          </ns3:TrackPointExtension>
        </extensions>
      </trkpt>
      <trkpt lat="31.02317285723984241485595703125" lon="121.42905897460877895355224609375">
        <ele>5</ele>
        <time>2026-05-17T13:47:08.000Z</time>
        <extensions>
          <ns3:TrackPointExtension>
            <ns3:hr>153</ns3:hr>
            <ns3:cad>85</ns3:cad>
          </ns3:TrackPointExtension>
        </extensions>
      </trkpt>
      <trkpt lat="31.0231873579323291778564453125" lon="121.429028213024139404296875">
        <ele>5</ele>
        <time>2026-05-17T13:47:09.000Z</time>
        <extensions>
          <ns3:TrackPointExtension>
            <ns3:hr>153</ns3:hr>
            <ns3:cad>85</ns3:cad>
          </ns3:TrackPointExtension>
        </extensions>
      </trkpt>
      <trkpt lat="31.02319800294935703277587890625" lon="121.4289737306535243988037109375">
        <ele>5</ele>
        <time>2026-05-17T13:47:10.000Z</time>
        <extensions>
          <ns3:TrackPointExtension>
            <ns3:hr>153</ns3:hr>
            <ns3:cad>85</ns3:cad>
          </ns3:TrackPointExtension>
        </extensions>
      </trkpt>
      <trkpt lat="31.02319800294935703277587890625" lon="121.4289737306535243988037109375">
        <ele>5.19999980926513671875</ele>
        <time>2026-05-17T13:47:11.000Z</time>
        <extensions>
          <ns3:TrackPointExtension>
            <ns3:hr>153</ns3:hr>
            <ns3:cad>84</ns3:cad>
          </ns3:TrackPointExtension>
        </extensions>
      </trkpt>
      <trkpt lat="31.0232041217386722564697265625" lon="121.4289418794214725494384765625">
        <ele>5.19999980926513671875</ele>
        <time>2026-05-17T13:47:12.000Z</time>
        <extensions>
          <ns3:TrackPointExtension>
            <ns3:hr>153</ns3:hr>
            <ns3:cad>84</ns3:cad>
          </ns3:TrackPointExtension>
        </extensions>
      </trkpt>
      <trkpt lat="31.02320604957640171051025390625" lon="121.4289174042642116546630859375">
        <ele>5.19999980926513671875</ele>
        <time>2026-05-17T13:47:13.000Z</time>
        <extensions>
          <ns3:TrackPointExtension>
            <ns3:hr>153</ns3:hr>
            <ns3:cad>84</ns3:cad>
          </ns3:TrackPointExtension>
        </extensions>
      </trkpt>
      <trkpt lat="31.02321007288992404937744140625" lon="121.42888194881379604339599609375">
        <ele>5.19999980926513671875</ele>
        <time>2026-05-17T13:47:14.000Z</time>
        <extensions>
          <ns3:TrackPointExtension>
            <ns3:hr>153</ns3:hr>
            <ns3:cad>84</ns3:cad>
          </ns3:TrackPointExtension>
        </extensions>
      </trkpt>
      <trkpt lat="31.02320722304284572601318359375" lon="121.4288520254194736480712890625">
        <ele>5.19999980926513671875</ele>
        <time>2026-05-17T13:47:15.000Z</time>
        <extensions>
          <ns3:TrackPointExtension>
            <ns3:hr>152</ns3:hr>
            <ns3:cad>85</ns3:cad>
          </ns3:TrackPointExtension>
        </extensions>
      </trkpt>
      <trkpt lat="31.02319750003516674041748046875" lon="121.428824029862880706787109375">
        <ele>5.19999980926513671875</ele>
        <time>2026-05-17T13:47:16.000Z</time>
        <extensions>
          <ns3:TrackPointExtension>
            <ns3:hr>152</ns3:hr>
            <ns3:cad>85</ns3:cad>
          </ns3:TrackPointExtension>
        </extensions>
      </trkpt>
      <trkpt lat="31.0231907106935977935791015625" lon="121.42878807149827480316162109375">
        <ele>5</ele>
        <time>2026-05-17T13:47:17.000Z</time>
        <extensions>
          <ns3:TrackPointExtension>
            <ns3:hr>152</ns3:hr>
            <ns3:cad>85</ns3:cad>
          </ns3:TrackPointExtension>
        </extensions>
      </trkpt>
      <trkpt lat="31.0231786407530307769775390625" lon="121.42876527272164821624755859375">
        <ele>5</ele>
        <time>2026-05-17T13:47:18.000Z</time>
        <extensions>
          <ns3:TrackPointExtension>
            <ns3:hr>152</ns3:hr>
            <ns3:cad>85</ns3:cad>
          </ns3:TrackPointExtension>
        </extensions>
      </trkpt>
      <trkpt lat="31.02316774427890777587890625" lon="121.4287333376705646514892578125">
        <ele>4.80000019073486328125</ele>
        <time>2026-05-17T13:47:19.000Z</time>
        <extensions>
          <ns3:TrackPointExtension>
            <ns3:hr>153</ns3:hr>
            <ns3:cad>85</ns3:cad>
          </ns3:TrackPointExtension>
        </extensions>
      </trkpt>
      <trkpt lat="31.02315525524318218231201171875" lon="121.42870928160846233367919921875">
        <ele>4.80000019073486328125</ele>
        <time>2026-05-17T13:47:20.000Z</time>
        <extensions>
          <ns3:TrackPointExtension>
            <ns3:hr>153</ns3:hr>
            <ns3:cad>85</ns3:cad>
          </ns3:TrackPointExtension>
        </extensions>
      </trkpt>
      <trkpt lat="31.02313798852264881134033203125" lon="121.42867776565253734588623046875">
        <ele>4.80000019073486328125</ele>
        <time>2026-05-17T13:47:21.000Z</time>
        <extensions>
          <ns3:TrackPointExtension>
            <ns3:hr>153</ns3:hr>
            <ns3:cad>85</ns3:cad>
          </ns3:TrackPointExtension>
        </extensions>
      </trkpt>
      <trkpt lat="31.02312457747757434844970703125" lon="121.42864943481981754302978515625">
        <ele>4.80000019073486328125</ele>
        <time>2026-05-17T13:47:22.000Z</time>
        <extensions>
          <ns3:TrackPointExtension>
            <ns3:hr>152</ns3:hr>
            <ns3:cad>86</ns3:cad>
          </ns3:TrackPointExtension>
        </extensions>
      </trkpt>
      <trkpt lat="31.023105718195438385009765625" lon="121.42862378619611263275146484375">
        <ele>4.80000019073486328125</ele>
        <time>2026-05-17T13:47:23.000Z</time>
        <extensions>
          <ns3:TrackPointExtension>
            <ns3:hr>153</ns3:hr>
            <ns3:cad>86</ns3:cad>
          </ns3:TrackPointExtension>
        </extensions>
      </trkpt>
      <trkpt lat="31.02308820001780986785888671875" lon="121.4285898394882678985595703125">
        <ele>4.80000019073486328125</ele>
        <time>2026-05-17T13:47:24.000Z</time>
        <extensions>
          <ns3:TrackPointExtension>
            <ns3:hr>153</ns3:hr>
            <ns3:cad>86</ns3:cad>
          </ns3:TrackPointExtension>
        </extensions>
      </trkpt>
      <trkpt lat="31.0230703465640544891357421875" lon="121.42856829799711704254150390625">
        <ele>4.80000019073486328125</ele>
        <time>2026-05-17T13:47:25.000Z</time>
        <extensions>
          <ns3:TrackPointExtension>
            <ns3:hr>153</ns3:hr>
            <ns3:cad>86</ns3:cad>
          </ns3:TrackPointExtension>
        </extensions>
      </trkpt>
      <trkpt lat="31.0230475477874279022216796875" lon="121.4285385422408580780029296875">
        <ele>4.80000019073486328125</ele>
        <time>2026-05-17T13:47:26.000Z</time>
        <extensions>
          <ns3:TrackPointExtension>
            <ns3:hr>153</ns3:hr>
            <ns3:cad>85</ns3:cad>
          </ns3:TrackPointExtension>
        </extensions>
      </trkpt>
      <trkpt lat="31.0230277664959430694580078125" lon="121.428516246378421783447265625">
        <ele>4.80000019073486328125</ele>
        <time>2026-05-17T13:47:27.000Z</time>
        <extensions>
          <ns3:TrackPointExtension>
            <ns3:hr>152</ns3:hr>
            <ns3:cad>85</ns3:cad>
          </ns3:TrackPointExtension>
        </extensions>
      </trkpt>
      <trkpt lat="31.02300371043384075164794921875" lon="121.42850317060947418212890625">
        <ele>5</ele>
        <time>2026-05-17T13:47:28.000Z</time>
        <extensions>
          <ns3:TrackPointExtension>
            <ns3:hr>153</ns3:hr>
            <ns3:cad>85</ns3:cad>
          </ns3:TrackPointExtension>
        </extensions>
      </trkpt>
      <trkpt lat="31.022978983819484710693359375" lon="121.4284838922321796417236328125">
        <ele>5</ele>
        <time>2026-05-17T13:47:29.000Z</time>
        <extensions>
          <ns3:TrackPointExtension>
            <ns3:hr>153</ns3:hr>
            <ns3:cad>85</ns3:cad>
          </ns3:TrackPointExtension>
        </extensions>
      </trkpt>
      <trkpt lat="31.02295626886188983917236328125" lon="121.4284775219857692718505859375">
        <ele>5</ele>
        <time>2026-05-17T13:47:30.000Z</time>
        <extensions>
          <ns3:TrackPointExtension>
            <ns3:hr>153</ns3:hr>
            <ns3:cad>85</ns3:cad>
          </ns3:TrackPointExtension>
        </extensions>
      </trkpt>
      <trkpt lat="31.02292927913367748260498046875" lon="121.42846235074102878570556640625">
        <ele>5.19999980926513671875</ele>
        <time>2026-05-17T13:47:31.000Z</time>
        <extensions>
          <ns3:TrackPointExtension>
            <ns3:hr>153</ns3:hr>
            <ns3:cad>85</ns3:cad>
          </ns3:TrackPointExtension>
        </extensions>
      </trkpt>
      <trkpt lat="31.0229060612618923187255859375" lon="121.42845413647592067718505859375">
        <ele>5.19999980926513671875</ele>
        <time>2026-05-17T13:47:32.000Z</time>
        <extensions>
          <ns3:TrackPointExtension>
            <ns3:hr>153</ns3:hr>
            <ns3:cad>85</ns3:cad>
          </ns3:TrackPointExtension>
        </extensions>
      </trkpt>
      <trkpt lat="31.0228772275149822235107421875" lon="121.42844324000179767608642578125">
        <ele>5.19999980926513671875</ele>
        <time>2026-05-17T13:47:33.000Z</time>
        <extensions>
          <ns3:TrackPointExtension>
            <ns3:hr>154</ns3:hr>
            <ns3:cad>85</ns3:cad>
          </ns3:TrackPointExtension>
        </extensions>
      </trkpt>
      <trkpt lat="31.0228540934622287750244140625" lon="121.42843536101281642913818359375">
        <ele>5</ele>
        <time>2026-05-17T13:47:34.000Z</time>
        <extensions>
          <ns3:TrackPointExtension>
            <ns3:hr>154</ns3:hr>
            <ns3:cad>85</ns3:cad>
          </ns3:TrackPointExtension>
        </extensions>
      </trkpt>
      <trkpt lat="31.02282919920980930328369140625" lon="121.4284339360892772674560546875">
        <ele>5</ele>
        <time>2026-05-17T13:47:35.000Z</time>
        <extensions>
          <ns3:TrackPointExtension>
            <ns3:hr>154</ns3:hr>
            <ns3:cad>85</ns3:cad>
          </ns3:TrackPointExtension>
        </extensions>
      </trkpt>
      <trkpt lat="31.02280187420547008514404296875" lon="121.42842940986156463623046875">
        <ele>5</ele>
        <time>2026-05-17T13:47:36.000Z</time>
        <extensions>
          <ns3:TrackPointExtension>
            <ns3:hr>154</ns3:hr>
            <ns3:cad>85</ns3:cad>
          </ns3:TrackPointExtension>
        </extensions>
      </trkpt>
      <trkpt lat="31.02277840487658977508544921875" lon="121.428433768451213836669921875">
        <ele>4.80000019073486328125</ele>
        <time>2026-05-17T13:47:37.000Z</time>
        <extensions>
          <ns3:TrackPointExtension>
            <ns3:hr>154</ns3:hr>
            <ns3:cad>85</ns3:cad>
          </ns3:TrackPointExtension>
        </extensions>
      </trkpt>
      <trkpt lat="31.0227473080158233642578125" lon="121.4284339360892772674560546875">
        <ele>4.599999904632568359375</ele>
        <time>2026-05-17T13:47:38.000Z</time>
        <extensions>
          <ns3:TrackPointExtension>
            <ns3:hr>154</ns3:hr>
            <ns3:cad>85</ns3:cad>
          </ns3:TrackPointExtension>
        </extensions>
      </trkpt>
      <trkpt lat="31.02272559888660907745361328125" lon="121.42844022251665592193603515625">
        <ele>4.599999904632568359375</ele>
        <time>2026-05-17T13:47:39.000Z</time>
        <extensions>
          <ns3:TrackPointExtension>
            <ns3:hr>155</ns3:hr>
            <ns3:cad>85</ns3:cad>
          </ns3:TrackPointExtension>
        </extensions>
      </trkpt>
      <trkpt lat="31.0226884670555591583251953125" lon="121.42844684422016143798828125">
        <ele>4.599999904632568359375</ele>
        <time>2026-05-17T13:47:40.000Z</time>
        <extensions>
          <ns3:TrackPointExtension>
            <ns3:hr>154</ns3:hr>
            <ns3:cad>85</ns3:cad>
          </ns3:TrackPointExtension>
        </extensions>
      </trkpt>
      <trkpt lat="31.02266927249729633331298828125" lon="121.428452543914318084716796875">
        <ele>4.599999904632568359375</ele>
        <time>2026-05-17T13:47:41.000Z</time>
        <extensions>
          <ns3:TrackPointExtension>
            <ns3:hr>154</ns3:hr>
            <ns3:cad>85</ns3:cad>
          </ns3:TrackPointExtension>
        </extensions>
      </trkpt>
      <trkpt lat="31.022641025483608245849609375" lon="121.42846453003585338592529296875">
        <ele>4.599999904632568359375</ele>
        <time>2026-05-17T13:47:42.000Z</time>
        <extensions>
          <ns3:TrackPointExtension>
            <ns3:hr>155</ns3:hr>
            <ns3:cad>85</ns3:cad>
          </ns3:TrackPointExtension>
        </extensions>
      </trkpt>
      <trkpt lat="31.0226116888225078582763671875" lon="121.428466625511646270751953125">
        <ele>4.80000019073486328125</ele>
        <time>2026-05-17T13:47:43.000Z</time>
        <extensions>
          <ns3:TrackPointExtension>
            <ns3:hr>154</ns3:hr>
            <ns3:cad>85</ns3:cad>
          </ns3:TrackPointExtension>
        </extensions>
      </trkpt>
      <trkpt lat="31.0225848667323589324951171875" lon="121.4284761808812618255615234375">
        <ele>4.599999904632568359375</ele>
        <time>2026-05-17T13:47:44.000Z</time>
        <extensions>
          <ns3:TrackPointExtension>
            <ns3:hr>154</ns3:hr>
            <ns3:cad>85</ns3:cad>
          </ns3:TrackPointExtension>
        </extensions>
      </trkpt>
      <trkpt lat="31.02254974655807018280029296875" lon="121.4284797012805938720703125">
        <ele>4.599999904632568359375</ele>
        <time>2026-05-17T13:47:45.000Z</time>
        <extensions>
          <ns3:TrackPointExtension>
            <ns3:hr>155</ns3:hr>
            <ns3:cad>85</ns3:cad>
          </ns3:TrackPointExtension>
        </extensions>
      </trkpt>
      <trkpt lat="31.02252879180014133453369140625" lon="121.42848749645054340362548828125">
        <ele>4.599999904632568359375</ele>
        <time>2026-05-17T13:47:46.000Z</time>
        <extensions>
          <ns3:TrackPointExtension>
            <ns3:hr>154</ns3:hr>
            <ns3:cad>85</ns3:cad>
          </ns3:TrackPointExtension>
        </extensions>
      </trkpt>
      <trkpt lat="31.02250121533870697021484375" lon="121.4285016618669033050537109375">
        <ele>4.599999904632568359375</ele>
        <time>2026-05-17T13:47:47.000Z</time>
        <extensions>
          <ns3:TrackPointExtension>
            <ns3:hr>154</ns3:hr>
            <ns3:cad>84</ns3:cad>
          </ns3:TrackPointExtension>
        </extensions>
      </trkpt>
      <trkpt lat="31.022473387420177459716796875" lon="121.42850627191364765167236328125">
        <ele>4.599999904632568359375</ele>
        <time>2026-05-17T13:47:48.000Z</time>
        <extensions>
          <ns3:TrackPointExtension>
            <ns3:hr>155</ns3:hr>
            <ns3:cad>84</ns3:cad>
          </ns3:TrackPointExtension>
        </extensions>
      </trkpt>
      <trkpt lat="31.022451259195804595947265625" lon="121.428513564169406890869140625">
        <ele>4.599999904632568359375</ele>
        <time>2026-05-17T13:47:49.000Z</time>
        <extensions>
          <ns3:TrackPointExtension>
            <ns3:hr>154</ns3:hr>
            <ns3:cad>84</ns3:cad>
          </ns3:TrackPointExtension>
        </extensions>
      </trkpt>
      <trkpt lat="31.0224232636392116546630859375" lon="121.4285167492926120758056640625">
        <ele>4.80000019073486328125</ele>
        <time>2026-05-17T13:47:50.000Z</time>
        <extensions>
          <ns3:TrackPointExtension>
            <ns3:hr>154</ns3:hr>
            <ns3:cad>84</ns3:cad>
          </ns3:TrackPointExtension>
        </extensions>
      </trkpt>
      <trkpt lat="31.02240541018545627593994140625" lon="121.42852588556706905364990234375">
        <ele>4.80000019073486328125</ele>
        <time>2026-05-17T13:47:51.000Z</time>
        <extensions>
          <ns3:TrackPointExtension>
            <ns3:hr>155</ns3:hr>
            <ns3:cad>84</ns3:cad>
          </ns3:TrackPointExtension>
        </extensions>
      </trkpt>
      <trkpt lat="31.02237649261951446533203125" lon="121.42853946425020694732666015625">
        <ele>5</ele>
        <time>2026-05-17T13:47:52.000Z</time>
        <extensions>
          <ns3:TrackPointExtension>
            <ns3:hr>154</ns3:hr>
            <ns3:cad>84</ns3:cad>
          </ns3:TrackPointExtension>
        </extensions>
      </trkpt>
      <trkpt lat="31.02235101163387298583984375" lon="121.42854449339210987091064453125">
        <ele>5</ele>
        <time>2026-05-17T13:47:53.000Z</time>
        <extensions>
          <ns3:TrackPointExtension>
            <ns3:hr>154</ns3:hr>
            <ns3:cad>84</ns3:cad>
          </ns3:TrackPointExtension>
        </extensions>
      </trkpt>
      <trkpt lat="31.02232594974339008331298828125" lon="121.42855891026556491851806640625">
        <ele>5.19999980926513671875</ele>
        <time>2026-05-17T13:47:54.000Z</time>
        <extensions>
          <ns3:TrackPointExtension>
            <ns3:hr>154</ns3:hr>
            <ns3:cad>85</ns3:cad>
          </ns3:TrackPointExtension>
        </extensions>
      </trkpt>
      <trkpt lat="31.02229728363454341888427734375" lon="121.42855941317975521087646484375">
        <ele>5.19999980926513671875</ele>
        <time>2026-05-17T13:47:55.000Z</time>
        <extensions>
          <ns3:TrackPointExtension>
            <ns3:hr>155</ns3:hr>
            <ns3:cad>85</ns3:cad>
          </ns3:TrackPointExtension>
        </extensions>
      </trkpt>
      <trkpt lat="31.02227314375340938568115234375" lon="121.4285683818161487579345703125">
        <ele>5.400000095367431640625</ele>
        <time>2026-05-17T13:47:56.000Z</time>
        <extensions>
          <ns3:TrackPointExtension>
            <ns3:hr>154</ns3:hr>
            <ns3:cad>85</ns3:cad>
          </ns3:TrackPointExtension>
        </extensions>
      </trkpt>
      <trkpt lat="31.02224011905491352081298828125" lon="121.4285735785961151123046875">
        <ele>5.400000095367431640625</ele>
        <time>2026-05-17T13:47:57.000Z</time>
        <extensions>
          <ns3:TrackPointExtension>
            <ns3:hr>154</ns3:hr>
            <ns3:cad>85</ns3:cad>
          </ns3:TrackPointExtension>
        </extensions>
      </trkpt>
      <trkpt lat="31.02222301997244358062744140625" lon="121.4285804517567157745361328125">
        <ele>5.19999980926513671875</ele>
        <time>2026-05-17T13:47:58.000Z</time>
        <extensions>
          <ns3:TrackPointExtension>
            <ns3:hr>154</ns3:hr>
            <ns3:cad>85</ns3:cad>
          </ns3:TrackPointExtension>
        </extensions>
      </trkpt>
      <trkpt lat="31.0221962817013263702392578125" lon="121.42859294079244136810302734375">
        <ele>5.19999980926513671875</ele>
        <time>2026-05-17T13:47:59.000Z</time>
        <extensions>
          <ns3:TrackPointExtension>
            <ns3:hr>154</ns3:hr>
            <ns3:cad>85</ns3:cad>
          </ns3:TrackPointExtension>
        </extensions>
      </trkpt>
      <trkpt lat="31.02216954343020915985107421875" lon="121.42859579063951969146728515625">
        <ele>5.19999980926513671875</ele>
        <time>2026-05-17T13:48:00.000Z</time>
        <extensions>
          <ns3:TrackPointExtension>
            <ns3:hr>154</ns3:hr>
            <ns3:cad>85</ns3:cad>
          </ns3:TrackPointExtension>
        </extensions>
      </trkpt>
      <trkpt lat="31.02214171551167964935302734375" lon="121.42860450781881809234619140625">
        <ele>5.400000095367431640625</ele>
        <time>2026-05-17T13:48:01.000Z</time>
        <extensions>
          <ns3:TrackPointExtension>
            <ns3:hr>154</ns3:hr>
            <ns3:cad>85</ns3:cad>
          </ns3:TrackPointExtension>
        </extensions>
      </trkpt>
      <trkpt lat="31.02210986427962779998779296875" lon="121.42860601656138896942138671875">
        <ele>5.400000095367431640625</ele>
        <time>2026-05-17T13:48:02.000Z</time>
        <extensions>
          <ns3:TrackPointExtension>
            <ns3:hr>154</ns3:hr>
            <ns3:cad>84</ns3:cad>
          </ns3:TrackPointExtension>
        </extensions>
      </trkpt>
      <trkpt lat="31.02208706550300121307373046875" lon="121.4286138117313385009765625">
        <ele>5.599999904632568359375</ele>
        <time>2026-05-17T13:48:03.000Z</time>
        <extensions>
          <ns3:TrackPointExtension>
            <ns3:hr>154</ns3:hr>
            <ns3:cad>84</ns3:cad>
          </ns3:TrackPointExtension>
        </extensions>
      </trkpt>
      <trkpt lat="31.0220544598996639251708984375" lon="121.42861724831163883209228515625">
        <ele>5.599999904632568359375</ele>
        <time>2026-05-17T13:48:04.000Z</time>
        <extensions>
          <ns3:TrackPointExtension>
            <ns3:hr>154</ns3:hr>
            <ns3:cad>84</ns3:cad>
          </ns3:TrackPointExtension>
        </extensions>
      </trkpt>
      <trkpt lat="31.02202646434307098388671875" lon="121.42862361855804920196533203125">
        <ele>5.80000019073486328125</ele>
        <time>2026-05-17T13:48:05.000Z</time>
        <extensions>
          <ns3:TrackPointExtension>
            <ns3:hr>154</ns3:hr>
            <ns3:cad>84</ns3:cad>
          </ns3:TrackPointExtension>
        </extensions>
      </trkpt>
      <trkpt lat="31.02200056426227092742919921875" lon="121.4286347664892673492431640625">
        <ele>5.80000019073486328125</ele>
        <time>2026-05-17T13:48:06.000Z</time>
        <extensions>
          <ns3:TrackPointExtension>
            <ns3:hr>155</ns3:hr>
            <ns3:cad>85</ns3:cad>
          </ns3:TrackPointExtension>
        </extensions>
      </trkpt>
      <trkpt lat="31.0219713114202022552490234375" lon="121.42863887362182140350341796875">
        <ele>5.80000019073486328125</ele>
        <time>2026-05-17T13:48:07.000Z</time>
        <extensions>
          <ns3:TrackPointExtension>
            <ns3:hr>155</ns3:hr>
            <ns3:cad>85</ns3:cad>
          </ns3:TrackPointExtension>
        </extensions>
      </trkpt>
      <trkpt lat="31.021946333348751068115234375" lon="121.4286513626575469970703125">
        <ele>5.599999904632568359375</ele>
        <time>2026-05-17T13:48:08.000Z</time>
        <extensions>
          <ns3:TrackPointExtension>
            <ns3:hr>155</ns3:hr>
            <ns3:cad>85</ns3:cad>
          </ns3:TrackPointExtension>
        </extensions>
      </trkpt>
      <trkpt lat="31.02191138081252574920654296875" lon="121.42866544425487518310546875">
        <ele>5.599999904632568359375</ele>
        <time>2026-05-17T13:48:09.000Z</time>
        <extensions>
          <ns3:TrackPointExtension>
            <ns3:hr>154</ns3:hr>
            <ns3:cad>85</ns3:cad>
          </ns3:TrackPointExtension>
        </extensions>
      </trkpt>
      <trkpt lat="31.02188967168331146240234375" lon="121.42868195660412311553955078125">
        <ele>5.599999904632568359375</ele>
        <time>2026-05-17T13:48:10.000Z</time>
        <extensions>
          <ns3:TrackPointExtension>
            <ns3:hr>155</ns3:hr>
            <ns3:cad>85</ns3:cad>
          </ns3:TrackPointExtension>
        </extensions>
      </trkpt>
      <trkpt lat="31.02186620235443115234375" lon="121.4287058450281620025634765625">
        <ele>5.599999904632568359375</ele>
        <time>2026-05-17T13:48:11.000Z</time>
        <extensions>
          <ns3:TrackPointExtension>
            <ns3:hr>155</ns3:hr>
            <ns3:cad>85</ns3:cad>
          </ns3:TrackPointExtension>
        </extensions>
      </trkpt>
      <trkpt lat="31.02184248156845569610595703125" lon="121.42872671596705913543701171875">
        <ele>5.599999904632568359375</ele>
        <time>2026-05-17T13:48:12.000Z</time>
        <extensions>
          <ns3:TrackPointExtension>
            <ns3:hr>154</ns3:hr>
            <ns3:cad>85</ns3:cad>
          </ns3:TrackPointExtension>
        </extensions>
      </trkpt>
      <trkpt lat="31.02182454429566860198974609375" lon="121.42874884419143199920654296875">
        <ele>5.599999904632568359375</ele>
        <time>2026-05-17T13:48:13.000Z</time>
        <extensions>
          <ns3:TrackPointExtension>
            <ns3:hr>155</ns3:hr>
            <ns3:cad>85</ns3:cad>
          </ns3:TrackPointExtension>
        </extensions>
      </trkpt>
      <trkpt lat="31.02179788984358310699462890625" lon="121.42877046950161457061767578125">
        <ele>5.80000019073486328125</ele>
        <time>2026-05-17T13:48:14.000Z</time>
        <extensions>
          <ns3:TrackPointExtension>
            <ns3:hr>155</ns3:hr>
            <ns3:cad>85</ns3:cad>
          </ns3:TrackPointExtension>
        </extensions>
      </trkpt>
      <trkpt lat="31.02178347297012805938720703125" lon="121.42879209481179714202880859375">
        <ele>5.80000019073486328125</ele>
        <time>2026-05-17T13:48:15.000Z</time>
        <extensions>
          <ns3:TrackPointExtension>
            <ns3:hr>155</ns3:hr>
            <ns3:cad>85</ns3:cad>
          </ns3:TrackPointExtension>
        </extensions>
      </trkpt>
      <trkpt lat="31.02176369167864322662353515625" lon="121.4288245327770709991455078125">
        <ele>5.80000019073486328125</ele>
        <time>2026-05-17T13:48:16.000Z</time>
        <extensions>
          <ns3:TrackPointExtension>
            <ns3:hr>154</ns3:hr>
            <ns3:cad>84</ns3:cad>
          </ns3:TrackPointExtension>
        </extensions>
      </trkpt>
      <trkpt lat="31.0217547230422496795654296875" lon="121.428850181400775909423828125">
        <ele>5.80000019073486328125</ele>
        <time>2026-05-17T13:48:17.000Z</time>
        <extensions>
          <ns3:TrackPointExtension>
            <ns3:hr>155</ns3:hr>
            <ns3:cad>84</ns3:cad>
          </ns3:TrackPointExtension>
        </extensions>
      </trkpt>
      <trkpt lat="31.02174944244325160980224609375" lon="121.428885050117969512939453125">
        <ele>5.80000019073486328125</ele>
        <time>2026-05-17T13:48:18.000Z</time>
        <extensions>
          <ns3:TrackPointExtension>
            <ns3:hr>155</ns3:hr>
            <ns3:cad>85</ns3:cad>
          </ns3:TrackPointExtension>
        </extensions>
      </trkpt>
      <trkpt lat="31.02173888124525547027587890625" lon="121.42891899682581424713134765625">
        <ele>5.80000019073486328125</ele>
        <time>2026-05-17T13:48:19.000Z</time>
        <extensions>
          <ns3:TrackPointExtension>
            <ns3:hr>155</ns3:hr>
            <ns3:cad>85</ns3:cad>
          </ns3:TrackPointExtension>
        </extensions>
      </trkpt>
      <trkpt lat="31.02173552848398685455322265625" lon="121.4289502613246440887451171875">
        <ele>5.80000019073486328125</ele>
        <time>2026-05-17T13:48:20.000Z</time>
        <extensions>
          <ns3:TrackPointExtension>
            <ns3:hr>154</ns3:hr>
            <ns3:cad>86</ns3:cad>
          </ns3:TrackPointExtension>
        </extensions>
      </trkpt>
      <trkpt lat="31.02172144688665866851806640625" lon="121.42898571677505970001220703125">
        <ele>5.80000019073486328125</ele>
        <time>2026-05-17T13:48:21.000Z</time>
        <extensions>
          <ns3:TrackPointExtension>
            <ns3:hr>155</ns3:hr>
            <ns3:cad>86</ns3:cad>
          </ns3:TrackPointExtension>
        </extensions>
      </trkpt>
      <trkpt lat="31.02171876467764377593994140625" lon="121.42905126325786113739013671875">
        <ele>5.80000019073486328125</ele>
        <time>2026-05-17T13:48:22.000Z</time>
        <extensions>
          <ns3:TrackPointExtension>
            <ns3:hr>155</ns3:hr>
            <ns3:cad>86</ns3:cad>
          </ns3:TrackPointExtension>
        </extensions>
      </trkpt>
      <trkpt lat="31.02171876467764377593994140625" lon="121.42905126325786113739013671875">
        <ele>5.80000019073486328125</ele>
        <time>2026-05-17T13:48:23.000Z</time>
        <extensions>
          <ns3:TrackPointExtension>
            <ns3:hr>154</ns3:hr>
            <ns3:cad>85</ns3:cad>
          </ns3:TrackPointExtension>
        </extensions>
      </trkpt>
      <trkpt lat="31.02172312326729297637939453125" lon="121.4290867187082767486572265625">
        <ele>5.80000019073486328125</ele>
        <time>2026-05-17T13:48:24.000Z</time>
        <extensions>
          <ns3:TrackPointExtension>
            <ns3:hr>154</ns3:hr>
            <ns3:cad>85</ns3:cad>
          </ns3:TrackPointExtension>
        </extensions>
      </trkpt>
      <trkpt lat="31.02173100225627422332763671875" lon="121.4291207492351531982421875">
        <ele>5.80000019073486328125</ele>
        <time>2026-05-17T13:48:25.000Z</time>
        <extensions>
          <ns3:TrackPointExtension>
            <ns3:hr>154</ns3:hr>
            <ns3:cad>85</ns3:cad>
          </ns3:TrackPointExtension>
        </extensions>
      </trkpt>
      <trkpt lat="31.02173351682722568511962890625" lon="121.42915788106620311737060546875">
        <ele>5.80000019073486328125</ele>
        <time>2026-05-17T13:48:26.000Z</time>
        <extensions>
          <ns3:TrackPointExtension>
            <ns3:hr>155</ns3:hr>
            <ns3:cad>85</ns3:cad>
          </ns3:TrackPointExtension>
        </extensions>
      </trkpt>
      <trkpt lat="31.02173854596912860870361328125" lon="121.4291849546134471893310546875">
        <ele>5.80000019073486328125</ele>
        <time>2026-05-17T13:48:27.000Z</time>
        <extensions>
          <ns3:TrackPointExtension>
            <ns3:hr>154</ns3:hr>
            <ns3:cad>85</ns3:cad>
          </ns3:TrackPointExtension>
        </extensions>
      </trkpt>
      <trkpt lat="31.0217466764152050018310546875" lon="121.4292225055396556854248046875">
        <ele>5.80000019073486328125</ele>
        <time>2026-05-17T13:48:28.000Z</time>
        <extensions>
          <ns3:TrackPointExtension>
            <ns3:hr>154</ns3:hr>
            <ns3:cad>85</ns3:cad>
          </ns3:TrackPointExtension>
        </extensions>
      </trkpt>
      <trkpt lat="31.021755225956439971923828125" lon="121.4292499981820583343505859375">
        <ele>5.80000019073486328125</ele>
        <time>2026-05-17T13:48:29.000Z</time>
        <extensions>
          <ns3:TrackPointExtension>
            <ns3:hr>155</ns3:hr>
            <ns3:cad>85</ns3:cad>
          </ns3:TrackPointExtension>
        </extensions>
      </trkpt>
      <trkpt lat="31.02176855318248271942138671875" lon="121.42927296459674835205078125">
        <ele>5.80000019073486328125</ele>
        <time>2026-05-17T13:48:30.000Z</time>
        <extensions>
          <ns3:TrackPointExtension>
            <ns3:hr>154</ns3:hr>
            <ns3:cad>85</ns3:cad>
          </ns3:TrackPointExtension>
        </extensions>
      </trkpt>
      <trkpt lat="31.0217802040278911590576171875" lon="121.42930204980075359344482421875">
        <ele>5.80000019073486328125</ele>
        <time>2026-05-17T13:48:31.000Z</time>
        <extensions>
          <ns3:TrackPointExtension>
            <ns3:hr>155</ns3:hr>
            <ns3:cad>85</ns3:cad>
          </ns3:TrackPointExtension>
        </extensions>
      </trkpt>
      <trkpt lat="31.02179445326328277587890625" lon="121.42932199873030185699462890625">
        <ele>5.80000019073486328125</ele>
        <time>2026-05-17T13:48:32.000Z</time>
        <extensions>
          <ns3:TrackPointExtension>
            <ns3:hr>155</ns3:hr>
            <ns3:cad>84</ns3:cad>
          </ns3:TrackPointExtension>
        </extensions>
      </trkpt>
      <trkpt lat="31.0218090377748012542724609375" lon="121.42935074865818023681640625">
        <ele>5.80000019073486328125</ele>
        <time>2026-05-17T13:48:33.000Z</time>
        <extensions>
          <ns3:TrackPointExtension>
            <ns3:hr>155</ns3:hr>
            <ns3:cad>84</ns3:cad>
          </ns3:TrackPointExtension>
        </extensions>
      </trkpt>
      <trkpt lat="31.02182261645793914794921875" lon="121.429368518292903900146484375">
        <ele>6</ele>
        <time>2026-05-17T13:48:34.000Z</time>
        <extensions>
          <ns3:TrackPointExtension>
            <ns3:hr>154</ns3:hr>
            <ns3:cad>84</ns3:cad>
          </ns3:TrackPointExtension>
        </extensions>
      </trkpt>
      <trkpt lat="31.02184466086328029632568359375" lon="121.42939140088856220245361328125">
        <ele>6</ele>
        <time>2026-05-17T13:48:35.000Z</time>
        <extensions>
          <ns3:TrackPointExtension>
            <ns3:hr>154</ns3:hr>
            <ns3:cad>84</ns3:cad>
          </ns3:TrackPointExtension>
        </extensions>
      </trkpt>
      <trkpt lat="31.02186578325927257537841796875" lon="121.42941554076969623565673828125">
        <ele>6</ele>
        <time>2026-05-17T13:48:36.000Z</time>
        <extensions>
          <ns3:TrackPointExtension>
            <ns3:hr>154</ns3:hr>
            <ns3:cad>84</ns3:cad>
          </ns3:TrackPointExtension>
        </extensions>
      </trkpt>
      <trkpt lat="31.0218864865601062774658203125" lon="121.4294297061860561370849609375">
        <ele>6</ele>
        <time>2026-05-17T13:48:37.000Z</time>
        <extensions>
          <ns3:TrackPointExtension>
            <ns3:hr>154</ns3:hr>
            <ns3:cad>84</ns3:cad>
          </ns3:TrackPointExtension>
        </extensions>
      </trkpt>
      <trkpt lat="31.021911464631557464599609375" lon="121.42945040948688983917236328125">
        <ele>5.80000019073486328125</ele>
        <time>2026-05-17T13:48:38.000Z</time>
        <extensions>
          <ns3:TrackPointExtension>
            <ns3:hr>154</ns3:hr>
            <ns3:cad>85</ns3:cad>
          </ns3:TrackPointExtension>
        </extensions>
      </trkpt>
      <trkpt lat="31.02192915044724941253662109375" lon="121.42946046777069568634033203125">
        <ele>5.80000019073486328125</ele>
        <time>2026-05-17T13:48:39.000Z</time>
        <extensions>
          <ns3:TrackPointExtension>
            <ns3:hr>154</ns3:hr>
            <ns3:cad>85</ns3:cad>
          </ns3:TrackPointExtension>
        </extensions>
      </trkpt>
      <trkpt lat="31.02195764891803264617919921875" lon="121.42947270534932613372802734375">
        <ele>5.80000019073486328125</ele>
        <time>2026-05-17T13:48:40.000Z</time>
        <extensions>
          <ns3:TrackPointExtension>
            <ns3:hr>154</ns3:hr>
            <ns3:cad>85</ns3:cad>
          </ns3:TrackPointExtension>
        </extensions>
      </trkpt>
      <trkpt lat="31.02198128588497638702392578125" lon="121.42948360182344913482666015625">
        <ele>5.80000019073486328125</ele>
        <time>2026-05-17T13:48:41.000Z</time>
        <extensions>
          <ns3:TrackPointExtension>
            <ns3:hr>153</ns3:hr>
            <ns3:cad>85</ns3:cad>
          </ns3:TrackPointExtension>
        </extensions>
      </trkpt>
      <trkpt lat="31.0220068506896495819091796875" lon="121.42948846332728862762451171875">
        <ele>5.80000019073486328125</ele>
        <time>2026-05-17T13:48:42.000Z</time>
        <extensions>
          <ns3:TrackPointExtension>
            <ns3:hr>153</ns3:hr>
            <ns3:cad>84</ns3:cad>
          </ns3:TrackPointExtension>
        </extensions>
      </trkpt>
      <trkpt lat="31.02203660644590854644775390625" lon="121.4295021258294582366943359375">
        <ele>6</ele>
        <time>2026-05-17T13:48:43.000Z</time>
        <extensions>
          <ns3:TrackPointExtension>
            <ns3:hr>153</ns3:hr>
            <ns3:cad>84</ns3:cad>
          </ns3:TrackPointExtension>
        </extensions>
      </trkpt>
      <trkpt lat="31.02206259034574031829833984375" lon="121.42950086854398250579833984375">
        <ele>6</ele>
        <time>2026-05-17T13:48:44.000Z</time>
        <extensions>
          <ns3:TrackPointExtension>
            <ns3:hr>153</ns3:hr>
            <ns3:cad>85</ns3:cad>
          </ns3:TrackPointExtension>
        </extensions>
      </trkpt>
      <trkpt lat="31.02209351956844329833984375" lon="121.42950573004782199859619140625">
        <ele>5.80000019073486328125</ele>
        <time>2026-05-17T13:48:45.000Z</time>
        <extensions>
          <ns3:TrackPointExtension>
            <ns3:hr>153</ns3:hr>
            <ns3:cad>85</ns3:cad>
          </ns3:TrackPointExtension>
        </extensions>
      </trkpt>
      <trkpt lat="31.02211673744022846221923828125" lon="121.42950891517102718353271484375">
        <ele>5.80000019073486328125</ele>
        <time>2026-05-17T13:48:46.000Z</time>
        <extensions>
          <ns3:TrackPointExtension>
            <ns3:hr>153</ns3:hr>
            <ns3:cad>85</ns3:cad>
          </ns3:TrackPointExtension>
        </extensions>
      </trkpt>
      <trkpt lat="31.02214624173939228057861328125" lon="121.429500617086887359619140625">
        <ele>5.80000019073486328125</ele>
        <time>2026-05-17T13:48:47.000Z</time>
        <extensions>
          <ns3:TrackPointExtension>
            <ns3:hr>153</ns3:hr>
            <ns3:cad>85</ns3:cad>
          </ns3:TrackPointExtension>
        </extensions>
      </trkpt>
      <trkpt lat="31.02217557840049266815185546875" lon="121.429497264325618743896484375">
        <ele>5.80000019073486328125</ele>
        <time>2026-05-17T13:48:48.000Z</time>
        <extensions>
          <ns3:TrackPointExtension>
            <ns3:hr>153</ns3:hr>
            <ns3:cad>85</ns3:cad>
          </ns3:TrackPointExtension>
        </extensions>
      </trkpt>
      <trkpt lat="31.0222041606903076171875" lon="121.4294880442321300506591796875">
        <ele>5.80000019073486328125</ele>
        <time>2026-05-17T13:48:49.000Z</time>
        <extensions>
          <ns3:TrackPointExtension>
            <ns3:hr>153</ns3:hr>
            <ns3:cad>85</ns3:cad>
          </ns3:TrackPointExtension>
        </extensions>
      </trkpt>
      <trkpt lat="31.02223609574139118194580078125" lon="121.4294833503663539886474609375">
        <ele>5.80000019073486328125</ele>
        <time>2026-05-17T13:48:50.000Z</time>
        <extensions>
          <ns3:TrackPointExtension>
            <ns3:hr>153</ns3:hr>
            <ns3:cad>85</ns3:cad>
          </ns3:TrackPointExtension>
        </extensions>
      </trkpt>
      <trkpt lat="31.02226073853671550750732421875" lon="121.42947589047253131866455078125">
        <ele>5.80000019073486328125</ele>
        <time>2026-05-17T13:48:51.000Z</time>
        <extensions>
          <ns3:TrackPointExtension>
            <ns3:hr>153</ns3:hr>
            <ns3:cad>86</ns3:cad>
          </ns3:TrackPointExtension>
        </extensions>
      </trkpt>
      <trkpt lat="31.0222940146923065185546875" lon="121.4294699393212795257568359375">
        <ele>5.80000019073486328125</ele>
        <time>2026-05-17T13:48:52.000Z</time>
        <extensions>
          <ns3:TrackPointExtension>
            <ns3:hr>154</ns3:hr>
            <ns3:cad>86</ns3:cad>
          </ns3:TrackPointExtension>
        </extensions>
      </trkpt>
      <trkpt lat="31.022315137088298797607421875" lon="121.42946298234164714813232421875">
        <ele>5.80000019073486328125</ele>
        <time>2026-05-17T13:48:53.000Z</time>
        <extensions>
          <ns3:TrackPointExtension>
            <ns3:hr>153</ns3:hr>
            <ns3:cad>86</ns3:cad>
          </ns3:TrackPointExtension>
        </extensions>
      </trkpt>
      <trkpt lat="31.02234120480716228485107421875" lon="121.42945158295333385467529296875">
        <ele>5.80000019073486328125</ele>
        <time>2026-05-17T13:48:54.000Z</time>
        <extensions>
          <ns3:TrackPointExtension>
            <ns3:hr>154</ns3:hr>
            <ns3:cad>85</ns3:cad>
          </ns3:TrackPointExtension>
        </extensions>
      </trkpt>
      <trkpt lat="31.02236718870699405670166015625" lon="121.42944470979273319244384765625">
        <ele>5.80000019073486328125</ele>
        <time>2026-05-17T13:48:55.000Z</time>
        <extensions>
          <ns3:TrackPointExtension>
            <ns3:hr>154</ns3:hr>
            <ns3:cad>85</ns3:cad>
          </ns3:TrackPointExtension>
        </extensions>
      </trkpt>
      <trkpt lat="31.0223910771310329437255859375" lon="121.4294345676898956298828125">
        <ele>5.80000019073486328125</ele>
        <time>2026-05-17T13:48:56.000Z</time>
        <extensions>
          <ns3:TrackPointExtension>
            <ns3:hr>154</ns3:hr>
            <ns3:cad>85</ns3:cad>
          </ns3:TrackPointExtension>
        </extensions>
      </trkpt>
      <trkpt lat="31.02242209017276763916015625" lon="121.4294327236711978912353515625">
        <ele>5.80000019073486328125</ele>
        <time>2026-05-17T13:48:57.000Z</time>
        <extensions>
          <ns3:TrackPointExtension>
            <ns3:hr>154</ns3:hr>
            <ns3:cad>85</ns3:cad>
          </ns3:TrackPointExtension>
        </extensions>
      </trkpt>
      <trkpt lat="31.02244623005390167236328125" lon="121.4294265210628509521484375">
        <ele>5.80000019073486328125</ele>
        <time>2026-05-17T13:48:58.000Z</time>
        <extensions>
          <ns3:TrackPointExtension>
            <ns3:hr>154</ns3:hr>
            <ns3:cad>86</ns3:cad>
          </ns3:TrackPointExtension>
        </extensions>
      </trkpt>
      <trkpt lat="31.022478751838207244873046875" lon="121.42941822297871112823486328125">
        <ele>5.599999904632568359375</ele>
        <time>2026-05-17T13:48:59.000Z</time>
        <extensions>
          <ns3:TrackPointExtension>
            <ns3:hr>154</ns3:hr>
            <ns3:cad>85</ns3:cad>
          </ns3:TrackPointExtension>
        </extensions>
      </trkpt>
      <trkpt lat="31.02250280790030956268310546875" lon="121.4294104278087615966796875">
        <ele>5.599999904632568359375</ele>
        <time>2026-05-17T13:49:00.000Z</time>
        <extensions>
          <ns3:TrackPointExtension>
            <ns3:hr>154</ns3:hr>
            <ns3:cad>85</ns3:cad>
          </ns3:TrackPointExtension>
        </extensions>
      </trkpt>
      <trkpt lat="31.0225251875817775726318359375" lon="121.429400034248828887939453125">
        <ele>5.599999904632568359375</ele>
        <time>2026-05-17T13:49:01.000Z</time>
        <extensions>
          <ns3:TrackPointExtension>
            <ns3:hr>153</ns3:hr>
            <ns3:cad>85</ns3:cad>
          </ns3:TrackPointExtension>
        </extensions>
      </trkpt>
      <trkpt lat="31.022555865347385406494140625" lon="121.42939324490725994110107421875">
        <ele>5.599999904632568359375</ele>
        <time>2026-05-17T13:49:02.000Z</time>
        <extensions>
          <ns3:TrackPointExtension>
            <ns3:hr>153</ns3:hr>
            <ns3:cad>84</ns3:cad>
          </ns3:TrackPointExtension>
        </extensions>
      </trkpt>
      <trkpt lat="31.0225795023143291473388671875" lon="121.4293854497373104095458984375">
        <ele>5.599999904632568359375</ele>
        <time>2026-05-17T13:49:03.000Z</time>
        <extensions>
          <ns3:TrackPointExtension>
            <ns3:hr>153</ns3:hr>
            <ns3:cad>84</ns3:cad>
          </ns3:TrackPointExtension>
        </extensions>
      </trkpt>
      <trkpt lat="31.02260892279446125030517578125" lon="121.4293784089386463165283203125">
        <ele>5.80000019073486328125</ele>
        <time>2026-05-17T13:49:04.000Z</time>
        <extensions>
          <ns3:TrackPointExtension>
            <ns3:hr>153</ns3:hr>
            <ns3:cad>84</ns3:cad>
          </ns3:TrackPointExtension>
        </extensions>
      </trkpt>
      <trkpt lat="31.02263825945556163787841796875" lon="121.4293701946735382080078125">
        <ele>5.80000019073486328125</ele>
        <time>2026-05-17T13:49:05.000Z</time>
        <extensions>
          <ns3:TrackPointExtension>
            <ns3:hr>153</ns3:hr>
            <ns3:cad>84</ns3:cad>
          </ns3:TrackPointExtension>
        </extensions>
      </trkpt>
      <trkpt lat="31.0226623155176639556884765625" lon="121.42935988493263721466064453125">
        <ele>5.80000019073486328125</ele>
        <time>2026-05-17T13:49:06.000Z</time>
        <extensions>
          <ns3:TrackPointExtension>
            <ns3:hr>153</ns3:hr>
            <ns3:cad>84</ns3:cad>
          </ns3:TrackPointExtension>
        </extensions>
      </trkpt>
      <trkpt lat="31.02269374765455722808837890625" lon="121.42935611307621002197265625">
        <ele>5.80000019073486328125</ele>
        <time>2026-05-17T13:49:07.000Z</time>
        <extensions>
          <ns3:TrackPointExtension>
            <ns3:hr>153</ns3:hr>
            <ns3:cad>84</ns3:cad>
          </ns3:TrackPointExtension>
        </extensions>
      </trkpt>
      <trkpt lat="31.02271973155438899993896484375" lon="121.429347731173038482666015625">
        <ele>5.599999904632568359375</ele>
        <time>2026-05-17T13:49:08.000Z</time>
        <extensions>
          <ns3:TrackPointExtension>
            <ns3:hr>153</ns3:hr>
            <ns3:cad>85</ns3:cad>
          </ns3:TrackPointExtension>
        </extensions>
      </trkpt>
      <trkpt lat="31.0227548517286777496337890625" lon="121.42934446223080158233642578125">
        <ele>5.599999904632568359375</ele>
        <time>2026-05-17T13:49:09.000Z</time>
        <extensions>
          <ns3:TrackPointExtension>
            <ns3:hr>152</ns3:hr>
            <ns3:cad>85</ns3:cad>
          </ns3:TrackPointExtension>
        </extensions>
      </trkpt>
      <trkpt lat="31.02277907542884349822998046875" lon="121.4293353259563446044921875">
        <ele>5.599999904632568359375</ele>
        <time>2026-05-17T13:49:10.000Z</time>
        <extensions>
          <ns3:TrackPointExtension>
            <ns3:hr>152</ns3:hr>
            <ns3:cad>85</ns3:cad>
          </ns3:TrackPointExtension>
        </extensions>
      </trkpt>
      <trkpt lat="31.022803969681262969970703125" lon="121.42932300455868244171142578125">
        <ele>5.599999904632568359375</ele>
        <time>2026-05-17T13:49:11.000Z</time>
        <extensions>
          <ns3:TrackPointExtension>
            <ns3:hr>153</ns3:hr>
            <ns3:cad>85</ns3:cad>
          </ns3:TrackPointExtension>
        </extensions>
      </trkpt>
      <trkpt lat="31.022832803428173065185546875" lon="121.42931981943547725677490234375">
        <ele>5.599999904632568359375</ele>
        <time>2026-05-17T13:49:12.000Z</time>
        <extensions>
          <ns3:TrackPointExtension>
            <ns3:hr>153</ns3:hr>
            <ns3:cad>85</ns3:cad>
          </ns3:TrackPointExtension>
        </extensions>
      </trkpt>
      <trkpt lat="31.0228571109473705291748046875" lon="121.42931244336068630218505859375">
        <ele>5.599999904632568359375</ele>
        <time>2026-05-17T13:49:13.000Z</time>
        <extensions>
          <ns3:TrackPointExtension>
            <ns3:hr>152</ns3:hr>
            <ns3:cad>85</ns3:cad>
          </ns3:TrackPointExtension>
        </extensions>
      </trkpt>
      <trkpt lat="31.022888459265232086181640625" lon="121.4293073303997516632080078125">
        <ele>5.400000095367431640625</ele>
        <time>2026-05-17T13:49:14.000Z</time>
        <extensions>
          <ns3:TrackPointExtension>
            <ns3:hr>152</ns3:hr>
            <ns3:cad>83</ns3:cad>
          </ns3:TrackPointExtension>
        </extensions>
      </trkpt>
      <trkpt lat="31.0229120962321758270263671875" lon="121.42929903231561183929443359375">
        <ele>5.400000095367431640625</ele>
        <time>2026-05-17T13:49:15.000Z</time>
        <extensions>
          <ns3:TrackPointExtension>
            <ns3:hr>152</ns3:hr>
            <ns3:cad>84</ns3:cad>
          </ns3:TrackPointExtension>
        </extensions>
      </trkpt>
      <trkpt lat="31.02294067852199077606201171875" lon="121.42929115332663059234619140625">
        <ele>5.400000095367431640625</ele>
        <time>2026-05-17T13:49:16.000Z</time>
        <extensions>
          <ns3:TrackPointExtension>
            <ns3:hr>152</ns3:hr>
            <ns3:cad>84</ns3:cad>
          </ns3:TrackPointExtension>
        </extensions>
      </trkpt>
      <trkpt lat="31.0229731164872646331787109375" lon="121.4292843639850616455078125">
        <ele>5.400000095367431640625</ele>
        <time>2026-05-17T13:49:17.000Z</time>
        <extensions>
          <ns3:TrackPointExtension>
            <ns3:hr>152</ns3:hr>
            <ns3:cad>84</ns3:cad>
          </ns3:TrackPointExtension>
        </extensions>
      </trkpt>
      <trkpt lat="31.02299474179744720458984375" lon="121.42927086912095546722412109375">
        <ele>5.400000095367431640625</ele>
        <time>2026-05-17T13:49:18.000Z</time>
        <extensions>
          <ns3:TrackPointExtension>
            <ns3:hr>152</ns3:hr>
            <ns3:cad>84</ns3:cad>
          </ns3:TrackPointExtension>
        </extensions>
      </trkpt>
      <trkpt lat="31.02302483282983303070068359375" lon="121.4292548596858978271484375">
        <ele>5.400000095367431640625</ele>
        <time>2026-05-17T13:49:19.000Z</time>
        <extensions>
          <ns3:TrackPointExtension>
            <ns3:hr>153</ns3:hr>
            <ns3:cad>84</ns3:cad>
          </ns3:TrackPointExtension>
        </extensions>
      </trkpt>
      <trkpt lat="31.023047380149364471435546875" lon="121.4292382635176181793212890625">
        <ele>5.400000095367431640625</ele>
        <time>2026-05-17T13:49:20.000Z</time>
        <extensions>
          <ns3:TrackPointExtension>
            <ns3:hr>153</ns3:hr>
            <ns3:cad>84</ns3:cad>
          </ns3:TrackPointExtension>
        </extensions>
      </trkpt>
      <trkpt lat="31.023074872791767120361328125" lon="121.4292174763977527618408203125">
        <ele>5.400000095367431640625</ele>
        <time>2026-05-17T13:49:21.000Z</time>
        <extensions>
          <ns3:TrackPointExtension>
            <ns3:hr>153</ns3:hr>
            <ns3:cad>84</ns3:cad>
          </ns3:TrackPointExtension>
        </extensions>
      </trkpt>
      <trkpt lat="31.02309666574001312255859375" lon="121.42919744364917278289794921875">
        <ele>5.400000095367431640625</ele>
        <time>2026-05-17T13:49:22.000Z</time>
        <extensions>
          <ns3:TrackPointExtension>
            <ns3:hr>153</ns3:hr>
            <ns3:cad>84</ns3:cad>
          </ns3:TrackPointExtension>
        </extensions>
      </trkpt>
      <trkpt lat="31.02311133407056331634521484375" lon="121.42917682416737079620361328125">
        <ele>5.400000095367431640625</ele>
        <time>2026-05-17T13:49:23.000Z</time>
        <extensions>
          <ns3:TrackPointExtension>
            <ns3:hr>153</ns3:hr>
            <ns3:cad>85</ns3:cad>
          </ns3:TrackPointExtension>
        </extensions>
      </trkpt>
      <trkpt lat="31.0231333784759044647216796875" lon="121.42915268428623676300048828125">
        <ele>5.400000095367431640625</ele>
        <time>2026-05-17T13:49:24.000Z</time>
        <extensions>
          <ns3:TrackPointExtension>
            <ns3:hr>153</ns3:hr>
            <ns3:cad>85</ns3:cad>
          </ns3:TrackPointExtension>
        </extensions>
      </trkpt>
      <trkpt lat="31.02314628660678863525390625" lon="121.42913038842380046844482421875">
        <ele>5.400000095367431640625</ele>
        <time>2026-05-17T13:49:25.000Z</time>
        <extensions>
          <ns3:TrackPointExtension>
            <ns3:hr>153</ns3:hr>
            <ns3:cad>85</ns3:cad>
          </ns3:TrackPointExtension>
        </extensions>
      </trkpt>
      <trkpt lat="31.02316372096538543701171875" lon="121.429098956286907196044921875">
        <ele>5.400000095367431640625</ele>
        <time>2026-05-17T13:49:26.000Z</time>
        <extensions>
          <ns3:TrackPointExtension>
            <ns3:hr>153</ns3:hr>
            <ns3:cad>85</ns3:cad>
          </ns3:TrackPointExtension>
        </extensions>
      </trkpt>
      <trkpt lat="31.0231746174395084381103515625" lon="121.4290726371109485626220703125">
        <ele>5.400000095367431640625</ele>
        <time>2026-05-17T13:49:27.000Z</time>
        <extensions>
          <ns3:TrackPointExtension>
            <ns3:hr>153</ns3:hr>
            <ns3:cad>85</ns3:cad>
          </ns3:TrackPointExtension>
        </extensions>
      </trkpt>
      <trkpt lat="31.0231853462755680084228515625" lon="121.4290421269834041595458984375">
        <ele>5.400000095367431640625</ele>
        <time>2026-05-17T13:49:28.000Z</time>
        <extensions>
          <ns3:TrackPointExtension>
            <ns3:hr>153</ns3:hr>
            <ns3:cad>85</ns3:cad>
          </ns3:TrackPointExtension>
        </extensions>
      </trkpt>
      <trkpt lat="31.02319431491196155548095703125" lon="121.42900985665619373321533203125">
        <ele>5.400000095367431640625</ele>
        <time>2026-05-17T13:49:29.000Z</time>
        <extensions>
          <ns3:TrackPointExtension>
            <ns3:hr>153</ns3:hr>
            <ns3:cad>85</ns3:cad>
          </ns3:TrackPointExtension>
        </extensions>
      </trkpt>
      <trkpt lat="31.023206971585750579833984375" lon="121.42894850112497806549072265625">
        <ele>5.400000095367431640625</ele>
        <time>2026-05-17T13:49:30.000Z</time>
        <extensions>
          <ns3:TrackPointExtension>
            <ns3:hr>153</ns3:hr>
            <ns3:cad>86</ns3:cad>
          </ns3:TrackPointExtension>
        </extensions>
      </trkpt>
      <trkpt lat="31.023206971585750579833984375" lon="121.42894850112497806549072265625">
        <ele>5.19999980926513671875</ele>
        <time>2026-05-17T13:49:31.000Z</time>
        <extensions>
          <ns3:TrackPointExtension>
            <ns3:hr>153</ns3:hr>
            <ns3:cad>86</ns3:cad>
          </ns3:TrackPointExtension>
        </extensions>
      </trkpt>
      <trkpt lat="31.023214347660541534423828125" lon="121.4288808591663837432861328125">
        <ele>5.19999980926513671875</ele>
        <time>2026-05-17T13:49:32.000Z</time>
        <extensions>
          <ns3:TrackPointExtension>
            <ns3:hr>153</ns3:hr>
            <ns3:cad>86</ns3:cad>
          </ns3:TrackPointExtension>
        </extensions>
      </trkpt>
      <trkpt lat="31.023214347660541534423828125" lon="121.4288808591663837432861328125">
        <ele>5.19999980926513671875</ele>
        <time>2026-05-17T13:49:33.000Z</time>
        <extensions>
          <ns3:TrackPointExtension>
            <ns3:hr>153</ns3:hr>
            <ns3:cad>86</ns3:cad>
          </ns3:TrackPointExtension>
        </extensions>
      </trkpt>
      <trkpt lat="31.023206971585750579833984375" lon="121.428817994892597198486328125">
        <ele>5.19999980926513671875</ele>
        <time>2026-05-17T13:49:34.000Z</time>
        <extensions>
          <ns3:TrackPointExtension>
            <ns3:hr>153</ns3:hr>
            <ns3:cad>84</ns3:cad>
          </ns3:TrackPointExtension>
        </extensions>
      </trkpt>
      <trkpt lat="31.023206971585750579833984375" lon="121.428817994892597198486328125">
        <ele>5.19999980926513671875</ele>
        <time>2026-05-17T13:49:35.000Z</time>
        <extensions>
          <ns3:TrackPointExtension>
            <ns3:hr>153</ns3:hr>
            <ns3:cad>84</ns3:cad>
          </ns3:TrackPointExtension>
        </extensions>
      </trkpt>
      <trkpt lat="31.0232051275670528411865234375" lon="121.42878287471830844879150390625">
        <ele>5</ele>
        <time>2026-05-17T13:49:36.000Z</time>
        <extensions>
          <ns3:TrackPointExtension>
            <ns3:hr>153</ns3:hr>
            <ns3:cad>84</ns3:cad>
          </ns3:TrackPointExtension>
        </extensions>
      </trkpt>
      <trkpt lat="31.02319724857807159423828125" lon="121.42875420860946178436279296875">
        <ele>5</ele>
        <time>2026-05-17T13:49:37.000Z</time>
        <extensions>
          <ns3:TrackPointExtension>
            <ns3:hr>153</ns3:hr>
            <ns3:cad>84</ns3:cad>
          </ns3:TrackPointExtension>
        </extensions>
      </trkpt>
      <trkpt lat="31.02317268960177898406982421875" lon="121.4286924339830875396728515625">
        <ele>5</ele>
        <time>2026-05-17T13:49:38.000Z</time>
        <extensions>
          <ns3:TrackPointExtension>
            <ns3:hr>153</ns3:hr>
            <ns3:cad>84</ns3:cad>
          </ns3:TrackPointExtension>
        </extensions>
      </trkpt>
      <trkpt lat="31.02317268960177898406982421875" lon="121.4286924339830875396728515625">
        <ele>5</ele>
        <time>2026-05-17T13:49:39.000Z</time>
        <extensions>
          <ns3:TrackPointExtension>
            <ns3:hr>153</ns3:hr>
            <ns3:cad>84</ns3:cad>
          </ns3:TrackPointExtension>
        </extensions>
      </trkpt>
      <trkpt lat="31.02313480339944362640380859375" lon="121.42863384447991847991943359375">
        <ele>4.80000019073486328125</ele>
        <time>2026-05-17T13:49:40.000Z</time>
        <extensions>
          <ns3:TrackPointExtension>
            <ns3:hr>153</ns3:hr>
            <ns3:cad>85</ns3:cad>
          </ns3:TrackPointExtension>
        </extensions>
      </trkpt>
      <trkpt lat="31.02313480339944362640380859375" lon="121.42863384447991847991943359375">
        <ele>4.80000019073486328125</ele>
        <time>2026-05-17T13:49:41.000Z</time>
        <extensions>
          <ns3:TrackPointExtension>
            <ns3:hr>153</ns3:hr>
            <ns3:cad>86</ns3:cad>
          </ns3:TrackPointExtension>
        </extensions>
      </trkpt>
      <trkpt lat="31.02311468683183193206787109375" lon="121.428610123693943023681640625">
        <ele>4.80000019073486328125</ele>
        <time>2026-05-17T13:49:42.000Z</time>
        <extensions>
          <ns3:TrackPointExtension>
            <ns3:hr>153</ns3:hr>
            <ns3:cad>86</ns3:cad>
          </ns3:TrackPointExtension>
        </extensions>
      </trkpt>
      <trkpt lat="31.023092977702617645263671875" lon="121.42858103848993778228759765625">
        <ele>4.80000019073486328125</ele>
        <time>2026-05-17T13:49:43.000Z</time>
        <extensions>
          <ns3:TrackPointExtension>
            <ns3:hr>153</ns3:hr>
            <ns3:cad>85</ns3:cad>
          </ns3:TrackPointExtension>
        </extensions>
      </trkpt>
      <trkpt lat="31.0230450332164764404296875" lon="121.428529322147369384765625">
        <ele>4.80000019073486328125</ele>
        <time>2026-05-17T13:49:44.000Z</time>
        <extensions>
          <ns3:TrackPointExtension>
            <ns3:hr>153</ns3:hr>
            <ns3:cad>84</ns3:cad>
          </ns3:TrackPointExtension>
        </extensions>
      </trkpt>
      <trkpt lat="31.0230450332164764404296875" lon="121.428529322147369384765625">
        <ele>4.80000019073486328125</ele>
        <time>2026-05-17T13:49:45.000Z</time>
        <extensions>
          <ns3:TrackPointExtension>
            <ns3:hr>153</ns3:hr>
            <ns3:cad>84</ns3:cad>
          </ns3:TrackPointExtension>
        </extensions>
      </trkpt>
      <trkpt lat="31.02302131243050098419189453125" lon="121.42851398326456546783447265625">
        <ele>4.80000019073486328125</ele>
        <time>2026-05-17T13:49:46.000Z</time>
        <extensions>
          <ns3:TrackPointExtension>
            <ns3:hr>152</ns3:hr>
            <ns3:cad>84</ns3:cad>
          </ns3:TrackPointExtension>
        </extensions>
      </trkpt>
      <trkpt lat="31.02299314923584461212158203125" lon="121.4284959621727466583251953125">
        <ele>4.80000019073486328125</ele>
        <time>2026-05-17T13:49:47.000Z</time>
        <extensions>
          <ns3:TrackPointExtension>
            <ns3:hr>153</ns3:hr>
            <ns3:cad>85</ns3:cad>
          </ns3:TrackPointExtension>
        </extensions>
      </trkpt>
      <trkpt lat="31.02296800352632999420166015625" lon="121.4284775219857692718505859375">
        <ele>4.80000019073486328125</ele>
        <time>2026-05-17T13:49:48.000Z</time>
        <extensions>
          <ns3:TrackPointExtension>
            <ns3:hr>153</ns3:hr>
            <ns3:cad>85</ns3:cad>
          </ns3:TrackPointExtension>
        </extensions>
      </trkpt>
      <trkpt lat="31.02294151671230792999267578125" lon="121.42846553586423397064208984375">
        <ele>5</ele>
        <time>2026-05-17T13:49:49.000Z</time>
        <extensions>
          <ns3:TrackPointExtension>
            <ns3:hr>153</ns3:hr>
            <ns3:cad>85</ns3:cad>
          </ns3:TrackPointExtension>
        </extensions>
      </trkpt>
      <trkpt lat="31.02288477122783660888671875" lon="121.4284429885447025299072265625">
        <ele>5.19999980926513671875</ele>
        <time>2026-05-17T13:49:50.000Z</time>
        <extensions>
          <ns3:TrackPointExtension>
            <ns3:hr>152</ns3:hr>
            <ns3:cad>85</ns3:cad>
          </ns3:TrackPointExtension>
        </extensions>
      </trkpt>
      <trkpt lat="31.02288477122783660888671875" lon="121.4284429885447025299072265625">
        <ele>5.19999980926513671875</ele>
        <time>2026-05-17T13:49:51.000Z</time>
        <extensions>
          <ns3:TrackPointExtension>
            <ns3:hr>153</ns3:hr>
            <ns3:cad>85</ns3:cad>
          </ns3:TrackPointExtension>
        </extensions>
      </trkpt>
      <trkpt lat="31.022853590548038482666015625" lon="121.4284367859363555908203125">
        <ele>5.400000095367431640625</ele>
        <time>2026-05-17T13:49:52.000Z</time>
        <extensions>
          <ns3:TrackPointExtension>
            <ns3:hr>153</ns3:hr>
            <ns3:cad>85</ns3:cad>
          </ns3:TrackPointExtension>
        </extensions>
      </trkpt>
      <trkpt lat="31.02282844483852386474609375" lon="121.42843418754637241363525390625">
        <ele>5.400000095367431640625</ele>
        <time>2026-05-17T13:49:53.000Z</time>
        <extensions>
          <ns3:TrackPointExtension>
            <ns3:hr>153</ns3:hr>
            <ns3:cad>84</ns3:cad>
          </ns3:TrackPointExtension>
        </extensions>
      </trkpt>
      <trkpt lat="31.022803299129009246826171875" lon="121.42843871377408504486083984375">
        <ele>5.400000095367431640625</ele>
        <time>2026-05-17T13:49:54.000Z</time>
        <extensions>
          <ns3:TrackPointExtension>
            <ns3:hr>153</ns3:hr>
            <ns3:cad>84</ns3:cad>
          </ns3:TrackPointExtension>
        </extensions>
      </trkpt>
      <trkpt lat="31.02277345955371856689453125" lon="121.42843670211732387542724609375">
        <ele>5.400000095367431640625</ele>
        <time>2026-05-17T13:49:55.000Z</time>
        <extensions>
          <ns3:TrackPointExtension>
            <ns3:hr>153</ns3:hr>
            <ns3:cad>84</ns3:cad>
          </ns3:TrackPointExtension>
        </extensions>
      </trkpt>
      <trkpt lat="31.0227491520345211029052734375" lon="121.428441144526004791259765625">
        <ele>5.400000095367431640625</ele>
        <time>2026-05-17T13:49:56.000Z</time>
        <extensions>
          <ns3:TrackPointExtension>
            <ns3:hr>153</ns3:hr>
            <ns3:cad>84</ns3:cad>
          </ns3:TrackPointExtension>
        </extensions>
      </trkpt>
      <trkpt lat="31.022714786231517791748046875" lon="121.42844374291598796844482421875">
        <ele>5.19999980926513671875</ele>
        <time>2026-05-17T13:49:57.000Z</time>
        <extensions>
          <ns3:TrackPointExtension>
            <ns3:hr>154</ns3:hr>
            <ns3:cad>85</ns3:cad>
          </ns3:TrackPointExtension>
        </extensions>
      </trkpt>
      <trkpt lat="31.022693328559398651123046875" lon="121.42845296300947666168212890625">
        <ele>5</ele>
        <time>2026-05-17T13:49:58.000Z</time>
        <extensions>
          <ns3:TrackPointExtension>
            <ns3:hr>154</ns3:hr>
            <ns3:cad>86</ns3:cad>
          </ns3:TrackPointExtension>
        </extensions>
      </trkpt>
      <trkpt lat="31.02266508154571056365966796875" lon="121.42846771515905857086181640625">
        <ele>5</ele>
        <time>2026-05-17T13:49:59.000Z</time>
        <extensions>
          <ns3:TrackPointExtension>
            <ns3:hr>154</ns3:hr>
            <ns3:cad>86</ns3:cad>
          </ns3:TrackPointExtension>
        </extensions>
      </trkpt>
      <trkpt lat="31.0226395167410373687744140625" lon="121.4284734986722469329833984375">
        <ele>4.80000019073486328125</ele>
        <time>2026-05-17T13:50:00.000Z</time>
        <extensions>
          <ns3:TrackPointExtension>
            <ns3:hr>155</ns3:hr>
            <ns3:cad>86</ns3:cad>
          </ns3:TrackPointExtension>
        </extensions>
      </trkpt>
      <trkpt lat="31.02261629886925220489501953125" lon="121.42848364077508449554443359375">
        <ele>4.80000019073486328125</ele>
        <time>2026-05-17T13:50:01.000Z</time>
        <extensions>
          <ns3:TrackPointExtension>
            <ns3:hr>155</ns3:hr>
            <ns3:cad>86</ns3:cad>
          </ns3:TrackPointExtension>
        </extensions>
      </trkpt>
      <trkpt lat="31.0225892253220081329345703125" lon="121.4284825511276721954345703125">
        <ele>4.599999904632568359375</ele>
        <time>2026-05-17T13:50:02.000Z</time>
        <extensions>
          <ns3:TrackPointExtension>
            <ns3:hr>155</ns3:hr>
            <ns3:cad>85</ns3:cad>
          </ns3:TrackPointExtension>
        </extensions>
      </trkpt>
      <trkpt lat="31.0225676000118255615234375" lon="121.42848900519311428070068359375">
        <ele>4.599999904632568359375</ele>
        <time>2026-05-17T13:50:03.000Z</time>
        <extensions>
          <ns3:TrackPointExtension>
            <ns3:hr>155</ns3:hr>
            <ns3:cad>85</ns3:cad>
          </ns3:TrackPointExtension>
        </extensions>
      </trkpt>
      <trkpt lat="31.022536419332027435302734375" lon="121.42849487252533435821533203125">
        <ele>4.599999904632568359375</ele>
        <time>2026-05-17T13:50:04.000Z</time>
        <extensions>
          <ns3:TrackPointExtension>
            <ns3:hr>155</ns3:hr>
            <ns3:cad>85</ns3:cad>
          </ns3:TrackPointExtension>
        </extensions>
      </trkpt>
      <trkpt lat="31.02251454256474971771240234375" lon="121.42850325442850589752197265625">
        <ele>4.80000019073486328125</ele>
        <time>2026-05-17T13:50:05.000Z</time>
        <extensions>
          <ns3:TrackPointExtension>
            <ns3:hr>155</ns3:hr>
            <ns3:cad>85</ns3:cad>
          </ns3:TrackPointExtension>
        </extensions>
      </trkpt>
      <trkpt lat="31.02249073795974254608154296875" lon="121.4285140670835971832275390625">
        <ele>4.80000019073486328125</ele>
        <time>2026-05-17T13:50:06.000Z</time>
        <extensions>
          <ns3:TrackPointExtension>
            <ns3:hr>155</ns3:hr>
            <ns3:cad>85</ns3:cad>
          </ns3:TrackPointExtension>
        </extensions>
      </trkpt>
      <trkpt lat="31.02246240712702274322509765625" lon="121.4285172522068023681640625">
        <ele>4.80000019073486328125</ele>
        <time>2026-05-17T13:50:07.000Z</time>
        <extensions>
          <ns3:TrackPointExtension>
            <ns3:hr>155</ns3:hr>
            <ns3:cad>85</ns3:cad>
          </ns3:TrackPointExtension>
        </extensions>
      </trkpt>
      <trkpt lat="31.02243927307426929473876953125" lon="121.42852462828159332275390625">
        <ele>4.80000019073486328125</ele>
        <time>2026-05-17T13:50:08.000Z</time>
        <extensions>
          <ns3:TrackPointExtension>
            <ns3:hr>155</ns3:hr>
            <ns3:cad>85</ns3:cad>
          </ns3:TrackPointExtension>
        </extensions>
      </trkpt>
      <trkpt lat="31.0224054940044879913330078125" lon="121.42852722667157649993896484375">
        <ele>4.80000019073486328125</ele>
        <time>2026-05-17T13:50:09.000Z</time>
        <extensions>
          <ns3:TrackPointExtension>
            <ns3:hr>155</ns3:hr>
            <ns3:cad>85</ns3:cad>
          </ns3:TrackPointExtension>
        </extensions>
      </trkpt>
      <trkpt lat="31.0223847068846225738525390625" lon="121.42853745259344577789306640625">
        <ele>4.599999904632568359375</ele>
        <time>2026-05-17T13:50:10.000Z</time>
        <extensions>
          <ns3:TrackPointExtension>
            <ns3:hr>155</ns3:hr>
            <ns3:cad>85</ns3:cad>
          </ns3:TrackPointExtension>
        </extensions>
      </trkpt>
      <trkpt lat="31.022356711328029632568359375" lon="121.42854742705821990966796875">
        <ele>4.599999904632568359375</ele>
        <time>2026-05-17T13:50:11.000Z</time>
        <extensions>
          <ns3:TrackPointExtension>
            <ns3:hr>155</ns3:hr>
            <ns3:cad>85</ns3:cad>
          </ns3:TrackPointExtension>
        </extensions>
      </trkpt>
      <trkpt lat="31.0223313979804515838623046875" lon="121.428553797304630279541015625">
        <ele>4.599999904632568359375</ele>
        <time>2026-05-17T13:50:12.000Z</time>
        <extensions>
          <ns3:TrackPointExtension>
            <ns3:hr>155</ns3:hr>
            <ns3:cad>85</ns3:cad>
          </ns3:TrackPointExtension>
        </extensions>
      </trkpt>
      <trkpt lat="31.02230675518512725830078125" lon="121.428565196692943572998046875">
        <ele>4.80000019073486328125</ele>
        <time>2026-05-17T13:50:13.000Z</time>
        <extensions>
          <ns3:TrackPointExtension>
            <ns3:hr>155</ns3:hr>
            <ns3:cad>85</ns3:cad>
          </ns3:TrackPointExtension>
        </extensions>
      </trkpt>
      <trkpt lat="31.02227590978145599365234375" lon="121.428567208349704742431640625">
        <ele>5</ele>
        <time>2026-05-17T13:50:14.000Z</time>
        <extensions>
          <ns3:TrackPointExtension>
            <ns3:hr>155</ns3:hr>
            <ns3:cad>85</ns3:cad>
          </ns3:TrackPointExtension>
        </extensions>
      </trkpt>
      <trkpt lat="31.0222526080906391143798828125" lon="121.4285740815103054046630859375">
        <ele>5</ele>
        <time>2026-05-17T13:50:15.000Z</time>
        <extensions>
          <ns3:TrackPointExtension>
            <ns3:hr>154</ns3:hr>
            <ns3:cad>85</ns3:cad>
          </ns3:TrackPointExtension>
        </extensions>
      </trkpt>
      <trkpt lat="31.0222190804779529571533203125" lon="121.42858229577541351318359375">
        <ele>5</ele>
        <time>2026-05-17T13:50:16.000Z</time>
        <extensions>
          <ns3:TrackPointExtension>
            <ns3:hr>154</ns3:hr>
            <ns3:cad>85</ns3:cad>
          </ns3:TrackPointExtension>
        </extensions>
      </trkpt>
      <trkpt lat="31.0221996344625949859619140625" lon="121.42859126441180706024169921875">
        <ele>4.80000019073486328125</ele>
        <time>2026-05-17T13:50:17.000Z</time>
        <extensions>
          <ns3:TrackPointExtension>
            <ns3:hr>154</ns3:hr>
            <ns3:cad>85</ns3:cad>
          </ns3:TrackPointExtension>
        </extensions>
      </trkpt>
      <trkpt lat="31.02217591367661952972412109375" lon="121.42860450781881809234619140625">
        <ele>4.80000019073486328125</ele>
        <time>2026-05-17T13:50:18.000Z</time>
        <extensions>
          <ns3:TrackPointExtension>
            <ns3:hr>154</ns3:hr>
            <ns3:cad>85</ns3:cad>
          </ns3:TrackPointExtension>
        </extensions>
      </trkpt>
      <trkpt lat="31.02215118706226348876953125" lon="121.4286057651042938232421875">
        <ele>4.80000019073486328125</ele>
        <time>2026-05-17T13:50:19.000Z</time>
        <extensions>
          <ns3:TrackPointExtension>
            <ns3:hr>154</ns3:hr>
            <ns3:cad>85</ns3:cad>
          </ns3:TrackPointExtension>
        </extensions>
      </trkpt>
      <trkpt lat="31.022126376628875732421875" lon="121.42861205153167247772216796875">
        <ele>4.80000019073486328125</ele>
        <time>2026-05-17T13:50:20.000Z</time>
        <extensions>
          <ns3:TrackPointExtension>
            <ns3:hr>153</ns3:hr>
            <ns3:cad>85</ns3:cad>
          </ns3:TrackPointExtension>
        </extensions>
      </trkpt>
      <trkpt lat="31.022093854844570159912109375" lon="121.428614817559719085693359375">
        <ele>5</ele>
        <time>2026-05-17T13:50:21.000Z</time>
        <extensions>
          <ns3:TrackPointExtension>
            <ns3:hr>153</ns3:hr>
            <ns3:cad>84</ns3:cad>
          </ns3:TrackPointExtension>
        </extensions>
      </trkpt>
      <trkpt lat="31.02207264862954616546630859375" lon="121.428622864186763763427734375">
        <ele>5.19999980926513671875</ele>
        <time>2026-05-17T13:50:22.000Z</time>
        <extensions>
          <ns3:TrackPointExtension>
            <ns3:hr>153</ns3:hr>
            <ns3:cad>84</ns3:cad>
          </ns3:TrackPointExtension>
        </extensions>
      </trkpt>
      <trkpt lat="31.02204079739749431610107421875" lon="121.42863325774669647216796875">
        <ele>5.400000095367431640625</ele>
        <time>2026-05-17T13:50:23.000Z</time>
        <extensions>
          <ns3:TrackPointExtension>
            <ns3:hr>153</ns3:hr>
            <ns3:cad>85</ns3:cad>
          </ns3:TrackPointExtension>
        </extensions>
      </trkpt>
      <trkpt lat="31.022013723850250244140625" lon="121.4286418072879314422607421875">
        <ele>5.599999904632568359375</ele>
        <time>2026-05-17T13:50:24.000Z</time>
        <extensions>
          <ns3:TrackPointExtension>
            <ns3:hr>153</ns3:hr>
            <ns3:cad>85</ns3:cad>
          </ns3:TrackPointExtension>
        </extensions>
      </trkpt>
      <trkpt lat="31.0219874046742916107177734375" lon="121.42865312285721302032470703125">
        <ele>5.599999904632568359375</ele>
        <time>2026-05-17T13:50:25.000Z</time>
        <extensions>
          <ns3:TrackPointExtension>
            <ns3:hr>153</ns3:hr>
            <ns3:cad>85</ns3:cad>
          </ns3:TrackPointExtension>
        </extensions>
      </trkpt>
      <trkpt lat="31.02195764891803264617919921875" lon="121.42866033129394054412841796875">
        <ele>5.599999904632568359375</ele>
        <time>2026-05-17T13:50:26.000Z</time>
        <extensions>
          <ns3:TrackPointExtension>
            <ns3:hr>153</ns3:hr>
            <ns3:cad>85</ns3:cad>
          </ns3:TrackPointExtension>
        </extensions>
      </trkpt>
      <trkpt lat="31.0219320841133594512939453125" lon="121.4286729879677295684814453125">
        <ele>5.599999904632568359375</ele>
        <time>2026-05-17T13:50:27.000Z</time>
        <extensions>
          <ns3:TrackPointExtension>
            <ns3:hr>153</ns3:hr>
            <ns3:cad>85</ns3:cad>
          </ns3:TrackPointExtension>
        </extensions>
      </trkpt>
      <trkpt lat="31.02189528755843639373779296875" lon="121.428690589964389801025390625">
        <ele>5.599999904632568359375</ele>
        <time>2026-05-17T13:50:28.000Z</time>
        <extensions>
          <ns3:TrackPointExtension>
            <ns3:hr>153</ns3:hr>
            <ns3:cad>85</ns3:cad>
          </ns3:TrackPointExtension>
        </extensions>
      </trkpt>
      <trkpt lat="31.021877937018871307373046875" lon="121.4287068508565425872802734375">
        <ele>5.599999904632568359375</ele>
        <time>2026-05-17T13:50:29.000Z</time>
        <extensions>
          <ns3:TrackPointExtension>
            <ns3:hr>153</ns3:hr>
            <ns3:cad>86</ns3:cad>
          </ns3:TrackPointExtension>
        </extensions>
      </trkpt>
      <trkpt lat="31.0218559764325618743896484375" lon="121.42872956581413745880126953125">
        <ele>5.599999904632568359375</ele>
        <time>2026-05-17T13:50:30.000Z</time>
        <extensions>
          <ns3:TrackPointExtension>
            <ns3:hr>153</ns3:hr>
            <ns3:cad>86</ns3:cad>
          </ns3:TrackPointExtension>
        </extensions>
      </trkpt>
      <trkpt lat="31.02183577604591846466064453125" lon="121.4287511073052883148193359375">
        <ele>5.599999904632568359375</ele>
        <time>2026-05-17T13:50:31.000Z</time>
        <extensions>
          <ns3:TrackPointExtension>
            <ns3:hr>153</ns3:hr>
            <ns3:cad>86</ns3:cad>
          </ns3:TrackPointExtension>
        </extensions>
      </trkpt>
      <trkpt lat="31.02181985042989253997802734375" lon="121.4287712238729000091552734375">
        <ele>5.599999904632568359375</ele>
        <time>2026-05-17T13:50:32.000Z</time>
        <extensions>
          <ns3:TrackPointExtension>
            <ns3:hr>153</ns3:hr>
            <ns3:cad>86</ns3:cad>
          </ns3:TrackPointExtension>
        </extensions>
      </trkpt>
      <trkpt lat="31.02179520763456821441650390625" lon="121.428793184459209442138671875">
        <ele>5.599999904632568359375</ele>
        <time>2026-05-17T13:50:33.000Z</time>
        <extensions>
          <ns3:TrackPointExtension>
            <ns3:hr>152</ns3:hr>
            <ns3:cad>85</ns3:cad>
          </ns3:TrackPointExtension>
        </extensions>
      </trkpt>
      <trkpt lat="31.02178012020885944366455078125" lon="121.42881573177874088287353515625">
        <ele>5.599999904632568359375</ele>
        <time>2026-05-17T13:50:34.000Z</time>
        <extensions>
          <ns3:TrackPointExtension>
            <ns3:hr>152</ns3:hr>
            <ns3:cad>84</ns3:cad>
          </ns3:TrackPointExtension>
        </extensions>
      </trkpt>
      <trkpt lat="31.021759919822216033935546875" lon="121.42884624190628528594970703125">
        <ele>5.599999904632568359375</ele>
        <time>2026-05-17T13:50:35.000Z</time>
        <extensions>
          <ns3:TrackPointExtension>
            <ns3:hr>152</ns3:hr>
            <ns3:cad>84</ns3:cad>
          </ns3:TrackPointExtension>
        </extensions>
      </trkpt>
      <trkpt lat="31.02174994535744190216064453125" lon="121.42887423746287822723388671875">
        <ele>5.80000019073486328125</ele>
        <time>2026-05-17T13:50:36.000Z</time>
        <extensions>
          <ns3:TrackPointExtension>
            <ns3:hr>152</ns3:hr>
            <ns3:cad>84</ns3:cad>
          </ns3:TrackPointExtension>
        </extensions>
      </trkpt>
      <trkpt lat="31.0217426531016826629638671875" lon="121.42890323884785175323486328125">
        <ele>5.80000019073486328125</ele>
        <time>2026-05-17T13:50:37.000Z</time>
        <extensions>
          <ns3:TrackPointExtension>
            <ns3:hr>152</ns3:hr>
            <ns3:cad>84</ns3:cad>
          </ns3:TrackPointExtension>
        </extensions>
      </trkpt>
      <trkpt lat="31.0217268951237201690673828125" lon="121.4289324916899204254150390625">
        <ele>5.80000019073486328125</ele>
        <time>2026-05-17T13:50:38.000Z</time>
        <extensions>
          <ns3:TrackPointExtension>
            <ns3:hr>151</ns3:hr>
            <ns3:cad>84</ns3:cad>
          </ns3:TrackPointExtension>
        </extensions>
      </trkpt>
      <trkpt lat="31.0217235423624515533447265625" lon="121.428958140313625335693359375">
        <ele>5.80000019073486328125</ele>
        <time>2026-05-17T13:50:39.000Z</time>
        <extensions>
          <ns3:TrackPointExtension>
            <ns3:hr>152</ns3:hr>
            <ns3:cad>84</ns3:cad>
          </ns3:TrackPointExtension>
        </extensions>
      </trkpt>
      <trkpt lat="31.0217161662876605987548828125" lon="121.42899560742080211639404296875">
        <ele>5.80000019073486328125</ele>
        <time>2026-05-17T13:50:40.000Z</time>
        <extensions>
          <ns3:TrackPointExtension>
            <ns3:hr>151</ns3:hr>
            <ns3:cad>84</ns3:cad>
          </ns3:TrackPointExtension>
        </extensions>
      </trkpt>
      <trkpt lat="31.021717675030231475830078125" lon="121.42902494408190250396728515625">
        <ele>5.80000019073486328125</ele>
        <time>2026-05-17T13:50:41.000Z</time>
        <extensions>
          <ns3:TrackPointExtension>
            <ns3:hr>151</ns3:hr>
            <ns3:cad>84</ns3:cad>
          </ns3:TrackPointExtension>
        </extensions>
      </trkpt>
      <trkpt lat="31.021720357239246368408203125" lon="121.42905930988490581512451171875">
        <ele>5.80000019073486328125</ele>
        <time>2026-05-17T13:50:42.000Z</time>
        <extensions>
          <ns3:TrackPointExtension>
            <ns3:hr>151</ns3:hr>
            <ns3:cad>84</ns3:cad>
          </ns3:TrackPointExtension>
        </extensions>
      </trkpt>
      <trkpt lat="31.02171842940151691436767578125" lon="121.42909535206854343414306640625">
        <ele>5.80000019073486328125</ele>
        <time>2026-05-17T13:50:43.000Z</time>
        <extensions>
          <ns3:TrackPointExtension>
            <ns3:hr>152</ns3:hr>
            <ns3:cad>84</ns3:cad>
          </ns3:TrackPointExtension>
        </extensions>
      </trkpt>
      <trkpt lat="31.0217225365340709686279296875" lon="121.429125778377056121826171875">
        <ele>5.80000019073486328125</ele>
        <time>2026-05-17T13:50:44.000Z</time>
        <extensions>
          <ns3:TrackPointExtension>
            <ns3:hr>151</ns3:hr>
            <ns3:cad>84</ns3:cad>
          </ns3:TrackPointExtension>
        </extensions>
      </trkpt>
      <trkpt lat="31.0217245481908321380615234375" lon="121.42916676588356494903564453125">
        <ele>5.80000019073486328125</ele>
        <time>2026-05-17T13:50:45.000Z</time>
        <extensions>
          <ns3:TrackPointExtension>
            <ns3:hr>152</ns3:hr>
            <ns3:cad>84</ns3:cad>
          </ns3:TrackPointExtension>
        </extensions>
      </trkpt>
      <trkpt lat="31.0217315889894962310791015625" lon="121.42919761128723621368408203125">
        <ele>5.80000019073486328125</ele>
        <time>2026-05-17T13:50:46.000Z</time>
        <extensions>
          <ns3:TrackPointExtension>
            <ns3:hr>152</ns3:hr>
            <ns3:cad>84</ns3:cad>
          </ns3:TrackPointExtension>
        </extensions>
      </trkpt>
      <trkpt lat="31.021746508777141571044921875" lon="121.4292295463383197784423828125">
        <ele>5.80000019073486328125</ele>
        <time>2026-05-17T13:50:47.000Z</time>
        <extensions>
          <ns3:TrackPointExtension>
            <ns3:hr>152</ns3:hr>
            <ns3:cad>85</ns3:cad>
          </ns3:TrackPointExtension>
        </extensions>
      </trkpt>
      <trkpt lat="31.02175748907029628753662109375" lon="121.4292627386748790740966796875">
        <ele>5.80000019073486328125</ele>
        <time>2026-05-17T13:50:48.000Z</time>
        <extensions>
          <ns3:TrackPointExtension>
            <ns3:hr>151</ns3:hr>
            <ns3:cad>85</ns3:cad>
          </ns3:TrackPointExtension>
        </extensions>
      </trkpt>
      <trkpt lat="31.0217708162963390350341796875" lon="121.429287381470203399658203125">
        <ele>5.80000019073486328125</ele>
        <time>2026-05-17T13:50:49.000Z</time>
        <extensions>
          <ns3:TrackPointExtension>
            <ns3:hr>152</ns3:hr>
            <ns3:cad>85</ns3:cad>
          </ns3:TrackPointExtension>
        </extensions>
      </trkpt>
      <trkpt lat="31.02178162895143032073974609375" lon="121.42932132817804813385009765625">
        <ele>5.80000019073486328125</ele>
        <time>2026-05-17T13:50:50.000Z</time>
        <extensions>
          <ns3:TrackPointExtension>
            <ns3:hr>152</ns3:hr>
            <ns3:cad>85</ns3:cad>
          </ns3:TrackPointExtension>
        </extensions>
      </trkpt>
      <trkpt lat="31.02179353125393390655517578125" lon="121.42934178002178668975830078125">
        <ele>5.599999904632568359375</ele>
        <time>2026-05-17T13:50:51.000Z</time>
        <extensions>
          <ns3:TrackPointExtension>
            <ns3:hr>152</ns3:hr>
            <ns3:cad>85</ns3:cad>
          </ns3:TrackPointExtension>
        </extensions>
      </trkpt>
      <trkpt lat="31.02181431837379932403564453125" lon="121.42936684191226959228515625">
        <ele>5.599999904632568359375</ele>
        <time>2026-05-17T13:50:52.000Z</time>
        <extensions>
          <ns3:TrackPointExtension>
            <ns3:hr>153</ns3:hr>
            <ns3:cad>85</ns3:cad>
          </ns3:TrackPointExtension>
        </extensions>
      </trkpt>
      <trkpt lat="31.0218348540365695953369140625" lon="121.429387293756008148193359375">
        <ele>5.599999904632568359375</ele>
        <time>2026-05-17T13:50:53.000Z</time>
        <extensions>
          <ns3:TrackPointExtension>
            <ns3:hr>153</ns3:hr>
            <ns3:cad>85</ns3:cad>
          </ns3:TrackPointExtension>
        </extensions>
      </trkpt>
      <trkpt lat="31.0218579880893230438232421875" lon="121.429404728114604949951171875">
        <ele>5.599999904632568359375</ele>
        <time>2026-05-17T13:50:54.000Z</time>
        <extensions>
          <ns3:TrackPointExtension>
            <ns3:hr>153</ns3:hr>
            <ns3:cad>85</ns3:cad>
          </ns3:TrackPointExtension>
        </extensions>
      </trkpt>
      <trkpt lat="31.021879948675632476806640625" lon="121.42942895181477069854736328125">
        <ele>5.80000019073486328125</ele>
        <time>2026-05-17T13:50:55.000Z</time>
        <extensions>
          <ns3:TrackPointExtension>
            <ns3:hr>153</ns3:hr>
            <ns3:cad>85</ns3:cad>
          </ns3:TrackPointExtension>
        </extensions>
      </trkpt>
      <trkpt lat="31.02190065197646617889404296875" lon="121.42944387160241603851318359375">
        <ele>5.80000019073486328125</ele>
        <time>2026-05-17T13:50:56.000Z</time>
        <extensions>
          <ns3:TrackPointExtension>
            <ns3:hr>154</ns3:hr>
            <ns3:cad>85</ns3:cad>
          </ns3:TrackPointExtension>
        </extensions>
      </trkpt>
      <trkpt lat="31.02193015627562999725341796875" lon="121.42946868203580379486083984375">
        <ele>5.80000019073486328125</ele>
        <time>2026-05-17T13:50:57.000Z</time>
        <extensions>
          <ns3:TrackPointExtension>
            <ns3:hr>154</ns3:hr>
            <ns3:cad>85</ns3:cad>
          </ns3:TrackPointExtension>
        </extensions>
      </trkpt>
      <trkpt lat="31.0219538770616054534912109375" lon="121.429475806653499603271484375">
        <ele>5.80000019073486328125</ele>
        <time>2026-05-17T13:50:58.000Z</time>
        <extensions>
          <ns3:TrackPointExtension>
            <ns3:hr>154</ns3:hr>
            <ns3:cad>85</ns3:cad>
          </ns3:TrackPointExtension>
        </extensions>
      </trkpt>
      <trkpt lat="31.02198849432170391082763671875" lon="121.42948427237570285797119140625">
        <ele>5.80000019073486328125</ele>
        <time>2026-05-17T13:50:59.000Z</time>
        <extensions>
          <ns3:TrackPointExtension>
            <ns3:hr>154</ns3:hr>
            <ns3:cad>85</ns3:cad>
          </ns3:TrackPointExtension>
        </extensions>
      </trkpt>
      <trkpt lat="31.02201917208731174468994140625" lon="121.429496593773365020751953125">
        <ele>5.80000019073486328125</ele>
        <time>2026-05-17T13:51:00.000Z</time>
        <extensions>
          <ns3:TrackPointExtension>
            <ns3:hr>154</ns3:hr>
            <ns3:cad>85</ns3:cad>
          </ns3:TrackPointExtension>
        </extensions>
      </trkpt>
      <trkpt lat="31.0220501013100147247314453125" lon="121.4294977672398090362548828125">
        <ele>5.80000019073486328125</ele>
        <time>2026-05-17T13:51:01.000Z</time>
        <extensions>
          <ns3:TrackPointExtension>
            <ns3:hr>154</ns3:hr>
            <ns3:cad>85</ns3:cad>
          </ns3:TrackPointExtension>
        </extensions>
      </trkpt>
      <trkpt lat="31.022083461284637451171875" lon="121.42950992099940776824951171875">
        <ele>5.80000019073486328125</ele>
        <time>2026-05-17T13:51:02.000Z</time>
        <extensions>
          <ns3:TrackPointExtension>
            <ns3:hr>155</ns3:hr>
            <ns3:cad>85</ns3:cad>
          </ns3:TrackPointExtension>
        </extensions>
      </trkpt>
      <trkpt lat="31.02211304940283298492431640625" lon="121.42950857989490032196044921875">
        <ele>5.80000019073486328125</ele>
        <time>2026-05-17T13:51:03.000Z</time>
        <extensions>
          <ns3:TrackPointExtension>
            <ns3:hr>155</ns3:hr>
            <ns3:cad>85</ns3:cad>
          </ns3:TrackPointExtension>
        </extensions>
      </trkpt>
      <trkpt lat="31.02214607410132884979248046875" lon="121.42950606532394886016845703125">
        <ele>5.80000019073486328125</ele>
        <time>2026-05-17T13:51:04.000Z</time>
        <extensions>
          <ns3:TrackPointExtension>
            <ns3:hr>155</ns3:hr>
            <ns3:cad>85</ns3:cad>
          </ns3:TrackPointExtension>
        </extensions>
      </trkpt>
      <trkpt lat="31.0221718065440654754638671875" lon="121.42950271256268024444580078125">
        <ele>5.599999904632568359375</ele>
        <time>2026-05-17T13:51:05.000Z</time>
        <extensions>
          <ns3:TrackPointExtension>
            <ns3:hr>154</ns3:hr>
            <ns3:cad>85</ns3:cad>
          </ns3:TrackPointExtension>
        </extensions>
      </trkpt>
      <trkpt lat="31.022206842899322509765625" lon="121.429493241012096405029296875">
        <ele>5.599999904632568359375</ele>
        <time>2026-05-17T13:51:06.000Z</time>
        <extensions>
          <ns3:TrackPointExtension>
            <ns3:hr>155</ns3:hr>
            <ns3:cad>85</ns3:cad>
          </ns3:TrackPointExtension>
        </extensions>
      </trkpt>
      <trkpt lat="31.0222350060939788818359375" lon="121.4294828474521636962890625">
        <ele>5.599999904632568359375</ele>
        <time>2026-05-17T13:51:07.000Z</time>
        <extensions>
          <ns3:TrackPointExtension>
            <ns3:hr>155</ns3:hr>
            <ns3:cad>85</ns3:cad>
          </ns3:TrackPointExtension>
        </extensions>
      </trkpt>
      <trkpt lat="31.0222619958221912384033203125" lon="121.42947010695934295654296875">
        <ele>5.599999904632568359375</ele>
        <time>2026-05-17T13:51:08.000Z</time>
        <extensions>
          <ns3:TrackPointExtension>
            <ns3:hr>155</ns3:hr>
            <ns3:cad>86</ns3:cad>
          </ns3:TrackPointExtension>
        </extensions>
      </trkpt>
      <trkpt lat="31.02229359559714794158935546875" lon="121.42946742475032806396484375">
        <ele>5.599999904632568359375</ele>
        <time>2026-05-17T13:51:09.000Z</time>
        <extensions>
          <ns3:TrackPointExtension>
            <ns3:hr>155</ns3:hr>
            <ns3:cad>86</ns3:cad>
          </ns3:TrackPointExtension>
        </extensions>
      </trkpt>
      <trkpt lat="31.0223206691443920135498046875" lon="121.42946206033229827880859375">
        <ele>5.599999904632568359375</ele>
        <time>2026-05-17T13:51:10.000Z</time>
        <extensions>
          <ns3:TrackPointExtension>
            <ns3:hr>156</ns3:hr>
            <ns3:cad>86</ns3:cad>
          </ns3:TrackPointExtension>
        </extensions>
      </trkpt>
      <trkpt lat="31.0223528556525707244873046875" lon="121.42945778556168079376220703125">
        <ele>5.599999904632568359375</ele>
        <time>2026-05-17T13:51:11.000Z</time>
        <extensions>
          <ns3:TrackPointExtension>
            <ns3:hr>156</ns3:hr>
            <ns3:cad>86</ns3:cad>
          </ns3:TrackPointExtension>
        </extensions>
      </trkpt>
      <trkpt lat="31.02237523533403873443603515625" lon="121.42944973893463611602783203125">
        <ele>5.599999904632568359375</ele>
        <time>2026-05-17T13:51:12.000Z</time>
        <extensions>
          <ns3:TrackPointExtension>
            <ns3:hr>156</ns3:hr>
            <ns3:cad>86</ns3:cad>
          </ns3:TrackPointExtension>
        </extensions>
      </trkpt>
      <trkpt lat="31.02240976877510547637939453125" lon="121.42944018356502056121826171875">
        <ele>5.599999904632568359375</ele>
        <time>2026-05-17T13:51:13.000Z</time>
        <extensions>
          <ns3:TrackPointExtension>
            <ns3:hr>156</ns3:hr>
            <ns3:cad>86</ns3:cad>
          </ns3:TrackPointExtension>
        </extensions>
      </trkpt>
      <trkpt lat="31.0224323160946369171142578125" lon="121.42942811362445354461669921875">
        <ele>5.599999904632568359375</ele>
        <time>2026-05-17T13:51:14.000Z</time>
        <extensions>
          <ns3:TrackPointExtension>
            <ns3:hr>156</ns3:hr>
            <ns3:cad>86</ns3:cad>
          </ns3:TrackPointExtension>
        </extensions>
      </trkpt>
      <trkpt lat="31.0224561206996440887451171875" lon="121.42941470257937908172607421875">
        <ele>5.599999904632568359375</ele>
        <time>2026-05-17T13:51:15.000Z</time>
        <extensions>
          <ns3:TrackPointExtension>
            <ns3:hr>156</ns3:hr>
            <ns3:cad>86</ns3:cad>
          </ns3:TrackPointExtension>
        </extensions>
      </trkpt>
      <trkpt lat="31.02248420007526874542236328125" lon="121.429410092532634735107421875">
        <ele>5.599999904632568359375</ele>
        <time>2026-05-17T13:51:16.000Z</time>
        <extensions>
          <ns3:TrackPointExtension>
            <ns3:hr>156</ns3:hr>
            <ns3:cad>87</ns3:cad>
          </ns3:TrackPointExtension>
        </extensions>
      </trkpt>
      <trkpt lat="31.0225104354321956634521484375" lon="121.42940112389624118804931640625">
        <ele>5.599999904632568359375</ele>
        <time>2026-05-17T13:51:17.000Z</time>
        <extensions>
          <ns3:TrackPointExtension>
            <ns3:hr>156</ns3:hr>
            <ns3:cad>86</ns3:cad>
          </ns3:TrackPointExtension>
        </extensions>
      </trkpt>
      <trkpt lat="31.02254404686391353607177734375" lon="121.429405398666858673095703125">
        <ele>5.599999904632568359375</ele>
        <time>2026-05-17T13:51:18.000Z</time>
        <extensions>
          <ns3:TrackPointExtension>
            <ns3:hr>156</ns3:hr>
            <ns3:cad>86</ns3:cad>
          </ns3:TrackPointExtension>
        </extensions>
      </trkpt>
      <trkpt lat="31.02256567217409610748291015625" lon="121.42939768731594085693359375">
        <ele>5.599999904632568359375</ele>
        <time>2026-05-17T13:51:19.000Z</time>
        <extensions>
          <ns3:TrackPointExtension>
            <ns3:hr>156</ns3:hr>
            <ns3:cad>86</ns3:cad>
          </ns3:TrackPointExtension>
        </extensions>
      </trkpt>
      <trkpt lat="31.02259735576808452606201171875" lon="121.42938838340342044830322265625">
        <ele>5.599999904632568359375</ele>
        <time>2026-05-17T13:51:20.000Z</time>
        <extensions>
          <ns3:TrackPointExtension>
            <ns3:hr>156</ns3:hr>
            <ns3:cad>86</ns3:cad>
          </ns3:TrackPointExtension>
        </extensions>
      </trkpt>
      <trkpt lat="31.02261814288794994354248046875" lon="121.429381929337978363037109375">
        <ele>5.400000095367431640625</ele>
        <time>2026-05-17T13:51:21.000Z</time>
        <extensions>
          <ns3:TrackPointExtension>
            <ns3:hr>155</ns3:hr>
            <ns3:cad>86</ns3:cad>
          </ns3:TrackPointExtension>
        </extensions>
      </trkpt>
      <trkpt lat="31.0226478986442089080810546875" lon="121.42937128432095050811767578125">
        <ele>5.400000095367431640625</ele>
        <time>2026-05-17T13:51:22.000Z</time>
        <extensions>
          <ns3:TrackPointExtension>
            <ns3:hr>155</ns3:hr>
            <ns3:cad>86</ns3:cad>
          </ns3:TrackPointExtension>
        </extensions>
      </trkpt>
      <trkpt lat="31.02267195470631122589111328125" lon="121.4293634891510009765625">
        <ele>5.400000095367431640625</ele>
        <time>2026-05-17T13:51:23.000Z</time>
        <extensions>
          <ns3:TrackPointExtension>
            <ns3:hr>154</ns3:hr>
            <ns3:cad>86</ns3:cad>
          </ns3:TrackPointExtension>
        </extensions>
      </trkpt>
      <trkpt lat="31.0226965136826038360595703125" lon="121.42935234121978282928466796875">
        <ele>5.400000095367431640625</ele>
        <time>2026-05-17T13:51:24.000Z</time>
        <extensions>
          <ns3:TrackPointExtension>
            <ns3:hr>154</ns3:hr>
            <ns3:cad>87</ns3:cad>
          </ns3:TrackPointExtension>
        </extensions>
      </trkpt>
      <trkpt lat="31.02272509597241878509521484375" lon="121.4293487370014190673828125">
        <ele>5.400000095367431640625</ele>
        <time>2026-05-17T13:51:25.000Z</time>
        <extensions>
          <ns3:TrackPointExtension>
            <ns3:hr>154</ns3:hr>
            <ns3:cad>87</ns3:cad>
          </ns3:TrackPointExtension>
        </extensions>
      </trkpt>
      <trkpt lat="31.02274722419679164886474609375" lon="121.42934136092662811279296875">
        <ele>5.400000095367431640625</ele>
        <time>2026-05-17T13:51:26.000Z</time>
        <extensions>
          <ns3:TrackPointExtension>
            <ns3:hr>154</ns3:hr>
            <ns3:cad>87</ns3:cad>
          </ns3:TrackPointExtension>
        </extensions>
      </trkpt>
      <trkpt lat="31.022780500352382659912109375" lon="121.4293405227363109588623046875">
        <ele>5.400000095367431640625</ele>
        <time>2026-05-17T13:51:27.000Z</time>
        <extensions>
          <ns3:TrackPointExtension>
            <ns3:hr>154</ns3:hr>
            <ns3:cad>87</ns3:cad>
          </ns3:TrackPointExtension>
        </extensions>
      </trkpt>
      <trkpt lat="31.0228017903864383697509765625" lon="121.42933289520442485809326171875">
        <ele>5.400000095367431640625</ele>
        <time>2026-05-17T13:51:28.000Z</time>
        <extensions>
          <ns3:TrackPointExtension>
            <ns3:hr>154</ns3:hr>
            <ns3:cad>87</ns3:cad>
          </ns3:TrackPointExtension>
        </extensions>
      </trkpt>
      <trkpt lat="31.0228331387042999267578125" lon="121.42932551912963390350341796875">
        <ele>5.400000095367431640625</ele>
        <time>2026-05-17T13:51:29.000Z</time>
        <extensions>
          <ns3:TrackPointExtension>
            <ns3:hr>154</ns3:hr>
            <ns3:cad>86</ns3:cad>
          </ns3:TrackPointExtension>
        </extensions>
      </trkpt>
      <trkpt lat="31.0228584520518779754638671875" lon="121.42931646667420864105224609375">
        <ele>5.400000095367431640625</ele>
        <time>2026-05-17T13:51:30.000Z</time>
        <extensions>
          <ns3:TrackPointExtension>
            <ns3:hr>154</ns3:hr>
            <ns3:cad>86</ns3:cad>
          </ns3:TrackPointExtension>
        </extensions>
      </trkpt>
      <trkpt lat="31.02288317866623401641845703125" lon="121.42930406145751476287841796875">
        <ele>5.400000095367431640625</ele>
        <time>2026-05-17T13:51:31.000Z</time>
        <extensions>
          <ns3:TrackPointExtension>
            <ns3:hr>154</ns3:hr>
            <ns3:cad>86</ns3:cad>
          </ns3:TrackPointExtension>
        </extensions>
      </trkpt>
      <trkpt lat="31.0229084081947803497314453125" lon="121.42930112779140472412109375">
        <ele>5.400000095367431640625</ele>
        <time>2026-05-17T13:51:32.000Z</time>
        <extensions>
          <ns3:TrackPointExtension>
            <ns3:hr>154</ns3:hr>
            <ns3:cad>86</ns3:cad>
          </ns3:TrackPointExtension>
        </extensions>
      </trkpt>
      <trkpt lat="31.02292844094336032867431640625" lon="121.42929366789758205413818359375">
        <ele>5.400000095367431640625</ele>
        <time>2026-05-17T13:51:33.000Z</time>
        <extensions>
          <ns3:TrackPointExtension>
            <ns3:hr>154</ns3:hr>
            <ns3:cad>85</ns3:cad>
          </ns3:TrackPointExtension>
        </extensions>
      </trkpt>
      <trkpt lat="31.022956855595111846923828125" lon="121.42928503453731536865234375">
        <ele>5.400000095367431640625</ele>
        <time>2026-05-17T13:51:34.000Z</time>
        <extensions>
          <ns3:TrackPointExtension>
            <ns3:hr>154</ns3:hr>
            <ns3:cad>85</ns3:cad>
          </ns3:TrackPointExtension>
        </extensions>
      </trkpt>
      <trkpt lat="31.02297521196305751800537109375" lon="121.4292724616825580596923828125">
        <ele>5.400000095367431640625</ele>
        <time>2026-05-17T13:51:35.000Z</time>
        <extensions>
          <ns3:TrackPointExtension>
            <ns3:hr>154</ns3:hr>
            <ns3:cad>85</ns3:cad>
          </ns3:TrackPointExtension>
        </extensions>
      </trkpt>
      <trkpt lat="31.02299935184419155120849609375" lon="121.4292536862194538116455078125">
        <ele>5.599999904632568359375</ele>
        <time>2026-05-17T13:51:36.000Z</time>
        <extensions>
          <ns3:TrackPointExtension>
            <ns3:hr>154</ns3:hr>
            <ns3:cad>85</ns3:cad>
          </ns3:TrackPointExtension>
        </extensions>
      </trkpt>
      <trkpt lat="31.02302567102015018463134765625" lon="121.42923549748957157135009765625">
        <ele>5.400000095367431640625</ele>
        <time>2026-05-17T13:51:37.000Z</time>
        <extensions>
          <ns3:TrackPointExtension>
            <ns3:hr>154</ns3:hr>
            <ns3:cad>85</ns3:cad>
          </ns3:TrackPointExtension>
        </extensions>
      </trkpt>
      <trkpt lat="31.02304226718842983245849609375" lon="121.4292181469500064849853515625">
        <ele>5.400000095367431640625</ele>
        <time>2026-05-17T13:51:38.000Z</time>
        <extensions>
          <ns3:TrackPointExtension>
            <ns3:hr>153</ns3:hr>
            <ns3:cad>85</ns3:cad>
          </ns3:TrackPointExtension>
        </extensions>
      </trkpt>
      <trkpt lat="31.02306925691664218902587890625" lon="121.429201550781726837158203125">
        <ele>5.400000095367431640625</ele>
        <time>2026-05-17T13:51:39.000Z</time>
        <extensions>
          <ns3:TrackPointExtension>
            <ns3:hr>153</ns3:hr>
            <ns3:cad>85</ns3:cad>
          </ns3:TrackPointExtension>
        </extensions>
      </trkpt>
      <trkpt lat="31.02308317087590694427490234375" lon="121.42918311059474945068359375">
        <ele>5.400000095367431640625</ele>
        <time>2026-05-17T13:51:40.000Z</time>
        <extensions>
          <ns3:TrackPointExtension>
            <ns3:hr>153</ns3:hr>
            <ns3:cad>84</ns3:cad>
          </ns3:TrackPointExtension>
        </extensions>
      </trkpt>
      <trkpt lat="31.0231053829193115234375" lon="121.429155953228473663330078125">
        <ele>5.400000095367431640625</ele>
        <time>2026-05-17T13:51:41.000Z</time>
        <extensions>
          <ns3:TrackPointExtension>
            <ns3:hr>153</ns3:hr>
            <ns3:cad>84</ns3:cad>
          </ns3:TrackPointExtension>
        </extensions>
      </trkpt>
      <trkpt lat="31.02312122471630573272705078125" lon="121.42913072369992733001708984375">
        <ele>5.400000095367431640625</ele>
        <time>2026-05-17T13:51:42.000Z</time>
        <extensions>
          <ns3:TrackPointExtension>
            <ns3:hr>153</ns3:hr>
            <ns3:cad>85</ns3:cad>
          </ns3:TrackPointExtension>
        </extensions>
      </trkpt>
      <trkpt lat="31.0231308639049530029296875" lon="121.42910256050527095794677734375">
        <ele>5.400000095367431640625</ele>
        <time>2026-05-17T13:51:43.000Z</time>
        <extensions>
          <ns3:TrackPointExtension>
            <ns3:hr>153</ns3:hr>
            <ns3:cad>85</ns3:cad>
          </ns3:TrackPointExtension>
        </extensions>
      </trkpt>
      <trkpt lat="31.0231457836925983428955078125" lon="121.42907691188156604766845703125">
        <ele>5.400000095367431640625</ele>
        <time>2026-05-17T13:51:44.000Z</time>
        <extensions>
          <ns3:TrackPointExtension>
            <ns3:hr>153</ns3:hr>
            <ns3:cad>85</ns3:cad>
          </ns3:TrackPointExtension>
        </extensions>
      </trkpt>
      <trkpt lat="31.02315341122448444366455078125" lon="121.42905176617205142974853515625">
        <ele>5.19999980926513671875</ele>
        <time>2026-05-17T13:51:45.000Z</time>
        <extensions>
          <ns3:TrackPointExtension>
            <ns3:hr>153</ns3:hr>
            <ns3:cad>85</ns3:cad>
          </ns3:TrackPointExtension>
        </extensions>
      </trkpt>
      <trkpt lat="31.02316548116505146026611328125" lon="121.42902310006320476531982421875">
        <ele>5.19999980926513671875</ele>
        <time>2026-05-17T13:51:46.000Z</time>
        <extensions>
          <ns3:TrackPointExtension>
            <ns3:hr>153</ns3:hr>
            <ns3:cad>85</ns3:cad>
          </ns3:TrackPointExtension>
        </extensions>
      </trkpt>
      <trkpt lat="31.0231702588498592376708984375" lon="121.428995691239833831787109375">
        <ele>5.19999980926513671875</ele>
        <time>2026-05-17T13:51:47.000Z</time>
        <extensions>
          <ns3:TrackPointExtension>
            <ns3:hr>153</ns3:hr>
            <ns3:cad>85</ns3:cad>
          </ns3:TrackPointExtension>
        </extensions>
      </trkpt>
      <trkpt lat="31.02317771874368190765380859375" lon="121.42896174453198909759521484375">
        <ele>5.19999980926513671875</ele>
        <time>2026-05-17T13:51:48.000Z</time>
        <extensions>
          <ns3:TrackPointExtension>
            <ns3:hr>153</ns3:hr>
            <ns3:cad>85</ns3:cad>
          </ns3:TrackPointExtension>
        </extensions>
      </trkpt>
      <trkpt lat="31.02318492718040943145751953125" lon="121.42893140204250812530517578125">
        <ele>5.19999980926513671875</ele>
        <time>2026-05-17T13:51:49.000Z</time>
        <extensions>
          <ns3:TrackPointExtension>
            <ns3:hr>153</ns3:hr>
            <ns3:cad>85</ns3:cad>
          </ns3:TrackPointExtension>
        </extensions>
      </trkpt>
      <trkpt lat="31.023186184465885162353515625" lon="121.42890022136270999908447265625">
        <ele>5.19999980926513671875</ele>
        <time>2026-05-17T13:51:50.000Z</time>
        <extensions>
          <ns3:TrackPointExtension>
            <ns3:hr>153</ns3:hr>
            <ns3:cad>85</ns3:cad>
          </ns3:TrackPointExtension>
        </extensions>
      </trkpt>
      <trkpt lat="31.02318584918975830078125" lon="121.4288605749607086181640625">
        <ele>5.19999980926513671875</ele>
        <time>2026-05-17T13:51:51.000Z</time>
        <extensions>
          <ns3:TrackPointExtension>
            <ns3:hr>153</ns3:hr>
            <ns3:cad>85</ns3:cad>
          </ns3:TrackPointExtension>
        </extensions>
      </trkpt>
      <trkpt lat="31.0231806524097919464111328125" lon="121.42883433960378170013427734375">
        <ele>5</ele>
        <time>2026-05-17T13:51:52.000Z</time>
        <extensions>
          <ns3:TrackPointExtension>
            <ns3:hr>152</ns3:hr>
            <ns3:cad>84</ns3:cad>
          </ns3:TrackPointExtension>
        </extensions>
      </trkpt>
      <trkpt lat="31.02317512035369873046875" lon="121.42879812978208065032958984375">
        <ele>5</ele>
        <time>2026-05-17T13:51:53.000Z</time>
        <extensions>
          <ns3:TrackPointExtension>
            <ns3:hr>153</ns3:hr>
            <ns3:cad>84</ns3:cad>
          </ns3:TrackPointExtension>
        </extensions>
      </trkpt>
      <trkpt lat="31.02317176759243011474609375" lon="121.42876812256872653961181640625">
        <ele>4.80000019073486328125</ele>
        <time>2026-05-17T13:51:54.000Z</time>
        <extensions>
          <ns3:TrackPointExtension>
            <ns3:hr>153</ns3:hr>
            <ns3:cad>84</ns3:cad>
          </ns3:TrackPointExtension>
        </extensions>
      </trkpt>
      <trkpt lat="31.02315994910895824432373046875" lon="121.4287383668124675750732421875">
        <ele>4.80000019073486328125</ele>
        <time>2026-05-17T13:51:55.000Z</time>
        <extensions>
          <ns3:TrackPointExtension>
            <ns3:hr>153</ns3:hr>
            <ns3:cad>84</ns3:cad>
          </ns3:TrackPointExtension>
        </extensions>
      </trkpt>
      <trkpt lat="31.02314804680645465850830078125" lon="121.428704671561717987060546875">
        <ele>4.599999904632568359375</ele>
        <time>2026-05-17T13:51:56.000Z</time>
        <extensions>
          <ns3:TrackPointExtension>
            <ns3:hr>153</ns3:hr>
            <ns3:cad>85</ns3:cad>
          </ns3:TrackPointExtension>
        </extensions>
      </trkpt>
      <trkpt lat="31.02313078008592128753662109375" lon="121.428681872785091400146484375">
        <ele>4.599999904632568359375</ele>
        <time>2026-05-17T13:51:57.000Z</time>
        <extensions>
          <ns3:TrackPointExtension>
            <ns3:hr>153</ns3:hr>
            <ns3:cad>85</ns3:cad>
          </ns3:TrackPointExtension>
        </extensions>
      </trkpt>
      <trkpt lat="31.0231146030128002166748046875" lon="121.42864658497273921966552734375">
        <ele>4.400000095367431640625</ele>
        <time>2026-05-17T13:51:58.000Z</time>
        <extensions>
          <ns3:TrackPointExtension>
            <ns3:hr>153</ns3:hr>
            <ns3:cad>85</ns3:cad>
          </ns3:TrackPointExtension>
        </extensions>
      </trkpt>
      <trkpt lat="31.0230867750942707061767578125" lon="121.42859260551631450653076171875">
        <ele>4.400000095367431640625</ele>
        <time>2026-05-17T13:51:59.000Z</time>
        <extensions>
          <ns3:TrackPointExtension>
            <ns3:hr>153</ns3:hr>
            <ns3:cad>85</ns3:cad>
          </ns3:TrackPointExtension>
        </extensions>
      </trkpt>
      <trkpt lat="31.0230867750942707061767578125" lon="121.42859260551631450653076171875">
        <ele>4.400000095367431640625</ele>
        <time>2026-05-17T13:52:00.000Z</time>
        <extensions>
          <ns3:TrackPointExtension>
            <ns3:hr>153</ns3:hr>
            <ns3:cad>85</ns3:cad>
          </ns3:TrackPointExtension>
        </extensions>
      </trkpt>
      <trkpt lat="31.02306774817407131195068359375" lon="121.42856377176940441131591796875">
        <ele>4.599999904632568359375</ele>
        <time>2026-05-17T13:52:01.000Z</time>
        <extensions>
          <ns3:TrackPointExtension>
            <ns3:hr>154</ns3:hr>
            <ns3:cad>85</ns3:cad>
          </ns3:TrackPointExtension>
        </extensions>
      </trkpt>
      <trkpt lat="31.02304763160645961761474609375" lon="121.4285472594201564788818359375">
        <ele>4.599999904632568359375</ele>
        <time>2026-05-17T13:52:02.000Z</time>
        <extensions>
          <ns3:TrackPointExtension>
            <ns3:hr>154</ns3:hr>
            <ns3:cad>85</ns3:cad>
          </ns3:TrackPointExtension>
        </extensions>
      </trkpt>
      <trkpt lat="31.02302332408726215362548828125" lon="121.4285201020538806915283203125">
        <ele>4.599999904632568359375</ele>
        <time>2026-05-17T13:52:03.000Z</time>
        <extensions>
          <ns3:TrackPointExtension>
            <ns3:hr>154</ns3:hr>
            <ns3:cad>85</ns3:cad>
          </ns3:TrackPointExtension>
        </extensions>
      </trkpt>
      <trkpt lat="31.02300069294869899749755859375" lon="121.428502835333347320556640625">
        <ele>4.599999904632568359375</ele>
        <time>2026-05-17T13:52:04.000Z</time>
        <extensions>
          <ns3:TrackPointExtension>
            <ns3:hr>154</ns3:hr>
            <ns3:cad>84</ns3:cad>
          </ns3:TrackPointExtension>
        </extensions>
      </trkpt>
      <trkpt lat="31.02297521196305751800537109375" lon="121.4284862391650676727294921875">
        <ele>4.400000095367431640625</ele>
        <time>2026-05-17T13:52:05.000Z</time>
        <extensions>
          <ns3:TrackPointExtension>
            <ns3:hr>154</ns3:hr>
            <ns3:cad>84</ns3:cad>
          </ns3:TrackPointExtension>
        </extensions>
      </trkpt>
      <trkpt lat="31.02295593358576297760009765625" lon="121.42847090028226375579833984375">
        <ele>4.400000095367431640625</ele>
        <time>2026-05-17T13:52:06.000Z</time>
        <extensions>
          <ns3:TrackPointExtension>
            <ns3:hr>154</ns3:hr>
            <ns3:cad>84</ns3:cad>
          </ns3:TrackPointExtension>
        </extensions>
      </trkpt>
      <trkpt lat="31.02293296717107295989990234375" lon="121.4284622669219970703125">
        <ele>4.400000095367431640625</ele>
        <time>2026-05-17T13:52:07.000Z</time>
        <extensions>
          <ns3:TrackPointExtension>
            <ns3:hr>155</ns3:hr>
            <ns3:cad>84</ns3:cad>
          </ns3:TrackPointExtension>
        </extensions>
      </trkpt>
      <trkpt lat="31.0229067318141460418701171875" lon="121.42844642512500286102294921875">
        <ele>4.599999904632568359375</ele>
        <time>2026-05-17T13:52:08.000Z</time>
        <extensions>
          <ns3:TrackPointExtension>
            <ns3:hr>154</ns3:hr>
            <ns3:cad>86</ns3:cad>
          </ns3:TrackPointExtension>
        </extensions>
      </trkpt>
      <trkpt lat="31.022886447608470916748046875" lon="121.42844282090663909912109375">
        <ele>4.599999904632568359375</ele>
        <time>2026-05-17T13:52:09.000Z</time>
        <extensions>
          <ns3:TrackPointExtension>
            <ns3:hr>154</ns3:hr>
            <ns3:cad>86</ns3:cad>
          </ns3:TrackPointExtension>
        </extensions>
      </trkpt>
      <trkpt lat="31.02285216562449932098388671875" lon="121.4284346066415309906005859375">
        <ele>4.80000019073486328125</ele>
        <time>2026-05-17T13:52:10.000Z</time>
        <extensions>
          <ns3:TrackPointExtension>
            <ns3:hr>155</ns3:hr>
            <ns3:cad>85</ns3:cad>
          </ns3:TrackPointExtension>
        </extensions>
      </trkpt>
      <trkpt lat="31.02282802574336528778076171875" lon="121.42843049950897693634033203125">
        <ele>4.80000019073486328125</ele>
        <time>2026-05-17T13:52:11.000Z</time>
        <extensions>
          <ns3:TrackPointExtension>
            <ns3:hr>154</ns3:hr>
            <ns3:cad>85</ns3:cad>
          </ns3:TrackPointExtension>
        </extensions>
      </trkpt>
      <trkpt lat="31.02277002297341823577880859375" lon="121.428431756794452667236328125">
        <ele>5</ele>
        <time>2026-05-17T13:52:12.000Z</time>
        <extensions>
          <ns3:TrackPointExtension>
            <ns3:hr>154</ns3:hr>
            <ns3:cad>84</ns3:cad>
          </ns3:TrackPointExtension>
        </extensions>
      </trkpt>
      <trkpt lat="31.02277002297341823577880859375" lon="121.428431756794452667236328125">
        <ele>5.19999980926513671875</ele>
        <time>2026-05-17T13:52:13.000Z</time>
        <extensions>
          <ns3:TrackPointExtension>
            <ns3:hr>155</ns3:hr>
            <ns3:cad>84</ns3:cad>
          </ns3:TrackPointExtension>
        </extensions>
      </trkpt>
      <trkpt lat="31.02274705655872821807861328125" lon="121.42844139598309993743896484375">
        <ele>5.400000095367431640625</ele>
        <time>2026-05-17T13:52:14.000Z</time>
        <extensions>
          <ns3:TrackPointExtension>
            <ns3:hr>154</ns3:hr>
            <ns3:cad>84</ns3:cad>
          </ns3:TrackPointExtension>
        </extensions>
      </trkpt>
      <trkpt lat="31.02271369658410549163818359375" lon="121.42844575457274913787841796875">
        <ele>5.599999904632568359375</ele>
        <time>2026-05-17T13:52:15.000Z</time>
        <extensions>
          <ns3:TrackPointExtension>
            <ns3:hr>154</ns3:hr>
            <ns3:cad>84</ns3:cad>
          </ns3:TrackPointExtension>
        </extensions>
      </trkpt>
      <trkpt lat="31.02266080677509307861328125" lon="121.42846670933067798614501953125">
        <ele>5.80000019073486328125</ele>
        <time>2026-05-17T13:52:16.000Z</time>
        <extensions>
          <ns3:TrackPointExtension>
            <ns3:hr>155</ns3:hr>
            <ns3:cad>85</ns3:cad>
          </ns3:TrackPointExtension>
        </extensions>
      </trkpt>
      <trkpt lat="31.02266080677509307861328125" lon="121.42846670933067798614501953125">
        <ele>5.80000019073486328125</ele>
        <time>2026-05-17T13:52:17.000Z</time>
        <extensions>
          <ns3:TrackPointExtension>
            <ns3:hr>154</ns3:hr>
            <ns3:cad>85</ns3:cad>
          </ns3:TrackPointExtension>
        </extensions>
      </trkpt>
      <trkpt lat="31.02263809181749820709228515625" lon="121.428470648825168609619140625">
        <ele>5.80000019073486328125</ele>
        <time>2026-05-17T13:52:18.000Z</time>
        <extensions>
          <ns3:TrackPointExtension>
            <ns3:hr>154</ns3:hr>
            <ns3:cad>85</ns3:cad>
          </ns3:TrackPointExtension>
        </extensions>
      </trkpt>
      <trkpt lat="31.02261445485055446624755859375" lon="121.42848213203251361846923828125">
        <ele>5.599999904632568359375</ele>
        <time>2026-05-17T13:52:19.000Z</time>
        <extensions>
          <ns3:TrackPointExtension>
            <ns3:hr>155</ns3:hr>
            <ns3:cad>85</ns3:cad>
          </ns3:TrackPointExtension>
        </extensions>
      </trkpt>
      <trkpt lat="31.02256583981215953826904296875" lon="121.42849286086857318878173828125">
        <ele>5.400000095367431640625</ele>
        <time>2026-05-17T13:52:20.000Z</time>
        <extensions>
          <ns3:TrackPointExtension>
            <ns3:hr>154</ns3:hr>
            <ns3:cad>85</ns3:cad>
          </ns3:TrackPointExtension>
        </extensions>
      </trkpt>
      <trkpt lat="31.02256583981215953826904296875" lon="121.42849286086857318878173828125">
        <ele>5.19999980926513671875</ele>
        <time>2026-05-17T13:52:21.000Z</time>
        <extensions>
          <ns3:TrackPointExtension>
            <ns3:hr>154</ns3:hr>
            <ns3:cad>85</ns3:cad>
          </ns3:TrackPointExtension>
        </extensions>
      </trkpt>
      <trkpt lat="31.02250750176608562469482421875" lon="121.42850928939878940582275390625">
        <ele>5.19999980926513671875</ele>
        <time>2026-05-17T13:52:22.000Z</time>
        <extensions>
          <ns3:TrackPointExtension>
            <ns3:hr>155</ns3:hr>
            <ns3:cad>85</ns3:cad>
          </ns3:TrackPointExtension>
        </extensions>
      </trkpt>
      <trkpt lat="31.02248017676174640655517578125" lon="121.428519599139690399169921875">
        <ele>5.19999980926513671875</ele>
        <time>2026-05-17T13:52:23.000Z</time>
        <extensions>
          <ns3:TrackPointExtension>
            <ns3:hr>154</ns3:hr>
            <ns3:cad>85</ns3:cad>
          </ns3:TrackPointExtension>
        </extensions>
      </trkpt>
      <trkpt lat="31.022451259195804595947265625" lon="121.4285199344158172607421875">
        <ele>5.19999980926513671875</ele>
        <time>2026-05-17T13:52:24.000Z</time>
        <extensions>
          <ns3:TrackPointExtension>
            <ns3:hr>154</ns3:hr>
            <ns3:cad>85</ns3:cad>
          </ns3:TrackPointExtension>
        </extensions>
      </trkpt>
      <trkpt lat="31.022451259195804595947265625" lon="121.4285199344158172607421875">
        <ele>5.19999980926513671875</ele>
        <time>2026-05-17T13:52:25.000Z</time>
        <extensions>
          <ns3:TrackPointExtension>
            <ns3:hr>155</ns3:hr>
            <ns3:cad>85</ns3:cad>
          </ns3:TrackPointExtension>
        </extensions>
      </trkpt>
      <trkpt lat="31.02239971049129962921142578125" lon="121.4285325072705745697021484375">
        <ele>5.19999980926513671875</ele>
        <time>2026-05-17T13:52:26.000Z</time>
        <extensions>
          <ns3:TrackPointExtension>
            <ns3:hr>154</ns3:hr>
            <ns3:cad>85</ns3:cad>
          </ns3:TrackPointExtension>
        </extensions>
      </trkpt>
      <trkpt lat="31.02239971049129962921142578125" lon="121.4285325072705745697021484375">
        <ele>5.19999980926513671875</ele>
        <time>2026-05-17T13:52:27.000Z</time>
        <extensions>
          <ns3:TrackPointExtension>
            <ns3:hr>154</ns3:hr>
            <ns3:cad>85</ns3:cad>
          </ns3:TrackPointExtension>
        </extensions>
      </trkpt>
      <trkpt lat="31.02235361002385616302490234375" lon="121.42854382283985614776611328125">
        <ele>5.19999980926513671875</ele>
        <time>2026-05-17T13:52:28.000Z</time>
        <extensions>
          <ns3:TrackPointExtension>
            <ns3:hr>154</ns3:hr>
            <ns3:cad>84</ns3:cad>
          </ns3:TrackPointExtension>
        </extensions>
      </trkpt>
      <trkpt lat="31.02235361002385616302490234375" lon="121.42854382283985614776611328125">
        <ele>5</ele>
        <time>2026-05-17T13:52:29.000Z</time>
        <extensions>
          <ns3:TrackPointExtension>
            <ns3:hr>154</ns3:hr>
            <ns3:cad>84</ns3:cad>
          </ns3:TrackPointExtension>
        </extensions>
      </trkpt>
      <trkpt lat="31.0223280452191829681396484375" lon="121.4285494387149810791015625">
        <ele>4.80000019073486328125</ele>
        <time>2026-05-17T13:52:30.000Z</time>
        <extensions>
          <ns3:TrackPointExtension>
            <ns3:hr>153</ns3:hr>
            <ns3:cad>84</ns3:cad>
          </ns3:TrackPointExtension>
        </extensions>
      </trkpt>
      <trkpt lat="31.022305078804492950439453125" lon="121.42855740152299404144287109375">
        <ele>4.80000019073486328125</ele>
        <time>2026-05-17T13:52:31.000Z</time>
        <extensions>
          <ns3:TrackPointExtension>
            <ns3:hr>153</ns3:hr>
            <ns3:cad>84</ns3:cad>
          </ns3:TrackPointExtension>
        </extensions>
      </trkpt>
      <trkpt lat="31.02227800525724887847900390625" lon="121.42855974845588207244873046875">
        <ele>4.80000019073486328125</ele>
        <time>2026-05-17T13:52:32.000Z</time>
        <extensions>
          <ns3:TrackPointExtension>
            <ns3:hr>153</ns3:hr>
            <ns3:cad>85</ns3:cad>
          </ns3:TrackPointExtension>
        </extensions>
      </trkpt>
      <trkpt lat="31.02225244045257568359375" lon="121.42856595106422901153564453125">
        <ele>5</ele>
        <time>2026-05-17T13:52:33.000Z</time>
        <extensions>
          <ns3:TrackPointExtension>
            <ns3:hr>153</ns3:hr>
            <ns3:cad>85</ns3:cad>
          </ns3:TrackPointExtension>
        </extensions>
      </trkpt>
      <trkpt lat="31.02220349013805389404296875" lon="121.42857751809060573577880859375">
        <ele>5.19999980926513671875</ele>
        <time>2026-05-17T13:52:34.000Z</time>
        <extensions>
          <ns3:TrackPointExtension>
            <ns3:hr>153</ns3:hr>
            <ns3:cad>85</ns3:cad>
          </ns3:TrackPointExtension>
        </extensions>
      </trkpt>
      <trkpt lat="31.02218161337077617645263671875" lon="121.42858439125120639801025390625">
        <ele>5.400000095367431640625</ele>
        <time>2026-05-17T13:52:35.000Z</time>
        <extensions>
          <ns3:TrackPointExtension>
            <ns3:hr>153</ns3:hr>
            <ns3:cad>85</ns3:cad>
          </ns3:TrackPointExtension>
        </extensions>
      </trkpt>
      <trkpt lat="31.02215831167995929718017578125" lon="121.428589336574077606201171875">
        <ele>5.599999904632568359375</ele>
        <time>2026-05-17T13:52:36.000Z</time>
        <extensions>
          <ns3:TrackPointExtension>
            <ns3:hr>153</ns3:hr>
            <ns3:cad>85</ns3:cad>
          </ns3:TrackPointExtension>
        </extensions>
      </trkpt>
      <trkpt lat="31.02213467471301555633544921875" lon="121.42859344370663166046142578125">
        <ele>5.599999904632568359375</ele>
        <time>2026-05-17T13:52:37.000Z</time>
        <extensions>
          <ns3:TrackPointExtension>
            <ns3:hr>153</ns3:hr>
            <ns3:cad>85</ns3:cad>
          </ns3:TrackPointExtension>
        </extensions>
      </trkpt>
      <trkpt lat="31.02210885845124721527099609375" lon="121.42859897576272487640380859375">
        <ele>5.599999904632568359375</ele>
        <time>2026-05-17T13:52:38.000Z</time>
        <extensions>
          <ns3:TrackPointExtension>
            <ns3:hr>153</ns3:hr>
            <ns3:cad>84</ns3:cad>
          </ns3:TrackPointExtension>
        </extensions>
      </trkpt>
      <trkpt lat="31.0220874845981597900390625" lon="121.4286072738468647003173828125">
        <ele>5.599999904632568359375</ele>
        <time>2026-05-17T13:52:39.000Z</time>
        <extensions>
          <ns3:TrackPointExtension>
            <ns3:hr>152</ns3:hr>
            <ns3:cad>84</ns3:cad>
          </ns3:TrackPointExtension>
        </extensions>
      </trkpt>
      <trkpt lat="31.0220874845981597900390625" lon="121.4286072738468647003173828125">
        <ele>5.400000095367431640625</ele>
        <time>2026-05-17T13:52:40.000Z</time>
        <extensions>
          <ns3:TrackPointExtension>
            <ns3:hr>152</ns3:hr>
            <ns3:cad>84</ns3:cad>
          </ns3:TrackPointExtension>
        </extensions>
      </trkpt>
      <trkpt lat="31.022033505141735076904296875" lon="121.4286277256906032562255859375">
        <ele>5.400000095367431640625</ele>
        <time>2026-05-17T13:52:41.000Z</time>
        <extensions>
          <ns3:TrackPointExtension>
            <ns3:hr>152</ns3:hr>
            <ns3:cad>84</ns3:cad>
          </ns3:TrackPointExtension>
        </extensions>
      </trkpt>
      <trkpt lat="31.022033505141735076904296875" lon="121.4286277256906032562255859375">
        <ele>5.400000095367431640625</ele>
        <time>2026-05-17T13:52:42.000Z</time>
        <extensions>
          <ns3:TrackPointExtension>
            <ns3:hr>152</ns3:hr>
            <ns3:cad>84</ns3:cad>
          </ns3:TrackPointExtension>
        </extensions>
      </trkpt>
      <trkpt lat="31.02201095782220363616943359375" lon="121.42864105291664600372314453125">
        <ele>5.400000095367431640625</ele>
        <time>2026-05-17T13:52:43.000Z</time>
        <extensions>
          <ns3:TrackPointExtension>
            <ns3:hr>152</ns3:hr>
            <ns3:cad>84</ns3:cad>
          </ns3:TrackPointExtension>
        </extensions>
      </trkpt>
      <trkpt lat="31.0219877399504184722900390625" lon="121.42865479923784732818603515625">
        <ele>5.400000095367431640625</ele>
        <time>2026-05-17T13:52:44.000Z</time>
        <extensions>
          <ns3:TrackPointExtension>
            <ns3:hr>151</ns3:hr>
            <ns3:cad>84</ns3:cad>
          </ns3:TrackPointExtension>
        </extensions>
      </trkpt>
      <trkpt lat="31.021965444087982177734375" lon="121.42866569571197032928466796875">
        <ele>5.400000095367431640625</ele>
        <time>2026-05-17T13:52:45.000Z</time>
        <extensions>
          <ns3:TrackPointExtension>
            <ns3:hr>151</ns3:hr>
            <ns3:cad>84</ns3:cad>
          </ns3:TrackPointExtension>
        </extensions>
      </trkpt>
      <trkpt lat="31.02194239385426044464111328125" lon="121.42868153750896453857421875">
        <ele>5.400000095367431640625</ele>
        <time>2026-05-17T13:52:46.000Z</time>
        <extensions>
          <ns3:TrackPointExtension>
            <ns3:hr>151</ns3:hr>
            <ns3:cad>84</ns3:cad>
          </ns3:TrackPointExtension>
        </extensions>
      </trkpt>
      <trkpt lat="31.02191473357379436492919921875" lon="121.42869452945888042449951171875">
        <ele>5.599999904632568359375</ele>
        <time>2026-05-17T13:52:47.000Z</time>
        <extensions>
          <ns3:TrackPointExtension>
            <ns3:hr>150</ns3:hr>
            <ns3:cad>83</ns3:cad>
          </ns3:TrackPointExtension>
        </extensions>
      </trkpt>
      <trkpt lat="31.0218710638582706451416015625" lon="121.42872981727123260498046875">
        <ele>5.599999904632568359375</ele>
        <time>2026-05-17T13:52:48.000Z</time>
        <extensions>
          <ns3:TrackPointExtension>
            <ns3:hr>150</ns3:hr>
            <ns3:cad>83</ns3:cad>
          </ns3:TrackPointExtension>
        </extensions>
      </trkpt>
      <trkpt lat="31.0218710638582706451416015625" lon="121.42872981727123260498046875">
        <ele>5.80000019073486328125</ele>
        <time>2026-05-17T13:52:49.000Z</time>
        <extensions>
          <ns3:TrackPointExtension>
            <ns3:hr>150</ns3:hr>
            <ns3:cad>84</ns3:cad>
          </ns3:TrackPointExtension>
        </extensions>
      </trkpt>
      <trkpt lat="31.02185212075710296630859375" lon="121.42875018529593944549560546875">
        <ele>5.80000019073486328125</ele>
        <time>2026-05-17T13:52:50.000Z</time>
        <extensions>
          <ns3:TrackPointExtension>
            <ns3:hr>149</ns3:hr>
            <ns3:cad>84</ns3:cad>
          </ns3:TrackPointExtension>
        </extensions>
      </trkpt>
      <trkpt lat="31.02183443494141101837158203125" lon="121.42877264879643917083740234375">
        <ele>5.599999904632568359375</ele>
        <time>2026-05-17T13:52:51.000Z</time>
        <extensions>
          <ns3:TrackPointExtension>
            <ns3:hr>150</ns3:hr>
            <ns3:cad>84</ns3:cad>
          </ns3:TrackPointExtension>
        </extensions>
      </trkpt>
      <trkpt lat="31.02181767113506793975830078125" lon="121.42879511229693889617919921875">
        <ele>5.599999904632568359375</ele>
        <time>2026-05-17T13:52:52.000Z</time>
        <extensions>
          <ns3:TrackPointExtension>
            <ns3:hr>150</ns3:hr>
            <ns3:cad>84</ns3:cad>
          </ns3:TrackPointExtension>
        </extensions>
      </trkpt>
      <trkpt lat="31.0217825509607791900634765625" lon="121.42884892411530017852783203125">
        <ele>5.400000095367431640625</ele>
        <time>2026-05-17T13:52:53.000Z</time>
        <extensions>
          <ns3:TrackPointExtension>
            <ns3:hr>149</ns3:hr>
            <ns3:cad>84</ns3:cad>
          </ns3:TrackPointExtension>
        </extensions>
      </trkpt>
      <trkpt lat="31.0217683017253875732421875" lon="121.42887733876705169677734375">
        <ele>5.400000095367431640625</ele>
        <time>2026-05-17T13:52:54.000Z</time>
        <extensions>
          <ns3:TrackPointExtension>
            <ns3:hr>150</ns3:hr>
            <ns3:cad>84</ns3:cad>
          </ns3:TrackPointExtension>
        </extensions>
      </trkpt>
      <trkpt lat="31.0217683017253875732421875" lon="121.42887733876705169677734375">
        <ele>5.400000095367431640625</ele>
        <time>2026-05-17T13:52:55.000Z</time>
        <extensions>
          <ns3:TrackPointExtension>
            <ns3:hr>150</ns3:hr>
            <ns3:cad>84</ns3:cad>
          </ns3:TrackPointExtension>
        </extensions>
      </trkpt>
      <trkpt lat="31.0217567346990108489990234375" lon="121.42890390940010547637939453125">
        <ele>5.400000095367431640625</ele>
        <time>2026-05-17T13:52:56.000Z</time>
        <extensions>
          <ns3:TrackPointExtension>
            <ns3:hr>150</ns3:hr>
            <ns3:cad>85</ns3:cad>
          </ns3:TrackPointExtension>
        </extensions>
      </trkpt>
      <trkpt lat="31.0217403061687946319580078125" lon="121.42893224023282527923583984375">
        <ele>5.599999904632568359375</ele>
        <time>2026-05-17T13:52:57.000Z</time>
        <extensions>
          <ns3:TrackPointExtension>
            <ns3:hr>150</ns3:hr>
            <ns3:cad>84</ns3:cad>
          </ns3:TrackPointExtension>
        </extensions>
      </trkpt>
      <trkpt lat="31.0217334330081939697265625" lon="121.42896224744617938995361328125">
        <ele>5.599999904632568359375</ele>
        <time>2026-05-17T13:52:58.000Z</time>
        <extensions>
          <ns3:TrackPointExtension>
            <ns3:hr>149</ns3:hr>
            <ns3:cad>84</ns3:cad>
          </ns3:TrackPointExtension>
        </extensions>
      </trkpt>
      <trkpt lat="31.02172337472438812255859375" lon="121.42901471816003322601318359375">
        <ele>5.599999904632568359375</ele>
        <time>2026-05-17T13:52:59.000Z</time>
        <extensions>
          <ns3:TrackPointExtension>
            <ns3:hr>150</ns3:hr>
            <ns3:cad>84</ns3:cad>
          </ns3:TrackPointExtension>
        </extensions>
      </trkpt>
      <trkpt lat="31.02172337472438812255859375" lon="121.42901471816003322601318359375">
        <ele>5.599999904632568359375</ele>
        <time>2026-05-17T13:53:00.000Z</time>
        <extensions>
          <ns3:TrackPointExtension>
            <ns3:hr>150</ns3:hr>
            <ns3:cad>84</ns3:cad>
          </ns3:TrackPointExtension>
        </extensions>
      </trkpt>
      <trkpt lat="31.02172211743891239166259765625" lon="121.42904422245919704437255859375">
        <ele>5.400000095367431640625</ele>
        <time>2026-05-17T13:53:01.000Z</time>
        <extensions>
          <ns3:TrackPointExtension>
            <ns3:hr>149</ns3:hr>
            <ns3:cad>83</ns3:cad>
          </ns3:TrackPointExtension>
        </extensions>
      </trkpt>
      <trkpt lat="31.021720357239246368408203125" lon="121.429074145853519439697265625">
        <ele>5.400000095367431640625</ele>
        <time>2026-05-17T13:53:02.000Z</time>
        <extensions>
          <ns3:TrackPointExtension>
            <ns3:hr>149</ns3:hr>
            <ns3:cad>83</ns3:cad>
          </ns3:TrackPointExtension>
        </extensions>
      </trkpt>
      <trkpt lat="31.02172781713306903839111328125" lon="121.42913877032697200775146484375">
        <ele>5.400000095367431640625</ele>
        <time>2026-05-17T13:53:03.000Z</time>
        <extensions>
          <ns3:TrackPointExtension>
            <ns3:hr>149</ns3:hr>
            <ns3:cad>83</ns3:cad>
          </ns3:TrackPointExtension>
        </extensions>
      </trkpt>
      <trkpt lat="31.021733768284320831298828125" lon="121.429171375930309295654296875">
        <ele>5.599999904632568359375</ele>
        <time>2026-05-17T13:53:04.000Z</time>
        <extensions>
          <ns3:TrackPointExtension>
            <ns3:hr>149</ns3:hr>
            <ns3:cad>84</ns3:cad>
          </ns3:TrackPointExtension>
        </extensions>
      </trkpt>
      <trkpt lat="31.02174374274909496307373046875" lon="121.429202221333980560302734375">
        <ele>5.599999904632568359375</ele>
        <time>2026-05-17T13:53:05.000Z</time>
        <extensions>
          <ns3:TrackPointExtension>
            <ns3:hr>149</ns3:hr>
            <ns3:cad>84</ns3:cad>
          </ns3:TrackPointExtension>
        </extensions>
      </trkpt>
      <trkpt lat="31.02174374274909496307373046875" lon="121.429202221333980560302734375">
        <ele>5.599999904632568359375</ele>
        <time>2026-05-17T13:53:06.000Z</time>
        <extensions>
          <ns3:TrackPointExtension>
            <ns3:hr>149</ns3:hr>
            <ns3:cad>84</ns3:cad>
          </ns3:TrackPointExtension>
        </extensions>
      </trkpt>
      <trkpt lat="31.0217496939003467559814453125" lon="121.42923382110893726348876953125">
        <ele>5.599999904632568359375</ele>
        <time>2026-05-17T13:53:07.000Z</time>
        <extensions>
          <ns3:TrackPointExtension>
            <ns3:hr>148</ns3:hr>
            <ns3:cad>84</ns3:cad>
          </ns3:TrackPointExtension>
        </extensions>
      </trkpt>
      <trkpt lat="31.02176050655543804168701171875" lon="121.42925955355167388916015625">
        <ele>5.599999904632568359375</ele>
        <time>2026-05-17T13:53:08.000Z</time>
        <extensions>
          <ns3:TrackPointExtension>
            <ns3:hr>148</ns3:hr>
            <ns3:cad>84</ns3:cad>
          </ns3:TrackPointExtension>
        </extensions>
      </trkpt>
      <trkpt lat="31.02177240885794162750244140625" lon="121.42928696237504482269287109375">
        <ele>5.599999904632568359375</ele>
        <time>2026-05-17T13:53:09.000Z</time>
        <extensions>
          <ns3:TrackPointExtension>
            <ns3:hr>149</ns3:hr>
            <ns3:cad>84</ns3:cad>
          </ns3:TrackPointExtension>
        </extensions>
      </trkpt>
      <trkpt lat="31.02178548462688922882080078125" lon="121.4293123595416545867919921875">
        <ele>5.599999904632568359375</ele>
        <time>2026-05-17T13:53:10.000Z</time>
        <extensions>
          <ns3:TrackPointExtension>
            <ns3:hr>149</ns3:hr>
            <ns3:cad>84</ns3:cad>
          </ns3:TrackPointExtension>
        </extensions>
      </trkpt>
      <trkpt lat="31.02181934751570224761962890625" lon="121.42935485579073429107666015625">
        <ele>5.599999904632568359375</ele>
        <time>2026-05-17T13:53:11.000Z</time>
        <extensions>
          <ns3:TrackPointExtension>
            <ns3:hr>149</ns3:hr>
            <ns3:cad>84</ns3:cad>
          </ns3:TrackPointExtension>
        </extensions>
      </trkpt>
      <trkpt lat="31.02181934751570224761962890625" lon="121.42935485579073429107666015625">
        <ele>5.599999904632568359375</ele>
        <time>2026-05-17T13:53:12.000Z</time>
        <extensions>
          <ns3:TrackPointExtension>
            <ns3:hr>149</ns3:hr>
            <ns3:cad>84</ns3:cad>
          </ns3:TrackPointExtension>
        </extensions>
      </trkpt>
      <trkpt lat="31.02185589261353015899658203125" lon="121.42939777113497257232666015625">
        <ele>5.599999904632568359375</ele>
        <time>2026-05-17T13:53:13.000Z</time>
        <extensions>
          <ns3:TrackPointExtension>
            <ns3:hr>149</ns3:hr>
            <ns3:cad>84</ns3:cad>
          </ns3:TrackPointExtension>
        </extensions>
      </trkpt>
      <trkpt lat="31.02185589261353015899658203125" lon="121.42939777113497257232666015625">
        <ele>5.599999904632568359375</ele>
        <time>2026-05-17T13:53:14.000Z</time>
        <extensions>
          <ns3:TrackPointExtension>
            <ns3:hr>149</ns3:hr>
            <ns3:cad>84</ns3:cad>
          </ns3:TrackPointExtension>
        </extensions>
      </trkpt>
      <trkpt lat="31.0218747518956661224365234375" lon="121.4294157922267913818359375">
        <ele>5.599999904632568359375</ele>
        <time>2026-05-17T13:53:15.000Z</time>
        <extensions>
          <ns3:TrackPointExtension>
            <ns3:hr>150</ns3:hr>
            <ns3:cad>84</ns3:cad>
          </ns3:TrackPointExtension>
        </extensions>
      </trkpt>
      <trkpt lat="31.02189503610134124755859375" lon="121.42943750135600566864013671875">
        <ele>5.80000019073486328125</ele>
        <time>2026-05-17T13:53:16.000Z</time>
        <extensions>
          <ns3:TrackPointExtension>
            <ns3:hr>150</ns3:hr>
            <ns3:cad>84</ns3:cad>
          </ns3:TrackPointExtension>
        </extensions>
      </trkpt>
      <trkpt lat="31.02193417958915233612060546875" lon="121.4294682629406452178955078125">
        <ele>5.599999904632568359375</ele>
        <time>2026-05-17T13:53:17.000Z</time>
        <extensions>
          <ns3:TrackPointExtension>
            <ns3:hr>150</ns3:hr>
            <ns3:cad>84</ns3:cad>
          </ns3:TrackPointExtension>
        </extensions>
      </trkpt>
      <trkpt lat="31.02193417958915233612060546875" lon="121.4294682629406452178955078125">
        <ele>5.599999904632568359375</ele>
        <time>2026-05-17T13:53:18.000Z</time>
        <extensions>
          <ns3:TrackPointExtension>
            <ns3:hr>150</ns3:hr>
            <ns3:cad>84</ns3:cad>
          </ns3:TrackPointExtension>
        </extensions>
      </trkpt>
      <trkpt lat="31.0219565592706203460693359375" lon="121.42948276363313198089599609375">
        <ele>5.599999904632568359375</ele>
        <time>2026-05-17T13:53:19.000Z</time>
        <extensions>
          <ns3:TrackPointExtension>
            <ns3:hr>150</ns3:hr>
            <ns3:cad>84</ns3:cad>
          </ns3:TrackPointExtension>
        </extensions>
      </trkpt>
      <trkpt lat="31.02201347239315509796142578125" lon="121.42949366010725498199462890625">
        <ele>5.599999904632568359375</ele>
        <time>2026-05-17T13:53:20.000Z</time>
        <extensions>
          <ns3:TrackPointExtension>
            <ns3:hr>150</ns3:hr>
            <ns3:cad>84</ns3:cad>
          </ns3:TrackPointExtension>
        </extensions>
      </trkpt>
      <trkpt lat="31.02201347239315509796142578125" lon="121.42949366010725498199462890625">
        <ele>5.599999904632568359375</ele>
        <time>2026-05-17T13:53:21.000Z</time>
        <extensions>
          <ns3:TrackPointExtension>
            <ns3:hr>150</ns3:hr>
            <ns3:cad>84</ns3:cad>
          </ns3:TrackPointExtension>
        </extensions>
      </trkpt>
      <trkpt lat="31.022041551768779754638671875" lon="121.42950095236301422119140625">
        <ele>5.599999904632568359375</ele>
        <time>2026-05-17T13:53:22.000Z</time>
        <extensions>
          <ns3:TrackPointExtension>
            <ns3:hr>150</ns3:hr>
            <ns3:cad>84</ns3:cad>
          </ns3:TrackPointExtension>
        </extensions>
      </trkpt>
      <trkpt lat="31.02209645323455333709716796875" lon="121.429510675370693206787109375">
        <ele>5.599999904632568359375</ele>
        <time>2026-05-17T13:53:23.000Z</time>
        <extensions>
          <ns3:TrackPointExtension>
            <ns3:hr>150</ns3:hr>
            <ns3:cad>84</ns3:cad>
          </ns3:TrackPointExtension>
        </extensions>
      </trkpt>
      <trkpt lat="31.02212159894406795501708984375" lon="121.42951109446585178375244140625">
        <ele>5.599999904632568359375</ele>
        <time>2026-05-17T13:53:24.000Z</time>
        <extensions>
          <ns3:TrackPointExtension>
            <ns3:hr>149</ns3:hr>
            <ns3:cad>84</ns3:cad>
          </ns3:TrackPointExtension>
        </extensions>
      </trkpt>
      <trkpt lat="31.02212159894406795501708984375" lon="121.42951109446585178375244140625">
        <ele>5.80000019073486328125</ele>
        <time>2026-05-17T13:53:25.000Z</time>
        <extensions>
          <ns3:TrackPointExtension>
            <ns3:hr>150</ns3:hr>
            <ns3:cad>84</ns3:cad>
          </ns3:TrackPointExtension>
        </extensions>
      </trkpt>
      <trkpt lat="31.02217658422887325286865234375" lon="121.42950204201042652130126953125">
        <ele>5.599999904632568359375</ele>
        <time>2026-05-17T13:53:26.000Z</time>
        <extensions>
          <ns3:TrackPointExtension>
            <ns3:hr>150</ns3:hr>
            <ns3:cad>84</ns3:cad>
          </ns3:TrackPointExtension>
        </extensions>
      </trkpt>
      <trkpt lat="31.02217658422887325286865234375" lon="121.42950204201042652130126953125">
        <ele>5.599999904632568359375</ele>
        <time>2026-05-17T13:53:27.000Z</time>
        <extensions>
          <ns3:TrackPointExtension>
            <ns3:hr>150</ns3:hr>
            <ns3:cad>84</ns3:cad>
          </ns3:TrackPointExtension>
        </extensions>
      </trkpt>
      <trkpt lat="31.0222003050148487091064453125" lon="121.42949022352695465087890625">
        <ele>5.599999904632568359375</ele>
        <time>2026-05-17T13:53:28.000Z</time>
        <extensions>
          <ns3:TrackPointExtension>
            <ns3:hr>150</ns3:hr>
            <ns3:cad>84</ns3:cad>
          </ns3:TrackPointExtension>
        </extensions>
      </trkpt>
      <trkpt lat="31.02225084789097309112548828125" lon="121.42947572283446788787841796875">
        <ele>5.599999904632568359375</ele>
        <time>2026-05-17T13:53:29.000Z</time>
        <extensions>
          <ns3:TrackPointExtension>
            <ns3:hr>150</ns3:hr>
            <ns3:cad>84</ns3:cad>
          </ns3:TrackPointExtension>
        </extensions>
      </trkpt>
      <trkpt lat="31.02225084789097309112548828125" lon="121.42947572283446788787841796875">
        <ele>5.599999904632568359375</ele>
        <time>2026-05-17T13:53:30.000Z</time>
        <extensions>
          <ns3:TrackPointExtension>
            <ns3:hr>150</ns3:hr>
            <ns3:cad>84</ns3:cad>
          </ns3:TrackPointExtension>
        </extensions>
      </trkpt>
      <trkpt lat="31.02228269912302494049072265625" lon="121.429468095302581787109375">
        <ele>5.599999904632568359375</ele>
        <time>2026-05-17T13:53:31.000Z</time>
        <extensions>
          <ns3:TrackPointExtension>
            <ns3:hr>150</ns3:hr>
            <ns3:cad>84</ns3:cad>
          </ns3:TrackPointExtension>
        </extensions>
      </trkpt>
      <trkpt lat="31.02230851538479328155517578125" lon="121.42946264706552028656005859375">
        <ele>5.599999904632568359375</ele>
        <time>2026-05-17T13:53:32.000Z</time>
        <extensions>
          <ns3:TrackPointExtension>
            <ns3:hr>150</ns3:hr>
            <ns3:cad>84</ns3:cad>
          </ns3:TrackPointExtension>
        </extensions>
      </trkpt>
      <trkpt lat="31.02233198471367359161376953125" lon="121.42945669591426849365234375">
        <ele>5.599999904632568359375</ele>
        <time>2026-05-17T13:53:33.000Z</time>
        <extensions>
          <ns3:TrackPointExtension>
            <ns3:hr>150</ns3:hr>
            <ns3:cad>84</ns3:cad>
          </ns3:TrackPointExtension>
        </extensions>
      </trkpt>
      <trkpt lat="31.02238445542752742767333984375" lon="121.42944370396435260772705078125">
        <ele>5.599999904632568359375</ele>
        <time>2026-05-17T13:53:34.000Z</time>
        <extensions>
          <ns3:TrackPointExtension>
            <ns3:hr>150</ns3:hr>
            <ns3:cad>84</ns3:cad>
          </ns3:TrackPointExtension>
        </extensions>
      </trkpt>
      <trkpt lat="31.02238445542752742767333984375" lon="121.42944370396435260772705078125">
        <ele>5.599999904632568359375</ele>
        <time>2026-05-17T13:53:35.000Z</time>
        <extensions>
          <ns3:TrackPointExtension>
            <ns3:hr>150</ns3:hr>
            <ns3:cad>84</ns3:cad>
          </ns3:TrackPointExtension>
        </extensions>
      </trkpt>
      <trkpt lat="31.022413708269596099853515625" lon="121.42943766899406909942626953125">
        <ele>5.400000095367431640625</ele>
        <time>2026-05-17T13:53:36.000Z</time>
        <extensions>
          <ns3:TrackPointExtension>
            <ns3:hr>150</ns3:hr>
            <ns3:cad>84</ns3:cad>
          </ns3:TrackPointExtension>
        </extensions>
      </trkpt>
      <trkpt lat="31.02246492169797420501708984375" lon="121.42942157573997974395751953125">
        <ele>5.400000095367431640625</ele>
        <time>2026-05-17T13:53:37.000Z</time>
        <extensions>
          <ns3:TrackPointExtension>
            <ns3:hr>150</ns3:hr>
            <ns3:cad>83</ns3:cad>
          </ns3:TrackPointExtension>
        </extensions>
      </trkpt>
      <trkpt lat="31.022496186196804046630859375" lon="121.42941914498805999755859375">
        <ele>5.400000095367431640625</ele>
        <time>2026-05-17T13:53:38.000Z</time>
        <extensions>
          <ns3:TrackPointExtension>
            <ns3:hr>150</ns3:hr>
            <ns3:cad>84</ns3:cad>
          </ns3:TrackPointExtension>
        </extensions>
      </trkpt>
      <trkpt lat="31.022496186196804046630859375" lon="121.42941914498805999755859375">
        <ele>5.400000095367431640625</ele>
        <time>2026-05-17T13:53:39.000Z</time>
        <extensions>
          <ns3:TrackPointExtension>
            <ns3:hr>150</ns3:hr>
            <ns3:cad>84</ns3:cad>
          </ns3:TrackPointExtension>
        </extensions>
      </trkpt>
      <trkpt lat="31.022548489272594451904296875" lon="121.42940430901944637298583984375">
        <ele>5.400000095367431640625</ele>
        <time>2026-05-17T13:53:40.000Z</time>
        <extensions>
          <ns3:TrackPointExtension>
            <ns3:hr>150</ns3:hr>
            <ns3:cad>84</ns3:cad>
          </ns3:TrackPointExtension>
        </extensions>
      </trkpt>
      <trkpt lat="31.0225702822208404541015625" lon="121.42939441837370395660400390625">
        <ele>5.400000095367431640625</ele>
        <time>2026-05-17T13:53:41.000Z</time>
        <extensions>
          <ns3:TrackPointExtension>
            <ns3:hr>149</ns3:hr>
            <ns3:cad>85</ns3:cad>
          </ns3:TrackPointExtension>
        </extensions>
      </trkpt>
      <trkpt lat="31.0225702822208404541015625" lon="121.42939441837370395660400390625">
        <ele>5.599999904632568359375</ele>
        <time>2026-05-17T13:53:42.000Z</time>
        <extensions>
          <ns3:TrackPointExtension>
            <ns3:hr>150</ns3:hr>
            <ns3:cad>85</ns3:cad>
          </ns3:TrackPointExtension>
        </extensions>
      </trkpt>
      <trkpt lat="31.02259886451065540313720703125" lon="121.4293824322521686553955078125">
        <ele>5.599999904632568359375</ele>
        <time>2026-05-17T13:53:43.000Z</time>
        <extensions>
          <ns3:TrackPointExtension>
            <ns3:hr>150</ns3:hr>
            <ns3:cad>85</ns3:cad>
          </ns3:TrackPointExtension>
        </extensions>
      </trkpt>
      <trkpt lat="31.02262753061950206756591796875" lon="121.42937916330993175506591796875">
        <ele>5.599999904632568359375</ele>
        <time>2026-05-17T13:53:44.000Z</time>
        <extensions>
          <ns3:TrackPointExtension>
            <ns3:hr>150</ns3:hr>
            <ns3:cad>86</ns3:cad>
          </ns3:TrackPointExtension>
        </extensions>
      </trkpt>
      <trkpt lat="31.02264965884387493133544921875" lon="121.42936876974999904632568359375">
        <ele>5.599999904632568359375</ele>
        <time>2026-05-17T13:53:45.000Z</time>
        <extensions>
          <ns3:TrackPointExtension>
            <ns3:hr>150</ns3:hr>
            <ns3:cad>86</ns3:cad>
          </ns3:TrackPointExtension>
        </extensions>
      </trkpt>
      <trkpt lat="31.0226810909807682037353515625" lon="121.4293649978935718536376953125">
        <ele>5.599999904632568359375</ele>
        <time>2026-05-17T13:53:46.000Z</time>
        <extensions>
          <ns3:TrackPointExtension>
            <ns3:hr>150</ns3:hr>
            <ns3:cad>86</ns3:cad>
          </ns3:TrackPointExtension>
        </extensions>
      </trkpt>
      <trkpt lat="31.0227025486528873443603515625" lon="121.42935703508555889129638671875">
        <ele>5.599999904632568359375</ele>
        <time>2026-05-17T13:53:47.000Z</time>
        <extensions>
          <ns3:TrackPointExtension>
            <ns3:hr>150</ns3:hr>
            <ns3:cad>86</ns3:cad>
          </ns3:TrackPointExtension>
        </extensions>
      </trkpt>
      <trkpt lat="31.02275879122316837310791015625" lon="121.429347060620784759521484375">
        <ele>5.80000019073486328125</ele>
        <time>2026-05-17T13:53:48.000Z</time>
        <extensions>
          <ns3:TrackPointExtension>
            <ns3:hr>151</ns3:hr>
            <ns3:cad>86</ns3:cad>
          </ns3:TrackPointExtension>
        </extensions>
      </trkpt>
      <trkpt lat="31.02275879122316837310791015625" lon="121.429347060620784759521484375">
        <ele>5.80000019073486328125</ele>
        <time>2026-05-17T13:53:49.000Z</time>
        <extensions>
          <ns3:TrackPointExtension>
            <ns3:hr>151</ns3:hr>
            <ns3:cad>86</ns3:cad>
          </ns3:TrackPointExtension>
        </extensions>
      </trkpt>
      <trkpt lat="31.0228145308792591094970703125" lon="121.42933071590960025787353515625">
        <ele>5.599999904632568359375</ele>
        <time>2026-05-17T13:53:50.000Z</time>
        <extensions>
          <ns3:TrackPointExtension>
            <ns3:hr>151</ns3:hr>
            <ns3:cad>86</ns3:cad>
          </ns3:TrackPointExtension>
        </extensions>
      </trkpt>
      <trkpt lat="31.0228145308792591094970703125" lon="121.42933071590960025787353515625">
        <ele>5.400000095367431640625</ele>
        <time>2026-05-17T13:53:51.000Z</time>
        <extensions>
          <ns3:TrackPointExtension>
            <ns3:hr>151</ns3:hr>
            <ns3:cad>86</ns3:cad>
          </ns3:TrackPointExtension>
        </extensions>
      </trkpt>
      <trkpt lat="31.02284411899745464324951171875" lon="121.4293192327022552490234375">
        <ele>5.400000095367431640625</ele>
        <time>2026-05-17T13:53:52.000Z</time>
        <extensions>
          <ns3:TrackPointExtension>
            <ns3:hr>151</ns3:hr>
            <ns3:cad>86</ns3:cad>
          </ns3:TrackPointExtension>
        </extensions>
      </trkpt>
      <trkpt lat="31.02286943234503269195556640625" lon="121.4293137006461620330810546875">
        <ele>5.19999980926513671875</ele>
        <time>2026-05-17T13:53:53.000Z</time>
        <extensions>
          <ns3:TrackPointExtension>
            <ns3:hr>151</ns3:hr>
            <ns3:cad>86</ns3:cad>
          </ns3:TrackPointExtension>
        </extensions>
      </trkpt>
      <trkpt lat="31.0229211486876010894775390625" lon="121.42930112779140472412109375">
        <ele>5.19999980926513671875</ele>
        <time>2026-05-17T13:53:54.000Z</time>
        <extensions>
          <ns3:TrackPointExtension>
            <ns3:hr>151</ns3:hr>
            <ns3:cad>87</ns3:cad>
          </ns3:TrackPointExtension>
        </extensions>
      </trkpt>
      <trkpt lat="31.0229211486876010894775390625" lon="121.42930112779140472412109375">
        <ele>5.19999980926513671875</ele>
        <time>2026-05-17T13:53:55.000Z</time>
        <extensions>
          <ns3:TrackPointExtension>
            <ns3:hr>151</ns3:hr>
            <ns3:cad>88</ns3:cad>
          </ns3:TrackPointExtension>
        </extensions>
      </trkpt>
      <trkpt lat="31.022942773997783660888671875" lon="121.42928796820342540740966796875">
        <ele>5.19999980926513671875</ele>
        <time>2026-05-17T13:53:56.000Z</time>
        <extensions>
          <ns3:TrackPointExtension>
            <ns3:hr>152</ns3:hr>
            <ns3:cad>88</ns3:cad>
          </ns3:TrackPointExtension>
        </extensions>
      </trkpt>
      <trkpt lat="31.0229727812111377716064453125" lon="121.4292801730334758758544921875">
        <ele>5.19999980926513671875</ele>
        <time>2026-05-17T13:53:57.000Z</time>
        <extensions>
          <ns3:TrackPointExtension>
            <ns3:hr>151</ns3:hr>
            <ns3:cad>88</ns3:cad>
          </ns3:TrackPointExtension>
        </extensions>
      </trkpt>
      <trkpt lat="31.02299273014068603515625" lon="121.4292664267122745513916015625">
        <ele>5.19999980926513671875</ele>
        <time>2026-05-17T13:53:58.000Z</time>
        <extensions>
          <ns3:TrackPointExtension>
            <ns3:hr>151</ns3:hr>
            <ns3:cad>87</ns3:cad>
          </ns3:TrackPointExtension>
        </extensions>
      </trkpt>
      <trkpt lat="31.023023240268230438232421875" lon="121.4292510040104389190673828125">
        <ele>5.19999980926513671875</ele>
        <time>2026-05-17T13:53:59.000Z</time>
        <extensions>
          <ns3:TrackPointExtension>
            <ns3:hr>152</ns3:hr>
            <ns3:cad>87</ns3:cad>
          </ns3:TrackPointExtension>
        </extensions>
      </trkpt>
      <trkpt lat="31.0230418480932712554931640625" lon="121.4292332343757152557373046875">
        <ele>5.19999980926513671875</ele>
        <time>2026-05-17T13:54:00.000Z</time>
        <extensions>
          <ns3:TrackPointExtension>
            <ns3:hr>152</ns3:hr>
            <ns3:cad>87</ns3:cad>
          </ns3:TrackPointExtension>
        </extensions>
      </trkpt>
      <trkpt lat="31.02306288667023181915283203125" lon="121.4292077533900737762451171875">
        <ele>5.19999980926513671875</ele>
        <time>2026-05-17T13:54:01.000Z</time>
        <extensions>
          <ns3:TrackPointExtension>
            <ns3:hr>152</ns3:hr>
            <ns3:cad>87</ns3:cad>
          </ns3:TrackPointExtension>
        </extensions>
      </trkpt>
      <trkpt lat="31.0230852663516998291015625" lon="121.42918805591762065887451171875">
        <ele>5.19999980926513671875</ele>
        <time>2026-05-17T13:54:02.000Z</time>
        <extensions>
          <ns3:TrackPointExtension>
            <ns3:hr>151</ns3:hr>
            <ns3:cad>87</ns3:cad>
          </ns3:TrackPointExtension>
        </extensions>
      </trkpt>
      <trkpt lat="31.02309892885386943817138671875" lon="121.4291655085980892181396484375">
        <ele>5.19999980926513671875</ele>
        <time>2026-05-17T13:54:03.000Z</time>
        <extensions>
          <ns3:TrackPointExtension>
            <ns3:hr>152</ns3:hr>
            <ns3:cad>86</ns3:cad>
          </ns3:TrackPointExtension>
        </extensions>
      </trkpt>
      <trkpt lat="31.0231203027069568634033203125" lon="121.42914078198373317718505859375">
        <ele>5.19999980926513671875</ele>
        <time>2026-05-17T13:54:04.000Z</time>
        <extensions>
          <ns3:TrackPointExtension>
            <ns3:hr>152</ns3:hr>
            <ns3:cad>85</ns3:cad>
          </ns3:TrackPointExtension>
        </extensions>
      </trkpt>
      <trkpt lat="31.02313555777072906494140625" lon="121.42911815084517002105712890625">
        <ele>5</ele>
        <time>2026-05-17T13:54:05.000Z</time>
        <extensions>
          <ns3:TrackPointExtension>
            <ns3:hr>151</ns3:hr>
            <ns3:cad>85</ns3:cad>
          </ns3:TrackPointExtension>
        </extensions>
      </trkpt>
      <trkpt lat="31.02315408177673816680908203125" lon="121.4290858805179595947265625">
        <ele>5</ele>
        <time>2026-05-17T13:54:06.000Z</time>
        <extensions>
          <ns3:TrackPointExtension>
            <ns3:hr>151</ns3:hr>
            <ns3:cad>85</ns3:cad>
          </ns3:TrackPointExtension>
        </extensions>
      </trkpt>
      <trkpt lat="31.023166738450527191162109375" lon="121.4290565438568592071533203125">
        <ele>5</ele>
        <time>2026-05-17T13:54:07.000Z</time>
        <extensions>
          <ns3:TrackPointExtension>
            <ns3:hr>151</ns3:hr>
            <ns3:cad>84</ns3:cad>
          </ns3:TrackPointExtension>
        </extensions>
      </trkpt>
      <trkpt lat="31.02317369543015956878662109375" lon="121.42902310006320476531982421875">
        <ele>5</ele>
        <time>2026-05-17T13:54:08.000Z</time>
        <extensions>
          <ns3:TrackPointExtension>
            <ns3:hr>152</ns3:hr>
            <ns3:cad>84</ns3:cad>
          </ns3:TrackPointExtension>
        </extensions>
      </trkpt>
      <trkpt lat="31.02318509481847286224365234375" lon="121.42899275757372379302978515625">
        <ele>5</ele>
        <time>2026-05-17T13:54:09.000Z</time>
        <extensions>
          <ns3:TrackPointExtension>
            <ns3:hr>151</ns3:hr>
            <ns3:cad>84</ns3:cad>
          </ns3:TrackPointExtension>
        </extensions>
      </trkpt>
      <trkpt lat="31.0231910459697246551513671875" lon="121.428964845836162567138671875">
        <ele>5</ele>
        <time>2026-05-17T13:54:10.000Z</time>
        <extensions>
          <ns3:TrackPointExtension>
            <ns3:hr>151</ns3:hr>
            <ns3:cad>86</ns3:cad>
          </ns3:TrackPointExtension>
        </extensions>
      </trkpt>
      <trkpt lat="31.0232000984251499176025390625" lon="121.4289311505854129791259765625">
        <ele>5</ele>
        <time>2026-05-17T13:54:11.000Z</time>
        <extensions>
          <ns3:TrackPointExtension>
            <ns3:hr>152</ns3:hr>
            <ns3:cad>86</ns3:cad>
          </ns3:TrackPointExtension>
        </extensions>
      </trkpt>
      <trkpt lat="31.02320194244384765625" lon="121.42890273593366146087646484375">
        <ele>5</ele>
        <time>2026-05-17T13:54:12.000Z</time>
        <extensions>
          <ns3:TrackPointExtension>
            <ns3:hr>151</ns3:hr>
            <ns3:cad>86</ns3:cad>
          </ns3:TrackPointExtension>
        </extensions>
      </trkpt>
      <trkpt lat="31.0232014395296573638916015625" lon="121.42886971123516559600830078125">
        <ele>5</ele>
        <time>2026-05-17T13:54:13.000Z</time>
        <extensions>
          <ns3:TrackPointExtension>
            <ns3:hr>151</ns3:hr>
            <ns3:cad>86</ns3:cad>
          </ns3:TrackPointExtension>
        </extensions>
      </trkpt>
      <trkpt lat="31.0231997631490230560302734375" lon="121.42883702181279659271240234375">
        <ele>5</ele>
        <time>2026-05-17T13:54:14.000Z</time>
        <extensions>
          <ns3:TrackPointExtension>
            <ns3:hr>152</ns3:hr>
            <ns3:cad>85</ns3:cad>
          </ns3:TrackPointExtension>
        </extensions>
      </trkpt>
      <trkpt lat="31.02319322526454925537109375" lon="121.42880751751363277435302734375">
        <ele>5</ele>
        <time>2026-05-17T13:54:15.000Z</time>
        <extensions>
          <ns3:TrackPointExtension>
            <ns3:hr>151</ns3:hr>
            <ns3:cad>85</ns3:cad>
          </ns3:TrackPointExtension>
        </extensions>
      </trkpt>
      <trkpt lat="31.0231900401413440704345703125" lon="121.428773067891597747802734375">
        <ele>5</ele>
        <time>2026-05-17T13:54:16.000Z</time>
        <extensions>
          <ns3:TrackPointExtension>
            <ns3:hr>151</ns3:hr>
            <ns3:cad>85</ns3:cad>
          </ns3:TrackPointExtension>
        </extensions>
      </trkpt>
      <trkpt lat="31.02318174205720424652099609375" lon="121.42874666489660739898681640625">
        <ele>5</ele>
        <time>2026-05-17T13:54:17.000Z</time>
        <extensions>
          <ns3:TrackPointExtension>
            <ns3:hr>152</ns3:hr>
            <ns3:cad>85</ns3:cad>
          </ns3:TrackPointExtension>
        </extensions>
      </trkpt>
      <trkpt lat="31.02317084558308124542236328125" lon="121.42871062271296977996826171875">
        <ele>5</ele>
        <time>2026-05-17T13:54:18.000Z</time>
        <extensions>
          <ns3:TrackPointExtension>
            <ns3:hr>151</ns3:hr>
            <ns3:cad>85</ns3:cad>
          </ns3:TrackPointExtension>
        </extensions>
      </trkpt>
      <trkpt lat="31.02316061966121196746826171875" lon="121.42868262715637683868408203125">
        <ele>5</ele>
        <time>2026-05-17T13:54:19.000Z</time>
        <extensions>
          <ns3:TrackPointExtension>
            <ns3:hr>151</ns3:hr>
            <ns3:cad>85</ns3:cad>
          </ns3:TrackPointExtension>
        </extensions>
      </trkpt>
      <trkpt lat="31.02314201183617115020751953125" lon="121.42865580506622791290283203125">
        <ele>5</ele>
        <time>2026-05-17T13:54:20.000Z</time>
        <extensions>
          <ns3:TrackPointExtension>
            <ns3:hr>152</ns3:hr>
            <ns3:cad>85</ns3:cad>
          </ns3:TrackPointExtension>
        </extensions>
      </trkpt>
      <trkpt lat="31.02312348783016204833984375" lon="121.42862177453935146331787109375">
        <ele>5</ele>
        <time>2026-05-17T13:54:21.000Z</time>
        <extensions>
          <ns3:TrackPointExtension>
            <ns3:hr>151</ns3:hr>
            <ns3:cad>85</ns3:cad>
          </ns3:TrackPointExtension>
        </extensions>
      </trkpt>
      <trkpt lat="31.02310395799577236175537109375" lon="121.42859570682048797607421875">
        <ele>5</ele>
        <time>2026-05-17T13:54:22.000Z</time>
        <extensions>
          <ns3:TrackPointExtension>
            <ns3:hr>151</ns3:hr>
            <ns3:cad>85</ns3:cad>
          </ns3:TrackPointExtension>
        </extensions>
      </trkpt>
      <trkpt lat="31.023083589971065521240234375" lon="121.42856779508292675018310546875">
        <ele>5</ele>
        <time>2026-05-17T13:54:23.000Z</time>
        <extensions>
          <ns3:TrackPointExtension>
            <ns3:hr>152</ns3:hr>
            <ns3:cad>85</ns3:cad>
          </ns3:TrackPointExtension>
        </extensions>
      </trkpt>
      <trkpt lat="31.02306741289794445037841796875" lon="121.4285442419350147247314453125">
        <ele>5</ele>
        <time>2026-05-17T13:54:24.000Z</time>
        <extensions>
          <ns3:TrackPointExtension>
            <ns3:hr>151</ns3:hr>
            <ns3:cad>84</ns3:cad>
          </ns3:TrackPointExtension>
        </extensions>
      </trkpt>
      <trkpt lat="31.0230435244739055633544921875" lon="121.42852462828159332275390625">
        <ele>4.80000019073486328125</ele>
        <time>2026-05-17T13:54:25.000Z</time>
        <extensions>
          <ns3:TrackPointExtension>
            <ns3:hr>151</ns3:hr>
            <ns3:cad>84</ns3:cad>
          </ns3:TrackPointExtension>
        </extensions>
      </trkpt>
      <trkpt lat="31.0230190493166446685791015625" lon="121.42850375734269618988037109375">
        <ele>4.80000019073486328125</ele>
        <time>2026-05-17T13:54:26.000Z</time>
        <extensions>
          <ns3:TrackPointExtension>
            <ns3:hr>151</ns3:hr>
            <ns3:cad>84</ns3:cad>
          </ns3:TrackPointExtension>
        </extensions>
      </trkpt>
      <trkpt lat="31.02299549616873264312744140625" lon="121.42849051393568515777587890625">
        <ele>4.599999904632568359375</ele>
        <time>2026-05-17T13:54:27.000Z</time>
        <extensions>
          <ns3:TrackPointExtension>
            <ns3:hr>151</ns3:hr>
            <ns3:cad>85</ns3:cad>
          </ns3:TrackPointExtension>
        </extensions>
      </trkpt>
      <trkpt lat="31.0229670815169811248779296875" lon="121.42847391776740550994873046875">
        <ele>4.599999904632568359375</ele>
        <time>2026-05-17T13:54:28.000Z</time>
        <extensions>
          <ns3:TrackPointExtension>
            <ns3:hr>151</ns3:hr>
            <ns3:cad>85</ns3:cad>
          </ns3:TrackPointExtension>
        </extensions>
      </trkpt>
      <trkpt lat="31.02294377982616424560546875" lon="121.42846369184553623199462890625">
        <ele>4.599999904632568359375</ele>
        <time>2026-05-17T13:54:29.000Z</time>
        <extensions>
          <ns3:TrackPointExtension>
            <ns3:hr>151</ns3:hr>
            <ns3:cad>85</ns3:cad>
          </ns3:TrackPointExtension>
        </extensions>
      </trkpt>
      <trkpt lat="31.02291184477508068084716796875" lon="121.42845313064754009246826171875">
        <ele>4.599999904632568359375</ele>
        <time>2026-05-17T13:54:30.000Z</time>
        <extensions>
          <ns3:TrackPointExtension>
            <ns3:hr>151</ns3:hr>
            <ns3:cad>85</ns3:cad>
          </ns3:TrackPointExtension>
        </extensions>
      </trkpt>
      <trkpt lat="31.02288317866623401641845703125" lon="121.4284439943730831146240234375">
        <ele>4.80000019073486328125</ele>
        <time>2026-05-17T13:54:31.000Z</time>
        <extensions>
          <ns3:TrackPointExtension>
            <ns3:hr>151</ns3:hr>
            <ns3:cad>85</ns3:cad>
          </ns3:TrackPointExtension>
        </extensions>
      </trkpt>
      <trkpt lat="31.02285400964319705963134765625" lon="121.4284433238208293914794921875">
        <ele>5</ele>
        <time>2026-05-17T13:54:32.000Z</time>
        <extensions>
          <ns3:TrackPointExtension>
            <ns3:hr>151</ns3:hr>
            <ns3:cad>85</ns3:cad>
          </ns3:TrackPointExtension>
        </extensions>
      </trkpt>
      <trkpt lat="31.02282450534403324127197265625" lon="121.42843804322183132171630859375">
        <ele>5</ele>
        <time>2026-05-17T13:54:33.000Z</time>
        <extensions>
          <ns3:TrackPointExtension>
            <ns3:hr>151</ns3:hr>
            <ns3:cad>85</ns3:cad>
          </ns3:TrackPointExtension>
        </extensions>
      </trkpt>
      <trkpt lat="31.02279902435839176177978515625" lon="121.4284403063356876373291015625">
        <ele>5</ele>
        <time>2026-05-17T13:54:34.000Z</time>
        <extensions>
          <ns3:TrackPointExtension>
            <ns3:hr>151</ns3:hr>
            <ns3:cad>85</ns3:cad>
          </ns3:TrackPointExtension>
        </extensions>
      </trkpt>
      <trkpt lat="31.022767759859561920166015625" lon="121.4284413121640682220458984375">
        <ele>5</ele>
        <time>2026-05-17T13:54:35.000Z</time>
        <extensions>
          <ns3:TrackPointExtension>
            <ns3:hr>151</ns3:hr>
            <ns3:cad>85</ns3:cad>
          </ns3:TrackPointExtension>
        </extensions>
      </trkpt>
      <trkpt lat="31.02274655364453792572021484375" lon="121.428449861705303192138671875">
        <ele>5</ele>
        <time>2026-05-17T13:54:36.000Z</time>
        <extensions>
          <ns3:TrackPointExtension>
            <ns3:hr>152</ns3:hr>
            <ns3:cad>85</ns3:cad>
          </ns3:TrackPointExtension>
        </extensions>
      </trkpt>
      <trkpt lat="31.0227142833173274993896484375" lon="121.42846151255071163177490234375">
        <ele>5</ele>
        <time>2026-05-17T13:54:37.000Z</time>
        <extensions>
          <ns3:TrackPointExtension>
            <ns3:hr>152</ns3:hr>
            <ns3:cad>85</ns3:cad>
          </ns3:TrackPointExtension>
        </extensions>
      </trkpt>
      <trkpt lat="31.0226891376078128814697265625" lon="121.428471319377422332763671875">
        <ele>5</ele>
        <time>2026-05-17T13:54:38.000Z</time>
        <extensions>
          <ns3:TrackPointExtension>
            <ns3:hr>152</ns3:hr>
            <ns3:cad>85</ns3:cad>
          </ns3:TrackPointExtension>
        </extensions>
      </trkpt>
      <trkpt lat="31.02266474626958370208740234375" lon="121.4284825511276721954345703125">
        <ele>5</ele>
        <time>2026-05-17T13:54:39.000Z</time>
        <extensions>
          <ns3:TrackPointExtension>
            <ns3:hr>152</ns3:hr>
            <ns3:cad>85</ns3:cad>
          </ns3:TrackPointExtension>
        </extensions>
      </trkpt>
      <trkpt lat="31.02263339795172214508056640625" lon="121.4284823834896087646484375">
        <ele>5.19999980926513671875</ele>
        <time>2026-05-17T13:54:40.000Z</time>
        <extensions>
          <ns3:TrackPointExtension>
            <ns3:hr>153</ns3:hr>
            <ns3:cad>85</ns3:cad>
          </ns3:TrackPointExtension>
        </extensions>
      </trkpt>
      <trkpt lat="31.0226113535463809967041015625" lon="121.42848967574536800384521484375">
        <ele>5.19999980926513671875</ele>
        <time>2026-05-17T13:54:41.000Z</time>
        <extensions>
          <ns3:TrackPointExtension>
            <ns3:hr>153</ns3:hr>
            <ns3:cad>85</ns3:cad>
          </ns3:TrackPointExtension>
        </extensions>
      </trkpt>
      <trkpt lat="31.02257489226758480072021484375" lon="121.42849688418209552764892578125">
        <ele>5.19999980926513671875</ele>
        <time>2026-05-17T13:54:42.000Z</time>
        <extensions>
          <ns3:TrackPointExtension>
            <ns3:hr>153</ns3:hr>
            <ns3:cad>85</ns3:cad>
          </ns3:TrackPointExtension>
        </extensions>
      </trkpt>
      <trkpt lat="31.02254974655807018280029296875" lon="121.428506188094615936279296875">
        <ele>5.19999980926513671875</ele>
        <time>2026-05-17T13:54:43.000Z</time>
        <extensions>
          <ns3:TrackPointExtension>
            <ns3:hr>154</ns3:hr>
            <ns3:cad>85</ns3:cad>
          </ns3:TrackPointExtension>
        </extensions>
      </trkpt>
      <trkpt lat="31.02252191863954067230224609375" lon="121.4285177551209926605224609375">
        <ele>5.19999980926513671875</ele>
        <time>2026-05-17T13:54:44.000Z</time>
        <extensions>
          <ns3:TrackPointExtension>
            <ns3:hr>154</ns3:hr>
            <ns3:cad>84</ns3:cad>
          </ns3:TrackPointExtension>
        </extensions>
      </trkpt>
      <trkpt lat="31.022491157054901123046875" lon="121.42852202989161014556884765625">
        <ele>5.19999980926513671875</ele>
        <time>2026-05-17T13:54:45.000Z</time>
        <extensions>
          <ns3:TrackPointExtension>
            <ns3:hr>154</ns3:hr>
            <ns3:cad>84</ns3:cad>
          </ns3:TrackPointExtension>
        </extensions>
      </trkpt>
      <trkpt lat="31.02246810682117938995361328125" lon="121.42853158526122570037841796875">
        <ele>5</ele>
        <time>2026-05-17T13:54:46.000Z</time>
        <extensions>
          <ns3:TrackPointExtension>
            <ns3:hr>155</ns3:hr>
            <ns3:cad>84</ns3:cad>
          </ns3:TrackPointExtension>
        </extensions>
      </trkpt>
      <trkpt lat="31.02243742905557155609130859375" lon="121.42853242345154285430908203125">
        <ele>5</ele>
        <time>2026-05-17T13:54:47.000Z</time>
        <extensions>
          <ns3:TrackPointExtension>
            <ns3:hr>155</ns3:hr>
            <ns3:cad>85</ns3:cad>
          </ns3:TrackPointExtension>
        </extensions>
      </trkpt>
      <trkpt lat="31.0224155522882938385009765625" lon="121.4285413920879364013671875">
        <ele>5</ele>
        <time>2026-05-17T13:54:48.000Z</time>
        <extensions>
          <ns3:TrackPointExtension>
            <ns3:hr>155</ns3:hr>
            <ns3:cad>85</ns3:cad>
          </ns3:TrackPointExtension>
        </extensions>
      </trkpt>
      <trkpt lat="31.0223843716084957122802734375" lon="121.42854918725788593292236328125">
        <ele>4.80000019073486328125</ele>
        <time>2026-05-17T13:54:49.000Z</time>
        <extensions>
          <ns3:TrackPointExtension>
            <ns3:hr>155</ns3:hr>
            <ns3:cad>85</ns3:cad>
          </ns3:TrackPointExtension>
        </extensions>
      </trkpt>
      <trkpt lat="31.0223290510475635528564453125" lon="121.42856343649327754974365234375">
        <ele>4.80000019073486328125</ele>
        <time>2026-05-17T13:54:50.000Z</time>
        <extensions>
          <ns3:TrackPointExtension>
            <ns3:hr>155</ns3:hr>
            <ns3:cad>85</ns3:cad>
          </ns3:TrackPointExtension>
        </extensions>
      </trkpt>
      <trkpt lat="31.0223290510475635528564453125" lon="121.42856343649327754974365234375">
        <ele>4.80000019073486328125</ele>
        <time>2026-05-17T13:54:51.000Z</time>
        <extensions>
          <ns3:TrackPointExtension>
            <ns3:hr>155</ns3:hr>
            <ns3:cad>85</ns3:cad>
          </ns3:TrackPointExtension>
        </extensions>
      </trkpt>
      <trkpt lat="31.02229535579681396484375" lon="121.42856578342616558074951171875">
        <ele>4.80000019073486328125</ele>
        <time>2026-05-17T13:54:52.000Z</time>
        <extensions>
          <ns3:TrackPointExtension>
            <ns3:hr>155</ns3:hr>
            <ns3:cad>85</ns3:cad>
          </ns3:TrackPointExtension>
        </extensions>
      </trkpt>
      <trkpt lat="31.0222358442842960357666015625" lon="121.42858372069895267486572265625">
        <ele>4.599999904632568359375</ele>
        <time>2026-05-17T13:54:53.000Z</time>
        <extensions>
          <ns3:TrackPointExtension>
            <ns3:hr>156</ns3:hr>
            <ns3:cad>85</ns3:cad>
          </ns3:TrackPointExtension>
        </extensions>
      </trkpt>
      <trkpt lat="31.0222358442842960357666015625" lon="121.42858372069895267486572265625">
        <ele>4.599999904632568359375</ele>
        <time>2026-05-17T13:54:54.000Z</time>
        <extensions>
          <ns3:TrackPointExtension>
            <ns3:hr>155</ns3:hr>
            <ns3:cad>85</ns3:cad>
          </ns3:TrackPointExtension>
        </extensions>
      </trkpt>
      <trkpt lat="31.02221614681184291839599609375" lon="121.42859344370663166046142578125">
        <ele>4.599999904632568359375</ele>
        <time>2026-05-17T13:54:55.000Z</time>
        <extensions>
          <ns3:TrackPointExtension>
            <ns3:hr>156</ns3:hr>
            <ns3:cad>85</ns3:cad>
          </ns3:TrackPointExtension>
        </extensions>
      </trkpt>
      <trkpt lat="31.02218982763588428497314453125" lon="121.4286057651042938232421875">
        <ele>4.599999904632568359375</ele>
        <time>2026-05-17T13:54:56.000Z</time>
        <extensions>
          <ns3:TrackPointExtension>
            <ns3:hr>156</ns3:hr>
            <ns3:cad>85</ns3:cad>
          </ns3:TrackPointExtension>
        </extensions>
      </trkpt>
      <trkpt lat="31.02216082625091075897216796875" lon="121.4286089502274990081787109375">
        <ele>4.599999904632568359375</ele>
        <time>2026-05-17T13:54:57.000Z</time>
        <extensions>
          <ns3:TrackPointExtension>
            <ns3:hr>156</ns3:hr>
            <ns3:cad>85</ns3:cad>
          </ns3:TrackPointExtension>
        </extensions>
      </trkpt>
      <trkpt lat="31.02213785983622074127197265625" lon="121.4286169968545436859130859375">
        <ele>4.599999904632568359375</ele>
        <time>2026-05-17T13:54:58.000Z</time>
        <extensions>
          <ns3:TrackPointExtension>
            <ns3:hr>155</ns3:hr>
            <ns3:cad>84</ns3:cad>
          </ns3:TrackPointExtension>
        </extensions>
      </trkpt>
      <trkpt lat="31.02210433222353458404541015625" lon="121.42861775122582912445068359375">
        <ele>4.599999904632568359375</ele>
        <time>2026-05-17T13:54:59.000Z</time>
        <extensions>
          <ns3:TrackPointExtension>
            <ns3:hr>156</ns3:hr>
            <ns3:cad>84</ns3:cad>
          </ns3:TrackPointExtension>
        </extensions>
      </trkpt>
      <trkpt lat="31.02208170108497142791748046875" lon="121.428625546395778656005859375">
        <ele>4.80000019073486328125</ele>
        <time>2026-05-17T13:55:00.000Z</time>
        <extensions>
          <ns3:TrackPointExtension>
            <ns3:hr>155</ns3:hr>
            <ns3:cad>84</ns3:cad>
          </ns3:TrackPointExtension>
        </extensions>
      </trkpt>
      <trkpt lat="31.02205035276710987091064453125" lon="121.42863191664218902587890625">
        <ele>4.80000019073486328125</ele>
        <time>2026-05-17T13:55:01.000Z</time>
        <extensions>
          <ns3:TrackPointExtension>
            <ns3:hr>155</ns3:hr>
            <ns3:cad>84</ns3:cad>
          </ns3:TrackPointExtension>
        </extensions>
      </trkpt>
      <trkpt lat="31.02202109992504119873046875" lon="121.42863719724118709564208984375">
        <ele>4.80000019073486328125</ele>
        <time>2026-05-17T13:55:02.000Z</time>
        <extensions>
          <ns3:TrackPointExtension>
            <ns3:hr>155</ns3:hr>
            <ns3:cad>85</ns3:cad>
          </ns3:TrackPointExtension>
        </extensions>
      </trkpt>
      <trkpt lat="31.02199503220617771148681640625" lon="121.4286468364298343658447265625">
        <ele>5</ele>
        <time>2026-05-17T13:55:03.000Z</time>
        <extensions>
          <ns3:TrackPointExtension>
            <ns3:hr>155</ns3:hr>
            <ns3:cad>85</ns3:cad>
          </ns3:TrackPointExtension>
        </extensions>
      </trkpt>
      <trkpt lat="31.02196569554507732391357421875" lon="121.42865362577140331268310546875">
        <ele>5</ele>
        <time>2026-05-17T13:55:04.000Z</time>
        <extensions>
          <ns3:TrackPointExtension>
            <ns3:hr>155</ns3:hr>
            <ns3:cad>85</ns3:cad>
          </ns3:TrackPointExtension>
        </extensions>
      </trkpt>
      <trkpt lat="31.0219448246061801910400390625" lon="121.42866871319711208343505859375">
        <ele>5.19999980926513671875</ele>
        <time>2026-05-17T13:55:05.000Z</time>
        <extensions>
          <ns3:TrackPointExtension>
            <ns3:hr>155</ns3:hr>
            <ns3:cad>85</ns3:cad>
          </ns3:TrackPointExtension>
        </extensions>
      </trkpt>
      <trkpt lat="31.02191448211669921875" lon="121.428687237203121185302734375">
        <ele>5.19999980926513671875</ele>
        <time>2026-05-17T13:55:06.000Z</time>
        <extensions>
          <ns3:TrackPointExtension>
            <ns3:hr>154</ns3:hr>
            <ns3:cad>85</ns3:cad>
          </ns3:TrackPointExtension>
        </extensions>
      </trkpt>
      <trkpt lat="31.0218941979110240936279296875" lon="121.42870827578008174896240234375">
        <ele>5.19999980926513671875</ele>
        <time>2026-05-17T13:55:07.000Z</time>
        <extensions>
          <ns3:TrackPointExtension>
            <ns3:hr>155</ns3:hr>
            <ns3:cad>85</ns3:cad>
          </ns3:TrackPointExtension>
        </extensions>
      </trkpt>
      <trkpt lat="31.0218747518956661224365234375" lon="121.4287293143570423126220703125">
        <ele>5.19999980926513671875</ele>
        <time>2026-05-17T13:55:08.000Z</time>
        <extensions>
          <ns3:TrackPointExtension>
            <ns3:hr>155</ns3:hr>
            <ns3:cad>85</ns3:cad>
          </ns3:TrackPointExtension>
        </extensions>
      </trkpt>
      <trkpt lat="31.02185304276645183563232421875" lon="121.42874733544886112213134765625">
        <ele>5.19999980926513671875</ele>
        <time>2026-05-17T13:55:09.000Z</time>
        <extensions>
          <ns3:TrackPointExtension>
            <ns3:hr>154</ns3:hr>
            <ns3:cad>85</ns3:cad>
          </ns3:TrackPointExtension>
        </extensions>
      </trkpt>
      <trkpt lat="31.0218103788793087005615234375" lon="121.4287956990301609039306640625">
        <ele>5.19999980926513671875</ele>
        <time>2026-05-17T13:55:10.000Z</time>
        <extensions>
          <ns3:TrackPointExtension>
            <ns3:hr>155</ns3:hr>
            <ns3:cad>85</ns3:cad>
          </ns3:TrackPointExtension>
        </extensions>
      </trkpt>
      <trkpt lat="31.0218103788793087005615234375" lon="121.4287956990301609039306640625">
        <ele>5.19999980926513671875</ele>
        <time>2026-05-17T13:55:11.000Z</time>
        <extensions>
          <ns3:TrackPointExtension>
            <ns3:hr>155</ns3:hr>
            <ns3:cad>85</ns3:cad>
          </ns3:TrackPointExtension>
        </extensions>
      </trkpt>
      <trkpt lat="31.02179839275777339935302734375" lon="121.4288184978067874908447265625">
        <ele>5.19999980926513671875</ele>
        <time>2026-05-17T13:55:12.000Z</time>
        <extensions>
          <ns3:TrackPointExtension>
            <ns3:hr>154</ns3:hr>
            <ns3:cad>85</ns3:cad>
          </ns3:TrackPointExtension>
        </extensions>
      </trkpt>
      <trkpt lat="31.02177525870501995086669921875" lon="121.42885227687656879425048828125">
        <ele>5.19999980926513671875</ele>
        <time>2026-05-17T13:55:13.000Z</time>
        <extensions>
          <ns3:TrackPointExtension>
            <ns3:hr>154</ns3:hr>
            <ns3:cad>86</ns3:cad>
          </ns3:TrackPointExtension>
        </extensions>
      </trkpt>
      <trkpt lat="31.021758578717708587646484375" lon="121.428876332938671112060546875">
        <ele>5.19999980926513671875</ele>
        <time>2026-05-17T13:55:14.000Z</time>
        <extensions>
          <ns3:TrackPointExtension>
            <ns3:hr>154</ns3:hr>
            <ns3:cad>86</ns3:cad>
          </ns3:TrackPointExtension>
        </extensions>
      </trkpt>
      <trkpt lat="31.02174407802522182464599609375" lon="121.42890340648591518402099609375">
        <ele>5.19999980926513671875</ele>
        <time>2026-05-17T13:55:15.000Z</time>
        <extensions>
          <ns3:TrackPointExtension>
            <ns3:hr>155</ns3:hr>
            <ns3:cad>86</ns3:cad>
          </ns3:TrackPointExtension>
        </extensions>
      </trkpt>
      <trkpt lat="31.02173301391303539276123046875" lon="121.42893676646053791046142578125">
        <ele>5.19999980926513671875</ele>
        <time>2026-05-17T13:55:16.000Z</time>
        <extensions>
          <ns3:TrackPointExtension>
            <ns3:hr>154</ns3:hr>
            <ns3:cad>86</ns3:cad>
          </ns3:TrackPointExtension>
        </extensions>
      </trkpt>
      <trkpt lat="31.02172865532338619232177734375" lon="121.428966522216796875">
        <ele>5.400000095367431640625</ele>
        <time>2026-05-17T13:55:17.000Z</time>
        <extensions>
          <ns3:TrackPointExtension>
            <ns3:hr>155</ns3:hr>
            <ns3:cad>86</ns3:cad>
          </ns3:TrackPointExtension>
        </extensions>
      </trkpt>
      <trkpt lat="31.02171725593507289886474609375" lon="121.4290032349526882171630859375">
        <ele>5.400000095367431640625</ele>
        <time>2026-05-17T13:55:18.000Z</time>
        <extensions>
          <ns3:TrackPointExtension>
            <ns3:hr>155</ns3:hr>
            <ns3:cad>85</ns3:cad>
          </ns3:TrackPointExtension>
        </extensions>
      </trkpt>
      <trkpt lat="31.02171742357313632965087890625" lon="121.42903097905218601226806640625">
        <ele>5.400000095367431640625</ele>
        <time>2026-05-17T13:55:19.000Z</time>
        <extensions>
          <ns3:TrackPointExtension>
            <ns3:hr>155</ns3:hr>
            <ns3:cad>85</ns3:cad>
          </ns3:TrackPointExtension>
        </extensions>
      </trkpt>
      <trkpt lat="31.02171993814408779144287109375" lon="121.42906886525452136993408203125">
        <ele>5.400000095367431640625</ele>
        <time>2026-05-17T13:55:20.000Z</time>
        <extensions>
          <ns3:TrackPointExtension>
            <ns3:hr>154</ns3:hr>
            <ns3:cad>85</ns3:cad>
          </ns3:TrackPointExtension>
        </extensions>
      </trkpt>
      <trkpt lat="31.02171909995377063751220703125" lon="121.4291054941713809967041015625">
        <ele>5.400000095367431640625</ele>
        <time>2026-05-17T13:55:21.000Z</time>
        <extensions>
          <ns3:TrackPointExtension>
            <ns3:hr>154</ns3:hr>
            <ns3:cad>84</ns3:cad>
          </ns3:TrackPointExtension>
        </extensions>
      </trkpt>
      <trkpt lat="31.02172446437180042266845703125" lon="121.42914061434566974639892578125">
        <ele>5.400000095367431640625</ele>
        <time>2026-05-17T13:55:22.000Z</time>
        <extensions>
          <ns3:TrackPointExtension>
            <ns3:hr>154</ns3:hr>
            <ns3:cad>84</ns3:cad>
          </ns3:TrackPointExtension>
        </extensions>
      </trkpt>
      <trkpt lat="31.02172547020018100738525390625" lon="121.42917699180543422698974609375">
        <ele>5.400000095367431640625</ele>
        <time>2026-05-17T13:55:23.000Z</time>
        <extensions>
          <ns3:TrackPointExtension>
            <ns3:hr>155</ns3:hr>
            <ns3:cad>84</ns3:cad>
          </ns3:TrackPointExtension>
        </extensions>
      </trkpt>
      <trkpt lat="31.02173008024692535400390625" lon="121.42920456826686859130859375">
        <ele>5.400000095367431640625</ele>
        <time>2026-05-17T13:55:24.000Z</time>
        <extensions>
          <ns3:TrackPointExtension>
            <ns3:hr>154</ns3:hr>
            <ns3:cad>84</ns3:cad>
          </ns3:TrackPointExtension>
        </extensions>
      </trkpt>
      <trkpt lat="31.02174189873039722442626953125" lon="121.42924404703080654144287109375">
        <ele>5.400000095367431640625</ele>
        <time>2026-05-17T13:55:25.000Z</time>
        <extensions>
          <ns3:TrackPointExtension>
            <ns3:hr>154</ns3:hr>
            <ns3:cad>84</ns3:cad>
          </ns3:TrackPointExtension>
        </extensions>
      </trkpt>
      <trkpt lat="31.0217530466616153717041015625" lon="121.42927162349224090576171875">
        <ele>5.400000095367431640625</ele>
        <time>2026-05-17T13:55:26.000Z</time>
        <extensions>
          <ns3:TrackPointExtension>
            <ns3:hr>154</ns3:hr>
            <ns3:cad>84</ns3:cad>
          </ns3:TrackPointExtension>
        </extensions>
      </trkpt>
      <trkpt lat="31.021767966449260711669921875" lon="121.42929718829691410064697265625">
        <ele>5.599999904632568359375</ele>
        <time>2026-05-17T13:55:27.000Z</time>
        <extensions>
          <ns3:TrackPointExtension>
            <ns3:hr>154</ns3:hr>
            <ns3:cad>85</ns3:cad>
          </ns3:TrackPointExtension>
        </extensions>
      </trkpt>
      <trkpt lat="31.02177894674241542816162109375" lon="121.42932769842445850372314453125">
        <ele>5.599999904632568359375</ele>
        <time>2026-05-17T13:55:28.000Z</time>
        <extensions>
          <ns3:TrackPointExtension>
            <ns3:hr>154</ns3:hr>
            <ns3:cad>85</ns3:cad>
          </ns3:TrackPointExtension>
        </extensions>
      </trkpt>
      <trkpt lat="31.0217936150729656219482421875" lon="121.4293505810201168060302734375">
        <ele>5.80000019073486328125</ele>
        <time>2026-05-17T13:55:29.000Z</time>
        <extensions>
          <ns3:TrackPointExtension>
            <ns3:hr>154</ns3:hr>
            <ns3:cad>85</ns3:cad>
          </ns3:TrackPointExtension>
        </extensions>
      </trkpt>
      <trkpt lat="31.021809540688991546630859375" lon="121.4293836057186126708984375">
        <ele>5.80000019073486328125</ele>
        <time>2026-05-17T13:55:30.000Z</time>
        <extensions>
          <ns3:TrackPointExtension>
            <ns3:hr>153</ns3:hr>
            <ns3:cad>85</ns3:cad>
          </ns3:TrackPointExtension>
        </extensions>
      </trkpt>
      <trkpt lat="31.021826975047588348388671875" lon="121.42939894460141658782958984375">
        <ele>5.80000019073486328125</ele>
        <time>2026-05-17T13:55:31.000Z</time>
        <extensions>
          <ns3:TrackPointExtension>
            <ns3:hr>153</ns3:hr>
            <ns3:cad>85</ns3:cad>
          </ns3:TrackPointExtension>
        </extensions>
      </trkpt>
      <trkpt lat="31.02185186930000782012939453125" lon="121.4294206537306308746337890625">
        <ele>5.599999904632568359375</ele>
        <time>2026-05-17T13:55:32.000Z</time>
        <extensions>
          <ns3:TrackPointExtension>
            <ns3:hr>153</ns3:hr>
            <ns3:cad>85</ns3:cad>
          </ns3:TrackPointExtension>
        </extensions>
      </trkpt>
      <trkpt lat="31.0218720696866512298583984375" lon="121.42944118939340114593505859375">
        <ele>5.599999904632568359375</ele>
        <time>2026-05-17T13:55:33.000Z</time>
        <extensions>
          <ns3:TrackPointExtension>
            <ns3:hr>153</ns3:hr>
            <ns3:cad>85</ns3:cad>
          </ns3:TrackPointExtension>
        </extensions>
      </trkpt>
      <trkpt lat="31.02189746685326099395751953125" lon="121.42945468425750732421875">
        <ele>5.599999904632568359375</ele>
        <time>2026-05-17T13:55:34.000Z</time>
        <extensions>
          <ns3:TrackPointExtension>
            <ns3:hr>153</ns3:hr>
            <ns3:cad>85</ns3:cad>
          </ns3:TrackPointExtension>
        </extensions>
      </trkpt>
      <trkpt lat="31.02192445658147335052490234375" lon="121.42947555519640445709228515625">
        <ele>5.599999904632568359375</ele>
        <time>2026-05-17T13:55:35.000Z</time>
        <extensions>
          <ns3:TrackPointExtension>
            <ns3:hr>153</ns3:hr>
            <ns3:cad>86</ns3:cad>
          </ns3:TrackPointExtension>
        </extensions>
      </trkpt>
      <trkpt lat="31.02194775827229022979736328125" lon="121.42948276363313198089599609375">
        <ele>5.599999904632568359375</ele>
        <time>2026-05-17T13:55:36.000Z</time>
        <extensions>
          <ns3:TrackPointExtension>
            <ns3:hr>153</ns3:hr>
            <ns3:cad>86</ns3:cad>
          </ns3:TrackPointExtension>
        </extensions>
      </trkpt>
      <trkpt lat="31.02198111824691295623779296875" lon="121.429501287639141082763671875">
        <ele>5.400000095367431640625</ele>
        <time>2026-05-17T13:55:37.000Z</time>
        <extensions>
          <ns3:TrackPointExtension>
            <ns3:hr>152</ns3:hr>
            <ns3:cad>86</ns3:cad>
          </ns3:TrackPointExtension>
        </extensions>
      </trkpt>
      <trkpt lat="31.0220041684806346893310546875" lon="121.42950589768588542938232421875">
        <ele>5.400000095367431640625</ele>
        <time>2026-05-17T13:55:38.000Z</time>
        <extensions>
          <ns3:TrackPointExtension>
            <ns3:hr>152</ns3:hr>
            <ns3:cad>85</ns3:cad>
          </ns3:TrackPointExtension>
        </extensions>
      </trkpt>
      <trkpt lat="31.022040545940399169921875" lon="121.42951427958905696868896484375">
        <ele>5.400000095367431640625</ele>
        <time>2026-05-17T13:55:39.000Z</time>
        <extensions>
          <ns3:TrackPointExtension>
            <ns3:hr>152</ns3:hr>
            <ns3:cad>85</ns3:cad>
          </ns3:TrackPointExtension>
        </extensions>
      </trkpt>
      <trkpt lat="31.02206359617412090301513671875" lon="121.42951059155166149139404296875">
        <ele>5.400000095367431640625</ele>
        <time>2026-05-17T13:55:40.000Z</time>
        <extensions>
          <ns3:TrackPointExtension>
            <ns3:hr>152</ns3:hr>
            <ns3:cad>85</ns3:cad>
          </ns3:TrackPointExtension>
        </extensions>
      </trkpt>
      <trkpt lat="31.0220968723297119140625" lon="121.42950690351426601409912109375">
        <ele>5.19999980926513671875</ele>
        <time>2026-05-17T13:55:41.000Z</time>
        <extensions>
          <ns3:TrackPointExtension>
            <ns3:hr>152</ns3:hr>
            <ns3:cad>86</ns3:cad>
          </ns3:TrackPointExtension>
        </extensions>
      </trkpt>
      <trkpt lat="31.0221241973340511322021484375" lon="121.42950455658137798309326171875">
        <ele>5.400000095367431640625</ele>
        <time>2026-05-17T13:55:42.000Z</time>
        <extensions>
          <ns3:TrackPointExtension>
            <ns3:hr>152</ns3:hr>
            <ns3:cad>87</ns3:cad>
          </ns3:TrackPointExtension>
        </extensions>
      </trkpt>
      <trkpt lat="31.022150181233882904052734375" lon="121.4294964261353015899658203125">
        <ele>5.19999980926513671875</ele>
        <time>2026-05-17T13:55:43.000Z</time>
        <extensions>
          <ns3:TrackPointExtension>
            <ns3:hr>152</ns3:hr>
            <ns3:cad>87</ns3:cad>
          </ns3:TrackPointExtension>
        </extensions>
      </trkpt>
      <trkpt lat="31.02217859588563442230224609375" lon="121.4294950850307941436767578125">
        <ele>5.400000095367431640625</ele>
        <time>2026-05-17T13:55:44.000Z</time>
        <extensions>
          <ns3:TrackPointExtension>
            <ns3:hr>152</ns3:hr>
            <ns3:cad>87</ns3:cad>
          </ns3:TrackPointExtension>
        </extensions>
      </trkpt>
      <trkpt lat="31.02219812572002410888671875" lon="121.42948762513697147369384765625">
        <ele>5.400000095367431640625</ele>
        <time>2026-05-17T13:55:45.000Z</time>
        <extensions>
          <ns3:TrackPointExtension>
            <ns3:hr>151</ns3:hr>
            <ns3:cad>87</ns3:cad>
          </ns3:TrackPointExtension>
        </extensions>
      </trkpt>
      <trkpt lat="31.0222291387617588043212890625" lon="121.429485864937305450439453125">
        <ele>5.400000095367431640625</ele>
        <time>2026-05-17T13:55:46.000Z</time>
        <extensions>
          <ns3:TrackPointExtension>
            <ns3:hr>152</ns3:hr>
            <ns3:cad>87</ns3:cad>
          </ns3:TrackPointExtension>
        </extensions>
      </trkpt>
      <trkpt lat="31.02224749512970447540283203125" lon="121.42947538755834102630615234375">
        <ele>5.19999980926513671875</ele>
        <time>2026-05-17T13:55:47.000Z</time>
        <extensions>
          <ns3:TrackPointExtension>
            <ns3:hr>152</ns3:hr>
            <ns3:cad>87</ns3:cad>
          </ns3:TrackPointExtension>
        </extensions>
      </trkpt>
      <trkpt lat="31.0222767479717731475830078125" lon="121.4294689334928989410400390625">
        <ele>5.19999980926513671875</ele>
        <time>2026-05-17T13:55:48.000Z</time>
        <extensions>
          <ns3:TrackPointExtension>
            <ns3:hr>151</ns3:hr>
            <ns3:cad>86</ns3:cad>
          </ns3:TrackPointExtension>
        </extensions>
      </trkpt>
      <trkpt lat="31.02229745127260684967041015625" lon="121.42945962958037853240966796875">
        <ele>5.19999980926513671875</ele>
        <time>2026-05-17T13:55:49.000Z</time>
        <extensions>
          <ns3:TrackPointExtension>
            <ns3:hr>152</ns3:hr>
            <ns3:cad>86</ns3:cad>
          </ns3:TrackPointExtension>
        </extensions>
      </trkpt>
      <trkpt lat="31.02232284843921661376953125" lon="121.4294481463730335235595703125">
        <ele>5.19999980926513671875</ele>
        <time>2026-05-17T13:55:50.000Z</time>
        <extensions>
          <ns3:TrackPointExtension>
            <ns3:hr>151</ns3:hr>
            <ns3:cad>86</ns3:cad>
          </ns3:TrackPointExtension>
        </extensions>
      </trkpt>
      <trkpt lat="31.0223484970629215240478515625" lon="121.42944605089724063873291015625">
        <ele>5.19999980926513671875</ele>
        <time>2026-05-17T13:55:51.000Z</time>
        <extensions>
          <ns3:TrackPointExtension>
            <ns3:hr>151</ns3:hr>
            <ns3:cad>86</ns3:cad>
          </ns3:TrackPointExtension>
        </extensions>
      </trkpt>
      <trkpt lat="31.02236903272569179534912109375" lon="121.4294407702982425689697265625">
        <ele>5.19999980926513671875</ele>
        <time>2026-05-17T13:55:52.000Z</time>
        <extensions>
          <ns3:TrackPointExtension>
            <ns3:hr>151</ns3:hr>
            <ns3:cad>86</ns3:cad>
          </ns3:TrackPointExtension>
        </extensions>
      </trkpt>
      <trkpt lat="31.0223987884819507598876953125" lon="121.4294400997459888458251953125">
        <ele>5.19999980926513671875</ele>
        <time>2026-05-17T13:55:53.000Z</time>
        <extensions>
          <ns3:TrackPointExtension>
            <ns3:hr>151</ns3:hr>
            <ns3:cad>86</ns3:cad>
          </ns3:TrackPointExtension>
        </extensions>
      </trkpt>
      <trkpt lat="31.02241714484989643096923828125" lon="121.42942911945283412933349609375">
        <ele>5.19999980926513671875</ele>
        <time>2026-05-17T13:55:54.000Z</time>
        <extensions>
          <ns3:TrackPointExtension>
            <ns3:hr>151</ns3:hr>
            <ns3:cad>86</ns3:cad>
          </ns3:TrackPointExtension>
        </extensions>
      </trkpt>
      <trkpt lat="31.022447906434535980224609375" lon="121.42941822297871112823486328125">
        <ele>5.19999980926513671875</ele>
        <time>2026-05-17T13:55:55.000Z</time>
        <extensions>
          <ns3:TrackPointExtension>
            <ns3:hr>151</ns3:hr>
            <ns3:cad>86</ns3:cad>
          </ns3:TrackPointExtension>
        </extensions>
      </trkpt>
      <trkpt lat="31.022470034658908843994140625" lon="121.4294095896184444427490234375">
        <ele>5.19999980926513671875</ele>
        <time>2026-05-17T13:55:56.000Z</time>
        <extensions>
          <ns3:TrackPointExtension>
            <ns3:hr>150</ns3:hr>
            <ns3:cad>84</ns3:cad>
          </ns3:TrackPointExtension>
        </extensions>
      </trkpt>
      <trkpt lat="31.02249450981616973876953125" lon="121.429398022592067718505859375">
        <ele>5.19999980926513671875</ele>
        <time>2026-05-17T13:55:57.000Z</time>
        <extensions>
          <ns3:TrackPointExtension>
            <ns3:hr>150</ns3:hr>
            <ns3:cad>84</ns3:cad>
          </ns3:TrackPointExtension>
        </extensions>
      </trkpt>
      <trkpt lat="31.0225221700966358184814453125" lon="121.4293968491256237030029296875">
        <ele>5.19999980926513671875</ele>
        <time>2026-05-17T13:55:58.000Z</time>
        <extensions>
          <ns3:TrackPointExtension>
            <ns3:hr>150</ns3:hr>
            <ns3:cad>85</ns3:cad>
          </ns3:TrackPointExtension>
        </extensions>
      </trkpt>
      <trkpt lat="31.022539772093296051025390625" lon="121.42939123325049877166748046875">
        <ele>5.19999980926513671875</ele>
        <time>2026-05-17T13:55:59.000Z</time>
        <extensions>
          <ns3:TrackPointExtension>
            <ns3:hr>150</ns3:hr>
            <ns3:cad>85</ns3:cad>
          </ns3:TrackPointExtension>
        </extensions>
      </trkpt>
      <trkpt lat="31.02257229387760162353515625" lon="121.429388634860515594482421875">
        <ele>5.19999980926513671875</ele>
        <time>2026-05-17T13:56:00.000Z</time>
        <extensions>
          <ns3:TrackPointExtension>
            <ns3:hr>150</ns3:hr>
            <ns3:cad>86</ns3:cad>
          </ns3:TrackPointExtension>
        </extensions>
      </trkpt>
      <trkpt lat="31.0225903987884521484375" lon="121.42938117496669292449951171875">
        <ele>5.19999980926513671875</ele>
        <time>2026-05-17T13:56:01.000Z</time>
        <extensions>
          <ns3:TrackPointExtension>
            <ns3:hr>150</ns3:hr>
            <ns3:cad>86</ns3:cad>
          </ns3:TrackPointExtension>
        </extensions>
      </trkpt>
      <trkpt lat="31.02262057363986968994140625" lon="121.4293703623116016387939453125">
        <ele>5.19999980926513671875</ele>
        <time>2026-05-17T13:56:02.000Z</time>
        <extensions>
          <ns3:TrackPointExtension>
            <ns3:hr>150</ns3:hr>
            <ns3:cad>86</ns3:cad>
          </ns3:TrackPointExtension>
        </extensions>
      </trkpt>
      <trkpt lat="31.0226445458829402923583984375" lon="121.429364494979381561279296875">
        <ele>5.19999980926513671875</ele>
        <time>2026-05-17T13:56:03.000Z</time>
        <extensions>
          <ns3:TrackPointExtension>
            <ns3:hr>150</ns3:hr>
            <ns3:cad>86</ns3:cad>
          </ns3:TrackPointExtension>
        </extensions>
      </trkpt>
      <trkpt lat="31.02266809903085231781005859375" lon="121.42935351468622684478759765625">
        <ele>5</ele>
        <time>2026-05-17T13:56:04.000Z</time>
        <extensions>
          <ns3:TrackPointExtension>
            <ns3:hr>150</ns3:hr>
            <ns3:cad>85</ns3:cad>
          </ns3:TrackPointExtension>
        </extensions>
      </trkpt>
      <trkpt lat="31.0226988606154918670654296875" lon="121.42935477197170257568359375">
        <ele>5</ele>
        <time>2026-05-17T13:56:05.000Z</time>
        <extensions>
          <ns3:TrackPointExtension>
            <ns3:hr>150</ns3:hr>
            <ns3:cad>85</ns3:cad>
          </ns3:TrackPointExtension>
        </extensions>
      </trkpt>
      <trkpt lat="31.0227511636912822723388671875" lon="121.4293485693633556365966796875">
        <ele>5</ele>
        <time>2026-05-17T13:56:06.000Z</time>
        <extensions>
          <ns3:TrackPointExtension>
            <ns3:hr>150</ns3:hr>
            <ns3:cad>85</ns3:cad>
          </ns3:TrackPointExtension>
        </extensions>
      </trkpt>
      <trkpt lat="31.0227511636912822723388671875" lon="121.4293485693633556365966796875">
        <ele>5</ele>
        <time>2026-05-17T13:56:07.000Z</time>
        <extensions>
          <ns3:TrackPointExtension>
            <ns3:hr>150</ns3:hr>
            <ns3:cad>85</ns3:cad>
          </ns3:TrackPointExtension>
        </extensions>
      </trkpt>
      <trkpt lat="31.02277086116373538970947265625" lon="121.4293411932885646820068359375">
        <ele>5</ele>
        <time>2026-05-17T13:56:08.000Z</time>
        <extensions>
          <ns3:TrackPointExtension>
            <ns3:hr>150</ns3:hr>
            <ns3:cad>86</ns3:cad>
          </ns3:TrackPointExtension>
        </extensions>
      </trkpt>
      <trkpt lat="31.02280606515705585479736328125" lon="121.42933758907020092010498046875">
        <ele>5</ele>
        <time>2026-05-17T13:56:09.000Z</time>
        <extensions>
          <ns3:TrackPointExtension>
            <ns3:hr>150</ns3:hr>
            <ns3:cad>87</ns3:cad>
          </ns3:TrackPointExtension>
        </extensions>
      </trkpt>
      <trkpt lat="31.0228262655436992645263671875" lon="121.42932887189090251922607421875">
        <ele>5</ele>
        <time>2026-05-17T13:56:10.000Z</time>
        <extensions>
          <ns3:TrackPointExtension>
            <ns3:hr>149</ns3:hr>
            <ns3:cad>87</ns3:cad>
          </ns3:TrackPointExtension>
        </extensions>
      </trkpt>
      <trkpt lat="31.0228601284325122833251953125" lon="121.42932568676769733428955078125">
        <ele>5</ele>
        <time>2026-05-17T13:56:11.000Z</time>
        <extensions>
          <ns3:TrackPointExtension>
            <ns3:hr>150</ns3:hr>
            <ns3:cad>87</ns3:cad>
          </ns3:TrackPointExtension>
        </extensions>
      </trkpt>
      <trkpt lat="31.02288208901882171630859375" lon="121.42931831069290637969970703125">
        <ele>5</ele>
        <time>2026-05-17T13:56:12.000Z</time>
        <extensions>
          <ns3:TrackPointExtension>
            <ns3:hr>150</ns3:hr>
            <ns3:cad>88</ns3:cad>
          </ns3:TrackPointExtension>
        </extensions>
      </trkpt>
      <trkpt lat="31.0229124315083026885986328125" lon="121.429308839142322540283203125">
        <ele>5</ele>
        <time>2026-05-17T13:56:13.000Z</time>
        <extensions>
          <ns3:TrackPointExtension>
            <ns3:hr>150</ns3:hr>
            <ns3:cad>88</ns3:cad>
          </ns3:TrackPointExtension>
        </extensions>
      </trkpt>
      <trkpt lat="31.0229382477700710296630859375" lon="121.42930372618138790130615234375">
        <ele>5</ele>
        <time>2026-05-17T13:56:14.000Z</time>
        <extensions>
          <ns3:TrackPointExtension>
            <ns3:hr>150</ns3:hr>
            <ns3:cad>88</ns3:cad>
          </ns3:TrackPointExtension>
        </extensions>
      </trkpt>
      <trkpt lat="31.02295878343284130096435546875" lon="121.42929081805050373077392578125">
        <ele>4.80000019073486328125</ele>
        <time>2026-05-17T13:56:15.000Z</time>
        <extensions>
          <ns3:TrackPointExtension>
            <ns3:hr>150</ns3:hr>
            <ns3:cad>88</ns3:cad>
          </ns3:TrackPointExtension>
        </extensions>
      </trkpt>
      <trkpt lat="31.02298912592232227325439453125" lon="121.4292801730334758758544921875">
        <ele>4.80000019073486328125</ele>
        <time>2026-05-17T13:56:16.000Z</time>
        <extensions>
          <ns3:TrackPointExtension>
            <ns3:hr>150</ns3:hr>
            <ns3:cad>86</ns3:cad>
          </ns3:TrackPointExtension>
        </extensions>
      </trkpt>
      <trkpt lat="31.0230066440999507904052734375" lon="121.42926449887454509735107421875">
        <ele>4.80000019073486328125</ele>
        <time>2026-05-17T13:56:17.000Z</time>
        <extensions>
          <ns3:TrackPointExtension>
            <ns3:hr>150</ns3:hr>
            <ns3:cad>86</ns3:cad>
          </ns3:TrackPointExtension>
        </extensions>
      </trkpt>
      <trkpt lat="31.02303355000913143157958984375" lon="121.4292453043162822723388671875">
        <ele>4.80000019073486328125</ele>
        <time>2026-05-17T13:56:18.000Z</time>
        <extensions>
          <ns3:TrackPointExtension>
            <ns3:hr>149</ns3:hr>
            <ns3:cad>86</ns3:cad>
          </ns3:TrackPointExtension>
        </extensions>
      </trkpt>
      <trkpt lat="31.02305048145353794097900390625" lon="121.42922661267220973968505859375">
        <ele>4.80000019073486328125</ele>
        <time>2026-05-17T13:56:19.000Z</time>
        <extensions>
          <ns3:TrackPointExtension>
            <ns3:hr>150</ns3:hr>
            <ns3:cad>86</ns3:cad>
          </ns3:TrackPointExtension>
        </extensions>
      </trkpt>
      <trkpt lat="31.02307093329727649688720703125" lon="121.42920381389558315277099609375">
        <ele>4.80000019073486328125</ele>
        <time>2026-05-17T13:56:20.000Z</time>
        <extensions>
          <ns3:TrackPointExtension>
            <ns3:hr>150</ns3:hr>
            <ns3:cad>85</ns3:cad>
          </ns3:TrackPointExtension>
        </extensions>
      </trkpt>
      <trkpt lat="31.02309406735002994537353515625" lon="121.42918168567121028900146484375">
        <ele>5</ele>
        <time>2026-05-17T13:56:21.000Z</time>
        <extensions>
          <ns3:TrackPointExtension>
            <ns3:hr>150</ns3:hr>
            <ns3:cad>85</ns3:cad>
          </ns3:TrackPointExtension>
        </extensions>
      </trkpt>
      <trkpt lat="31.0231095738708972930908203125" lon="121.42916207201778888702392578125">
        <ele>5</ele>
        <time>2026-05-17T13:56:22.000Z</time>
        <extensions>
          <ns3:TrackPointExtension>
            <ns3:hr>150</ns3:hr>
            <ns3:cad>85</ns3:cad>
          </ns3:TrackPointExtension>
        </extensions>
      </trkpt>
      <trkpt lat="31.02313161827623844146728515625" lon="121.42913885414600372314453125">
        <ele>5</ele>
        <time>2026-05-17T13:56:23.000Z</time>
        <extensions>
          <ns3:TrackPointExtension>
            <ns3:hr>150</ns3:hr>
            <ns3:cad>85</ns3:cad>
          </ns3:TrackPointExtension>
        </extensions>
      </trkpt>
      <trkpt lat="31.02315207011997699737548828125" lon="121.4290857128798961639404296875">
        <ele>5</ele>
        <time>2026-05-17T13:56:24.000Z</time>
        <extensions>
          <ns3:TrackPointExtension>
            <ns3:hr>150</ns3:hr>
            <ns3:cad>84</ns3:cad>
          </ns3:TrackPointExtension>
        </extensions>
      </trkpt>
      <trkpt lat="31.02315207011997699737548828125" lon="121.4290857128798961639404296875">
        <ele>5</ele>
        <time>2026-05-17T13:56:25.000Z</time>
        <extensions>
          <ns3:TrackPointExtension>
            <ns3:hr>150</ns3:hr>
            <ns3:cad>84</ns3:cad>
          </ns3:TrackPointExtension>
        </extensions>
      </trkpt>
      <trkpt lat="31.0231737792491912841796875" lon="121.42903215251863002777099609375">
        <ele>5</ele>
        <time>2026-05-17T13:56:26.000Z</time>
        <extensions>
          <ns3:TrackPointExtension>
            <ns3:hr>150</ns3:hr>
            <ns3:cad>84</ns3:cad>
          </ns3:TrackPointExtension>
        </extensions>
      </trkpt>
      <trkpt lat="31.0231890343129634857177734375" lon="121.42900206148624420166015625">
        <ele>4.80000019073486328125</ele>
        <time>2026-05-17T13:56:27.000Z</time>
        <extensions>
          <ns3:TrackPointExtension>
            <ns3:hr>150</ns3:hr>
            <ns3:cad>85</ns3:cad>
          </ns3:TrackPointExtension>
        </extensions>
      </trkpt>
      <trkpt lat="31.0231890343129634857177734375" lon="121.42900206148624420166015625">
        <ele>4.80000019073486328125</ele>
        <time>2026-05-17T13:56:28.000Z</time>
        <extensions>
          <ns3:TrackPointExtension>
            <ns3:hr>149</ns3:hr>
            <ns3:cad>85</ns3:cad>
          </ns3:TrackPointExtension>
        </extensions>
      </trkpt>
      <trkpt lat="31.02319615893065929412841796875" lon="121.4289760775864124298095703125">
        <ele>4.80000019073486328125</ele>
        <time>2026-05-17T13:56:29.000Z</time>
        <extensions>
          <ns3:TrackPointExtension>
            <ns3:hr>150</ns3:hr>
            <ns3:cad>85</ns3:cad>
          </ns3:TrackPointExtension>
        </extensions>
      </trkpt>
      <trkpt lat="31.0232027806341648101806640625" lon="121.42894129268825054168701171875">
        <ele>4.80000019073486328125</ele>
        <time>2026-05-17T13:56:30.000Z</time>
        <extensions>
          <ns3:TrackPointExtension>
            <ns3:hr>150</ns3:hr>
            <ns3:cad>85</ns3:cad>
          </ns3:TrackPointExtension>
        </extensions>
      </trkpt>
      <trkpt lat="31.0232064686715602874755859375" lon="121.42891346476972103118896484375">
        <ele>4.80000019073486328125</ele>
        <time>2026-05-17T13:56:31.000Z</time>
        <extensions>
          <ns3:TrackPointExtension>
            <ns3:hr>150</ns3:hr>
            <ns3:cad>85</ns3:cad>
          </ns3:TrackPointExtension>
        </extensions>
      </trkpt>
      <trkpt lat="31.0232032835483551025390625" lon="121.4288838766515254974365234375">
        <ele>4.80000019073486328125</ele>
        <time>2026-05-17T13:56:32.000Z</time>
        <extensions>
          <ns3:TrackPointExtension>
            <ns3:hr>150</ns3:hr>
            <ns3:cad>85</ns3:cad>
          </ns3:TrackPointExtension>
        </extensions>
      </trkpt>
      <trkpt lat="31.02320152334868907928466796875" lon="121.42884875647723674774169921875">
        <ele>4.80000019073486328125</ele>
        <time>2026-05-17T13:56:33.000Z</time>
        <extensions>
          <ns3:TrackPointExtension>
            <ns3:hr>150</ns3:hr>
            <ns3:cad>85</ns3:cad>
          </ns3:TrackPointExtension>
        </extensions>
      </trkpt>
      <trkpt lat="31.02319397963583469390869140625" lon="121.42877885140478610992431640625">
        <ele>4.80000019073486328125</ele>
        <time>2026-05-17T13:56:34.000Z</time>
        <extensions>
          <ns3:TrackPointExtension>
            <ns3:hr>150</ns3:hr>
            <ns3:cad>85</ns3:cad>
          </ns3:TrackPointExtension>
        </extensions>
      </trkpt>
      <trkpt lat="31.02319397963583469390869140625" lon="121.42877885140478610992431640625">
        <ele>4.80000019073486328125</ele>
        <time>2026-05-17T13:56:35.000Z</time>
        <extensions>
          <ns3:TrackPointExtension>
            <ns3:hr>151</ns3:hr>
            <ns3:cad>85</ns3:cad>
          </ns3:TrackPointExtension>
        </extensions>
      </trkpt>
      <trkpt lat="31.0231871902942657470703125" lon="121.42874725162982940673828125">
        <ele>5</ele>
        <time>2026-05-17T13:56:36.000Z</time>
        <extensions>
          <ns3:TrackPointExtension>
            <ns3:hr>151</ns3:hr>
            <ns3:cad>85</ns3:cad>
          </ns3:TrackPointExtension>
        </extensions>
      </trkpt>
      <trkpt lat="31.023177802562713623046875" lon="121.4287132211029529571533203125">
        <ele>5.19999980926513671875</ele>
        <time>2026-05-17T13:56:37.000Z</time>
        <extensions>
          <ns3:TrackPointExtension>
            <ns3:hr>151</ns3:hr>
            <ns3:cad>85</ns3:cad>
          </ns3:TrackPointExtension>
        </extensions>
      </trkpt>
      <trkpt lat="31.02316698990762233734130859375" lon="121.4286810345947742462158203125">
        <ele>5.19999980926513671875</ele>
        <time>2026-05-17T13:56:38.000Z</time>
        <extensions>
          <ns3:TrackPointExtension>
            <ns3:hr>151</ns3:hr>
            <ns3:cad>85</ns3:cad>
          </ns3:TrackPointExtension>
        </extensions>
      </trkpt>
      <trkpt lat="31.023152656853199005126953125" lon="121.42865479923784732818603515625">
        <ele>5.19999980926513671875</ele>
        <time>2026-05-17T13:56:39.000Z</time>
        <extensions>
          <ns3:TrackPointExtension>
            <ns3:hr>151</ns3:hr>
            <ns3:cad>85</ns3:cad>
          </ns3:TrackPointExtension>
        </extensions>
      </trkpt>
      <trkpt lat="31.02313731797039508819580078125" lon="121.42862177453935146331787109375">
        <ele>5.19999980926513671875</ele>
        <time>2026-05-17T13:56:40.000Z</time>
        <extensions>
          <ns3:TrackPointExtension>
            <ns3:hr>151</ns3:hr>
            <ns3:cad>84</ns3:cad>
          </ns3:TrackPointExtension>
        </extensions>
      </trkpt>
      <trkpt lat="31.0231201350688934326171875" lon="121.42860383726656436920166015625">
        <ele>5.19999980926513671875</ele>
        <time>2026-05-17T13:56:41.000Z</time>
        <extensions>
          <ns3:TrackPointExtension>
            <ns3:hr>151</ns3:hr>
            <ns3:cad>84</ns3:cad>
          </ns3:TrackPointExtension>
        </extensions>
      </trkpt>
      <trkpt lat="31.02309624664485454559326171875" lon="121.42857232131063938140869140625">
        <ele>5</ele>
        <time>2026-05-17T13:56:42.000Z</time>
        <extensions>
          <ns3:TrackPointExtension>
            <ns3:hr>151</ns3:hr>
            <ns3:cad>84</ns3:cad>
          </ns3:TrackPointExtension>
        </extensions>
      </trkpt>
      <trkpt lat="31.0230773873627185821533203125" lon="121.42855145037174224853515625">
        <ele>5</ele>
        <time>2026-05-17T13:56:43.000Z</time>
        <extensions>
          <ns3:TrackPointExtension>
            <ns3:hr>151</ns3:hr>
            <ns3:cad>84</ns3:cad>
          </ns3:TrackPointExtension>
        </extensions>
      </trkpt>
      <trkpt lat="31.02305064909160137176513671875" lon="121.42853141762316226959228515625">
        <ele>5</ele>
        <time>2026-05-17T13:56:44.000Z</time>
        <extensions>
          <ns3:TrackPointExtension>
            <ns3:hr>152</ns3:hr>
            <ns3:cad>85</ns3:cad>
          </ns3:TrackPointExtension>
        </extensions>
      </trkpt>
      <trkpt lat="31.02302751503884792327880859375" lon="121.4285076968371868133544921875">
        <ele>4.80000019073486328125</ele>
        <time>2026-05-17T13:56:45.000Z</time>
        <extensions>
          <ns3:TrackPointExtension>
            <ns3:hr>151</ns3:hr>
            <ns3:cad>85</ns3:cad>
          </ns3:TrackPointExtension>
        </extensions>
      </trkpt>
      <trkpt lat="31.02300505153834819793701171875" lon="121.428495459258556365966796875">
        <ele>4.80000019073486328125</ele>
        <time>2026-05-17T13:56:46.000Z</time>
        <extensions>
          <ns3:TrackPointExtension>
            <ns3:hr>151</ns3:hr>
            <ns3:cad>85</ns3:cad>
          </ns3:TrackPointExtension>
        </extensions>
      </trkpt>
      <trkpt lat="31.0229774750769138336181640625" lon="121.42847509123384952545166015625">
        <ele>4.80000019073486328125</ele>
        <time>2026-05-17T13:56:47.000Z</time>
        <extensions>
          <ns3:TrackPointExtension>
            <ns3:hr>152</ns3:hr>
            <ns3:cad>85</ns3:cad>
          </ns3:TrackPointExtension>
        </extensions>
      </trkpt>
      <trkpt lat="31.02295710705220699310302734375" lon="121.4284667931497097015380859375">
        <ele>4.599999904632568359375</ele>
        <time>2026-05-17T13:56:48.000Z</time>
        <extensions>
          <ns3:TrackPointExtension>
            <ns3:hr>151</ns3:hr>
            <ns3:cad>85</ns3:cad>
          </ns3:TrackPointExtension>
        </extensions>
      </trkpt>
      <trkpt lat="31.022930704057216644287109375" lon="121.42845832742750644683837890625">
        <ele>4.599999904632568359375</ele>
        <time>2026-05-17T13:56:49.000Z</time>
        <extensions>
          <ns3:TrackPointExtension>
            <ns3:hr>151</ns3:hr>
            <ns3:cad>85</ns3:cad>
          </ns3:TrackPointExtension>
        </extensions>
      </trkpt>
      <trkpt lat="31.02290396578609943389892578125" lon="121.42844541929662227630615234375">
        <ele>4.599999904632568359375</ele>
        <time>2026-05-17T13:56:50.000Z</time>
        <extensions>
          <ns3:TrackPointExtension>
            <ns3:hr>152</ns3:hr>
            <ns3:cad>85</ns3:cad>
          </ns3:TrackPointExtension>
        </extensions>
      </trkpt>
      <trkpt lat="31.02287949062883853912353515625" lon="121.4284409768879413604736328125">
        <ele>4.599999904632568359375</ele>
        <time>2026-05-17T13:56:51.000Z</time>
        <extensions>
          <ns3:TrackPointExtension>
            <ns3:hr>152</ns3:hr>
            <ns3:cad>85</ns3:cad>
          </ns3:TrackPointExtension>
        </extensions>
      </trkpt>
      <trkpt lat="31.02284830994904041290283203125" lon="121.42843133769929409027099609375">
        <ele>4.80000019073486328125</ele>
        <time>2026-05-17T13:56:52.000Z</time>
        <extensions>
          <ns3:TrackPointExtension>
            <ns3:hr>152</ns3:hr>
            <ns3:cad>85</ns3:cad>
          </ns3:TrackPointExtension>
        </extensions>
      </trkpt>
      <trkpt lat="31.02282500825822353363037109375" lon="121.42843267880380153656005859375">
        <ele>4.80000019073486328125</ele>
        <time>2026-05-17T13:56:53.000Z</time>
        <extensions>
          <ns3:TrackPointExtension>
            <ns3:hr>152</ns3:hr>
            <ns3:cad>85</ns3:cad>
          </ns3:TrackPointExtension>
        </extensions>
      </trkpt>
      <trkpt lat="31.02279047481715679168701171875" lon="121.42843133769929409027099609375">
        <ele>5</ele>
        <time>2026-05-17T13:56:54.000Z</time>
        <extensions>
          <ns3:TrackPointExtension>
            <ns3:hr>151</ns3:hr>
            <ns3:cad>85</ns3:cad>
          </ns3:TrackPointExtension>
        </extensions>
      </trkpt>
      <trkpt lat="31.02276700548827648162841796875" lon="121.42843351699411869049072265625">
        <ele>5</ele>
        <time>2026-05-17T13:56:55.000Z</time>
        <extensions>
          <ns3:TrackPointExtension>
            <ns3:hr>152</ns3:hr>
            <ns3:cad>85</ns3:cad>
          </ns3:TrackPointExtension>
        </extensions>
      </trkpt>
      <trkpt lat="31.022735573351383209228515625" lon="121.428443156182765960693359375">
        <ele>5.19999980926513671875</ele>
        <time>2026-05-17T13:56:56.000Z</time>
        <extensions>
          <ns3:TrackPointExtension>
            <ns3:hr>152</ns3:hr>
            <ns3:cad>86</ns3:cad>
          </ns3:TrackPointExtension>
        </extensions>
      </trkpt>
      <trkpt lat="31.02270640432834625244140625" lon="121.42844776622951030731201171875">
        <ele>5.19999980926513671875</ele>
        <time>2026-05-17T13:56:57.000Z</time>
        <extensions>
          <ns3:TrackPointExtension>
            <ns3:hr>151</ns3:hr>
            <ns3:cad>85</ns3:cad>
          </ns3:TrackPointExtension>
        </extensions>
      </trkpt>
      <trkpt lat="31.0226851142942905426025390625" lon="121.428459584712982177734375">
        <ele>5.19999980926513671875</ele>
        <time>2026-05-17T13:56:58.000Z</time>
        <extensions>
          <ns3:TrackPointExtension>
            <ns3:hr>152</ns3:hr>
            <ns3:cad>85</ns3:cad>
          </ns3:TrackPointExtension>
        </extensions>
      </trkpt>
      <trkpt lat="31.02265586145222187042236328125" lon="121.4284637756645679473876953125">
        <ele>5.19999980926513671875</ele>
        <time>2026-05-17T13:56:59.000Z</time>
        <extensions>
          <ns3:TrackPointExtension>
            <ns3:hr>151</ns3:hr>
            <ns3:cad>85</ns3:cad>
          </ns3:TrackPointExtension>
        </extensions>
      </trkpt>
      <trkpt lat="31.02263574488461017608642578125" lon="121.428471319377422332763671875">
        <ele>5.19999980926513671875</ele>
        <time>2026-05-17T13:57:00.000Z</time>
        <extensions>
          <ns3:TrackPointExtension>
            <ns3:hr>151</ns3:hr>
            <ns3:cad>85</ns3:cad>
          </ns3:TrackPointExtension>
        </extensions>
      </trkpt>
      <trkpt lat="31.0226059891283512115478515625" lon="121.42848196439445018768310546875">
        <ele>5.19999980926513671875</ele>
        <time>2026-05-17T13:57:01.000Z</time>
        <extensions>
          <ns3:TrackPointExtension>
            <ns3:hr>151</ns3:hr>
            <ns3:cad>85</ns3:cad>
          </ns3:TrackPointExtension>
        </extensions>
      </trkpt>
      <trkpt lat="31.02257941849529743194580078125" lon="121.42849051393568515777587890625">
        <ele>5.19999980926513671875</ele>
        <time>2026-05-17T13:57:02.000Z</time>
        <extensions>
          <ns3:TrackPointExtension>
            <ns3:hr>152</ns3:hr>
            <ns3:cad>85</ns3:cad>
          </ns3:TrackPointExtension>
        </extensions>
      </trkpt>
      <trkpt lat="31.02255460806190967559814453125" lon="121.42850073985755443572998046875">
        <ele>5</ele>
        <time>2026-05-17T13:57:03.000Z</time>
        <extensions>
          <ns3:TrackPointExtension>
            <ns3:hr>151</ns3:hr>
            <ns3:cad>85</ns3:cad>
          </ns3:TrackPointExtension>
        </extensions>
      </trkpt>
      <trkpt lat="31.02252476848661899566650390625" lon="121.42850358970463275909423828125">
        <ele>5</ele>
        <time>2026-05-17T13:57:04.000Z</time>
        <extensions>
          <ns3:TrackPointExtension>
            <ns3:hr>151</ns3:hr>
            <ns3:cad>85</ns3:cad>
          </ns3:TrackPointExtension>
        </extensions>
      </trkpt>
      <trkpt lat="31.02250389754772186279296875" lon="121.428513228893280029296875">
        <ele>5</ele>
        <time>2026-05-17T13:57:05.000Z</time>
        <extensions>
          <ns3:TrackPointExtension>
            <ns3:hr>151</ns3:hr>
            <ns3:cad>85</ns3:cad>
          </ns3:TrackPointExtension>
        </extensions>
      </trkpt>
      <trkpt lat="31.02247296832501888275146484375" lon="121.42851616255939006805419921875">
        <ele>5</ele>
        <time>2026-05-17T13:57:06.000Z</time>
        <extensions>
          <ns3:TrackPointExtension>
            <ns3:hr>151</ns3:hr>
            <ns3:cad>85</ns3:cad>
          </ns3:TrackPointExtension>
        </extensions>
      </trkpt>
      <trkpt lat="31.02245100773870944976806640625" lon="121.42852622084319591522216796875">
        <ele>5</ele>
        <time>2026-05-17T13:57:07.000Z</time>
        <extensions>
          <ns3:TrackPointExtension>
            <ns3:hr>151</ns3:hr>
            <ns3:cad>85</ns3:cad>
          </ns3:TrackPointExtension>
        </extensions>
      </trkpt>
      <trkpt lat="31.02242100052535533905029296875" lon="121.4285375364124774932861328125">
        <ele>5.19999980926513671875</ele>
        <time>2026-05-17T13:57:08.000Z</time>
        <extensions>
          <ns3:TrackPointExtension>
            <ns3:hr>151</ns3:hr>
            <ns3:cad>85</ns3:cad>
          </ns3:TrackPointExtension>
        </extensions>
      </trkpt>
      <trkpt lat="31.02239434607326984405517578125" lon="121.4285462535917758941650390625">
        <ele>5.400000095367431640625</ele>
        <time>2026-05-17T13:57:09.000Z</time>
        <extensions>
          <ns3:TrackPointExtension>
            <ns3:hr>150</ns3:hr>
            <ns3:cad>86</ns3:cad>
          </ns3:TrackPointExtension>
        </extensions>
      </trkpt>
      <trkpt lat="31.02236769162118434906005859375" lon="121.4285569824278354644775390625">
        <ele>5.400000095367431640625</ele>
        <time>2026-05-17T13:57:10.000Z</time>
        <extensions>
          <ns3:TrackPointExtension>
            <ns3:hr>150</ns3:hr>
            <ns3:cad>86</ns3:cad>
          </ns3:TrackPointExtension>
        </extensions>
      </trkpt>
      <trkpt lat="31.02233835496008396148681640625" lon="121.4285628497600555419921875">
        <ele>5.400000095367431640625</ele>
        <time>2026-05-17T13:57:11.000Z</time>
        <extensions>
          <ns3:TrackPointExtension>
            <ns3:hr>150</ns3:hr>
            <ns3:cad>86</ns3:cad>
          </ns3:TrackPointExtension>
        </extensions>
      </trkpt>
      <trkpt lat="31.02231320925056934356689453125" lon="121.4285727404057979583740234375">
        <ele>5.400000095367431640625</ele>
        <time>2026-05-17T13:57:12.000Z</time>
        <extensions>
          <ns3:TrackPointExtension>
            <ns3:hr>150</ns3:hr>
            <ns3:cad>86</ns3:cad>
          </ns3:TrackPointExtension>
        </extensions>
      </trkpt>
      <trkpt lat="31.02227993309497833251953125" lon="121.4285760931670665740966796875">
        <ele>5.19999980926513671875</ele>
        <time>2026-05-17T13:57:13.000Z</time>
        <extensions>
          <ns3:TrackPointExtension>
            <ns3:hr>150</ns3:hr>
            <ns3:cad>86</ns3:cad>
          </ns3:TrackPointExtension>
        </extensions>
      </trkpt>
      <trkpt lat="31.02225570939481258392333984375" lon="121.4285841397941112518310546875">
        <ele>5.19999980926513671875</ele>
        <time>2026-05-17T13:57:14.000Z</time>
        <extensions>
          <ns3:TrackPointExtension>
            <ns3:hr>150</ns3:hr>
            <ns3:cad>86</ns3:cad>
          </ns3:TrackPointExtension>
        </extensions>
      </trkpt>
      <trkpt lat="31.0222231037914752960205078125" lon="121.4285868220031261444091796875">
        <ele>5.19999980926513671875</ele>
        <time>2026-05-17T13:57:15.000Z</time>
        <extensions>
          <ns3:TrackPointExtension>
            <ns3:hr>150</ns3:hr>
            <ns3:cad>87</ns3:cad>
          </ns3:TrackPointExtension>
        </extensions>
      </trkpt>
      <trkpt lat="31.02219971828162670135498046875" lon="121.4285945333540439605712890625">
        <ele>5.19999980926513671875</ele>
        <time>2026-05-17T13:57:16.000Z</time>
        <extensions>
          <ns3:TrackPointExtension>
            <ns3:hr>151</ns3:hr>
            <ns3:cad>87</ns3:cad>
          </ns3:TrackPointExtension>
        </extensions>
      </trkpt>
      <trkpt lat="31.02216669358313083648681640625" lon="121.428595371544361114501953125">
        <ele>5.400000095367431640625</ele>
        <time>2026-05-17T13:57:17.000Z</time>
        <extensions>
          <ns3:TrackPointExtension>
            <ns3:hr>150</ns3:hr>
            <ns3:cad>88</ns3:cad>
          </ns3:TrackPointExtension>
        </extensions>
      </trkpt>
      <trkpt lat="31.02214573882520198822021484375" lon="121.42860618419945240020751953125">
        <ele>5.400000095367431640625</ele>
        <time>2026-05-17T13:57:18.000Z</time>
        <extensions>
          <ns3:TrackPointExtension>
            <ns3:hr>150</ns3:hr>
            <ns3:cad>88</ns3:cad>
          </ns3:TrackPointExtension>
        </extensions>
      </trkpt>
      <trkpt lat="31.02211497724056243896484375" lon="121.42861372791230678558349609375">
        <ele>5.400000095367431640625</ele>
        <time>2026-05-17T13:57:19.000Z</time>
        <extensions>
          <ns3:TrackPointExtension>
            <ns3:hr>150</ns3:hr>
            <ns3:cad>88</ns3:cad>
          </ns3:TrackPointExtension>
        </extensions>
      </trkpt>
      <trkpt lat="31.0220913402736186981201171875" lon="121.4286257140338420867919921875">
        <ele>5.400000095367431640625</ele>
        <time>2026-05-17T13:57:20.000Z</time>
        <extensions>
          <ns3:TrackPointExtension>
            <ns3:hr>150</ns3:hr>
            <ns3:cad>87</ns3:cad>
          </ns3:TrackPointExtension>
        </extensions>
      </trkpt>
      <trkpt lat="31.0220601595938205718994140625" lon="121.4286371134221553802490234375">
        <ele>5.400000095367431640625</ele>
        <time>2026-05-17T13:57:21.000Z</time>
        <extensions>
          <ns3:TrackPointExtension>
            <ns3:hr>151</ns3:hr>
            <ns3:cad>87</ns3:cad>
          </ns3:TrackPointExtension>
        </extensions>
      </trkpt>
      <trkpt lat="31.0220326669514179229736328125" lon="121.4286424778401851654052734375">
        <ele>5.400000095367431640625</ele>
        <time>2026-05-17T13:57:22.000Z</time>
        <extensions>
          <ns3:TrackPointExtension>
            <ns3:hr>151</ns3:hr>
            <ns3:cad>87</ns3:cad>
          </ns3:TrackPointExtension>
        </extensions>
      </trkpt>
      <trkpt lat="31.02200676687061786651611328125" lon="121.42865111120045185089111328125">
        <ele>5.400000095367431640625</ele>
        <time>2026-05-17T13:57:23.000Z</time>
        <extensions>
          <ns3:TrackPointExtension>
            <ns3:hr>151</ns3:hr>
            <ns3:cad>88</ns3:cad>
          </ns3:TrackPointExtension>
        </extensions>
      </trkpt>
      <trkpt lat="31.02197709493339061737060546875" lon="121.42865429632365703582763671875">
        <ele>5.400000095367431640625</ele>
        <time>2026-05-17T13:57:24.000Z</time>
        <extensions>
          <ns3:TrackPointExtension>
            <ns3:hr>151</ns3:hr>
            <ns3:cad>88</ns3:cad>
          </ns3:TrackPointExtension>
        </extensions>
      </trkpt>
      <trkpt lat="31.0219542123377323150634765625" lon="121.4286662824451923370361328125">
        <ele>5.400000095367431640625</ele>
        <time>2026-05-17T13:57:25.000Z</time>
        <extensions>
          <ns3:TrackPointExtension>
            <ns3:hr>151</ns3:hr>
            <ns3:cad>87</ns3:cad>
          </ns3:TrackPointExtension>
        </extensions>
      </trkpt>
      <trkpt lat="31.02192026562988758087158203125" lon="121.42867692746222019195556640625">
        <ele>5.599999904632568359375</ele>
        <time>2026-05-17T13:57:26.000Z</time>
        <extensions>
          <ns3:TrackPointExtension>
            <ns3:hr>151</ns3:hr>
            <ns3:cad>87</ns3:cad>
          </ns3:TrackPointExtension>
        </extensions>
      </trkpt>
      <trkpt lat="31.0219002328813076019287109375" lon="121.4286907576024532318115234375">
        <ele>5.599999904632568359375</ele>
        <time>2026-05-17T13:57:27.000Z</time>
        <extensions>
          <ns3:TrackPointExtension>
            <ns3:hr>151</ns3:hr>
            <ns3:cad>87</ns3:cad>
          </ns3:TrackPointExtension>
        </extensions>
      </trkpt>
      <trkpt lat="31.021868884563446044921875" lon="121.4287130534648895263671875">
        <ele>5.599999904632568359375</ele>
        <time>2026-05-17T13:57:28.000Z</time>
        <extensions>
          <ns3:TrackPointExtension>
            <ns3:hr>151</ns3:hr>
            <ns3:cad>86</ns3:cad>
          </ns3:TrackPointExtension>
        </extensions>
      </trkpt>
      <trkpt lat="31.0218509472906589508056640625" lon="121.42873392440378665924072265625">
        <ele>5.599999904632568359375</ele>
        <time>2026-05-17T13:57:29.000Z</time>
        <extensions>
          <ns3:TrackPointExtension>
            <ns3:hr>152</ns3:hr>
            <ns3:cad>86</ns3:cad>
          </ns3:TrackPointExtension>
        </extensions>
      </trkpt>
      <trkpt lat="31.0218268074095249176025390625" lon="121.42876057885587215423583984375">
        <ele>5.599999904632568359375</ele>
        <time>2026-05-17T13:57:30.000Z</time>
        <extensions>
          <ns3:TrackPointExtension>
            <ns3:hr>151</ns3:hr>
            <ns3:cad>86</ns3:cad>
          </ns3:TrackPointExtension>
        </extensions>
      </trkpt>
      <trkpt lat="31.021808199584484100341796875" lon="121.42878555692732334136962890625">
        <ele>5.599999904632568359375</ele>
        <time>2026-05-17T13:57:31.000Z</time>
        <extensions>
          <ns3:TrackPointExtension>
            <ns3:hr>151</ns3:hr>
            <ns3:cad>86</ns3:cad>
          </ns3:TrackPointExtension>
        </extensions>
      </trkpt>
      <trkpt lat="31.021791435778141021728515625" lon="121.42881422303617000579833984375">
        <ele>5.599999904632568359375</ele>
        <time>2026-05-17T13:57:32.000Z</time>
        <extensions>
          <ns3:TrackPointExtension>
            <ns3:hr>152</ns3:hr>
            <ns3:cad>87</ns3:cad>
          </ns3:TrackPointExtension>
        </extensions>
      </trkpt>
      <trkpt lat="31.02177307941019535064697265625" lon="121.42884205095469951629638671875">
        <ele>5.80000019073486328125</ele>
        <time>2026-05-17T13:57:33.000Z</time>
        <extensions>
          <ns3:TrackPointExtension>
            <ns3:hr>151</ns3:hr>
            <ns3:cad>87</ns3:cad>
          </ns3:TrackPointExtension>
        </extensions>
      </trkpt>
      <trkpt lat="31.021761931478977203369140625" lon="121.4288699626922607421875">
        <ele>5.80000019073486328125</ele>
        <time>2026-05-17T13:57:34.000Z</time>
        <extensions>
          <ns3:TrackPointExtension>
            <ns3:hr>151</ns3:hr>
            <ns3:cad>87</ns3:cad>
          </ns3:TrackPointExtension>
        </extensions>
      </trkpt>
      <trkpt lat="31.02174525149166584014892578125" lon="121.42890072427690029144287109375">
        <ele>5.80000019073486328125</ele>
        <time>2026-05-17T13:57:35.000Z</time>
        <extensions>
          <ns3:TrackPointExtension>
            <ns3:hr>151</ns3:hr>
            <ns3:cad>87</ns3:cad>
          </ns3:TrackPointExtension>
        </extensions>
      </trkpt>
      <trkpt lat="31.02173787541687488555908203125" lon="121.42892821691930294036865234375">
        <ele>5.80000019073486328125</ele>
        <time>2026-05-17T13:57:36.000Z</time>
        <extensions>
          <ns3:TrackPointExtension>
            <ns3:hr>151</ns3:hr>
            <ns3:cad>87</ns3:cad>
          </ns3:TrackPointExtension>
        </extensions>
      </trkpt>
      <trkpt lat="31.02172203361988067626953125" lon="121.4289653487503528594970703125">
        <ele>5.80000019073486328125</ele>
        <time>2026-05-17T13:57:37.000Z</time>
        <extensions>
          <ns3:TrackPointExtension>
            <ns3:hr>151</ns3:hr>
            <ns3:cad>87</ns3:cad>
          </ns3:TrackPointExtension>
        </extensions>
      </trkpt>
      <trkpt lat="31.021719686686992645263671875" lon="121.42899443395435810089111328125">
        <ele>5.80000019073486328125</ele>
        <time>2026-05-17T13:57:38.000Z</time>
        <extensions>
          <ns3:TrackPointExtension>
            <ns3:hr>151</ns3:hr>
            <ns3:cad>87</ns3:cad>
          </ns3:TrackPointExtension>
        </extensions>
      </trkpt>
      <trkpt lat="31.02171775884926319122314453125" lon="121.4290307275950908660888671875">
        <ele>5.80000019073486328125</ele>
        <time>2026-05-17T13:57:39.000Z</time>
        <extensions>
          <ns3:TrackPointExtension>
            <ns3:hr>151</ns3:hr>
            <ns3:cad>86</ns3:cad>
          </ns3:TrackPointExtension>
        </extensions>
      </trkpt>
      <trkpt lat="31.0217198543250560760498046875" lon="121.4290622435510158538818359375">
        <ele>5.80000019073486328125</ele>
        <time>2026-05-17T13:57:40.000Z</time>
        <extensions>
          <ns3:TrackPointExtension>
            <ns3:hr>151</ns3:hr>
            <ns3:cad>86</ns3:cad>
          </ns3:TrackPointExtension>
        </extensions>
      </trkpt>
      <trkpt lat="31.0217235423624515533447265625" lon="121.42909367568790912628173828125">
        <ele>5.599999904632568359375</ele>
        <time>2026-05-17T13:57:41.000Z</time>
        <extensions>
          <ns3:TrackPointExtension>
            <ns3:hr>151</ns3:hr>
            <ns3:cad>86</ns3:cad>
          </ns3:TrackPointExtension>
        </extensions>
      </trkpt>
      <trkpt lat="31.02172203361988067626953125" lon="121.42912787385284900665283203125">
        <ele>5.599999904632568359375</ele>
        <time>2026-05-17T13:57:42.000Z</time>
        <extensions>
          <ns3:TrackPointExtension>
            <ns3:hr>151</ns3:hr>
            <ns3:cad>86</ns3:cad>
          </ns3:TrackPointExtension>
        </extensions>
      </trkpt>
      <trkpt lat="31.0217279009521007537841796875" lon="121.42915989272296428680419921875">
        <ele>5.599999904632568359375</ele>
        <time>2026-05-17T13:57:43.000Z</time>
        <extensions>
          <ns3:TrackPointExtension>
            <ns3:hr>151</ns3:hr>
            <ns3:cad>86</ns3:cad>
          </ns3:TrackPointExtension>
        </extensions>
      </trkpt>
      <trkpt lat="31.021731756627559661865234375" lon="121.42919274978339672088623046875">
        <ele>5.599999904632568359375</ele>
        <time>2026-05-17T13:57:44.000Z</time>
        <extensions>
          <ns3:TrackPointExtension>
            <ns3:hr>152</ns3:hr>
            <ns3:cad>86</ns3:cad>
          </ns3:TrackPointExtension>
        </extensions>
      </trkpt>
      <trkpt lat="31.02174323983490467071533203125" lon="121.4292174763977527618408203125">
        <ele>5.599999904632568359375</ele>
        <time>2026-05-17T13:57:45.000Z</time>
        <extensions>
          <ns3:TrackPointExtension>
            <ns3:hr>152</ns3:hr>
            <ns3:cad>86</ns3:cad>
          </ns3:TrackPointExtension>
        </extensions>
      </trkpt>
      <trkpt lat="31.0217510350048542022705078125" lon="121.42925083637237548828125">
        <ele>5.400000095367431640625</ele>
        <time>2026-05-17T13:57:46.000Z</time>
        <extensions>
          <ns3:TrackPointExtension>
            <ns3:hr>151</ns3:hr>
            <ns3:cad>88</ns3:cad>
          </ns3:TrackPointExtension>
        </extensions>
      </trkpt>
      <trkpt lat="31.02176151238381862640380859375" lon="121.42927254550158977508544921875">
        <ele>5.400000095367431640625</ele>
        <time>2026-05-17T13:57:47.000Z</time>
        <extensions>
          <ns3:TrackPointExtension>
            <ns3:hr>152</ns3:hr>
            <ns3:cad>88</ns3:cad>
          </ns3:TrackPointExtension>
        </extensions>
      </trkpt>
      <trkpt lat="31.0217748396098613739013671875" lon="121.4293076656758785247802734375">
        <ele>5.400000095367431640625</ele>
        <time>2026-05-17T13:57:48.000Z</time>
        <extensions>
          <ns3:TrackPointExtension>
            <ns3:hr>152</ns3:hr>
            <ns3:cad>87</ns3:cad>
          </ns3:TrackPointExtension>
        </extensions>
      </trkpt>
      <trkpt lat="31.02178783155977725982666015625" lon="121.429333649575710296630859375">
        <ele>5.400000095367431640625</ele>
        <time>2026-05-17T13:57:49.000Z</time>
        <extensions>
          <ns3:TrackPointExtension>
            <ns3:hr>152</ns3:hr>
            <ns3:cad>87</ns3:cad>
          </ns3:TrackPointExtension>
        </extensions>
      </trkpt>
      <trkpt lat="31.02180677466094493865966796875" lon="121.42936105839908123016357421875">
        <ele>5.400000095367431640625</ele>
        <time>2026-05-17T13:57:50.000Z</time>
        <extensions>
          <ns3:TrackPointExtension>
            <ns3:hr>151</ns3:hr>
            <ns3:cad>86</ns3:cad>
          </ns3:TrackPointExtension>
        </extensions>
      </trkpt>
      <trkpt lat="31.021828986704349517822265625" lon="121.4293864555656909942626953125">
        <ele>5.400000095367431640625</ele>
        <time>2026-05-17T13:57:51.000Z</time>
        <extensions>
          <ns3:TrackPointExtension>
            <ns3:hr>152</ns3:hr>
            <ns3:cad>86</ns3:cad>
          </ns3:TrackPointExtension>
        </extensions>
      </trkpt>
      <trkpt lat="31.02185346186161041259765625" lon="121.4294052310287952423095703125">
        <ele>5.400000095367431640625</ele>
        <time>2026-05-17T13:57:52.000Z</time>
        <extensions>
          <ns3:TrackPointExtension>
            <ns3:hr>152</ns3:hr>
            <ns3:cad>86</ns3:cad>
          </ns3:TrackPointExtension>
        </extensions>
      </trkpt>
      <trkpt lat="31.02187701500952243804931640625" lon="121.4294307120144367218017578125">
        <ele>5.400000095367431640625</ele>
        <time>2026-05-17T13:57:53.000Z</time>
        <extensions>
          <ns3:TrackPointExtension>
            <ns3:hr>152</ns3:hr>
            <ns3:cad>86</ns3:cad>
          </ns3:TrackPointExtension>
        </extensions>
      </trkpt>
      <trkpt lat="31.02189838886260986328125" lon="121.42944638617336750030517578125">
        <ele>5.400000095367431640625</ele>
        <time>2026-05-17T13:57:54.000Z</time>
        <extensions>
          <ns3:TrackPointExtension>
            <ns3:hr>152</ns3:hr>
            <ns3:cad>86</ns3:cad>
          </ns3:TrackPointExtension>
        </extensions>
      </trkpt>
      <trkpt lat="31.02192680351436138153076171875" lon="121.42947002314031124114990234375">
        <ele>5.400000095367431640625</ele>
        <time>2026-05-17T13:57:55.000Z</time>
        <extensions>
          <ns3:TrackPointExtension>
            <ns3:hr>153</ns3:hr>
            <ns3:cad>86</ns3:cad>
          </ns3:TrackPointExtension>
        </extensions>
      </trkpt>
      <trkpt lat="31.02198178879916667938232421875" lon="121.42949818633496761322021484375">
        <ele>5.599999904632568359375</ele>
        <time>2026-05-17T13:57:56.000Z</time>
        <extensions>
          <ns3:TrackPointExtension>
            <ns3:hr>153</ns3:hr>
            <ns3:cad>86</ns3:cad>
          </ns3:TrackPointExtension>
        </extensions>
      </trkpt>
      <trkpt lat="31.02198178879916667938232421875" lon="121.42949818633496761322021484375">
        <ele>5.599999904632568359375</ele>
        <time>2026-05-17T13:57:57.000Z</time>
        <extensions>
          <ns3:TrackPointExtension>
            <ns3:hr>153</ns3:hr>
            <ns3:cad>86</ns3:cad>
          </ns3:TrackPointExtension>
        </extensions>
      </trkpt>
      <trkpt lat="31.02200626395642757415771484375" lon="121.42950204201042652130126953125">
        <ele>5.599999904632568359375</ele>
        <time>2026-05-17T13:57:58.000Z</time>
        <extensions>
          <ns3:TrackPointExtension>
            <ns3:hr>153</ns3:hr>
            <ns3:cad>87</ns3:cad>
          </ns3:TrackPointExtension>
        </extensions>
      </trkpt>
      <trkpt lat="31.02204255759716033935546875" lon="121.42950941808521747589111328125">
        <ele>5.400000095367431640625</ele>
        <time>2026-05-17T13:57:59.000Z</time>
        <extensions>
          <ns3:TrackPointExtension>
            <ns3:hr>153</ns3:hr>
            <ns3:cad>87</ns3:cad>
          </ns3:TrackPointExtension>
        </extensions>
      </trkpt>
      <trkpt lat="31.02206996642053127288818359375" lon="121.429509334266185760498046875">
        <ele>5.400000095367431640625</ele>
        <time>2026-05-17T13:58:00.000Z</time>
        <extensions>
          <ns3:TrackPointExtension>
            <ns3:hr>153</ns3:hr>
            <ns3:cad>87</ns3:cad>
          </ns3:TrackPointExtension>
        </extensions>
      </trkpt>
      <trkpt lat="31.02210584096610546112060546875" lon="121.42950606532394886016845703125">
        <ele>5.599999904632568359375</ele>
        <time>2026-05-17T13:58:01.000Z</time>
        <extensions>
          <ns3:TrackPointExtension>
            <ns3:hr>154</ns3:hr>
            <ns3:cad>87</ns3:cad>
          </ns3:TrackPointExtension>
        </extensions>
      </trkpt>
      <trkpt lat="31.022135429084300994873046875" lon="121.42950338311493396759033203125">
        <ele>5.599999904632568359375</ele>
        <time>2026-05-17T13:58:02.000Z</time>
        <extensions>
          <ns3:TrackPointExtension>
            <ns3:hr>154</ns3:hr>
            <ns3:cad>89</ns3:cad>
          </ns3:TrackPointExtension>
        </extensions>
      </trkpt>
      <trkpt lat="31.0221600718796253204345703125" lon="121.42949634231626987457275390625">
        <ele>5.80000019073486328125</ele>
        <time>2026-05-17T13:58:03.000Z</time>
        <extensions>
          <ns3:TrackPointExtension>
            <ns3:hr>154</ns3:hr>
            <ns3:cad>88</ns3:cad>
          </ns3:TrackPointExtension>
        </extensions>
      </trkpt>
      <trkpt lat="31.02218848653137683868408203125" lon="121.42949449829757213592529296875">
        <ele>5.80000019073486328125</ele>
        <time>2026-05-17T13:58:04.000Z</time>
        <extensions>
          <ns3:TrackPointExtension>
            <ns3:hr>154</ns3:hr>
            <ns3:cad>87</ns3:cad>
          </ns3:TrackPointExtension>
        </extensions>
      </trkpt>
      <trkpt lat="31.02220793254673480987548828125" lon="121.42948661930859088897705078125">
        <ele>5.80000019073486328125</ele>
        <time>2026-05-17T13:58:05.000Z</time>
        <extensions>
          <ns3:TrackPointExtension>
            <ns3:hr>155</ns3:hr>
            <ns3:cad>87</ns3:cad>
          </ns3:TrackPointExtension>
        </extensions>
      </trkpt>
      <trkpt lat="31.02223835885524749755859375" lon="121.42948259599506855010986328125">
        <ele>6</ele>
        <time>2026-05-17T13:58:06.000Z</time>
        <extensions>
          <ns3:TrackPointExtension>
            <ns3:hr>155</ns3:hr>
            <ns3:cad>86</ns3:cad>
          </ns3:TrackPointExtension>
        </extensions>
      </trkpt>
      <trkpt lat="31.02225654758512973785400390625" lon="121.4294736273586750030517578125">
        <ele>6</ele>
        <time>2026-05-17T13:58:07.000Z</time>
        <extensions>
          <ns3:TrackPointExtension>
            <ns3:hr>155</ns3:hr>
            <ns3:cad>86</ns3:cad>
          </ns3:TrackPointExtension>
        </extensions>
      </trkpt>
      <trkpt lat="31.02230985648930072784423828125" lon="121.429455690085887908935546875">
        <ele>6</ele>
        <time>2026-05-17T13:58:08.000Z</time>
        <extensions>
          <ns3:TrackPointExtension>
            <ns3:hr>154</ns3:hr>
            <ns3:cad>86</ns3:cad>
          </ns3:TrackPointExtension>
        </extensions>
      </trkpt>
      <trkpt lat="31.02230985648930072784423828125" lon="121.429455690085887908935546875">
        <ele>6</ele>
        <time>2026-05-17T13:58:09.000Z</time>
        <extensions>
          <ns3:TrackPointExtension>
            <ns3:hr>155</ns3:hr>
            <ns3:cad>86</ns3:cad>
          </ns3:TrackPointExtension>
        </extensions>
      </trkpt>
      <trkpt lat="31.0223441384732723236083984375" lon="121.4294484816491603851318359375">
        <ele>6.19999980926513671875</ele>
        <time>2026-05-17T13:58:10.000Z</time>
        <extensions>
          <ns3:TrackPointExtension>
            <ns3:hr>155</ns3:hr>
            <ns3:cad>87</ns3:cad>
          </ns3:TrackPointExtension>
        </extensions>
      </trkpt>
      <trkpt lat="31.02236819453537464141845703125" lon="121.429435908794403076171875">
        <ele>6</ele>
        <time>2026-05-17T13:58:11.000Z</time>
        <extensions>
          <ns3:TrackPointExtension>
            <ns3:hr>155</ns3:hr>
            <ns3:cad>87</ns3:cad>
          </ns3:TrackPointExtension>
        </extensions>
      </trkpt>
      <trkpt lat="31.02240172214806079864501953125" lon="121.42942626960575580596923828125">
        <ele>6</ele>
        <time>2026-05-17T13:58:12.000Z</time>
        <extensions>
          <ns3:TrackPointExtension>
            <ns3:hr>154</ns3:hr>
            <ns3:cad>87</ns3:cad>
          </ns3:TrackPointExtension>
        </extensions>
      </trkpt>
      <trkpt lat="31.02242611348628997802734375" lon="121.42941939644515514373779296875">
        <ele>6</ele>
        <time>2026-05-17T13:58:13.000Z</time>
        <extensions>
          <ns3:TrackPointExtension>
            <ns3:hr>155</ns3:hr>
            <ns3:cad>87</ns3:cad>
          </ns3:TrackPointExtension>
        </extensions>
      </trkpt>
      <trkpt lat="31.02245201356709003448486328125" lon="121.42940246500074863433837890625">
        <ele>6</ele>
        <time>2026-05-17T13:58:14.000Z</time>
        <extensions>
          <ns3:TrackPointExtension>
            <ns3:hr>155</ns3:hr>
            <ns3:cad>89</ns3:cad>
          </ns3:TrackPointExtension>
        </extensions>
      </trkpt>
      <trkpt lat="31.02247917093336582183837890625" lon="121.42939592711627483367919921875">
        <ele>6</ele>
        <time>2026-05-17T13:58:15.000Z</time>
        <extensions>
          <ns3:TrackPointExtension>
            <ns3:hr>155</ns3:hr>
            <ns3:cad>88</ns3:cad>
          </ns3:TrackPointExtension>
        </extensions>
      </trkpt>
      <trkpt lat="31.02250599302351474761962890625" lon="121.42938972450792789459228515625">
        <ele>5.80000019073486328125</ele>
        <time>2026-05-17T13:58:16.000Z</time>
        <extensions>
          <ns3:TrackPointExtension>
            <ns3:hr>154</ns3:hr>
            <ns3:cad>88</ns3:cad>
          </ns3:TrackPointExtension>
        </extensions>
      </trkpt>
      <trkpt lat="31.02254010736942291259765625" lon="121.4293841086328029632568359375">
        <ele>5.80000019073486328125</ele>
        <time>2026-05-17T13:58:17.000Z</time>
        <extensions>
          <ns3:TrackPointExtension>
            <ns3:hr>155</ns3:hr>
            <ns3:cad>87</ns3:cad>
          </ns3:TrackPointExtension>
        </extensions>
      </trkpt>
      <trkpt lat="31.02256349287927150726318359375" lon="121.42937664873898029327392578125">
        <ele>5.80000019073486328125</ele>
        <time>2026-05-17T13:58:18.000Z</time>
        <extensions>
          <ns3:TrackPointExtension>
            <ns3:hr>155</ns3:hr>
            <ns3:cad>87</ns3:cad>
          </ns3:TrackPointExtension>
        </extensions>
      </trkpt>
      <trkpt lat="31.02260087616741657257080078125" lon="121.4293757267296314239501953125">
        <ele>5.80000019073486328125</ele>
        <time>2026-05-17T13:58:19.000Z</time>
        <extensions>
          <ns3:TrackPointExtension>
            <ns3:hr>154</ns3:hr>
            <ns3:cad>87</ns3:cad>
          </ns3:TrackPointExtension>
        </extensions>
      </trkpt>
      <trkpt lat="31.02262434549629688262939453125" lon="121.42936809919774532318115234375">
        <ele>5.80000019073486328125</ele>
        <time>2026-05-17T13:58:20.000Z</time>
        <extensions>
          <ns3:TrackPointExtension>
            <ns3:hr>155</ns3:hr>
            <ns3:cad>87</ns3:cad>
          </ns3:TrackPointExtension>
        </extensions>
      </trkpt>
      <trkpt lat="31.02265753783285617828369140625" lon="121.429358460009098052978515625">
        <ele>5.599999904632568359375</ele>
        <time>2026-05-17T13:58:21.000Z</time>
        <extensions>
          <ns3:TrackPointExtension>
            <ns3:hr>155</ns3:hr>
            <ns3:cad>86</ns3:cad>
          </ns3:TrackPointExtension>
        </extensions>
      </trkpt>
      <trkpt lat="31.022683270275592803955078125" lon="121.42935066483914852142333984375">
        <ele>5.599999904632568359375</ele>
        <time>2026-05-17T13:58:22.000Z</time>
        <extensions>
          <ns3:TrackPointExtension>
            <ns3:hr>154</ns3:hr>
            <ns3:cad>86</ns3:cad>
          </ns3:TrackPointExtension>
        </extensions>
      </trkpt>
      <trkpt lat="31.02271042764186859130859375" lon="121.42933893017470836639404296875">
        <ele>5.80000019073486328125</ele>
        <time>2026-05-17T13:58:23.000Z</time>
        <extensions>
          <ns3:TrackPointExtension>
            <ns3:hr>155</ns3:hr>
            <ns3:cad>86</ns3:cad>
          </ns3:TrackPointExtension>
        </extensions>
      </trkpt>
      <trkpt lat="31.022740267217159271240234375" lon="121.42934127710759639739990234375">
        <ele>5.80000019073486328125</ele>
        <time>2026-05-17T13:58:24.000Z</time>
        <extensions>
          <ns3:TrackPointExtension>
            <ns3:hr>155</ns3:hr>
            <ns3:cad>87</ns3:cad>
          </ns3:TrackPointExtension>
        </extensions>
      </trkpt>
      <trkpt lat="31.0227672569453716278076171875" lon="121.42933239229023456573486328125">
        <ele>5.80000019073486328125</ele>
        <time>2026-05-17T13:58:25.000Z</time>
        <extensions>
          <ns3:TrackPointExtension>
            <ns3:hr>154</ns3:hr>
            <ns3:cad>87</ns3:cad>
          </ns3:TrackPointExtension>
        </extensions>
      </trkpt>
      <trkpt lat="31.0227982699871063232421875" lon="121.42933331429958343505859375">
        <ele>5.80000019073486328125</ele>
        <time>2026-05-17T13:58:26.000Z</time>
        <extensions>
          <ns3:TrackPointExtension>
            <ns3:hr>155</ns3:hr>
            <ns3:cad>87</ns3:cad>
          </ns3:TrackPointExtension>
        </extensions>
      </trkpt>
      <trkpt lat="31.0228222422301769256591796875" lon="121.42932803370058536529541015625">
        <ele>5.80000019073486328125</ele>
        <time>2026-05-17T13:58:27.000Z</time>
        <extensions>
          <ns3:TrackPointExtension>
            <ns3:hr>155</ns3:hr>
            <ns3:cad>87</ns3:cad>
          </ns3:TrackPointExtension>
        </extensions>
      </trkpt>
      <trkpt lat="31.02285970933735370635986328125" lon="121.42932384274899959564208984375">
        <ele>5.80000019073486328125</ele>
        <time>2026-05-17T13:58:28.000Z</time>
        <extensions>
          <ns3:TrackPointExtension>
            <ns3:hr>154</ns3:hr>
            <ns3:cad>87</ns3:cad>
          </ns3:TrackPointExtension>
        </extensions>
      </trkpt>
      <trkpt lat="31.0228846035897731781005859375" lon="121.42931587994098663330078125">
        <ele>5.599999904632568359375</ele>
        <time>2026-05-17T13:58:29.000Z</time>
        <extensions>
          <ns3:TrackPointExtension>
            <ns3:hr>155</ns3:hr>
            <ns3:cad>88</ns3:cad>
          </ns3:TrackPointExtension>
        </extensions>
      </trkpt>
      <trkpt lat="31.022917293012142181396484375" lon="121.42930774949491024017333984375">
        <ele>5.599999904632568359375</ele>
        <time>2026-05-17T13:58:30.000Z</time>
        <extensions>
          <ns3:TrackPointExtension>
            <ns3:hr>155</ns3:hr>
            <ns3:cad>88</ns3:cad>
          </ns3:TrackPointExtension>
        </extensions>
      </trkpt>
      <trkpt lat="31.02294201962649822235107421875" lon="121.42929752357304096221923828125">
        <ele>5.599999904632568359375</ele>
        <time>2026-05-17T13:58:31.000Z</time>
        <extensions>
          <ns3:TrackPointExtension>
            <ns3:hr>155</ns3:hr>
            <ns3:cad>88</ns3:cad>
          </ns3:TrackPointExtension>
        </extensions>
      </trkpt>
      <trkpt lat="31.0229717753827571868896484375" lon="121.4292818494141101837158203125">
        <ele>5.400000095367431640625</ele>
        <time>2026-05-17T13:58:32.000Z</time>
        <extensions>
          <ns3:TrackPointExtension>
            <ns3:hr>155</ns3:hr>
            <ns3:cad>88</ns3:cad>
          </ns3:TrackPointExtension>
        </extensions>
      </trkpt>
      <trkpt lat="31.0229967534542083740234375" lon="121.4292613975703716278076171875">
        <ele>5.400000095367431640625</ele>
        <time>2026-05-17T13:58:33.000Z</time>
        <extensions>
          <ns3:TrackPointExtension>
            <ns3:hr>156</ns3:hr>
            <ns3:cad>87</ns3:cad>
          </ns3:TrackPointExtension>
        </extensions>
      </trkpt>
      <trkpt lat="31.02302583865821361541748046875" lon="121.4292387664318084716796875">
        <ele>5.400000095367431640625</ele>
        <time>2026-05-17T13:58:34.000Z</time>
        <extensions>
          <ns3:TrackPointExtension>
            <ns3:hr>156</ns3:hr>
            <ns3:cad>87</ns3:cad>
          </ns3:TrackPointExtension>
        </extensions>
      </trkpt>
      <trkpt lat="31.0230482183396816253662109375" lon="121.4292201586067676544189453125">
        <ele>5.400000095367431640625</ele>
        <time>2026-05-17T13:58:35.000Z</time>
        <extensions>
          <ns3:TrackPointExtension>
            <ns3:hr>156</ns3:hr>
            <ns3:cad>88</ns3:cad>
          </ns3:TrackPointExtension>
        </extensions>
      </trkpt>
      <trkpt lat="31.02306850254535675048828125" lon="121.4291960187256336212158203125">
        <ele>5.19999980926513671875</ele>
        <time>2026-05-17T13:58:36.000Z</time>
        <extensions>
          <ns3:TrackPointExtension>
            <ns3:hr>156</ns3:hr>
            <ns3:cad>88</ns3:cad>
          </ns3:TrackPointExtension>
        </extensions>
      </trkpt>
      <trkpt lat="31.0230934806168079376220703125" lon="121.42917782999575138092041015625">
        <ele>5.19999980926513671875</ele>
        <time>2026-05-17T13:58:37.000Z</time>
        <extensions>
          <ns3:TrackPointExtension>
            <ns3:hr>157</ns3:hr>
            <ns3:cad>88</ns3:cad>
          </ns3:TrackPointExtension>
        </extensions>
      </trkpt>
      <trkpt lat="31.0231105796992778778076171875" lon="121.429155282676219940185546875">
        <ele>5.19999980926513671875</ele>
        <time>2026-05-17T13:58:38.000Z</time>
        <extensions>
          <ns3:TrackPointExtension>
            <ns3:hr>156</ns3:hr>
            <ns3:cad>88</ns3:cad>
          </ns3:TrackPointExtension>
        </extensions>
      </trkpt>
      <trkpt lat="31.0231320373713970184326171875" lon="121.42912820912897586822509765625">
        <ele>5.19999980926513671875</ele>
        <time>2026-05-17T13:58:39.000Z</time>
        <extensions>
          <ns3:TrackPointExtension>
            <ns3:hr>157</ns3:hr>
            <ns3:cad>87</ns3:cad>
          </ns3:TrackPointExtension>
        </extensions>
      </trkpt>
      <trkpt lat="31.02314419113099575042724609375" lon="121.429103314876556396484375">
        <ele>5.19999980926513671875</ele>
        <time>2026-05-17T13:58:40.000Z</time>
        <extensions>
          <ns3:TrackPointExtension>
            <ns3:hr>157</ns3:hr>
            <ns3:cad>87</ns3:cad>
          </ns3:TrackPointExtension>
        </extensions>
      </trkpt>
      <trkpt lat="31.02316011674702167510986328125" lon="121.42906551249325275421142578125">
        <ele>5.19999980926513671875</ele>
        <time>2026-05-17T13:58:41.000Z</time>
        <extensions>
          <ns3:TrackPointExtension>
            <ns3:hr>156</ns3:hr>
            <ns3:cad>86</ns3:cad>
          </ns3:TrackPointExtension>
        </extensions>
      </trkpt>
      <trkpt lat="31.0231719352304935455322265625" lon="121.42903466708958148956298828125">
        <ele>5.19999980926513671875</ele>
        <time>2026-05-17T13:58:42.000Z</time>
        <extensions>
          <ns3:TrackPointExtension>
            <ns3:hr>157</ns3:hr>
            <ns3:cad>86</ns3:cad>
          </ns3:TrackPointExtension>
        </extensions>
      </trkpt>
      <trkpt lat="31.0231769643723964691162109375" lon="121.4290027320384979248046875">
        <ele>5.19999980926513671875</ele>
        <time>2026-05-17T13:58:43.000Z</time>
        <extensions>
          <ns3:TrackPointExtension>
            <ns3:hr>156</ns3:hr>
            <ns3:cad>86</ns3:cad>
          </ns3:TrackPointExtension>
        </extensions>
      </trkpt>
      <trkpt lat="31.0231871902942657470703125" lon="121.42896811477839946746826171875">
        <ele>5.19999980926513671875</ele>
        <time>2026-05-17T13:58:44.000Z</time>
        <extensions>
          <ns3:TrackPointExtension>
            <ns3:hr>156</ns3:hr>
            <ns3:cad>86</ns3:cad>
          </ns3:TrackPointExtension>
        </extensions>
      </trkpt>
      <trkpt lat="31.023189537227153778076171875" lon="121.42894129268825054168701171875">
        <ele>5.19999980926513671875</ele>
        <time>2026-05-17T13:58:45.000Z</time>
        <extensions>
          <ns3:TrackPointExtension>
            <ns3:hr>157</ns3:hr>
            <ns3:cad>85</ns3:cad>
          </ns3:TrackPointExtension>
        </extensions>
      </trkpt>
      <trkpt lat="31.02319582365453243255615234375" lon="121.428902484476566314697265625">
        <ele>5.19999980926513671875</ele>
        <time>2026-05-17T13:58:46.000Z</time>
        <extensions>
          <ns3:TrackPointExtension>
            <ns3:hr>157</ns3:hr>
            <ns3:cad>85</ns3:cad>
          </ns3:TrackPointExtension>
        </extensions>
      </trkpt>
      <trkpt lat="31.0231933929026126861572265625" lon="121.42887465655803680419921875">
        <ele>5.19999980926513671875</ele>
        <time>2026-05-17T13:58:47.000Z</time>
        <extensions>
          <ns3:TrackPointExtension>
            <ns3:hr>157</ns3:hr>
            <ns3:cad>85</ns3:cad>
          </ns3:TrackPointExtension>
        </extensions>
      </trkpt>
      <trkpt lat="31.023190878331661224365234375" lon="121.42883568070828914642333984375">
        <ele>5</ele>
        <time>2026-05-17T13:58:48.000Z</time>
        <extensions>
          <ns3:TrackPointExtension>
            <ns3:hr>157</ns3:hr>
            <ns3:cad>85</ns3:cad>
          </ns3:TrackPointExtension>
        </extensions>
      </trkpt>
      <trkpt lat="31.02319012396037578582763671875" lon="121.4288020692765712738037109375">
        <ele>4.80000019073486328125</ele>
        <time>2026-05-17T13:58:49.000Z</time>
        <extensions>
          <ns3:TrackPointExtension>
            <ns3:hr>158</ns3:hr>
            <ns3:cad>85</ns3:cad>
          </ns3:TrackPointExtension>
        </extensions>
      </trkpt>
      <trkpt lat="31.02317713201045989990234375" lon="121.42872990109026432037353515625">
        <ele>4.599999904632568359375</ele>
        <time>2026-05-17T13:58:50.000Z</time>
        <extensions>
          <ns3:TrackPointExtension>
            <ns3:hr>158</ns3:hr>
            <ns3:cad>85</ns3:cad>
          </ns3:TrackPointExtension>
        </extensions>
      </trkpt>
      <trkpt lat="31.02317713201045989990234375" lon="121.42872990109026432037353515625">
        <ele>4.400000095367431640625</ele>
        <time>2026-05-17T13:58:51.000Z</time>
        <extensions>
          <ns3:TrackPointExtension>
            <ns3:hr>158</ns3:hr>
            <ns3:cad>85</ns3:cad>
          </ns3:TrackPointExtension>
        </extensions>
      </trkpt>
      <trkpt lat="31.02316497825086116790771484375" lon="121.42870425246655941009521484375">
        <ele>4.400000095367431640625</ele>
        <time>2026-05-17T13:58:52.000Z</time>
        <extensions>
          <ns3:TrackPointExtension>
            <ns3:hr>158</ns3:hr>
            <ns3:cad>85</ns3:cad>
          </ns3:TrackPointExtension>
        </extensions>
      </trkpt>
      <trkpt lat="31.02314838208258152008056640625" lon="121.42866636626422405242919921875">
        <ele>4</ele>
        <time>2026-05-17T13:58:53.000Z</time>
        <extensions>
          <ns3:TrackPointExtension>
            <ns3:hr>157</ns3:hr>
            <ns3:cad>85</ns3:cad>
          </ns3:TrackPointExtension>
        </extensions>
      </trkpt>
      <trkpt lat="31.023138575255870819091796875" lon="121.42863954417407512664794921875">
        <ele>3.7999999523162841796875</ele>
        <time>2026-05-17T13:58:54.000Z</time>
        <extensions>
          <ns3:TrackPointExtension>
            <ns3:hr>158</ns3:hr>
            <ns3:cad>85</ns3:cad>
          </ns3:TrackPointExtension>
        </extensions>
      </trkpt>
      <trkpt lat="31.023119799792766571044921875" lon="121.4286136440932750701904296875">
        <ele>3.599999904632568359375</ele>
        <time>2026-05-17T13:58:55.000Z</time>
        <extensions>
          <ns3:TrackPointExtension>
            <ns3:hr>158</ns3:hr>
            <ns3:cad>85</ns3:cad>
          </ns3:TrackPointExtension>
        </extensions>
      </trkpt>
      <trkpt lat="31.023097336292266845703125" lon="121.42858405597507953643798828125">
        <ele>3.400000095367431640625</ele>
        <time>2026-05-17T13:58:56.000Z</time>
        <extensions>
          <ns3:TrackPointExtension>
            <ns3:hr>158</ns3:hr>
            <ns3:cad>85</ns3:cad>
          </ns3:TrackPointExtension>
        </extensions>
      </trkpt>
      <trkpt lat="31.023079566657543182373046875" lon="121.42856259830296039581298828125">
        <ele>3.2000000476837158203125</ele>
        <time>2026-05-17T13:58:57.000Z</time>
        <extensions>
          <ns3:TrackPointExtension>
            <ns3:hr>158</ns3:hr>
            <ns3:cad>85</ns3:cad>
          </ns3:TrackPointExtension>
        </extensions>
      </trkpt>
      <trkpt lat="31.0230485536158084869384765625" lon="121.42853510566055774688720703125">
        <ele>3.400000095367431640625</ele>
        <time>2026-05-17T13:58:58.000Z</time>
        <extensions>
          <ns3:TrackPointExtension>
            <ns3:hr>157</ns3:hr>
            <ns3:cad>85</ns3:cad>
          </ns3:TrackPointExtension>
        </extensions>
      </trkpt>
      <trkpt lat="31.0230237431824207305908203125" lon="121.428512223064899444580078125">
        <ele>3.599999904632568359375</ele>
        <time>2026-05-17T13:58:59.000Z</time>
        <extensions>
          <ns3:TrackPointExtension>
            <ns3:hr>158</ns3:hr>
            <ns3:cad>83</ns3:cad>
          </ns3:TrackPointExtension>
        </extensions>
      </trkpt>
      <trkpt lat="31.02299180813133716583251953125" lon="121.42849654890596866607666015625">
        <ele>4</ele>
        <time>2026-05-17T13:59:00.000Z</time>
        <extensions>
          <ns3:TrackPointExtension>
            <ns3:hr>158</ns3:hr>
            <ns3:cad>83</ns3:cad>
          </ns3:TrackPointExtension>
        </extensions>
      </trkpt>
      <trkpt lat="31.02296079508960247039794921875" lon="121.42847710289061069488525390625">
        <ele>4.400000095367431640625</ele>
        <time>2026-05-17T13:59:01.000Z</time>
        <extensions>
          <ns3:TrackPointExtension>
            <ns3:hr>159</ns3:hr>
            <ns3:cad>84</ns3:cad>
          </ns3:TrackPointExtension>
        </extensions>
      </trkpt>
      <trkpt lat="31.0229328833520412445068359375" lon="121.42846771515905857086181640625">
        <ele>4.599999904632568359375</ele>
        <time>2026-05-17T13:59:02.000Z</time>
        <extensions>
          <ns3:TrackPointExtension>
            <ns3:hr>159</ns3:hr>
            <ns3:cad>84</ns3:cad>
          </ns3:TrackPointExtension>
        </extensions>
      </trkpt>
      <trkpt lat="31.02289617061614990234375" lon="121.4284553937613964080810546875">
        <ele>4.80000019073486328125</ele>
        <time>2026-05-17T13:59:03.000Z</time>
        <extensions>
          <ns3:TrackPointExtension>
            <ns3:hr>159</ns3:hr>
            <ns3:cad>84</ns3:cad>
          </ns3:TrackPointExtension>
        </extensions>
      </trkpt>
      <trkpt lat="31.02286691777408123016357421875" lon="121.42844952642917633056640625">
        <ele>4.80000019073486328125</ele>
        <time>2026-05-17T13:59:04.000Z</time>
        <extensions>
          <ns3:TrackPointExtension>
            <ns3:hr>159</ns3:hr>
            <ns3:cad>85</ns3:cad>
          </ns3:TrackPointExtension>
        </extensions>
      </trkpt>
      <trkpt lat="31.0228299535810947418212890625" lon="121.42844189889729022979736328125">
        <ele>4.80000019073486328125</ele>
        <time>2026-05-17T13:59:05.000Z</time>
        <extensions>
          <ns3:TrackPointExtension>
            <ns3:hr>159</ns3:hr>
            <ns3:cad>86</ns3:cad>
          </ns3:TrackPointExtension>
        </extensions>
      </trkpt>
      <trkpt lat="31.02279500104486942291259765625" lon="121.428436450660228729248046875">
        <ele>4.80000019073486328125</ele>
        <time>2026-05-17T13:59:06.000Z</time>
        <extensions>
          <ns3:TrackPointExtension>
            <ns3:hr>159</ns3:hr>
            <ns3:cad>86</ns3:cad>
          </ns3:TrackPointExtension>
        </extensions>
      </trkpt>
      <trkpt lat="31.0227685980498790740966796875" lon="121.42844173125922679901123046875">
        <ele>4.80000019073486328125</ele>
        <time>2026-05-17T13:59:07.000Z</time>
        <extensions>
          <ns3:TrackPointExtension>
            <ns3:hr>160</ns3:hr>
            <ns3:cad>85</ns3:cad>
          </ns3:TrackPointExtension>
        </extensions>
      </trkpt>
      <trkpt lat="31.02273532189428806304931640625" lon="121.42844424583017826080322265625">
        <ele>4.80000019073486328125</ele>
        <time>2026-05-17T13:59:08.000Z</time>
        <extensions>
          <ns3:TrackPointExtension>
            <ns3:hr>160</ns3:hr>
            <ns3:cad>85</ns3:cad>
          </ns3:TrackPointExtension>
        </extensions>
      </trkpt>
      <trkpt lat="31.02271302603185176849365234375" lon="121.42845296300947666168212890625">
        <ele>5</ele>
        <time>2026-05-17T13:59:09.000Z</time>
        <extensions>
          <ns3:TrackPointExtension>
            <ns3:hr>161</ns3:hr>
            <ns3:cad>84</ns3:cad>
          </ns3:TrackPointExtension>
        </extensions>
      </trkpt>
      <trkpt lat="31.02268352173268795013427734375" lon="121.4284657873213291168212890625">
        <ele>5</ele>
        <time>2026-05-17T13:59:10.000Z</time>
        <extensions>
          <ns3:TrackPointExtension>
            <ns3:hr>161</ns3:hr>
            <ns3:cad>84</ns3:cad>
          </ns3:TrackPointExtension>
        </extensions>
      </trkpt>
      <trkpt lat="31.022659130394458770751953125" lon="121.42847291193902492523193359375">
        <ele>5</ele>
        <time>2026-05-17T13:59:11.000Z</time>
        <extensions>
          <ns3:TrackPointExtension>
            <ns3:hr>160</ns3:hr>
            <ns3:cad>84</ns3:cad>
          </ns3:TrackPointExtension>
        </extensions>
      </trkpt>
      <trkpt lat="31.0226334817707538604736328125" lon="121.4284855686128139495849609375">
        <ele>5</ele>
        <time>2026-05-17T13:59:12.000Z</time>
        <extensions>
          <ns3:TrackPointExtension>
            <ns3:hr>160</ns3:hr>
            <ns3:cad>84</ns3:cad>
          </ns3:TrackPointExtension>
        </extensions>
      </trkpt>
      <trkpt lat="31.02260640822350978851318359375" lon="121.42849269323050975799560546875">
        <ele>5</ele>
        <time>2026-05-17T13:59:13.000Z</time>
        <extensions>
          <ns3:TrackPointExtension>
            <ns3:hr>160</ns3:hr>
            <ns3:cad>85</ns3:cad>
          </ns3:TrackPointExtension>
        </extensions>
      </trkpt>
      <trkpt lat="31.02258226834237575531005859375" lon="121.4284996502101421356201171875">
        <ele>5</ele>
        <time>2026-05-17T13:59:14.000Z</time>
        <extensions>
          <ns3:TrackPointExtension>
            <ns3:hr>161</ns3:hr>
            <ns3:cad>85</ns3:cad>
          </ns3:TrackPointExtension>
        </extensions>
      </trkpt>
      <trkpt lat="31.02254949510097503662109375" lon="121.4285016618669033050537109375">
        <ele>5</ele>
        <time>2026-05-17T13:59:15.000Z</time>
        <extensions>
          <ns3:TrackPointExtension>
            <ns3:hr>160</ns3:hr>
            <ns3:cad>85</ns3:cad>
          </ns3:TrackPointExtension>
        </extensions>
      </trkpt>
      <trkpt lat="31.02252594195306301116943359375" lon="121.428506188094615936279296875">
        <ele>5</ele>
        <time>2026-05-17T13:59:16.000Z</time>
        <extensions>
          <ns3:TrackPointExtension>
            <ns3:hr>160</ns3:hr>
            <ns3:cad>85</ns3:cad>
          </ns3:TrackPointExtension>
        </extensions>
      </trkpt>
      <trkpt lat="31.02250121533870697021484375" lon="121.42851465381681919097900390625">
        <ele>5</ele>
        <time>2026-05-17T13:59:17.000Z</time>
        <extensions>
          <ns3:TrackPointExtension>
            <ns3:hr>161</ns3:hr>
            <ns3:cad>85</ns3:cad>
          </ns3:TrackPointExtension>
        </extensions>
      </trkpt>
      <trkpt lat="31.02247263304889202117919921875" lon="121.428522281348705291748046875">
        <ele>5</ele>
        <time>2026-05-17T13:59:18.000Z</time>
        <extensions>
          <ns3:TrackPointExtension>
            <ns3:hr>160</ns3:hr>
            <ns3:cad>84</ns3:cad>
          </ns3:TrackPointExtension>
        </extensions>
      </trkpt>
      <trkpt lat="31.022447906434535980224609375" lon="121.42853292636573314666748046875">
        <ele>5</ele>
        <time>2026-05-17T13:59:19.000Z</time>
        <extensions>
          <ns3:TrackPointExtension>
            <ns3:hr>160</ns3:hr>
            <ns3:cad>84</ns3:cad>
          </ns3:TrackPointExtension>
        </extensions>
      </trkpt>
      <trkpt lat="31.02241530083119869232177734375" lon="121.42853510566055774688720703125">
        <ele>5</ele>
        <time>2026-05-17T13:59:20.000Z</time>
        <extensions>
          <ns3:TrackPointExtension>
            <ns3:hr>160</ns3:hr>
            <ns3:cad>84</ns3:cad>
          </ns3:TrackPointExtension>
        </extensions>
      </trkpt>
      <trkpt lat="31.02239283733069896697998046875" lon="121.4285442419350147247314453125">
        <ele>5</ele>
        <time>2026-05-17T13:59:21.000Z</time>
        <extensions>
          <ns3:TrackPointExtension>
            <ns3:hr>160</ns3:hr>
            <ns3:cad>84</ns3:cad>
          </ns3:TrackPointExtension>
        </extensions>
      </trkpt>
      <trkpt lat="31.022361405193805694580078125" lon="121.428553126752376556396484375">
        <ele>5.19999980926513671875</ele>
        <time>2026-05-17T13:59:22.000Z</time>
        <extensions>
          <ns3:TrackPointExtension>
            <ns3:hr>160</ns3:hr>
            <ns3:cad>85</ns3:cad>
          </ns3:TrackPointExtension>
        </extensions>
      </trkpt>
      <trkpt lat="31.02233684621751308441162109375" lon="121.42856075428426265716552734375">
        <ele>5.19999980926513671875</ele>
        <time>2026-05-17T13:59:23.000Z</time>
        <extensions>
          <ns3:TrackPointExtension>
            <ns3:hr>160</ns3:hr>
            <ns3:cad>85</ns3:cad>
          </ns3:TrackPointExtension>
        </extensions>
      </trkpt>
      <trkpt lat="31.0223102755844593048095703125" lon="121.42856997437775135040283203125">
        <ele>5.400000095367431640625</ele>
        <time>2026-05-17T13:59:24.000Z</time>
        <extensions>
          <ns3:TrackPointExtension>
            <ns3:hr>159</ns3:hr>
            <ns3:cad>85</ns3:cad>
          </ns3:TrackPointExtension>
        </extensions>
      </trkpt>
      <trkpt lat="31.02228119038045406341552734375" lon="121.42857332713901996612548828125">
        <ele>5.599999904632568359375</ele>
        <time>2026-05-17T13:59:25.000Z</time>
        <extensions>
          <ns3:TrackPointExtension>
            <ns3:hr>159</ns3:hr>
            <ns3:cad>85</ns3:cad>
          </ns3:TrackPointExtension>
        </extensions>
      </trkpt>
      <trkpt lat="31.02225654758512973785400390625" lon="121.428580619394779205322265625">
        <ele>5.80000019073486328125</ele>
        <time>2026-05-17T13:59:26.000Z</time>
        <extensions>
          <ns3:TrackPointExtension>
            <ns3:hr>159</ns3:hr>
            <ns3:cad>85</ns3:cad>
          </ns3:TrackPointExtension>
        </extensions>
      </trkpt>
      <trkpt lat="31.0222267918288707733154296875" lon="121.428583301603794097900390625">
        <ele>6</ele>
        <time>2026-05-17T13:59:27.000Z</time>
        <extensions>
          <ns3:TrackPointExtension>
            <ns3:hr>159</ns3:hr>
            <ns3:cad>85</ns3:cad>
          </ns3:TrackPointExtension>
        </extensions>
      </trkpt>
      <trkpt lat="31.022207848727703094482421875" lon="121.4285928569734096527099609375">
        <ele>6</ele>
        <time>2026-05-17T13:59:28.000Z</time>
        <extensions>
          <ns3:TrackPointExtension>
            <ns3:hr>159</ns3:hr>
            <ns3:cad>85</ns3:cad>
          </ns3:TrackPointExtension>
        </extensions>
      </trkpt>
      <trkpt lat="31.02218043990433216094970703125" lon="121.42860149033367633819580078125">
        <ele>6</ele>
        <time>2026-05-17T13:59:29.000Z</time>
        <extensions>
          <ns3:TrackPointExtension>
            <ns3:hr>159</ns3:hr>
            <ns3:cad>85</ns3:cad>
          </ns3:TrackPointExtension>
        </extensions>
      </trkpt>
      <trkpt lat="31.0221526958048343658447265625" lon="121.4286062680184841156005859375">
        <ele>6</ele>
        <time>2026-05-17T13:59:30.000Z</time>
        <extensions>
          <ns3:TrackPointExtension>
            <ns3:hr>159</ns3:hr>
            <ns3:cad>85</ns3:cad>
          </ns3:TrackPointExtension>
        </extensions>
      </trkpt>
      <trkpt lat="31.022128053009510040283203125" lon="121.42861775122582912445068359375">
        <ele>6</ele>
        <time>2026-05-17T13:59:31.000Z</time>
        <extensions>
          <ns3:TrackPointExtension>
            <ns3:hr>160</ns3:hr>
            <ns3:cad>85</ns3:cad>
          </ns3:TrackPointExtension>
        </extensions>
      </trkpt>
      <trkpt lat="31.0220973752439022064208984375" lon="121.4286186732351779937744140625">
        <ele>5.80000019073486328125</ele>
        <time>2026-05-17T13:59:32.000Z</time>
        <extensions>
          <ns3:TrackPointExtension>
            <ns3:hr>159</ns3:hr>
            <ns3:cad>85</ns3:cad>
          </ns3:TrackPointExtension>
        </extensions>
      </trkpt>
      <trkpt lat="31.02207466028630733489990234375" lon="121.428626887500286102294921875">
        <ele>5.80000019073486328125</ele>
        <time>2026-05-17T13:59:33.000Z</time>
        <extensions>
          <ns3:TrackPointExtension>
            <ns3:hr>159</ns3:hr>
            <ns3:cad>85</ns3:cad>
          </ns3:TrackPointExtension>
        </extensions>
      </trkpt>
      <trkpt lat="31.0220418870449066162109375" lon="121.4286330901086330413818359375">
        <ele>5.80000019073486328125</ele>
        <time>2026-05-17T13:59:34.000Z</time>
        <extensions>
          <ns3:TrackPointExtension>
            <ns3:hr>159</ns3:hr>
            <ns3:cad>85</ns3:cad>
          </ns3:TrackPointExtension>
        </extensions>
      </trkpt>
      <trkpt lat="31.022019088268280029296875" lon="121.4286424778401851654052734375">
        <ele>5.80000019073486328125</ele>
        <time>2026-05-17T13:59:35.000Z</time>
        <extensions>
          <ns3:TrackPointExtension>
            <ns3:hr>159</ns3:hr>
            <ns3:cad>85</ns3:cad>
          </ns3:TrackPointExtension>
        </extensions>
      </trkpt>
      <trkpt lat="31.02198899723589420318603515625" lon="121.42865714617073535919189453125">
        <ele>5.599999904632568359375</ele>
        <time>2026-05-17T13:59:36.000Z</time>
        <extensions>
          <ns3:TrackPointExtension>
            <ns3:hr>160</ns3:hr>
            <ns3:cad>86</ns3:cad>
          </ns3:TrackPointExtension>
        </extensions>
      </trkpt>
      <trkpt lat="31.0219585709273815155029296875" lon="121.428665108978748321533203125">
        <ele>5.599999904632568359375</ele>
        <time>2026-05-17T13:59:37.000Z</time>
        <extensions>
          <ns3:TrackPointExtension>
            <ns3:hr>159</ns3:hr>
            <ns3:cad>86</ns3:cad>
          </ns3:TrackPointExtension>
        </extensions>
      </trkpt>
      <trkpt lat="31.02193392813205718994140625" lon="121.4286780171096324920654296875">
        <ele>5.599999904632568359375</ele>
        <time>2026-05-17T13:59:38.000Z</time>
        <extensions>
          <ns3:TrackPointExtension>
            <ns3:hr>159</ns3:hr>
            <ns3:cad>85</ns3:cad>
          </ns3:TrackPointExtension>
        </extensions>
      </trkpt>
      <trkpt lat="31.02190467528998851776123046875" lon="121.42868665046989917755126953125">
        <ele>5.599999904632568359375</ele>
        <time>2026-05-17T13:59:39.000Z</time>
        <extensions>
          <ns3:TrackPointExtension>
            <ns3:hr>158</ns3:hr>
            <ns3:cad>85</ns3:cad>
          </ns3:TrackPointExtension>
        </extensions>
      </trkpt>
      <trkpt lat="31.0218827985227108001708984375" lon="121.4287014864385128021240234375">
        <ele>5.80000019073486328125</ele>
        <time>2026-05-17T13:59:40.000Z</time>
        <extensions>
          <ns3:TrackPointExtension>
            <ns3:hr>158</ns3:hr>
            <ns3:cad>85</ns3:cad>
          </ns3:TrackPointExtension>
        </extensions>
      </trkpt>
      <trkpt lat="31.02185606025159358978271484375" lon="121.42872713506221771240234375">
        <ele>5.80000019073486328125</ele>
        <time>2026-05-17T13:59:41.000Z</time>
        <extensions>
          <ns3:TrackPointExtension>
            <ns3:hr>158</ns3:hr>
            <ns3:cad>85</ns3:cad>
          </ns3:TrackPointExtension>
        </extensions>
      </trkpt>
      <trkpt lat="31.02181348018348217010498046875" lon="121.42877231352031230926513671875">
        <ele>5.80000019073486328125</ele>
        <time>2026-05-17T13:59:42.000Z</time>
        <extensions>
          <ns3:TrackPointExtension>
            <ns3:hr>158</ns3:hr>
            <ns3:cad>85</ns3:cad>
          </ns3:TrackPointExtension>
        </extensions>
      </trkpt>
      <trkpt lat="31.02181348018348217010498046875" lon="121.42877231352031230926513671875">
        <ele>5.80000019073486328125</ele>
        <time>2026-05-17T13:59:43.000Z</time>
        <extensions>
          <ns3:TrackPointExtension>
            <ns3:hr>158</ns3:hr>
            <ns3:cad>85</ns3:cad>
          </ns3:TrackPointExtension>
        </extensions>
      </trkpt>
      <trkpt lat="31.0217899270355701446533203125" lon="121.4287967048585414886474609375">
        <ele>5.80000019073486328125</ele>
        <time>2026-05-17T13:59:44.000Z</time>
        <extensions>
          <ns3:TrackPointExtension>
            <ns3:hr>158</ns3:hr>
            <ns3:cad>85</ns3:cad>
          </ns3:TrackPointExtension>
        </extensions>
      </trkpt>
      <trkpt lat="31.0217785276472568511962890625" lon="121.42881908454000949859619140625">
        <ele>5.80000019073486328125</ele>
        <time>2026-05-17T13:59:45.000Z</time>
        <extensions>
          <ns3:TrackPointExtension>
            <ns3:hr>157</ns3:hr>
            <ns3:cad>85</ns3:cad>
          </ns3:TrackPointExtension>
        </extensions>
      </trkpt>
      <trkpt lat="31.021755225956439971923828125" lon="121.42885227687656879425048828125">
        <ele>5.599999904632568359375</ele>
        <time>2026-05-17T13:59:46.000Z</time>
        <extensions>
          <ns3:TrackPointExtension>
            <ns3:hr>158</ns3:hr>
            <ns3:cad>85</ns3:cad>
          </ns3:TrackPointExtension>
        </extensions>
      </trkpt>
      <trkpt lat="31.02174273692071437835693359375" lon="121.42888245172798633575439453125">
        <ele>5.599999904632568359375</ele>
        <time>2026-05-17T13:59:47.000Z</time>
        <extensions>
          <ns3:TrackPointExtension>
            <ns3:hr>158</ns3:hr>
            <ns3:cad>85</ns3:cad>
          </ns3:TrackPointExtension>
        </extensions>
      </trkpt>
      <trkpt lat="31.021723039448261260986328125" lon="121.4289509318768978118896484375">
        <ele>5.599999904632568359375</ele>
        <time>2026-05-17T13:59:48.000Z</time>
        <extensions>
          <ns3:TrackPointExtension>
            <ns3:hr>158</ns3:hr>
            <ns3:cad>86</ns3:cad>
          </ns3:TrackPointExtension>
        </extensions>
      </trkpt>
      <trkpt lat="31.021723039448261260986328125" lon="121.4289509318768978118896484375">
        <ele>5.599999904632568359375</ele>
        <time>2026-05-17T13:59:49.000Z</time>
        <extensions>
          <ns3:TrackPointExtension>
            <ns3:hr>157</ns3:hr>
            <ns3:cad>86</ns3:cad>
          </ns3:TrackPointExtension>
        </extensions>
      </trkpt>
      <trkpt lat="31.02171289734542369842529296875" lon="121.42902192659676074981689453125">
        <ele>5.599999904632568359375</ele>
        <time>2026-05-17T13:59:50.000Z</time>
        <extensions>
          <ns3:TrackPointExtension>
            <ns3:hr>158</ns3:hr>
            <ns3:cad>85</ns3:cad>
          </ns3:TrackPointExtension>
        </extensions>
      </trkpt>
      <trkpt lat="31.02171423844993114471435546875" lon="121.42904992215335369110107421875">
        <ele>5.80000019073486328125</ele>
        <time>2026-05-17T13:59:51.000Z</time>
        <extensions>
          <ns3:TrackPointExtension>
            <ns3:hr>157</ns3:hr>
            <ns3:cad>85</ns3:cad>
          </ns3:TrackPointExtension>
        </extensions>
      </trkpt>
      <trkpt lat="31.02171423844993114471435546875" lon="121.42904992215335369110107421875">
        <ele>5.80000019073486328125</ele>
        <time>2026-05-17T13:59:52.000Z</time>
        <extensions>
          <ns3:TrackPointExtension>
            <ns3:hr>157</ns3:hr>
            <ns3:cad>85</ns3:cad>
          </ns3:TrackPointExtension>
        </extensions>
      </trkpt>
      <trkpt lat="31.021716333925724029541015625" lon="121.4290912449359893798828125">
        <ele>5.80000019073486328125</ele>
        <time>2026-05-17T13:59:53.000Z</time>
        <extensions>
          <ns3:TrackPointExtension>
            <ns3:hr>157</ns3:hr>
            <ns3:cad>85</ns3:cad>
          </ns3:TrackPointExtension>
        </extensions>
      </trkpt>
      <trkpt lat="31.02171943522989749908447265625" lon="121.429127790033817291259765625">
        <ele>5.80000019073486328125</ele>
        <time>2026-05-17T13:59:54.000Z</time>
        <extensions>
          <ns3:TrackPointExtension>
            <ns3:hr>157</ns3:hr>
            <ns3:cad>85</ns3:cad>
          </ns3:TrackPointExtension>
        </extensions>
      </trkpt>
      <trkpt lat="31.02172739803791046142578125" lon="121.42916408367455005645751953125">
        <ele>6</ele>
        <time>2026-05-17T13:59:55.000Z</time>
        <extensions>
          <ns3:TrackPointExtension>
            <ns3:hr>158</ns3:hr>
            <ns3:cad>85</ns3:cad>
          </ns3:TrackPointExtension>
        </extensions>
      </trkpt>
      <trkpt lat="31.02173469029366970062255859375" lon="121.42920322716236114501953125">
        <ele>6</ele>
        <time>2026-05-17T13:59:56.000Z</time>
        <extensions>
          <ns3:TrackPointExtension>
            <ns3:hr>157</ns3:hr>
            <ns3:cad>85</ns3:cad>
          </ns3:TrackPointExtension>
        </extensions>
      </trkpt>
      <trkpt lat="31.02173955179750919342041015625" lon="121.4292335696518421173095703125">
        <ele>5.80000019073486328125</ele>
        <time>2026-05-17T13:59:57.000Z</time>
        <extensions>
          <ns3:TrackPointExtension>
            <ns3:hr>157</ns3:hr>
            <ns3:cad>85</ns3:cad>
          </ns3:TrackPointExtension>
        </extensions>
      </trkpt>
      <trkpt lat="31.021753884851932525634765625" lon="121.4292758144438266754150390625">
        <ele>5.80000019073486328125</ele>
        <time>2026-05-17T13:59:58.000Z</time>
        <extensions>
          <ns3:TrackPointExtension>
            <ns3:hr>158</ns3:hr>
            <ns3:cad>85</ns3:cad>
          </ns3:TrackPointExtension>
        </extensions>
      </trkpt>
      <trkpt lat="31.02176117710769176483154296875" lon="121.42930389381945133209228515625">
        <ele>5.80000019073486328125</ele>
        <time>2026-05-17T13:59:59.000Z</time>
        <extensions>
          <ns3:TrackPointExtension>
            <ns3:hr>157</ns3:hr>
            <ns3:cad>85</ns3:cad>
          </ns3:TrackPointExtension>
        </extensions>
      </trkpt>
      <trkpt lat="31.02177710272371768951416015625" lon="121.42933473922312259674072265625">
        <ele>5.80000019073486328125</ele>
        <time>2026-05-17T14:00:00.000Z</time>
        <extensions>
          <ns3:TrackPointExtension>
            <ns3:hr>157</ns3:hr>
            <ns3:cad>85</ns3:cad>
          </ns3:TrackPointExtension>
        </extensions>
      </trkpt>
      <trkpt lat="31.02179738692939281463623046875" lon="121.42936709336936473846435546875">
        <ele>5.80000019073486328125</ele>
        <time>2026-05-17T14:00:01.000Z</time>
        <extensions>
          <ns3:TrackPointExtension>
            <ns3:hr>158</ns3:hr>
            <ns3:cad>85</ns3:cad>
          </ns3:TrackPointExtension>
        </extensions>
      </trkpt>
      <trkpt lat="31.02182018570601940155029296875" lon="121.429389305412769317626953125">
        <ele>5.80000019073486328125</ele>
        <time>2026-05-17T14:00:02.000Z</time>
        <extensions>
          <ns3:TrackPointExtension>
            <ns3:hr>157</ns3:hr>
            <ns3:cad>85</ns3:cad>
          </ns3:TrackPointExtension>
        </extensions>
      </trkpt>
      <trkpt lat="31.021846421062946319580078125" lon="121.4294189773499965667724609375">
        <ele>6</ele>
        <time>2026-05-17T14:00:03.000Z</time>
        <extensions>
          <ns3:TrackPointExtension>
            <ns3:hr>157</ns3:hr>
            <ns3:cad>84</ns3:cad>
          </ns3:TrackPointExtension>
        </extensions>
      </trkpt>
      <trkpt lat="31.021868549287319183349609375" lon="121.4294394291937351226806640625">
        <ele>6</ele>
        <time>2026-05-17T14:00:04.000Z</time>
        <extensions>
          <ns3:TrackPointExtension>
            <ns3:hr>158</ns3:hr>
            <ns3:cad>84</ns3:cad>
          </ns3:TrackPointExtension>
        </extensions>
      </trkpt>
      <trkpt lat="31.02190149016678333282470703125" lon="121.429461725056171417236328125">
        <ele>6</ele>
        <time>2026-05-17T14:00:05.000Z</time>
        <extensions>
          <ns3:TrackPointExtension>
            <ns3:hr>157</ns3:hr>
            <ns3:cad>85</ns3:cad>
          </ns3:TrackPointExtension>
        </extensions>
      </trkpt>
      <trkpt lat="31.02192445658147335052490234375" lon="121.4294732920825481414794921875">
        <ele>5.80000019073486328125</ele>
        <time>2026-05-17T14:00:06.000Z</time>
        <extensions>
          <ns3:TrackPointExtension>
            <ns3:hr>157</ns3:hr>
            <ns3:cad>85</ns3:cad>
          </ns3:TrackPointExtension>
        </extensions>
      </trkpt>
      <trkpt lat="31.0219552181661128997802734375" lon="121.42948561348021030426025390625">
        <ele>5.80000019073486328125</ele>
        <time>2026-05-17T14:00:07.000Z</time>
        <extensions>
          <ns3:TrackPointExtension>
            <ns3:hr>157</ns3:hr>
            <ns3:cad>86</ns3:cad>
          </ns3:TrackPointExtension>
        </extensions>
      </trkpt>
      <trkpt lat="31.0219900868833065032958984375" lon="121.42950003035366535186767578125">
        <ele>5.80000019073486328125</ele>
        <time>2026-05-17T14:00:08.000Z</time>
        <extensions>
          <ns3:TrackPointExtension>
            <ns3:hr>157</ns3:hr>
            <ns3:cad>86</ns3:cad>
          </ns3:TrackPointExtension>
        </extensions>
      </trkpt>
      <trkpt lat="31.02202353067696094512939453125" lon="121.42950405366718769073486328125">
        <ele>5.80000019073486328125</ele>
        <time>2026-05-17T14:00:09.000Z</time>
        <extensions>
          <ns3:TrackPointExtension>
            <ns3:hr>157</ns3:hr>
            <ns3:cad>85</ns3:cad>
          </ns3:TrackPointExtension>
        </extensions>
      </trkpt>
      <trkpt lat="31.022066362202167510986328125" lon="121.42951612360775470733642578125">
        <ele>5.80000019073486328125</ele>
        <time>2026-05-17T14:00:10.000Z</time>
        <extensions>
          <ns3:TrackPointExtension>
            <ns3:hr>158</ns3:hr>
            <ns3:cad>85</ns3:cad>
          </ns3:TrackPointExtension>
        </extensions>
      </trkpt>
      <trkpt lat="31.0220955312252044677734375" lon="121.42951310612261295318603515625">
        <ele>5.80000019073486328125</ele>
        <time>2026-05-17T14:00:11.000Z</time>
        <extensions>
          <ns3:TrackPointExtension>
            <ns3:hr>157</ns3:hr>
            <ns3:cad>85</ns3:cad>
          </ns3:TrackPointExtension>
        </extensions>
      </trkpt>
      <trkpt lat="31.02213148958981037139892578125" lon="121.4295101724565029144287109375">
        <ele>5.80000019073486328125</ele>
        <time>2026-05-17T14:00:12.000Z</time>
        <extensions>
          <ns3:TrackPointExtension>
            <ns3:hr>157</ns3:hr>
            <ns3:cad>85</ns3:cad>
          </ns3:TrackPointExtension>
        </extensions>
      </trkpt>
      <trkpt lat="31.02215898223221302032470703125" lon="121.42950631678104400634765625">
        <ele>5.599999904632568359375</ele>
        <time>2026-05-17T14:00:13.000Z</time>
        <extensions>
          <ns3:TrackPointExtension>
            <ns3:hr>158</ns3:hr>
            <ns3:cad>85</ns3:cad>
          </ns3:TrackPointExtension>
        </extensions>
      </trkpt>
      <trkpt lat="31.02218463085591793060302734375" lon="121.42949533648788928985595703125">
        <ele>5.599999904632568359375</ele>
        <time>2026-05-17T14:00:14.000Z</time>
        <extensions>
          <ns3:TrackPointExtension>
            <ns3:hr>158</ns3:hr>
            <ns3:cad>85</ns3:cad>
          </ns3:TrackPointExtension>
        </extensions>
      </trkpt>
      <trkpt lat="31.0222137160599231719970703125" lon="121.42949164845049381256103515625">
        <ele>5.599999904632568359375</ele>
        <time>2026-05-17T14:00:15.000Z</time>
        <extensions>
          <ns3:TrackPointExtension>
            <ns3:hr>158</ns3:hr>
            <ns3:cad>85</ns3:cad>
          </ns3:TrackPointExtension>
        </extensions>
      </trkpt>
      <trkpt lat="31.02223441936075687408447265625" lon="121.429481171071529388427734375">
        <ele>5.599999904632568359375</ele>
        <time>2026-05-17T14:00:16.000Z</time>
        <extensions>
          <ns3:TrackPointExtension>
            <ns3:hr>157</ns3:hr>
            <ns3:cad>85</ns3:cad>
          </ns3:TrackPointExtension>
        </extensions>
      </trkpt>
      <trkpt lat="31.0222656838595867156982421875" lon="121.4294707775115966796875">
        <ele>5.599999904632568359375</ele>
        <time>2026-05-17T14:00:17.000Z</time>
        <extensions>
          <ns3:TrackPointExtension>
            <ns3:hr>158</ns3:hr>
            <ns3:cad>84</ns3:cad>
          </ns3:TrackPointExtension>
        </extensions>
      </trkpt>
      <trkpt lat="31.02228973992168903350830078125" lon="121.4294639043509960174560546875">
        <ele>5.599999904632568359375</ele>
        <time>2026-05-17T14:00:18.000Z</time>
        <extensions>
          <ns3:TrackPointExtension>
            <ns3:hr>158</ns3:hr>
            <ns3:cad>84</ns3:cad>
          </ns3:TrackPointExtension>
        </extensions>
      </trkpt>
      <trkpt lat="31.0223136283457279205322265625" lon="121.429453007876873016357421875">
        <ele>5.599999904632568359375</ele>
        <time>2026-05-17T14:00:19.000Z</time>
        <extensions>
          <ns3:TrackPointExtension>
            <ns3:hr>157</ns3:hr>
            <ns3:cad>84</ns3:cad>
          </ns3:TrackPointExtension>
        </extensions>
      </trkpt>
      <trkpt lat="31.0223434679210186004638671875" lon="121.4294498227536678314208984375">
        <ele>5.400000095367431640625</ele>
        <time>2026-05-17T14:00:20.000Z</time>
        <extensions>
          <ns3:TrackPointExtension>
            <ns3:hr>158</ns3:hr>
            <ns3:cad>85</ns3:cad>
          </ns3:TrackPointExtension>
        </extensions>
      </trkpt>
      <trkpt lat="31.0223682783544063568115234375" lon="121.429436914622783660888671875">
        <ele>5.400000095367431640625</ele>
        <time>2026-05-17T14:00:21.000Z</time>
        <extensions>
          <ns3:TrackPointExtension>
            <ns3:hr>157</ns3:hr>
            <ns3:cad>85</ns3:cad>
          </ns3:TrackPointExtension>
        </extensions>
      </trkpt>
      <trkpt lat="31.022404320538043975830078125" lon="121.42942995764315128326416015625">
        <ele>5.400000095367431640625</ele>
        <time>2026-05-17T14:00:22.000Z</time>
        <extensions>
          <ns3:TrackPointExtension>
            <ns3:hr>157</ns3:hr>
            <ns3:cad>85</ns3:cad>
          </ns3:TrackPointExtension>
        </extensions>
      </trkpt>
      <trkpt lat="31.0224266164004802703857421875" lon="121.42941780388355255126953125">
        <ele>5.400000095367431640625</ele>
        <time>2026-05-17T14:00:23.000Z</time>
        <extensions>
          <ns3:TrackPointExtension>
            <ns3:hr>157</ns3:hr>
            <ns3:cad>85</ns3:cad>
          </ns3:TrackPointExtension>
        </extensions>
      </trkpt>
      <trkpt lat="31.0224567912518978118896484375" lon="121.4294077455997467041015625">
        <ele>5.400000095367431640625</ele>
        <time>2026-05-17T14:00:24.000Z</time>
        <extensions>
          <ns3:TrackPointExtension>
            <ns3:hr>158</ns3:hr>
            <ns3:cad>85</ns3:cad>
          </ns3:TrackPointExtension>
        </extensions>
      </trkpt>
      <trkpt lat="31.0224866308271884918212890625" lon="121.4294050633907318115234375">
        <ele>5.400000095367431640625</ele>
        <time>2026-05-17T14:00:25.000Z</time>
        <extensions>
          <ns3:TrackPointExtension>
            <ns3:hr>157</ns3:hr>
            <ns3:cad>85</ns3:cad>
          </ns3:TrackPointExtension>
        </extensions>
      </trkpt>
      <trkpt lat="31.0225479863584041595458984375" lon="121.4293916523456573486328125">
        <ele>5.400000095367431640625</ele>
        <time>2026-05-17T14:00:26.000Z</time>
        <extensions>
          <ns3:TrackPointExtension>
            <ns3:hr>157</ns3:hr>
            <ns3:cad>85</ns3:cad>
          </ns3:TrackPointExtension>
        </extensions>
      </trkpt>
      <trkpt lat="31.0225479863584041595458984375" lon="121.4293916523456573486328125">
        <ele>5.400000095367431640625</ele>
        <time>2026-05-17T14:00:27.000Z</time>
        <extensions>
          <ns3:TrackPointExtension>
            <ns3:hr>158</ns3:hr>
            <ns3:cad>86</ns3:cad>
          </ns3:TrackPointExtension>
        </extensions>
      </trkpt>
      <trkpt lat="31.02257338352501392364501953125" lon="121.429383270442485809326171875">
        <ele>5.400000095367431640625</ele>
        <time>2026-05-17T14:00:28.000Z</time>
        <extensions>
          <ns3:TrackPointExtension>
            <ns3:hr>158</ns3:hr>
            <ns3:cad>86</ns3:cad>
          </ns3:TrackPointExtension>
        </extensions>
      </trkpt>
      <trkpt lat="31.02260825224220752716064453125" lon="121.42937648110091686248779296875">
        <ele>5.400000095367431640625</ele>
        <time>2026-05-17T14:00:29.000Z</time>
        <extensions>
          <ns3:TrackPointExtension>
            <ns3:hr>158</ns3:hr>
            <ns3:cad>86</ns3:cad>
          </ns3:TrackPointExtension>
        </extensions>
      </trkpt>
      <trkpt lat="31.02263373322784900665283203125" lon="121.429366506636142730712890625">
        <ele>5.19999980926513671875</ele>
        <time>2026-05-17T14:00:30.000Z</time>
        <extensions>
          <ns3:TrackPointExtension>
            <ns3:hr>157</ns3:hr>
            <ns3:cad>86</ns3:cad>
          </ns3:TrackPointExtension>
        </extensions>
      </trkpt>
      <trkpt lat="31.022660471498966217041015625" lon="121.42935753799974918365478515625">
        <ele>5.19999980926513671875</ele>
        <time>2026-05-17T14:00:31.000Z</time>
        <extensions>
          <ns3:TrackPointExtension>
            <ns3:hr>158</ns3:hr>
            <ns3:cad>85</ns3:cad>
          </ns3:TrackPointExtension>
        </extensions>
      </trkpt>
      <trkpt lat="31.022690646350383758544921875" lon="121.4293586276471614837646484375">
        <ele>5.19999980926513671875</ele>
        <time>2026-05-17T14:00:32.000Z</time>
        <extensions>
          <ns3:TrackPointExtension>
            <ns3:hr>158</ns3:hr>
            <ns3:cad>85</ns3:cad>
          </ns3:TrackPointExtension>
        </extensions>
      </trkpt>
      <trkpt lat="31.0227129422128200531005859375" lon="121.429350078105926513671875">
        <ele>5.19999980926513671875</ele>
        <time>2026-05-17T14:00:33.000Z</time>
        <extensions>
          <ns3:TrackPointExtension>
            <ns3:hr>157</ns3:hr>
            <ns3:cad>85</ns3:cad>
          </ns3:TrackPointExtension>
        </extensions>
      </trkpt>
      <trkpt lat="31.022748313844203948974609375" lon="121.429347731173038482666015625">
        <ele>5.19999980926513671875</ele>
        <time>2026-05-17T14:00:34.000Z</time>
        <extensions>
          <ns3:TrackPointExtension>
            <ns3:hr>158</ns3:hr>
            <ns3:cad>85</ns3:cad>
          </ns3:TrackPointExtension>
        </extensions>
      </trkpt>
      <trkpt lat="31.02276943624019622802734375" lon="121.42933524213731288909912109375">
        <ele>5.19999980926513671875</ele>
        <time>2026-05-17T14:00:35.000Z</time>
        <extensions>
          <ns3:TrackPointExtension>
            <ns3:hr>158</ns3:hr>
            <ns3:cad>85</ns3:cad>
          </ns3:TrackPointExtension>
        </extensions>
      </trkpt>
      <trkpt lat="31.02280296385288238525390625" lon="121.42932266928255558013916015625">
        <ele>5.19999980926513671875</ele>
        <time>2026-05-17T14:00:36.000Z</time>
        <extensions>
          <ns3:TrackPointExtension>
            <ns3:hr>157</ns3:hr>
            <ns3:cad>85</ns3:cad>
          </ns3:TrackPointExtension>
        </extensions>
      </trkpt>
      <trkpt lat="31.02283246815204620361328125" lon="121.42931579612195491790771484375">
        <ele>5.19999980926513671875</ele>
        <time>2026-05-17T14:00:37.000Z</time>
        <extensions>
          <ns3:TrackPointExtension>
            <ns3:hr>157</ns3:hr>
            <ns3:cad>85</ns3:cad>
          </ns3:TrackPointExtension>
        </extensions>
      </trkpt>
      <trkpt lat="31.02285861968994140625" lon="121.42930607311427593231201171875">
        <ele>5.19999980926513671875</ele>
        <time>2026-05-17T14:00:38.000Z</time>
        <extensions>
          <ns3:TrackPointExtension>
            <ns3:hr>157</ns3:hr>
            <ns3:cad>85</ns3:cad>
          </ns3:TrackPointExtension>
        </extensions>
      </trkpt>
      <trkpt lat="31.0228939913213253021240234375" lon="121.42930741421878337860107421875">
        <ele>5.400000095367431640625</ele>
        <time>2026-05-17T14:00:39.000Z</time>
        <extensions>
          <ns3:TrackPointExtension>
            <ns3:hr>157</ns3:hr>
            <ns3:cad>85</ns3:cad>
          </ns3:TrackPointExtension>
        </extensions>
      </trkpt>
      <trkpt lat="31.02291762828826904296875" lon="121.42930054105818271636962890625">
        <ele>5.400000095367431640625</ele>
        <time>2026-05-17T14:00:40.000Z</time>
        <extensions>
          <ns3:TrackPointExtension>
            <ns3:hr>157</ns3:hr>
            <ns3:cad>85</ns3:cad>
          </ns3:TrackPointExtension>
        </extensions>
      </trkpt>
      <trkpt lat="31.02295392192900180816650390625" lon="121.4292925782501697540283203125">
        <ele>5.400000095367431640625</ele>
        <time>2026-05-17T14:00:41.000Z</time>
        <extensions>
          <ns3:TrackPointExtension>
            <ns3:hr>158</ns3:hr>
            <ns3:cad>85</ns3:cad>
          </ns3:TrackPointExtension>
        </extensions>
      </trkpt>
      <trkpt lat="31.0229752957820892333984375" lon="121.4292795024812221527099609375">
        <ele>5.400000095367431640625</ele>
        <time>2026-05-17T14:00:42.000Z</time>
        <extensions>
          <ns3:TrackPointExtension>
            <ns3:hr>157</ns3:hr>
            <ns3:cad>85</ns3:cad>
          </ns3:TrackPointExtension>
        </extensions>
      </trkpt>
      <trkpt lat="31.023000441491603851318359375" lon="121.42926332540810108184814453125">
        <ele>5.400000095367431640625</ele>
        <time>2026-05-17T14:00:43.000Z</time>
        <extensions>
          <ns3:TrackPointExtension>
            <ns3:hr>157</ns3:hr>
            <ns3:cad>85</ns3:cad>
          </ns3:TrackPointExtension>
        </extensions>
      </trkpt>
      <trkpt lat="31.02302650921046733856201171875" lon="121.42924974672496318817138671875">
        <ele>5.19999980926513671875</ele>
        <time>2026-05-17T14:00:44.000Z</time>
        <extensions>
          <ns3:TrackPointExtension>
            <ns3:hr>157</ns3:hr>
            <ns3:cad>85</ns3:cad>
          </ns3:TrackPointExtension>
        </extensions>
      </trkpt>
      <trkpt lat="31.02304981090128421783447265625" lon="121.4292298816144466400146484375">
        <ele>5.19999980926513671875</ele>
        <time>2026-05-17T14:00:45.000Z</time>
        <extensions>
          <ns3:TrackPointExtension>
            <ns3:hr>157</ns3:hr>
            <ns3:cad>85</ns3:cad>
          </ns3:TrackPointExtension>
        </extensions>
      </trkpt>
      <trkpt lat="31.02307780645787715911865234375" lon="121.42920817248523235321044921875">
        <ele>5.19999980926513671875</ele>
        <time>2026-05-17T14:00:46.000Z</time>
        <extensions>
          <ns3:TrackPointExtension>
            <ns3:hr>157</ns3:hr>
            <ns3:cad>85</ns3:cad>
          </ns3:TrackPointExtension>
        </extensions>
      </trkpt>
      <trkpt lat="31.02309071458876132965087890625" lon="121.4291826076805591583251953125">
        <ele>5</ele>
        <time>2026-05-17T14:00:47.000Z</time>
        <extensions>
          <ns3:TrackPointExtension>
            <ns3:hr>156</ns3:hr>
            <ns3:cad>84</ns3:cad>
          </ns3:TrackPointExtension>
        </extensions>
      </trkpt>
      <trkpt lat="31.02311233989894390106201171875" lon="121.42915033735334873199462890625">
        <ele>5</ele>
        <time>2026-05-17T14:00:48.000Z</time>
        <extensions>
          <ns3:TrackPointExtension>
            <ns3:hr>156</ns3:hr>
            <ns3:cad>84</ns3:cad>
          </ns3:TrackPointExtension>
        </extensions>
      </trkpt>
      <trkpt lat="31.023129187524318695068359375" lon="121.42912619747221469879150390625">
        <ele>5</ele>
        <time>2026-05-17T14:00:49.000Z</time>
        <extensions>
          <ns3:TrackPointExtension>
            <ns3:hr>156</ns3:hr>
            <ns3:cad>84</ns3:cad>
          </ns3:TrackPointExtension>
        </extensions>
      </trkpt>
      <trkpt lat="31.0231397487223148345947265625" lon="121.42909593880176544189453125">
        <ele>5</ele>
        <time>2026-05-17T14:00:50.000Z</time>
        <extensions>
          <ns3:TrackPointExtension>
            <ns3:hr>156</ns3:hr>
            <ns3:cad>84</ns3:cad>
          </ns3:TrackPointExtension>
        </extensions>
      </trkpt>
      <trkpt lat="31.0231558419764041900634765625" lon="121.42906098626554012298583984375">
        <ele>4.80000019073486328125</ele>
        <time>2026-05-17T14:00:51.000Z</time>
        <extensions>
          <ns3:TrackPointExtension>
            <ns3:hr>156</ns3:hr>
            <ns3:cad>85</ns3:cad>
          </ns3:TrackPointExtension>
        </extensions>
      </trkpt>
      <trkpt lat="31.0231642238795757293701171875" lon="121.42903625965118408203125">
        <ele>4.80000019073486328125</ele>
        <time>2026-05-17T14:00:52.000Z</time>
        <extensions>
          <ns3:TrackPointExtension>
            <ns3:hr>156</ns3:hr>
            <ns3:cad>85</ns3:cad>
          </ns3:TrackPointExtension>
        </extensions>
      </trkpt>
      <trkpt lat="31.02317512035369873046875" lon="121.42899745143949985504150390625">
        <ele>4.80000019073486328125</ele>
        <time>2026-05-17T14:00:53.000Z</time>
        <extensions>
          <ns3:TrackPointExtension>
            <ns3:hr>156</ns3:hr>
            <ns3:cad>85</ns3:cad>
          </ns3:TrackPointExtension>
        </extensions>
      </trkpt>
      <trkpt lat="31.02318392135202884674072265625" lon="121.42896392382681369781494140625">
        <ele>4.80000019073486328125</ele>
        <time>2026-05-17T14:00:54.000Z</time>
        <extensions>
          <ns3:TrackPointExtension>
            <ns3:hr>156</ns3:hr>
            <ns3:cad>84</ns3:cad>
          </ns3:TrackPointExtension>
        </extensions>
      </trkpt>
      <trkpt lat="31.02318559773266315460205078125" lon="121.4289274625480175018310546875">
        <ele>4.80000019073486328125</ele>
        <time>2026-05-17T14:00:55.000Z</time>
        <extensions>
          <ns3:TrackPointExtension>
            <ns3:hr>156</ns3:hr>
            <ns3:cad>84</ns3:cad>
          </ns3:TrackPointExtension>
        </extensions>
      </trkpt>
      <trkpt lat="31.02319079451262950897216796875" lon="121.4288862235844135284423828125">
        <ele>4.80000019073486328125</ele>
        <time>2026-05-17T14:00:56.000Z</time>
        <extensions>
          <ns3:TrackPointExtension>
            <ns3:hr>156</ns3:hr>
            <ns3:cad>84</ns3:cad>
          </ns3:TrackPointExtension>
        </extensions>
      </trkpt>
      <trkpt lat="31.02318610064685344696044921875" lon="121.42885319888591766357421875">
        <ele>4.80000019073486328125</ele>
        <time>2026-05-17T14:00:57.000Z</time>
        <extensions>
          <ns3:TrackPointExtension>
            <ns3:hr>156</ns3:hr>
            <ns3:cad>84</ns3:cad>
          </ns3:TrackPointExtension>
        </extensions>
      </trkpt>
      <trkpt lat="31.02318693883717060089111328125" lon="121.4288074336946010589599609375">
        <ele>4.599999904632568359375</ele>
        <time>2026-05-17T14:00:58.000Z</time>
        <extensions>
          <ns3:TrackPointExtension>
            <ns3:hr>156</ns3:hr>
            <ns3:cad>85</ns3:cad>
          </ns3:TrackPointExtension>
        </extensions>
      </trkpt>
      <trkpt lat="31.0231722705066204071044921875" lon="121.4287467487156391143798828125">
        <ele>4.400000095367431640625</ele>
        <time>2026-05-17T14:00:59.000Z</time>
        <extensions>
          <ns3:TrackPointExtension>
            <ns3:hr>156</ns3:hr>
            <ns3:cad>85</ns3:cad>
          </ns3:TrackPointExtension>
        </extensions>
      </trkpt>
      <trkpt lat="31.0231722705066204071044921875" lon="121.4287467487156391143798828125">
        <ele>4.400000095367431640625</ele>
        <time>2026-05-17T14:01:00.000Z</time>
        <extensions>
          <ns3:TrackPointExtension>
            <ns3:hr>156</ns3:hr>
            <ns3:cad>85</ns3:cad>
          </ns3:TrackPointExtension>
        </extensions>
      </trkpt>
      <trkpt lat="31.02316439151763916015625" lon="121.4287118799984455108642578125">
        <ele>4.400000095367431640625</ele>
        <time>2026-05-17T14:01:01.000Z</time>
        <extensions>
          <ns3:TrackPointExtension>
            <ns3:hr>157</ns3:hr>
            <ns3:cad>85</ns3:cad>
          </ns3:TrackPointExtension>
        </extensions>
      </trkpt>
      <trkpt lat="31.02314972318708896636962890625" lon="121.42868245951831340789794921875">
        <ele>4.400000095367431640625</ele>
        <time>2026-05-17T14:01:02.000Z</time>
        <extensions>
          <ns3:TrackPointExtension>
            <ns3:hr>156</ns3:hr>
            <ns3:cad>85</ns3:cad>
          </ns3:TrackPointExtension>
        </extensions>
      </trkpt>
      <trkpt lat="31.02313580922782421112060546875" lon="121.4286454953253269195556640625">
        <ele>4.599999904632568359375</ele>
        <time>2026-05-17T14:01:03.000Z</time>
        <extensions>
          <ns3:TrackPointExtension>
            <ns3:hr>157</ns3:hr>
            <ns3:cad>84</ns3:cad>
          </ns3:TrackPointExtension>
        </extensions>
      </trkpt>
      <trkpt lat="31.02312147617340087890625" lon="121.42862118780612945556640625">
        <ele>4.599999904632568359375</ele>
        <time>2026-05-17T14:01:04.000Z</time>
        <extensions>
          <ns3:TrackPointExtension>
            <ns3:hr>157</ns3:hr>
            <ns3:cad>84</ns3:cad>
          </ns3:TrackPointExtension>
        </extensions>
      </trkpt>
      <trkpt lat="31.02308652363717555999755859375" lon="121.42856662161648273468017578125">
        <ele>4.599999904632568359375</ele>
        <time>2026-05-17T14:01:05.000Z</time>
        <extensions>
          <ns3:TrackPointExtension>
            <ns3:hr>157</ns3:hr>
            <ns3:cad>84</ns3:cad>
          </ns3:TrackPointExtension>
        </extensions>
      </trkpt>
      <trkpt lat="31.02308652363717555999755859375" lon="121.42856662161648273468017578125">
        <ele>4.80000019073486328125</ele>
        <time>2026-05-17T14:01:06.000Z</time>
        <extensions>
          <ns3:TrackPointExtension>
            <ns3:hr>157</ns3:hr>
            <ns3:cad>84</ns3:cad>
          </ns3:TrackPointExtension>
        </extensions>
      </trkpt>
      <trkpt lat="31.02306473068892955780029296875" lon="121.42854499630630016326904296875">
        <ele>4.80000019073486328125</ele>
        <time>2026-05-17T14:01:07.000Z</time>
        <extensions>
          <ns3:TrackPointExtension>
            <ns3:hr>158</ns3:hr>
            <ns3:cad>85</ns3:cad>
          </ns3:TrackPointExtension>
        </extensions>
      </trkpt>
      <trkpt lat="31.0230120085179805755615234375" lon="121.42850509844720363616943359375">
        <ele>4.80000019073486328125</ele>
        <time>2026-05-17T14:01:08.000Z</time>
        <extensions>
          <ns3:TrackPointExtension>
            <ns3:hr>158</ns3:hr>
            <ns3:cad>85</ns3:cad>
          </ns3:TrackPointExtension>
        </extensions>
      </trkpt>
      <trkpt lat="31.0230120085179805755615234375" lon="121.42850509844720363616943359375">
        <ele>5</ele>
        <time>2026-05-17T14:01:09.000Z</time>
        <extensions>
          <ns3:TrackPointExtension>
            <ns3:hr>158</ns3:hr>
            <ns3:cad>85</ns3:cad>
          </ns3:TrackPointExtension>
        </extensions>
      </trkpt>
      <trkpt lat="31.02298133075237274169921875" lon="121.4284815452992916107177734375">
        <ele>5.19999980926513671875</ele>
        <time>2026-05-17T14:01:10.000Z</time>
        <extensions>
          <ns3:TrackPointExtension>
            <ns3:hr>158</ns3:hr>
            <ns3:cad>85</ns3:cad>
          </ns3:TrackPointExtension>
        </extensions>
      </trkpt>
      <trkpt lat="31.0229563526809215545654296875" lon="121.4284711517393589019775390625">
        <ele>5.19999980926513671875</ele>
        <time>2026-05-17T14:01:11.000Z</time>
        <extensions>
          <ns3:TrackPointExtension>
            <ns3:hr>157</ns3:hr>
            <ns3:cad>85</ns3:cad>
          </ns3:TrackPointExtension>
        </extensions>
      </trkpt>
      <trkpt lat="31.02292441762983798980712890625" lon="121.4284574054181575775146484375">
        <ele>5.400000095367431640625</ele>
        <time>2026-05-17T14:01:12.000Z</time>
        <extensions>
          <ns3:TrackPointExtension>
            <ns3:hr>158</ns3:hr>
            <ns3:cad>85</ns3:cad>
          </ns3:TrackPointExtension>
        </extensions>
      </trkpt>
      <trkpt lat="31.02289575152099132537841796875" lon="121.42844256944954395294189453125">
        <ele>5.400000095367431640625</ele>
        <time>2026-05-17T14:01:13.000Z</time>
        <extensions>
          <ns3:TrackPointExtension>
            <ns3:hr>158</ns3:hr>
            <ns3:cad>85</ns3:cad>
          </ns3:TrackPointExtension>
        </extensions>
      </trkpt>
      <trkpt lat="31.02286289446055889129638671875" lon="121.4284359477460384368896484375">
        <ele>5.400000095367431640625</ele>
        <time>2026-05-17T14:01:14.000Z</time>
        <extensions>
          <ns3:TrackPointExtension>
            <ns3:hr>159</ns3:hr>
            <ns3:cad>85</ns3:cad>
          </ns3:TrackPointExtension>
        </extensions>
      </trkpt>
      <trkpt lat="31.0228262655436992645263671875" lon="121.4284242130815982818603515625">
        <ele>5.400000095367431640625</ele>
        <time>2026-05-17T14:01:15.000Z</time>
        <extensions>
          <ns3:TrackPointExtension>
            <ns3:hr>159</ns3:hr>
            <ns3:cad>85</ns3:cad>
          </ns3:TrackPointExtension>
        </extensions>
      </trkpt>
      <trkpt lat="31.02280438877642154693603515625" lon="121.4284287393093109130859375">
        <ele>5.400000095367431640625</ele>
        <time>2026-05-17T14:01:16.000Z</time>
        <extensions>
          <ns3:TrackPointExtension>
            <ns3:hr>159</ns3:hr>
            <ns3:cad>84</ns3:cad>
          </ns3:TrackPointExtension>
        </extensions>
      </trkpt>
      <trkpt lat="31.02276851423084735870361328125" lon="121.4284315891563892364501953125">
        <ele>5.400000095367431640625</ele>
        <time>2026-05-17T14:01:17.000Z</time>
        <extensions>
          <ns3:TrackPointExtension>
            <ns3:hr>159</ns3:hr>
            <ns3:cad>84</ns3:cad>
          </ns3:TrackPointExtension>
        </extensions>
      </trkpt>
      <trkpt lat="31.02274135686457157135009765625" lon="121.4284367859363555908203125">
        <ele>5.400000095367431640625</ele>
        <time>2026-05-17T14:01:18.000Z</time>
        <extensions>
          <ns3:TrackPointExtension>
            <ns3:hr>159</ns3:hr>
            <ns3:cad>84</ns3:cad>
          </ns3:TrackPointExtension>
        </extensions>
      </trkpt>
      <trkpt lat="31.0227095894515514373779296875" lon="121.42844977788627147674560546875">
        <ele>5.400000095367431640625</ele>
        <time>2026-05-17T14:01:19.000Z</time>
        <extensions>
          <ns3:TrackPointExtension>
            <ns3:hr>159</ns3:hr>
            <ns3:cad>84</ns3:cad>
          </ns3:TrackPointExtension>
        </extensions>
      </trkpt>
      <trkpt lat="31.02267866022884845733642578125" lon="121.428454220294952392578125">
        <ele>5.400000095367431640625</ele>
        <time>2026-05-17T14:01:20.000Z</time>
        <extensions>
          <ns3:TrackPointExtension>
            <ns3:hr>160</ns3:hr>
            <ns3:cad>84</ns3:cad>
          </ns3:TrackPointExtension>
        </extensions>
      </trkpt>
      <trkpt lat="31.02265133522450923919677734375" lon="121.42846587114036083221435546875">
        <ele>5.400000095367431640625</ele>
        <time>2026-05-17T14:01:21.000Z</time>
        <extensions>
          <ns3:TrackPointExtension>
            <ns3:hr>159</ns3:hr>
            <ns3:cad>84</ns3:cad>
          </ns3:TrackPointExtension>
        </extensions>
      </trkpt>
      <trkpt lat="31.02261814288794994354248046875" lon="121.42847006209194660186767578125">
        <ele>5.400000095367431640625</ele>
        <time>2026-05-17T14:01:22.000Z</time>
        <extensions>
          <ns3:TrackPointExtension>
            <ns3:hr>159</ns3:hr>
            <ns3:cad>86</ns3:cad>
          </ns3:TrackPointExtension>
        </extensions>
      </trkpt>
      <trkpt lat="31.022594086825847625732421875" lon="121.4284802041947841644287109375">
        <ele>5.400000095367431640625</ele>
        <time>2026-05-17T14:01:23.000Z</time>
        <extensions>
          <ns3:TrackPointExtension>
            <ns3:hr>159</ns3:hr>
            <ns3:cad>86</ns3:cad>
          </ns3:TrackPointExtension>
        </extensions>
      </trkpt>
      <trkpt lat="31.0225543566048145294189453125" lon="121.42848833464086055755615234375">
        <ele>5.599999904632568359375</ele>
        <time>2026-05-17T14:01:24.000Z</time>
        <extensions>
          <ns3:TrackPointExtension>
            <ns3:hr>159</ns3:hr>
            <ns3:cad>86</ns3:cad>
          </ns3:TrackPointExtension>
        </extensions>
      </trkpt>
      <trkpt lat="31.02253231219947338104248046875" lon="121.428496800363063812255859375">
        <ele>5.599999904632568359375</ele>
        <time>2026-05-17T14:01:25.000Z</time>
        <extensions>
          <ns3:TrackPointExtension>
            <ns3:hr>160</ns3:hr>
            <ns3:cad>86</ns3:cad>
          </ns3:TrackPointExtension>
        </extensions>
      </trkpt>
      <trkpt lat="31.0224983654916286468505859375" lon="121.4285127259790897369384765625">
        <ele>5.599999904632568359375</ele>
        <time>2026-05-17T14:01:26.000Z</time>
        <extensions>
          <ns3:TrackPointExtension>
            <ns3:hr>160</ns3:hr>
            <ns3:cad>86</ns3:cad>
          </ns3:TrackPointExtension>
        </extensions>
      </trkpt>
      <trkpt lat="31.02246844209730625152587890625" lon="121.42851918004453182220458984375">
        <ele>5.599999904632568359375</ele>
        <time>2026-05-17T14:01:27.000Z</time>
        <extensions>
          <ns3:TrackPointExtension>
            <ns3:hr>159</ns3:hr>
            <ns3:cad>86</ns3:cad>
          </ns3:TrackPointExtension>
        </extensions>
      </trkpt>
      <trkpt lat="31.022438518702983856201171875" lon="121.428529657423496246337890625">
        <ele>5.599999904632568359375</ele>
        <time>2026-05-17T14:01:28.000Z</time>
        <extensions>
          <ns3:TrackPointExtension>
            <ns3:hr>159</ns3:hr>
            <ns3:cad>86</ns3:cad>
          </ns3:TrackPointExtension>
        </extensions>
      </trkpt>
      <trkpt lat="31.0224038176238536834716796875" lon="121.4285333454608917236328125">
        <ele>5.599999904632568359375</ele>
        <time>2026-05-17T14:01:29.000Z</time>
        <extensions>
          <ns3:TrackPointExtension>
            <ns3:hr>160</ns3:hr>
            <ns3:cad>86</ns3:cad>
          </ns3:TrackPointExtension>
        </extensions>
      </trkpt>
      <trkpt lat="31.02237842045724391937255859375" lon="121.42854130826890468597412109375">
        <ele>5.599999904632568359375</ele>
        <time>2026-05-17T14:01:30.000Z</time>
        <extensions>
          <ns3:TrackPointExtension>
            <ns3:hr>160</ns3:hr>
            <ns3:cad>86</ns3:cad>
          </ns3:TrackPointExtension>
        </extensions>
      </trkpt>
      <trkpt lat="31.02234103716909885406494140625" lon="121.428550444543361663818359375">
        <ele>5.400000095367431640625</ele>
        <time>2026-05-17T14:01:31.000Z</time>
        <extensions>
          <ns3:TrackPointExtension>
            <ns3:hr>161</ns3:hr>
            <ns3:cad>85</ns3:cad>
          </ns3:TrackPointExtension>
        </extensions>
      </trkpt>
      <trkpt lat="31.0222817771136760711669921875" lon="121.42857500351965427398681640625">
        <ele>5.400000095367431640625</ele>
        <time>2026-05-17T14:01:32.000Z</time>
        <extensions>
          <ns3:TrackPointExtension>
            <ns3:hr>161</ns3:hr>
            <ns3:cad>85</ns3:cad>
          </ns3:TrackPointExtension>
        </extensions>
      </trkpt>
      <trkpt lat="31.0222817771136760711669921875" lon="121.42857500351965427398681640625">
        <ele>5.400000095367431640625</ele>
        <time>2026-05-17T14:01:33.000Z</time>
        <extensions>
          <ns3:TrackPointExtension>
            <ns3:hr>161</ns3:hr>
            <ns3:cad>85</ns3:cad>
          </ns3:TrackPointExtension>
        </extensions>
      </trkpt>
      <trkpt lat="31.022249758243560791015625" lon="121.42858338542282581329345703125">
        <ele>5.400000095367431640625</ele>
        <time>2026-05-17T14:01:34.000Z</time>
        <extensions>
          <ns3:TrackPointExtension>
            <ns3:hr>161</ns3:hr>
            <ns3:cad>86</ns3:cad>
          </ns3:TrackPointExtension>
        </extensions>
      </trkpt>
      <trkpt lat="31.02222092449665069580078125" lon="121.42859025858342647552490234375">
        <ele>5.599999904632568359375</ele>
        <time>2026-05-17T14:01:35.000Z</time>
        <extensions>
          <ns3:TrackPointExtension>
            <ns3:hr>161</ns3:hr>
            <ns3:cad>86</ns3:cad>
          </ns3:TrackPointExtension>
        </extensions>
      </trkpt>
      <trkpt lat="31.02218815125524997711181640625" lon="121.42859034240245819091796875">
        <ele>5.599999904632568359375</ele>
        <time>2026-05-17T14:01:36.000Z</time>
        <extensions>
          <ns3:TrackPointExtension>
            <ns3:hr>160</ns3:hr>
            <ns3:cad>86</ns3:cad>
          </ns3:TrackPointExtension>
        </extensions>
      </trkpt>
      <trkpt lat="31.02216870523989200592041015625" lon="121.42859704792499542236328125">
        <ele>5.80000019073486328125</ele>
        <time>2026-05-17T14:01:37.000Z</time>
        <extensions>
          <ns3:TrackPointExtension>
            <ns3:hr>161</ns3:hr>
            <ns3:cad>86</ns3:cad>
          </ns3:TrackPointExtension>
        </extensions>
      </trkpt>
      <trkpt lat="31.0221359319984912872314453125" lon="121.428598724305629730224609375">
        <ele>5.80000019073486328125</ele>
        <time>2026-05-17T14:01:38.000Z</time>
        <extensions>
          <ns3:TrackPointExtension>
            <ns3:hr>161</ns3:hr>
            <ns3:cad>85</ns3:cad>
          </ns3:TrackPointExtension>
        </extensions>
      </trkpt>
      <trkpt lat="31.022117324173450469970703125" lon="121.42861045897006988525390625">
        <ele>5.80000019073486328125</ele>
        <time>2026-05-17T14:01:39.000Z</time>
        <extensions>
          <ns3:TrackPointExtension>
            <ns3:hr>161</ns3:hr>
            <ns3:cad>86</ns3:cad>
          </ns3:TrackPointExtension>
        </extensions>
      </trkpt>
      <trkpt lat="31.02208471857011318206787109375" lon="121.4286173321306705474853515625">
        <ele>5.80000019073486328125</ele>
        <time>2026-05-17T14:01:40.000Z</time>
        <extensions>
          <ns3:TrackPointExtension>
            <ns3:hr>160</ns3:hr>
            <ns3:cad>86</ns3:cad>
          </ns3:TrackPointExtension>
        </extensions>
      </trkpt>
      <trkpt lat="31.0220633447170257568359375" lon="121.42862563021481037139892578125">
        <ele>5.80000019073486328125</ele>
        <time>2026-05-17T14:01:41.000Z</time>
        <extensions>
          <ns3:TrackPointExtension>
            <ns3:hr>161</ns3:hr>
            <ns3:cad>86</ns3:cad>
          </ns3:TrackPointExtension>
        </extensions>
      </trkpt>
      <trkpt lat="31.0220338404178619384765625" lon="121.42863250337541103363037109375">
        <ele>6</ele>
        <time>2026-05-17T14:01:42.000Z</time>
        <extensions>
          <ns3:TrackPointExtension>
            <ns3:hr>161</ns3:hr>
            <ns3:cad>86</ns3:cad>
          </ns3:TrackPointExtension>
        </extensions>
      </trkpt>
      <trkpt lat="31.02200978435575962066650390625" lon="121.4286401309072971343994140625">
        <ele>6</ele>
        <time>2026-05-17T14:01:43.000Z</time>
        <extensions>
          <ns3:TrackPointExtension>
            <ns3:hr>161</ns3:hr>
            <ns3:cad>88</ns3:cad>
          </ns3:TrackPointExtension>
        </extensions>
      </trkpt>
      <trkpt lat="31.0219823755323886871337890625" lon="121.42865345813333988189697265625">
        <ele>6</ele>
        <time>2026-05-17T14:01:44.000Z</time>
        <extensions>
          <ns3:TrackPointExtension>
            <ns3:hr>160</ns3:hr>
            <ns3:cad>88</ns3:cad>
          </ns3:TrackPointExtension>
        </extensions>
      </trkpt>
      <trkpt lat="31.0219533741474151611328125" lon="121.4286609180271625518798828125">
        <ele>6</ele>
        <time>2026-05-17T14:01:45.000Z</time>
        <extensions>
          <ns3:TrackPointExtension>
            <ns3:hr>160</ns3:hr>
            <ns3:cad>88</ns3:cad>
          </ns3:TrackPointExtension>
        </extensions>
      </trkpt>
      <trkpt lat="31.02192563004791736602783203125" lon="121.42867374233901500701904296875">
        <ele>5.80000019073486328125</ele>
        <time>2026-05-17T14:01:46.000Z</time>
        <extensions>
          <ns3:TrackPointExtension>
            <ns3:hr>160</ns3:hr>
            <ns3:cad>87</ns3:cad>
          </ns3:TrackPointExtension>
        </extensions>
      </trkpt>
      <trkpt lat="31.021894700825214385986328125" lon="121.42868648283183574676513671875">
        <ele>5.80000019073486328125</ele>
        <time>2026-05-17T14:01:47.000Z</time>
        <extensions>
          <ns3:TrackPointExtension>
            <ns3:hr>159</ns3:hr>
            <ns3:cad>87</ns3:cad>
          </ns3:TrackPointExtension>
        </extensions>
      </trkpt>
      <trkpt lat="31.02187651209533214569091796875" lon="121.42870425246655941009521484375">
        <ele>5.80000019073486328125</ele>
        <time>2026-05-17T14:01:48.000Z</time>
        <extensions>
          <ns3:TrackPointExtension>
            <ns3:hr>159</ns3:hr>
            <ns3:cad>87</ns3:cad>
          </ns3:TrackPointExtension>
        </extensions>
      </trkpt>
      <trkpt lat="31.02184851653873920440673828125" lon="121.4287289790809154510498046875">
        <ele>5.80000019073486328125</ele>
        <time>2026-05-17T14:01:49.000Z</time>
        <extensions>
          <ns3:TrackPointExtension>
            <ns3:hr>159</ns3:hr>
            <ns3:cad>87</ns3:cad>
          </ns3:TrackPointExtension>
        </extensions>
      </trkpt>
      <trkpt lat="31.02180811576545238494873046875" lon="121.42877482809126377105712890625">
        <ele>5.599999904632568359375</ele>
        <time>2026-05-17T14:01:50.000Z</time>
        <extensions>
          <ns3:TrackPointExtension>
            <ns3:hr>159</ns3:hr>
            <ns3:cad>85</ns3:cad>
          </ns3:TrackPointExtension>
        </extensions>
      </trkpt>
      <trkpt lat="31.02180811576545238494873046875" lon="121.42877482809126377105712890625">
        <ele>5.599999904632568359375</ele>
        <time>2026-05-17T14:01:51.000Z</time>
        <extensions>
          <ns3:TrackPointExtension>
            <ns3:hr>159</ns3:hr>
            <ns3:cad>85</ns3:cad>
          </ns3:TrackPointExtension>
        </extensions>
      </trkpt>
      <trkpt lat="31.02178238332271575927734375" lon="121.428797207772731781005859375">
        <ele>5.80000019073486328125</ele>
        <time>2026-05-17T14:01:52.000Z</time>
        <extensions>
          <ns3:TrackPointExtension>
            <ns3:hr>159</ns3:hr>
            <ns3:cad>85</ns3:cad>
          </ns3:TrackPointExtension>
        </extensions>
      </trkpt>
      <trkpt lat="31.0217372886836528778076171875" lon="121.42885915003716945648193359375">
        <ele>5.80000019073486328125</ele>
        <time>2026-05-17T14:01:53.000Z</time>
        <extensions>
          <ns3:TrackPointExtension>
            <ns3:hr>159</ns3:hr>
            <ns3:cad>85</ns3:cad>
          </ns3:TrackPointExtension>
        </extensions>
      </trkpt>
      <trkpt lat="31.0217372886836528778076171875" lon="121.42885915003716945648193359375">
        <ele>5.80000019073486328125</ele>
        <time>2026-05-17T14:01:54.000Z</time>
        <extensions>
          <ns3:TrackPointExtension>
            <ns3:hr>158</ns3:hr>
            <ns3:cad>85</ns3:cad>
          </ns3:TrackPointExtension>
        </extensions>
      </trkpt>
      <trkpt lat="31.021728403866291046142578125" lon="121.42888429574668407440185546875">
        <ele>5.80000019073486328125</ele>
        <time>2026-05-17T14:01:55.000Z</time>
        <extensions>
          <ns3:TrackPointExtension>
            <ns3:hr>158</ns3:hr>
            <ns3:cad>85</ns3:cad>
          </ns3:TrackPointExtension>
        </extensions>
      </trkpt>
      <trkpt lat="31.02171960286796092987060546875" lon="121.42892268486320972442626953125">
        <ele>5.80000019073486328125</ele>
        <time>2026-05-17T14:01:56.000Z</time>
        <extensions>
          <ns3:TrackPointExtension>
            <ns3:hr>158</ns3:hr>
            <ns3:cad>85</ns3:cad>
          </ns3:TrackPointExtension>
        </extensions>
      </trkpt>
      <trkpt lat="31.02171323262155055999755859375" lon="121.4289544522762298583984375">
        <ele>5.80000019073486328125</ele>
        <time>2026-05-17T14:01:57.000Z</time>
        <extensions>
          <ns3:TrackPointExtension>
            <ns3:hr>158</ns3:hr>
            <ns3:cad>85</ns3:cad>
          </ns3:TrackPointExtension>
        </extensions>
      </trkpt>
      <trkpt lat="31.021708957850933074951171875" lon="121.4289881475269794464111328125">
        <ele>5.80000019073486328125</ele>
        <time>2026-05-17T14:01:58.000Z</time>
        <extensions>
          <ns3:TrackPointExtension>
            <ns3:hr>158</ns3:hr>
            <ns3:cad>86</ns3:cad>
          </ns3:TrackPointExtension>
        </extensions>
      </trkpt>
      <trkpt lat="31.02170585654675960540771484375" lon="121.42902343533933162689208984375">
        <ele>6</ele>
        <time>2026-05-17T14:01:59.000Z</time>
        <extensions>
          <ns3:TrackPointExtension>
            <ns3:hr>158</ns3:hr>
            <ns3:cad>86</ns3:cad>
          </ns3:TrackPointExtension>
        </extensions>
      </trkpt>
      <trkpt lat="31.02170837111771106719970703125" lon="121.42905394546687602996826171875">
        <ele>6</ele>
        <time>2026-05-17T14:02:00.000Z</time>
        <extensions>
          <ns3:TrackPointExtension>
            <ns3:hr>158</ns3:hr>
            <ns3:cad>86</ns3:cad>
          </ns3:TrackPointExtension>
        </extensions>
      </trkpt>
      <trkpt lat="31.02170669473707675933837890625" lon="121.4290894009172916412353515625">
        <ele>6</ele>
        <time>2026-05-17T14:02:01.000Z</time>
        <extensions>
          <ns3:TrackPointExtension>
            <ns3:hr>158</ns3:hr>
            <ns3:cad>86</ns3:cad>
          </ns3:TrackPointExtension>
        </extensions>
      </trkpt>
      <trkpt lat="31.021713651716709136962890625" lon="121.42911898903548717498779296875">
        <ele>6.19999980926513671875</ele>
        <time>2026-05-17T14:02:02.000Z</time>
        <extensions>
          <ns3:TrackPointExtension>
            <ns3:hr>158</ns3:hr>
            <ns3:cad>87</ns3:cad>
          </ns3:TrackPointExtension>
        </extensions>
      </trkpt>
      <trkpt lat="31.02171809412539005279541015625" lon="121.42915628850460052490234375">
        <ele>6.19999980926513671875</ele>
        <time>2026-05-17T14:02:03.000Z</time>
        <extensions>
          <ns3:TrackPointExtension>
            <ns3:hr>158</ns3:hr>
            <ns3:cad>87</ns3:cad>
          </ns3:TrackPointExtension>
        </extensions>
      </trkpt>
      <trkpt lat="31.021727062761783599853515625" lon="121.4291826076805591583251953125">
        <ele>6.19999980926513671875</ele>
        <time>2026-05-17T14:02:04.000Z</time>
        <extensions>
          <ns3:TrackPointExtension>
            <ns3:hr>157</ns3:hr>
            <ns3:cad>87</ns3:cad>
          </ns3:TrackPointExtension>
        </extensions>
      </trkpt>
      <trkpt lat="31.0217476822435855865478515625" lon="121.42924941144883632659912109375">
        <ele>6.19999980926513671875</ele>
        <time>2026-05-17T14:02:05.000Z</time>
        <extensions>
          <ns3:TrackPointExtension>
            <ns3:hr>157</ns3:hr>
            <ns3:cad>88</ns3:cad>
          </ns3:TrackPointExtension>
        </extensions>
      </trkpt>
      <trkpt lat="31.0217584110796451568603515625" lon="121.42928662709891796112060546875">
        <ele>6.19999980926513671875</ele>
        <time>2026-05-17T14:02:06.000Z</time>
        <extensions>
          <ns3:TrackPointExtension>
            <ns3:hr>157</ns3:hr>
            <ns3:cad>88</ns3:cad>
          </ns3:TrackPointExtension>
        </extensions>
      </trkpt>
      <trkpt lat="31.0217584110796451568603515625" lon="121.42928662709891796112060546875">
        <ele>6.400000095367431640625</ele>
        <time>2026-05-17T14:02:07.000Z</time>
        <extensions>
          <ns3:TrackPointExtension>
            <ns3:hr>158</ns3:hr>
            <ns3:cad>87</ns3:cad>
          </ns3:TrackPointExtension>
        </extensions>
      </trkpt>
      <trkpt lat="31.021771319210529327392578125" lon="121.4293200708925724029541015625">
        <ele>6.400000095367431640625</ele>
        <time>2026-05-17T14:02:08.000Z</time>
        <extensions>
          <ns3:TrackPointExtension>
            <ns3:hr>158</ns3:hr>
            <ns3:cad>87</ns3:cad>
          </ns3:TrackPointExtension>
        </extensions>
      </trkpt>
      <trkpt lat="31.02180811576545238494873046875" lon="121.42937949858605861663818359375">
        <ele>6.400000095367431640625</ele>
        <time>2026-05-17T14:02:09.000Z</time>
        <extensions>
          <ns3:TrackPointExtension>
            <ns3:hr>158</ns3:hr>
            <ns3:cad>86</ns3:cad>
          </ns3:TrackPointExtension>
        </extensions>
      </trkpt>
      <trkpt lat="31.02180811576545238494873046875" lon="121.42937949858605861663818359375">
        <ele>6.400000095367431640625</ele>
        <time>2026-05-17T14:02:10.000Z</time>
        <extensions>
          <ns3:TrackPointExtension>
            <ns3:hr>157</ns3:hr>
            <ns3:cad>86</ns3:cad>
          </ns3:TrackPointExtension>
        </extensions>
      </trkpt>
      <trkpt lat="31.02184449322521686553955078125" lon="121.42942526377737522125244140625">
        <ele>6.19999980926513671875</ele>
        <time>2026-05-17T14:02:11.000Z</time>
        <extensions>
          <ns3:TrackPointExtension>
            <ns3:hr>158</ns3:hr>
            <ns3:cad>87</ns3:cad>
          </ns3:TrackPointExtension>
        </extensions>
      </trkpt>
      <trkpt lat="31.02184449322521686553955078125" lon="121.42942526377737522125244140625">
        <ele>6.19999980926513671875</ele>
        <time>2026-05-17T14:02:12.000Z</time>
        <extensions>
          <ns3:TrackPointExtension>
            <ns3:hr>158</ns3:hr>
            <ns3:cad>87</ns3:cad>
          </ns3:TrackPointExtension>
        </extensions>
      </trkpt>
      <trkpt lat="31.02186963893473148345947265625" lon="121.4294367469847202301025390625">
        <ele>6.19999980926513671875</ele>
        <time>2026-05-17T14:02:13.000Z</time>
        <extensions>
          <ns3:TrackPointExtension>
            <ns3:hr>158</ns3:hr>
            <ns3:cad>87</ns3:cad>
          </ns3:TrackPointExtension>
        </extensions>
      </trkpt>
      <trkpt lat="31.02189662866294384002685546875" lon="121.42945962958037853240966796875">
        <ele>6.19999980926513671875</ele>
        <time>2026-05-17T14:02:14.000Z</time>
        <extensions>
          <ns3:TrackPointExtension>
            <ns3:hr>158</ns3:hr>
            <ns3:cad>87</ns3:cad>
          </ns3:TrackPointExtension>
        </extensions>
      </trkpt>
      <trkpt lat="31.0219185054302215576171875" lon="121.4294689334928989410400390625">
        <ele>6.19999980926513671875</ele>
        <time>2026-05-17T14:02:15.000Z</time>
        <extensions>
          <ns3:TrackPointExtension>
            <ns3:hr>158</ns3:hr>
            <ns3:cad>87</ns3:cad>
          </ns3:TrackPointExtension>
        </extensions>
      </trkpt>
      <trkpt lat="31.02194893173873424530029296875" lon="121.429485864937305450439453125">
        <ele>6.19999980926513671875</ele>
        <time>2026-05-17T14:02:16.000Z</time>
        <extensions>
          <ns3:TrackPointExtension>
            <ns3:hr>158</ns3:hr>
            <ns3:cad>87</ns3:cad>
          </ns3:TrackPointExtension>
        </extensions>
      </trkpt>
      <trkpt lat="31.021970473229885101318359375" lon="121.429492570459842681884765625">
        <ele>6.400000095367431640625</ele>
        <time>2026-05-17T14:02:17.000Z</time>
        <extensions>
          <ns3:TrackPointExtension>
            <ns3:hr>158</ns3:hr>
            <ns3:cad>88</ns3:cad>
          </ns3:TrackPointExtension>
        </extensions>
      </trkpt>
      <trkpt lat="31.02200291119515895843505859375" lon="121.4295004494488239288330078125">
        <ele>6.400000095367431640625</ele>
        <time>2026-05-17T14:02:18.000Z</time>
        <extensions>
          <ns3:TrackPointExtension>
            <ns3:hr>158</ns3:hr>
            <ns3:cad>88</ns3:cad>
          </ns3:TrackPointExtension>
        </extensions>
      </trkpt>
      <trkpt lat="31.02202822454273700714111328125" lon="121.4295048080384731292724609375">
        <ele>6.400000095367431640625</ele>
        <time>2026-05-17T14:02:19.000Z</time>
        <extensions>
          <ns3:TrackPointExtension>
            <ns3:hr>158</ns3:hr>
            <ns3:cad>88</ns3:cad>
          </ns3:TrackPointExtension>
        </extensions>
      </trkpt>
      <trkpt lat="31.022056303918361663818359375" lon="121.42950707115232944488525390625">
        <ele>6.400000095367431640625</ele>
        <time>2026-05-17T14:02:20.000Z</time>
        <extensions>
          <ns3:TrackPointExtension>
            <ns3:hr>158</ns3:hr>
            <ns3:cad>88</ns3:cad>
          </ns3:TrackPointExtension>
        </extensions>
      </trkpt>
      <trkpt lat="31.02208287455141544342041015625" lon="121.4295061491429805755615234375">
        <ele>6.400000095367431640625</ele>
        <time>2026-05-17T14:02:21.000Z</time>
        <extensions>
          <ns3:TrackPointExtension>
            <ns3:hr>159</ns3:hr>
            <ns3:cad>88</ns3:cad>
          </ns3:TrackPointExtension>
        </extensions>
      </trkpt>
      <trkpt lat="31.02211087010800838470458984375" lon="121.42950170673429965972900390625">
        <ele>6.19999980926513671875</ele>
        <time>2026-05-17T14:02:22.000Z</time>
        <extensions>
          <ns3:TrackPointExtension>
            <ns3:hr>159</ns3:hr>
            <ns3:cad>87</ns3:cad>
          </ns3:TrackPointExtension>
        </extensions>
      </trkpt>
      <trkpt lat="31.02213920094072818756103515625" lon="121.4294970966875553131103515625">
        <ele>6.19999980926513671875</ele>
        <time>2026-05-17T14:02:23.000Z</time>
        <extensions>
          <ns3:TrackPointExtension>
            <ns3:hr>158</ns3:hr>
            <ns3:cad>87</ns3:cad>
          </ns3:TrackPointExtension>
        </extensions>
      </trkpt>
      <trkpt lat="31.02216937579214572906494140625" lon="121.42948754131793975830078125">
        <ele>6.19999980926513671875</ele>
        <time>2026-05-17T14:02:24.000Z</time>
        <extensions>
          <ns3:TrackPointExtension>
            <ns3:hr>158</ns3:hr>
            <ns3:cad>87</ns3:cad>
          </ns3:TrackPointExtension>
        </extensions>
      </trkpt>
      <trkpt lat="31.0222006402909755706787109375" lon="121.429484188556671142578125">
        <ele>6.19999980926513671875</ele>
        <time>2026-05-17T14:02:25.000Z</time>
        <extensions>
          <ns3:TrackPointExtension>
            <ns3:hr>158</ns3:hr>
            <ns3:cad>88</ns3:cad>
          </ns3:TrackPointExtension>
        </extensions>
      </trkpt>
      <trkpt lat="31.0222271271049976348876953125" lon="121.4294742979109287261962890625">
        <ele>6.19999980926513671875</ele>
        <time>2026-05-17T14:02:26.000Z</time>
        <extensions>
          <ns3:TrackPointExtension>
            <ns3:hr>158</ns3:hr>
            <ns3:cad>89</ns3:cad>
          </ns3:TrackPointExtension>
        </extensions>
      </trkpt>
      <trkpt lat="31.022262163460254669189453125" lon="121.4294709451496601104736328125">
        <ele>6</ele>
        <time>2026-05-17T14:02:27.000Z</time>
        <extensions>
          <ns3:TrackPointExtension>
            <ns3:hr>157</ns3:hr>
            <ns3:cad>89</ns3:cad>
          </ns3:TrackPointExtension>
        </extensions>
      </trkpt>
      <trkpt lat="31.0222834534943103790283203125" lon="121.42946231178939342498779296875">
        <ele>6</ele>
        <time>2026-05-17T14:02:28.000Z</time>
        <extensions>
          <ns3:TrackPointExtension>
            <ns3:hr>157</ns3:hr>
            <ns3:cad>89</ns3:cad>
          </ns3:TrackPointExtension>
        </extensions>
      </trkpt>
      <trkpt lat="31.02231823839247226715087890625" lon="121.42945677973330020904541015625">
        <ele>6</ele>
        <time>2026-05-17T14:02:29.000Z</time>
        <extensions>
          <ns3:TrackPointExtension>
            <ns3:hr>157</ns3:hr>
            <ns3:cad>88</ns3:cad>
          </ns3:TrackPointExtension>
        </extensions>
      </trkpt>
      <trkpt lat="31.02234103716909885406494140625" lon="121.4294471405446529388427734375">
        <ele>6</ele>
        <time>2026-05-17T14:02:30.000Z</time>
        <extensions>
          <ns3:TrackPointExtension>
            <ns3:hr>157</ns3:hr>
            <ns3:cad>86</ns3:cad>
          </ns3:TrackPointExtension>
        </extensions>
      </trkpt>
      <trkpt lat="31.0223689489066600799560546875" lon="121.42944169230759143829345703125">
        <ele>6</ele>
        <time>2026-05-17T14:02:31.000Z</time>
        <extensions>
          <ns3:TrackPointExtension>
            <ns3:hr>157</ns3:hr>
            <ns3:cad>86</ns3:cad>
          </ns3:TrackPointExtension>
        </extensions>
      </trkpt>
      <trkpt lat="31.0224014706909656524658203125" lon="121.42944152466952800750732421875">
        <ele>6</ele>
        <time>2026-05-17T14:02:32.000Z</time>
        <extensions>
          <ns3:TrackPointExtension>
            <ns3:hr>156</ns3:hr>
            <ns3:cad>86</ns3:cad>
          </ns3:TrackPointExtension>
        </extensions>
      </trkpt>
      <trkpt lat="31.022427789866924285888671875" lon="121.4294310472905635833740234375">
        <ele>6</ele>
        <time>2026-05-17T14:02:33.000Z</time>
        <extensions>
          <ns3:TrackPointExtension>
            <ns3:hr>156</ns3:hr>
            <ns3:cad>86</ns3:cad>
          </ns3:TrackPointExtension>
        </extensions>
      </trkpt>
      <trkpt lat="31.0224638320505619049072265625" lon="121.4294333942234516143798828125">
        <ele>6</ele>
        <time>2026-05-17T14:02:34.000Z</time>
        <extensions>
          <ns3:TrackPointExtension>
            <ns3:hr>156</ns3:hr>
            <ns3:cad>86</ns3:cad>
          </ns3:TrackPointExtension>
        </extensions>
      </trkpt>
      <trkpt lat="31.02248537354171276092529296875" lon="121.429424844682216644287109375">
        <ele>6</ele>
        <time>2026-05-17T14:02:35.000Z</time>
        <extensions>
          <ns3:TrackPointExtension>
            <ns3:hr>156</ns3:hr>
            <ns3:cad>86</ns3:cad>
          </ns3:TrackPointExtension>
        </extensions>
      </trkpt>
      <trkpt lat="31.0225220024585723876953125" lon="121.42941788770258426666259765625">
        <ele>5.80000019073486328125</ele>
        <time>2026-05-17T14:02:36.000Z</time>
        <extensions>
          <ns3:TrackPointExtension>
            <ns3:hr>156</ns3:hr>
            <ns3:cad>86</ns3:cad>
          </ns3:TrackPointExtension>
        </extensions>
      </trkpt>
      <trkpt lat="31.0225463099777698516845703125" lon="121.42940950579941272735595703125">
        <ele>5.80000019073486328125</ele>
        <time>2026-05-17T14:02:37.000Z</time>
        <extensions>
          <ns3:TrackPointExtension>
            <ns3:hr>156</ns3:hr>
            <ns3:cad>85</ns3:cad>
          </ns3:TrackPointExtension>
        </extensions>
      </trkpt>
      <trkpt lat="31.022576652467250823974609375" lon="121.42939810641109943389892578125">
        <ele>5.80000019073486328125</ele>
        <time>2026-05-17T14:02:38.000Z</time>
        <extensions>
          <ns3:TrackPointExtension>
            <ns3:hr>156</ns3:hr>
            <ns3:cad>85</ns3:cad>
          </ns3:TrackPointExtension>
        </extensions>
      </trkpt>
      <trkpt lat="31.02260741405189037322998046875" lon="121.429392993450164794921875">
        <ele>5.80000019073486328125</ele>
        <time>2026-05-17T14:02:39.000Z</time>
        <extensions>
          <ns3:TrackPointExtension>
            <ns3:hr>156</ns3:hr>
            <ns3:cad>86</ns3:cad>
          </ns3:TrackPointExtension>
        </extensions>
      </trkpt>
      <trkpt lat="31.0226307995617389678955078125" lon="121.42938000150024890899658203125">
        <ele>5.80000019073486328125</ele>
        <time>2026-05-17T14:02:40.000Z</time>
        <extensions>
          <ns3:TrackPointExtension>
            <ns3:hr>155</ns3:hr>
            <ns3:cad>86</ns3:cad>
          </ns3:TrackPointExtension>
        </extensions>
      </trkpt>
      <trkpt lat="31.0226633213460445404052734375" lon="121.42937379889190196990966796875">
        <ele>5.80000019073486328125</ele>
        <time>2026-05-17T14:02:41.000Z</time>
        <extensions>
          <ns3:TrackPointExtension>
            <ns3:hr>156</ns3:hr>
            <ns3:cad>86</ns3:cad>
          </ns3:TrackPointExtension>
        </extensions>
      </trkpt>
      <trkpt lat="31.02268226444721221923828125" lon="121.4293621480464935302734375">
        <ele>5.80000019073486328125</ele>
        <time>2026-05-17T14:02:42.000Z</time>
        <extensions>
          <ns3:TrackPointExtension>
            <ns3:hr>156</ns3:hr>
            <ns3:cad>85</ns3:cad>
          </ns3:TrackPointExtension>
        </extensions>
      </trkpt>
      <trkpt lat="31.02271453477442264556884765625" lon="121.429351754486560821533203125">
        <ele>5.80000019073486328125</ele>
        <time>2026-05-17T14:02:43.000Z</time>
        <extensions>
          <ns3:TrackPointExtension>
            <ns3:hr>156</ns3:hr>
            <ns3:cad>85</ns3:cad>
          </ns3:TrackPointExtension>
        </extensions>
      </trkpt>
      <trkpt lat="31.02273850701749324798583984375" lon="121.4293421991169452667236328125">
        <ele>5.80000019073486328125</ele>
        <time>2026-05-17T14:02:44.000Z</time>
        <extensions>
          <ns3:TrackPointExtension>
            <ns3:hr>156</ns3:hr>
            <ns3:cad>85</ns3:cad>
          </ns3:TrackPointExtension>
        </extensions>
      </trkpt>
      <trkpt lat="31.0227660834789276123046875" lon="121.429333649575710296630859375">
        <ele>5.80000019073486328125</ele>
        <time>2026-05-17T14:02:45.000Z</time>
        <extensions>
          <ns3:TrackPointExtension>
            <ns3:hr>156</ns3:hr>
            <ns3:cad>84</ns3:cad>
          </ns3:TrackPointExtension>
        </extensions>
      </trkpt>
      <trkpt lat="31.0227964259684085845947265625" lon="121.429333649575710296630859375">
        <ele>5.80000019073486328125</ele>
        <time>2026-05-17T14:02:46.000Z</time>
        <extensions>
          <ns3:TrackPointExtension>
            <ns3:hr>155</ns3:hr>
            <ns3:cad>85</ns3:cad>
          </ns3:TrackPointExtension>
        </extensions>
      </trkpt>
      <trkpt lat="31.02282576262950897216796875" lon="121.42932233400642871856689453125">
        <ele>5.80000019073486328125</ele>
        <time>2026-05-17T14:02:47.000Z</time>
        <extensions>
          <ns3:TrackPointExtension>
            <ns3:hr>156</ns3:hr>
            <ns3:cad>85</ns3:cad>
          </ns3:TrackPointExtension>
        </extensions>
      </trkpt>
      <trkpt lat="31.0228601284325122833251953125" lon="121.42932149581611156463623046875">
        <ele>5.80000019073486328125</ele>
        <time>2026-05-17T14:02:48.000Z</time>
        <extensions>
          <ns3:TrackPointExtension>
            <ns3:hr>155</ns3:hr>
            <ns3:cad>85</ns3:cad>
          </ns3:TrackPointExtension>
        </extensions>
      </trkpt>
      <trkpt lat="31.0228835977613925933837890625" lon="121.42931680195033550262451171875">
        <ele>5.80000019073486328125</ele>
        <time>2026-05-17T14:02:49.000Z</time>
        <extensions>
          <ns3:TrackPointExtension>
            <ns3:hr>155</ns3:hr>
            <ns3:cad>86</ns3:cad>
          </ns3:TrackPointExtension>
        </extensions>
      </trkpt>
      <trkpt lat="31.02292056195437908172607421875" lon="121.42930842004716396331787109375">
        <ele>5.80000019073486328125</ele>
        <time>2026-05-17T14:02:50.000Z</time>
        <extensions>
          <ns3:TrackPointExtension>
            <ns3:hr>155</ns3:hr>
            <ns3:cad>86</ns3:cad>
          </ns3:TrackPointExtension>
        </extensions>
      </trkpt>
      <trkpt lat="31.0229419358074665069580078125" lon="121.4292935840785503387451171875">
        <ele>5.80000019073486328125</ele>
        <time>2026-05-17T14:02:51.000Z</time>
        <extensions>
          <ns3:TrackPointExtension>
            <ns3:hr>155</ns3:hr>
            <ns3:cad>86</ns3:cad>
          </ns3:TrackPointExtension>
        </extensions>
      </trkpt>
      <trkpt lat="31.02297035045921802520751953125" lon="121.42927606590092182159423828125">
        <ele>5.80000019073486328125</ele>
        <time>2026-05-17T14:02:52.000Z</time>
        <extensions>
          <ns3:TrackPointExtension>
            <ns3:hr>155</ns3:hr>
            <ns3:cad>86</ns3:cad>
          </ns3:TrackPointExtension>
        </extensions>
      </trkpt>
      <trkpt lat="31.0229935683310031890869140625" lon="121.429258882999420166015625">
        <ele>5.80000019073486328125</ele>
        <time>2026-05-17T14:02:53.000Z</time>
        <extensions>
          <ns3:TrackPointExtension>
            <ns3:hr>155</ns3:hr>
            <ns3:cad>86</ns3:cad>
          </ns3:TrackPointExtension>
        </extensions>
      </trkpt>
      <trkpt lat="31.02301485836505889892578125" lon="121.4292375929653644561767578125">
        <ele>5.80000019073486328125</ele>
        <time>2026-05-17T14:02:54.000Z</time>
        <extensions>
          <ns3:TrackPointExtension>
            <ns3:hr>155</ns3:hr>
            <ns3:cad>87</ns3:cad>
          </ns3:TrackPointExtension>
        </extensions>
      </trkpt>
      <trkpt lat="31.02303924970328807830810546875" lon="121.42922074533998966217041015625">
        <ele>5.80000019073486328125</ele>
        <time>2026-05-17T14:02:55.000Z</time>
        <extensions>
          <ns3:TrackPointExtension>
            <ns3:hr>155</ns3:hr>
            <ns3:cad>87</ns3:cad>
          </ns3:TrackPointExtension>
        </extensions>
      </trkpt>
      <trkpt lat="31.02306045591831207275390625" lon="121.42920230515301227569580078125">
        <ele>5.599999904632568359375</ele>
        <time>2026-05-17T14:02:56.000Z</time>
        <extensions>
          <ns3:TrackPointExtension>
            <ns3:hr>156</ns3:hr>
            <ns3:cad>87</ns3:cad>
          </ns3:TrackPointExtension>
        </extensions>
      </trkpt>
      <trkpt lat="31.02308861911296844482421875" lon="121.42918436788022518157958984375">
        <ele>5.599999904632568359375</ele>
        <time>2026-05-17T14:02:57.000Z</time>
        <extensions>
          <ns3:TrackPointExtension>
            <ns3:hr>155</ns3:hr>
            <ns3:cad>87</ns3:cad>
          </ns3:TrackPointExtension>
        </extensions>
      </trkpt>
      <trkpt lat="31.0231028683483600616455078125" lon="121.429166682064533233642578125">
        <ele>5.599999904632568359375</ele>
        <time>2026-05-17T14:02:58.000Z</time>
        <extensions>
          <ns3:TrackPointExtension>
            <ns3:hr>155</ns3:hr>
            <ns3:cad>87</ns3:cad>
          </ns3:TrackPointExtension>
        </extensions>
      </trkpt>
      <trkpt lat="31.02312675677239894866943359375" lon="121.4291396923363208770751953125">
        <ele>5.599999904632568359375</ele>
        <time>2026-05-17T14:02:59.000Z</time>
        <extensions>
          <ns3:TrackPointExtension>
            <ns3:hr>155</ns3:hr>
            <ns3:cad>87</ns3:cad>
          </ns3:TrackPointExtension>
        </extensions>
      </trkpt>
      <trkpt lat="31.02314486168324947357177734375" lon="121.42911563627421855926513671875">
        <ele>5.599999904632568359375</ele>
        <time>2026-05-17T14:03:00.000Z</time>
        <extensions>
          <ns3:TrackPointExtension>
            <ns3:hr>155</ns3:hr>
            <ns3:cad>87</ns3:cad>
          </ns3:TrackPointExtension>
        </extensions>
      </trkpt>
      <trkpt lat="31.0231571830809116363525390625" lon="121.42908931709825992584228515625">
        <ele>5.599999904632568359375</ele>
        <time>2026-05-17T14:03:01.000Z</time>
        <extensions>
          <ns3:TrackPointExtension>
            <ns3:hr>155</ns3:hr>
            <ns3:cad>85</ns3:cad>
          </ns3:TrackPointExtension>
        </extensions>
      </trkpt>
      <trkpt lat="31.02316933684051036834716796875" lon="121.429060399532318115234375">
        <ele>5.80000019073486328125</ele>
        <time>2026-05-17T14:03:02.000Z</time>
        <extensions>
          <ns3:TrackPointExtension>
            <ns3:hr>155</ns3:hr>
            <ns3:cad>85</ns3:cad>
          </ns3:TrackPointExtension>
        </extensions>
      </trkpt>
      <trkpt lat="31.02317604236304759979248046875" lon="121.42903533764183521270751953125">
        <ele>5.599999904632568359375</ele>
        <time>2026-05-17T14:03:03.000Z</time>
        <extensions>
          <ns3:TrackPointExtension>
            <ns3:hr>155</ns3:hr>
            <ns3:cad>85</ns3:cad>
          </ns3:TrackPointExtension>
        </extensions>
      </trkpt>
      <trkpt lat="31.0231883637607097625732421875" lon="121.4289975352585315704345703125">
        <ele>5.599999904632568359375</ele>
        <time>2026-05-17T14:03:04.000Z</time>
        <extensions>
          <ns3:TrackPointExtension>
            <ns3:hr>155</ns3:hr>
            <ns3:cad>85</ns3:cad>
          </ns3:TrackPointExtension>
        </extensions>
      </trkpt>
      <trkpt lat="31.0231950692832469940185546875" lon="121.4289717189967632293701171875">
        <ele>5.599999904632568359375</ele>
        <time>2026-05-17T14:03:05.000Z</time>
        <extensions>
          <ns3:TrackPointExtension>
            <ns3:hr>155</ns3:hr>
            <ns3:cad>84</ns3:cad>
          </ns3:TrackPointExtension>
        </extensions>
      </trkpt>
      <trkpt lat="31.023198254406452178955078125" lon="121.42893693409860134124755859375">
        <ele>5.599999904632568359375</ele>
        <time>2026-05-17T14:03:06.000Z</time>
        <extensions>
          <ns3:TrackPointExtension>
            <ns3:hr>155</ns3:hr>
            <ns3:cad>85</ns3:cad>
          </ns3:TrackPointExtension>
        </extensions>
      </trkpt>
      <trkpt lat="31.02320521138608455657958984375" lon="121.4289056695997714996337890625">
        <ele>5.400000095367431640625</ele>
        <time>2026-05-17T14:03:07.000Z</time>
        <extensions>
          <ns3:TrackPointExtension>
            <ns3:hr>154</ns3:hr>
            <ns3:cad>85</ns3:cad>
          </ns3:TrackPointExtension>
        </extensions>
      </trkpt>
      <trkpt lat="31.02320604957640171051025390625" lon="121.42887239344418048858642578125">
        <ele>5.400000095367431640625</ele>
        <time>2026-05-17T14:03:08.000Z</time>
        <extensions>
          <ns3:TrackPointExtension>
            <ns3:hr>154</ns3:hr>
            <ns3:cad>85</ns3:cad>
          </ns3:TrackPointExtension>
        </extensions>
      </trkpt>
      <trkpt lat="31.0232104919850826263427734375" lon="121.428835429251194000244140625">
        <ele>5.400000095367431640625</ele>
        <time>2026-05-17T14:03:09.000Z</time>
        <extensions>
          <ns3:TrackPointExtension>
            <ns3:hr>154</ns3:hr>
            <ns3:cad>86</ns3:cad>
          </ns3:TrackPointExtension>
        </extensions>
      </trkpt>
      <trkpt lat="31.023204959928989410400390625" lon="121.42880483530461788177490234375">
        <ele>5.400000095367431640625</ele>
        <time>2026-05-17T14:03:10.000Z</time>
        <extensions>
          <ns3:TrackPointExtension>
            <ns3:hr>155</ns3:hr>
            <ns3:cad>86</ns3:cad>
          </ns3:TrackPointExtension>
        </extensions>
      </trkpt>
      <trkpt lat="31.02320152334868907928466796875" lon="121.42876242287456989288330078125">
        <ele>5.400000095367431640625</ele>
        <time>2026-05-17T14:03:11.000Z</time>
        <extensions>
          <ns3:TrackPointExtension>
            <ns3:hr>154</ns3:hr>
            <ns3:cad>85</ns3:cad>
          </ns3:TrackPointExtension>
        </extensions>
      </trkpt>
      <trkpt lat="31.02319498546421527862548828125" lon="121.428732834756374359130859375">
        <ele>5.400000095367431640625</ele>
        <time>2026-05-17T14:03:12.000Z</time>
        <extensions>
          <ns3:TrackPointExtension>
            <ns3:hr>154</ns3:hr>
            <ns3:cad>85</ns3:cad>
          </ns3:TrackPointExtension>
        </extensions>
      </trkpt>
      <trkpt lat="31.023180484771728515625" lon="121.42869620583951473236083984375">
        <ele>5.400000095367431640625</ele>
        <time>2026-05-17T14:03:13.000Z</time>
        <extensions>
          <ns3:TrackPointExtension>
            <ns3:hr>155</ns3:hr>
            <ns3:cad>85</ns3:cad>
          </ns3:TrackPointExtension>
        </extensions>
      </trkpt>
      <trkpt lat="31.02317336015403270721435546875" lon="121.4286659471690654754638671875">
        <ele>5.400000095367431640625</ele>
        <time>2026-05-17T14:03:14.000Z</time>
        <extensions>
          <ns3:TrackPointExtension>
            <ns3:hr>155</ns3:hr>
            <ns3:cad>86</ns3:cad>
          </ns3:TrackPointExtension>
        </extensions>
      </trkpt>
      <trkpt lat="31.02315609343349933624267578125" lon="121.428638286888599395751953125">
        <ele>5.400000095367431640625</ele>
        <time>2026-05-17T14:03:15.000Z</time>
        <extensions>
          <ns3:TrackPointExtension>
            <ns3:hr>155</ns3:hr>
            <ns3:cad>86</ns3:cad>
          </ns3:TrackPointExtension>
        </extensions>
      </trkpt>
      <trkpt lat="31.02313932962715625762939453125" lon="121.42860903404653072357177734375">
        <ele>5.400000095367431640625</ele>
        <time>2026-05-17T14:03:16.000Z</time>
        <extensions>
          <ns3:TrackPointExtension>
            <ns3:hr>155</ns3:hr>
            <ns3:cad>86</ns3:cad>
          </ns3:TrackPointExtension>
        </extensions>
      </trkpt>
      <trkpt lat="31.0231203027069568634033203125" lon="121.42858791165053844451904296875">
        <ele>5.400000095367431640625</ele>
        <time>2026-05-17T14:03:17.000Z</time>
        <extensions>
          <ns3:TrackPointExtension>
            <ns3:hr>155</ns3:hr>
            <ns3:cad>87</ns3:cad>
          </ns3:TrackPointExtension>
        </extensions>
      </trkpt>
      <trkpt lat="31.02310010232031345367431640625" lon="121.42855681478977203369140625">
        <ele>5.400000095367431640625</ele>
        <time>2026-05-17T14:03:18.000Z</time>
        <extensions>
          <ns3:TrackPointExtension>
            <ns3:hr>155</ns3:hr>
            <ns3:cad>87</ns3:cad>
          </ns3:TrackPointExtension>
        </extensions>
      </trkpt>
      <trkpt lat="31.023051403462886810302734375" lon="121.42849981784820556640625">
        <ele>5.400000095367431640625</ele>
        <time>2026-05-17T14:03:19.000Z</time>
        <extensions>
          <ns3:TrackPointExtension>
            <ns3:hr>156</ns3:hr>
            <ns3:cad>87</ns3:cad>
          </ns3:TrackPointExtension>
        </extensions>
      </trkpt>
      <trkpt lat="31.023051403462886810302734375" lon="121.42849981784820556640625">
        <ele>5.400000095367431640625</ele>
        <time>2026-05-17T14:03:20.000Z</time>
        <extensions>
          <ns3:TrackPointExtension>
            <ns3:hr>156</ns3:hr>
            <ns3:cad>87</ns3:cad>
          </ns3:TrackPointExtension>
        </extensions>
      </trkpt>
      <trkpt lat="31.0229979269206523895263671875" lon="121.42846218310296535491943359375">
        <ele>5.19999980926513671875</ele>
        <time>2026-05-17T14:03:21.000Z</time>
        <extensions>
          <ns3:TrackPointExtension>
            <ns3:hr>156</ns3:hr>
            <ns3:cad>87</ns3:cad>
          </ns3:TrackPointExtension>
        </extensions>
      </trkpt>
      <trkpt lat="31.0229979269206523895263671875" lon="121.42846218310296535491943359375">
        <ele>5.19999980926513671875</ele>
        <time>2026-05-17T14:03:22.000Z</time>
        <extensions>
          <ns3:TrackPointExtension>
            <ns3:hr>156</ns3:hr>
            <ns3:cad>87</ns3:cad>
          </ns3:TrackPointExtension>
        </extensions>
      </trkpt>
      <trkpt lat="31.02294377982616424560546875" lon="121.42844022251665592193603515625">
        <ele>5.19999980926513671875</ele>
        <time>2026-05-17T14:03:23.000Z</time>
        <extensions>
          <ns3:TrackPointExtension>
            <ns3:hr>156</ns3:hr>
            <ns3:cad>87</ns3:cad>
          </ns3:TrackPointExtension>
        </extensions>
      </trkpt>
      <trkpt lat="31.02294377982616424560546875" lon="121.42844022251665592193603515625">
        <ele>5.19999980926513671875</ele>
        <time>2026-05-17T14:03:24.000Z</time>
        <extensions>
          <ns3:TrackPointExtension>
            <ns3:hr>156</ns3:hr>
            <ns3:cad>87</ns3:cad>
          </ns3:TrackPointExtension>
        </extensions>
      </trkpt>
      <trkpt lat="31.0229147784411907196044921875" lon="121.4284292422235012054443359375">
        <ele>5.19999980926513671875</ele>
        <time>2026-05-17T14:03:25.000Z</time>
        <extensions>
          <ns3:TrackPointExtension>
            <ns3:hr>156</ns3:hr>
            <ns3:cad>87</ns3:cad>
          </ns3:TrackPointExtension>
        </extensions>
      </trkpt>
      <trkpt lat="31.0228867828845977783203125" lon="121.4284265600144863128662109375">
        <ele>5.19999980926513671875</ele>
        <time>2026-05-17T14:03:26.000Z</time>
        <extensions>
          <ns3:TrackPointExtension>
            <ns3:hr>156</ns3:hr>
            <ns3:cad>87</ns3:cad>
          </ns3:TrackPointExtension>
        </extensions>
      </trkpt>
      <trkpt lat="31.02285451255738735198974609375" lon="121.42841675318777561187744140625">
        <ele>5.400000095367431640625</ele>
        <time>2026-05-17T14:03:27.000Z</time>
        <extensions>
          <ns3:TrackPointExtension>
            <ns3:hr>155</ns3:hr>
            <ns3:cad>87</ns3:cad>
          </ns3:TrackPointExtension>
        </extensions>
      </trkpt>
      <trkpt lat="31.0228306241333484649658203125" lon="121.4284193515777587890625">
        <ele>5.400000095367431640625</ele>
        <time>2026-05-17T14:03:28.000Z</time>
        <extensions>
          <ns3:TrackPointExtension>
            <ns3:hr>156</ns3:hr>
            <ns3:cad>87</ns3:cad>
          </ns3:TrackPointExtension>
        </extensions>
      </trkpt>
      <trkpt lat="31.02279097773134708404541015625" lon="121.42841859720647335052490234375">
        <ele>5.599999904632568359375</ele>
        <time>2026-05-17T14:03:29.000Z</time>
        <extensions>
          <ns3:TrackPointExtension>
            <ns3:hr>156</ns3:hr>
            <ns3:cad>86</ns3:cad>
          </ns3:TrackPointExtension>
        </extensions>
      </trkpt>
      <trkpt lat="31.0227679274976253509521484375" lon="121.42842127941548824310302734375">
        <ele>5.599999904632568359375</ele>
        <time>2026-05-17T14:03:30.000Z</time>
        <extensions>
          <ns3:TrackPointExtension>
            <ns3:hr>156</ns3:hr>
            <ns3:cad>85</ns3:cad>
          </ns3:TrackPointExtension>
        </extensions>
      </trkpt>
      <trkpt lat="31.0227365791797637939453125" lon="121.428433768451213836669921875">
        <ele>5.599999904632568359375</ele>
        <time>2026-05-17T14:03:31.000Z</time>
        <extensions>
          <ns3:TrackPointExtension>
            <ns3:hr>156</ns3:hr>
            <ns3:cad>85</ns3:cad>
          </ns3:TrackPointExtension>
        </extensions>
      </trkpt>
      <trkpt lat="31.02270531468093395233154296875" lon="121.428441144526004791259765625">
        <ele>5.400000095367431640625</ele>
        <time>2026-05-17T14:03:32.000Z</time>
        <extensions>
          <ns3:TrackPointExtension>
            <ns3:hr>156</ns3:hr>
            <ns3:cad>85</ns3:cad>
          </ns3:TrackPointExtension>
        </extensions>
      </trkpt>
      <trkpt lat="31.022676564753055572509765625" lon="121.428453214466571807861328125">
        <ele>5.400000095367431640625</ele>
        <time>2026-05-17T14:03:33.000Z</time>
        <extensions>
          <ns3:TrackPointExtension>
            <ns3:hr>156</ns3:hr>
            <ns3:cad>86</ns3:cad>
          </ns3:TrackPointExtension>
        </extensions>
      </trkpt>
      <trkpt lat="31.0226411931216716766357421875" lon="121.4284584112465381622314453125">
        <ele>5.599999904632568359375</ele>
        <time>2026-05-17T14:03:34.000Z</time>
        <extensions>
          <ns3:TrackPointExtension>
            <ns3:hr>156</ns3:hr>
            <ns3:cad>86</ns3:cad>
          </ns3:TrackPointExtension>
        </extensions>
      </trkpt>
      <trkpt lat="31.02261998690664768218994140625" lon="121.4284688048064708709716796875">
        <ele>5.80000019073486328125</ele>
        <time>2026-05-17T14:03:35.000Z</time>
        <extensions>
          <ns3:TrackPointExtension>
            <ns3:hr>156</ns3:hr>
            <ns3:cad>86</ns3:cad>
          </ns3:TrackPointExtension>
        </extensions>
      </trkpt>
      <trkpt lat="31.022582016885280609130859375" lon="121.4284798689186573028564453125">
        <ele>5.80000019073486328125</ele>
        <time>2026-05-17T14:03:36.000Z</time>
        <extensions>
          <ns3:TrackPointExtension>
            <ns3:hr>156</ns3:hr>
            <ns3:cad>85</ns3:cad>
          </ns3:TrackPointExtension>
        </extensions>
      </trkpt>
      <trkpt lat="31.02256114594638347625732421875" lon="121.42848649062216281890869140625">
        <ele>6</ele>
        <time>2026-05-17T14:03:37.000Z</time>
        <extensions>
          <ns3:TrackPointExtension>
            <ns3:hr>157</ns3:hr>
            <ns3:cad>85</ns3:cad>
          </ns3:TrackPointExtension>
        </extensions>
      </trkpt>
      <trkpt lat="31.02253130637109279632568359375" lon="121.4284993149340152740478515625">
        <ele>6.19999980926513671875</ele>
        <time>2026-05-17T14:03:38.000Z</time>
        <extensions>
          <ns3:TrackPointExtension>
            <ns3:hr>157</ns3:hr>
            <ns3:cad>85</ns3:cad>
          </ns3:TrackPointExtension>
        </extensions>
      </trkpt>
      <trkpt lat="31.0225017182528972625732421875" lon="121.4285026676952838897705078125">
        <ele>6.19999980926513671875</ele>
        <time>2026-05-17T14:03:39.000Z</time>
        <extensions>
          <ns3:TrackPointExtension>
            <ns3:hr>157</ns3:hr>
            <ns3:cad>86</ns3:cad>
          </ns3:TrackPointExtension>
        </extensions>
      </trkpt>
      <trkpt lat="31.0224386863410472869873046875" lon="121.4285127259790897369384765625">
        <ele>6.19999980926513671875</ele>
        <time>2026-05-17T14:03:40.000Z</time>
        <extensions>
          <ns3:TrackPointExtension>
            <ns3:hr>157</ns3:hr>
            <ns3:cad>86</ns3:cad>
          </ns3:TrackPointExtension>
        </extensions>
      </trkpt>
      <trkpt lat="31.0224386863410472869873046875" lon="121.4285127259790897369384765625">
        <ele>6.19999980926513671875</ele>
        <time>2026-05-17T14:03:41.000Z</time>
        <extensions>
          <ns3:TrackPointExtension>
            <ns3:hr>157</ns3:hr>
            <ns3:cad>86</ns3:cad>
          </ns3:TrackPointExtension>
        </extensions>
      </trkpt>
      <trkpt lat="31.02241831831634044647216796875" lon="121.42852437682449817657470703125">
        <ele>6.19999980926513671875</ele>
        <time>2026-05-17T14:03:42.000Z</time>
        <extensions>
          <ns3:TrackPointExtension>
            <ns3:hr>157</ns3:hr>
            <ns3:cad>86</ns3:cad>
          </ns3:TrackPointExtension>
        </extensions>
      </trkpt>
      <trkpt lat="31.02238344959914684295654296875" lon="121.42852772958576679229736328125">
        <ele>6.19999980926513671875</ele>
        <time>2026-05-17T14:03:43.000Z</time>
        <extensions>
          <ns3:TrackPointExtension>
            <ns3:hr>158</ns3:hr>
            <ns3:cad>86</ns3:cad>
          </ns3:TrackPointExtension>
        </extensions>
      </trkpt>
      <trkpt lat="31.0223270393908023834228515625" lon="121.42854834906756877899169921875">
        <ele>6.19999980926513671875</ele>
        <time>2026-05-17T14:03:44.000Z</time>
        <extensions>
          <ns3:TrackPointExtension>
            <ns3:hr>158</ns3:hr>
            <ns3:cad>86</ns3:cad>
          </ns3:TrackPointExtension>
        </extensions>
      </trkpt>
      <trkpt lat="31.0223270393908023834228515625" lon="121.42854834906756877899169921875">
        <ele>6.19999980926513671875</ele>
        <time>2026-05-17T14:03:45.000Z</time>
        <extensions>
          <ns3:TrackPointExtension>
            <ns3:hr>158</ns3:hr>
            <ns3:cad>86</ns3:cad>
          </ns3:TrackPointExtension>
        </extensions>
      </trkpt>
      <trkpt lat="31.022303402423858642578125" lon="121.4285566471517086029052734375">
        <ele>6.19999980926513671875</ele>
        <time>2026-05-17T14:03:46.000Z</time>
        <extensions>
          <ns3:TrackPointExtension>
            <ns3:hr>157</ns3:hr>
            <ns3:cad>87</ns3:cad>
          </ns3:TrackPointExtension>
        </extensions>
      </trkpt>
      <trkpt lat="31.0222723893821239471435546875" lon="121.4285680465400218963623046875">
        <ele>6.400000095367431640625</ele>
        <time>2026-05-17T14:03:47.000Z</time>
        <extensions>
          <ns3:TrackPointExtension>
            <ns3:hr>158</ns3:hr>
            <ns3:cad>87</ns3:cad>
          </ns3:TrackPointExtension>
        </extensions>
      </trkpt>
      <trkpt lat="31.02224330417811870574951171875" lon="121.42857818864285945892333984375">
        <ele>6.19999980926513671875</ele>
        <time>2026-05-17T14:03:48.000Z</time>
        <extensions>
          <ns3:TrackPointExtension>
            <ns3:hr>158</ns3:hr>
            <ns3:cad>87</ns3:cad>
          </ns3:TrackPointExtension>
        </extensions>
      </trkpt>
      <trkpt lat="31.022212207317352294921875" lon="121.42859059385955333709716796875">
        <ele>6.19999980926513671875</ele>
        <time>2026-05-17T14:03:49.000Z</time>
        <extensions>
          <ns3:TrackPointExtension>
            <ns3:hr>158</ns3:hr>
            <ns3:cad>87</ns3:cad>
          </ns3:TrackPointExtension>
        </extensions>
      </trkpt>
      <trkpt lat="31.0221811942756175994873046875" lon="121.428590677678585052490234375">
        <ele>6</ele>
        <time>2026-05-17T14:03:50.000Z</time>
        <extensions>
          <ns3:TrackPointExtension>
            <ns3:hr>158</ns3:hr>
            <ns3:cad>87</ns3:cad>
          </ns3:TrackPointExtension>
        </extensions>
      </trkpt>
      <trkpt lat="31.02215588092803955078125" lon="121.42859864048659801483154296875">
        <ele>5.80000019073486328125</ele>
        <time>2026-05-17T14:03:51.000Z</time>
        <extensions>
          <ns3:TrackPointExtension>
            <ns3:hr>158</ns3:hr>
            <ns3:cad>87</ns3:cad>
          </ns3:TrackPointExtension>
        </extensions>
      </trkpt>
      <trkpt lat="31.02212092839181423187255859375" lon="121.42860031686723232269287109375">
        <ele>5.599999904632568359375</ele>
        <time>2026-05-17T14:03:52.000Z</time>
        <extensions>
          <ns3:TrackPointExtension>
            <ns3:hr>158</ns3:hr>
            <ns3:cad>88</ns3:cad>
          </ns3:TrackPointExtension>
        </extensions>
      </trkpt>
      <trkpt lat="31.022099554538726806640625" lon="121.42860970459878444671630859375">
        <ele>5.80000019073486328125</ele>
        <time>2026-05-17T14:03:53.000Z</time>
        <extensions>
          <ns3:TrackPointExtension>
            <ns3:hr>158</ns3:hr>
            <ns3:cad>88</ns3:cad>
          </ns3:TrackPointExtension>
        </extensions>
      </trkpt>
      <trkpt lat="31.0220687091350555419921875" lon="121.42861993052065372467041015625">
        <ele>5.80000019073486328125</ele>
        <time>2026-05-17T14:03:54.000Z</time>
        <extensions>
          <ns3:TrackPointExtension>
            <ns3:hr>158</ns3:hr>
            <ns3:cad>87</ns3:cad>
          </ns3:TrackPointExtension>
        </extensions>
      </trkpt>
      <trkpt lat="31.02203895337879657745361328125" lon="121.42862747423350811004638671875">
        <ele>5.80000019073486328125</ele>
        <time>2026-05-17T14:03:55.000Z</time>
        <extensions>
          <ns3:TrackPointExtension>
            <ns3:hr>159</ns3:hr>
            <ns3:cad>87</ns3:cad>
          </ns3:TrackPointExtension>
        </extensions>
      </trkpt>
      <trkpt lat="31.021978519856929779052734375" lon="121.4286414720118045806884765625">
        <ele>5.80000019073486328125</ele>
        <time>2026-05-17T14:03:56.000Z</time>
        <extensions>
          <ns3:TrackPointExtension>
            <ns3:hr>159</ns3:hr>
            <ns3:cad>85</ns3:cad>
          </ns3:TrackPointExtension>
        </extensions>
      </trkpt>
      <trkpt lat="31.021978519856929779052734375" lon="121.4286414720118045806884765625">
        <ele>5.80000019073486328125</ele>
        <time>2026-05-17T14:03:57.000Z</time>
        <extensions>
          <ns3:TrackPointExtension>
            <ns3:hr>159</ns3:hr>
            <ns3:cad>85</ns3:cad>
          </ns3:TrackPointExtension>
        </extensions>
      </trkpt>
      <trkpt lat="31.021952368319034576416015625" lon="121.428652368485927581787109375">
        <ele>5.80000019073486328125</ele>
        <time>2026-05-17T14:03:58.000Z</time>
        <extensions>
          <ns3:TrackPointExtension>
            <ns3:hr>158</ns3:hr>
            <ns3:cad>85</ns3:cad>
          </ns3:TrackPointExtension>
        </extensions>
      </trkpt>
      <trkpt lat="31.02191506884992122650146484375" lon="121.42866938374936580657958984375">
        <ele>6</ele>
        <time>2026-05-17T14:03:59.000Z</time>
        <extensions>
          <ns3:TrackPointExtension>
            <ns3:hr>159</ns3:hr>
            <ns3:cad>85</ns3:cad>
          </ns3:TrackPointExtension>
        </extensions>
      </trkpt>
      <trkpt lat="31.02189394645392894744873046875" lon="121.4286837168037891387939453125">
        <ele>6.19999980926513671875</ele>
        <time>2026-05-17T14:04:00.000Z</time>
        <extensions>
          <ns3:TrackPointExtension>
            <ns3:hr>159</ns3:hr>
            <ns3:cad>85</ns3:cad>
          </ns3:TrackPointExtension>
        </extensions>
      </trkpt>
      <trkpt lat="31.0218663699924945831298828125" lon="121.42871347256004810333251953125">
        <ele>6.19999980926513671875</ele>
        <time>2026-05-17T14:04:01.000Z</time>
        <extensions>
          <ns3:TrackPointExtension>
            <ns3:hr>159</ns3:hr>
            <ns3:cad>85</ns3:cad>
          </ns3:TrackPointExtension>
        </extensions>
      </trkpt>
      <trkpt lat="31.021839044988155364990234375" lon="121.428736858069896697998046875">
        <ele>6.19999980926513671875</ele>
        <time>2026-05-17T14:04:02.000Z</time>
        <extensions>
          <ns3:TrackPointExtension>
            <ns3:hr>159</ns3:hr>
            <ns3:cad>85</ns3:cad>
          </ns3:TrackPointExtension>
        </extensions>
      </trkpt>
      <trkpt lat="31.0218174196779727935791015625" lon="121.42876292578876018524169921875">
        <ele>6.19999980926513671875</ele>
        <time>2026-05-17T14:04:03.000Z</time>
        <extensions>
          <ns3:TrackPointExtension>
            <ns3:hr>159</ns3:hr>
            <ns3:cad>85</ns3:cad>
          </ns3:TrackPointExtension>
        </extensions>
      </trkpt>
      <trkpt lat="31.02179110050201416015625" lon="121.428788490593433380126953125">
        <ele>6</ele>
        <time>2026-05-17T14:04:04.000Z</time>
        <extensions>
          <ns3:TrackPointExtension>
            <ns3:hr>159</ns3:hr>
            <ns3:cad>85</ns3:cad>
          </ns3:TrackPointExtension>
        </extensions>
      </trkpt>
      <trkpt lat="31.021772325038909912109375" lon="121.428809948265552520751953125">
        <ele>6</ele>
        <time>2026-05-17T14:04:05.000Z</time>
        <extensions>
          <ns3:TrackPointExtension>
            <ns3:hr>158</ns3:hr>
            <ns3:cad>86</ns3:cad>
          </ns3:TrackPointExtension>
        </extensions>
      </trkpt>
      <trkpt lat="31.02173837833106517791748046875" lon="121.42887356691062450408935546875">
        <ele>6</ele>
        <time>2026-05-17T14:04:06.000Z</time>
        <extensions>
          <ns3:TrackPointExtension>
            <ns3:hr>159</ns3:hr>
            <ns3:cad>86</ns3:cad>
          </ns3:TrackPointExtension>
        </extensions>
      </trkpt>
      <trkpt lat="31.02173837833106517791748046875" lon="121.42887356691062450408935546875">
        <ele>6</ele>
        <time>2026-05-17T14:04:07.000Z</time>
        <extensions>
          <ns3:TrackPointExtension>
            <ns3:hr>159</ns3:hr>
            <ns3:cad>86</ns3:cad>
          </ns3:TrackPointExtension>
        </extensions>
      </trkpt>
      <trkpt lat="31.02172672748565673828125" lon="121.428910195827484130859375">
        <ele>6</ele>
        <time>2026-05-17T14:04:08.000Z</time>
        <extensions>
          <ns3:TrackPointExtension>
            <ns3:hr>159</ns3:hr>
            <ns3:cad>86</ns3:cad>
          </ns3:TrackPointExtension>
        </extensions>
      </trkpt>
      <trkpt lat="31.02171658538281917572021484375" lon="121.42894816584885120391845703125">
        <ele>6</ele>
        <time>2026-05-17T14:04:09.000Z</time>
        <extensions>
          <ns3:TrackPointExtension>
            <ns3:hr>159</ns3:hr>
            <ns3:cad>86</ns3:cad>
          </ns3:TrackPointExtension>
        </extensions>
      </trkpt>
      <trkpt lat="31.0217124782502651214599609375" lon="121.428980268537998199462890625">
        <ele>6</ele>
        <time>2026-05-17T14:04:10.000Z</time>
        <extensions>
          <ns3:TrackPointExtension>
            <ns3:hr>159</ns3:hr>
            <ns3:cad>86</ns3:cad>
          </ns3:TrackPointExtension>
        </extensions>
      </trkpt>
      <trkpt lat="31.0217044316232204437255859375" lon="121.4290515147149562835693359375">
        <ele>6</ele>
        <time>2026-05-17T14:04:11.000Z</time>
        <extensions>
          <ns3:TrackPointExtension>
            <ns3:hr>159</ns3:hr>
            <ns3:cad>86</ns3:cad>
          </ns3:TrackPointExtension>
        </extensions>
      </trkpt>
      <trkpt lat="31.02170350961387157440185546875" lon="121.4290944300591945648193359375">
        <ele>6</ele>
        <time>2026-05-17T14:04:12.000Z</time>
        <extensions>
          <ns3:TrackPointExtension>
            <ns3:hr>159</ns3:hr>
            <ns3:cad>86</ns3:cad>
          </ns3:TrackPointExtension>
        </extensions>
      </trkpt>
      <trkpt lat="31.02170367725193500518798828125" lon="121.42912686802446842193603515625">
        <ele>6</ele>
        <time>2026-05-17T14:04:13.000Z</time>
        <extensions>
          <ns3:TrackPointExtension>
            <ns3:hr>159</ns3:hr>
            <ns3:cad>86</ns3:cad>
          </ns3:TrackPointExtension>
        </extensions>
      </trkpt>
      <trkpt lat="31.02170367725193500518798828125" lon="121.42912686802446842193603515625">
        <ele>6</ele>
        <time>2026-05-17T14:04:14.000Z</time>
        <extensions>
          <ns3:TrackPointExtension>
            <ns3:hr>160</ns3:hr>
            <ns3:cad>86</ns3:cad>
          </ns3:TrackPointExtension>
        </extensions>
      </trkpt>
      <trkpt lat="31.0217092931270599365234375" lon="121.4291702024638652801513671875">
        <ele>6</ele>
        <time>2026-05-17T14:04:15.000Z</time>
        <extensions>
          <ns3:TrackPointExtension>
            <ns3:hr>160</ns3:hr>
            <ns3:cad>86</ns3:cad>
          </ns3:TrackPointExtension>
        </extensions>
      </trkpt>
      <trkpt lat="31.02171708829700946807861328125" lon="121.42920247279107570648193359375">
        <ele>6</ele>
        <time>2026-05-17T14:04:16.000Z</time>
        <extensions>
          <ns3:TrackPointExtension>
            <ns3:hr>160</ns3:hr>
            <ns3:cad>87</ns3:cad>
          </ns3:TrackPointExtension>
        </extensions>
      </trkpt>
      <trkpt lat="31.02174659259617328643798828125" lon="121.42926936037838459014892578125">
        <ele>6.19999980926513671875</ele>
        <time>2026-05-17T14:04:17.000Z</time>
        <extensions>
          <ns3:TrackPointExtension>
            <ns3:hr>161</ns3:hr>
            <ns3:cad>87</ns3:cad>
          </ns3:TrackPointExtension>
        </extensions>
      </trkpt>
      <trkpt lat="31.02174659259617328643798828125" lon="121.42926936037838459014892578125">
        <ele>6.19999980926513671875</ele>
        <time>2026-05-17T14:04:18.000Z</time>
        <extensions>
          <ns3:TrackPointExtension>
            <ns3:hr>161</ns3:hr>
            <ns3:cad>87</ns3:cad>
          </ns3:TrackPointExtension>
        </extensions>
      </trkpt>
      <trkpt lat="31.021763272583484649658203125" lon="121.42929710447788238525390625">
        <ele>6.400000095367431640625</ele>
        <time>2026-05-17T14:04:19.000Z</time>
        <extensions>
          <ns3:TrackPointExtension>
            <ns3:hr>161</ns3:hr>
            <ns3:cad>87</ns3:cad>
          </ns3:TrackPointExtension>
        </extensions>
      </trkpt>
      <trkpt lat="31.0217996500432491302490234375" lon="121.4293562807142734527587890625">
        <ele>6.400000095367431640625</ele>
        <time>2026-05-17T14:04:20.000Z</time>
        <extensions>
          <ns3:TrackPointExtension>
            <ns3:hr>161</ns3:hr>
            <ns3:cad>87</ns3:cad>
          </ns3:TrackPointExtension>
        </extensions>
      </trkpt>
      <trkpt lat="31.0217996500432491302490234375" lon="121.4293562807142734527587890625">
        <ele>6.400000095367431640625</ele>
        <time>2026-05-17T14:04:21.000Z</time>
        <extensions>
          <ns3:TrackPointExtension>
            <ns3:hr>161</ns3:hr>
            <ns3:cad>87</ns3:cad>
          </ns3:TrackPointExtension>
        </extensions>
      </trkpt>
      <trkpt lat="31.02182387374341487884521484375" lon="121.4293916523456573486328125">
        <ele>6.400000095367431640625</ele>
        <time>2026-05-17T14:04:22.000Z</time>
        <extensions>
          <ns3:TrackPointExtension>
            <ns3:hr>160</ns3:hr>
            <ns3:cad>87</ns3:cad>
          </ns3:TrackPointExtension>
        </extensions>
      </trkpt>
      <trkpt lat="31.02184365503489971160888671875" lon="121.4294139482080936431884765625">
        <ele>6.19999980926513671875</ele>
        <time>2026-05-17T14:04:23.000Z</time>
        <extensions>
          <ns3:TrackPointExtension>
            <ns3:hr>161</ns3:hr>
            <ns3:cad>87</ns3:cad>
          </ns3:TrackPointExtension>
        </extensions>
      </trkpt>
      <trkpt lat="31.021871902048587799072265625" lon="121.42943968065083026885986328125">
        <ele>6.19999980926513671875</ele>
        <time>2026-05-17T14:04:24.000Z</time>
        <extensions>
          <ns3:TrackPointExtension>
            <ns3:hr>161</ns3:hr>
            <ns3:cad>86</ns3:cad>
          </ns3:TrackPointExtension>
        </extensions>
      </trkpt>
      <trkpt lat="31.021899394690990447998046875" lon="121.42946030013263225555419921875">
        <ele>6.19999980926513671875</ele>
        <time>2026-05-17T14:04:25.000Z</time>
        <extensions>
          <ns3:TrackPointExtension>
            <ns3:hr>160</ns3:hr>
            <ns3:cad>85</ns3:cad>
          </ns3:TrackPointExtension>
        </extensions>
      </trkpt>
      <trkpt lat="31.02192965336143970489501953125" lon="121.42947538755834102630615234375">
        <ele>6.19999980926513671875</ele>
        <time>2026-05-17T14:04:26.000Z</time>
        <extensions>
          <ns3:TrackPointExtension>
            <ns3:hr>161</ns3:hr>
            <ns3:cad>85</ns3:cad>
          </ns3:TrackPointExtension>
        </extensions>
      </trkpt>
      <trkpt lat="31.0219573974609375" lon="121.429499275982379913330078125">
        <ele>6.19999980926513671875</ele>
        <time>2026-05-17T14:04:27.000Z</time>
        <extensions>
          <ns3:TrackPointExtension>
            <ns3:hr>161</ns3:hr>
            <ns3:cad>85</ns3:cad>
          </ns3:TrackPointExtension>
        </extensions>
      </trkpt>
      <trkpt lat="31.02201364003121852874755859375" lon="121.4295219071209430694580078125">
        <ele>6.19999980926513671875</ele>
        <time>2026-05-17T14:04:28.000Z</time>
        <extensions>
          <ns3:TrackPointExtension>
            <ns3:hr>160</ns3:hr>
            <ns3:cad>86</ns3:cad>
          </ns3:TrackPointExtension>
        </extensions>
      </trkpt>
      <trkpt lat="31.02201364003121852874755859375" lon="121.4295219071209430694580078125">
        <ele>6.19999980926513671875</ele>
        <time>2026-05-17T14:04:29.000Z</time>
        <extensions>
          <ns3:TrackPointExtension>
            <ns3:hr>161</ns3:hr>
            <ns3:cad>86</ns3:cad>
          </ns3:TrackPointExtension>
        </extensions>
      </trkpt>
      <trkpt lat="31.0220373608171939849853515625" lon="121.42952752299606800079345703125">
        <ele>6.19999980926513671875</ele>
        <time>2026-05-17T14:04:30.000Z</time>
        <extensions>
          <ns3:TrackPointExtension>
            <ns3:hr>161</ns3:hr>
            <ns3:cad>86</ns3:cad>
          </ns3:TrackPointExtension>
        </extensions>
      </trkpt>
      <trkpt lat="31.02207005023956298828125" lon="121.42953087575733661651611328125">
        <ele>6.400000095367431640625</ele>
        <time>2026-05-17T14:04:31.000Z</time>
        <extensions>
          <ns3:TrackPointExtension>
            <ns3:hr>160</ns3:hr>
            <ns3:cad>86</ns3:cad>
          </ns3:TrackPointExtension>
        </extensions>
      </trkpt>
      <trkpt lat="31.0221024043858051300048828125" lon="121.42953288741409778594970703125">
        <ele>6.19999980926513671875</ele>
        <time>2026-05-17T14:04:32.000Z</time>
        <extensions>
          <ns3:TrackPointExtension>
            <ns3:hr>161</ns3:hr>
            <ns3:cad>86</ns3:cad>
          </ns3:TrackPointExtension>
        </extensions>
      </trkpt>
      <trkpt lat="31.0221330821514129638671875" lon="121.4295255951583385467529296875">
        <ele>6.19999980926513671875</ele>
        <time>2026-05-17T14:04:33.000Z</time>
        <extensions>
          <ns3:TrackPointExtension>
            <ns3:hr>161</ns3:hr>
            <ns3:cad>86</ns3:cad>
          </ns3:TrackPointExtension>
        </extensions>
      </trkpt>
      <trkpt lat="31.02216728031635284423828125" lon="121.42952718771994113922119140625">
        <ele>6.19999980926513671875</ele>
        <time>2026-05-17T14:04:34.000Z</time>
        <extensions>
          <ns3:TrackPointExtension>
            <ns3:hr>160</ns3:hr>
            <ns3:cad>86</ns3:cad>
          </ns3:TrackPointExtension>
        </extensions>
      </trkpt>
      <trkpt lat="31.0221929289400577545166015625" lon="121.4295195601880550384521484375">
        <ele>6.19999980926513671875</ele>
        <time>2026-05-17T14:04:35.000Z</time>
        <extensions>
          <ns3:TrackPointExtension>
            <ns3:hr>161</ns3:hr>
            <ns3:cad>85</ns3:cad>
          </ns3:TrackPointExtension>
        </extensions>
      </trkpt>
      <trkpt lat="31.022231318056583404541015625" lon="121.42951168119907379150390625">
        <ele>6.19999980926513671875</ele>
        <time>2026-05-17T14:04:36.000Z</time>
        <extensions>
          <ns3:TrackPointExtension>
            <ns3:hr>161</ns3:hr>
            <ns3:cad>85</ns3:cad>
          </ns3:TrackPointExtension>
        </extensions>
      </trkpt>
      <trkpt lat="31.02225705049932003021240234375" lon="121.42950388602912425994873046875">
        <ele>6</ele>
        <time>2026-05-17T14:04:37.000Z</time>
        <extensions>
          <ns3:TrackPointExtension>
            <ns3:hr>160</ns3:hr>
            <ns3:cad>84</ns3:cad>
          </ns3:TrackPointExtension>
        </extensions>
      </trkpt>
      <trkpt lat="31.02228454314172267913818359375" lon="121.42949114553630352020263671875">
        <ele>6</ele>
        <time>2026-05-17T14:04:38.000Z</time>
        <extensions>
          <ns3:TrackPointExtension>
            <ns3:hr>161</ns3:hr>
            <ns3:cad>84</ns3:cad>
          </ns3:TrackPointExtension>
        </extensions>
      </trkpt>
      <trkpt lat="31.02231421507894992828369140625" lon="121.4294867031276226043701171875">
        <ele>6.19999980926513671875</ele>
        <time>2026-05-17T14:04:39.000Z</time>
        <extensions>
          <ns3:TrackPointExtension>
            <ns3:hr>161</ns3:hr>
            <ns3:cad>84</ns3:cad>
          </ns3:TrackPointExtension>
        </extensions>
      </trkpt>
      <trkpt lat="31.02234137244522571563720703125" lon="121.42947555519640445709228515625">
        <ele>6</ele>
        <time>2026-05-17T14:04:40.000Z</time>
        <extensions>
          <ns3:TrackPointExtension>
            <ns3:hr>160</ns3:hr>
            <ns3:cad>85</ns3:cad>
          </ns3:TrackPointExtension>
        </extensions>
      </trkpt>
      <trkpt lat="31.0223780013620853424072265625" lon="121.42946851439774036407470703125">
        <ele>6</ele>
        <time>2026-05-17T14:04:41.000Z</time>
        <extensions>
          <ns3:TrackPointExtension>
            <ns3:hr>161</ns3:hr>
            <ns3:cad>85</ns3:cad>
          </ns3:TrackPointExtension>
        </extensions>
      </trkpt>
      <trkpt lat="31.022401638329029083251953125" lon="121.42945627681910991668701171875">
        <ele>6</ele>
        <time>2026-05-17T14:04:42.000Z</time>
        <extensions>
          <ns3:TrackPointExtension>
            <ns3:hr>161</ns3:hr>
            <ns3:cad>85</ns3:cad>
          </ns3:TrackPointExtension>
        </extensions>
      </trkpt>
      <trkpt lat="31.0224360041320323944091796875" lon="121.42944504506886005401611328125">
        <ele>6</ele>
        <time>2026-05-17T14:04:43.000Z</time>
        <extensions>
          <ns3:TrackPointExtension>
            <ns3:hr>160</ns3:hr>
            <ns3:cad>85</ns3:cad>
          </ns3:TrackPointExtension>
        </extensions>
      </trkpt>
      <trkpt lat="31.02246240712702274322509765625" lon="121.42943750135600566864013671875">
        <ele>6</ele>
        <time>2026-05-17T14:04:44.000Z</time>
        <extensions>
          <ns3:TrackPointExtension>
            <ns3:hr>161</ns3:hr>
            <ns3:cad>85</ns3:cad>
          </ns3:TrackPointExtension>
        </extensions>
      </trkpt>
      <trkpt lat="31.022488810122013092041015625" lon="121.4294263534247875213623046875">
        <ele>6</ele>
        <time>2026-05-17T14:04:45.000Z</time>
        <extensions>
          <ns3:TrackPointExtension>
            <ns3:hr>161</ns3:hr>
            <ns3:cad>85</ns3:cad>
          </ns3:TrackPointExtension>
        </extensions>
      </trkpt>
      <trkpt lat="31.0225181467831134796142578125" lon="121.42942241393029689788818359375">
        <ele>6.19999980926513671875</ele>
        <time>2026-05-17T14:04:46.000Z</time>
        <extensions>
          <ns3:TrackPointExtension>
            <ns3:hr>160</ns3:hr>
            <ns3:cad>85</ns3:cad>
          </ns3:TrackPointExtension>
        </extensions>
      </trkpt>
      <trkpt lat="31.02254211902618408203125" lon="121.42940782941877841949462890625">
        <ele>6</ele>
        <time>2026-05-17T14:04:47.000Z</time>
        <extensions>
          <ns3:TrackPointExtension>
            <ns3:hr>161</ns3:hr>
            <ns3:cad>86</ns3:cad>
          </ns3:TrackPointExtension>
        </extensions>
      </trkpt>
      <trkpt lat="31.02257321588695049285888671875" lon="121.4294025488197803497314453125">
        <ele>6</ele>
        <time>2026-05-17T14:04:48.000Z</time>
        <extensions>
          <ns3:TrackPointExtension>
            <ns3:hr>161</ns3:hr>
            <ns3:cad>86</ns3:cad>
          </ns3:TrackPointExtension>
        </extensions>
      </trkpt>
      <trkpt lat="31.022598780691623687744140625" lon="121.42939374782145023345947265625">
        <ele>6</ele>
        <time>2026-05-17T14:04:49.000Z</time>
        <extensions>
          <ns3:TrackPointExtension>
            <ns3:hr>162</ns3:hr>
            <ns3:cad>86</ns3:cad>
          </ns3:TrackPointExtension>
        </extensions>
      </trkpt>
      <trkpt lat="31.02263624779880046844482421875" lon="121.42938536591827869415283203125">
        <ele>6</ele>
        <time>2026-05-17T14:04:50.000Z</time>
        <extensions>
          <ns3:TrackPointExtension>
            <ns3:hr>162</ns3:hr>
            <ns3:cad>86</ns3:cad>
          </ns3:TrackPointExtension>
        </extensions>
      </trkpt>
      <trkpt lat="31.02266089059412479400634765625" lon="121.42937581054866313934326171875">
        <ele>5.80000019073486328125</ele>
        <time>2026-05-17T14:04:51.000Z</time>
        <extensions>
          <ns3:TrackPointExtension>
            <ns3:hr>162</ns3:hr>
            <ns3:cad>86</ns3:cad>
          </ns3:TrackPointExtension>
        </extensions>
      </trkpt>
      <trkpt lat="31.022700369358062744140625" lon="121.42936642281711101531982421875">
        <ele>5.80000019073486328125</ele>
        <time>2026-05-17T14:04:52.000Z</time>
        <extensions>
          <ns3:TrackPointExtension>
            <ns3:hr>162</ns3:hr>
            <ns3:cad>86</ns3:cad>
          </ns3:TrackPointExtension>
        </extensions>
      </trkpt>
      <trkpt lat="31.02272442542016506195068359375" lon="121.429353766143321990966796875">
        <ele>5.80000019073486328125</ele>
        <time>2026-05-17T14:04:53.000Z</time>
        <extensions>
          <ns3:TrackPointExtension>
            <ns3:hr>162</ns3:hr>
            <ns3:cad>86</ns3:cad>
          </ns3:TrackPointExtension>
        </extensions>
      </trkpt>
      <trkpt lat="31.022757031023502349853515625" lon="121.4293482340872287750244140625">
        <ele>5.80000019073486328125</ele>
        <time>2026-05-17T14:04:54.000Z</time>
        <extensions>
          <ns3:TrackPointExtension>
            <ns3:hr>162</ns3:hr>
            <ns3:cad>88</ns3:cad>
          </ns3:TrackPointExtension>
        </extensions>
      </trkpt>
      <trkpt lat="31.022785864770412445068359375" lon="121.429344713687896728515625">
        <ele>5.80000019073486328125</ele>
        <time>2026-05-17T14:04:55.000Z</time>
        <extensions>
          <ns3:TrackPointExtension>
            <ns3:hr>162</ns3:hr>
            <ns3:cad>88</ns3:cad>
          </ns3:TrackPointExtension>
        </extensions>
      </trkpt>
      <trkpt lat="31.02281327359378337860107421875" lon="121.4293353259563446044921875">
        <ele>5.80000019073486328125</ele>
        <time>2026-05-17T14:04:56.000Z</time>
        <extensions>
          <ns3:TrackPointExtension>
            <ns3:hr>162</ns3:hr>
            <ns3:cad>88</ns3:cad>
          </ns3:TrackPointExtension>
        </extensions>
      </trkpt>
      <trkpt lat="31.0228438675403594970703125" lon="121.4293378405272960662841796875">
        <ele>5.80000019073486328125</ele>
        <time>2026-05-17T14:04:57.000Z</time>
        <extensions>
          <ns3:TrackPointExtension>
            <ns3:hr>162</ns3:hr>
            <ns3:cad>88</ns3:cad>
          </ns3:TrackPointExtension>
        </extensions>
      </trkpt>
      <trkpt lat="31.02287395857274532318115234375" lon="121.42933021299540996551513671875">
        <ele>5.80000019073486328125</ele>
        <time>2026-05-17T14:04:58.000Z</time>
        <extensions>
          <ns3:TrackPointExtension>
            <ns3:hr>163</ns3:hr>
            <ns3:cad>88</ns3:cad>
          </ns3:TrackPointExtension>
        </extensions>
      </trkpt>
      <trkpt lat="31.02290798909962177276611328125" lon="121.4293257705867290496826171875">
        <ele>5.80000019073486328125</ele>
        <time>2026-05-17T14:04:59.000Z</time>
        <extensions>
          <ns3:TrackPointExtension>
            <ns3:hr>163</ns3:hr>
            <ns3:cad>87</ns3:cad>
          </ns3:TrackPointExtension>
        </extensions>
      </trkpt>
      <trkpt lat="31.02293078787624835968017578125" lon="121.42931244336068630218505859375">
        <ele>5.80000019073486328125</ele>
        <time>2026-05-17T14:05:00.000Z</time>
        <extensions>
          <ns3:TrackPointExtension>
            <ns3:hr>162</ns3:hr>
            <ns3:cad>86</ns3:cad>
          </ns3:TrackPointExtension>
        </extensions>
      </trkpt>
      <trkpt lat="31.02296381257474422454833984375" lon="121.42929802648723125457763671875">
        <ele>5.599999904632568359375</ele>
        <time>2026-05-17T14:05:01.000Z</time>
        <extensions>
          <ns3:TrackPointExtension>
            <ns3:hr>162</ns3:hr>
            <ns3:cad>86</ns3:cad>
          </ns3:TrackPointExtension>
        </extensions>
      </trkpt>
      <trkpt lat="31.022987030446529388427734375" lon="121.42928210087120532989501953125">
        <ele>5.599999904632568359375</ele>
        <time>2026-05-17T14:05:02.000Z</time>
        <extensions>
          <ns3:TrackPointExtension>
            <ns3:hr>162</ns3:hr>
            <ns3:cad>86</ns3:cad>
          </ns3:TrackPointExtension>
        </extensions>
      </trkpt>
      <trkpt lat="31.02301075123250484466552734375" lon="121.42926332540810108184814453125">
        <ele>5.599999904632568359375</ele>
        <time>2026-05-17T14:05:03.000Z</time>
        <extensions>
          <ns3:TrackPointExtension>
            <ns3:hr>162</ns3:hr>
            <ns3:cad>86</ns3:cad>
          </ns3:TrackPointExtension>
        </extensions>
      </trkpt>
      <trkpt lat="31.023038327693939208984375" lon="121.4292516745626926422119140625">
        <ele>5.599999904632568359375</ele>
        <time>2026-05-17T14:05:04.000Z</time>
        <extensions>
          <ns3:TrackPointExtension>
            <ns3:hr>162</ns3:hr>
            <ns3:cad>86</ns3:cad>
          </ns3:TrackPointExtension>
        </extensions>
      </trkpt>
      <trkpt lat="31.023058108985424041748046875" lon="121.4292342402040958404541015625">
        <ele>5.599999904632568359375</ele>
        <time>2026-05-17T14:05:05.000Z</time>
        <extensions>
          <ns3:TrackPointExtension>
            <ns3:hr>162</ns3:hr>
            <ns3:cad>86</ns3:cad>
          </ns3:TrackPointExtension>
        </extensions>
      </trkpt>
      <trkpt lat="31.02308568544685840606689453125" lon="121.4292121119797229766845703125">
        <ele>5.599999904632568359375</ele>
        <time>2026-05-17T14:05:06.000Z</time>
        <extensions>
          <ns3:TrackPointExtension>
            <ns3:hr>162</ns3:hr>
            <ns3:cad>86</ns3:cad>
          </ns3:TrackPointExtension>
        </extensions>
      </trkpt>
      <trkpt lat="31.0231032036244869232177734375" lon="121.42919392324984073638916015625">
        <ele>5.599999904632568359375</ele>
        <time>2026-05-17T14:05:07.000Z</time>
        <extensions>
          <ns3:TrackPointExtension>
            <ns3:hr>161</ns3:hr>
            <ns3:cad>85</ns3:cad>
          </ns3:TrackPointExtension>
        </extensions>
      </trkpt>
      <trkpt lat="31.0231203027069568634033203125" lon="121.4291671849787235260009765625">
        <ele>5.80000019073486328125</ele>
        <time>2026-05-17T14:05:08.000Z</time>
        <extensions>
          <ns3:TrackPointExtension>
            <ns3:hr>161</ns3:hr>
            <ns3:cad>85</ns3:cad>
          </ns3:TrackPointExtension>
        </extensions>
      </trkpt>
      <trkpt lat="31.0231407545506954193115234375" lon="121.42914690077304840087890625">
        <ele>5.80000019073486328125</ele>
        <time>2026-05-17T14:05:09.000Z</time>
        <extensions>
          <ns3:TrackPointExtension>
            <ns3:hr>161</ns3:hr>
            <ns3:cad>85</ns3:cad>
          </ns3:TrackPointExtension>
        </extensions>
      </trkpt>
      <trkpt lat="31.02315366268157958984375" lon="121.4291209168732166290283203125">
        <ele>5.80000019073486328125</ele>
        <time>2026-05-17T14:05:10.000Z</time>
        <extensions>
          <ns3:TrackPointExtension>
            <ns3:hr>161</ns3:hr>
            <ns3:cad>85</ns3:cad>
          </ns3:TrackPointExtension>
        </extensions>
      </trkpt>
      <trkpt lat="31.0231729410588741302490234375" lon="121.429090909659862518310546875">
        <ele>5.80000019073486328125</ele>
        <time>2026-05-17T14:05:11.000Z</time>
        <extensions>
          <ns3:TrackPointExtension>
            <ns3:hr>161</ns3:hr>
            <ns3:cad>85</ns3:cad>
          </ns3:TrackPointExtension>
        </extensions>
      </trkpt>
      <trkpt lat="31.02318626828491687774658203125" lon="121.429067440330982208251953125">
        <ele>5.80000019073486328125</ele>
        <time>2026-05-17T14:05:12.000Z</time>
        <extensions>
          <ns3:TrackPointExtension>
            <ns3:hr>161</ns3:hr>
            <ns3:cad>85</ns3:cad>
          </ns3:TrackPointExtension>
        </extensions>
      </trkpt>
      <trkpt lat="31.02319750003516674041748046875" lon="121.42903399653732776641845703125">
        <ele>5.599999904632568359375</ele>
        <time>2026-05-17T14:05:13.000Z</time>
        <extensions>
          <ns3:TrackPointExtension>
            <ns3:hr>161</ns3:hr>
            <ns3:cad>83</ns3:cad>
          </ns3:TrackPointExtension>
        </extensions>
      </trkpt>
      <trkpt lat="31.023208312690258026123046875" lon="121.429000385105609893798828125">
        <ele>5.599999904632568359375</ele>
        <time>2026-05-17T14:05:14.000Z</time>
        <extensions>
          <ns3:TrackPointExtension>
            <ns3:hr>161</ns3:hr>
            <ns3:cad>83</ns3:cad>
          </ns3:TrackPointExtension>
        </extensions>
      </trkpt>
      <trkpt lat="31.023208983242511749267578125" lon="121.4289705455303192138671875">
        <ele>5.80000019073486328125</ele>
        <time>2026-05-17T14:05:15.000Z</time>
        <extensions>
          <ns3:TrackPointExtension>
            <ns3:hr>160</ns3:hr>
            <ns3:cad>83</ns3:cad>
          </ns3:TrackPointExtension>
        </extensions>
      </trkpt>
      <trkpt lat="31.0232151858508586883544921875" lon="121.42893098294734954833984375">
        <ele>5.599999904632568359375</ele>
        <time>2026-05-17T14:05:16.000Z</time>
        <extensions>
          <ns3:TrackPointExtension>
            <ns3:hr>160</ns3:hr>
            <ns3:cad>84</ns3:cad>
          </ns3:TrackPointExtension>
        </extensions>
      </trkpt>
      <trkpt lat="31.02320588193833827972412109375" lon="121.42886820249259471893310546875">
        <ele>5.599999904632568359375</ele>
        <time>2026-05-17T14:05:17.000Z</time>
        <extensions>
          <ns3:TrackPointExtension>
            <ns3:hr>160</ns3:hr>
            <ns3:cad>84</ns3:cad>
          </ns3:TrackPointExtension>
        </extensions>
      </trkpt>
      <trkpt lat="31.02320588193833827972412109375" lon="121.42886820249259471893310546875">
        <ele>5.599999904632568359375</ele>
        <time>2026-05-17T14:05:18.000Z</time>
        <extensions>
          <ns3:TrackPointExtension>
            <ns3:hr>161</ns3:hr>
            <ns3:cad>84</ns3:cad>
          </ns3:TrackPointExtension>
        </extensions>
      </trkpt>
      <trkpt lat="31.02320252917706966400146484375" lon="121.4288322441279888153076171875">
        <ele>5.599999904632568359375</ele>
        <time>2026-05-17T14:05:19.000Z</time>
        <extensions>
          <ns3:TrackPointExtension>
            <ns3:hr>160</ns3:hr>
            <ns3:cad>84</ns3:cad>
          </ns3:TrackPointExtension>
        </extensions>
      </trkpt>
      <trkpt lat="31.02319129742681980133056640625" lon="121.4288030751049518585205078125">
        <ele>5.599999904632568359375</ele>
        <time>2026-05-17T14:05:20.000Z</time>
        <extensions>
          <ns3:TrackPointExtension>
            <ns3:hr>160</ns3:hr>
            <ns3:cad>84</ns3:cad>
          </ns3:TrackPointExtension>
        </extensions>
      </trkpt>
      <trkpt lat="31.0231840051710605621337890625" lon="121.4287626743316650390625">
        <ele>5.599999904632568359375</ele>
        <time>2026-05-17T14:05:21.000Z</time>
        <extensions>
          <ns3:TrackPointExtension>
            <ns3:hr>159</ns3:hr>
            <ns3:cad>84</ns3:cad>
          </ns3:TrackPointExtension>
        </extensions>
      </trkpt>
      <trkpt lat="31.0231766290962696075439453125" lon="121.42873115837574005126953125">
        <ele>5.599999904632568359375</ele>
        <time>2026-05-17T14:05:22.000Z</time>
        <extensions>
          <ns3:TrackPointExtension>
            <ns3:hr>159</ns3:hr>
            <ns3:cad>84</ns3:cad>
          </ns3:TrackPointExtension>
        </extensions>
      </trkpt>
      <trkpt lat="31.023165397346019744873046875" lon="121.4286954514682292938232421875">
        <ele>5.599999904632568359375</ele>
        <time>2026-05-17T14:05:23.000Z</time>
        <extensions>
          <ns3:TrackPointExtension>
            <ns3:hr>159</ns3:hr>
            <ns3:cad>84</ns3:cad>
          </ns3:TrackPointExtension>
        </extensions>
      </trkpt>
      <trkpt lat="31.023154668509960174560546875" lon="121.4286659471690654754638671875">
        <ele>5.400000095367431640625</ele>
        <time>2026-05-17T14:05:24.000Z</time>
        <extensions>
          <ns3:TrackPointExtension>
            <ns3:hr>159</ns3:hr>
            <ns3:cad>84</ns3:cad>
          </ns3:TrackPointExtension>
        </extensions>
      </trkpt>
      <trkpt lat="31.0231377370655536651611328125" lon="121.42863736487925052642822265625">
        <ele>5.400000095367431640625</ele>
        <time>2026-05-17T14:05:25.000Z</time>
        <extensions>
          <ns3:TrackPointExtension>
            <ns3:hr>159</ns3:hr>
            <ns3:cad>84</ns3:cad>
          </ns3:TrackPointExtension>
        </extensions>
      </trkpt>
      <trkpt lat="31.02312407456338405609130859375" lon="121.42860651947557926177978515625">
        <ele>5.400000095367431640625</ele>
        <time>2026-05-17T14:05:26.000Z</time>
        <extensions>
          <ns3:TrackPointExtension>
            <ns3:hr>159</ns3:hr>
            <ns3:cad>84</ns3:cad>
          </ns3:TrackPointExtension>
        </extensions>
      </trkpt>
      <trkpt lat="31.023113429546356201171875" lon="121.428584642708301544189453125">
        <ele>5.19999980926513671875</ele>
        <time>2026-05-17T14:05:27.000Z</time>
        <extensions>
          <ns3:TrackPointExtension>
            <ns3:hr>159</ns3:hr>
            <ns3:cad>84</ns3:cad>
          </ns3:TrackPointExtension>
        </extensions>
      </trkpt>
      <trkpt lat="31.0230958275496959686279296875" lon="121.428555138409137725830078125">
        <ele>5.19999980926513671875</ele>
        <time>2026-05-17T14:05:28.000Z</time>
        <extensions>
          <ns3:TrackPointExtension>
            <ns3:hr>159</ns3:hr>
            <ns3:cad>85</ns3:cad>
          </ns3:TrackPointExtension>
        </extensions>
      </trkpt>
      <trkpt lat="31.02307789027690887451171875" lon="121.42853124998509883880615234375">
        <ele>5.19999980926513671875</ele>
        <time>2026-05-17T14:05:29.000Z</time>
        <extensions>
          <ns3:TrackPointExtension>
            <ns3:hr>159</ns3:hr>
            <ns3:cad>85</ns3:cad>
          </ns3:TrackPointExtension>
        </extensions>
      </trkpt>
      <trkpt lat="31.0230525769293308258056640625" lon="121.42851054668426513671875">
        <ele>5.19999980926513671875</ele>
        <time>2026-05-17T14:05:30.000Z</time>
        <extensions>
          <ns3:TrackPointExtension>
            <ns3:hr>159</ns3:hr>
            <ns3:cad>85</ns3:cad>
          </ns3:TrackPointExtension>
        </extensions>
      </trkpt>
      <trkpt lat="31.0230284370481967926025390625" lon="121.42849369905889034271240234375">
        <ele>5.19999980926513671875</ele>
        <time>2026-05-17T14:05:31.000Z</time>
        <extensions>
          <ns3:TrackPointExtension>
            <ns3:hr>159</ns3:hr>
            <ns3:cad>85</ns3:cad>
          </ns3:TrackPointExtension>
        </extensions>
      </trkpt>
      <trkpt lat="31.02300471626222133636474609375" lon="121.428481042385101318359375">
        <ele>5.400000095367431640625</ele>
        <time>2026-05-17T14:05:32.000Z</time>
        <extensions>
          <ns3:TrackPointExtension>
            <ns3:hr>159</ns3:hr>
            <ns3:cad>85</ns3:cad>
          </ns3:TrackPointExtension>
        </extensions>
      </trkpt>
      <trkpt lat="31.02297822944819927215576171875" lon="121.42846000380814075469970703125">
        <ele>5.400000095367431640625</ele>
        <time>2026-05-17T14:05:33.000Z</time>
        <extensions>
          <ns3:TrackPointExtension>
            <ns3:hr>159</ns3:hr>
            <ns3:cad>85</ns3:cad>
          </ns3:TrackPointExtension>
        </extensions>
      </trkpt>
      <trkpt lat="31.02295626886188983917236328125" lon="121.42845011316239833831787109375">
        <ele>5.400000095367431640625</ele>
        <time>2026-05-17T14:05:34.000Z</time>
        <extensions>
          <ns3:TrackPointExtension>
            <ns3:hr>158</ns3:hr>
            <ns3:cad>85</ns3:cad>
          </ns3:TrackPointExtension>
        </extensions>
      </trkpt>
      <trkpt lat="31.02292307652533054351806640625" lon="121.428435780107975006103515625">
        <ele>5.400000095367431640625</ele>
        <time>2026-05-17T14:05:35.000Z</time>
        <extensions>
          <ns3:TrackPointExtension>
            <ns3:hr>159</ns3:hr>
            <ns3:cad>85</ns3:cad>
          </ns3:TrackPointExtension>
        </extensions>
      </trkpt>
      <trkpt lat="31.02289390750229358673095703125" lon="121.4284295774996280670166015625">
        <ele>5.400000095367431640625</ele>
        <time>2026-05-17T14:05:36.000Z</time>
        <extensions>
          <ns3:TrackPointExtension>
            <ns3:hr>159</ns3:hr>
            <ns3:cad>84</ns3:cad>
          </ns3:TrackPointExtension>
        </extensions>
      </trkpt>
      <trkpt lat="31.02286390028893947601318359375" lon="121.42842714674770832061767578125">
        <ele>5.400000095367431640625</ele>
        <time>2026-05-17T14:05:37.000Z</time>
        <extensions>
          <ns3:TrackPointExtension>
            <ns3:hr>159</ns3:hr>
            <ns3:cad>84</ns3:cad>
          </ns3:TrackPointExtension>
        </extensions>
      </trkpt>
      <trkpt lat="31.02283339016139507293701171875" lon="121.4284201897680759429931640625">
        <ele>5.599999904632568359375</ele>
        <time>2026-05-17T14:05:38.000Z</time>
        <extensions>
          <ns3:TrackPointExtension>
            <ns3:hr>159</ns3:hr>
            <ns3:cad>85</ns3:cad>
          </ns3:TrackPointExtension>
        </extensions>
      </trkpt>
      <trkpt lat="31.02280941791832447052001953125" lon="121.4284242130815982818603515625">
        <ele>5.599999904632568359375</ele>
        <time>2026-05-17T14:05:39.000Z</time>
        <extensions>
          <ns3:TrackPointExtension>
            <ns3:hr>159</ns3:hr>
            <ns3:cad>85</ns3:cad>
          </ns3:TrackPointExtension>
        </extensions>
      </trkpt>
      <trkpt lat="31.02277614176273345947265625" lon="121.42842496745288372039794921875">
        <ele>5.599999904632568359375</ele>
        <time>2026-05-17T14:05:40.000Z</time>
        <extensions>
          <ns3:TrackPointExtension>
            <ns3:hr>159</ns3:hr>
            <ns3:cad>85</ns3:cad>
          </ns3:TrackPointExtension>
        </extensions>
      </trkpt>
      <trkpt lat="31.02275158278644084930419921875" lon="121.4284245483577251434326171875">
        <ele>5.599999904632568359375</ele>
        <time>2026-05-17T14:05:41.000Z</time>
        <extensions>
          <ns3:TrackPointExtension>
            <ns3:hr>159</ns3:hr>
            <ns3:cad>85</ns3:cad>
          </ns3:TrackPointExtension>
        </extensions>
      </trkpt>
      <trkpt lat="31.02272249758243560791015625" lon="121.428438127040863037109375">
        <ele>5.599999904632568359375</ele>
        <time>2026-05-17T14:05:42.000Z</time>
        <extensions>
          <ns3:TrackPointExtension>
            <ns3:hr>159</ns3:hr>
            <ns3:cad>85</ns3:cad>
          </ns3:TrackPointExtension>
        </extensions>
      </trkpt>
      <trkpt lat="31.02269358001649379730224609375" lon="121.42844617366790771484375">
        <ele>5.599999904632568359375</ele>
        <time>2026-05-17T14:05:43.000Z</time>
        <extensions>
          <ns3:TrackPointExtension>
            <ns3:hr>159</ns3:hr>
            <ns3:cad>85</ns3:cad>
          </ns3:TrackPointExtension>
        </extensions>
      </trkpt>
      <trkpt lat="31.022667847573757171630859375" lon="121.4284567348659038543701171875">
        <ele>5.599999904632568359375</ele>
        <time>2026-05-17T14:05:44.000Z</time>
        <extensions>
          <ns3:TrackPointExtension>
            <ns3:hr>159</ns3:hr>
            <ns3:cad>85</ns3:cad>
          </ns3:TrackPointExtension>
        </extensions>
      </trkpt>
      <trkpt lat="31.0226346552371978759765625" lon="121.428459919989109039306640625">
        <ele>5.80000019073486328125</ele>
        <time>2026-05-17T14:05:45.000Z</time>
        <extensions>
          <ns3:TrackPointExtension>
            <ns3:hr>159</ns3:hr>
            <ns3:cad>85</ns3:cad>
          </ns3:TrackPointExtension>
        </extensions>
      </trkpt>
      <trkpt lat="31.02261143736541271209716796875" lon="121.42846654169261455535888671875">
        <ele>5.80000019073486328125</ele>
        <time>2026-05-17T14:05:46.000Z</time>
        <extensions>
          <ns3:TrackPointExtension>
            <ns3:hr>159</ns3:hr>
            <ns3:cad>85</ns3:cad>
          </ns3:TrackPointExtension>
        </extensions>
      </trkpt>
      <trkpt lat="31.02257455699145793914794921875" lon="121.4284755103290081024169921875">
        <ele>5.80000019073486328125</ele>
        <time>2026-05-17T14:05:47.000Z</time>
        <extensions>
          <ns3:TrackPointExtension>
            <ns3:hr>159</ns3:hr>
            <ns3:cad>85</ns3:cad>
          </ns3:TrackPointExtension>
        </extensions>
      </trkpt>
      <trkpt lat="31.02254555560648441314697265625" lon="121.42848196439445018768310546875">
        <ele>5.80000019073486328125</ele>
        <time>2026-05-17T14:05:48.000Z</time>
        <extensions>
          <ns3:TrackPointExtension>
            <ns3:hr>159</ns3:hr>
            <ns3:cad>85</ns3:cad>
          </ns3:TrackPointExtension>
        </extensions>
      </trkpt>
      <trkpt lat="31.02251504547894001007080078125" lon="121.42849604599177837371826171875">
        <ele>5.80000019073486328125</ele>
        <time>2026-05-17T14:05:49.000Z</time>
        <extensions>
          <ns3:TrackPointExtension>
            <ns3:hr>159</ns3:hr>
            <ns3:cad>85</ns3:cad>
          </ns3:TrackPointExtension>
        </extensions>
      </trkpt>
      <trkpt lat="31.022483445703983306884765625" lon="121.42850182950496673583984375">
        <ele>6</ele>
        <time>2026-05-17T14:05:50.000Z</time>
        <extensions>
          <ns3:TrackPointExtension>
            <ns3:hr>159</ns3:hr>
            <ns3:cad>85</ns3:cad>
          </ns3:TrackPointExtension>
        </extensions>
      </trkpt>
      <trkpt lat="31.022459305822849273681640625" lon="121.42850727774202823638916015625">
        <ele>6</ele>
        <time>2026-05-17T14:05:51.000Z</time>
        <extensions>
          <ns3:TrackPointExtension>
            <ns3:hr>159</ns3:hr>
            <ns3:cad>85</ns3:cad>
          </ns3:TrackPointExtension>
        </extensions>
      </trkpt>
      <trkpt lat="31.02242552675306797027587890625" lon="121.42850962467491626739501953125">
        <ele>6</ele>
        <time>2026-05-17T14:05:52.000Z</time>
        <extensions>
          <ns3:TrackPointExtension>
            <ns3:hr>159</ns3:hr>
            <ns3:cad>85</ns3:cad>
          </ns3:TrackPointExtension>
        </extensions>
      </trkpt>
      <trkpt lat="31.02240406908094882965087890625" lon="121.42852236516773700714111328125">
        <ele>5.80000019073486328125</ele>
        <time>2026-05-17T14:05:53.000Z</time>
        <extensions>
          <ns3:TrackPointExtension>
            <ns3:hr>159</ns3:hr>
            <ns3:cad>85</ns3:cad>
          </ns3:TrackPointExtension>
        </extensions>
      </trkpt>
      <trkpt lat="31.02237137965857982635498046875" lon="121.428534686565399169921875">
        <ele>5.80000019073486328125</ele>
        <time>2026-05-17T14:05:54.000Z</time>
        <extensions>
          <ns3:TrackPointExtension>
            <ns3:hr>159</ns3:hr>
            <ns3:cad>85</ns3:cad>
          </ns3:TrackPointExtension>
        </extensions>
      </trkpt>
      <trkpt lat="31.0223454795777797698974609375" lon="121.42854181118309497833251953125">
        <ele>5.80000019073486328125</ele>
        <time>2026-05-17T14:05:55.000Z</time>
        <extensions>
          <ns3:TrackPointExtension>
            <ns3:hr>159</ns3:hr>
            <ns3:cad>85</ns3:cad>
          </ns3:TrackPointExtension>
        </extensions>
      </trkpt>
      <trkpt lat="31.022321842610836029052734375" lon="121.42854935489594936370849609375">
        <ele>5.599999904632568359375</ele>
        <time>2026-05-17T14:05:56.000Z</time>
        <extensions>
          <ns3:TrackPointExtension>
            <ns3:hr>159</ns3:hr>
            <ns3:cad>85</ns3:cad>
          </ns3:TrackPointExtension>
        </extensions>
      </trkpt>
      <trkpt lat="31.022288314998149871826171875" lon="121.42855069600045680999755859375">
        <ele>5.599999904632568359375</ele>
        <time>2026-05-17T14:05:57.000Z</time>
        <extensions>
          <ns3:TrackPointExtension>
            <ns3:hr>159</ns3:hr>
            <ns3:cad>85</ns3:cad>
          </ns3:TrackPointExtension>
        </extensions>
      </trkpt>
      <trkpt lat="31.02226459421217441558837890625" lon="121.42856008373200893402099609375">
        <ele>5.599999904632568359375</ele>
        <time>2026-05-17T14:05:58.000Z</time>
        <extensions>
          <ns3:TrackPointExtension>
            <ns3:hr>159</ns3:hr>
            <ns3:cad>85</ns3:cad>
          </ns3:TrackPointExtension>
        </extensions>
      </trkpt>
      <trkpt lat="31.02222788147628307342529296875" lon="121.42856427468359470367431640625">
        <ele>5.80000019073486328125</ele>
        <time>2026-05-17T14:05:59.000Z</time>
        <extensions>
          <ns3:TrackPointExtension>
            <ns3:hr>159</ns3:hr>
            <ns3:cad>84</ns3:cad>
          </ns3:TrackPointExtension>
        </extensions>
      </trkpt>
      <trkpt lat="31.02220508269965648651123046875" lon="121.42857315950095653533935546875">
        <ele>5.80000019073486328125</ele>
        <time>2026-05-17T14:06:00.000Z</time>
        <extensions>
          <ns3:TrackPointExtension>
            <ns3:hr>159</ns3:hr>
            <ns3:cad>84</ns3:cad>
          </ns3:TrackPointExtension>
        </extensions>
      </trkpt>
      <trkpt lat="31.02217423729598522186279296875" lon="121.42858372069895267486572265625">
        <ele>5.80000019073486328125</ele>
        <time>2026-05-17T14:06:01.000Z</time>
        <extensions>
          <ns3:TrackPointExtension>
            <ns3:hr>159</ns3:hr>
            <ns3:cad>84</ns3:cad>
          </ns3:TrackPointExtension>
        </extensions>
      </trkpt>
      <trkpt lat="31.02214456535875797271728515625" lon="121.42858900129795074462890625">
        <ele>5.80000019073486328125</ele>
        <time>2026-05-17T14:06:02.000Z</time>
        <extensions>
          <ns3:TrackPointExtension>
            <ns3:hr>159</ns3:hr>
            <ns3:cad>85</ns3:cad>
          </ns3:TrackPointExtension>
        </extensions>
      </trkpt>
      <trkpt lat="31.02211724035441875457763671875" lon="121.4286009036004543304443359375">
        <ele>5.80000019073486328125</ele>
        <time>2026-05-17T14:06:03.000Z</time>
        <extensions>
          <ns3:TrackPointExtension>
            <ns3:hr>159</ns3:hr>
            <ns3:cad>85</ns3:cad>
          </ns3:TrackPointExtension>
        </extensions>
      </trkpt>
      <trkpt lat="31.02205772884190082550048828125" lon="121.42861003987491130828857421875">
        <ele>5.80000019073486328125</ele>
        <time>2026-05-17T14:06:04.000Z</time>
        <extensions>
          <ns3:TrackPointExtension>
            <ns3:hr>159</ns3:hr>
            <ns3:cad>85</ns3:cad>
          </ns3:TrackPointExtension>
        </extensions>
      </trkpt>
      <trkpt lat="31.02205772884190082550048828125" lon="121.42861003987491130828857421875">
        <ele>5.80000019073486328125</ele>
        <time>2026-05-17T14:06:05.000Z</time>
        <extensions>
          <ns3:TrackPointExtension>
            <ns3:hr>159</ns3:hr>
            <ns3:cad>85</ns3:cad>
          </ns3:TrackPointExtension>
        </extensions>
      </trkpt>
      <trkpt lat="31.02202244102954864501953125" lon="121.428619511425495147705078125">
        <ele>5.80000019073486328125</ele>
        <time>2026-05-17T14:06:06.000Z</time>
        <extensions>
          <ns3:TrackPointExtension>
            <ns3:hr>159</ns3:hr>
            <ns3:cad>84</ns3:cad>
          </ns3:TrackPointExtension>
        </extensions>
      </trkpt>
      <trkpt lat="31.021993272006511688232421875" lon="121.4286287315189838409423828125">
        <ele>6</ele>
        <time>2026-05-17T14:06:07.000Z</time>
        <extensions>
          <ns3:TrackPointExtension>
            <ns3:hr>159</ns3:hr>
            <ns3:cad>84</ns3:cad>
          </ns3:TrackPointExtension>
        </extensions>
      </trkpt>
      <trkpt lat="31.021967791020870208740234375" lon="121.42864155583083629608154296875">
        <ele>6</ele>
        <time>2026-05-17T14:06:08.000Z</time>
        <extensions>
          <ns3:TrackPointExtension>
            <ns3:hr>159</ns3:hr>
            <ns3:cad>84</ns3:cad>
          </ns3:TrackPointExtension>
        </extensions>
      </trkpt>
      <trkpt lat="31.02193526923656463623046875" lon="121.42865094356238842010498046875">
        <ele>6</ele>
        <time>2026-05-17T14:06:09.000Z</time>
        <extensions>
          <ns3:TrackPointExtension>
            <ns3:hr>159</ns3:hr>
            <ns3:cad>84</ns3:cad>
          </ns3:TrackPointExtension>
        </extensions>
      </trkpt>
      <trkpt lat="31.02191540412604808807373046875" lon="121.42866536043584346771240234375">
        <ele>6</ele>
        <time>2026-05-17T14:06:10.000Z</time>
        <extensions>
          <ns3:TrackPointExtension>
            <ns3:hr>159</ns3:hr>
            <ns3:cad>84</ns3:cad>
          </ns3:TrackPointExtension>
        </extensions>
      </trkpt>
      <trkpt lat="31.02188304997980594635009765625" lon="121.42868782393634319305419921875">
        <ele>6.19999980926513671875</ele>
        <time>2026-05-17T14:06:11.000Z</time>
        <extensions>
          <ns3:TrackPointExtension>
            <ns3:hr>159</ns3:hr>
            <ns3:cad>84</ns3:cad>
          </ns3:TrackPointExtension>
        </extensions>
      </trkpt>
      <trkpt lat="31.021840386092662811279296875" lon="121.4287316612899303436279296875">
        <ele>6.19999980926513671875</ele>
        <time>2026-05-17T14:06:12.000Z</time>
        <extensions>
          <ns3:TrackPointExtension>
            <ns3:hr>159</ns3:hr>
            <ns3:cad>84</ns3:cad>
          </ns3:TrackPointExtension>
        </extensions>
      </trkpt>
      <trkpt lat="31.021840386092662811279296875" lon="121.4287316612899303436279296875">
        <ele>6.19999980926513671875</ele>
        <time>2026-05-17T14:06:13.000Z</time>
        <extensions>
          <ns3:TrackPointExtension>
            <ns3:hr>159</ns3:hr>
            <ns3:cad>84</ns3:cad>
          </ns3:TrackPointExtension>
        </extensions>
      </trkpt>
      <trkpt lat="31.021818257868289947509765625" lon="121.42875102348625659942626953125">
        <ele>6.400000095367431640625</ele>
        <time>2026-05-17T14:06:14.000Z</time>
        <extensions>
          <ns3:TrackPointExtension>
            <ns3:hr>159</ns3:hr>
            <ns3:cad>84</ns3:cad>
          </ns3:TrackPointExtension>
        </extensions>
      </trkpt>
      <trkpt lat="31.02179906331002712249755859375" lon="121.42877264879643917083740234375">
        <ele>6.400000095367431640625</ele>
        <time>2026-05-17T14:06:15.000Z</time>
        <extensions>
          <ns3:TrackPointExtension>
            <ns3:hr>159</ns3:hr>
            <ns3:cad>84</ns3:cad>
          </ns3:TrackPointExtension>
        </extensions>
      </trkpt>
      <trkpt lat="31.021775342524051666259765625" lon="121.42879913561046123504638671875">
        <ele>6.400000095367431640625</ele>
        <time>2026-05-17T14:06:16.000Z</time>
        <extensions>
          <ns3:TrackPointExtension>
            <ns3:hr>159</ns3:hr>
            <ns3:cad>84</ns3:cad>
          </ns3:TrackPointExtension>
        </extensions>
      </trkpt>
      <trkpt lat="31.02175581268966197967529296875" lon="121.428823359310626983642578125">
        <ele>6.400000095367431640625</ele>
        <time>2026-05-17T14:06:17.000Z</time>
        <extensions>
          <ns3:TrackPointExtension>
            <ns3:hr>159</ns3:hr>
            <ns3:cad>84</ns3:cad>
          </ns3:TrackPointExtension>
        </extensions>
      </trkpt>
      <trkpt lat="31.02173686958849430084228515625" lon="121.42886258661746978759765625">
        <ele>6.400000095367431640625</ele>
        <time>2026-05-17T14:06:18.000Z</time>
        <extensions>
          <ns3:TrackPointExtension>
            <ns3:hr>159</ns3:hr>
            <ns3:cad>85</ns3:cad>
          </ns3:TrackPointExtension>
        </extensions>
      </trkpt>
      <trkpt lat="31.02172203361988067626953125" lon="121.42889678478240966796875">
        <ele>6.400000095367431640625</ele>
        <time>2026-05-17T14:06:19.000Z</time>
        <extensions>
          <ns3:TrackPointExtension>
            <ns3:hr>159</ns3:hr>
            <ns3:cad>85</ns3:cad>
          </ns3:TrackPointExtension>
        </extensions>
      </trkpt>
      <trkpt lat="31.021714322268962860107421875" lon="121.428929977118968963623046875">
        <ele>6.19999980926513671875</ele>
        <time>2026-05-17T14:06:20.000Z</time>
        <extensions>
          <ns3:TrackPointExtension>
            <ns3:hr>159</ns3:hr>
            <ns3:cad>85</ns3:cad>
          </ns3:TrackPointExtension>
        </extensions>
      </trkpt>
      <trkpt lat="31.02170568890869617462158203125" lon="121.42896643839776515960693359375">
        <ele>6.19999980926513671875</ele>
        <time>2026-05-17T14:06:21.000Z</time>
        <extensions>
          <ns3:TrackPointExtension>
            <ns3:hr>159</ns3:hr>
            <ns3:cad>86</ns3:cad>
          </ns3:TrackPointExtension>
        </extensions>
      </trkpt>
      <trkpt lat="31.0217000730335712432861328125" lon="121.42899678088724613189697265625">
        <ele>6.19999980926513671875</ele>
        <time>2026-05-17T14:06:22.000Z</time>
        <extensions>
          <ns3:TrackPointExtension>
            <ns3:hr>159</ns3:hr>
            <ns3:cad>86</ns3:cad>
          </ns3:TrackPointExtension>
        </extensions>
      </trkpt>
      <trkpt lat="31.0216930322349071502685546875" lon="121.42903835512697696685791015625">
        <ele>6.19999980926513671875</ele>
        <time>2026-05-17T14:06:23.000Z</time>
        <extensions>
          <ns3:TrackPointExtension>
            <ns3:hr>159</ns3:hr>
            <ns3:cad>85</ns3:cad>
          </ns3:TrackPointExtension>
        </extensions>
      </trkpt>
      <trkpt lat="31.02169697172939777374267578125" lon="121.4290676079690456390380859375">
        <ele>6.19999980926513671875</ele>
        <time>2026-05-17T14:06:24.000Z</time>
        <extensions>
          <ns3:TrackPointExtension>
            <ns3:hr>158</ns3:hr>
            <ns3:cad>85</ns3:cad>
          </ns3:TrackPointExtension>
        </extensions>
      </trkpt>
      <trkpt lat="31.02169881574809551239013671875" lon="121.4291054941713809967041015625">
        <ele>6.19999980926513671875</ele>
        <time>2026-05-17T14:06:25.000Z</time>
        <extensions>
          <ns3:TrackPointExtension>
            <ns3:hr>158</ns3:hr>
            <ns3:cad>85</ns3:cad>
          </ns3:TrackPointExtension>
        </extensions>
      </trkpt>
      <trkpt lat="31.021700911223888397216796875" lon="121.429139189422130584716796875">
        <ele>6.19999980926513671875</ele>
        <time>2026-05-17T14:06:26.000Z</time>
        <extensions>
          <ns3:TrackPointExtension>
            <ns3:hr>158</ns3:hr>
            <ns3:cad>85</ns3:cad>
          </ns3:TrackPointExtension>
        </extensions>
      </trkpt>
      <trkpt lat="31.02170870639383792877197265625" lon="121.429205238819122314453125">
        <ele>6.19999980926513671875</ele>
        <time>2026-05-17T14:06:27.000Z</time>
        <extensions>
          <ns3:TrackPointExtension>
            <ns3:hr>159</ns3:hr>
            <ns3:cad>85</ns3:cad>
          </ns3:TrackPointExtension>
        </extensions>
      </trkpt>
      <trkpt lat="31.02171943522989749908447265625" lon="121.42922862432897090911865234375">
        <ele>6.19999980926513671875</ele>
        <time>2026-05-17T14:06:28.000Z</time>
        <extensions>
          <ns3:TrackPointExtension>
            <ns3:hr>159</ns3:hr>
            <ns3:cad>85</ns3:cad>
          </ns3:TrackPointExtension>
        </extensions>
      </trkpt>
      <trkpt lat="31.021731086075305938720703125" lon="121.4292620681226253509521484375">
        <ele>6.19999980926513671875</ele>
        <time>2026-05-17T14:06:29.000Z</time>
        <extensions>
          <ns3:TrackPointExtension>
            <ns3:hr>159</ns3:hr>
            <ns3:cad>85</ns3:cad>
          </ns3:TrackPointExtension>
        </extensions>
      </trkpt>
      <trkpt lat="31.021731086075305938720703125" lon="121.4292620681226253509521484375">
        <ele>6.19999980926513671875</ele>
        <time>2026-05-17T14:06:30.000Z</time>
        <extensions>
          <ns3:TrackPointExtension>
            <ns3:hr>158</ns3:hr>
            <ns3:cad>85</ns3:cad>
          </ns3:TrackPointExtension>
        </extensions>
      </trkpt>
      <trkpt lat="31.02174726314842700958251953125" lon="121.42929400317370891571044921875">
        <ele>6.19999980926513671875</ele>
        <time>2026-05-17T14:06:31.000Z</time>
        <extensions>
          <ns3:TrackPointExtension>
            <ns3:hr>158</ns3:hr>
            <ns3:cad>84</ns3:cad>
          </ns3:TrackPointExtension>
        </extensions>
      </trkpt>
      <trkpt lat="31.021764613687992095947265625" lon="121.42931780777871608734130859375">
        <ele>6.19999980926513671875</ele>
        <time>2026-05-17T14:06:32.000Z</time>
        <extensions>
          <ns3:TrackPointExtension>
            <ns3:hr>159</ns3:hr>
            <ns3:cad>84</ns3:cad>
          </ns3:TrackPointExtension>
        </extensions>
      </trkpt>
      <trkpt lat="31.02178112603724002838134765625" lon="121.429351754486560821533203125">
        <ele>6.19999980926513671875</ele>
        <time>2026-05-17T14:06:33.000Z</time>
        <extensions>
          <ns3:TrackPointExtension>
            <ns3:hr>159</ns3:hr>
            <ns3:cad>84</ns3:cad>
          </ns3:TrackPointExtension>
        </extensions>
      </trkpt>
      <trkpt lat="31.02181859314441680908203125" lon="121.4293981902301311492919921875">
        <ele>6.19999980926513671875</ele>
        <time>2026-05-17T14:06:34.000Z</time>
        <extensions>
          <ns3:TrackPointExtension>
            <ns3:hr>159</ns3:hr>
            <ns3:cad>85</ns3:cad>
          </ns3:TrackPointExtension>
        </extensions>
      </trkpt>
      <trkpt lat="31.02183963172137737274169921875" lon="121.4294219948351383209228515625">
        <ele>6.19999980926513671875</ele>
        <time>2026-05-17T14:06:35.000Z</time>
        <extensions>
          <ns3:TrackPointExtension>
            <ns3:hr>159</ns3:hr>
            <ns3:cad>85</ns3:cad>
          </ns3:TrackPointExtension>
        </extensions>
      </trkpt>
      <trkpt lat="31.02183963172137737274169921875" lon="121.4294219948351383209228515625">
        <ele>6.19999980926513671875</ele>
        <time>2026-05-17T14:06:36.000Z</time>
        <extensions>
          <ns3:TrackPointExtension>
            <ns3:hr>159</ns3:hr>
            <ns3:cad>85</ns3:cad>
          </ns3:TrackPointExtension>
        </extensions>
      </trkpt>
      <trkpt lat="31.021865867078304290771484375" lon="121.4294400997459888458251953125">
        <ele>6.19999980926513671875</ele>
        <time>2026-05-17T14:06:37.000Z</time>
        <extensions>
          <ns3:TrackPointExtension>
            <ns3:hr>159</ns3:hr>
            <ns3:cad>85</ns3:cad>
          </ns3:TrackPointExtension>
        </extensions>
      </trkpt>
      <trkpt lat="31.02191917598247528076171875" lon="121.4294719509780406951904296875">
        <ele>6.19999980926513671875</ele>
        <time>2026-05-17T14:06:38.000Z</time>
        <extensions>
          <ns3:TrackPointExtension>
            <ns3:hr>159</ns3:hr>
            <ns3:cad>85</ns3:cad>
          </ns3:TrackPointExtension>
        </extensions>
      </trkpt>
      <trkpt lat="31.02191917598247528076171875" lon="121.4294719509780406951904296875">
        <ele>6.19999980926513671875</ele>
        <time>2026-05-17T14:06:39.000Z</time>
        <extensions>
          <ns3:TrackPointExtension>
            <ns3:hr>159</ns3:hr>
            <ns3:cad>85</ns3:cad>
          </ns3:TrackPointExtension>
        </extensions>
      </trkpt>
      <trkpt lat="31.0219555534422397613525390625" lon="121.4294910617172718048095703125">
        <ele>6.19999980926513671875</ele>
        <time>2026-05-17T14:06:40.000Z</time>
        <extensions>
          <ns3:TrackPointExtension>
            <ns3:hr>159</ns3:hr>
            <ns3:cad>85</ns3:cad>
          </ns3:TrackPointExtension>
        </extensions>
      </trkpt>
      <trkpt lat="31.02198111824691295623779296875" lon="121.4294989407062530517578125">
        <ele>6.19999980926513671875</ele>
        <time>2026-05-17T14:06:41.000Z</time>
        <extensions>
          <ns3:TrackPointExtension>
            <ns3:hr>159</ns3:hr>
            <ns3:cad>84</ns3:cad>
          </ns3:TrackPointExtension>
        </extensions>
      </trkpt>
      <trkpt lat="31.02201431058347225189208984375" lon="121.4295121841132640838623046875">
        <ele>6.19999980926513671875</ele>
        <time>2026-05-17T14:06:42.000Z</time>
        <extensions>
          <ns3:TrackPointExtension>
            <ns3:hr>158</ns3:hr>
            <ns3:cad>85</ns3:cad>
          </ns3:TrackPointExtension>
        </extensions>
      </trkpt>
      <trkpt lat="31.02204683236777782440185546875" lon="121.42952106893062591552734375">
        <ele>6.19999980926513671875</ele>
        <time>2026-05-17T14:06:43.000Z</time>
        <extensions>
          <ns3:TrackPointExtension>
            <ns3:hr>159</ns3:hr>
            <ns3:cad>85</ns3:cad>
          </ns3:TrackPointExtension>
        </extensions>
      </trkpt>
      <trkpt lat="31.0220752470195293426513671875" lon="121.4295222423970699310302734375">
        <ele>6.19999980926513671875</ele>
        <time>2026-05-17T14:06:44.000Z</time>
        <extensions>
          <ns3:TrackPointExtension>
            <ns3:hr>159</ns3:hr>
            <ns3:cad>85</ns3:cad>
          </ns3:TrackPointExtension>
        </extensions>
      </trkpt>
      <trkpt lat="31.0221062600612640380859375" lon="121.42952970229089260101318359375">
        <ele>6.19999980926513671875</ele>
        <time>2026-05-17T14:06:45.000Z</time>
        <extensions>
          <ns3:TrackPointExtension>
            <ns3:hr>159</ns3:hr>
            <ns3:cad>85</ns3:cad>
          </ns3:TrackPointExtension>
        </extensions>
      </trkpt>
      <trkpt lat="31.0221312381327152252197265625" lon="121.4295266009867191314697265625">
        <ele>6.19999980926513671875</ele>
        <time>2026-05-17T14:06:46.000Z</time>
        <extensions>
          <ns3:TrackPointExtension>
            <ns3:hr>159</ns3:hr>
            <ns3:cad>85</ns3:cad>
          </ns3:TrackPointExtension>
        </extensions>
      </trkpt>
      <trkpt lat="31.02216593921184539794921875" lon="121.42952349968254566192626953125">
        <ele>6.19999980926513671875</ele>
        <time>2026-05-17T14:06:47.000Z</time>
        <extensions>
          <ns3:TrackPointExtension>
            <ns3:hr>159</ns3:hr>
            <ns3:cad>85</ns3:cad>
          </ns3:TrackPointExtension>
        </extensions>
      </trkpt>
      <trkpt lat="31.02219142019748687744140625" lon="121.429516375064849853515625">
        <ele>6.19999980926513671875</ele>
        <time>2026-05-17T14:06:48.000Z</time>
        <extensions>
          <ns3:TrackPointExtension>
            <ns3:hr>159</ns3:hr>
            <ns3:cad>85</ns3:cad>
          </ns3:TrackPointExtension>
        </extensions>
      </trkpt>
      <trkpt lat="31.02222000248730182647705078125" lon="121.4295054785907268524169921875">
        <ele>6.19999980926513671875</ele>
        <time>2026-05-17T14:06:49.000Z</time>
        <extensions>
          <ns3:TrackPointExtension>
            <ns3:hr>159</ns3:hr>
            <ns3:cad>84</ns3:cad>
          </ns3:TrackPointExtension>
        </extensions>
      </trkpt>
      <trkpt lat="31.02224833332002162933349609375" lon="121.4294964261353015899658203125">
        <ele>6.19999980926513671875</ele>
        <time>2026-05-17T14:06:50.000Z</time>
        <extensions>
          <ns3:TrackPointExtension>
            <ns3:hr>159</ns3:hr>
            <ns3:cad>85</ns3:cad>
          </ns3:TrackPointExtension>
        </extensions>
      </trkpt>
      <trkpt lat="31.02227314375340938568115234375" lon="121.4294843561947345733642578125">
        <ele>6.19999980926513671875</ele>
        <time>2026-05-17T14:06:51.000Z</time>
        <extensions>
          <ns3:TrackPointExtension>
            <ns3:hr>159</ns3:hr>
            <ns3:cad>86</ns3:cad>
          </ns3:TrackPointExtension>
        </extensions>
      </trkpt>
      <trkpt lat="31.02230667136609554290771484375" lon="121.4294816739857196807861328125">
        <ele>6.19999980926513671875</ele>
        <time>2026-05-17T14:06:52.000Z</time>
        <extensions>
          <ns3:TrackPointExtension>
            <ns3:hr>159</ns3:hr>
            <ns3:cad>86</ns3:cad>
          </ns3:TrackPointExtension>
        </extensions>
      </trkpt>
      <trkpt lat="31.0223297215998172760009765625" lon="121.42947471700608730316162109375">
        <ele>6.19999980926513671875</ele>
        <time>2026-05-17T14:06:53.000Z</time>
        <extensions>
          <ns3:TrackPointExtension>
            <ns3:hr>159</ns3:hr>
            <ns3:cad>85</ns3:cad>
          </ns3:TrackPointExtension>
        </extensions>
      </trkpt>
      <trkpt lat="31.02236450649797916412353515625" lon="121.4294645749032497406005859375">
        <ele>6.19999980926513671875</ele>
        <time>2026-05-17T14:06:54.000Z</time>
        <extensions>
          <ns3:TrackPointExtension>
            <ns3:hr>159</ns3:hr>
            <ns3:cad>85</ns3:cad>
          </ns3:TrackPointExtension>
        </extensions>
      </trkpt>
      <trkpt lat="31.02238722145557403564453125" lon="121.429453678429126739501953125">
        <ele>6.19999980926513671875</ele>
        <time>2026-05-17T14:06:55.000Z</time>
        <extensions>
          <ns3:TrackPointExtension>
            <ns3:hr>158</ns3:hr>
            <ns3:cad>85</ns3:cad>
          </ns3:TrackPointExtension>
        </extensions>
      </trkpt>
      <trkpt lat="31.02241345681250095367431640625" lon="121.42944035120308399200439453125">
        <ele>6.19999980926513671875</ele>
        <time>2026-05-17T14:06:56.000Z</time>
        <extensions>
          <ns3:TrackPointExtension>
            <ns3:hr>158</ns3:hr>
            <ns3:cad>85</ns3:cad>
          </ns3:TrackPointExtension>
        </extensions>
      </trkpt>
      <trkpt lat="31.022441200911998748779296875" lon="121.42943901009857654571533203125">
        <ele>6.19999980926513671875</ele>
        <time>2026-05-17T14:06:57.000Z</time>
        <extensions>
          <ns3:TrackPointExtension>
            <ns3:hr>159</ns3:hr>
            <ns3:cad>84</ns3:cad>
          </ns3:TrackPointExtension>
        </extensions>
      </trkpt>
      <trkpt lat="31.02246542461216449737548828125" lon="121.42943280749022960662841796875">
        <ele>6.19999980926513671875</ele>
        <time>2026-05-17T14:06:58.000Z</time>
        <extensions>
          <ns3:TrackPointExtension>
            <ns3:hr>159</ns3:hr>
            <ns3:cad>85</ns3:cad>
          </ns3:TrackPointExtension>
        </extensions>
      </trkpt>
      <trkpt lat="31.02249920368194580078125" lon="121.429428867995738983154296875">
        <ele>6.19999980926513671875</ele>
        <time>2026-05-17T14:06:59.000Z</time>
        <extensions>
          <ns3:TrackPointExtension>
            <ns3:hr>159</ns3:hr>
            <ns3:cad>85</ns3:cad>
          </ns3:TrackPointExtension>
        </extensions>
      </trkpt>
      <trkpt lat="31.02251789532601833343505859375" lon="121.42941839061677455902099609375">
        <ele>6.19999980926513671875</ele>
        <time>2026-05-17T14:07:00.000Z</time>
        <extensions>
          <ns3:TrackPointExtension>
            <ns3:hr>159</ns3:hr>
            <ns3:cad>85</ns3:cad>
          </ns3:TrackPointExtension>
        </extensions>
      </trkpt>
      <trkpt lat="31.022549830377101898193359375" lon="121.42940514720976352691650390625">
        <ele>6.19999980926513671875</ele>
        <time>2026-05-17T14:07:01.000Z</time>
        <extensions>
          <ns3:TrackPointExtension>
            <ns3:hr>159</ns3:hr>
            <ns3:cad>85</ns3:cad>
          </ns3:TrackPointExtension>
        </extensions>
      </trkpt>
      <trkpt lat="31.02257472462952136993408203125" lon="121.42939626239240169525146484375">
        <ele>6</ele>
        <time>2026-05-17T14:07:02.000Z</time>
        <extensions>
          <ns3:TrackPointExtension>
            <ns3:hr>158</ns3:hr>
            <ns3:cad>85</ns3:cad>
          </ns3:TrackPointExtension>
        </extensions>
      </trkpt>
      <trkpt lat="31.02260112762451171875" lon="121.42938385717570781707763671875">
        <ele>6</ele>
        <time>2026-05-17T14:07:03.000Z</time>
        <extensions>
          <ns3:TrackPointExtension>
            <ns3:hr>159</ns3:hr>
            <ns3:cad>85</ns3:cad>
          </ns3:TrackPointExtension>
        </extensions>
      </trkpt>
      <trkpt lat="31.02263272739946842193603515625" lon="121.4293810911476612091064453125">
        <ele>6</ele>
        <time>2026-05-17T14:07:04.000Z</time>
        <extensions>
          <ns3:TrackPointExtension>
            <ns3:hr>159</ns3:hr>
            <ns3:cad>85</ns3:cad>
          </ns3:TrackPointExtension>
        </extensions>
      </trkpt>
      <trkpt lat="31.022694669663906097412109375" lon="121.42936793155968189239501953125">
        <ele>6.19999980926513671875</ele>
        <time>2026-05-17T14:07:05.000Z</time>
        <extensions>
          <ns3:TrackPointExtension>
            <ns3:hr>159</ns3:hr>
            <ns3:cad>85</ns3:cad>
          </ns3:TrackPointExtension>
        </extensions>
      </trkpt>
      <trkpt lat="31.022694669663906097412109375" lon="121.42936793155968189239501953125">
        <ele>6.19999980926513671875</ele>
        <time>2026-05-17T14:07:06.000Z</time>
        <extensions>
          <ns3:TrackPointExtension>
            <ns3:hr>158</ns3:hr>
            <ns3:cad>85</ns3:cad>
          </ns3:TrackPointExtension>
        </extensions>
      </trkpt>
      <trkpt lat="31.022717468440532684326171875" lon="121.42935812473297119140625">
        <ele>6.19999980926513671875</ele>
        <time>2026-05-17T14:07:07.000Z</time>
        <extensions>
          <ns3:TrackPointExtension>
            <ns3:hr>158</ns3:hr>
            <ns3:cad>85</ns3:cad>
          </ns3:TrackPointExtension>
        </extensions>
      </trkpt>
      <trkpt lat="31.0227451287209987640380859375" lon="121.4293482340872287750244140625">
        <ele>6</ele>
        <time>2026-05-17T14:07:08.000Z</time>
        <extensions>
          <ns3:TrackPointExtension>
            <ns3:hr>158</ns3:hr>
            <ns3:cad>85</ns3:cad>
          </ns3:TrackPointExtension>
        </extensions>
      </trkpt>
      <trkpt lat="31.022773124277591705322265625" lon="121.4293428696691989898681640625">
        <ele>6</ele>
        <time>2026-05-17T14:07:09.000Z</time>
        <extensions>
          <ns3:TrackPointExtension>
            <ns3:hr>158</ns3:hr>
            <ns3:cad>86</ns3:cad>
          </ns3:TrackPointExtension>
        </extensions>
      </trkpt>
      <trkpt lat="31.02279852144420146942138671875" lon="121.429333984851837158203125">
        <ele>6</ele>
        <time>2026-05-17T14:07:10.000Z</time>
        <extensions>
          <ns3:TrackPointExtension>
            <ns3:hr>157</ns3:hr>
            <ns3:cad>86</ns3:cad>
          </ns3:TrackPointExtension>
        </extensions>
      </trkpt>
      <trkpt lat="31.02282819338142871856689453125" lon="121.42932929098606109619140625">
        <ele>6</ele>
        <time>2026-05-17T14:07:11.000Z</time>
        <extensions>
          <ns3:TrackPointExtension>
            <ns3:hr>157</ns3:hr>
            <ns3:cad>86</ns3:cad>
          </ns3:TrackPointExtension>
        </extensions>
      </trkpt>
      <trkpt lat="31.0228510759770870208740234375" lon="121.4293204061686992645263671875">
        <ele>6</ele>
        <time>2026-05-17T14:07:12.000Z</time>
        <extensions>
          <ns3:TrackPointExtension>
            <ns3:hr>157</ns3:hr>
            <ns3:cad>85</ns3:cad>
          </ns3:TrackPointExtension>
        </extensions>
      </trkpt>
      <trkpt lat="31.0228867828845977783203125" lon="121.42931445501744747161865234375">
        <ele>6</ele>
        <time>2026-05-17T14:07:13.000Z</time>
        <extensions>
          <ns3:TrackPointExtension>
            <ns3:hr>157</ns3:hr>
            <ns3:cad>86</ns3:cad>
          </ns3:TrackPointExtension>
        </extensions>
      </trkpt>
      <trkpt lat="31.02291427552700042724609375" lon="121.42930774949491024017333984375">
        <ele>6</ele>
        <time>2026-05-17T14:07:14.000Z</time>
        <extensions>
          <ns3:TrackPointExtension>
            <ns3:hr>158</ns3:hr>
            <ns3:cad>85</ns3:cad>
          </ns3:TrackPointExtension>
        </extensions>
      </trkpt>
      <trkpt lat="31.02293665520846843719482421875" lon="121.42929551191627979278564453125">
        <ele>6</ele>
        <time>2026-05-17T14:07:15.000Z</time>
        <extensions>
          <ns3:TrackPointExtension>
            <ns3:hr>157</ns3:hr>
            <ns3:cad>85</ns3:cad>
          </ns3:TrackPointExtension>
        </extensions>
      </trkpt>
      <trkpt lat="31.02296951226890087127685546875" lon="121.4292868785560131072998046875">
        <ele>6</ele>
        <time>2026-05-17T14:07:16.000Z</time>
        <extensions>
          <ns3:TrackPointExtension>
            <ns3:hr>157</ns3:hr>
            <ns3:cad>84</ns3:cad>
          </ns3:TrackPointExtension>
        </extensions>
      </trkpt>
      <trkpt lat="31.02299130521714687347412109375" lon="121.42927438952028751373291015625">
        <ele>6</ele>
        <time>2026-05-17T14:07:17.000Z</time>
        <extensions>
          <ns3:TrackPointExtension>
            <ns3:hr>158</ns3:hr>
            <ns3:cad>83</ns3:cad>
          </ns3:TrackPointExtension>
        </extensions>
      </trkpt>
      <trkpt lat="31.0230197198688983917236328125" lon="121.42925779335200786590576171875">
        <ele>6</ele>
        <time>2026-05-17T14:07:18.000Z</time>
        <extensions>
          <ns3:TrackPointExtension>
            <ns3:hr>158</ns3:hr>
            <ns3:cad>83</ns3:cad>
          </ns3:TrackPointExtension>
        </extensions>
      </trkpt>
      <trkpt lat="31.0230441950261592864990234375" lon="121.42924211919307708740234375">
        <ele>6</ele>
        <time>2026-05-17T14:07:19.000Z</time>
        <extensions>
          <ns3:TrackPointExtension>
            <ns3:hr>158</ns3:hr>
            <ns3:cad>83</ns3:cad>
          </ns3:TrackPointExtension>
        </extensions>
      </trkpt>
      <trkpt lat="31.023066155612468719482421875" lon="121.4292265288531780242919921875">
        <ele>6</ele>
        <time>2026-05-17T14:07:20.000Z</time>
        <extensions>
          <ns3:TrackPointExtension>
            <ns3:hr>158</ns3:hr>
            <ns3:cad>83</ns3:cad>
          </ns3:TrackPointExtension>
        </extensions>
      </trkpt>
      <trkpt lat="31.02309322915971279144287109375" lon="121.42921051941812038421630859375">
        <ele>6</ele>
        <time>2026-05-17T14:07:21.000Z</time>
        <extensions>
          <ns3:TrackPointExtension>
            <ns3:hr>157</ns3:hr>
            <ns3:cad>83</ns3:cad>
          </ns3:TrackPointExtension>
        </extensions>
      </trkpt>
      <trkpt lat="31.0231075622141361236572265625" lon="121.42919274978339672088623046875">
        <ele>6</ele>
        <time>2026-05-17T14:07:22.000Z</time>
        <extensions>
          <ns3:TrackPointExtension>
            <ns3:hr>157</ns3:hr>
            <ns3:cad>83</ns3:cad>
          </ns3:TrackPointExtension>
        </extensions>
      </trkpt>
      <trkpt lat="31.02312876842916011810302734375" lon="121.42916576005518436431884765625">
        <ele>6</ele>
        <time>2026-05-17T14:07:23.000Z</time>
        <extensions>
          <ns3:TrackPointExtension>
            <ns3:hr>157</ns3:hr>
            <ns3:cad>83</ns3:cad>
          </ns3:TrackPointExtension>
        </extensions>
      </trkpt>
      <trkpt lat="31.02314000017940998077392578125" lon="121.42914329655468463897705078125">
        <ele>5.80000019073486328125</ele>
        <time>2026-05-17T14:07:24.000Z</time>
        <extensions>
          <ns3:TrackPointExtension>
            <ns3:hr>158</ns3:hr>
            <ns3:cad>84</ns3:cad>
          </ns3:TrackPointExtension>
        </extensions>
      </trkpt>
      <trkpt lat="31.0231488011777400970458984375" lon="121.429116390645503997802734375">
        <ele>5.80000019073486328125</ele>
        <time>2026-05-17T14:07:25.000Z</time>
        <extensions>
          <ns3:TrackPointExtension>
            <ns3:hr>157</ns3:hr>
            <ns3:cad>85</ns3:cad>
          </ns3:TrackPointExtension>
        </extensions>
      </trkpt>
      <trkpt lat="31.023161374032497406005859375" lon="121.4290907420217990875244140625">
        <ele>5.80000019073486328125</ele>
        <time>2026-05-17T14:07:26.000Z</time>
        <extensions>
          <ns3:TrackPointExtension>
            <ns3:hr>157</ns3:hr>
            <ns3:cad>85</ns3:cad>
          </ns3:TrackPointExtension>
        </extensions>
      </trkpt>
      <trkpt lat="31.02317118085920810699462890625" lon="121.4290659315884113311767578125">
        <ele>5.80000019073486328125</ele>
        <time>2026-05-17T14:07:27.000Z</time>
        <extensions>
          <ns3:TrackPointExtension>
            <ns3:hr>157</ns3:hr>
            <ns3:cad>85</ns3:cad>
          </ns3:TrackPointExtension>
        </extensions>
      </trkpt>
      <trkpt lat="31.023190207779407501220703125" lon="121.4290330745279788970947265625">
        <ele>5.80000019073486328125</ele>
        <time>2026-05-17T14:07:28.000Z</time>
        <extensions>
          <ns3:TrackPointExtension>
            <ns3:hr>156</ns3:hr>
            <ns3:cad>85</ns3:cad>
          </ns3:TrackPointExtension>
        </extensions>
      </trkpt>
      <trkpt lat="31.02319817058742046356201171875" lon="121.4290045760571956634521484375">
        <ele>5.80000019073486328125</ele>
        <time>2026-05-17T14:07:29.000Z</time>
        <extensions>
          <ns3:TrackPointExtension>
            <ns3:hr>156</ns3:hr>
            <ns3:cad>85</ns3:cad>
          </ns3:TrackPointExtension>
        </extensions>
      </trkpt>
      <trkpt lat="31.02320454083383083343505859375" lon="121.42897046171128749847412109375">
        <ele>5.80000019073486328125</ele>
        <time>2026-05-17T14:07:30.000Z</time>
        <extensions>
          <ns3:TrackPointExtension>
            <ns3:hr>156</ns3:hr>
            <ns3:cad>85</ns3:cad>
          </ns3:TrackPointExtension>
        </extensions>
      </trkpt>
      <trkpt lat="31.0232141800224781036376953125" lon="121.42893634736537933349609375">
        <ele>5.80000019073486328125</ele>
        <time>2026-05-17T14:07:31.000Z</time>
        <extensions>
          <ns3:TrackPointExtension>
            <ns3:hr>156</ns3:hr>
            <ns3:cad>85</ns3:cad>
          </ns3:TrackPointExtension>
        </extensions>
      </trkpt>
      <trkpt lat="31.02321342565119266510009765625" lon="121.4289066754281520843505859375">
        <ele>5.80000019073486328125</ele>
        <time>2026-05-17T14:07:32.000Z</time>
        <extensions>
          <ns3:TrackPointExtension>
            <ns3:hr>156</ns3:hr>
            <ns3:cad>85</ns3:cad>
          </ns3:TrackPointExtension>
        </extensions>
      </trkpt>
      <trkpt lat="31.02321694605052471160888671875" lon="121.42886987887322902679443359375">
        <ele>5.80000019073486328125</ele>
        <time>2026-05-17T14:07:33.000Z</time>
        <extensions>
          <ns3:TrackPointExtension>
            <ns3:hr>156</ns3:hr>
            <ns3:cad>85</ns3:cad>
          </ns3:TrackPointExtension>
        </extensions>
      </trkpt>
      <trkpt lat="31.023213677108287811279296875" lon="121.42884305678308010101318359375">
        <ele>5.80000019073486328125</ele>
        <time>2026-05-17T14:07:34.000Z</time>
        <extensions>
          <ns3:TrackPointExtension>
            <ns3:hr>156</ns3:hr>
            <ns3:cad>85</ns3:cad>
          </ns3:TrackPointExtension>
        </extensions>
      </trkpt>
      <trkpt lat="31.02320889942348003387451171875" lon="121.42880785278975963592529296875">
        <ele>5.80000019073486328125</ele>
        <time>2026-05-17T14:07:35.000Z</time>
        <extensions>
          <ns3:TrackPointExtension>
            <ns3:hr>156</ns3:hr>
            <ns3:cad>85</ns3:cad>
          </ns3:TrackPointExtension>
        </extensions>
      </trkpt>
      <trkpt lat="31.02319900877773761749267578125" lon="121.42877683974802494049072265625">
        <ele>5.80000019073486328125</ele>
        <time>2026-05-17T14:07:36.000Z</time>
        <extensions>
          <ns3:TrackPointExtension>
            <ns3:hr>156</ns3:hr>
            <ns3:cad>85</ns3:cad>
          </ns3:TrackPointExtension>
        </extensions>
      </trkpt>
      <trkpt lat="31.02318928577005863189697265625" lon="121.42875127494335174560546875">
        <ele>5.80000019073486328125</ele>
        <time>2026-05-17T14:07:37.000Z</time>
        <extensions>
          <ns3:TrackPointExtension>
            <ns3:hr>156</ns3:hr>
            <ns3:cad>85</ns3:cad>
          </ns3:TrackPointExtension>
        </extensions>
      </trkpt>
      <trkpt lat="31.0231816582381725311279296875" lon="121.42871774733066558837890625">
        <ele>5.80000019073486328125</ele>
        <time>2026-05-17T14:07:38.000Z</time>
        <extensions>
          <ns3:TrackPointExtension>
            <ns3:hr>156</ns3:hr>
            <ns3:cad>85</ns3:cad>
          </ns3:TrackPointExtension>
        </extensions>
      </trkpt>
      <trkpt lat="31.02317419834434986114501953125" lon="121.42869318835437297821044921875">
        <ele>5.80000019073486328125</ele>
        <time>2026-05-17T14:07:39.000Z</time>
        <extensions>
          <ns3:TrackPointExtension>
            <ns3:hr>155</ns3:hr>
            <ns3:cad>85</ns3:cad>
          </ns3:TrackPointExtension>
        </extensions>
      </trkpt>
      <trkpt lat="31.02316179312765598297119140625" lon="121.4286605827510356903076171875">
        <ele>5.80000019073486328125</ele>
        <time>2026-05-17T14:07:40.000Z</time>
        <extensions>
          <ns3:TrackPointExtension>
            <ns3:hr>156</ns3:hr>
            <ns3:cad>84</ns3:cad>
          </ns3:TrackPointExtension>
        </extensions>
      </trkpt>
      <trkpt lat="31.02314888499677181243896484375" lon="121.4286361075937747955322265625">
        <ele>5.80000019073486328125</ele>
        <time>2026-05-17T14:07:41.000Z</time>
        <extensions>
          <ns3:TrackPointExtension>
            <ns3:hr>155</ns3:hr>
            <ns3:cad>84</ns3:cad>
          </ns3:TrackPointExtension>
        </extensions>
      </trkpt>
      <trkpt lat="31.0231270082294940948486328125" lon="121.428608112037181854248046875">
        <ele>5.80000019073486328125</ele>
        <time>2026-05-17T14:07:42.000Z</time>
        <extensions>
          <ns3:TrackPointExtension>
            <ns3:hr>155</ns3:hr>
            <ns3:cad>85</ns3:cad>
          </ns3:TrackPointExtension>
        </extensions>
      </trkpt>
      <trkpt lat="31.0231122560799121856689453125" lon="121.4285801164805889129638671875">
        <ele>5.80000019073486328125</ele>
        <time>2026-05-17T14:07:43.000Z</time>
        <extensions>
          <ns3:TrackPointExtension>
            <ns3:hr>155</ns3:hr>
            <ns3:cad>85</ns3:cad>
          </ns3:TrackPointExtension>
        </extensions>
      </trkpt>
      <trkpt lat="31.0230933129787445068359375" lon="121.42855689860880374908447265625">
        <ele>5.80000019073486328125</ele>
        <time>2026-05-17T14:07:44.000Z</time>
        <extensions>
          <ns3:TrackPointExtension>
            <ns3:hr>155</ns3:hr>
            <ns3:cad>85</ns3:cad>
          </ns3:TrackPointExtension>
        </extensions>
      </trkpt>
      <trkpt lat="31.02308417670428752899169921875" lon="121.4285304956138134002685546875">
        <ele>5.599999904632568359375</ele>
        <time>2026-05-17T14:07:45.000Z</time>
        <extensions>
          <ns3:TrackPointExtension>
            <ns3:hr>155</ns3:hr>
            <ns3:cad>85</ns3:cad>
          </ns3:TrackPointExtension>
        </extensions>
      </trkpt>
    </trkseg>
  </trk>
</gpx>
