<gpx xmlns:ns3="http://www.garmin.com/xmlschemas/TrackPointExtension/v1" xmlns="http://www.topografix.com/GPX/1/1" xmlns:xsi="http://www.w3.org/2001/XMLSchema-instance" xmlns:ns2="http://www.garmin.com/xmlschemas/GpxExtensions/v3" creator="Garmin Connect" version="1.1" xsi:schemaLocation="http://www.topografix.com/GPX/1/1 http://www.topografix.com/GPX/11.xsd">
  <extensions>
<distance>6543.16</distance>
<average_hr>130.0</average_hr>
<average_speed>1.0260000228881836</average_speed>
<start_time>2026-05-30T02:00:08+00:00</start_time>
<end_time>2026-05-30T03:46:26.989000+00:00</end_time>
<moving_time>4020.0</moving_time>
<elapsed_time>8462.586</elapsed_time>
</extensions>
<metadata>
    <link href="connect.garmin.com">
      <text>Garmin Connect</text>
    </link>
    <time>2026-05-30T02:00:08.000Z</time>
  </metadata>
  <trk>
    <name>湖州市 徒步</name>
    <type>hiking</type>
    <trkseg>
      <trkpt lat="30.9458706714212894439697265625" lon="120.03937480039894580841064453125">
        <ele>62.200000762939453125</ele>
        <time>2026-05-30T02:00:33.000Z</time>
        <extensions>
          <ns3:TrackPointExtension>
            <ns3:hr>97</ns3:hr>
            <ns3:cad>56</ns3:cad>
          </ns3:TrackPointExtension>
        </extensions>
      </trkpt>
      <trkpt lat="30.94584980048239231109619140625" lon="120.0393544323742389678955078125">
        <ele>62.40000152587890625</ele>
        <time>2026-05-30T02:00:34.000Z</time>
        <extensions>
          <ns3:TrackPointExtension>
            <ns3:hr>96</ns3:hr>
            <ns3:cad>56</ns3:cad>
          </ns3:TrackPointExtension>
        </extensions>
      </trkpt>
      <trkpt lat="30.94584167003631591796875" lon="120.03934462554752826690673828125">
        <ele>62.40000152587890625</ele>
        <time>2026-05-30T02:00:36.000Z</time>
        <extensions>
          <ns3:TrackPointExtension>
            <ns3:hr>92</ns3:hr>
            <ns3:cad>53</ns3:cad>
          </ns3:TrackPointExtension>
        </extensions>
      </trkpt>
      <trkpt lat="30.9458354674279689788818359375" lon="120.03933473490178585052490234375">
        <ele>62.40000152587890625</ele>
        <time>2026-05-30T02:00:37.000Z</time>
        <extensions>
          <ns3:TrackPointExtension>
            <ns3:hr>91</ns3:hr>
            <ns3:cad>53</ns3:cad>
          </ns3:TrackPointExtension>
        </extensions>
      </trkpt>
      <trkpt lat="30.9457861818373203277587890625" lon="120.03929953090846538543701171875">
        <ele>62.59999847412109375</ele>
        <time>2026-05-30T02:00:43.000Z</time>
        <extensions>
          <ns3:TrackPointExtension>
            <ns3:hr>92</ns3:hr>
            <ns3:cad>52</ns3:cad>
          </ns3:TrackPointExtension>
        </extensions>
      </trkpt>
      <trkpt lat="30.945722647011280059814453125" lon="120.0392437912523746490478515625">
        <ele>63</ele>
        <time>2026-05-30T02:00:49.000Z</time>
        <extensions>
          <ns3:TrackPointExtension>
            <ns3:hr>91</ns3:hr>
            <ns3:cad>53</ns3:cad>
          </ns3:TrackPointExtension>
        </extensions>
      </trkpt>
      <trkpt lat="30.94567663036286830902099609375" lon="120.03919978626072406768798828125">
        <ele>63.40000152587890625</ele>
        <time>2026-05-30T02:00:55.000Z</time>
        <extensions>
          <ns3:TrackPointExtension>
            <ns3:hr>91</ns3:hr>
            <ns3:cad>53</ns3:cad>
          </ns3:TrackPointExtension>
        </extensions>
      </trkpt>
      <trkpt lat="30.94564712606370449066162109375" lon="120.0391437113285064697265625">
        <ele>63.40000152587890625</ele>
        <time>2026-05-30T02:00:59.000Z</time>
        <extensions>
          <ns3:TrackPointExtension>
            <ns3:hr>91</ns3:hr>
            <ns3:cad>51</ns3:cad>
          </ns3:TrackPointExtension>
        </extensions>
      </trkpt>
      <trkpt lat="30.94561695121228694915771484375" lon="120.03907196223735809326171875">
        <ele>64.40000152587890625</ele>
        <time>2026-05-30T02:01:05.000Z</time>
        <extensions>
          <ns3:TrackPointExtension>
            <ns3:hr>89</ns3:hr>
            <ns3:cad>48</ns3:cad>
          </ns3:TrackPointExtension>
        </extensions>
      </trkpt>
      <trkpt lat="30.94561100006103515625" lon="120.03903952427208423614501953125">
        <ele>64.40000152587890625</ele>
        <time>2026-05-30T02:01:07.000Z</time>
        <extensions>
          <ns3:TrackPointExtension>
            <ns3:hr>91</ns3:hr>
            <ns3:cad>48</ns3:cad>
          </ns3:TrackPointExtension>
        </extensions>
      </trkpt>
      <trkpt lat="30.9456054680049419403076171875" lon="120.039007924497127532958984375">
        <ele>64.8000030517578125</ele>
        <time>2026-05-30T02:01:10.000Z</time>
        <extensions>
          <ns3:TrackPointExtension>
            <ns3:hr>94</ns3:hr>
            <ns3:cad>50</ns3:cad>
          </ns3:TrackPointExtension>
        </extensions>
      </trkpt>
      <trkpt lat="30.9456068091094493865966796875" lon="120.03898487426340579986572265625">
        <ele>65</ele>
        <time>2026-05-30T02:01:12.000Z</time>
        <extensions>
          <ns3:TrackPointExtension>
            <ns3:hr>97</ns3:hr>
            <ns3:cad>0</ns3:cad>
          </ns3:TrackPointExtension>
        </extensions>
      </trkpt>
      <trkpt lat="30.94562499783933162689208984375" lon="120.03896928392350673675537109375">
        <ele>65</ele>
        <time>2026-05-30T02:01:16.000Z</time>
        <extensions>
          <ns3:TrackPointExtension>
            <ns3:hr>98</ns3:hr>
            <ns3:cad>0</ns3:cad>
          </ns3:TrackPointExtension>
        </extensions>
      </trkpt>
      <trkpt lat="30.94564192928373813629150390625" lon="120.03896333277225494384765625">
        <ele>65.1999969482421875</ele>
        <time>2026-05-30T02:01:21.000Z</time>
        <extensions>
          <ns3:TrackPointExtension>
            <ns3:hr>95</ns3:hr>
            <ns3:cad>0</ns3:cad>
          </ns3:TrackPointExtension>
        </extensions>
      </trkpt>
      <trkpt lat="30.94564494676887989044189453125" lon="120.038962326943874359130859375">
        <ele>65.1999969482421875</ele>
        <time>2026-05-30T02:01:22.000Z</time>
        <extensions>
          <ns3:TrackPointExtension>
            <ns3:hr>94</ns3:hr>
            <ns3:cad>0</ns3:cad>
          </ns3:TrackPointExtension>
        </extensions>
      </trkpt>
      <trkpt lat="30.94561225734651088714599609375" lon="120.0391891412436962127685546875">
        <ele>63.40000152587890625</ele>
        <time>2026-05-30T02:09:13.000Z</time>
        <extensions>
          <ns3:TrackPointExtension>
            <ns3:hr>78</ns3:hr>
            <ns3:cad>0</ns3:cad>
          </ns3:TrackPointExtension>
        </extensions>
      </trkpt>
      <trkpt lat="30.9456024505198001861572265625" lon="120.03919039852917194366455078125">
        <ele>63.59999847412109375</ele>
        <time>2026-05-30T02:09:14.000Z</time>
        <extensions>
          <ns3:TrackPointExtension>
            <ns3:hr>79</ns3:hr>
            <ns3:cad>0</ns3:cad>
          </ns3:TrackPointExtension>
        </extensions>
      </trkpt>
      <trkpt lat="30.94559666700661182403564453125" lon="120.0391871295869350433349609375">
        <ele>63.59999847412109375</ele>
        <time>2026-05-30T02:09:15.000Z</time>
        <extensions>
          <ns3:TrackPointExtension>
            <ns3:hr>79</ns3:hr>
            <ns3:cad>0</ns3:cad>
          </ns3:TrackPointExtension>
        </extensions>
      </trkpt>
      <trkpt lat="30.94225731678307056427001953125" lon="120.03743045032024383544921875">
        <ele>83.1999969482421875</ele>
        <time>2026-05-30T02:12:20.000Z</time>
        <extensions>
          <ns3:TrackPointExtension>
            <ns3:hr>153</ns3:hr>
            <ns3:cad>79</ns3:cad>
          </ns3:TrackPointExtension>
        </extensions>
      </trkpt>
      <trkpt lat="30.9422434866428375244140625" lon="120.03742332570254802703857421875">
        <ele>83.40000152587890625</ele>
        <time>2026-05-30T02:12:21.000Z</time>
        <extensions>
          <ns3:TrackPointExtension>
            <ns3:hr>152</ns3:hr>
            <ns3:cad>79</ns3:cad>
          </ns3:TrackPointExtension>
        </extensions>
      </trkpt>
      <trkpt lat="30.9422332607209682464599609375" lon="120.03742148168385028839111328125">
        <ele>83.40000152587890625</ele>
        <time>2026-05-30T02:12:22.000Z</time>
        <extensions>
          <ns3:TrackPointExtension>
            <ns3:hr>152</ns3:hr>
            <ns3:cad>79</ns3:cad>
          </ns3:TrackPointExtension>
        </extensions>
      </trkpt>
      <trkpt lat="30.94211298041045665740966796875" lon="120.03735065460205078125">
        <ele>83.8000030517578125</ele>
        <time>2026-05-30T02:12:27.000Z</time>
        <extensions>
          <ns3:TrackPointExtension>
            <ns3:hr>151</ns3:hr>
            <ns3:cad>78</ns3:cad>
          </ns3:TrackPointExtension>
        </extensions>
      </trkpt>
      <trkpt lat="30.94199337065219879150390625" lon="120.03726758994162082672119140625">
        <ele>84.1999969482421875</ele>
        <time>2026-05-30T02:12:32.000Z</time>
        <extensions>
          <ns3:TrackPointExtension>
            <ns3:hr>149</ns3:hr>
            <ns3:cad>80</ns3:cad>
          </ns3:TrackPointExtension>
        </extensions>
      </trkpt>
      <trkpt lat="30.941946767270565032958984375" lon="120.03725015558302402496337890625">
        <ele>84.40000152587890625</ele>
        <time>2026-05-30T02:12:34.000Z</time>
        <extensions>
          <ns3:TrackPointExtension>
            <ns3:hr>148</ns3:hr>
            <ns3:cad>80</ns3:cad>
          </ns3:TrackPointExtension>
        </extensions>
      </trkpt>
      <trkpt lat="30.9418617747724056243896484375" lon="120.03719818778336048126220703125">
        <ele>85.1999969482421875</ele>
        <time>2026-05-30T02:12:40.000Z</time>
        <extensions>
          <ns3:TrackPointExtension>
            <ns3:hr>149</ns3:hr>
            <ns3:cad>78</ns3:cad>
          </ns3:TrackPointExtension>
        </extensions>
      </trkpt>
      <trkpt lat="30.94185180030763149261474609375" lon="120.03718880005180835723876953125">
        <ele>85.40000152587890625</ele>
        <time>2026-05-30T02:12:41.000Z</time>
        <extensions>
          <ns3:TrackPointExtension>
            <ns3:hr>150</ns3:hr>
            <ns3:cad>78</ns3:cad>
          </ns3:TrackPointExtension>
        </extensions>
      </trkpt>
      <trkpt lat="30.94178709201514720916748046875" lon="120.0371293723583221435546875">
        <ele>86.59999847412109375</ele>
        <time>2026-05-30T02:12:46.000Z</time>
        <extensions>
          <ns3:TrackPointExtension>
            <ns3:hr>150</ns3:hr>
            <ns3:cad>79</ns3:cad>
          </ns3:TrackPointExtension>
        </extensions>
      </trkpt>
      <trkpt lat="30.94170964322984218597412109375" lon="120.03706910647451877593994140625">
        <ele>87.8000030517578125</ele>
        <time>2026-05-30T02:12:51.000Z</time>
        <extensions>
          <ns3:TrackPointExtension>
            <ns3:hr>150</ns3:hr>
            <ns3:cad>79</ns3:cad>
          </ns3:TrackPointExtension>
        </extensions>
      </trkpt>
      <trkpt lat="30.94169354997575283050537109375" lon="120.03705787472426891326904296875">
        <ele>88</ele>
        <time>2026-05-30T02:12:52.000Z</time>
        <extensions>
          <ns3:TrackPointExtension>
            <ns3:hr>150</ns3:hr>
            <ns3:cad>79</ns3:cad>
          </ns3:TrackPointExtension>
        </extensions>
      </trkpt>
      <trkpt lat="30.94162884168326854705810546875" lon="120.0370034761726856231689453125">
        <ele>88.8000030517578125</ele>
        <time>2026-05-30T02:12:58.000Z</time>
        <extensions>
          <ns3:TrackPointExtension>
            <ns3:hr>151</ns3:hr>
            <ns3:cad>80</ns3:cad>
          </ns3:TrackPointExtension>
        </extensions>
      </trkpt>
      <trkpt lat="30.94162247143685817718505859375" lon="120.03700808621942996978759765625">
        <ele>88.8000030517578125</ele>
        <time>2026-05-30T02:12:59.000Z</time>
        <extensions>
          <ns3:TrackPointExtension>
            <ns3:hr>151</ns3:hr>
            <ns3:cad>80</ns3:cad>
          </ns3:TrackPointExtension>
        </extensions>
      </trkpt>
      <trkpt lat="30.94153177924454212188720703125" lon="120.03698545508086681365966796875">
        <ele>88.8000030517578125</ele>
        <time>2026-05-30T02:13:03.000Z</time>
        <extensions>
          <ns3:TrackPointExtension>
            <ns3:hr>152</ns3:hr>
            <ns3:cad>0</ns3:cad>
          </ns3:TrackPointExtension>
        </extensions>
      </trkpt>
      <trkpt lat="30.9414969943463802337646484375" lon="120.03697288222610950469970703125">
        <ele>89</ele>
        <time>2026-05-30T02:13:06.000Z</time>
        <extensions>
          <ns3:TrackPointExtension>
            <ns3:hr>149</ns3:hr>
            <ns3:cad>0</ns3:cad>
          </ns3:TrackPointExtension>
        </extensions>
      </trkpt>
      <trkpt lat="30.941484086215496063232421875" lon="120.0369696132838726043701171875">
        <ele>89</ele>
        <time>2026-05-30T02:13:07.000Z</time>
        <extensions>
          <ns3:TrackPointExtension>
            <ns3:hr>146</ns3:hr>
            <ns3:cad>0</ns3:cad>
          </ns3:TrackPointExtension>
        </extensions>
      </trkpt>
      <trkpt lat="30.9414715133607387542724609375" lon="120.0369684398174285888671875">
        <ele>89.40000152587890625</ele>
        <time>2026-05-30T02:13:09.000Z</time>
        <extensions>
          <ns3:TrackPointExtension>
            <ns3:hr>145</ns3:hr>
            <ns3:cad>0</ns3:cad>
          </ns3:TrackPointExtension>
        </extensions>
      </trkpt>
      <trkpt lat="30.941446535289287567138671875" lon="120.03696450032293796539306640625">
        <ele>90</ele>
        <time>2026-05-30T02:13:12.000Z</time>
        <extensions>
          <ns3:TrackPointExtension>
            <ns3:hr>145</ns3:hr>
            <ns3:cad>0</ns3:cad>
          </ns3:TrackPointExtension>
        </extensions>
      </trkpt>
      <trkpt lat="30.94140152446925640106201171875" lon="120.03695628605782985687255859375">
        <ele>90.8000030517578125</ele>
        <time>2026-05-30T02:13:16.000Z</time>
        <extensions>
          <ns3:TrackPointExtension>
            <ns3:hr>143</ns3:hr>
            <ns3:cad>50</ns3:cad>
          </ns3:TrackPointExtension>
        </extensions>
      </trkpt>
      <trkpt lat="30.94137788750231266021728515625" lon="120.036945976316928863525390625">
        <ele>91</ele>
        <time>2026-05-30T02:13:18.000Z</time>
        <extensions>
          <ns3:TrackPointExtension>
            <ns3:hr>142</ns3:hr>
            <ns3:cad>60</ns3:cad>
          </ns3:TrackPointExtension>
        </extensions>
      </trkpt>
      <trkpt lat="30.9413223154842853546142578125" lon="120.036906413733959197998046875">
        <ele>91.59999847412109375</ele>
        <time>2026-05-30T02:13:22.000Z</time>
        <extensions>
          <ns3:TrackPointExtension>
            <ns3:hr>139</ns3:hr>
            <ns3:cad>53</ns3:cad>
          </ns3:TrackPointExtension>
        </extensions>
      </trkpt>
      <trkpt lat="30.941297672688961029052734375" lon="120.03689132630825042724609375">
        <ele>92.1999969482421875</ele>
        <time>2026-05-30T02:13:25.000Z</time>
        <extensions>
          <ns3:TrackPointExtension>
            <ns3:hr>138</ns3:hr>
            <ns3:cad>53</ns3:cad>
          </ns3:TrackPointExtension>
        </extensions>
      </trkpt>
      <trkpt lat="30.9412706829607486724853515625" lon="120.03687028773128986358642578125">
        <ele>92.40000152587890625</ele>
        <time>2026-05-30T02:13:28.000Z</time>
        <extensions>
          <ns3:TrackPointExtension>
            <ns3:hr>137</ns3:hr>
            <ns3:cad>53</ns3:cad>
          </ns3:TrackPointExtension>
        </extensions>
      </trkpt>
      <trkpt lat="30.94119097106158733367919921875" lon="120.03683793358504772186279296875">
        <ele>93.1999969482421875</ele>
        <time>2026-05-30T02:13:35.000Z</time>
        <extensions>
          <ns3:TrackPointExtension>
            <ns3:hr>136</ns3:hr>
            <ns3:cad>0</ns3:cad>
          </ns3:TrackPointExtension>
        </extensions>
      </trkpt>
      <trkpt lat="30.941170267760753631591796875" lon="120.03682988695800304412841796875">
        <ele>93.1999969482421875</ele>
        <time>2026-05-30T02:13:37.000Z</time>
        <extensions>
          <ns3:TrackPointExtension>
            <ns3:hr>135</ns3:hr>
            <ns3:cad>56</ns3:cad>
          </ns3:TrackPointExtension>
        </extensions>
      </trkpt>
      <trkpt lat="30.94112508930265903472900390625" lon="120.036810524761676788330078125">
        <ele>93.59999847412109375</ele>
        <time>2026-05-30T02:13:40.000Z</time>
        <extensions>
          <ns3:TrackPointExtension>
            <ns3:hr>132</ns3:hr>
            <ns3:cad>56</ns3:cad>
          </ns3:TrackPointExtension>
        </extensions>
      </trkpt>
      <trkpt lat="30.9411013685166835784912109375" lon="120.0367967784404754638671875">
        <ele>93.8000030517578125</ele>
        <time>2026-05-30T02:13:42.000Z</time>
        <extensions>
          <ns3:TrackPointExtension>
            <ns3:hr>129</ns3:hr>
            <ns3:cad>58</ns3:cad>
          </ns3:TrackPointExtension>
        </extensions>
      </trkpt>
      <trkpt lat="30.9410584531724452972412109375" lon="120.0367758236825466156005859375">
        <ele>93.8000030517578125</ele>
        <time>2026-05-30T02:13:45.000Z</time>
        <extensions>
          <ns3:TrackPointExtension>
            <ns3:hr>126</ns3:hr>
            <ns3:cad>57</ns3:cad>
          </ns3:TrackPointExtension>
        </extensions>
      </trkpt>
      <trkpt lat="30.940999947488307952880859375" lon="120.03674782812595367431640625">
        <ele>94.1999969482421875</ele>
        <time>2026-05-30T02:13:50.000Z</time>
        <extensions>
          <ns3:TrackPointExtension>
            <ns3:hr>126</ns3:hr>
            <ns3:cad>59</ns3:cad>
          </ns3:TrackPointExtension>
        </extensions>
      </trkpt>
      <trkpt lat="30.94097488559782505035400390625" lon="120.03673450089991092681884765625">
        <ele>94.40000152587890625</ele>
        <time>2026-05-30T02:13:52.000Z</time>
        <extensions>
          <ns3:TrackPointExtension>
            <ns3:hr>126</ns3:hr>
            <ns3:cad>58</ns3:cad>
          </ns3:TrackPointExtension>
        </extensions>
      </trkpt>
      <trkpt lat="30.94092140905559062957763671875" lon="120.03669979982078075408935546875">
        <ele>95</ele>
        <time>2026-05-30T02:13:57.000Z</time>
        <extensions>
          <ns3:TrackPointExtension>
            <ns3:hr>123</ns3:hr>
            <ns3:cad>52</ns3:cad>
          </ns3:TrackPointExtension>
        </extensions>
      </trkpt>
      <trkpt lat="30.9409112669527530670166015625" lon="120.03669175319373607635498046875">
        <ele>95.1999969482421875</ele>
        <time>2026-05-30T02:13:58.000Z</time>
        <extensions>
          <ns3:TrackPointExtension>
            <ns3:hr>121</ns3:hr>
            <ns3:cad>52</ns3:cad>
          </ns3:TrackPointExtension>
        </extensions>
      </trkpt>
      <trkpt lat="30.94090078957378864288330078125" lon="120.03668353892862796783447265625">
        <ele>95.40000152587890625</ele>
        <time>2026-05-30T02:13:59.000Z</time>
        <extensions>
          <ns3:TrackPointExtension>
            <ns3:hr>121</ns3:hr>
            <ns3:cad>52</ns3:cad>
          </ns3:TrackPointExtension>
        </extensions>
      </trkpt>
      <trkpt lat="30.9408492408692836761474609375" lon="120.03663810901343822479248046875">
        <ele>96.1999969482421875</ele>
        <time>2026-05-30T02:14:05.000Z</time>
        <extensions>
          <ns3:TrackPointExtension>
            <ns3:hr>121</ns3:hr>
            <ns3:cad>51</ns3:cad>
          </ns3:TrackPointExtension>
        </extensions>
      </trkpt>
      <trkpt lat="30.94083976931869983673095703125" lon="120.03662981092929840087890625">
        <ele>96.40000152587890625</ele>
        <time>2026-05-30T02:14:06.000Z</time>
        <extensions>
          <ns3:TrackPointExtension>
            <ns3:hr>123</ns3:hr>
            <ns3:cad>51</ns3:cad>
          </ns3:TrackPointExtension>
        </extensions>
      </trkpt>
      <trkpt lat="30.940817557275295257568359375" lon="120.03661363385617733001708984375">
        <ele>97</ele>
        <time>2026-05-30T02:14:09.000Z</time>
        <extensions>
          <ns3:TrackPointExtension>
            <ns3:hr>126</ns3:hr>
            <ns3:cad>50</ns3:cad>
          </ns3:TrackPointExtension>
        </extensions>
      </trkpt>
      <trkpt lat="30.940801799297332763671875" lon="120.036596618592739105224609375">
        <ele>97.40000152587890625</ele>
        <time>2026-05-30T02:14:11.000Z</time>
        <extensions>
          <ns3:TrackPointExtension>
            <ns3:hr>125</ns3:hr>
            <ns3:cad>51</ns3:cad>
          </ns3:TrackPointExtension>
        </extensions>
      </trkpt>
      <trkpt lat="30.94079014845192432403564453125" lon="120.0365880690515041351318359375">
        <ele>97.40000152587890625</ele>
        <time>2026-05-30T02:14:12.000Z</time>
        <extensions>
          <ns3:TrackPointExtension>
            <ns3:hr>124</ns3:hr>
            <ns3:cad>51</ns3:cad>
          </ns3:TrackPointExtension>
        </extensions>
      </trkpt>
      <trkpt lat="30.94072443433105945587158203125" lon="120.03653299994766712188720703125">
        <ele>98.59999847412109375</ele>
        <time>2026-05-30T02:14:18.000Z</time>
        <extensions>
          <ns3:TrackPointExtension>
            <ns3:hr>124</ns3:hr>
            <ns3:cad>51</ns3:cad>
          </ns3:TrackPointExtension>
        </extensions>
      </trkpt>
      <trkpt lat="30.9406849555671215057373046875" lon="120.03648170270025730133056640625">
        <ele>99.59999847412109375</ele>
        <time>2026-05-30T02:14:23.000Z</time>
        <extensions>
          <ns3:TrackPointExtension>
            <ns3:hr>124</ns3:hr>
            <ns3:cad>49</ns3:cad>
          </ns3:TrackPointExtension>
        </extensions>
      </trkpt>
      <trkpt lat="30.940659306943416595458984375" lon="120.03645622171461582183837890625">
        <ele>100</ele>
        <time>2026-05-30T02:14:25.000Z</time>
        <extensions>
          <ns3:TrackPointExtension>
            <ns3:hr>124</ns3:hr>
            <ns3:cad>48</ns3:cad>
          </ns3:TrackPointExtension>
        </extensions>
      </trkpt>
      <trkpt lat="30.94062552787363529205322265625" lon="120.03644029609858989715576171875">
        <ele>100.59999847412109375</ele>
        <time>2026-05-30T02:14:27.000Z</time>
        <extensions>
          <ns3:TrackPointExtension>
            <ns3:hr>124</ns3:hr>
            <ns3:cad>48</ns3:cad>
          </ns3:TrackPointExtension>
        </extensions>
      </trkpt>
      <trkpt lat="30.94052779488265514373779296875" lon="120.03639645874500274658203125">
        <ele>101.1999969482421875</ele>
        <time>2026-05-30T02:14:31.000Z</time>
        <extensions>
          <ns3:TrackPointExtension>
            <ns3:hr>124</ns3:hr>
            <ns3:cad>79</ns3:cad>
          </ns3:TrackPointExtension>
        </extensions>
      </trkpt>
      <trkpt lat="30.940450765192508697509765625" lon="120.036361254751682281494140625">
        <ele>101.40000152587890625</ele>
        <time>2026-05-30T02:14:34.000Z</time>
        <extensions>
          <ns3:TrackPointExtension>
            <ns3:hr>132</ns3:hr>
            <ns3:cad>80</ns3:cad>
          </ns3:TrackPointExtension>
        </extensions>
      </trkpt>
      <trkpt lat="30.9404013119637966156005859375" lon="120.036329738795757293701171875">
        <ele>101.59999847412109375</ele>
        <time>2026-05-30T02:14:36.000Z</time>
        <extensions>
          <ns3:TrackPointExtension>
            <ns3:hr>135</ns3:hr>
            <ns3:cad>85</ns3:cad>
          </ns3:TrackPointExtension>
        </extensions>
      </trkpt>
      <trkpt lat="30.94037692062556743621826171875" lon="120.0363114662468433380126953125">
        <ele>101.8000030517578125</ele>
        <time>2026-05-30T02:14:37.000Z</time>
        <extensions>
          <ns3:TrackPointExtension>
            <ns3:hr>135</ns3:hr>
            <ns3:cad>86</ns3:cad>
          </ns3:TrackPointExtension>
        </extensions>
      </trkpt>
      <trkpt lat="30.94032478518784046173095703125" lon="120.03628246486186981201171875">
        <ele>102</ele>
        <time>2026-05-30T02:14:39.000Z</time>
        <extensions>
          <ns3:TrackPointExtension>
            <ns3:hr>138</ns3:hr>
            <ns3:cad>86</ns3:cad>
          </ns3:TrackPointExtension>
        </extensions>
      </trkpt>
      <trkpt lat="30.94024482183158397674560546875" lon="120.03625438548624515533447265625">
        <ele>102.40000152587890625</ele>
        <time>2026-05-30T02:14:42.000Z</time>
        <extensions>
          <ns3:TrackPointExtension>
            <ns3:hr>141</ns3:hr>
            <ns3:cad>86</ns3:cad>
          </ns3:TrackPointExtension>
        </extensions>
      </trkpt>
      <trkpt lat="30.940198637545108795166015625" lon="120.0362335145473480224609375">
        <ele>102.8000030517578125</ele>
        <time>2026-05-30T02:14:44.000Z</time>
        <extensions>
          <ns3:TrackPointExtension>
            <ns3:hr>143</ns3:hr>
            <ns3:cad>83</ns3:cad>
          </ns3:TrackPointExtension>
        </extensions>
      </trkpt>
      <trkpt lat="30.9401743300259113311767578125" lon="120.036218427121639251708984375">
        <ele>103</ele>
        <time>2026-05-30T02:14:45.000Z</time>
        <extensions>
          <ns3:TrackPointExtension>
            <ns3:hr>143</ns3:hr>
            <ns3:cad>83</ns3:cad>
          </ns3:TrackPointExtension>
        </extensions>
      </trkpt>
      <trkpt lat="30.94009009189903736114501953125" lon="120.03616788424551486968994140625">
        <ele>103.8000030517578125</ele>
        <time>2026-05-30T02:14:49.000Z</time>
        <extensions>
          <ns3:TrackPointExtension>
            <ns3:hr>145</ns3:hr>
            <ns3:cad>82</ns3:cad>
          </ns3:TrackPointExtension>
        </extensions>
      </trkpt>
      <trkpt lat="30.94001046381890773773193359375" lon="120.03612463362514972686767578125">
        <ele>105</ele>
        <time>2026-05-30T02:14:53.000Z</time>
        <extensions>
          <ns3:TrackPointExtension>
            <ns3:hr>146</ns3:hr>
            <ns3:cad>80</ns3:cad>
          </ns3:TrackPointExtension>
        </extensions>
      </trkpt>
      <trkpt lat="30.93994525261223316192626953125" lon="120.03606881015002727508544921875">
        <ele>106</ele>
        <time>2026-05-30T02:14:57.000Z</time>
        <extensions>
          <ns3:TrackPointExtension>
            <ns3:hr>148</ns3:hr>
            <ns3:cad>83</ns3:cad>
          </ns3:TrackPointExtension>
        </extensions>
      </trkpt>
      <trkpt lat="30.93989931978285312652587890625" lon="120.03601516596972942352294921875">
        <ele>107</ele>
        <time>2026-05-30T02:15:00.000Z</time>
        <extensions>
          <ns3:TrackPointExtension>
            <ns3:hr>150</ns3:hr>
            <ns3:cad>82</ns3:cad>
          </ns3:TrackPointExtension>
        </extensions>
      </trkpt>
      <trkpt lat="30.939884148538112640380859375" lon="120.03599370829761028289794921875">
        <ele>107.40000152587890625</ele>
        <time>2026-05-30T02:15:01.000Z</time>
        <extensions>
          <ns3:TrackPointExtension>
            <ns3:hr>150</ns3:hr>
            <ns3:cad>82</ns3:cad>
          </ns3:TrackPointExtension>
        </extensions>
      </trkpt>
      <trkpt lat="30.93981969170272350311279296875" lon="120.03592480905354022979736328125">
        <ele>108.59999847412109375</ele>
        <time>2026-05-30T02:15:05.000Z</time>
        <extensions>
          <ns3:TrackPointExtension>
            <ns3:hr>151</ns3:hr>
            <ns3:cad>83</ns3:cad>
          </ns3:TrackPointExtension>
        </extensions>
      </trkpt>
      <trkpt lat="30.93978281132876873016357421875" lon="120.03588818013668060302734375">
        <ele>108.8000030517578125</ele>
        <time>2026-05-30T02:15:07.000Z</time>
        <extensions>
          <ns3:TrackPointExtension>
            <ns3:hr>151</ns3:hr>
            <ns3:cad>84</ns3:cad>
          </ns3:TrackPointExtension>
        </extensions>
      </trkpt>
      <trkpt lat="30.93970033340156078338623046875" lon="120.035819113254547119140625">
        <ele>109.59999847412109375</ele>
        <time>2026-05-30T02:15:12.000Z</time>
        <extensions>
          <ns3:TrackPointExtension>
            <ns3:hr>152</ns3:hr>
            <ns3:cad>84</ns3:cad>
          </ns3:TrackPointExtension>
        </extensions>
      </trkpt>
      <trkpt lat="30.9396650455892086029052734375" lon="120.03579857759177684783935546875">
        <ele>109.8000030517578125</ele>
        <time>2026-05-30T02:15:14.000Z</time>
        <extensions>
          <ns3:TrackPointExtension>
            <ns3:hr>152</ns3:hr>
            <ns3:cad>86</ns3:cad>
          </ns3:TrackPointExtension>
        </extensions>
      </trkpt>
      <trkpt lat="30.93957443721592426300048828125" lon="120.035755075514316558837890625">
        <ele>110.59999847412109375</ele>
        <time>2026-05-30T02:15:19.000Z</time>
        <extensions>
          <ns3:TrackPointExtension>
            <ns3:hr>154</ns3:hr>
            <ns3:cad>84</ns3:cad>
          </ns3:TrackPointExtension>
        </extensions>
      </trkpt>
      <trkpt lat="30.93953420408070087432861328125" lon="120.03573931753635406494140625">
        <ele>111.1999969482421875</ele>
        <time>2026-05-30T02:15:21.000Z</time>
        <extensions>
          <ns3:TrackPointExtension>
            <ns3:hr>153</ns3:hr>
            <ns3:cad>84</ns3:cad>
          </ns3:TrackPointExtension>
        </extensions>
      </trkpt>
      <trkpt lat="30.939497910439968109130859375" lon="120.03572096116840839385986328125">
        <ele>111.8000030517578125</ele>
        <time>2026-05-30T02:15:23.000Z</time>
        <extensions>
          <ns3:TrackPointExtension>
            <ns3:hr>152</ns3:hr>
            <ns3:cad>84</ns3:cad>
          </ns3:TrackPointExtension>
        </extensions>
      </trkpt>
      <trkpt lat="30.9394467808306217193603515625" lon="120.0356878526508808135986328125">
        <ele>112.1999969482421875</ele>
        <time>2026-05-30T02:15:28.000Z</time>
        <extensions>
          <ns3:TrackPointExtension>
            <ns3:hr>152</ns3:hr>
            <ns3:cad>85</ns3:cad>
          </ns3:TrackPointExtension>
        </extensions>
      </trkpt>
      <trkpt lat="30.93941953964531421661376953125" lon="120.0356479547917842864990234375">
        <ele>112.8000030517578125</ele>
        <time>2026-05-30T02:15:33.000Z</time>
        <extensions>
          <ns3:TrackPointExtension>
            <ns3:hr>150</ns3:hr>
            <ns3:cad>85</ns3:cad>
          </ns3:TrackPointExtension>
        </extensions>
      </trkpt>
      <trkpt lat="30.93940411694347858428955078125" lon="120.03562691621482372283935546875">
        <ele>113.40000152587890625</ele>
        <time>2026-05-30T02:15:36.000Z</time>
        <extensions>
          <ns3:TrackPointExtension>
            <ns3:hr>148</ns3:hr>
            <ns3:cad>43</ns3:cad>
          </ns3:TrackPointExtension>
        </extensions>
      </trkpt>
      <trkpt lat="30.9393871016800403594970703125" lon="120.0356000103056430816650390625">
        <ele>113.8000030517578125</ele>
        <time>2026-05-30T02:15:39.000Z</time>
        <extensions>
          <ns3:TrackPointExtension>
            <ns3:hr>145</ns3:hr>
            <ns3:cad>41</ns3:cad>
          </ns3:TrackPointExtension>
        </extensions>
      </trkpt>
      <trkpt lat="30.93938215635716915130615234375" lon="120.0355919636785984039306640625">
        <ele>113.8000030517578125</ele>
        <time>2026-05-30T02:15:40.000Z</time>
        <extensions>
          <ns3:TrackPointExtension>
            <ns3:hr>145</ns3:hr>
            <ns3:cad>41</ns3:cad>
          </ns3:TrackPointExtension>
        </extensions>
      </trkpt>
      <trkpt lat="30.9393733553588390350341796875" lon="120.03557494841516017913818359375">
        <ele>114.40000152587890625</ele>
        <time>2026-05-30T02:15:43.000Z</time>
        <extensions>
          <ns3:TrackPointExtension>
            <ns3:hr>144</ns3:hr>
            <ns3:cad>47</ns3:cad>
          </ns3:TrackPointExtension>
        </extensions>
      </trkpt>
      <trkpt lat="30.93936773948371410369873046875" lon="120.035557933151721954345703125">
        <ele>115</ele>
        <time>2026-05-30T02:15:45.000Z</time>
        <extensions>
          <ns3:TrackPointExtension>
            <ns3:hr>143</ns3:hr>
            <ns3:cad>50</ns3:cad>
          </ns3:TrackPointExtension>
        </extensions>
      </trkpt>
      <trkpt lat="30.9393458627164363861083984375" lon="120.035529434680938720703125">
        <ele>115.59999847412109375</ele>
        <time>2026-05-30T02:15:49.000Z</time>
        <extensions>
          <ns3:TrackPointExtension>
            <ns3:hr>140</ns3:hr>
            <ns3:cad>75</ns3:cad>
          </ns3:TrackPointExtension>
        </extensions>
      </trkpt>
      <trkpt lat="30.9393317811191082000732421875" lon="120.03550638444721698760986328125">
        <ele>116</ele>
        <time>2026-05-30T02:15:52.000Z</time>
        <extensions>
          <ns3:TrackPointExtension>
            <ns3:hr>139</ns3:hr>
            <ns3:cad>75</ns3:cad>
          </ns3:TrackPointExtension>
        </extensions>
      </trkpt>
      <trkpt lat="30.939323902130126953125" lon="120.0354783050715923309326171875">
        <ele>116.59999847412109375</ele>
        <time>2026-05-30T02:15:55.000Z</time>
        <extensions>
          <ns3:TrackPointExtension>
            <ns3:hr>139</ns3:hr>
            <ns3:cad>80</ns3:cad>
          </ns3:TrackPointExtension>
        </extensions>
      </trkpt>
      <trkpt lat="30.93931786715984344482421875" lon="120.03545743413269519805908203125">
        <ele>117.1999969482421875</ele>
        <time>2026-05-30T02:15:57.000Z</time>
        <extensions>
          <ns3:TrackPointExtension>
            <ns3:hr>138</ns3:hr>
            <ns3:cad>80</ns3:cad>
          </ns3:TrackPointExtension>
        </extensions>
      </trkpt>
      <trkpt lat="30.93930537812411785125732421875" lon="120.03541611135005950927734375">
        <ele>118.40000152587890625</ele>
        <time>2026-05-30T02:16:02.000Z</time>
        <extensions>
          <ns3:TrackPointExtension>
            <ns3:hr>138</ns3:hr>
            <ns3:cad>44</ns3:cad>
          </ns3:TrackPointExtension>
        </extensions>
      </trkpt>
      <trkpt lat="30.9392975829541683197021484375" lon="120.0354025326669216156005859375">
        <ele>118.59999847412109375</ele>
        <time>2026-05-30T02:16:03.000Z</time>
        <extensions>
          <ns3:TrackPointExtension>
            <ns3:hr>137</ns3:hr>
            <ns3:cad>44</ns3:cad>
          </ns3:TrackPointExtension>
        </extensions>
      </trkpt>
      <trkpt lat="30.93928408809006214141845703125" lon="120.0353535823523998260498046875">
        <ele>119.40000152587890625</ele>
        <time>2026-05-30T02:16:08.000Z</time>
        <extensions>
          <ns3:TrackPointExtension>
            <ns3:hr>136</ns3:hr>
            <ns3:cad>48</ns3:cad>
          </ns3:TrackPointExtension>
        </extensions>
      </trkpt>
      <trkpt lat="30.9392801485955715179443359375" lon="120.035342015326023101806640625">
        <ele>119.8000030517578125</ele>
        <time>2026-05-30T02:16:09.000Z</time>
        <extensions>
          <ns3:TrackPointExtension>
            <ns3:hr>136</ns3:hr>
            <ns3:cad>47</ns3:cad>
          </ns3:TrackPointExtension>
        </extensions>
      </trkpt>
      <trkpt lat="30.93925056047737598419189453125" lon="120.035313181579113006591796875">
        <ele>120.59999847412109375</ele>
        <time>2026-05-30T02:16:13.000Z</time>
        <extensions>
          <ns3:TrackPointExtension>
            <ns3:hr>137</ns3:hr>
            <ns3:cad>53</ns3:cad>
          </ns3:TrackPointExtension>
        </extensions>
      </trkpt>
      <trkpt lat="30.93923446722328662872314453125" lon="120.0352949090301990509033203125">
        <ele>121</ele>
        <time>2026-05-30T02:16:16.000Z</time>
        <extensions>
          <ns3:TrackPointExtension>
            <ns3:hr>136</ns3:hr>
            <ns3:cad>53</ns3:cad>
          </ns3:TrackPointExtension>
        </extensions>
      </trkpt>
      <trkpt lat="30.939211584627628326416015625" lon="120.03525375388562679290771484375">
        <ele>121.59999847412109375</ele>
        <time>2026-05-30T02:16:20.000Z</time>
        <extensions>
          <ns3:TrackPointExtension>
            <ns3:hr>136</ns3:hr>
            <ns3:cad>48</ns3:cad>
          </ns3:TrackPointExtension>
        </extensions>
      </trkpt>
      <trkpt lat="30.9392006881535053253173828125" lon="120.0352278538048267364501953125">
        <ele>122.1999969482421875</ele>
        <time>2026-05-30T02:16:22.000Z</time>
        <extensions>
          <ns3:TrackPointExtension>
            <ns3:hr>136</ns3:hr>
            <ns3:cad>48</ns3:cad>
          </ns3:TrackPointExtension>
        </extensions>
      </trkpt>
      <trkpt lat="30.93919021077454090118408203125" lon="120.035202205181121826171875">
        <ele>123</ele>
        <time>2026-05-30T02:16:25.000Z</time>
        <extensions>
          <ns3:TrackPointExtension>
            <ns3:hr>135</ns3:hr>
            <ns3:cad>48</ns3:cad>
          </ns3:TrackPointExtension>
        </extensions>
      </trkpt>
      <trkpt lat="30.93917311169207096099853515625" lon="120.03516892902553081512451171875">
        <ele>123.8000030517578125</ele>
        <time>2026-05-30T02:16:29.000Z</time>
        <extensions>
          <ns3:TrackPointExtension>
            <ns3:hr>133</ns3:hr>
            <ns3:cad>43</ns3:cad>
          </ns3:TrackPointExtension>
        </extensions>
      </trkpt>
      <trkpt lat="30.93916833400726318359375" lon="120.03515970893204212188720703125">
        <ele>124</ele>
        <time>2026-05-30T02:16:30.000Z</time>
        <extensions>
          <ns3:TrackPointExtension>
            <ns3:hr>133</ns3:hr>
            <ns3:cad>43</ns3:cad>
          </ns3:TrackPointExtension>
        </extensions>
      </trkpt>
      <trkpt lat="30.939145870506763458251953125" lon="120.03512517549097537994384765625">
        <ele>125.1999969482421875</ele>
        <time>2026-05-30T02:16:36.000Z</time>
        <extensions>
          <ns3:TrackPointExtension>
            <ns3:hr>133</ns3:hr>
            <ns3:cad>45</ns3:cad>
          </ns3:TrackPointExtension>
        </extensions>
      </trkpt>
      <trkpt lat="30.93914042226970195770263671875" lon="120.0351177155971527099609375">
        <ele>125.40000152587890625</ele>
        <time>2026-05-30T02:16:37.000Z</time>
        <extensions>
          <ns3:TrackPointExtension>
            <ns3:hr>133</ns3:hr>
            <ns3:cad>45</ns3:cad>
          </ns3:TrackPointExtension>
        </extensions>
      </trkpt>
      <trkpt lat="30.93912416137754917144775390625" lon="120.0350903905928134918212890625">
        <ele>126.40000152587890625</ele>
        <time>2026-05-30T02:16:41.000Z</time>
        <extensions>
          <ns3:TrackPointExtension>
            <ns3:hr>132</ns3:hr>
            <ns3:cad>44</ns3:cad>
          </ns3:TrackPointExtension>
        </extensions>
      </trkpt>
      <trkpt lat="30.93911477364599704742431640625" lon="120.03507169894874095916748046875">
        <ele>127.1999969482421875</ele>
        <time>2026-05-30T02:16:44.000Z</time>
        <extensions>
          <ns3:TrackPointExtension>
            <ns3:hr>132</ns3:hr>
            <ns3:cad>42</ns3:cad>
          </ns3:TrackPointExtension>
        </extensions>
      </trkpt>
      <trkpt lat="30.93911192379891872406005859375" lon="120.03505862317979335784912109375">
        <ele>127.59999847412109375</ele>
        <time>2026-05-30T02:16:45.000Z</time>
        <extensions>
          <ns3:TrackPointExtension>
            <ns3:hr>133</ns3:hr>
            <ns3:cad>46</ns3:cad>
          </ns3:TrackPointExtension>
        </extensions>
      </trkpt>
      <trkpt lat="30.9391051344573497772216796875" lon="120.03503180108964443206787109375">
        <ele>128.600006103515625</ele>
        <time>2026-05-30T02:16:49.000Z</time>
        <extensions>
          <ns3:TrackPointExtension>
            <ns3:hr>134</ns3:hr>
            <ns3:cad>50</ns3:cad>
          </ns3:TrackPointExtension>
        </extensions>
      </trkpt>
      <trkpt lat="30.9391024522483348846435546875" lon="120.0350199826061725616455078125">
        <ele>128.8000030517578125</ele>
        <time>2026-05-30T02:16:50.000Z</time>
        <extensions>
          <ns3:TrackPointExtension>
            <ns3:hr>133</ns3:hr>
            <ns3:cad>50</ns3:cad>
          </ns3:TrackPointExtension>
        </extensions>
      </trkpt>
      <trkpt lat="30.9390997700393199920654296875" lon="120.0349904783070087432861328125">
        <ele>129.8000030517578125</ele>
        <time>2026-05-30T02:16:54.000Z</time>
        <extensions>
          <ns3:TrackPointExtension>
            <ns3:hr>133</ns3:hr>
            <ns3:cad>45</ns3:cad>
          </ns3:TrackPointExtension>
        </extensions>
      </trkpt>
      <trkpt lat="30.93909884802997112274169921875" lon="120.0349820964038372039794921875">
        <ele>130.1999969482421875</ele>
        <time>2026-05-30T02:16:55.000Z</time>
        <extensions>
          <ns3:TrackPointExtension>
            <ns3:hr>134</ns3:hr>
            <ns3:cad>41</ns3:cad>
          </ns3:TrackPointExtension>
        </extensions>
      </trkpt>
      <trkpt lat="30.93910337425768375396728515625" lon="120.03490054048597812652587890625">
        <ele>130.600006103515625</ele>
        <time>2026-05-30T02:17:01.000Z</time>
        <extensions>
          <ns3:TrackPointExtension>
            <ns3:hr>135</ns3:hr>
            <ns3:cad>54</ns3:cad>
          </ns3:TrackPointExtension>
        </extensions>
      </trkpt>
      <trkpt lat="30.9391047991812229156494140625" lon="120.0348620675504207611083984375">
        <ele>130.600006103515625</ele>
        <time>2026-05-30T02:17:06.000Z</time>
        <extensions>
          <ns3:TrackPointExtension>
            <ns3:hr>135</ns3:hr>
            <ns3:cad>54</ns3:cad>
          </ns3:TrackPointExtension>
        </extensions>
      </trkpt>
      <trkpt lat="30.93911225907504558563232421875" lon="120.034840442240238189697265625">
        <ele>131</ele>
        <time>2026-05-30T02:17:11.000Z</time>
        <extensions>
          <ns3:TrackPointExtension>
            <ns3:hr>135</ns3:hr>
            <ns3:cad>54</ns3:cad>
          </ns3:TrackPointExtension>
        </extensions>
      </trkpt>
      <trkpt lat="30.9391192160546779632568359375" lon="120.03483801148831844329833984375">
        <ele>131.600006103515625</ele>
        <time>2026-05-30T02:17:14.000Z</time>
        <extensions>
          <ns3:TrackPointExtension>
            <ns3:hr>132</ns3:hr>
            <ns3:cad>0</ns3:cad>
          </ns3:TrackPointExtension>
        </extensions>
      </trkpt>
      <trkpt lat="30.93912072479724884033203125" lon="120.03483675420284271240234375">
        <ele>132</ele>
        <time>2026-05-30T02:17:16.000Z</time>
        <extensions>
          <ns3:TrackPointExtension>
            <ns3:hr>129</ns3:hr>
            <ns3:cad>0</ns3:cad>
          </ns3:TrackPointExtension>
        </extensions>
      </trkpt>
      <trkpt lat="30.9391225688159465789794921875" lon="120.0348332338035106658935546875">
        <ele>132</ele>
        <time>2026-05-30T02:17:17.000Z</time>
        <extensions>
          <ns3:TrackPointExtension>
            <ns3:hr>128</ns3:hr>
            <ns3:cad>0</ns3:cad>
          </ns3:TrackPointExtension>
        </extensions>
      </trkpt>
      <trkpt lat="30.939128100872039794921875" lon="120.03481395542621612548828125">
        <ele>132.8000030517578125</ele>
        <time>2026-05-30T02:17:21.000Z</time>
        <extensions>
          <ns3:TrackPointExtension>
            <ns3:hr>125</ns3:hr>
            <ns3:cad>48</ns3:cad>
          </ns3:TrackPointExtension>
        </extensions>
      </trkpt>
      <trkpt lat="30.9391321241855621337890625" lon="120.03480054438114166259765625">
        <ele>133.1999969482421875</ele>
        <time>2026-05-30T02:17:23.000Z</time>
        <extensions>
          <ns3:TrackPointExtension>
            <ns3:hr>124</ns3:hr>
            <ns3:cad>48</ns3:cad>
          </ns3:TrackPointExtension>
        </extensions>
      </trkpt>
      <trkpt lat="30.9391346387565135955810546875" lon="120.03479911945760250091552734375">
        <ele>133.399993896484375</ele>
        <time>2026-05-30T02:17:24.000Z</time>
        <extensions>
          <ns3:TrackPointExtension>
            <ns3:hr>124</ns3:hr>
            <ns3:cad>41</ns3:cad>
          </ns3:TrackPointExtension>
        </extensions>
      </trkpt>
      <trkpt lat="30.9391348063945770263671875" lon="120.034779421985149383544921875">
        <ele>134.1999969482421875</ele>
        <time>2026-05-30T02:17:27.000Z</time>
        <extensions>
          <ns3:TrackPointExtension>
            <ns3:hr>124</ns3:hr>
            <ns3:cad>48</ns3:cad>
          </ns3:TrackPointExtension>
        </extensions>
      </trkpt>
      <trkpt lat="30.93912885524332523345947265625" lon="120.0347422063350677490234375">
        <ele>135.600006103515625</ele>
        <time>2026-05-30T02:17:31.000Z</time>
        <extensions>
          <ns3:TrackPointExtension>
            <ns3:hr>124</ns3:hr>
            <ns3:cad>48</ns3:cad>
          </ns3:TrackPointExtension>
        </extensions>
      </trkpt>
      <trkpt lat="30.93909197486937046051025390625" lon="120.03469216637313365936279296875">
        <ele>136.600006103515625</ele>
        <time>2026-05-30T02:17:36.000Z</time>
        <extensions>
          <ns3:TrackPointExtension>
            <ns3:hr>125</ns3:hr>
            <ns3:cad>0</ns3:cad>
          </ns3:TrackPointExtension>
        </extensions>
      </trkpt>
      <trkpt lat="30.93906884081661701202392578125" lon="120.0346659310162067413330078125">
        <ele>137.399993896484375</ele>
        <time>2026-05-30T02:17:39.000Z</time>
        <extensions>
          <ns3:TrackPointExtension>
            <ns3:hr>127</ns3:hr>
            <ns3:cad>0</ns3:cad>
          </ns3:TrackPointExtension>
        </extensions>
      </trkpt>
      <trkpt lat="30.93906163237988948822021484375" lon="120.03464774228632450103759765625">
        <ele>137.8000030517578125</ele>
        <time>2026-05-30T02:17:41.000Z</time>
        <extensions>
          <ns3:TrackPointExtension>
            <ns3:hr>128</ns3:hr>
            <ns3:cad>0</ns3:cad>
          </ns3:TrackPointExtension>
        </extensions>
      </trkpt>
      <trkpt lat="30.93903531320393085479736328125" lon="120.03460532985627651214599609375">
        <ele>138.600006103515625</ele>
        <time>2026-05-30T02:17:44.000Z</time>
        <extensions>
          <ns3:TrackPointExtension>
            <ns3:hr>131</ns3:hr>
            <ns3:cad>0</ns3:cad>
          </ns3:TrackPointExtension>
        </extensions>
      </trkpt>
      <trkpt lat="30.9390293620526790618896484375" lon="120.0345911644399166107177734375">
        <ele>139</ele>
        <time>2026-05-30T02:17:45.000Z</time>
        <extensions>
          <ns3:TrackPointExtension>
            <ns3:hr>131</ns3:hr>
            <ns3:cad>0</ns3:cad>
          </ns3:TrackPointExtension>
        </extensions>
      </trkpt>
      <trkpt lat="30.9390159510076045989990234375" lon="120.0345526076853275299072265625">
        <ele>140</ele>
        <time>2026-05-30T02:17:48.000Z</time>
        <extensions>
          <ns3:TrackPointExtension>
            <ns3:hr>133</ns3:hr>
            <ns3:cad>46</ns3:cad>
          </ns3:TrackPointExtension>
        </extensions>
      </trkpt>
      <trkpt lat="30.93900807201862335205078125" lon="120.03451916389167308807373046875">
        <ele>140.8000030517578125</ele>
        <time>2026-05-30T02:17:51.000Z</time>
        <extensions>
          <ns3:TrackPointExtension>
            <ns3:hr>136</ns3:hr>
            <ns3:cad>44</ns3:cad>
          </ns3:TrackPointExtension>
        </extensions>
      </trkpt>
      <trkpt lat="30.9390052221715450286865234375" lon="120.03450843505561351776123046875">
        <ele>141.1999969482421875</ele>
        <time>2026-05-30T02:17:52.000Z</time>
        <extensions>
          <ns3:TrackPointExtension>
            <ns3:hr>137</ns3:hr>
            <ns3:cad>44</ns3:cad>
          </ns3:TrackPointExtension>
        </extensions>
      </trkpt>
      <trkpt lat="30.93900061212480068206787109375" lon="120.03449116833508014678955078125">
        <ele>141.600006103515625</ele>
        <time>2026-05-30T02:17:54.000Z</time>
        <extensions>
          <ns3:TrackPointExtension>
            <ns3:hr>137</ns3:hr>
            <ns3:cad>47</ns3:cad>
          </ns3:TrackPointExtension>
        </extensions>
      </trkpt>
      <trkpt lat="30.938998349010944366455078125" lon="120.0344630889594554901123046875">
        <ele>142.1999969482421875</ele>
        <time>2026-05-30T02:17:58.000Z</time>
        <extensions>
          <ns3:TrackPointExtension>
            <ns3:hr>137</ns3:hr>
            <ns3:cad>0</ns3:cad>
          </ns3:TrackPointExtension>
        </extensions>
      </trkpt>
      <trkpt lat="30.9389958344399929046630859375" lon="120.03445328213274478912353515625">
        <ele>142.399993896484375</ele>
        <time>2026-05-30T02:18:00.000Z</time>
        <extensions>
          <ns3:TrackPointExtension>
            <ns3:hr>138</ns3:hr>
            <ns3:cad>51</ns3:cad>
          </ns3:TrackPointExtension>
        </extensions>
      </trkpt>
      <trkpt lat="30.93899072147905826568603515625" lon="120.034410953521728515625">
        <ele>143.1999969482421875</ele>
        <time>2026-05-30T02:18:05.000Z</time>
        <extensions>
          <ns3:TrackPointExtension>
            <ns3:hr>137</ns3:hr>
            <ns3:cad>48</ns3:cad>
          </ns3:TrackPointExtension>
        </extensions>
      </trkpt>
      <trkpt lat="30.93898921273648738861083984375" lon="120.03439821302890777587890625">
        <ele>143.600006103515625</ele>
        <time>2026-05-30T02:18:06.000Z</time>
        <extensions>
          <ns3:TrackPointExtension>
            <ns3:hr>137</ns3:hr>
            <ns3:cad>47</ns3:cad>
          </ns3:TrackPointExtension>
        </extensions>
      </trkpt>
      <trkpt lat="30.93898401595652103424072265625" lon="120.03436527214944362640380859375">
        <ele>144.399993896484375</ele>
        <time>2026-05-30T02:18:09.000Z</time>
        <extensions>
          <ns3:TrackPointExtension>
            <ns3:hr>136</ns3:hr>
            <ns3:cad>47</ns3:cad>
          </ns3:TrackPointExtension>
        </extensions>
      </trkpt>
      <trkpt lat="30.9389792382717132568359375" lon="120.03432042896747589111328125">
        <ele>145.399993896484375</ele>
        <time>2026-05-30T02:18:13.000Z</time>
        <extensions>
          <ns3:TrackPointExtension>
            <ns3:hr>137</ns3:hr>
            <ns3:cad>0</ns3:cad>
          </ns3:TrackPointExtension>
        </extensions>
      </trkpt>
      <trkpt lat="30.93897529877722263336181640625" lon="120.0343105383217334747314453125">
        <ele>145.600006103515625</ele>
        <time>2026-05-30T02:18:14.000Z</time>
        <extensions>
          <ns3:TrackPointExtension>
            <ns3:hr>137</ns3:hr>
            <ns3:cad>0</ns3:cad>
          </ns3:TrackPointExtension>
        </extensions>
      </trkpt>
      <trkpt lat="30.93895903788506984710693359375" lon="120.03425194881856441497802734375">
        <ele>146.600006103515625</ele>
        <time>2026-05-30T02:18:19.000Z</time>
        <extensions>
          <ns3:TrackPointExtension>
            <ns3:hr>137</ns3:hr>
            <ns3:cad>44</ns3:cad>
          </ns3:TrackPointExtension>
        </extensions>
      </trkpt>
      <trkpt lat="30.9389522485435009002685546875" lon="120.0342401303350925445556640625">
        <ele>147</ele>
        <time>2026-05-30T02:18:21.000Z</time>
        <extensions>
          <ns3:TrackPointExtension>
            <ns3:hr>138</ns3:hr>
            <ns3:cad>44</ns3:cad>
          </ns3:TrackPointExtension>
        </extensions>
      </trkpt>
      <trkpt lat="30.93893892131745815277099609375" lon="120.0342096202075481414794921875">
        <ele>147.600006103515625</ele>
        <time>2026-05-30T02:18:25.000Z</time>
        <extensions>
          <ns3:TrackPointExtension>
            <ns3:hr>141</ns3:hr>
            <ns3:cad>45</ns3:cad>
          </ns3:TrackPointExtension>
        </extensions>
      </trkpt>
      <trkpt lat="30.9389364905655384063720703125" lon="120.03420014865696430206298828125">
        <ele>147.8000030517578125</ele>
        <time>2026-05-30T02:18:26.000Z</time>
        <extensions>
          <ns3:TrackPointExtension>
            <ns3:hr>142</ns3:hr>
            <ns3:cad>51</ns3:cad>
          </ns3:TrackPointExtension>
        </extensions>
      </trkpt>
      <trkpt lat="30.9389274381101131439208984375" lon="120.03417852334678173065185546875">
        <ele>148.1999969482421875</ele>
        <time>2026-05-30T02:18:28.000Z</time>
        <extensions>
          <ns3:TrackPointExtension>
            <ns3:hr>142</ns3:hr>
            <ns3:cad>51</ns3:cad>
          </ns3:TrackPointExtension>
        </extensions>
      </trkpt>
      <trkpt lat="30.93892081640660762786865234375" lon="120.0341526232659816741943359375">
        <ele>149</ele>
        <time>2026-05-30T02:18:31.000Z</time>
        <extensions>
          <ns3:TrackPointExtension>
            <ns3:hr>142</ns3:hr>
            <ns3:cad>50</ns3:cad>
          </ns3:TrackPointExtension>
        </extensions>
      </trkpt>
      <trkpt lat="30.93891344033181667327880859375" lon="120.03412739373743534088134765625">
        <ele>150</ele>
        <time>2026-05-30T02:18:35.000Z</time>
        <extensions>
          <ns3:TrackPointExtension>
            <ns3:hr>142</ns3:hr>
            <ns3:cad>45</ns3:cad>
          </ns3:TrackPointExtension>
        </extensions>
      </trkpt>
      <trkpt lat="30.93890137039124965667724609375" lon="120.03409336321055889129638671875">
        <ele>151.1999969482421875</ele>
        <time>2026-05-30T02:18:40.000Z</time>
        <extensions>
          <ns3:TrackPointExtension>
            <ns3:hr>142</ns3:hr>
            <ns3:cad>41</ns3:cad>
          </ns3:TrackPointExtension>
        </extensions>
      </trkpt>
      <trkpt lat="30.93889734707772731781005859375" lon="120.03408531658351421356201171875">
        <ele>151.600006103515625</ele>
        <time>2026-05-30T02:18:42.000Z</time>
        <extensions>
          <ns3:TrackPointExtension>
            <ns3:hr>141</ns3:hr>
            <ns3:cad>40</ns3:cad>
          </ns3:TrackPointExtension>
        </extensions>
      </trkpt>
      <trkpt lat="30.93889969401061534881591796875" lon="120.03406804986298084259033203125">
        <ele>152.1999969482421875</ele>
        <time>2026-05-30T02:18:45.000Z</time>
        <extensions>
          <ns3:TrackPointExtension>
            <ns3:hr>141</ns3:hr>
            <ns3:cad>43</ns3:cad>
          </ns3:TrackPointExtension>
        </extensions>
      </trkpt>
      <trkpt lat="30.938897766172885894775390625" lon="120.03404290415346622467041015625">
        <ele>152.8000030517578125</ele>
        <time>2026-05-30T02:18:48.000Z</time>
        <extensions>
          <ns3:TrackPointExtension>
            <ns3:hr>141</ns3:hr>
            <ns3:cad>43</ns3:cad>
          </ns3:TrackPointExtension>
        </extensions>
      </trkpt>
      <trkpt lat="30.9388929046690464019775390625" lon="120.03402295522391796112060546875">
        <ele>153.399993896484375</ele>
        <time>2026-05-30T02:18:50.000Z</time>
        <extensions>
          <ns3:TrackPointExtension>
            <ns3:hr>140</ns3:hr>
            <ns3:cad>41</ns3:cad>
          </ns3:TrackPointExtension>
        </extensions>
      </trkpt>
      <trkpt lat="30.9388915635645389556884765625" lon="120.03398305736482143402099609375">
        <ele>154.600006103515625</ele>
        <time>2026-05-30T02:18:55.000Z</time>
        <extensions>
          <ns3:TrackPointExtension>
            <ns3:hr>141</ns3:hr>
            <ns3:cad>44</ns3:cad>
          </ns3:TrackPointExtension>
        </extensions>
      </trkpt>
      <trkpt lat="30.93889550305902957916259765625" lon="120.03396243788301944732666015625">
        <ele>155.600006103515625</ele>
        <time>2026-05-30T02:18:59.000Z</time>
        <extensions>
          <ns3:TrackPointExtension>
            <ns3:hr>140</ns3:hr>
            <ns3:cad>44</ns3:cad>
          </ns3:TrackPointExtension>
        </extensions>
      </trkpt>
      <trkpt lat="30.938898436725139617919921875" lon="120.03395003266632556915283203125">
        <ele>156</ele>
        <time>2026-05-30T02:19:01.000Z</time>
        <extensions>
          <ns3:TrackPointExtension>
            <ns3:hr>137</ns3:hr>
            <ns3:cad>45</ns3:cad>
          </ns3:TrackPointExtension>
        </extensions>
      </trkpt>
      <trkpt lat="30.93889248557388782501220703125" lon="120.03394651226699352264404296875">
        <ele>156.399993896484375</ele>
        <time>2026-05-30T02:19:03.000Z</time>
        <extensions>
          <ns3:TrackPointExtension>
            <ns3:hr>136</ns3:hr>
            <ns3:cad>45</ns3:cad>
          </ns3:TrackPointExtension>
        </extensions>
      </trkpt>
      <trkpt lat="30.938894748687744140625" lon="120.033930838108062744140625">
        <ele>156.600006103515625</ele>
        <time>2026-05-30T02:19:05.000Z</time>
        <extensions>
          <ns3:TrackPointExtension>
            <ns3:hr>135</ns3:hr>
            <ns3:cad>0</ns3:cad>
          </ns3:TrackPointExtension>
        </extensions>
      </trkpt>
      <trkpt lat="30.93890212476253509521484375" lon="120.0339018367230892181396484375">
        <ele>157.8000030517578125</ele>
        <time>2026-05-30T02:19:09.000Z</time>
        <extensions>
          <ns3:TrackPointExtension>
            <ns3:hr>133</ns3:hr>
            <ns3:cad>41</ns3:cad>
          </ns3:TrackPointExtension>
        </extensions>
      </trkpt>
      <trkpt lat="30.9389121830463409423828125" lon="120.0338683091104030609130859375">
        <ele>159</ele>
        <time>2026-05-30T02:19:13.000Z</time>
        <extensions>
          <ns3:TrackPointExtension>
            <ns3:hr>133</ns3:hr>
            <ns3:cad>42</ns3:cad>
          </ns3:TrackPointExtension>
        </extensions>
      </trkpt>
      <trkpt lat="30.93891813419759273529052734375" lon="120.03385104238986968994140625">
        <ele>159.8000030517578125</ele>
        <time>2026-05-30T02:19:16.000Z</time>
        <extensions>
          <ns3:TrackPointExtension>
            <ns3:hr>133</ns3:hr>
            <ns3:cad>41</ns3:cad>
          </ns3:TrackPointExtension>
        </extensions>
      </trkpt>
      <trkpt lat="30.9389200620353221893310546875" lon="120.03384592942893505096435546875">
        <ele>160</ele>
        <time>2026-05-30T02:19:17.000Z</time>
        <extensions>
          <ns3:TrackPointExtension>
            <ns3:hr>134</ns3:hr>
            <ns3:cad>0</ns3:cad>
          </ns3:TrackPointExtension>
        </extensions>
      </trkpt>
      <trkpt lat="30.93892014585435390472412109375" lon="120.03381558693945407867431640625">
        <ele>161</ele>
        <time>2026-05-30T02:19:23.000Z</time>
        <extensions>
          <ns3:TrackPointExtension>
            <ns3:hr>135</ns3:hr>
            <ns3:cad>0</ns3:cad>
          </ns3:TrackPointExtension>
        </extensions>
      </trkpt>
      <trkpt lat="30.93891914002597332000732421875" lon="120.03381106071174144744873046875">
        <ele>161.1999969482421875</ele>
        <time>2026-05-30T02:19:24.000Z</time>
        <extensions>
          <ns3:TrackPointExtension>
            <ns3:hr>135</ns3:hr>
            <ns3:cad>0</ns3:cad>
          </ns3:TrackPointExtension>
        </extensions>
      </trkpt>
      <trkpt lat="30.93891997821629047393798828125" lon="120.03377786837518215179443359375">
        <ele>162.399993896484375</ele>
        <time>2026-05-30T02:19:28.000Z</time>
        <extensions>
          <ns3:TrackPointExtension>
            <ns3:hr>136</ns3:hr>
            <ns3:cad>43</ns3:cad>
          </ns3:TrackPointExtension>
        </extensions>
      </trkpt>
      <trkpt lat="30.9389224089682102203369140625" lon="120.03376211039721965789794921875">
        <ele>163</ele>
        <time>2026-05-30T02:19:30.000Z</time>
        <extensions>
          <ns3:TrackPointExtension>
            <ns3:hr>136</ns3:hr>
            <ns3:cad>47</ns3:cad>
          </ns3:TrackPointExtension>
        </extensions>
      </trkpt>
      <trkpt lat="30.9389234147965908050537109375" lon="120.033754147589206695556640625">
        <ele>163.600006103515625</ele>
        <time>2026-05-30T02:19:31.000Z</time>
        <extensions>
          <ns3:TrackPointExtension>
            <ns3:hr>136</ns3:hr>
            <ns3:cad>47</ns3:cad>
          </ns3:TrackPointExtension>
        </extensions>
      </trkpt>
      <trkpt lat="30.93892383389174938201904296875" lon="120.03372321836650371551513671875">
        <ele>164.600006103515625</ele>
        <time>2026-05-30T02:19:35.000Z</time>
        <extensions>
          <ns3:TrackPointExtension>
            <ns3:hr>137</ns3:hr>
            <ns3:cad>46</ns3:cad>
          </ns3:TrackPointExtension>
        </extensions>
      </trkpt>
      <trkpt lat="30.9389220736920833587646484375" lon="120.03371148370206356048583984375">
        <ele>164.8000030517578125</ele>
        <time>2026-05-30T02:19:37.000Z</time>
        <extensions>
          <ns3:TrackPointExtension>
            <ns3:hr>138</ns3:hr>
            <ns3:cad>55</ns3:cad>
          </ns3:TrackPointExtension>
        </extensions>
      </trkpt>
      <trkpt lat="30.938915871083736419677734375" lon="120.03367091529071331024169921875">
        <ele>165.8000030517578125</ele>
        <time>2026-05-30T02:19:40.000Z</time>
        <extensions>
          <ns3:TrackPointExtension>
            <ns3:hr>140</ns3:hr>
            <ns3:cad>0</ns3:cad>
          </ns3:TrackPointExtension>
        </extensions>
      </trkpt>
      <trkpt lat="30.93891260214149951934814453125" lon="120.03364543430507183074951171875">
        <ele>166.600006103515625</ele>
        <time>2026-05-30T02:19:43.000Z</time>
        <extensions>
          <ns3:TrackPointExtension>
            <ns3:hr>141</ns3:hr>
            <ns3:cad>0</ns3:cad>
          </ns3:TrackPointExtension>
        </extensions>
      </trkpt>
      <trkpt lat="30.93890991993248462677001953125" lon="120.0336322747170925140380859375">
        <ele>166.8000030517578125</ele>
        <time>2026-05-30T02:19:44.000Z</time>
        <extensions>
          <ns3:TrackPointExtension>
            <ns3:hr>142</ns3:hr>
            <ns3:cad>0</ns3:cad>
          </ns3:TrackPointExtension>
        </extensions>
      </trkpt>
      <trkpt lat="30.93890472315251827239990234375" lon="120.03361207433044910430908203125">
        <ele>167.399993896484375</ele>
        <time>2026-05-30T02:19:46.000Z</time>
        <extensions>
          <ns3:TrackPointExtension>
            <ns3:hr>145</ns3:hr>
            <ns3:cad>0</ns3:cad>
          </ns3:TrackPointExtension>
        </extensions>
      </trkpt>
      <trkpt lat="30.938901789486408233642578125" lon="120.03360302187502384185791015625">
        <ele>167.8000030517578125</ele>
        <time>2026-05-30T02:19:47.000Z</time>
        <extensions>
          <ns3:TrackPointExtension>
            <ns3:hr>148</ns3:hr>
            <ns3:cad>0</ns3:cad>
          </ns3:TrackPointExtension>
        </extensions>
      </trkpt>
      <trkpt lat="30.93889944255352020263671875" lon="120.03358994610607624053955078125">
        <ele>168</ele>
        <time>2026-05-30T02:19:48.000Z</time>
        <extensions>
          <ns3:TrackPointExtension>
            <ns3:hr>149</ns3:hr>
            <ns3:cad>0</ns3:cad>
          </ns3:TrackPointExtension>
        </extensions>
      </trkpt>
      <trkpt lat="30.93889818526804447174072265625" lon="120.03355742432177066802978515625">
        <ele>168.8000030517578125</ele>
        <time>2026-05-30T02:19:50.000Z</time>
        <extensions>
          <ns3:TrackPointExtension>
            <ns3:hr>150</ns3:hr>
            <ns3:cad>0</ns3:cad>
          </ns3:TrackPointExtension>
        </extensions>
      </trkpt>
      <trkpt lat="30.9388999454677104949951171875" lon="120.0335430912673473358154296875">
        <ele>169.1999969482421875</ele>
        <time>2026-05-30T02:19:51.000Z</time>
        <extensions>
          <ns3:TrackPointExtension>
            <ns3:hr>150</ns3:hr>
            <ns3:cad>0</ns3:cad>
          </ns3:TrackPointExtension>
        </extensions>
      </trkpt>
      <trkpt lat="30.9388949163258075714111328125" lon="120.03351300023496150970458984375">
        <ele>170.600006103515625</ele>
        <time>2026-05-30T02:19:54.000Z</time>
        <extensions>
          <ns3:TrackPointExtension>
            <ns3:hr>150</ns3:hr>
            <ns3:cad>83</ns3:cad>
          </ns3:TrackPointExtension>
        </extensions>
      </trkpt>
      <trkpt lat="30.93889533542096614837646484375" lon="120.03348249010741710662841796875">
        <ele>171.1999969482421875</ele>
        <time>2026-05-30T02:19:56.000Z</time>
        <extensions>
          <ns3:TrackPointExtension>
            <ns3:hr>151</ns3:hr>
            <ns3:cad>83</ns3:cad>
          </ns3:TrackPointExtension>
        </extensions>
      </trkpt>
      <trkpt lat="30.93890002928674221038818359375" lon="120.0334565900266170501708984375">
        <ele>172</ele>
        <time>2026-05-30T02:19:58.000Z</time>
        <extensions>
          <ns3:TrackPointExtension>
            <ns3:hr>153</ns3:hr>
            <ns3:cad>0</ns3:cad>
          </ns3:TrackPointExtension>
        </extensions>
      </trkpt>
      <trkpt lat="30.938911177217960357666015625" lon="120.03343856893479824066162109375">
        <ele>173.1999969482421875</ele>
        <time>2026-05-30T02:20:00.000Z</time>
        <extensions>
          <ns3:TrackPointExtension>
            <ns3:hr>154</ns3:hr>
            <ns3:cad>0</ns3:cad>
          </ns3:TrackPointExtension>
        </extensions>
      </trkpt>
      <trkpt lat="30.938915200531482696533203125" lon="120.033424235880374908447265625">
        <ele>174.399993896484375</ele>
        <time>2026-05-30T02:20:02.000Z</time>
        <extensions>
          <ns3:TrackPointExtension>
            <ns3:hr>155</ns3:hr>
            <ns3:cad>0</ns3:cad>
          </ns3:TrackPointExtension>
        </extensions>
      </trkpt>
      <trkpt lat="30.93892618082463741302490234375" lon="120.03340034745633602142333984375">
        <ele>175.399993896484375</ele>
        <time>2026-05-30T02:20:05.000Z</time>
        <extensions>
          <ns3:TrackPointExtension>
            <ns3:hr>156</ns3:hr>
            <ns3:cad>50</ns3:cad>
          </ns3:TrackPointExtension>
        </extensions>
      </trkpt>
      <trkpt lat="30.93893758021295070648193359375" lon="120.0333824940025806427001953125">
        <ele>176.600006103515625</ele>
        <time>2026-05-30T02:20:09.000Z</time>
        <extensions>
          <ns3:TrackPointExtension>
            <ns3:hr>157</ns3:hr>
            <ns3:cad>51</ns3:cad>
          </ns3:TrackPointExtension>
        </extensions>
      </trkpt>
      <trkpt lat="30.93894110061228275299072265625" lon="120.033351145684719085693359375">
        <ele>177.8000030517578125</ele>
        <time>2026-05-30T02:20:13.000Z</time>
        <extensions>
          <ns3:TrackPointExtension>
            <ns3:hr>157</ns3:hr>
            <ns3:cad>49</ns3:cad>
          </ns3:TrackPointExtension>
        </extensions>
      </trkpt>
      <trkpt lat="30.938948057591915130615234375" lon="120.0333201326429843902587890625">
        <ele>178.8000030517578125</ele>
        <time>2026-05-30T02:20:17.000Z</time>
        <extensions>
          <ns3:TrackPointExtension>
            <ns3:hr>156</ns3:hr>
            <ns3:cad>49</ns3:cad>
          </ns3:TrackPointExtension>
        </extensions>
      </trkpt>
      <trkpt lat="30.93894596211612224578857421875" lon="120.0332936458289623260498046875">
        <ele>180</ele>
        <time>2026-05-30T02:20:21.000Z</time>
        <extensions>
          <ns3:TrackPointExtension>
            <ns3:hr>156</ns3:hr>
            <ns3:cad>48</ns3:cad>
          </ns3:TrackPointExtension>
        </extensions>
      </trkpt>
      <trkpt lat="30.9389483928680419921875" lon="120.03327998332679271697998046875">
        <ele>180.600006103515625</ele>
        <time>2026-05-30T02:20:23.000Z</time>
        <extensions>
          <ns3:TrackPointExtension>
            <ns3:hr>156</ns3:hr>
            <ns3:cad>48</ns3:cad>
          </ns3:TrackPointExtension>
        </extensions>
      </trkpt>
      <trkpt lat="30.938947387039661407470703125" lon="120.033259280025959014892578125">
        <ele>181.1999969482421875</ele>
        <time>2026-05-30T02:20:26.000Z</time>
        <extensions>
          <ns3:TrackPointExtension>
            <ns3:hr>155</ns3:hr>
            <ns3:cad>48</ns3:cad>
          </ns3:TrackPointExtension>
        </extensions>
      </trkpt>
      <trkpt lat="30.93895711004734039306640625" lon="120.033239163458347320556640625">
        <ele>182.399993896484375</ele>
        <time>2026-05-30T02:20:30.000Z</time>
        <extensions>
          <ns3:TrackPointExtension>
            <ns3:hr>155</ns3:hr>
            <ns3:cad>49</ns3:cad>
          </ns3:TrackPointExtension>
        </extensions>
      </trkpt>
      <trkpt lat="30.93896121717989444732666015625" lon="120.03322969190776348114013671875">
        <ele>182.600006103515625</ele>
        <time>2026-05-30T02:20:31.000Z</time>
        <extensions>
          <ns3:TrackPointExtension>
            <ns3:hr>155</ns3:hr>
            <ns3:cad>54</ns3:cad>
          </ns3:TrackPointExtension>
        </extensions>
      </trkpt>
      <trkpt lat="30.93896674923598766326904296875" lon="120.03320756368339061737060546875">
        <ele>183.600006103515625</ele>
        <time>2026-05-30T02:20:34.000Z</time>
        <extensions>
          <ns3:TrackPointExtension>
            <ns3:hr>155</ns3:hr>
            <ns3:cad>55</ns3:cad>
          </ns3:TrackPointExtension>
        </extensions>
      </trkpt>
      <trkpt lat="30.9389757178723812103271484375" lon="120.03317805938422679901123046875">
        <ele>184.8000030517578125</ele>
        <time>2026-05-30T02:20:38.000Z</time>
        <extensions>
          <ns3:TrackPointExtension>
            <ns3:hr>155</ns3:hr>
            <ns3:cad>49</ns3:cad>
          </ns3:TrackPointExtension>
        </extensions>
      </trkpt>
      <trkpt lat="30.93897630460560321807861328125" lon="120.0331478007137775421142578125">
        <ele>186</ele>
        <time>2026-05-30T02:20:42.000Z</time>
        <extensions>
          <ns3:TrackPointExtension>
            <ns3:hr>156</ns3:hr>
            <ns3:cad>46</ns3:cad>
          </ns3:TrackPointExtension>
        </extensions>
      </trkpt>
      <trkpt lat="30.93897714279592037200927734375" lon="120.03313447348773479461669921875">
        <ele>186.600006103515625</ele>
        <time>2026-05-30T02:20:44.000Z</time>
        <extensions>
          <ns3:TrackPointExtension>
            <ns3:hr>156</ns3:hr>
            <ns3:cad>45</ns3:cad>
          </ns3:TrackPointExtension>
        </extensions>
      </trkpt>
      <trkpt lat="30.93897881917655467987060546875" lon="120.03312156535685062408447265625">
        <ele>187</ele>
        <time>2026-05-30T02:20:45.000Z</time>
        <extensions>
          <ns3:TrackPointExtension>
            <ns3:hr>156</ns3:hr>
            <ns3:cad>45</ns3:cad>
          </ns3:TrackPointExtension>
        </extensions>
      </trkpt>
      <trkpt lat="30.9389810822904109954833984375" lon="120.0330975092947483062744140625">
        <ele>188</ele>
        <time>2026-05-30T02:20:51.000Z</time>
        <extensions>
          <ns3:TrackPointExtension>
            <ns3:hr>155</ns3:hr>
            <ns3:cad>0</ns3:cad>
          </ns3:TrackPointExtension>
        </extensions>
      </trkpt>
      <trkpt lat="30.93898301012814044952392578125" lon="120.0330908037722110748291015625">
        <ele>188.399993896484375</ele>
        <time>2026-05-30T02:20:53.000Z</time>
        <extensions>
          <ns3:TrackPointExtension>
            <ns3:hr>155</ns3:hr>
            <ns3:cad>0</ns3:cad>
          </ns3:TrackPointExtension>
        </extensions>
      </trkpt>
      <trkpt lat="30.938986949622631072998046875" lon="120.03307060338556766510009765625">
        <ele>189.1999969482421875</ele>
        <time>2026-05-30T02:20:56.000Z</time>
        <extensions>
          <ns3:TrackPointExtension>
            <ns3:hr>154</ns3:hr>
            <ns3:cad>0</ns3:cad>
          </ns3:TrackPointExtension>
        </extensions>
      </trkpt>
      <trkpt lat="30.9389877878129482269287109375" lon="120.03305350430309772491455078125">
        <ele>189.600006103515625</ele>
        <time>2026-05-30T02:20:58.000Z</time>
        <extensions>
          <ns3:TrackPointExtension>
            <ns3:hr>154</ns3:hr>
            <ns3:cad>46</ns3:cad>
          </ns3:TrackPointExtension>
        </extensions>
      </trkpt>
      <trkpt lat="30.93898954801261425018310546875" lon="120.03303565084934234619140625">
        <ele>190.1999969482421875</ele>
        <time>2026-05-30T02:21:00.000Z</time>
        <extensions>
          <ns3:TrackPointExtension>
            <ns3:hr>153</ns3:hr>
            <ns3:cad>46</ns3:cad>
          </ns3:TrackPointExtension>
        </extensions>
      </trkpt>
      <trkpt lat="30.93899658881127834320068359375" lon="120.03300086595118045806884765625">
        <ele>191.399993896484375</ele>
        <time>2026-05-30T02:21:04.000Z</time>
        <extensions>
          <ns3:TrackPointExtension>
            <ns3:hr>152</ns3:hr>
            <ns3:cad>46</ns3:cad>
          </ns3:TrackPointExtension>
        </extensions>
      </trkpt>
      <trkpt lat="30.93899323605000972747802734375" lon="120.03300078213214874267578125">
        <ele>192</ele>
        <time>2026-05-30T02:21:06.000Z</time>
        <extensions>
          <ns3:TrackPointExtension>
            <ns3:hr>152</ns3:hr>
            <ns3:cad>42</ns3:cad>
          </ns3:TrackPointExtension>
        </extensions>
      </trkpt>
      <trkpt lat="30.9389941580593585968017578125" lon="120.03297806717455387115478515625">
        <ele>192.600006103515625</ele>
        <time>2026-05-30T02:21:09.000Z</time>
        <extensions>
          <ns3:TrackPointExtension>
            <ns3:hr>150</ns3:hr>
            <ns3:cad>42</ns3:cad>
          </ns3:TrackPointExtension>
        </extensions>
      </trkpt>
      <trkpt lat="30.93899038620293140411376953125" lon="120.0329585373401641845703125">
        <ele>193.399993896484375</ele>
        <time>2026-05-30T02:21:12.000Z</time>
        <extensions>
          <ns3:TrackPointExtension>
            <ns3:hr>150</ns3:hr>
            <ns3:cad>0</ns3:cad>
          </ns3:TrackPointExtension>
        </extensions>
      </trkpt>
      <trkpt lat="30.93899155966937541961669921875" lon="120.032951496541500091552734375">
        <ele>193.8000030517578125</ele>
        <time>2026-05-30T02:21:13.000Z</time>
        <extensions>
          <ns3:TrackPointExtension>
            <ns3:hr>150</ns3:hr>
            <ns3:cad>0</ns3:cad>
          </ns3:TrackPointExtension>
        </extensions>
      </trkpt>
      <trkpt lat="30.93899239785969257354736328125" lon="120.03291587345302104949951171875">
        <ele>194.8000030517578125</ele>
        <time>2026-05-30T02:21:18.000Z</time>
        <extensions>
          <ns3:TrackPointExtension>
            <ns3:hr>150</ns3:hr>
            <ns3:cad>46</ns3:cad>
          </ns3:TrackPointExtension>
        </extensions>
      </trkpt>
      <trkpt lat="30.9389928169548511505126953125" lon="120.03291117958724498748779296875">
        <ele>195.1999969482421875</ele>
        <time>2026-05-30T02:21:19.000Z</time>
        <extensions>
          <ns3:TrackPointExtension>
            <ns3:hr>151</ns3:hr>
            <ns3:cad>40</ns3:cad>
          </ns3:TrackPointExtension>
        </extensions>
      </trkpt>
      <trkpt lat="30.9389998577535152435302734375" lon="120.03289408050477504730224609375">
        <ele>196</ele>
        <time>2026-05-30T02:21:22.000Z</time>
        <extensions>
          <ns3:TrackPointExtension>
            <ns3:hr>152</ns3:hr>
            <ns3:cad>0</ns3:cad>
          </ns3:TrackPointExtension>
        </extensions>
      </trkpt>
      <trkpt lat="30.93900497071444988250732421875" lon="120.03287698142230510711669921875">
        <ele>196.399993896484375</ele>
        <time>2026-05-30T02:21:24.000Z</time>
        <extensions>
          <ns3:TrackPointExtension>
            <ns3:hr>151</ns3:hr>
            <ns3:cad>0</ns3:cad>
          </ns3:TrackPointExtension>
        </extensions>
      </trkpt>
      <trkpt lat="30.93901343643665313720703125" lon="120.03285921178758144378662109375">
        <ele>197</ele>
        <time>2026-05-30T02:21:27.000Z</time>
        <extensions>
          <ns3:TrackPointExtension>
            <ns3:hr>150</ns3:hr>
            <ns3:cad>0</ns3:cad>
          </ns3:TrackPointExtension>
        </extensions>
      </trkpt>
      <trkpt lat="30.9390167891979217529296875" lon="120.03283708356320858001708984375">
        <ele>198.399993896484375</ele>
        <time>2026-05-30T02:21:31.000Z</time>
        <extensions>
          <ns3:TrackPointExtension>
            <ns3:hr>150</ns3:hr>
            <ns3:cad>46</ns3:cad>
          </ns3:TrackPointExtension>
        </extensions>
      </trkpt>
      <trkpt lat="30.93901938758790493011474609375" lon="120.03281579352915287017822265625">
        <ele>199.399993896484375</ele>
        <time>2026-05-30T02:21:35.000Z</time>
        <extensions>
          <ns3:TrackPointExtension>
            <ns3:hr>148</ns3:hr>
            <ns3:cad>46</ns3:cad>
          </ns3:TrackPointExtension>
        </extensions>
      </trkpt>
      <trkpt lat="30.93903028406202793121337890625" lon="120.0327887199819087982177734375">
        <ele>200.600006103515625</ele>
        <time>2026-05-30T02:21:40.000Z</time>
        <extensions>
          <ns3:TrackPointExtension>
            <ns3:hr>148</ns3:hr>
            <ns3:cad>46</ns3:cad>
          </ns3:TrackPointExtension>
        </extensions>
      </trkpt>
      <trkpt lat="30.93902676366269588470458984375" lon="120.0327521748840808868408203125">
        <ele>201.600006103515625</ele>
        <time>2026-05-30T02:21:46.000Z</time>
        <extensions>
          <ns3:TrackPointExtension>
            <ns3:hr>148</ns3:hr>
            <ns3:cad>48</ns3:cad>
          </ns3:TrackPointExtension>
        </extensions>
      </trkpt>
      <trkpt lat="30.93902810476720333099365234375" lon="120.03274471499025821685791015625">
        <ele>201.8000030517578125</ele>
        <time>2026-05-30T02:21:47.000Z</time>
        <extensions>
          <ns3:TrackPointExtension>
            <ns3:hr>148</ns3:hr>
            <ns3:cad>48</ns3:cad>
          </ns3:TrackPointExtension>
        </extensions>
      </trkpt>
      <trkpt lat="30.939033217728137969970703125" lon="120.032730214297771453857421875">
        <ele>203</ele>
        <time>2026-05-30T02:21:51.000Z</time>
        <extensions>
          <ns3:TrackPointExtension>
            <ns3:hr>149</ns3:hr>
            <ns3:cad>51</ns3:cad>
          </ns3:TrackPointExtension>
        </extensions>
      </trkpt>
      <trkpt lat="30.93903983943164348602294921875" lon="120.0327199883759021759033203125">
        <ele>203.600006103515625</ele>
        <time>2026-05-30T02:21:53.000Z</time>
        <extensions>
          <ns3:TrackPointExtension>
            <ns3:hr>148</ns3:hr>
            <ns3:cad>51</ns3:cad>
          </ns3:TrackPointExtension>
        </extensions>
      </trkpt>
      <trkpt lat="30.9390488080680370330810546875" lon="120.0327169708907604217529296875">
        <ele>204</ele>
        <time>2026-05-30T02:21:55.000Z</time>
        <extensions>
          <ns3:TrackPointExtension>
            <ns3:hr>149</ns3:hr>
            <ns3:cad>52</ns3:cad>
          </ns3:TrackPointExtension>
        </extensions>
      </trkpt>
      <trkpt lat="30.9390766359865665435791015625" lon="120.03271101973950862884521484375">
        <ele>205</ele>
        <time>2026-05-30T02:22:00.000Z</time>
        <extensions>
          <ns3:TrackPointExtension>
            <ns3:hr>149</ns3:hr>
            <ns3:cad>52</ns3:cad>
          </ns3:TrackPointExtension>
        </extensions>
      </trkpt>
      <trkpt lat="30.93910018913447856903076171875" lon="120.032691992819309234619140625">
        <ele>206.1999969482421875</ele>
        <time>2026-05-30T02:22:04.000Z</time>
        <extensions>
          <ns3:TrackPointExtension>
            <ns3:hr>150</ns3:hr>
            <ns3:cad>49</ns3:cad>
          </ns3:TrackPointExtension>
        </extensions>
      </trkpt>
      <trkpt lat="30.93909918330609798431396484375" lon="120.0326847843825817108154296875">
        <ele>206.8000030517578125</ele>
        <time>2026-05-30T02:22:06.000Z</time>
        <extensions>
          <ns3:TrackPointExtension>
            <ns3:hr>150</ns3:hr>
            <ns3:cad>45</ns3:cad>
          </ns3:TrackPointExtension>
        </extensions>
      </trkpt>
      <trkpt lat="30.93909918330609798431396484375" lon="120.03267581574618816375732421875">
        <ele>207.399993896484375</ele>
        <time>2026-05-30T02:22:08.000Z</time>
        <extensions>
          <ns3:TrackPointExtension>
            <ns3:hr>150</ns3:hr>
            <ns3:cad>42</ns3:cad>
          </ns3:TrackPointExtension>
        </extensions>
      </trkpt>
      <trkpt lat="30.9390900470316410064697265625" lon="120.0326344929635524749755859375">
        <ele>208.600006103515625</ele>
        <time>2026-05-30T02:22:13.000Z</time>
        <extensions>
          <ns3:TrackPointExtension>
            <ns3:hr>150</ns3:hr>
            <ns3:cad>42</ns3:cad>
          </ns3:TrackPointExtension>
        </extensions>
      </trkpt>
      <trkpt lat="30.93908593989908695220947265625" lon="120.03259853459894657135009765625">
        <ele>209.8000030517578125</ele>
        <time>2026-05-30T02:22:17.000Z</time>
        <extensions>
          <ns3:TrackPointExtension>
            <ns3:hr>149</ns3:hr>
            <ns3:cad>43</ns3:cad>
          </ns3:TrackPointExtension>
        </extensions>
      </trkpt>
      <trkpt lat="30.93907789327204227447509765625" lon="120.03258227370679378509521484375">
        <ele>210.600006103515625</ele>
        <time>2026-05-30T02:22:20.000Z</time>
        <extensions>
          <ns3:TrackPointExtension>
            <ns3:hr>149</ns3:hr>
            <ns3:cad>41</ns3:cad>
          </ns3:TrackPointExtension>
        </extensions>
      </trkpt>
      <trkpt lat="30.93907856382429599761962890625" lon="120.0325749814510345458984375">
        <ele>210.8000030517578125</ele>
        <time>2026-05-30T02:22:21.000Z</time>
        <extensions>
          <ns3:TrackPointExtension>
            <ns3:hr>149</ns3:hr>
            <ns3:cad>41</ns3:cad>
          </ns3:TrackPointExtension>
        </extensions>
      </trkpt>
      <trkpt lat="30.9390766359865665435791015625" lon="120.03254891373217105865478515625">
        <ele>211.399993896484375</ele>
        <time>2026-05-30T02:22:26.000Z</time>
        <extensions>
          <ns3:TrackPointExtension>
            <ns3:hr>149</ns3:hr>
            <ns3:cad>79</ns3:cad>
          </ns3:TrackPointExtension>
        </extensions>
      </trkpt>
      <trkpt lat="30.93908107839524745941162109375" lon="120.0325352512300014495849609375">
        <ele>211.8000030517578125</ele>
        <time>2026-05-30T02:22:28.000Z</time>
        <extensions>
          <ns3:TrackPointExtension>
            <ns3:hr>149</ns3:hr>
            <ns3:cad>79</ns3:cad>
          </ns3:TrackPointExtension>
        </extensions>
      </trkpt>
      <trkpt lat="30.93908585608005523681640625" lon="120.0325295515358448028564453125">
        <ele>212.1999969482421875</ele>
        <time>2026-05-30T02:22:29.000Z</time>
        <extensions>
          <ns3:TrackPointExtension>
            <ns3:hr>148</ns3:hr>
            <ns3:cad>79</ns3:cad>
          </ns3:TrackPointExtension>
        </extensions>
      </trkpt>
      <trkpt lat="30.9390933997929096221923828125" lon="120.03251102752983570098876953125">
        <ele>213</ele>
        <time>2026-05-30T02:22:32.000Z</time>
        <extensions>
          <ns3:TrackPointExtension>
            <ns3:hr>149</ns3:hr>
            <ns3:cad>51</ns3:cad>
          </ns3:TrackPointExtension>
        </extensions>
      </trkpt>
      <trkpt lat="30.93910169787704944610595703125" lon="120.03249929286539554595947265625">
        <ele>213.399993896484375</ele>
        <time>2026-05-30T02:22:34.000Z</time>
        <extensions>
          <ns3:TrackPointExtension>
            <ns3:hr>148</ns3:hr>
            <ns3:cad>49</ns3:cad>
          </ns3:TrackPointExtension>
        </extensions>
      </trkpt>
      <trkpt lat="30.93910689465701580047607421875" lon="120.03248990513384342193603515625">
        <ele>214</ele>
        <time>2026-05-30T02:22:36.000Z</time>
        <extensions>
          <ns3:TrackPointExtension>
            <ns3:hr>149</ns3:hr>
            <ns3:cad>48</ns3:cad>
          </ns3:TrackPointExtension>
        </extensions>
      </trkpt>
      <trkpt lat="30.939120389521121978759765625" lon="120.03247180022299289703369140625">
        <ele>215.1999969482421875</ele>
        <time>2026-05-30T02:22:40.000Z</time>
        <extensions>
          <ns3:TrackPointExtension>
            <ns3:hr>147</ns3:hr>
            <ns3:cad>49</ns3:cad>
          </ns3:TrackPointExtension>
        </extensions>
      </trkpt>
      <trkpt lat="30.939125753939151763916015625" lon="120.032463334500789642333984375">
        <ele>215.600006103515625</ele>
        <time>2026-05-30T02:22:42.000Z</time>
        <extensions>
          <ns3:TrackPointExtension>
            <ns3:hr>146</ns3:hr>
            <ns3:cad>48</ns3:cad>
          </ns3:TrackPointExtension>
        </extensions>
      </trkpt>
      <trkpt lat="30.9391329623758792877197265625" lon="120.0324517674744129180908203125">
        <ele>216.1999969482421875</ele>
        <time>2026-05-30T02:22:44.000Z</time>
        <extensions>
          <ns3:TrackPointExtension>
            <ns3:hr>145</ns3:hr>
            <ns3:cad>47</ns3:cad>
          </ns3:TrackPointExtension>
        </extensions>
      </trkpt>
      <trkpt lat="30.93914394266903400421142578125" lon="120.03243072889745235443115234375">
        <ele>217.1999969482421875</ele>
        <time>2026-05-30T02:22:50.000Z</time>
        <extensions>
          <ns3:TrackPointExtension>
            <ns3:hr>141</ns3:hr>
            <ns3:cad>44</ns3:cad>
          </ns3:TrackPointExtension>
        </extensions>
      </trkpt>
      <trkpt lat="30.9391564317047595977783203125" lon="120.03241446800529956817626953125">
        <ele>218.1999969482421875</ele>
        <time>2026-05-30T02:22:56.000Z</time>
        <extensions>
          <ns3:TrackPointExtension>
            <ns3:hr>140</ns3:hr>
            <ns3:cad>44</ns3:cad>
          </ns3:TrackPointExtension>
        </extensions>
      </trkpt>
      <trkpt lat="30.939157940447330474853515625" lon="120.03240893594920635223388671875">
        <ele>218.399993896484375</ele>
        <time>2026-05-30T02:22:57.000Z</time>
        <extensions>
          <ns3:TrackPointExtension>
            <ns3:hr>141</ns3:hr>
            <ns3:cad>44</ns3:cad>
          </ns3:TrackPointExtension>
        </extensions>
      </trkpt>
      <trkpt lat="30.93917545862495899200439453125" lon="120.032395608723163604736328125">
        <ele>219.399993896484375</ele>
        <time>2026-05-30T02:23:01.000Z</time>
        <extensions>
          <ns3:TrackPointExtension>
            <ns3:hr>139</ns3:hr>
            <ns3:cad>71</ns3:cad>
          </ns3:TrackPointExtension>
        </extensions>
      </trkpt>
      <trkpt lat="30.9391805715858936309814453125" lon="120.03238077275454998016357421875">
        <ele>220</ele>
        <time>2026-05-30T02:23:03.000Z</time>
        <extensions>
          <ns3:TrackPointExtension>
            <ns3:hr>137</ns3:hr>
            <ns3:cad>0</ns3:cad>
          </ns3:TrackPointExtension>
        </extensions>
      </trkpt>
      <trkpt lat="30.9391862712800502777099609375" lon="120.0323723070323467254638671875">
        <ele>220.399993896484375</ele>
        <time>2026-05-30T02:23:05.000Z</time>
        <extensions>
          <ns3:TrackPointExtension>
            <ns3:hr>134</ns3:hr>
            <ns3:cad>0</ns3:cad>
          </ns3:TrackPointExtension>
        </extensions>
      </trkpt>
      <trkpt lat="30.9391911327838897705078125" lon="120.032367445528507232666015625">
        <ele>220.600006103515625</ele>
        <time>2026-05-30T02:23:06.000Z</time>
        <extensions>
          <ns3:TrackPointExtension>
            <ns3:hr>134</ns3:hr>
            <ns3:cad>0</ns3:cad>
          </ns3:TrackPointExtension>
        </extensions>
      </trkpt>
      <trkpt lat="30.93920010142028331756591796875" lon="120.03234456293284893035888671875">
        <ele>222</ele>
        <time>2026-05-30T02:23:10.000Z</time>
        <extensions>
          <ns3:TrackPointExtension>
            <ns3:hr>133</ns3:hr>
            <ns3:cad>0</ns3:cad>
          </ns3:TrackPointExtension>
        </extensions>
      </trkpt>
      <trkpt lat="30.9391980059444904327392578125" lon="120.0323179922997951507568359375">
        <ele>223</ele>
        <time>2026-05-30T02:23:14.000Z</time>
        <extensions>
          <ns3:TrackPointExtension>
            <ns3:hr>134</ns3:hr>
            <ns3:cad>40</ns3:cad>
          </ns3:TrackPointExtension>
        </extensions>
      </trkpt>
      <trkpt lat="30.939194820821285247802734375" lon="120.03228924237191677093505859375">
        <ele>224</ele>
        <time>2026-05-30T02:23:18.000Z</time>
        <extensions>
          <ns3:TrackPointExtension>
            <ns3:hr>136</ns3:hr>
            <ns3:cad>0</ns3:cad>
          </ns3:TrackPointExtension>
        </extensions>
      </trkpt>
      <trkpt lat="30.93919314444065093994140625" lon="120.03228303976356983184814453125">
        <ele>224.399993896484375</ele>
        <time>2026-05-30T02:23:19.000Z</time>
        <extensions>
          <ns3:TrackPointExtension>
            <ns3:hr>137</ns3:hr>
            <ns3:cad>41</ns3:cad>
          </ns3:TrackPointExtension>
        </extensions>
      </trkpt>
      <trkpt lat="30.93918266706168651580810546875" lon="120.03225705586373805999755859375">
        <ele>225.399993896484375</ele>
        <time>2026-05-30T02:23:23.000Z</time>
        <extensions>
          <ns3:TrackPointExtension>
            <ns3:hr>137</ns3:hr>
            <ns3:cad>44</ns3:cad>
          </ns3:TrackPointExtension>
        </extensions>
      </trkpt>
      <trkpt lat="30.93917411752045154571533203125" lon="120.03222738392651081085205078125">
        <ele>226.1999969482421875</ele>
        <time>2026-05-30T02:23:26.000Z</time>
        <extensions>
          <ns3:TrackPointExtension>
            <ns3:hr>138</ns3:hr>
            <ns3:cad>0</ns3:cad>
          </ns3:TrackPointExtension>
        </extensions>
      </trkpt>
      <trkpt lat="30.93917093239724636077880859375" lon="120.0322194211184978485107421875">
        <ele>226.399993896484375</ele>
        <time>2026-05-30T02:23:27.000Z</time>
        <extensions>
          <ns3:TrackPointExtension>
            <ns3:hr>138</ns3:hr>
            <ns3:cad>0</ns3:cad>
          </ns3:TrackPointExtension>
        </extensions>
      </trkpt>
      <trkpt lat="30.93917110003530979156494140625" lon="120.03218363039195537567138671875">
        <ele>227.399993896484375</ele>
        <time>2026-05-30T02:23:31.000Z</time>
        <extensions>
          <ns3:TrackPointExtension>
            <ns3:hr>140</ns3:hr>
            <ns3:cad>42</ns3:cad>
          </ns3:TrackPointExtension>
        </extensions>
      </trkpt>
      <trkpt lat="30.9391701780259609222412109375" lon="120.03215680830180644989013671875">
        <ele>228.399993896484375</ele>
        <time>2026-05-30T02:23:35.000Z</time>
        <extensions>
          <ns3:TrackPointExtension>
            <ns3:hr>142</ns3:hr>
            <ns3:cad>45</ns3:cad>
          </ns3:TrackPointExtension>
        </extensions>
      </trkpt>
      <trkpt lat="30.93916875310242176055908203125" lon="120.03214742057025432586669921875">
        <ele>228.600006103515625</ele>
        <time>2026-05-30T02:23:36.000Z</time>
        <extensions>
          <ns3:TrackPointExtension>
            <ns3:hr>143</ns3:hr>
            <ns3:cad>45</ns3:cad>
          </ns3:TrackPointExtension>
        </extensions>
      </trkpt>
      <trkpt lat="30.9391711838543415069580078125" lon="120.03209696151316165924072265625">
        <ele>229.8000030517578125</ele>
        <time>2026-05-30T02:23:41.000Z</time>
        <extensions>
          <ns3:TrackPointExtension>
            <ns3:hr>144</ns3:hr>
            <ns3:cad>45</ns3:cad>
          </ns3:TrackPointExtension>
        </extensions>
      </trkpt>
      <trkpt lat="30.9391748718917369842529296875" lon="120.03208841197192668914794921875">
        <ele>230.1999969482421875</ele>
        <time>2026-05-30T02:23:43.000Z</time>
        <extensions>
          <ns3:TrackPointExtension>
            <ns3:hr>144</ns3:hr>
            <ns3:cad>66</ns3:cad>
          </ns3:TrackPointExtension>
        </extensions>
      </trkpt>
      <trkpt lat="30.9391735307872295379638671875" lon="120.032067708671092987060546875">
        <ele>230.8000030517578125</ele>
        <time>2026-05-30T02:23:46.000Z</time>
        <extensions>
          <ns3:TrackPointExtension>
            <ns3:hr>145</ns3:hr>
            <ns3:cad>66</ns3:cad>
          </ns3:TrackPointExtension>
        </extensions>
      </trkpt>
      <trkpt lat="30.93916959129273891448974609375" lon="120.0320263020694255828857421875">
        <ele>232.1999969482421875</ele>
        <time>2026-05-30T02:23:51.000Z</time>
        <extensions>
          <ns3:TrackPointExtension>
            <ns3:hr>145</ns3:hr>
            <ns3:cad>44</ns3:cad>
          </ns3:TrackPointExtension>
        </extensions>
      </trkpt>
      <trkpt lat="30.93916707672178745269775390625" lon="120.0320165790617465972900390625">
        <ele>232.600006103515625</ele>
        <time>2026-05-30T02:23:53.000Z</time>
        <extensions>
          <ns3:TrackPointExtension>
            <ns3:hr>145</ns3:hr>
            <ns3:cad>46</ns3:cad>
          </ns3:TrackPointExtension>
        </extensions>
      </trkpt>
      <trkpt lat="30.93916238285601139068603515625" lon="120.03199537284672260284423828125">
        <ele>233.1999969482421875</ele>
        <time>2026-05-30T02:23:55.000Z</time>
        <extensions>
          <ns3:TrackPointExtension>
            <ns3:hr>145</ns3:hr>
            <ns3:cad>46</ns3:cad>
          </ns3:TrackPointExtension>
        </extensions>
      </trkpt>
      <trkpt lat="30.93915693461894989013671875" lon="120.0319753400981426239013671875">
        <ele>234.399993896484375</ele>
        <time>2026-05-30T02:23:59.000Z</time>
        <extensions>
          <ns3:TrackPointExtension>
            <ns3:hr>144</ns3:hr>
            <ns3:cad>44</ns3:cad>
          </ns3:TrackPointExtension>
        </extensions>
      </trkpt>
      <trkpt lat="30.93915835954248905181884765625" lon="120.03194130957126617431640625">
        <ele>235.600006103515625</ele>
        <time>2026-05-30T02:24:04.000Z</time>
        <extensions>
          <ns3:TrackPointExtension>
            <ns3:hr>144</ns3:hr>
            <ns3:cad>41</ns3:cad>
          </ns3:TrackPointExtension>
        </extensions>
      </trkpt>
      <trkpt lat="30.9391577728092670440673828125" lon="120.03192630596458911895751953125">
        <ele>236.1999969482421875</ele>
        <time>2026-05-30T02:24:07.000Z</time>
        <extensions>
          <ns3:TrackPointExtension>
            <ns3:hr>144</ns3:hr>
            <ns3:cad>41</ns3:cad>
          </ns3:TrackPointExtension>
        </extensions>
      </trkpt>
      <trkpt lat="30.93915299512445926666259765625" lon="120.03190937452018260955810546875">
        <ele>236.8000030517578125</ele>
        <time>2026-05-30T02:24:10.000Z</time>
        <extensions>
          <ns3:TrackPointExtension>
            <ns3:hr>146</ns3:hr>
            <ns3:cad>0</ns3:cad>
          </ns3:TrackPointExtension>
        </extensions>
      </trkpt>
      <trkpt lat="30.93914075754582881927490234375" lon="120.03189495764672756195068359375">
        <ele>237.600006103515625</ele>
        <time>2026-05-30T02:24:14.000Z</time>
        <extensions>
          <ns3:TrackPointExtension>
            <ns3:hr>146</ns3:hr>
            <ns3:cad>0</ns3:cad>
          </ns3:TrackPointExtension>
        </extensions>
      </trkpt>
      <trkpt lat="30.93913740478456020355224609375" lon="120.03188841976225376129150390625">
        <ele>237.8000030517578125</ele>
        <time>2026-05-30T02:24:15.000Z</time>
        <extensions>
          <ns3:TrackPointExtension>
            <ns3:hr>145</ns3:hr>
            <ns3:cad>0</ns3:cad>
          </ns3:TrackPointExtension>
        </extensions>
      </trkpt>
      <trkpt lat="30.93914327211678028106689453125" lon="120.0318677164614200592041015625">
        <ele>239</ele>
        <time>2026-05-30T02:24:20.000Z</time>
        <extensions>
          <ns3:TrackPointExtension>
            <ns3:hr>145</ns3:hr>
            <ns3:cad>0</ns3:cad>
          </ns3:TrackPointExtension>
        </extensions>
      </trkpt>
      <trkpt lat="30.93914561904966831207275390625" lon="120.031861178576946258544921875">
        <ele>239.399993896484375</ele>
        <time>2026-05-30T02:24:22.000Z</time>
        <extensions>
          <ns3:TrackPointExtension>
            <ns3:hr>144</ns3:hr>
            <ns3:cad>0</ns3:cad>
          </ns3:TrackPointExtension>
        </extensions>
      </trkpt>
      <trkpt lat="30.9391376562416553497314453125" lon="120.03183804452419281005859375">
        <ele>240</ele>
        <time>2026-05-30T02:24:25.000Z</time>
        <extensions>
          <ns3:TrackPointExtension>
            <ns3:hr>144</ns3:hr>
            <ns3:cad>64</ns3:cad>
          </ns3:TrackPointExtension>
        </extensions>
      </trkpt>
      <trkpt lat="30.93913304619491100311279296875" lon="120.0318120606243610382080078125">
        <ele>240.399993896484375</ele>
        <time>2026-05-30T02:24:29.000Z</time>
        <extensions>
          <ns3:TrackPointExtension>
            <ns3:hr>144</ns3:hr>
            <ns3:cad>0</ns3:cad>
          </ns3:TrackPointExtension>
        </extensions>
      </trkpt>
      <trkpt lat="30.93913656659424304962158203125" lon="120.03179647028446197509765625">
        <ele>241</ele>
        <time>2026-05-30T02:24:32.000Z</time>
        <extensions>
          <ns3:TrackPointExtension>
            <ns3:hr>144</ns3:hr>
            <ns3:cad>48</ns3:cad>
          </ns3:TrackPointExtension>
        </extensions>
      </trkpt>
      <trkpt lat="30.9391503967344760894775390625" lon="120.03178750164806842803955078125">
        <ele>242</ele>
        <time>2026-05-30T02:24:36.000Z</time>
        <extensions>
          <ns3:TrackPointExtension>
            <ns3:hr>144</ns3:hr>
            <ns3:cad>48</ns3:cad>
          </ns3:TrackPointExtension>
        </extensions>
      </trkpt>
      <trkpt lat="30.93915400095283985137939453125" lon="120.031783394515514373779296875">
        <ele>242.1999969482421875</ele>
        <time>2026-05-30T02:24:37.000Z</time>
        <extensions>
          <ns3:TrackPointExtension>
            <ns3:hr>144</ns3:hr>
            <ns3:cad>48</ns3:cad>
          </ns3:TrackPointExtension>
        </extensions>
      </trkpt>
      <trkpt lat="30.939161293208599090576171875" lon="120.031761936843395233154296875">
        <ele>243.1999969482421875</ele>
        <time>2026-05-30T02:24:41.000Z</time>
        <extensions>
          <ns3:TrackPointExtension>
            <ns3:hr>143</ns3:hr>
            <ns3:cad>43</ns3:cad>
          </ns3:TrackPointExtension>
        </extensions>
      </trkpt>
      <trkpt lat="30.9391527436673641204833984375" lon="120.03174508921802043914794921875">
        <ele>243.600006103515625</ele>
        <time>2026-05-30T02:24:43.000Z</time>
        <extensions>
          <ns3:TrackPointExtension>
            <ns3:hr>142</ns3:hr>
            <ns3:cad>0</ns3:cad>
          </ns3:TrackPointExtension>
        </extensions>
      </trkpt>
      <trkpt lat="30.93914109282195568084716796875" lon="120.0317282415926456451416015625">
        <ele>244.1999969482421875</ele>
        <time>2026-05-30T02:24:46.000Z</time>
        <extensions>
          <ns3:TrackPointExtension>
            <ns3:hr>141</ns3:hr>
            <ns3:cad>0</ns3:cad>
          </ns3:TrackPointExtension>
        </extensions>
      </trkpt>
      <trkpt lat="30.93913405202329158782958984375" lon="120.03171608783304691314697265625">
        <ele>245</ele>
        <time>2026-05-30T02:24:50.000Z</time>
        <extensions>
          <ns3:TrackPointExtension>
            <ns3:hr>141</ns3:hr>
            <ns3:cad>42</ns3:cad>
          </ns3:TrackPointExtension>
        </extensions>
      </trkpt>
      <trkpt lat="30.9391363151371479034423828125" lon="120.03171323798596858978271484375">
        <ele>245.399993896484375</ele>
        <time>2026-05-30T02:24:52.000Z</time>
        <extensions>
          <ns3:TrackPointExtension>
            <ns3:hr>141</ns3:hr>
            <ns3:cad>43</ns3:cad>
          </ns3:TrackPointExtension>
        </extensions>
      </trkpt>
      <trkpt lat="30.9391339682042598724365234375" lon="120.03169395960867404937744140625">
        <ele>246.399993896484375</ele>
        <time>2026-05-30T02:24:56.000Z</time>
        <extensions>
          <ns3:TrackPointExtension>
            <ns3:hr>140</ns3:hr>
            <ns3:cad>41</ns3:cad>
          </ns3:TrackPointExtension>
        </extensions>
      </trkpt>
      <trkpt lat="30.939131788909435272216796875" lon="120.0316870026290416717529296875">
        <ele>246.600006103515625</ele>
        <time>2026-05-30T02:24:57.000Z</time>
        <extensions>
          <ns3:TrackPointExtension>
            <ns3:hr>139</ns3:hr>
            <ns3:cad>43</ns3:cad>
          </ns3:TrackPointExtension>
        </extensions>
      </trkpt>
      <trkpt lat="30.9391309507191181182861328125" lon="120.031659342348575592041015625">
        <ele>247.600006103515625</ele>
        <time>2026-05-30T02:25:01.000Z</time>
        <extensions>
          <ns3:TrackPointExtension>
            <ns3:hr>137</ns3:hr>
            <ns3:cad>45</ns3:cad>
          </ns3:TrackPointExtension>
        </extensions>
      </trkpt>
      <trkpt lat="30.93912701122462749481201171875" lon="120.03164014779031276702880859375">
        <ele>248.600006103515625</ele>
        <time>2026-05-30T02:25:05.000Z</time>
        <extensions>
          <ns3:TrackPointExtension>
            <ns3:hr>138</ns3:hr>
            <ns3:cad>44</ns3:cad>
          </ns3:TrackPointExtension>
        </extensions>
      </trkpt>
      <trkpt lat="30.93912902288138866424560546875" lon="120.0316222943365573883056640625">
        <ele>249.8000030517578125</ele>
        <time>2026-05-30T02:25:11.000Z</time>
        <extensions>
          <ns3:TrackPointExtension>
            <ns3:hr>140</ns3:hr>
            <ns3:cad>40</ns3:cad>
          </ns3:TrackPointExtension>
        </extensions>
      </trkpt>
      <trkpt lat="30.9391312859952449798583984375" lon="120.03161399625241756439208984375">
        <ele>250.399993896484375</ele>
        <time>2026-05-30T02:25:13.000Z</time>
        <extensions>
          <ns3:TrackPointExtension>
            <ns3:hr>140</ns3:hr>
            <ns3:cad>40</ns3:cad>
          </ns3:TrackPointExtension>
        </extensions>
      </trkpt>
      <trkpt lat="30.939143188297748565673828125" lon="120.03159907646477222442626953125">
        <ele>251</ele>
        <time>2026-05-30T02:25:16.000Z</time>
        <extensions>
          <ns3:TrackPointExtension>
            <ns3:hr>140</ns3:hr>
            <ns3:cad>40</ns3:cad>
          </ns3:TrackPointExtension>
        </extensions>
      </trkpt>
      <trkpt lat="30.93917143531143665313720703125" lon="120.03158248029649257659912109375">
        <ele>252.1999969482421875</ele>
        <time>2026-05-30T02:25:21.000Z</time>
        <extensions>
          <ns3:TrackPointExtension>
            <ns3:hr>141</ns3:hr>
            <ns3:cad>52</ns3:cad>
          </ns3:TrackPointExtension>
        </extensions>
      </trkpt>
      <trkpt lat="30.93919188715517520904541015625" lon="120.0315691530704498291015625">
        <ele>253.399993896484375</ele>
        <time>2026-05-30T02:25:25.000Z</time>
        <extensions>
          <ns3:TrackPointExtension>
            <ns3:hr>141</ns3:hr>
            <ns3:cad>47</ns3:cad>
          </ns3:TrackPointExtension>
        </extensions>
      </trkpt>
      <trkpt lat="30.93919314444065093994140625" lon="120.03153621219098567962646484375">
        <ele>254.600006103515625</ele>
        <time>2026-05-30T02:25:31.000Z</time>
        <extensions>
          <ns3:TrackPointExtension>
            <ns3:hr>141</ns3:hr>
            <ns3:cad>49</ns3:cad>
          </ns3:TrackPointExtension>
        </extensions>
      </trkpt>
      <trkpt lat="30.93919574283063411712646484375" lon="120.031521208584308624267578125">
        <ele>255.8000030517578125</ele>
        <time>2026-05-30T02:25:35.000Z</time>
        <extensions>
          <ns3:TrackPointExtension>
            <ns3:hr>141</ns3:hr>
            <ns3:cad>48</ns3:cad>
          </ns3:TrackPointExtension>
        </extensions>
      </trkpt>
      <trkpt lat="30.93918534927070140838623046875" lon="120.03150084055960178375244140625">
        <ele>256.79998779296875</ele>
        <time>2026-05-30T02:25:38.000Z</time>
        <extensions>
          <ns3:TrackPointExtension>
            <ns3:hr>142</ns3:hr>
            <ns3:cad>47</ns3:cad>
          </ns3:TrackPointExtension>
        </extensions>
      </trkpt>
      <trkpt lat="30.93918199650943279266357421875" lon="120.0314922071993350982666015625">
        <ele>257</ele>
        <time>2026-05-30T02:25:39.000Z</time>
        <extensions>
          <ns3:TrackPointExtension>
            <ns3:hr>142</ns3:hr>
            <ns3:cad>47</ns3:cad>
          </ns3:TrackPointExtension>
        </extensions>
      </trkpt>
      <trkpt lat="30.939165651798248291015625" lon="120.03146119415760040283203125">
        <ele>258.20001220703125</ele>
        <time>2026-05-30T02:25:43.000Z</time>
        <extensions>
          <ns3:TrackPointExtension>
            <ns3:hr>143</ns3:hr>
            <ns3:cad>47</ns3:cad>
          </ns3:TrackPointExtension>
        </extensions>
      </trkpt>
      <trkpt lat="30.93914620578289031982421875" lon="120.03143646754324436187744140625">
        <ele>258.79998779296875</ele>
        <time>2026-05-30T02:25:46.000Z</time>
        <extensions>
          <ns3:TrackPointExtension>
            <ns3:hr>144</ns3:hr>
            <ns3:cad>47</ns3:cad>
          </ns3:TrackPointExtension>
        </extensions>
      </trkpt>
      <trkpt lat="30.939141847193241119384765625" lon="120.03142355941236019134521484375">
        <ele>259.399993896484375</ele>
        <time>2026-05-30T02:25:48.000Z</time>
        <extensions>
          <ns3:TrackPointExtension>
            <ns3:hr>144</ns3:hr>
            <ns3:cad>47</ns3:cad>
          </ns3:TrackPointExtension>
        </extensions>
      </trkpt>
      <trkpt lat="30.93913170509040355682373046875" lon="120.03138768486678600311279296875">
        <ele>260.600006103515625</ele>
        <time>2026-05-30T02:25:53.000Z</time>
        <extensions>
          <ns3:TrackPointExtension>
            <ns3:hr>146</ns3:hr>
            <ns3:cad>0</ns3:cad>
          </ns3:TrackPointExtension>
        </extensions>
      </trkpt>
      <trkpt lat="30.93913950026035308837890625" lon="120.0313711725175380706787109375">
        <ele>261.399993896484375</ele>
        <time>2026-05-30T02:25:58.000Z</time>
        <extensions>
          <ns3:TrackPointExtension>
            <ns3:hr>147</ns3:hr>
            <ns3:cad>0</ns3:cad>
          </ns3:TrackPointExtension>
        </extensions>
      </trkpt>
      <trkpt lat="30.93913321383297443389892578125" lon="120.03136354498565196990966796875">
        <ele>261.600006103515625</ele>
        <time>2026-05-30T02:25:59.000Z</time>
        <extensions>
          <ns3:TrackPointExtension>
            <ns3:hr>147</ns3:hr>
            <ns3:cad>0</ns3:cad>
          </ns3:TrackPointExtension>
        </extensions>
      </trkpt>
      <trkpt lat="30.9391185455024242401123046875" lon="120.0313285924494266510009765625">
        <ele>262.600006103515625</ele>
        <time>2026-05-30T02:26:04.000Z</time>
        <extensions>
          <ns3:TrackPointExtension>
            <ns3:hr>145</ns3:hr>
            <ns3:cad>41</ns3:cad>
          </ns3:TrackPointExtension>
        </extensions>
      </trkpt>
      <trkpt lat="30.93911577947437763214111328125" lon="120.03131375648081302642822265625">
        <ele>263.20001220703125</ele>
        <time>2026-05-30T02:26:06.000Z</time>
        <extensions>
          <ns3:TrackPointExtension>
            <ns3:hr>143</ns3:hr>
            <ns3:cad>41</ns3:cad>
          </ns3:TrackPointExtension>
        </extensions>
      </trkpt>
      <trkpt lat="30.939109660685062408447265625" lon="120.031285844743251800537109375">
        <ele>263.79998779296875</ele>
        <time>2026-05-30T02:26:09.000Z</time>
        <extensions>
          <ns3:TrackPointExtension>
            <ns3:hr>141</ns3:hr>
            <ns3:cad>47</ns3:cad>
          </ns3:TrackPointExtension>
        </extensions>
      </trkpt>
      <trkpt lat="30.93909323215484619140625" lon="120.03124334849417209625244140625">
        <ele>265.20001220703125</ele>
        <time>2026-05-30T02:26:13.000Z</time>
        <extensions>
          <ns3:TrackPointExtension>
            <ns3:hr>141</ns3:hr>
            <ns3:cad>49</ns3:cad>
          </ns3:TrackPointExtension>
        </extensions>
      </trkpt>
      <trkpt lat="30.9390508197247982025146484375" lon="120.03122591413557529449462890625">
        <ele>266.20001220703125</ele>
        <time>2026-05-30T02:26:19.000Z</time>
        <extensions>
          <ns3:TrackPointExtension>
            <ns3:hr>142</ns3:hr>
            <ns3:cad>51</ns3:cad>
          </ns3:TrackPointExtension>
        </extensions>
      </trkpt>
      <trkpt lat="30.9390276856720447540283203125" lon="120.0312270037829875946044921875">
        <ele>267.20001220703125</ele>
        <time>2026-05-30T02:26:22.000Z</time>
        <extensions>
          <ns3:TrackPointExtension>
            <ns3:hr>144</ns3:hr>
            <ns3:cad>50</ns3:cad>
          </ns3:TrackPointExtension>
        </extensions>
      </trkpt>
      <trkpt lat="30.9390085749328136444091796875" lon="120.031231530010700225830078125">
        <ele>268.399993896484375</ele>
        <time>2026-05-30T02:26:27.000Z</time>
        <extensions>
          <ns3:TrackPointExtension>
            <ns3:hr>144</ns3:hr>
            <ns3:cad>48</ns3:cad>
          </ns3:TrackPointExtension>
        </extensions>
      </trkpt>
      <trkpt lat="30.9389995224773883819580078125" lon="120.03123194910585880279541015625">
        <ele>268.600006103515625</ele>
        <time>2026-05-30T02:26:28.000Z</time>
        <extensions>
          <ns3:TrackPointExtension>
            <ns3:hr>144</ns3:hr>
            <ns3:cad>48</ns3:cad>
          </ns3:TrackPointExtension>
        </extensions>
      </trkpt>
      <trkpt lat="30.93898284249007701873779296875" lon="120.03122524358332157135009765625">
        <ele>269.600006103515625</ele>
        <time>2026-05-30T02:26:31.000Z</time>
        <extensions>
          <ns3:TrackPointExtension>
            <ns3:hr>143</ns3:hr>
            <ns3:cad>53</ns3:cad>
          </ns3:TrackPointExtension>
        </extensions>
      </trkpt>
      <trkpt lat="30.93896054662764072418212890625" lon="120.03122474066913127899169921875">
        <ele>271</ele>
        <time>2026-05-30T02:26:34.000Z</time>
        <extensions>
          <ns3:TrackPointExtension>
            <ns3:hr>140</ns3:hr>
            <ns3:cad>53</ns3:cad>
          </ns3:TrackPointExtension>
        </extensions>
      </trkpt>
      <trkpt lat="30.93894160352647304534912109375" lon="120.03123178146779537200927734375">
        <ele>271.79998779296875</ele>
        <time>2026-05-30T02:26:36.000Z</time>
        <extensions>
          <ns3:TrackPointExtension>
            <ns3:hr>139</ns3:hr>
            <ns3:cad>53</ns3:cad>
          </ns3:TrackPointExtension>
        </extensions>
      </trkpt>
      <trkpt lat="30.9389314614236354827880859375" lon="120.0312397442758083343505859375">
        <ele>272.20001220703125</ele>
        <time>2026-05-30T02:26:37.000Z</time>
        <extensions>
          <ns3:TrackPointExtension>
            <ns3:hr>139</ns3:hr>
            <ns3:cad>53</ns3:cad>
          </ns3:TrackPointExtension>
        </extensions>
      </trkpt>
      <trkpt lat="30.9388987720012664794921875" lon="120.0312850065529346466064453125">
        <ele>272.20001220703125</ele>
        <time>2026-05-30T02:26:42.000Z</time>
        <extensions>
          <ns3:TrackPointExtension>
            <ns3:hr>140</ns3:hr>
            <ns3:cad>55</ns3:cad>
          </ns3:TrackPointExtension>
        </extensions>
      </trkpt>
      <trkpt lat="30.93889650888741016387939453125" lon="120.0313679873943328857421875">
        <ele>272.399993896484375</ele>
        <time>2026-05-30T02:26:48.000Z</time>
        <extensions>
          <ns3:TrackPointExtension>
            <ns3:hr>140</ns3:hr>
            <ns3:cad>56</ns3:cad>
          </ns3:TrackPointExtension>
        </extensions>
      </trkpt>
      <trkpt lat="30.93885744921863079071044921875" lon="120.03146111033856868743896484375">
        <ele>271</ele>
        <time>2026-05-30T02:26:52.000Z</time>
        <extensions>
          <ns3:TrackPointExtension>
            <ns3:hr>140</ns3:hr>
            <ns3:cad>82</ns3:cad>
          </ns3:TrackPointExtension>
        </extensions>
      </trkpt>
      <trkpt lat="30.9388362430036067962646484375" lon="120.03149933181703090667724609375">
        <ele>270.20001220703125</ele>
        <time>2026-05-30T02:26:54.000Z</time>
        <extensions>
          <ns3:TrackPointExtension>
            <ns3:hr>141</ns3:hr>
            <ns3:cad>83</ns3:cad>
          </ns3:TrackPointExtension>
        </extensions>
      </trkpt>
      <trkpt lat="30.9388236701488494873046875" lon="120.0315181910991668701171875">
        <ele>270</ele>
        <time>2026-05-30T02:26:55.000Z</time>
        <extensions>
          <ns3:TrackPointExtension>
            <ns3:hr>141</ns3:hr>
            <ns3:cad>83</ns3:cad>
          </ns3:TrackPointExtension>
        </extensions>
      </trkpt>
      <trkpt lat="30.93876575119793415069580078125" lon="120.03155884332954883575439453125">
        <ele>269.79998779296875</ele>
        <time>2026-05-30T02:27:00.000Z</time>
        <extensions>
          <ns3:TrackPointExtension>
            <ns3:hr>143</ns3:hr>
            <ns3:cad>80</ns3:cad>
          </ns3:TrackPointExtension>
        </extensions>
      </trkpt>
      <trkpt lat="30.93872954137623310089111328125" lon="120.031576193869113922119140625">
        <ele>271</ele>
        <time>2026-05-30T02:27:04.000Z</time>
        <extensions>
          <ns3:TrackPointExtension>
            <ns3:hr>144</ns3:hr>
            <ns3:cad>43</ns3:cad>
          </ns3:TrackPointExtension>
        </extensions>
      </trkpt>
      <trkpt lat="30.93870364129543304443359375" lon="120.031574852764606475830078125">
        <ele>271.79998779296875</ele>
        <time>2026-05-30T02:27:08.000Z</time>
        <extensions>
          <ns3:TrackPointExtension>
            <ns3:hr>141</ns3:hr>
            <ns3:cad>45</ns3:cad>
          </ns3:TrackPointExtension>
        </extensions>
      </trkpt>
      <trkpt lat="30.938693918287754058837890625" lon="120.03156672231853008270263671875">
        <ele>272.20001220703125</ele>
        <time>2026-05-30T02:27:09.000Z</time>
        <extensions>
          <ns3:TrackPointExtension>
            <ns3:hr>141</ns3:hr>
            <ns3:cad>45</ns3:cad>
          </ns3:TrackPointExtension>
        </extensions>
      </trkpt>
      <trkpt lat="30.93868981115520000457763671875" lon="120.03155238926410675048828125">
        <ele>272.79998779296875</ele>
        <time>2026-05-30T02:27:11.000Z</time>
        <extensions>
          <ns3:TrackPointExtension>
            <ns3:hr>140</ns3:hr>
            <ns3:cad>45</ns3:cad>
          </ns3:TrackPointExtension>
        </extensions>
      </trkpt>
      <trkpt lat="30.93869919888675212860107421875" lon="120.03153487108647823333740234375">
        <ele>273.20001220703125</ele>
        <time>2026-05-30T02:27:13.000Z</time>
        <extensions>
          <ns3:TrackPointExtension>
            <ns3:hr>139</ns3:hr>
            <ns3:cad>45</ns3:cad>
          </ns3:TrackPointExtension>
        </extensions>
      </trkpt>
      <trkpt lat="30.9387048147618770599365234375" lon="120.0315267406404018402099609375">
        <ele>273.399993896484375</ele>
        <time>2026-05-30T02:27:14.000Z</time>
        <extensions>
          <ns3:TrackPointExtension>
            <ns3:hr>138</ns3:hr>
            <ns3:cad>45</ns3:cad>
          </ns3:TrackPointExtension>
        </extensions>
      </trkpt>
      <trkpt lat="30.93871780671179294586181640625" lon="120.0315036065876483917236328125">
        <ele>274.399993896484375</ele>
        <time>2026-05-30T02:27:18.000Z</time>
        <extensions>
          <ns3:TrackPointExtension>
            <ns3:hr>138</ns3:hr>
            <ns3:cad>0</ns3:cad>
          </ns3:TrackPointExtension>
        </extensions>
      </trkpt>
      <trkpt lat="30.93873389996588230133056640625" lon="120.03147804178297519683837890625">
        <ele>275.20001220703125</ele>
        <time>2026-05-30T02:27:21.000Z</time>
        <extensions>
          <ns3:TrackPointExtension>
            <ns3:hr>138</ns3:hr>
            <ns3:cad>47</ns3:cad>
          </ns3:TrackPointExtension>
        </extensions>
      </trkpt>
      <trkpt lat="30.93874027021229267120361328125" lon="120.03146764822304248809814453125">
        <ele>275.399993896484375</ele>
        <time>2026-05-30T02:27:22.000Z</time>
        <extensions>
          <ns3:TrackPointExtension>
            <ns3:hr>138</ns3:hr>
            <ns3:cad>47</ns3:cad>
          </ns3:TrackPointExtension>
        </extensions>
      </trkpt>
      <trkpt lat="30.93874328769743442535400390625" lon="120.031446777284145355224609375">
        <ele>276.600006103515625</ele>
        <time>2026-05-30T02:27:27.000Z</time>
        <extensions>
          <ns3:TrackPointExtension>
            <ns3:hr>139</ns3:hr>
            <ns3:cad>53</ns3:cad>
          </ns3:TrackPointExtension>
        </extensions>
      </trkpt>
      <trkpt lat="30.9387420304119586944580078125" lon="120.0314409099519252777099609375">
        <ele>276.600006103515625</ele>
        <time>2026-05-30T02:27:28.000Z</time>
        <extensions>
          <ns3:TrackPointExtension>
            <ns3:hr>139</ns3:hr>
            <ns3:cad>53</ns3:cad>
          </ns3:TrackPointExtension>
        </extensions>
      </trkpt>
      <trkpt lat="30.93872115947306156158447265625" lon="120.03144049085676670074462890625">
        <ele>277.79998779296875</ele>
        <time>2026-05-30T02:27:32.000Z</time>
        <extensions>
          <ns3:TrackPointExtension>
            <ns3:hr>140</ns3:hr>
            <ns3:cad>53</ns3:cad>
          </ns3:TrackPointExtension>
        </extensions>
      </trkpt>
      <trkpt lat="30.93869903124868869781494140625" lon="120.03144912421703338623046875">
        <ele>278.79998779296875</ele>
        <time>2026-05-30T02:27:35.000Z</time>
        <extensions>
          <ns3:TrackPointExtension>
            <ns3:hr>140</ns3:hr>
            <ns3:cad>40</ns3:cad>
          </ns3:TrackPointExtension>
        </extensions>
      </trkpt>
      <trkpt lat="30.93865334987640380859375" lon="120.03143345005810260772705078125">
        <ele>279.79998779296875</ele>
        <time>2026-05-30T02:27:41.000Z</time>
        <extensions>
          <ns3:TrackPointExtension>
            <ns3:hr>141</ns3:hr>
            <ns3:cad>40</ns3:cad>
          </ns3:TrackPointExtension>
        </extensions>
      </trkpt>
      <trkpt lat="30.93865091912448406219482421875" lon="120.031425319612026214599609375">
        <ele>279.79998779296875</ele>
        <time>2026-05-30T02:27:42.000Z</time>
        <extensions>
          <ns3:TrackPointExtension>
            <ns3:hr>142</ns3:hr>
            <ns3:cad>53</ns3:cad>
          </ns3:TrackPointExtension>
        </extensions>
      </trkpt>
      <trkpt lat="30.93863717280328273773193359375" lon="120.0313812308013439178466796875">
        <ele>281.20001220703125</ele>
        <time>2026-05-30T02:27:46.000Z</time>
        <extensions>
          <ns3:TrackPointExtension>
            <ns3:hr>143</ns3:hr>
            <ns3:cad>0</ns3:cad>
          </ns3:TrackPointExtension>
        </extensions>
      </trkpt>
      <trkpt lat="30.93863382004201412200927734375" lon="120.0313644669950008392333984375">
        <ele>282</ele>
        <time>2026-05-30T02:27:48.000Z</time>
        <extensions>
          <ns3:TrackPointExtension>
            <ns3:hr>145</ns3:hr>
            <ns3:cad>44</ns3:cad>
          </ns3:TrackPointExtension>
        </extensions>
      </trkpt>
      <trkpt lat="30.938636250793933868408203125" lon="120.03135583363473415374755859375">
        <ele>282.20001220703125</ele>
        <time>2026-05-30T02:27:49.000Z</time>
        <extensions>
          <ns3:TrackPointExtension>
            <ns3:hr>145</ns3:hr>
            <ns3:cad>44</ns3:cad>
          </ns3:TrackPointExtension>
        </extensions>
      </trkpt>
      <trkpt lat="30.93864069320261478424072265625" lon="120.03133035264909267425537109375">
        <ele>283.399993896484375</ele>
        <time>2026-05-30T02:27:52.000Z</time>
        <extensions>
          <ns3:TrackPointExtension>
            <ns3:hr>149</ns3:hr>
            <ns3:cad>48</ns3:cad>
          </ns3:TrackPointExtension>
        </extensions>
      </trkpt>
      <trkpt lat="30.93864454887807369232177734375" lon="120.0312980823218822479248046875">
        <ele>284.79998779296875</ele>
        <time>2026-05-30T02:27:55.000Z</time>
        <extensions>
          <ns3:TrackPointExtension>
            <ns3:hr>149</ns3:hr>
            <ns3:cad>47</ns3:cad>
          </ns3:TrackPointExtension>
        </extensions>
      </trkpt>
      <trkpt lat="30.9386488236486911773681640625" lon="120.0312665663659572601318359375">
        <ele>286.20001220703125</ele>
        <time>2026-05-30T02:27:58.000Z</time>
        <extensions>
          <ns3:TrackPointExtension>
            <ns3:hr>148</ns3:hr>
            <ns3:cad>47</ns3:cad>
          </ns3:TrackPointExtension>
        </extensions>
      </trkpt>
      <trkpt lat="30.93865041621029376983642578125" lon="120.03122407011687755584716796875">
        <ele>287.600006103515625</ele>
        <time>2026-05-30T02:28:01.000Z</time>
        <extensions>
          <ns3:TrackPointExtension>
            <ns3:hr>150</ns3:hr>
            <ns3:cad>48</ns3:cad>
          </ns3:TrackPointExtension>
        </extensions>
      </trkpt>
      <trkpt lat="30.938648320734500885009765625" lon="120.0312016904354095458984375">
        <ele>288</ele>
        <time>2026-05-30T02:28:03.000Z</time>
        <extensions>
          <ns3:TrackPointExtension>
            <ns3:hr>151</ns3:hr>
            <ns3:cad>53</ns3:cad>
          </ns3:TrackPointExtension>
        </extensions>
      </trkpt>
      <trkpt lat="30.93863063491880893707275390625" lon="120.03114377148449420928955078125">
        <ele>288.20001220703125</ele>
        <time>2026-05-30T02:28:08.000Z</time>
        <extensions>
          <ns3:TrackPointExtension>
            <ns3:hr>154</ns3:hr>
            <ns3:cad>53</ns3:cad>
          </ns3:TrackPointExtension>
        </extensions>
      </trkpt>
      <trkpt lat="30.938619486987590789794921875" lon="120.0311234034597873687744140625">
        <ele>288.399993896484375</ele>
        <time>2026-05-30T02:28:10.000Z</time>
        <extensions>
          <ns3:TrackPointExtension>
            <ns3:hr>155</ns3:hr>
            <ns3:cad>51</ns3:cad>
          </ns3:TrackPointExtension>
        </extensions>
      </trkpt>
      <trkpt lat="30.938565172255039215087890625" lon="120.0310603715479373931884765625">
        <ele>288</ele>
        <time>2026-05-30T02:28:17.000Z</time>
        <extensions>
          <ns3:TrackPointExtension>
            <ns3:hr>155</ns3:hr>
            <ns3:cad>56</ns3:cad>
          </ns3:TrackPointExtension>
        </extensions>
      </trkpt>
      <trkpt lat="30.93852435238659381866455078125" lon="120.03101318143308162689208984375">
        <ele>287.79998779296875</ele>
        <time>2026-05-30T02:28:22.000Z</time>
        <extensions>
          <ns3:TrackPointExtension>
            <ns3:hr>151</ns3:hr>
            <ns3:cad>59</ns3:cad>
          </ns3:TrackPointExtension>
        </extensions>
      </trkpt>
      <trkpt lat="30.93850641511380672454833984375" lon="120.03098937682807445526123046875">
        <ele>287.600006103515625</ele>
        <time>2026-05-30T02:28:24.000Z</time>
        <extensions>
          <ns3:TrackPointExtension>
            <ns3:hr>148</ns3:hr>
            <ns3:cad>59</ns3:cad>
          </ns3:TrackPointExtension>
        </extensions>
      </trkpt>
      <trkpt lat="30.93849836848676204681396484375" lon="120.03098133020102977752685546875">
        <ele>287.600006103515625</ele>
        <time>2026-05-30T02:28:25.000Z</time>
        <extensions>
          <ns3:TrackPointExtension>
            <ns3:hr>146</ns3:hr>
            <ns3:cad>59</ns3:cad>
          </ns3:TrackPointExtension>
        </extensions>
      </trkpt>
      <trkpt lat="30.9384728036820888519287109375" lon="120.03095936961472034454345703125">
        <ele>287.79998779296875</ele>
        <time>2026-05-30T02:28:28.000Z</time>
        <extensions>
          <ns3:TrackPointExtension>
            <ns3:hr>142</ns3:hr>
            <ns3:cad>59</ns3:cad>
          </ns3:TrackPointExtension>
        </extensions>
      </trkpt>
      <trkpt lat="30.93845394439995288848876953125" lon="120.0309443660080432891845703125">
        <ele>288</ele>
        <time>2026-05-30T02:28:31.000Z</time>
        <extensions>
          <ns3:TrackPointExtension>
            <ns3:hr>139</ns3:hr>
            <ns3:cad>53</ns3:cad>
          </ns3:TrackPointExtension>
        </extensions>
      </trkpt>
      <trkpt lat="30.9384510107338428497314453125" lon="120.03090463578701019287109375">
        <ele>288.399993896484375</ele>
        <time>2026-05-30T02:28:37.000Z</time>
        <extensions>
          <ns3:TrackPointExtension>
            <ns3:hr>139</ns3:hr>
            <ns3:cad>0</ns3:cad>
          </ns3:TrackPointExtension>
        </extensions>
      </trkpt>
      <trkpt lat="30.93844857998192310333251953125" lon="120.0309001095592975616455078125">
        <ele>288.600006103515625</ele>
        <time>2026-05-30T02:28:38.000Z</time>
        <extensions>
          <ns3:TrackPointExtension>
            <ns3:hr>139</ns3:hr>
            <ns3:cad>0</ns3:cad>
          </ns3:TrackPointExtension>
        </extensions>
      </trkpt>
      <trkpt lat="30.93841790221631526947021484375" lon="120.03087622113525867462158203125">
        <ele>289.20001220703125</ele>
        <time>2026-05-30T02:28:41.000Z</time>
        <extensions>
          <ns3:TrackPointExtension>
            <ns3:hr>136</ns3:hr>
            <ns3:cad>0</ns3:cad>
          </ns3:TrackPointExtension>
        </extensions>
      </trkpt>
      <trkpt lat="30.9384027309715747833251953125" lon="120.0308719463646411895751953125">
        <ele>289.600006103515625</ele>
        <time>2026-05-30T02:28:43.000Z</time>
        <extensions>
          <ns3:TrackPointExtension>
            <ns3:hr>136</ns3:hr>
            <ns3:cad>0</ns3:cad>
          </ns3:TrackPointExtension>
        </extensions>
      </trkpt>
      <trkpt lat="30.9383635036647319793701171875" lon="120.03085023723542690277099609375">
        <ele>290.79998779296875</ele>
        <time>2026-05-30T02:28:48.000Z</time>
        <extensions>
          <ns3:TrackPointExtension>
            <ns3:hr>138</ns3:hr>
            <ns3:cad>44</ns3:cad>
          </ns3:TrackPointExtension>
        </extensions>
      </trkpt>
      <trkpt lat="30.93834824860095977783203125" lon="120.0308343954384326934814453125">
        <ele>291.79998779296875</ele>
        <time>2026-05-30T02:28:51.000Z</time>
        <extensions>
          <ns3:TrackPointExtension>
            <ns3:hr>138</ns3:hr>
            <ns3:cad>41</ns3:cad>
          </ns3:TrackPointExtension>
        </extensions>
      </trkpt>
      <trkpt lat="30.938337855041027069091796875" lon="120.03082643263041973114013671875">
        <ele>292</ele>
        <time>2026-05-30T02:28:52.000Z</time>
        <extensions>
          <ns3:TrackPointExtension>
            <ns3:hr>138</ns3:hr>
            <ns3:cad>41</ns3:cad>
          </ns3:TrackPointExtension>
        </extensions>
      </trkpt>
      <trkpt lat="30.93828949145972728729248046875" lon="120.03080983646214008331298828125">
        <ele>292.600006103515625</ele>
        <time>2026-05-30T02:28:56.000Z</time>
        <extensions>
          <ns3:TrackPointExtension>
            <ns3:hr>139</ns3:hr>
            <ns3:cad>0</ns3:cad>
          </ns3:TrackPointExtension>
        </extensions>
      </trkpt>
      <trkpt lat="30.93827172182500362396240234375" lon="120.0307975150644779205322265625">
        <ele>293.20001220703125</ele>
        <time>2026-05-30T02:28:58.000Z</time>
        <extensions>
          <ns3:TrackPointExtension>
            <ns3:hr>140</ns3:hr>
            <ns3:cad>0</ns3:cad>
          </ns3:TrackPointExtension>
        </extensions>
      </trkpt>
      <trkpt lat="30.93824900686740875244140625" lon="120.03078259527683258056640625">
        <ele>294</ele>
        <time>2026-05-30T02:29:01.000Z</time>
        <extensions>
          <ns3:TrackPointExtension>
            <ns3:hr>140</ns3:hr>
            <ns3:cad>50</ns3:cad>
          </ns3:TrackPointExtension>
        </extensions>
      </trkpt>
      <trkpt lat="30.93824096024036407470703125" lon="120.0307779014110565185546875">
        <ele>294.399993896484375</ele>
        <time>2026-05-30T02:29:03.000Z</time>
        <extensions>
          <ns3:TrackPointExtension>
            <ns3:hr>141</ns3:hr>
            <ns3:cad>45</ns3:cad>
          </ns3:TrackPointExtension>
        </extensions>
      </trkpt>
      <trkpt lat="30.938221514225006103515625" lon="120.03075552172958850860595703125">
        <ele>295.399993896484375</ele>
        <time>2026-05-30T02:29:07.000Z</time>
        <extensions>
          <ns3:TrackPointExtension>
            <ns3:hr>141</ns3:hr>
            <ns3:cad>43</ns3:cad>
          </ns3:TrackPointExtension>
        </extensions>
      </trkpt>
      <trkpt lat="30.93820030800998210906982421875" lon="120.03073020838201045989990234375">
        <ele>296.600006103515625</ele>
        <time>2026-05-30T02:29:12.000Z</time>
        <extensions>
          <ns3:TrackPointExtension>
            <ns3:hr>141</ns3:hr>
            <ns3:cad>41</ns3:cad>
          </ns3:TrackPointExtension>
        </extensions>
      </trkpt>
      <trkpt lat="30.93819804489612579345703125" lon="120.0307204015552997589111328125">
        <ele>296.79998779296875</ele>
        <time>2026-05-30T02:29:13.000Z</time>
        <extensions>
          <ns3:TrackPointExtension>
            <ns3:hr>141</ns3:hr>
            <ns3:cad>0</ns3:cad>
          </ns3:TrackPointExtension>
        </extensions>
      </trkpt>
      <trkpt lat="30.93818203546106815338134765625" lon="120.0307009555399417877197265625">
        <ele>297.600006103515625</ele>
        <time>2026-05-30T02:29:18.000Z</time>
        <extensions>
          <ns3:TrackPointExtension>
            <ns3:hr>140</ns3:hr>
            <ns3:cad>0</ns3:cad>
          </ns3:TrackPointExtension>
        </extensions>
      </trkpt>
      <trkpt lat="30.93818019144237041473388671875" lon="120.03069651313126087188720703125">
        <ele>297.79998779296875</ele>
        <time>2026-05-30T02:29:19.000Z</time>
        <extensions>
          <ns3:TrackPointExtension>
            <ns3:hr>140</ns3:hr>
            <ns3:cad>43</ns3:cad>
          </ns3:TrackPointExtension>
        </extensions>
      </trkpt>
      <trkpt lat="30.9381772577762603759765625" lon="120.0306701101362705230712890625">
        <ele>298.79998779296875</ele>
        <time>2026-05-30T02:29:23.000Z</time>
        <extensions>
          <ns3:TrackPointExtension>
            <ns3:hr>138</ns3:hr>
            <ns3:cad>40</ns3:cad>
          </ns3:TrackPointExtension>
        </extensions>
      </trkpt>
      <trkpt lat="30.938172899186611175537109375" lon="120.03065728582441806793212890625">
        <ele>299.399993896484375</ele>
        <time>2026-05-30T02:29:25.000Z</time>
        <extensions>
          <ns3:TrackPointExtension>
            <ns3:hr>138</ns3:hr>
            <ns3:cad>43</ns3:cad>
          </ns3:TrackPointExtension>
        </extensions>
      </trkpt>
      <trkpt lat="30.93816711567342281341552734375" lon="120.03064940683543682098388671875">
        <ele>299.79998779296875</ele>
        <time>2026-05-30T02:29:28.000Z</time>
        <extensions>
          <ns3:TrackPointExtension>
            <ns3:hr>137</ns3:hr>
            <ns3:cad>0</ns3:cad>
          </ns3:TrackPointExtension>
        </extensions>
      </trkpt>
      <trkpt lat="30.93815705738961696624755859375" lon="120.030634738504886627197265625">
        <ele>300.20001220703125</ele>
        <time>2026-05-30T02:29:32.000Z</time>
        <extensions>
          <ns3:TrackPointExtension>
            <ns3:hr>137</ns3:hr>
            <ns3:cad>0</ns3:cad>
          </ns3:TrackPointExtension>
        </extensions>
      </trkpt>
      <trkpt lat="30.938153453171253204345703125" lon="120.03062292002141475677490234375">
        <ele>301</ele>
        <time>2026-05-30T02:29:35.000Z</time>
        <extensions>
          <ns3:TrackPointExtension>
            <ns3:hr>137</ns3:hr>
            <ns3:cad>73</ns3:cad>
          </ns3:TrackPointExtension>
        </extensions>
      </trkpt>
      <trkpt lat="30.93813593499362468719482421875" lon="120.03060615621507167816162109375">
        <ele>302</ele>
        <time>2026-05-30T02:29:39.000Z</time>
        <extensions>
          <ns3:TrackPointExtension>
            <ns3:hr>138</ns3:hr>
            <ns3:cad>73</ns3:cad>
          </ns3:TrackPointExtension>
        </extensions>
      </trkpt>
      <trkpt lat="30.93811833299696445465087890625" lon="120.03058067522943019866943359375">
        <ele>303</ele>
        <time>2026-05-30T02:29:43.000Z</time>
        <extensions>
          <ns3:TrackPointExtension>
            <ns3:hr>139</ns3:hr>
            <ns3:cad>44</ns3:cad>
          </ns3:TrackPointExtension>
        </extensions>
      </trkpt>
      <trkpt lat="30.93811011873185634613037109375" lon="120.03055854700505733489990234375">
        <ele>303.79998779296875</ele>
        <time>2026-05-30T02:29:46.000Z</time>
        <extensions>
          <ns3:TrackPointExtension>
            <ns3:hr>139</ns3:hr>
            <ns3:cad>75</ns3:cad>
          </ns3:TrackPointExtension>
        </extensions>
      </trkpt>
      <trkpt lat="30.938109867274761199951171875" lon="120.0305530987679958343505859375">
        <ele>304.20001220703125</ele>
        <time>2026-05-30T02:29:47.000Z</time>
        <extensions>
          <ns3:TrackPointExtension>
            <ns3:hr>139</ns3:hr>
            <ns3:cad>42</ns3:cad>
          </ns3:TrackPointExtension>
        </extensions>
      </trkpt>
      <trkpt lat="30.93810458667576313018798828125" lon="120.0305118598043918609619140625">
        <ele>305.399993896484375</ele>
        <time>2026-05-30T02:29:52.000Z</time>
        <extensions>
          <ns3:TrackPointExtension>
            <ns3:hr>140</ns3:hr>
            <ns3:cad>42</ns3:cad>
          </ns3:TrackPointExtension>
        </extensions>
      </trkpt>
      <trkpt lat="30.9381046704947948455810546875" lon="120.03050976432859897613525390625">
        <ele>305.600006103515625</ele>
        <time>2026-05-30T02:29:53.000Z</time>
        <extensions>
          <ns3:TrackPointExtension>
            <ns3:hr>140</ns3:hr>
            <ns3:cad>42</ns3:cad>
          </ns3:TrackPointExtension>
        </extensions>
      </trkpt>
      <trkpt lat="30.93810106627643108367919921875" lon="120.03049920313060283660888671875">
        <ele>306.600006103515625</ele>
        <time>2026-05-30T02:29:57.000Z</time>
        <extensions>
          <ns3:TrackPointExtension>
            <ns3:hr>140</ns3:hr>
            <ns3:cad>77</ns3:cad>
          </ns3:TrackPointExtension>
        </extensions>
      </trkpt>
      <trkpt lat="30.938100479543209075927734375" lon="120.030478499829769134521484375">
        <ele>307.600006103515625</ele>
        <time>2026-05-30T02:30:01.000Z</time>
        <extensions>
          <ns3:TrackPointExtension>
            <ns3:hr>140</ns3:hr>
            <ns3:cad>41</ns3:cad>
          </ns3:TrackPointExtension>
        </extensions>
      </trkpt>
      <trkpt lat="30.9380979649722576141357421875" lon="120.030467100441455841064453125">
        <ele>307.79998779296875</ele>
        <time>2026-05-30T02:30:02.000Z</time>
        <extensions>
          <ns3:TrackPointExtension>
            <ns3:hr>140</ns3:hr>
            <ns3:cad>41</ns3:cad>
          </ns3:TrackPointExtension>
        </extensions>
      </trkpt>
      <trkpt lat="30.938078351318836212158203125" lon="120.03042795695364475250244140625">
        <ele>309</ele>
        <time>2026-05-30T02:30:07.000Z</time>
        <extensions>
          <ns3:TrackPointExtension>
            <ns3:hr>143</ns3:hr>
            <ns3:cad>41</ns3:cad>
          </ns3:TrackPointExtension>
        </extensions>
      </trkpt>
      <trkpt lat="30.9380560554563999176025390625" lon="120.03040448762476444244384765625">
        <ele>310</ele>
        <time>2026-05-30T02:30:12.000Z</time>
        <extensions>
          <ns3:TrackPointExtension>
            <ns3:hr>142</ns3:hr>
            <ns3:cad>41</ns3:cad>
          </ns3:TrackPointExtension>
        </extensions>
      </trkpt>
      <trkpt lat="30.9380530379712581634521484375" lon="120.0304005481302738189697265625">
        <ele>310.20001220703125</ele>
        <time>2026-05-30T02:30:13.000Z</time>
        <extensions>
          <ns3:TrackPointExtension>
            <ns3:hr>142</ns3:hr>
            <ns3:cad>41</ns3:cad>
          </ns3:TrackPointExtension>
        </extensions>
      </trkpt>
      <trkpt lat="30.93802965246140956878662109375" lon="120.0303697027266025543212890625">
        <ele>311</ele>
        <time>2026-05-30T02:30:17.000Z</time>
        <extensions>
          <ns3:TrackPointExtension>
            <ns3:hr>143</ns3:hr>
            <ns3:cad>41</ns3:cad>
          </ns3:TrackPointExtension>
        </extensions>
      </trkpt>
      <trkpt lat="30.938009954988956451416015625" lon="120.030322261154651641845703125">
        <ele>312.20001220703125</ele>
        <time>2026-05-30T02:30:20.000Z</time>
        <extensions>
          <ns3:TrackPointExtension>
            <ns3:hr>144</ns3:hr>
            <ns3:cad>41</ns3:cad>
          </ns3:TrackPointExtension>
        </extensions>
      </trkpt>
      <trkpt lat="30.937996543943881988525390625" lon="120.0302919186651706695556640625">
        <ele>313.399993896484375</ele>
        <time>2026-05-30T02:30:23.000Z</time>
        <extensions>
          <ns3:TrackPointExtension>
            <ns3:hr>144</ns3:hr>
            <ns3:cad>0</ns3:cad>
          </ns3:TrackPointExtension>
        </extensions>
      </trkpt>
      <trkpt lat="30.9379833005368709564208984375" lon="120.030266940593719482421875">
        <ele>314.20001220703125</ele>
        <time>2026-05-30T02:30:26.000Z</time>
        <extensions>
          <ns3:TrackPointExtension>
            <ns3:hr>144</ns3:hr>
            <ns3:cad>0</ns3:cad>
          </ns3:TrackPointExtension>
        </extensions>
      </trkpt>
      <trkpt lat="30.937972404062747955322265625" lon="120.0302557088434696197509765625">
        <ele>314.600006103515625</ele>
        <time>2026-05-30T02:30:28.000Z</time>
        <extensions>
          <ns3:TrackPointExtension>
            <ns3:hr>144</ns3:hr>
            <ns3:cad>0</ns3:cad>
          </ns3:TrackPointExtension>
        </extensions>
      </trkpt>
      <trkpt lat="30.93795597553253173828125" lon="120.030239112675189971923828125">
        <ele>315.600006103515625</ele>
        <time>2026-05-30T02:30:33.000Z</time>
        <extensions>
          <ns3:TrackPointExtension>
            <ns3:hr>144</ns3:hr>
            <ns3:cad>40</ns3:cad>
          </ns3:TrackPointExtension>
        </extensions>
      </trkpt>
      <trkpt lat="30.93794549815356731414794921875" lon="120.0302211754024028778076171875">
        <ele>316.79998779296875</ele>
        <time>2026-05-30T02:30:37.000Z</time>
        <extensions>
          <ns3:TrackPointExtension>
            <ns3:hr>143</ns3:hr>
            <ns3:cad>78</ns3:cad>
          </ns3:TrackPointExtension>
        </extensions>
      </trkpt>
      <trkpt lat="30.9379385411739349365234375" lon="120.03021128475666046142578125">
        <ele>317.20001220703125</ele>
        <time>2026-05-30T02:30:39.000Z</time>
        <extensions>
          <ns3:TrackPointExtension>
            <ns3:hr>143</ns3:hr>
            <ns3:cad>78</ns3:cad>
          </ns3:TrackPointExtension>
        </extensions>
      </trkpt>
      <trkpt lat="30.93792387284338474273681640625" lon="120.0301878154277801513671875">
        <ele>317.79998779296875</ele>
        <time>2026-05-30T02:30:42.000Z</time>
        <extensions>
          <ns3:TrackPointExtension>
            <ns3:hr>142</ns3:hr>
            <ns3:cad>47</ns3:cad>
          </ns3:TrackPointExtension>
        </extensions>
      </trkpt>
      <trkpt lat="30.93789068050682544708251953125" lon="120.03014163114130496978759765625">
        <ele>318.79998779296875</ele>
        <time>2026-05-30T02:30:47.000Z</time>
        <extensions>
          <ns3:TrackPointExtension>
            <ns3:hr>143</ns3:hr>
            <ns3:cad>48</ns3:cad>
          </ns3:TrackPointExtension>
        </extensions>
      </trkpt>
      <trkpt lat="30.937885902822017669677734375" lon="120.030137859284877777099609375">
        <ele>318.79998779296875</ele>
        <time>2026-05-30T02:30:48.000Z</time>
        <extensions>
          <ns3:TrackPointExtension>
            <ns3:hr>143</ns3:hr>
            <ns3:cad>48</ns3:cad>
          </ns3:TrackPointExtension>
        </extensions>
      </trkpt>
      <trkpt lat="30.93786486424505710601806640625" lon="120.03009636886417865753173828125">
        <ele>320</ele>
        <time>2026-05-30T02:30:53.000Z</time>
        <extensions>
          <ns3:TrackPointExtension>
            <ns3:hr>143</ns3:hr>
            <ns3:cad>72</ns3:cad>
          </ns3:TrackPointExtension>
        </extensions>
      </trkpt>
      <trkpt lat="30.93782530166208744049072265625" lon="120.03007994033396244049072265625">
        <ele>321</ele>
        <time>2026-05-30T02:30:59.000Z</time>
        <extensions>
          <ns3:TrackPointExtension>
            <ns3:hr>145</ns3:hr>
            <ns3:cad>0</ns3:cad>
          </ns3:TrackPointExtension>
        </extensions>
      </trkpt>
      <trkpt lat="30.93780602328479290008544921875" lon="120.030050687491893768310546875">
        <ele>322.20001220703125</ele>
        <time>2026-05-30T02:31:05.000Z</time>
        <extensions>
          <ns3:TrackPointExtension>
            <ns3:hr>148</ns3:hr>
            <ns3:cad>0</ns3:cad>
          </ns3:TrackPointExtension>
        </extensions>
      </trkpt>
      <trkpt lat="30.93780468218028545379638671875" lon="120.0300495140254497528076171875">
        <ele>322.399993896484375</ele>
        <time>2026-05-30T02:31:06.000Z</time>
        <extensions>
          <ns3:TrackPointExtension>
            <ns3:hr>148</ns3:hr>
            <ns3:cad>0</ns3:cad>
          </ns3:TrackPointExtension>
        </extensions>
      </trkpt>
      <trkpt lat="30.9377992339432239532470703125" lon="120.030021853744983673095703125">
        <ele>323.399993896484375</ele>
        <time>2026-05-30T02:31:11.000Z</time>
        <extensions>
          <ns3:TrackPointExtension>
            <ns3:hr>148</ns3:hr>
            <ns3:cad>0</ns3:cad>
          </ns3:TrackPointExtension>
        </extensions>
      </trkpt>
      <trkpt lat="30.9377945400774478912353515625" lon="120.03000668250024318695068359375">
        <ele>324</ele>
        <time>2026-05-30T02:31:14.000Z</time>
        <extensions>
          <ns3:TrackPointExtension>
            <ns3:hr>147</ns3:hr>
            <ns3:cad>75</ns3:cad>
          </ns3:TrackPointExtension>
        </extensions>
      </trkpt>
      <trkpt lat="30.9377898462116718292236328125" lon="120.02999804913997650146484375">
        <ele>324.600006103515625</ele>
        <time>2026-05-30T02:31:16.000Z</time>
        <extensions>
          <ns3:TrackPointExtension>
            <ns3:hr>146</ns3:hr>
            <ns3:cad>0</ns3:cad>
          </ns3:TrackPointExtension>
        </extensions>
      </trkpt>
      <trkpt lat="30.93776092864573001861572265625" lon="120.02998036332428455352783203125">
        <ele>325.600006103515625</ele>
        <time>2026-05-30T02:31:21.000Z</time>
        <extensions>
          <ns3:TrackPointExtension>
            <ns3:hr>147</ns3:hr>
            <ns3:cad>79</ns3:cad>
          </ns3:TrackPointExtension>
        </extensions>
      </trkpt>
      <trkpt lat="30.9377217851579189300537109375" lon="120.02995940856635570526123046875">
        <ele>326.79998779296875</ele>
        <time>2026-05-30T02:31:27.000Z</time>
        <extensions>
          <ns3:TrackPointExtension>
            <ns3:hr>145</ns3:hr>
            <ns3:cad>0</ns3:cad>
          </ns3:TrackPointExtension>
        </extensions>
      </trkpt>
      <trkpt lat="30.93770175240933895111083984375" lon="120.02995572052896022796630859375">
        <ele>327.399993896484375</ele>
        <time>2026-05-30T02:31:30.000Z</time>
        <extensions>
          <ns3:TrackPointExtension>
            <ns3:hr>144</ns3:hr>
            <ns3:cad>71</ns3:cad>
          </ns3:TrackPointExtension>
        </extensions>
      </trkpt>
      <trkpt lat="30.93767744489014148712158203125" lon="120.029955804347991943359375">
        <ele>328</ele>
        <time>2026-05-30T02:31:33.000Z</time>
        <extensions>
          <ns3:TrackPointExtension>
            <ns3:hr>144</ns3:hr>
            <ns3:cad>71</ns3:cad>
          </ns3:TrackPointExtension>
        </extensions>
      </trkpt>
      <trkpt lat="30.93764073215425014495849609375" lon="120.02995605580508708953857421875">
        <ele>329.20001220703125</ele>
        <time>2026-05-30T02:31:38.000Z</time>
        <extensions>
          <ns3:TrackPointExtension>
            <ns3:hr>142</ns3:hr>
            <ns3:cad>71</ns3:cad>
          </ns3:TrackPointExtension>
        </extensions>
      </trkpt>
      <trkpt lat="30.9375987388193607330322265625" lon="120.029950104653835296630859375">
        <ele>330.20001220703125</ele>
        <time>2026-05-30T02:31:44.000Z</time>
        <extensions>
          <ns3:TrackPointExtension>
            <ns3:hr>142</ns3:hr>
            <ns3:cad>76</ns3:cad>
          </ns3:TrackPointExtension>
        </extensions>
      </trkpt>
      <trkpt lat="30.9375952184200286865234375" lon="120.0299489311873912811279296875">
        <ele>330.399993896484375</ele>
        <time>2026-05-30T02:31:45.000Z</time>
        <extensions>
          <ns3:TrackPointExtension>
            <ns3:hr>143</ns3:hr>
            <ns3:cad>75</ns3:cad>
          </ns3:TrackPointExtension>
        </extensions>
      </trkpt>
      <trkpt lat="30.93756110407412052154541015625" lon="120.0299308262765407562255859375">
        <ele>331.399993896484375</ele>
        <time>2026-05-30T02:31:49.000Z</time>
        <extensions>
          <ns3:TrackPointExtension>
            <ns3:hr>144</ns3:hr>
            <ns3:cad>71</ns3:cad>
          </ns3:TrackPointExtension>
        </extensions>
      </trkpt>
      <trkpt lat="30.9375249780714511871337890625" lon="120.02991758286952972412109375">
        <ele>332.20001220703125</ele>
        <time>2026-05-30T02:31:53.000Z</time>
        <extensions>
          <ns3:TrackPointExtension>
            <ns3:hr>145</ns3:hr>
            <ns3:cad>0</ns3:cad>
          </ns3:TrackPointExtension>
        </extensions>
      </trkpt>
      <trkpt lat="30.93751944601535797119140625" lon="120.02991381101310253143310546875">
        <ele>332.399993896484375</ele>
        <time>2026-05-30T02:31:54.000Z</time>
        <extensions>
          <ns3:TrackPointExtension>
            <ns3:hr>145</ns3:hr>
            <ns3:cad>0</ns3:cad>
          </ns3:TrackPointExtension>
        </extensions>
      </trkpt>
      <trkpt lat="30.9374932944774627685546875" lon="120.02989880740642547607421875">
        <ele>333.399993896484375</ele>
        <time>2026-05-30T02:31:59.000Z</time>
        <extensions>
          <ns3:TrackPointExtension>
            <ns3:hr>144</ns3:hr>
            <ns3:cad>77</ns3:cad>
          </ns3:TrackPointExtension>
        </extensions>
      </trkpt>
      <trkpt lat="30.93748231418430805206298828125" lon="120.0298941135406494140625">
        <ele>334</ele>
        <time>2026-05-30T02:32:01.000Z</time>
        <extensions>
          <ns3:TrackPointExtension>
            <ns3:hr>144</ns3:hr>
            <ns3:cad>76</ns3:cad>
          </ns3:TrackPointExtension>
        </extensions>
      </trkpt>
      <trkpt lat="30.93747057951986789703369140625" lon="120.0298885814845561981201171875">
        <ele>334.399993896484375</ele>
        <time>2026-05-30T02:32:04.000Z</time>
        <extensions>
          <ns3:TrackPointExtension>
            <ns3:hr>145</ns3:hr>
            <ns3:cad>71</ns3:cad>
          </ns3:TrackPointExtension>
        </extensions>
      </trkpt>
      <trkpt lat="30.93744576908648014068603515625" lon="120.029881037771701812744140625">
        <ele>335.399993896484375</ele>
        <time>2026-05-30T02:32:09.000Z</time>
        <extensions>
          <ns3:TrackPointExtension>
            <ns3:hr>146</ns3:hr>
            <ns3:cad>0</ns3:cad>
          </ns3:TrackPointExtension>
        </extensions>
      </trkpt>
      <trkpt lat="30.93744375742971897125244140625" lon="120.02987827174365520477294921875">
        <ele>335.600006103515625</ele>
        <time>2026-05-30T02:32:10.000Z</time>
        <extensions>
          <ns3:TrackPointExtension>
            <ns3:hr>146</ns3:hr>
            <ns3:cad>0</ns3:cad>
          </ns3:TrackPointExtension>
        </extensions>
      </trkpt>
      <trkpt lat="30.93740947544574737548828125" lon="120.0298584066331386566162109375">
        <ele>336.600006103515625</ele>
        <time>2026-05-30T02:32:15.000Z</time>
        <extensions>
          <ns3:TrackPointExtension>
            <ns3:hr>144</ns3:hr>
            <ns3:cad>79</ns3:cad>
          </ns3:TrackPointExtension>
        </extensions>
      </trkpt>
      <trkpt lat="30.937381647527217864990234375" lon="120.0298552215099334716796875">
        <ele>338</ele>
        <time>2026-05-30T02:32:20.000Z</time>
        <extensions>
          <ns3:TrackPointExtension>
            <ns3:hr>141</ns3:hr>
            <ns3:cad>0</ns3:cad>
          </ns3:TrackPointExtension>
        </extensions>
      </trkpt>
      <trkpt lat="30.93736999668180942535400390625" lon="120.0298587419092655181884765625">
        <ele>338.20001220703125</ele>
        <time>2026-05-30T02:32:21.000Z</time>
        <extensions>
          <ns3:TrackPointExtension>
            <ns3:hr>141</ns3:hr>
            <ns3:cad>0</ns3:cad>
          </ns3:TrackPointExtension>
        </extensions>
      </trkpt>
      <trkpt lat="30.9373348765075206756591796875" lon="120.02987626008689403533935546875">
        <ele>339.20001220703125</ele>
        <time>2026-05-30T02:32:25.000Z</time>
        <extensions>
          <ns3:TrackPointExtension>
            <ns3:hr>141</ns3:hr>
            <ns3:cad>0</ns3:cad>
          </ns3:TrackPointExtension>
        </extensions>
      </trkpt>
      <trkpt lat="30.93732498586177825927734375" lon="120.02987927757203578948974609375">
        <ele>339.399993896484375</ele>
        <time>2026-05-30T02:32:26.000Z</time>
        <extensions>
          <ns3:TrackPointExtension>
            <ns3:hr>141</ns3:hr>
            <ns3:cad>0</ns3:cad>
          </ns3:TrackPointExtension>
        </extensions>
      </trkpt>
      <trkpt lat="30.93728500418365001678466796875" lon="120.02987626008689403533935546875">
        <ele>340.20001220703125</ele>
        <time>2026-05-30T02:32:31.000Z</time>
        <extensions>
          <ns3:TrackPointExtension>
            <ns3:hr>142</ns3:hr>
            <ns3:cad>0</ns3:cad>
          </ns3:TrackPointExtension>
        </extensions>
      </trkpt>
      <trkpt lat="30.93727880157530307769775390625" lon="120.02987441606819629669189453125">
        <ele>340.399993896484375</ele>
        <time>2026-05-30T02:32:32.000Z</time>
        <extensions>
          <ns3:TrackPointExtension>
            <ns3:hr>142</ns3:hr>
            <ns3:cad>0</ns3:cad>
          </ns3:TrackPointExtension>
        </extensions>
      </trkpt>
      <trkpt lat="30.93724963255226612091064453125" lon="120.02986796200275421142578125">
        <ele>341.20001220703125</ele>
        <time>2026-05-30T02:32:36.000Z</time>
        <extensions>
          <ns3:TrackPointExtension>
            <ns3:hr>144</ns3:hr>
            <ns3:cad>77</ns3:cad>
          </ns3:TrackPointExtension>
        </extensions>
      </trkpt>
      <trkpt lat="30.9372319467365741729736328125" lon="120.02986335195600986480712890625">
        <ele>341.600006103515625</ele>
        <time>2026-05-30T02:32:38.000Z</time>
        <extensions>
          <ns3:TrackPointExtension>
            <ns3:hr>143</ns3:hr>
            <ns3:cad>77</ns3:cad>
          </ns3:TrackPointExtension>
        </extensions>
      </trkpt>
      <trkpt lat="30.93720084987580776214599609375" lon="120.02985731698572635650634765625">
        <ele>342.399993896484375</ele>
        <time>2026-05-30T02:32:41.000Z</time>
        <extensions>
          <ns3:TrackPointExtension>
            <ns3:hr>146</ns3:hr>
            <ns3:cad>0</ns3:cad>
          </ns3:TrackPointExtension>
        </extensions>
      </trkpt>
      <trkpt lat="30.93717344105243682861328125" lon="120.029852204024791717529296875">
        <ele>343</ele>
        <time>2026-05-30T02:32:46.000Z</time>
        <extensions>
          <ns3:TrackPointExtension>
            <ns3:hr>145</ns3:hr>
            <ns3:cad>41</ns3:cad>
          </ns3:TrackPointExtension>
        </extensions>
      </trkpt>
      <trkpt lat="30.9371464513242244720458984375" lon="120.029854215681552886962890625">
        <ele>343.399993896484375</ele>
        <time>2026-05-30T02:32:49.000Z</time>
        <extensions>
          <ns3:TrackPointExtension>
            <ns3:hr>144</ns3:hr>
            <ns3:cad>0</ns3:cad>
          </ns3:TrackPointExtension>
        </extensions>
      </trkpt>
      <trkpt lat="30.93712172470986843109130859375" lon="120.029850192368030548095703125">
        <ele>344</ele>
        <time>2026-05-30T02:32:52.000Z</time>
        <extensions>
          <ns3:TrackPointExtension>
            <ns3:hr>144</ns3:hr>
            <ns3:cad>0</ns3:cad>
          </ns3:TrackPointExtension>
        </extensions>
      </trkpt>
      <trkpt lat="30.93709356151521205902099609375" lon="120.02984424121677875518798828125">
        <ele>344.600006103515625</ele>
        <time>2026-05-30T02:32:55.000Z</time>
        <extensions>
          <ns3:TrackPointExtension>
            <ns3:hr>143</ns3:hr>
            <ns3:cad>40</ns3:cad>
          </ns3:TrackPointExtension>
        </extensions>
      </trkpt>
      <trkpt lat="30.93707956373691558837890625" lon="120.0298364460468292236328125">
        <ele>345.20001220703125</ele>
        <time>2026-05-30T02:32:57.000Z</time>
        <extensions>
          <ns3:TrackPointExtension>
            <ns3:hr>143</ns3:hr>
            <ns3:cad>40</ns3:cad>
          </ns3:TrackPointExtension>
        </extensions>
      </trkpt>
      <trkpt lat="30.9370495565235614776611328125" lon="120.02983015961945056915283203125">
        <ele>345.79998779296875</ele>
        <time>2026-05-30T02:33:01.000Z</time>
        <extensions>
          <ns3:TrackPointExtension>
            <ns3:hr>142</ns3:hr>
            <ns3:cad>74</ns3:cad>
          </ns3:TrackPointExtension>
        </extensions>
      </trkpt>
      <trkpt lat="30.9370227344334125518798828125" lon="120.0298406369984149932861328125">
        <ele>346.79998779296875</ele>
        <time>2026-05-30T02:33:05.000Z</time>
        <extensions>
          <ns3:TrackPointExtension>
            <ns3:hr>141</ns3:hr>
            <ns3:cad>46</ns3:cad>
          </ns3:TrackPointExtension>
        </extensions>
      </trkpt>
      <trkpt lat="30.93701577745378017425537109375" lon="120.029842816293239593505859375">
        <ele>347</ele>
        <time>2026-05-30T02:33:06.000Z</time>
        <extensions>
          <ns3:TrackPointExtension>
            <ns3:hr>141</ns3:hr>
            <ns3:cad>46</ns3:cad>
          </ns3:TrackPointExtension>
        </extensions>
      </trkpt>
      <trkpt lat="30.9369902126491069793701171875" lon="120.0298517011106014251708984375">
        <ele>348.20001220703125</ele>
        <time>2026-05-30T02:33:10.000Z</time>
        <extensions>
          <ns3:TrackPointExtension>
            <ns3:hr>142</ns3:hr>
            <ns3:cad>0</ns3:cad>
          </ns3:TrackPointExtension>
        </extensions>
      </trkpt>
      <trkpt lat="30.93697152100503444671630859375" lon="120.02985413186252117156982421875">
        <ele>348.600006103515625</ele>
        <time>2026-05-30T02:33:13.000Z</time>
        <extensions>
          <ns3:TrackPointExtension>
            <ns3:hr>142</ns3:hr>
            <ns3:cad>0</ns3:cad>
          </ns3:TrackPointExtension>
        </extensions>
      </trkpt>
      <trkpt lat="30.9369375742971897125244140625" lon="120.029860250651836395263671875">
        <ele>349.20001220703125</ele>
        <time>2026-05-30T02:33:17.000Z</time>
        <extensions>
          <ns3:TrackPointExtension>
            <ns3:hr>142</ns3:hr>
            <ns3:cad>43</ns3:cad>
          </ns3:TrackPointExtension>
        </extensions>
      </trkpt>
      <trkpt lat="30.93692223541438579559326171875" lon="120.02986066974699497222900390625">
        <ele>349.600006103515625</ele>
        <time>2026-05-30T02:33:19.000Z</time>
        <extensions>
          <ns3:TrackPointExtension>
            <ns3:hr>143</ns3:hr>
            <ns3:cad>79</ns3:cad>
          </ns3:TrackPointExtension>
        </extensions>
      </trkpt>
      <trkpt lat="30.93689792789518833160400390625" lon="120.0298550538718700408935546875">
        <ele>350.399993896484375</ele>
        <time>2026-05-30T02:33:22.000Z</time>
        <extensions>
          <ns3:TrackPointExtension>
            <ns3:hr>143</ns3:hr>
            <ns3:cad>0</ns3:cad>
          </ns3:TrackPointExtension>
        </extensions>
      </trkpt>
      <trkpt lat="30.93688518740236759185791015625" lon="120.0298372842371463775634765625">
        <ele>351</ele>
        <time>2026-05-30T02:33:25.000Z</time>
        <extensions>
          <ns3:TrackPointExtension>
            <ns3:hr>143</ns3:hr>
            <ns3:cad>18</ns3:cad>
          </ns3:TrackPointExtension>
        </extensions>
      </trkpt>
      <trkpt lat="30.93687932007014751434326171875" lon="120.02982496283948421478271484375">
        <ele>351.399993896484375</ele>
        <time>2026-05-30T02:33:27.000Z</time>
        <extensions>
          <ns3:TrackPointExtension>
            <ns3:hr>144</ns3:hr>
            <ns3:cad>18</ns3:cad>
          </ns3:TrackPointExtension>
        </extensions>
      </trkpt>
      <trkpt lat="30.93686364591121673583984375" lon="120.02979797311127185821533203125">
        <ele>352.399993896484375</ele>
        <time>2026-05-30T02:33:31.000Z</time>
        <extensions>
          <ns3:TrackPointExtension>
            <ns3:hr>144</ns3:hr>
            <ns3:cad>0</ns3:cad>
          </ns3:TrackPointExtension>
        </extensions>
      </trkpt>
      <trkpt lat="30.9368594549596309661865234375" lon="120.0297926925122737884521484375">
        <ele>352.79998779296875</ele>
        <time>2026-05-30T02:33:32.000Z</time>
        <extensions>
          <ns3:TrackPointExtension>
            <ns3:hr>144</ns3:hr>
            <ns3:cad>0</ns3:cad>
          </ns3:TrackPointExtension>
        </extensions>
      </trkpt>
      <trkpt lat="30.93684227205812931060791015625" lon="120.02978540025651454925537109375">
        <ele>353.399993896484375</ele>
        <time>2026-05-30T02:33:35.000Z</time>
        <extensions>
          <ns3:TrackPointExtension>
            <ns3:hr>143</ns3:hr>
            <ns3:cad>41</ns3:cad>
          </ns3:TrackPointExtension>
        </extensions>
      </trkpt>
      <trkpt lat="30.93682131730020046234130859375" lon="120.029789172112941741943359375">
        <ele>354</ele>
        <time>2026-05-30T02:33:39.000Z</time>
        <extensions>
          <ns3:TrackPointExtension>
            <ns3:hr>142</ns3:hr>
            <ns3:cad>45</ns3:cad>
          </ns3:TrackPointExtension>
        </extensions>
      </trkpt>
      <trkpt lat="30.936800949275493621826171875" lon="120.0297957099974155426025390625">
        <ele>354.600006103515625</ele>
        <time>2026-05-30T02:33:42.000Z</time>
        <extensions>
          <ns3:TrackPointExtension>
            <ns3:hr>143</ns3:hr>
            <ns3:cad>0</ns3:cad>
          </ns3:TrackPointExtension>
        </extensions>
      </trkpt>
      <trkpt lat="30.936770774424076080322265625" lon="120.029797889292240142822265625">
        <ele>355.20001220703125</ele>
        <time>2026-05-30T02:33:46.000Z</time>
        <extensions>
          <ns3:TrackPointExtension>
            <ns3:hr>142</ns3:hr>
            <ns3:cad>0</ns3:cad>
          </ns3:TrackPointExtension>
        </extensions>
      </trkpt>
      <trkpt lat="30.9367575310170650482177734375" lon="120.0297990627586841583251953125">
        <ele>355.600006103515625</ele>
        <time>2026-05-30T02:33:48.000Z</time>
        <extensions>
          <ns3:TrackPointExtension>
            <ns3:hr>142</ns3:hr>
            <ns3:cad>0</ns3:cad>
          </ns3:TrackPointExtension>
        </extensions>
      </trkpt>
      <trkpt lat="30.936705730855464935302734375" lon="120.02979260869324207305908203125">
        <ele>356.79998779296875</ele>
        <time>2026-05-30T02:33:54.000Z</time>
        <extensions>
          <ns3:TrackPointExtension>
            <ns3:hr>143</ns3:hr>
            <ns3:cad>45</ns3:cad>
          </ns3:TrackPointExtension>
        </extensions>
      </trkpt>
      <trkpt lat="30.93668804503977298736572265625" lon="120.029782466590404510498046875">
        <ele>357.79998779296875</ele>
        <time>2026-05-30T02:33:58.000Z</time>
        <extensions>
          <ns3:TrackPointExtension>
            <ns3:hr>142</ns3:hr>
            <ns3:cad>44</ns3:cad>
          </ns3:TrackPointExtension>
        </extensions>
      </trkpt>
      <trkpt lat="30.936679579317569732666015625" lon="120.02977517433464527130126953125">
        <ele>358</ele>
        <time>2026-05-30T02:33:59.000Z</time>
        <extensions>
          <ns3:TrackPointExtension>
            <ns3:hr>143</ns3:hr>
            <ns3:cad>41</ns3:cad>
          </ns3:TrackPointExtension>
        </extensions>
      </trkpt>
      <trkpt lat="30.9366629831492900848388671875" lon="120.0297548063099384307861328125">
        <ele>358.79998779296875</ele>
        <time>2026-05-30T02:34:04.000Z</time>
        <extensions>
          <ns3:TrackPointExtension>
            <ns3:hr>143</ns3:hr>
            <ns3:cad>41</ns3:cad>
          </ns3:TrackPointExtension>
        </extensions>
      </trkpt>
      <trkpt lat="30.93665619380772113800048828125" lon="120.02974994480609893798828125">
        <ele>359.20001220703125</ele>
        <time>2026-05-30T02:34:06.000Z</time>
        <extensions>
          <ns3:TrackPointExtension>
            <ns3:hr>143</ns3:hr>
            <ns3:cad>0</ns3:cad>
          </ns3:TrackPointExtension>
        </extensions>
      </trkpt>
      <trkpt lat="30.9366418607532978057861328125" lon="120.0297303311526775360107421875">
        <ele>359.79998779296875</ele>
        <time>2026-05-30T02:34:12.000Z</time>
        <extensions>
          <ns3:TrackPointExtension>
            <ns3:hr>142</ns3:hr>
            <ns3:cad>0</ns3:cad>
          </ns3:TrackPointExtension>
        </extensions>
      </trkpt>
      <trkpt lat="30.9366334788501262664794921875" lon="120.029720775783061981201171875">
        <ele>361</ele>
        <time>2026-05-30T02:34:18.000Z</time>
        <extensions>
          <ns3:TrackPointExtension>
            <ns3:hr>144</ns3:hr>
            <ns3:cad>0</ns3:cad>
          </ns3:TrackPointExtension>
        </extensions>
      </trkpt>
      <trkpt lat="30.93663188628852367401123046875" lon="120.02971817739307880401611328125">
        <ele>361.399993896484375</ele>
        <time>2026-05-30T02:34:20.000Z</time>
        <extensions>
          <ns3:TrackPointExtension>
            <ns3:hr>144</ns3:hr>
            <ns3:cad>0</ns3:cad>
          </ns3:TrackPointExtension>
        </extensions>
      </trkpt>
      <trkpt lat="30.93661881051957607269287109375" lon="120.0297102145850658416748046875">
        <ele>362</ele>
        <time>2026-05-30T02:34:27.000Z</time>
        <extensions>
          <ns3:TrackPointExtension>
            <ns3:hr>144</ns3:hr>
            <ns3:cad>77</ns3:cad>
          </ns3:TrackPointExtension>
        </extensions>
      </trkpt>
      <trkpt lat="30.9366143681108951568603515625" lon="120.02970024012029170989990234375">
        <ele>362.20001220703125</ele>
        <time>2026-05-30T02:34:32.000Z</time>
        <extensions>
          <ns3:TrackPointExtension>
            <ns3:hr>141</ns3:hr>
            <ns3:cad>0</ns3:cad>
          </ns3:TrackPointExtension>
        </extensions>
      </trkpt>
      <trkpt lat="30.9366140328347682952880859375" lon="120.02970409579575061798095703125">
        <ele>362.600006103515625</ele>
        <time>2026-05-30T02:34:36.000Z</time>
        <extensions>
          <ns3:TrackPointExtension>
            <ns3:hr>139</ns3:hr>
            <ns3:cad>0</ns3:cad>
          </ns3:TrackPointExtension>
        </extensions>
      </trkpt>
      <trkpt lat="30.93661763705313205718994140625" lon="120.02970543690025806427001953125">
        <ele>362.79998779296875</ele>
        <time>2026-05-30T02:34:38.000Z</time>
        <extensions>
          <ns3:TrackPointExtension>
            <ns3:hr>136</ns3:hr>
            <ns3:cad>0</ns3:cad>
          </ns3:TrackPointExtension>
        </extensions>
      </trkpt>
      <trkpt lat="30.9366167150437831878662109375" lon="120.0297058559954166412353515625">
        <ele>363</ele>
        <time>2026-05-30T02:34:39.000Z</time>
        <extensions>
          <ns3:TrackPointExtension>
            <ns3:hr>132</ns3:hr>
            <ns3:cad>0</ns3:cad>
          </ns3:TrackPointExtension>
        </extensions>
      </trkpt>
      <trkpt lat="30.93661579303443431854248046875" lon="120.02970543690025806427001953125">
        <ele>362.79998779296875</ele>
        <time>2026-05-30T02:34:41.000Z</time>
        <extensions>
          <ns3:TrackPointExtension>
            <ns3:hr>129</ns3:hr>
            <ns3:cad>0</ns3:cad>
          </ns3:TrackPointExtension>
        </extensions>
      </trkpt>
      <trkpt lat="30.93661545775830745697021484375" lon="120.02970912493765354156494140625">
        <ele>362.399993896484375</ele>
        <time>2026-05-30T02:34:45.000Z</time>
        <extensions>
          <ns3:TrackPointExtension>
            <ns3:hr>127</ns3:hr>
            <ns3:cad>0</ns3:cad>
          </ns3:TrackPointExtension>
        </extensions>
      </trkpt>
      <trkpt lat="30.93662492930889129638671875" lon="120.02970577217638492584228515625">
        <ele>362.600006103515625</ele>
        <time>2026-05-30T02:34:52.000Z</time>
        <extensions>
          <ns3:TrackPointExtension>
            <ns3:hr>124</ns3:hr>
            <ns3:cad>0</ns3:cad>
          </ns3:TrackPointExtension>
        </extensions>
      </trkpt>
      <trkpt lat="30.936622917652130126953125" lon="120.0297035090625286102294921875">
        <ele>362.600006103515625</ele>
        <time>2026-05-30T02:34:54.000Z</time>
        <extensions>
          <ns3:TrackPointExtension>
            <ns3:hr>124</ns3:hr>
            <ns3:cad>0</ns3:cad>
          </ns3:TrackPointExtension>
        </extensions>
      </trkpt>
      <trkpt lat="30.93661797232925891876220703125" lon="120.02970434725284576416015625">
        <ele>362.600006103515625</ele>
        <time>2026-05-30T02:35:01.000Z</time>
        <extensions>
          <ns3:TrackPointExtension>
            <ns3:hr>124</ns3:hr>
            <ns3:cad>0</ns3:cad>
          </ns3:TrackPointExtension>
        </extensions>
      </trkpt>
      <trkpt lat="30.93660657294094562530517578125" lon="120.02971918322145938873291015625">
        <ele>362.79998779296875</ele>
        <time>2026-05-30T02:35:06.000Z</time>
        <extensions>
          <ns3:TrackPointExtension>
            <ns3:hr>121</ns3:hr>
            <ns3:cad>0</ns3:cad>
          </ns3:TrackPointExtension>
        </extensions>
      </trkpt>
      <trkpt lat="30.93660724349319934844970703125" lon="120.02972555346786975860595703125">
        <ele>363</ele>
        <time>2026-05-30T02:35:09.000Z</time>
        <extensions>
          <ns3:TrackPointExtension>
            <ns3:hr>120</ns3:hr>
            <ns3:cad>0</ns3:cad>
          </ns3:TrackPointExtension>
        </extensions>
      </trkpt>
      <trkpt lat="30.93662819825112819671630859375" lon="120.02972069196403026580810546875">
        <ele>362.399993896484375</ele>
        <time>2026-05-30T02:35:17.000Z</time>
        <extensions>
          <ns3:TrackPointExtension>
            <ns3:hr>121</ns3:hr>
            <ns3:cad>0</ns3:cad>
          </ns3:TrackPointExtension>
        </extensions>
      </trkpt>
      <trkpt lat="30.9366341494023799896240234375" lon="120.0297145731747150421142578125">
        <ele>362.399993896484375</ele>
        <time>2026-05-30T02:35:24.000Z</time>
        <extensions>
          <ns3:TrackPointExtension>
            <ns3:hr>118</ns3:hr>
            <ns3:cad>0</ns3:cad>
          </ns3:TrackPointExtension>
        </extensions>
      </trkpt>
      <trkpt lat="30.93663138337433338165283203125" lon="120.02971147187054157257080078125">
        <ele>362.399993896484375</ele>
        <time>2026-05-30T02:35:26.000Z</time>
        <extensions>
          <ns3:TrackPointExtension>
            <ns3:hr>115</ns3:hr>
            <ns3:cad>0</ns3:cad>
          </ns3:TrackPointExtension>
        </extensions>
      </trkpt>
      <trkpt lat="30.9366197325289249420166015625" lon="120.02970443107187747955322265625">
        <ele>362.600006103515625</ele>
        <time>2026-05-30T02:35:32.000Z</time>
        <extensions>
          <ns3:TrackPointExtension>
            <ns3:hr>112</ns3:hr>
            <ns3:cad>0</ns3:cad>
          </ns3:TrackPointExtension>
        </extensions>
      </trkpt>
      <trkpt lat="30.9366244263947010040283203125" lon="120.0297028385102748870849609375">
        <ele>362.600006103515625</ele>
        <time>2026-05-30T02:35:34.000Z</time>
        <extensions>
          <ns3:TrackPointExtension>
            <ns3:hr>108</ns3:hr>
            <ns3:cad>0</ns3:cad>
          </ns3:TrackPointExtension>
        </extensions>
      </trkpt>
      <trkpt lat="30.93662719242274761199951171875" lon="120.02969889901578426361083984375">
        <ele>362.600006103515625</ele>
        <time>2026-05-30T02:35:36.000Z</time>
        <extensions>
          <ns3:TrackPointExtension>
            <ns3:hr>107</ns3:hr>
            <ns3:cad>0</ns3:cad>
          </ns3:TrackPointExtension>
        </extensions>
      </trkpt>
      <trkpt lat="30.93662937171757221221923828125" lon="120.02970761619508266448974609375">
        <ele>362.600006103515625</ele>
        <time>2026-05-30T02:35:43.000Z</time>
        <extensions>
          <ns3:TrackPointExtension>
            <ns3:hr>107</ns3:hr>
            <ns3:cad>0</ns3:cad>
          </ns3:TrackPointExtension>
        </extensions>
      </trkpt>
      <trkpt lat="30.9366143681108951568603515625" lon="120.02969093620777130126953125">
        <ele>362.79998779296875</ele>
        <time>2026-05-30T02:38:15.000Z</time>
        <extensions>
          <ns3:TrackPointExtension>
            <ns3:hr>90</ns3:hr>
            <ns3:cad>0</ns3:cad>
          </ns3:TrackPointExtension>
        </extensions>
      </trkpt>
      <trkpt lat="30.936615876853466033935546875" lon="120.0296880863606929779052734375">
        <ele>362.79998779296875</ele>
        <time>2026-05-30T02:38:16.000Z</time>
        <extensions>
          <ns3:TrackPointExtension>
            <ns3:hr>90</ns3:hr>
            <ns3:cad>0</ns3:cad>
          </ns3:TrackPointExtension>
        </extensions>
      </trkpt>
      <trkpt lat="30.936619900166988372802734375" lon="120.0296890921890735626220703125">
        <ele>362.79998779296875</ele>
        <time>2026-05-30T02:38:23.000Z</time>
        <extensions>
          <ns3:TrackPointExtension>
            <ns3:hr>93</ns3:hr>
            <ns3:cad>0</ns3:cad>
          </ns3:TrackPointExtension>
        </extensions>
      </trkpt>
      <trkpt lat="30.93662233091890811920166015625" lon="120.02969093620777130126953125">
        <ele>362.79998779296875</ele>
        <time>2026-05-30T02:38:24.000Z</time>
        <extensions>
          <ns3:TrackPointExtension>
            <ns3:hr>93</ns3:hr>
            <ns3:cad>0</ns3:cad>
          </ns3:TrackPointExtension>
        </extensions>
      </trkpt>
      <trkpt lat="30.936595089733600616455078125" lon="120.029683895409107208251953125">
        <ele>363.600006103515625</ele>
        <time>2026-05-30T02:40:52.000Z</time>
        <extensions>
          <ns3:TrackPointExtension>
            <ns3:hr>89</ns3:hr>
            <ns3:cad>0</ns3:cad>
          </ns3:TrackPointExtension>
        </extensions>
      </trkpt>
      <trkpt lat="30.9365867078304290771484375" lon="120.02967140637338161468505859375">
        <ele>364.399993896484375</ele>
        <time>2026-05-30T02:40:56.000Z</time>
        <extensions>
          <ns3:TrackPointExtension>
            <ns3:hr>87</ns3:hr>
            <ns3:cad>0</ns3:cad>
          </ns3:TrackPointExtension>
        </extensions>
      </trkpt>
      <trkpt lat="30.936575643718242645263671875" lon="120.02966369502246379852294921875">
        <ele>364.79998779296875</ele>
        <time>2026-05-30T02:40:58.000Z</time>
        <extensions>
          <ns3:TrackPointExtension>
            <ns3:hr>88</ns3:hr>
            <ns3:cad>0</ns3:cad>
          </ns3:TrackPointExtension>
        </extensions>
      </trkpt>
      <trkpt lat="30.9365664236247539520263671875" lon="120.02964843995869159698486328125">
        <ele>365.79998779296875</ele>
        <time>2026-05-30T02:41:03.000Z</time>
        <extensions>
          <ns3:TrackPointExtension>
            <ns3:hr>89</ns3:hr>
            <ns3:cad>52</ns3:cad>
          </ns3:TrackPointExtension>
        </extensions>
      </trkpt>
      <trkpt lat="30.93656265176832675933837890625" lon="120.0296394713222980499267578125">
        <ele>366</ele>
        <time>2026-05-30T02:41:05.000Z</time>
        <extensions>
          <ns3:TrackPointExtension>
            <ns3:hr>92</ns3:hr>
            <ns3:cad>0</ns3:cad>
          </ns3:TrackPointExtension>
        </extensions>
      </trkpt>
      <trkpt lat="30.936563573777675628662109375" lon="120.029634945094585418701171875">
        <ele>366.20001220703125</ele>
        <time>2026-05-30T02:41:08.000Z</time>
        <extensions>
          <ns3:TrackPointExtension>
            <ns3:hr>97</ns3:hr>
            <ns3:cad>0</ns3:cad>
          </ns3:TrackPointExtension>
        </extensions>
      </trkpt>
      <trkpt lat="30.93656198121607303619384765625" lon="120.02963217906653881072998046875">
        <ele>366.20001220703125</ele>
        <time>2026-05-30T02:41:09.000Z</time>
        <extensions>
          <ns3:TrackPointExtension>
            <ns3:hr>100</ns3:hr>
            <ns3:cad>0</ns3:cad>
          </ns3:TrackPointExtension>
        </extensions>
      </trkpt>
      <trkpt lat="30.9365603886544704437255859375" lon="120.0296310894191265106201171875">
        <ele>366.20001220703125</ele>
        <time>2026-05-30T02:41:10.000Z</time>
        <extensions>
          <ns3:TrackPointExtension>
            <ns3:hr>100</ns3:hr>
            <ns3:cad>0</ns3:cad>
          </ns3:TrackPointExtension>
        </extensions>
      </trkpt>
      <trkpt lat="30.93655862845480442047119140625" lon="120.02963050268590450286865234375">
        <ele>366.399993896484375</ele>
        <time>2026-05-30T02:41:12.000Z</time>
        <extensions>
          <ns3:TrackPointExtension>
            <ns3:hr>101</ns3:hr>
            <ns3:cad>0</ns3:cad>
          </ns3:TrackPointExtension>
        </extensions>
      </trkpt>
      <trkpt lat="30.93655745498836040496826171875" lon="120.02963067032396793365478515625">
        <ele>366.399993896484375</ele>
        <time>2026-05-30T02:41:13.000Z</time>
        <extensions>
          <ns3:TrackPointExtension>
            <ns3:hr>106</ns3:hr>
            <ns3:cad>0</ns3:cad>
          </ns3:TrackPointExtension>
        </extensions>
      </trkpt>
      <trkpt lat="30.93655561096966266632080078125" lon="120.02963100560009479522705078125">
        <ele>366.600006103515625</ele>
        <time>2026-05-30T02:41:14.000Z</time>
        <extensions>
          <ns3:TrackPointExtension>
            <ns3:hr>114</ns3:hr>
            <ns3:cad>0</ns3:cad>
          </ns3:TrackPointExtension>
        </extensions>
      </trkpt>
      <trkpt lat="30.93655426986515522003173828125" lon="120.029630251228809356689453125">
        <ele>366.600006103515625</ele>
        <time>2026-05-30T02:41:15.000Z</time>
        <extensions>
          <ns3:TrackPointExtension>
            <ns3:hr>117</ns3:hr>
            <ns3:cad>0</ns3:cad>
          </ns3:TrackPointExtension>
        </extensions>
      </trkpt>
      <trkpt lat="30.9365493245422840118408203125" lon="120.02962698228657245635986328125">
        <ele>366.79998779296875</ele>
        <time>2026-05-30T02:41:18.000Z</time>
        <extensions>
          <ns3:TrackPointExtension>
            <ns3:hr>117</ns3:hr>
            <ns3:cad>0</ns3:cad>
          </ns3:TrackPointExtension>
        </extensions>
      </trkpt>
      <trkpt lat="30.9365483187139034271240234375" lon="120.02962245605885982513427734375">
        <ele>367</ele>
        <time>2026-05-30T02:41:20.000Z</time>
        <extensions>
          <ns3:TrackPointExtension>
            <ns3:hr>114</ns3:hr>
            <ns3:cad>0</ns3:cad>
          </ns3:TrackPointExtension>
        </extensions>
      </trkpt>
      <trkpt lat="30.93653767369687557220458984375" lon="120.02960954792797565460205078125">
        <ele>368</ele>
        <time>2026-05-30T02:41:26.000Z</time>
        <extensions>
          <ns3:TrackPointExtension>
            <ns3:hr>115</ns3:hr>
            <ns3:cad>0</ns3:cad>
          </ns3:TrackPointExtension>
        </extensions>
      </trkpt>
      <trkpt lat="30.93653700314462184906005859375" lon="120.0296039320528507232666015625">
        <ele>368.20001220703125</ele>
        <time>2026-05-30T02:41:27.000Z</time>
        <extensions>
          <ns3:TrackPointExtension>
            <ns3:hr>114</ns3:hr>
            <ns3:cad>0</ns3:cad>
          </ns3:TrackPointExtension>
        </extensions>
      </trkpt>
      <trkpt lat="30.9365396015346050262451171875" lon="120.0295952148735523223876953125">
        <ele>369</ele>
        <time>2026-05-30T02:41:30.000Z</time>
        <extensions>
          <ns3:TrackPointExtension>
            <ns3:hr>115</ns3:hr>
            <ns3:cad>0</ns3:cad>
          </ns3:TrackPointExtension>
        </extensions>
      </trkpt>
      <trkpt lat="30.9365312196314334869384765625" lon="120.0295838154852390289306640625">
        <ele>369.399993896484375</ele>
        <time>2026-05-30T02:41:32.000Z</time>
        <extensions>
          <ns3:TrackPointExtension>
            <ns3:hr>120</ns3:hr>
            <ns3:cad>0</ns3:cad>
          </ns3:TrackPointExtension>
        </extensions>
      </trkpt>
      <trkpt lat="30.93651889823377132415771484375" lon="120.0295814685523509979248046875">
        <ele>370</ele>
        <time>2026-05-30T02:41:34.000Z</time>
        <extensions>
          <ns3:TrackPointExtension>
            <ns3:hr>121</ns3:hr>
            <ns3:cad>0</ns3:cad>
          </ns3:TrackPointExtension>
        </extensions>
      </trkpt>
      <trkpt lat="30.9364919923245906829833984375" lon="120.0295843183994293212890625">
        <ele>371.20001220703125</ele>
        <time>2026-05-30T02:41:38.000Z</time>
        <extensions>
          <ns3:TrackPointExtension>
            <ns3:hr>124</ns3:hr>
            <ns3:cad>0</ns3:cad>
          </ns3:TrackPointExtension>
        </extensions>
      </trkpt>
      <trkpt lat="30.9364631585776805877685546875" lon="120.02959580160677433013916015625">
        <ele>371.79998779296875</ele>
        <time>2026-05-30T02:41:41.000Z</time>
        <extensions>
          <ns3:TrackPointExtension>
            <ns3:hr>127</ns3:hr>
            <ns3:cad>47</ns3:cad>
          </ns3:TrackPointExtension>
        </extensions>
      </trkpt>
      <trkpt lat="30.9364403598010540008544921875" lon="120.02961172722280025482177734375">
        <ele>372.20001220703125</ele>
        <time>2026-05-30T02:41:44.000Z</time>
        <extensions>
          <ns3:TrackPointExtension>
            <ns3:hr>127</ns3:hr>
            <ns3:cad>47</ns3:cad>
          </ns3:TrackPointExtension>
        </extensions>
      </trkpt>
      <trkpt lat="30.9363962709903717041015625" lon="120.0296307541429996490478515625">
        <ele>373.399993896484375</ele>
        <time>2026-05-30T02:41:49.000Z</time>
        <extensions>
          <ns3:TrackPointExtension>
            <ns3:hr>127</ns3:hr>
            <ns3:cad>47</ns3:cad>
          </ns3:TrackPointExtension>
        </extensions>
      </trkpt>
      <trkpt lat="30.9363686107099056243896484375" lon="120.02962748520076274871826171875">
        <ele>374.399993896484375</ele>
        <time>2026-05-30T02:41:53.000Z</time>
        <extensions>
          <ns3:TrackPointExtension>
            <ns3:hr>127</ns3:hr>
            <ns3:cad>43</ns3:cad>
          </ns3:TrackPointExtension>
        </extensions>
      </trkpt>
      <trkpt lat="30.93635779805481433868408203125" lon="120.0296237133443355560302734375">
        <ele>374.79998779296875</ele>
        <time>2026-05-30T02:41:54.000Z</time>
        <extensions>
          <ns3:TrackPointExtension>
            <ns3:hr>126</ns3:hr>
            <ns3:cad>43</ns3:cad>
          </ns3:TrackPointExtension>
        </extensions>
      </trkpt>
      <trkpt lat="30.93634170480072498321533203125" lon="120.02961273305118083953857421875">
        <ele>375.600006103515625</ele>
        <time>2026-05-30T02:41:57.000Z</time>
        <extensions>
          <ns3:TrackPointExtension>
            <ns3:hr>127</ns3:hr>
            <ns3:cad>77</ns3:cad>
          </ns3:TrackPointExtension>
        </extensions>
      </trkpt>
      <trkpt lat="30.93631622381508350372314453125" lon="120.0295885093510150909423828125">
        <ele>376.600006103515625</ele>
        <time>2026-05-30T02:42:01.000Z</time>
        <extensions>
          <ns3:TrackPointExtension>
            <ns3:hr>126</ns3:hr>
            <ns3:cad>42</ns3:cad>
          </ns3:TrackPointExtension>
        </extensions>
      </trkpt>
      <trkpt lat="30.93631287105381488800048828125" lon="120.029585659503936767578125">
        <ele>376.79998779296875</ele>
        <time>2026-05-30T02:42:02.000Z</time>
        <extensions>
          <ns3:TrackPointExtension>
            <ns3:hr>125</ns3:hr>
            <ns3:cad>42</ns3:cad>
          </ns3:TrackPointExtension>
        </extensions>
      </trkpt>
      <trkpt lat="30.93629325740039348602294921875" lon="120.02956143580377101898193359375">
        <ele>377.399993896484375</ele>
        <time>2026-05-30T02:42:07.000Z</time>
        <extensions>
          <ns3:TrackPointExtension>
            <ns3:hr>126</ns3:hr>
            <ns3:cad>0</ns3:cad>
          </ns3:TrackPointExtension>
        </extensions>
      </trkpt>
      <trkpt lat="30.9362871386110782623291015625" lon="120.02956126816570758819580078125">
        <ele>377.600006103515625</ele>
        <time>2026-05-30T02:42:08.000Z</time>
        <extensions>
          <ns3:TrackPointExtension>
            <ns3:hr>127</ns3:hr>
            <ns3:cad>0</ns3:cad>
          </ns3:TrackPointExtension>
        </extensions>
      </trkpt>
      <trkpt lat="30.9362780861556529998779296875" lon="120.02955758012831211090087890625">
        <ele>378</ele>
        <time>2026-05-30T02:42:10.000Z</time>
        <extensions>
          <ns3:TrackPointExtension>
            <ns3:hr>132</ns3:hr>
            <ns3:cad>0</ns3:cad>
          </ns3:TrackPointExtension>
        </extensions>
      </trkpt>
      <trkpt lat="30.93626475892961025238037109375" lon="120.02954467199742794036865234375">
        <ele>378.79998779296875</ele>
        <time>2026-05-30T02:42:13.000Z</time>
        <extensions>
          <ns3:TrackPointExtension>
            <ns3:hr>132</ns3:hr>
            <ns3:cad>0</ns3:cad>
          </ns3:TrackPointExtension>
        </extensions>
      </trkpt>
      <trkpt lat="30.93624263070523738861083984375" lon="120.02953109331429004669189453125">
        <ele>380</ele>
        <time>2026-05-30T02:42:17.000Z</time>
        <extensions>
          <ns3:TrackPointExtension>
            <ns3:hr>130</ns3:hr>
            <ns3:cad>47</ns3:cad>
          </ns3:TrackPointExtension>
        </extensions>
      </trkpt>
      <trkpt lat="30.9362334944307804107666015625" lon="120.0295345298945903778076171875">
        <ele>380.399993896484375</ele>
        <time>2026-05-30T02:42:19.000Z</time>
        <extensions>
          <ns3:TrackPointExtension>
            <ns3:hr>129</ns3:hr>
            <ns3:cad>0</ns3:cad>
          </ns3:TrackPointExtension>
        </extensions>
      </trkpt>
      <trkpt lat="30.936218909919261932373046875" lon="120.02952732145786285400390625">
        <ele>381</ele>
        <time>2026-05-30T02:42:26.000Z</time>
        <extensions>
          <ns3:TrackPointExtension>
            <ns3:hr>129</ns3:hr>
            <ns3:cad>0</ns3:cad>
          </ns3:TrackPointExtension>
        </extensions>
      </trkpt>
      <trkpt lat="30.93621262349188327789306640625" lon="120.02953662537038326263427734375">
        <ele>381</ele>
        <time>2026-05-30T02:42:32.000Z</time>
        <extensions>
          <ns3:TrackPointExtension>
            <ns3:hr>129</ns3:hr>
            <ns3:cad>0</ns3:cad>
          </ns3:TrackPointExtension>
        </extensions>
      </trkpt>
      <trkpt lat="30.93620491214096546173095703125" lon="120.0295348651707172393798828125">
        <ele>381.399993896484375</ele>
        <time>2026-05-30T02:42:34.000Z</time>
        <extensions>
          <ns3:TrackPointExtension>
            <ns3:hr>129</ns3:hr>
            <ns3:cad>0</ns3:cad>
          </ns3:TrackPointExtension>
        </extensions>
      </trkpt>
      <trkpt lat="30.936201475560665130615234375" lon="120.02953126095235347747802734375">
        <ele>382.20001220703125</ele>
        <time>2026-05-30T02:42:39.000Z</time>
        <extensions>
          <ns3:TrackPointExtension>
            <ns3:hr>127</ns3:hr>
            <ns3:cad>0</ns3:cad>
          </ns3:TrackPointExtension>
        </extensions>
      </trkpt>
      <trkpt lat="30.93620491214096546173095703125" lon="120.02953126095235347747802734375">
        <ele>382.20001220703125</ele>
        <time>2026-05-30T02:42:41.000Z</time>
        <extensions>
          <ns3:TrackPointExtension>
            <ns3:hr>127</ns3:hr>
            <ns3:cad>0</ns3:cad>
          </ns3:TrackPointExtension>
        </extensions>
      </trkpt>
      <trkpt lat="30.936184711754322052001953125" lon="120.0295291654765605926513671875">
        <ele>382.79998779296875</ele>
        <time>2026-05-30T02:42:48.000Z</time>
        <extensions>
          <ns3:TrackPointExtension>
            <ns3:hr>127</ns3:hr>
            <ns3:cad>0</ns3:cad>
          </ns3:TrackPointExtension>
        </extensions>
      </trkpt>
      <trkpt lat="30.936170630156993865966796875" lon="120.02952866256237030029296875">
        <ele>383.20001220703125</ele>
        <time>2026-05-30T02:42:51.000Z</time>
        <extensions>
          <ns3:TrackPointExtension>
            <ns3:hr>126</ns3:hr>
            <ns3:cad>0</ns3:cad>
          </ns3:TrackPointExtension>
        </extensions>
      </trkpt>
      <trkpt lat="30.936148501932621002197265625" lon="120.0295231305062770843505859375">
        <ele>384</ele>
        <time>2026-05-30T02:42:55.000Z</time>
        <extensions>
          <ns3:TrackPointExtension>
            <ns3:hr>126</ns3:hr>
            <ns3:cad>79</ns3:cad>
          </ns3:TrackPointExtension>
        </extensions>
      </trkpt>
      <trkpt lat="30.93614808283746242523193359375" lon="120.02952002920210361480712890625">
        <ele>384.20001220703125</ele>
        <time>2026-05-30T02:42:56.000Z</time>
        <extensions>
          <ns3:TrackPointExtension>
            <ns3:hr>125</ns3:hr>
            <ns3:cad>0</ns3:cad>
          </ns3:TrackPointExtension>
        </extensions>
      </trkpt>
      <trkpt lat="30.93615076504647731781005859375" lon="120.029524303972721099853515625">
        <ele>385</ele>
        <time>2026-05-30T02:43:01.000Z</time>
        <extensions>
          <ns3:TrackPointExtension>
            <ns3:hr>124</ns3:hr>
            <ns3:cad>0</ns3:cad>
          </ns3:TrackPointExtension>
        </extensions>
      </trkpt>
      <trkpt lat="30.93614204786717891693115234375" lon="120.029524303972721099853515625">
        <ele>385.20001220703125</ele>
        <time>2026-05-30T02:43:02.000Z</time>
        <extensions>
          <ns3:TrackPointExtension>
            <ns3:hr>125</ns3:hr>
            <ns3:cad>0</ns3:cad>
          </ns3:TrackPointExtension>
        </extensions>
      </trkpt>
      <trkpt lat="30.93611639924347400665283203125" lon="120.02953134477138519287109375">
        <ele>386.399993896484375</ele>
        <time>2026-05-30T02:43:06.000Z</time>
        <extensions>
          <ns3:TrackPointExtension>
            <ns3:hr>125</ns3:hr>
            <ns3:cad>0</ns3:cad>
          </ns3:TrackPointExtension>
        </extensions>
      </trkpt>
      <trkpt lat="30.93611153773963451385498046875" lon="120.0295315124094486236572265625">
        <ele>386.79998779296875</ele>
        <time>2026-05-30T02:43:07.000Z</time>
        <extensions>
          <ns3:TrackPointExtension>
            <ns3:hr>125</ns3:hr>
            <ns3:cad>0</ns3:cad>
          </ns3:TrackPointExtension>
        </extensions>
      </trkpt>
      <trkpt lat="30.93609024770557880401611328125" lon="120.02953411079943180084228515625">
        <ele>387.79998779296875</ele>
        <time>2026-05-30T02:43:10.000Z</time>
        <extensions>
          <ns3:TrackPointExtension>
            <ns3:hr>125</ns3:hr>
            <ns3:cad>40</ns3:cad>
          </ns3:TrackPointExtension>
        </extensions>
      </trkpt>
      <trkpt lat="30.93606241978704929351806640625" lon="120.02952271141111850738525390625">
        <ele>389</ele>
        <time>2026-05-30T02:43:14.000Z</time>
        <extensions>
          <ns3:TrackPointExtension>
            <ns3:hr>128</ns3:hr>
            <ns3:cad>41</ns3:cad>
          </ns3:TrackPointExtension>
        </extensions>
      </trkpt>
      <trkpt lat="30.93605236150324344635009765625" lon="120.0295187719166278839111328125">
        <ele>389.600006103515625</ele>
        <time>2026-05-30T02:43:16.000Z</time>
        <extensions>
          <ns3:TrackPointExtension>
            <ns3:hr>132</ns3:hr>
            <ns3:cad>41</ns3:cad>
          </ns3:TrackPointExtension>
        </extensions>
      </trkpt>
      <trkpt lat="30.93604397960007190704345703125" lon="120.02951365895569324493408203125">
        <ele>390.20001220703125</ele>
        <time>2026-05-30T02:43:18.000Z</time>
        <extensions>
          <ns3:TrackPointExtension>
            <ns3:hr>134</ns3:hr>
            <ns3:cad>41</ns3:cad>
          </ns3:TrackPointExtension>
        </extensions>
      </trkpt>
      <trkpt lat="30.93602403067052364349365234375" lon="120.0294956378638744354248046875">
        <ele>391.399993896484375</ele>
        <time>2026-05-30T02:43:22.000Z</time>
        <extensions>
          <ns3:TrackPointExtension>
            <ns3:hr>135</ns3:hr>
            <ns3:cad>0</ns3:cad>
          </ns3:TrackPointExtension>
        </extensions>
      </trkpt>
      <trkpt lat="30.93600760214030742645263671875" lon="120.02945917658507823944091796875">
        <ele>392.600006103515625</ele>
        <time>2026-05-30T02:43:26.000Z</time>
        <extensions>
          <ns3:TrackPointExtension>
            <ns3:hr>135</ns3:hr>
            <ns3:cad>41</ns3:cad>
          </ns3:TrackPointExtension>
        </extensions>
      </trkpt>
      <trkpt lat="30.93599234707653522491455078125" lon="120.0294376350939273834228515625">
        <ele>393.20001220703125</ele>
        <time>2026-05-30T02:43:29.000Z</time>
        <extensions>
          <ns3:TrackPointExtension>
            <ns3:hr>136</ns3:hr>
            <ns3:cad>40</ns3:cad>
          </ns3:TrackPointExtension>
        </extensions>
      </trkpt>
      <trkpt lat="30.93598580919206142425537109375" lon="120.0294178538024425506591796875">
        <ele>393.79998779296875</ele>
        <time>2026-05-30T02:43:31.000Z</time>
        <extensions>
          <ns3:TrackPointExtension>
            <ns3:hr>137</ns3:hr>
            <ns3:cad>44</ns3:cad>
          </ns3:TrackPointExtension>
        </extensions>
      </trkpt>
      <trkpt lat="30.93596535734832286834716796875" lon="120.02939379774034023284912109375">
        <ele>395</ele>
        <time>2026-05-30T02:43:36.000Z</time>
        <extensions>
          <ns3:TrackPointExtension>
            <ns3:hr>137</ns3:hr>
            <ns3:cad>0</ns3:cad>
          </ns3:TrackPointExtension>
        </extensions>
      </trkpt>
      <trkpt lat="30.93596384860575199127197265625" lon="120.0293903611600399017333984375">
        <ele>395.20001220703125</ele>
        <time>2026-05-30T02:43:37.000Z</time>
        <extensions>
          <ns3:TrackPointExtension>
            <ns3:hr>137</ns3:hr>
            <ns3:cad>0</ns3:cad>
          </ns3:TrackPointExtension>
        </extensions>
      </trkpt>
      <trkpt lat="30.93594272620975971221923828125" lon="120.0293722562491893768310546875">
        <ele>396.20001220703125</ele>
        <time>2026-05-30T02:43:41.000Z</time>
        <extensions>
          <ns3:TrackPointExtension>
            <ns3:hr>136</ns3:hr>
            <ns3:cad>0</ns3:cad>
          </ns3:TrackPointExtension>
        </extensions>
      </trkpt>
      <trkpt lat="30.93592889606952667236328125" lon="120.0293536484241485595703125">
        <ele>396.79998779296875</ele>
        <time>2026-05-30T02:43:44.000Z</time>
        <extensions>
          <ns3:TrackPointExtension>
            <ns3:hr>137</ns3:hr>
            <ns3:cad>0</ns3:cad>
          </ns3:TrackPointExtension>
        </extensions>
      </trkpt>
      <trkpt lat="30.93591690994799137115478515625" lon="120.02933344803750514984130859375">
        <ele>397.20001220703125</ele>
        <time>2026-05-30T02:43:47.000Z</time>
        <extensions>
          <ns3:TrackPointExtension>
            <ns3:hr>136</ns3:hr>
            <ns3:cad>0</ns3:cad>
          </ns3:TrackPointExtension>
        </extensions>
      </trkpt>
      <trkpt lat="30.93590282835066318511962890625" lon="120.029299668967723846435546875">
        <ele>398.399993896484375</ele>
        <time>2026-05-30T02:43:52.000Z</time>
        <extensions>
          <ns3:TrackPointExtension>
            <ns3:hr>136</ns3:hr>
            <ns3:cad>72</ns3:cad>
          </ns3:TrackPointExtension>
        </extensions>
      </trkpt>
      <trkpt lat="30.93588841147720813751220703125" lon="120.02925516106188297271728515625">
        <ele>399.399993896484375</ele>
        <time>2026-05-30T02:43:58.000Z</time>
        <extensions>
          <ns3:TrackPointExtension>
            <ns3:hr>137</ns3:hr>
            <ns3:cad>74</ns3:cad>
          </ns3:TrackPointExtension>
        </extensions>
      </trkpt>
      <trkpt lat="30.93588539399206638336181640625" lon="120.02924761734902858734130859375">
        <ele>399.600006103515625</ele>
        <time>2026-05-30T02:43:59.000Z</time>
        <extensions>
          <ns3:TrackPointExtension>
            <ns3:hr>137</ns3:hr>
            <ns3:cad>74</ns3:cad>
          </ns3:TrackPointExtension>
        </extensions>
      </trkpt>
      <trkpt lat="30.9358643554151058197021484375" lon="120.0292230583727359771728515625">
        <ele>400.79998779296875</ele>
        <time>2026-05-30T02:44:04.000Z</time>
        <extensions>
          <ns3:TrackPointExtension>
            <ns3:hr>137</ns3:hr>
            <ns3:cad>40</ns3:cad>
          </ns3:TrackPointExtension>
        </extensions>
      </trkpt>
      <trkpt lat="30.93585572205483913421630859375" lon="120.02919330261647701263427734375">
        <ele>402</ele>
        <time>2026-05-30T02:44:09.000Z</time>
        <extensions>
          <ns3:TrackPointExtension>
            <ns3:hr>138</ns3:hr>
            <ns3:cad>0</ns3:cad>
          </ns3:TrackPointExtension>
        </extensions>
      </trkpt>
      <trkpt lat="30.93585337512195110321044921875" lon="120.0291757844388484954833984375">
        <ele>402.600006103515625</ele>
        <time>2026-05-30T02:44:12.000Z</time>
        <extensions>
          <ns3:TrackPointExtension>
            <ns3:hr>138</ns3:hr>
            <ns3:cad>0</ns3:cad>
          </ns3:TrackPointExtension>
        </extensions>
      </trkpt>
      <trkpt lat="30.9358496032655239105224609375" lon="120.02916245721280574798583984375">
        <ele>403</ele>
        <time>2026-05-30T02:44:14.000Z</time>
        <extensions>
          <ns3:TrackPointExtension>
            <ns3:hr>137</ns3:hr>
            <ns3:cad>0</ns3:cad>
          </ns3:TrackPointExtension>
        </extensions>
      </trkpt>
      <trkpt lat="30.9358418919146060943603515625" lon="120.02913731150329113006591796875">
        <ele>404.20001220703125</ele>
        <time>2026-05-30T02:44:18.000Z</time>
        <extensions>
          <ns3:TrackPointExtension>
            <ns3:hr>136</ns3:hr>
            <ns3:cad>0</ns3:cad>
          </ns3:TrackPointExtension>
        </extensions>
      </trkpt>
      <trkpt lat="30.93583904206752777099609375" lon="120.029121302068233489990234375">
        <ele>405</ele>
        <time>2026-05-30T02:44:21.000Z</time>
        <extensions>
          <ns3:TrackPointExtension>
            <ns3:hr>136</ns3:hr>
            <ns3:cad>65</ns3:cad>
          </ns3:TrackPointExtension>
        </extensions>
      </trkpt>
      <trkpt lat="30.93583895824849605560302734375" lon="120.02911183051764965057373046875">
        <ele>405.399993896484375</ele>
        <time>2026-05-30T02:44:23.000Z</time>
        <extensions>
          <ns3:TrackPointExtension>
            <ns3:hr>137</ns3:hr>
            <ns3:cad>65</ns3:cad>
          </ns3:TrackPointExtension>
        </extensions>
      </trkpt>
      <trkpt lat="30.9358469210565090179443359375" lon="120.0290852598845958709716796875">
        <ele>406.399993896484375</ele>
        <time>2026-05-30T02:44:27.000Z</time>
        <extensions>
          <ns3:TrackPointExtension>
            <ns3:hr>137</ns3:hr>
            <ns3:cad>0</ns3:cad>
          </ns3:TrackPointExtension>
        </extensions>
      </trkpt>
      <trkpt lat="30.93584985472261905670166015625" lon="120.0290572643280029296875">
        <ele>407.79998779296875</ele>
        <time>2026-05-30T02:44:31.000Z</time>
        <extensions>
          <ns3:TrackPointExtension>
            <ns3:hr>137</ns3:hr>
            <ns3:cad>77</ns3:cad>
          </ns3:TrackPointExtension>
        </extensions>
      </trkpt>
      <trkpt lat="30.93585136346518993377685546875" lon="120.0290371477603912353515625">
        <ele>409</ele>
        <time>2026-05-30T02:44:36.000Z</time>
        <extensions>
          <ns3:TrackPointExtension>
            <ns3:hr>139</ns3:hr>
            <ns3:cad>0</ns3:cad>
          </ns3:TrackPointExtension>
        </extensions>
      </trkpt>
      <trkpt lat="30.93585488386452198028564453125" lon="120.02901694737374782562255859375">
        <ele>409.79998779296875</ele>
        <time>2026-05-30T02:44:40.000Z</time>
        <extensions>
          <ns3:TrackPointExtension>
            <ns3:hr>140</ns3:hr>
            <ns3:cad>0</ns3:cad>
          </ns3:TrackPointExtension>
        </extensions>
      </trkpt>
      <trkpt lat="30.93585622496902942657470703125" lon="120.02901392988860607147216796875">
        <ele>410</ele>
        <time>2026-05-30T02:44:41.000Z</time>
        <extensions>
          <ns3:TrackPointExtension>
            <ns3:hr>140</ns3:hr>
            <ns3:cad>0</ns3:cad>
          </ns3:TrackPointExtension>
        </extensions>
      </trkpt>
      <trkpt lat="30.9358579851686954498291015625" lon="120.02899163402616977691650390625">
        <ele>411.20001220703125</ele>
        <time>2026-05-30T02:44:47.000Z</time>
        <extensions>
          <ns3:TrackPointExtension>
            <ns3:hr>140</ns3:hr>
            <ns3:cad>0</ns3:cad>
          </ns3:TrackPointExtension>
        </extensions>
      </trkpt>
      <trkpt lat="30.93585781753063201904296875" lon="120.0289873592555522918701171875">
        <ele>411.600006103515625</ele>
        <time>2026-05-30T02:44:48.000Z</time>
        <extensions>
          <ns3:TrackPointExtension>
            <ns3:hr>140</ns3:hr>
            <ns3:cad>68</ns3:cad>
          </ns3:TrackPointExtension>
        </extensions>
      </trkpt>
      <trkpt lat="30.93586544506251811981201171875" lon="120.028972439467906951904296875">
        <ele>412.399993896484375</ele>
        <time>2026-05-30T02:44:51.000Z</time>
        <extensions>
          <ns3:TrackPointExtension>
            <ns3:hr>140</ns3:hr>
            <ns3:cad>0</ns3:cad>
          </ns3:TrackPointExtension>
        </extensions>
      </trkpt>
      <trkpt lat="30.93587801791727542877197265625" lon="120.0289486348628997802734375">
        <ele>413.600006103515625</ele>
        <time>2026-05-30T02:44:56.000Z</time>
        <extensions>
          <ns3:TrackPointExtension>
            <ns3:hr>141</ns3:hr>
            <ns3:cad>57</ns3:cad>
          </ns3:TrackPointExtension>
        </extensions>
      </trkpt>
      <trkpt lat="30.9358814544975757598876953125" lon="120.02894218079745769500732421875">
        <ele>413.79998779296875</ele>
        <time>2026-05-30T02:44:57.000Z</time>
        <extensions>
          <ns3:TrackPointExtension>
            <ns3:hr>141</ns3:hr>
            <ns3:cad>57</ns3:cad>
          </ns3:TrackPointExtension>
        </extensions>
      </trkpt>
      <trkpt lat="30.93589494936168193817138671875" lon="120.02890647388994693756103515625">
        <ele>414.600006103515625</ele>
        <time>2026-05-30T02:45:01.000Z</time>
        <extensions>
          <ns3:TrackPointExtension>
            <ns3:hr>142</ns3:hr>
            <ns3:cad>0</ns3:cad>
          </ns3:TrackPointExtension>
        </extensions>
      </trkpt>
      <trkpt lat="30.93589662574231624603271484375" lon="120.0288763828575611114501953125">
        <ele>415.79998779296875</ele>
        <time>2026-05-30T02:45:05.000Z</time>
        <extensions>
          <ns3:TrackPointExtension>
            <ns3:hr>142</ns3:hr>
            <ns3:cad>72</ns3:cad>
          </ns3:TrackPointExtension>
        </extensions>
      </trkpt>
      <trkpt lat="30.93589059077203273773193359375" lon="120.02882994711399078369140625">
        <ele>416.600006103515625</ele>
        <time>2026-05-30T02:45:10.000Z</time>
        <extensions>
          <ns3:TrackPointExtension>
            <ns3:hr>141</ns3:hr>
            <ns3:cad>0</ns3:cad>
          </ns3:TrackPointExtension>
        </extensions>
      </trkpt>
      <trkpt lat="30.9358888305723667144775390625" lon="120.02882231958210468292236328125">
        <ele>416.79998779296875</ele>
        <time>2026-05-30T02:45:11.000Z</time>
        <extensions>
          <ns3:TrackPointExtension>
            <ns3:hr>141</ns3:hr>
            <ns3:cad>0</ns3:cad>
          </ns3:TrackPointExtension>
        </extensions>
      </trkpt>
      <trkpt lat="30.935884304344654083251953125" lon="120.02878325991332530975341796875">
        <ele>417.79998779296875</ele>
        <time>2026-05-30T02:45:15.000Z</time>
        <extensions>
          <ns3:TrackPointExtension>
            <ns3:hr>141</ns3:hr>
            <ns3:cad>0</ns3:cad>
          </ns3:TrackPointExtension>
        </extensions>
      </trkpt>
      <trkpt lat="30.93588388524949550628662109375" lon="120.02876951359212398529052734375">
        <ele>418</ele>
        <time>2026-05-30T02:45:16.000Z</time>
        <extensions>
          <ns3:TrackPointExtension>
            <ns3:hr>141</ns3:hr>
            <ns3:cad>57</ns3:cad>
          </ns3:TrackPointExtension>
        </extensions>
      </trkpt>
      <trkpt lat="30.9358777664601802825927734375" lon="120.0287261791527271270751953125">
        <ele>419.20001220703125</ele>
        <time>2026-05-30T02:45:21.000Z</time>
        <extensions>
          <ns3:TrackPointExtension>
            <ns3:hr>141</ns3:hr>
            <ns3:cad>51</ns3:cad>
          </ns3:TrackPointExtension>
        </extensions>
      </trkpt>
      <trkpt lat="30.9358720667660236358642578125" lon="120.028649903833866119384765625">
        <ele>420.20001220703125</ele>
        <time>2026-05-30T02:45:28.000Z</time>
        <extensions>
          <ns3:TrackPointExtension>
            <ns3:hr>141</ns3:hr>
            <ns3:cad>46</ns3:cad>
          </ns3:TrackPointExtension>
        </extensions>
      </trkpt>
      <trkpt lat="30.93584532849490642547607421875" lon="120.02859533764421939849853515625">
        <ele>421.20001220703125</ele>
        <time>2026-05-30T02:45:34.000Z</time>
        <extensions>
          <ns3:TrackPointExtension>
            <ns3:hr>140</ns3:hr>
            <ns3:cad>45</ns3:cad>
          </ns3:TrackPointExtension>
        </extensions>
      </trkpt>
      <trkpt lat="30.93584080226719379425048828125" lon="120.0285860337316989898681640625">
        <ele>421.399993896484375</ele>
        <time>2026-05-30T02:45:35.000Z</time>
        <extensions>
          <ns3:TrackPointExtension>
            <ns3:hr>140</ns3:hr>
            <ns3:cad>50</ns3:cad>
          </ns3:TrackPointExtension>
        </extensions>
      </trkpt>
      <trkpt lat="30.935798473656177520751953125" lon="120.0285263545811176300048828125">
        <ele>422.399993896484375</ele>
        <time>2026-05-30T02:45:41.000Z</time>
        <extensions>
          <ns3:TrackPointExtension>
            <ns3:hr>138</ns3:hr>
            <ns3:cad>50</ns3:cad>
          </ns3:TrackPointExtension>
        </extensions>
      </trkpt>
      <trkpt lat="30.93579486943781375885009765625" lon="120.028515793383121490478515625">
        <ele>422.600006103515625</ele>
        <time>2026-05-30T02:45:42.000Z</time>
        <extensions>
          <ns3:TrackPointExtension>
            <ns3:hr>138</ns3:hr>
            <ns3:cad>50</ns3:cad>
          </ns3:TrackPointExtension>
        </extensions>
      </trkpt>
      <trkpt lat="30.9357724897563457489013671875" lon="120.02849827520549297332763671875">
        <ele>423.399993896484375</ele>
        <time>2026-05-30T02:45:46.000Z</time>
        <extensions>
          <ns3:TrackPointExtension>
            <ns3:hr>136</ns3:hr>
            <ns3:cad>50</ns3:cad>
          </ns3:TrackPointExtension>
        </extensions>
      </trkpt>
      <trkpt lat="30.935768298804759979248046875" lon="120.0284867919981479644775390625">
        <ele>423.79998779296875</ele>
        <time>2026-05-30T02:45:48.000Z</time>
        <extensions>
          <ns3:TrackPointExtension>
            <ns3:hr>135</ns3:hr>
            <ns3:cad>0</ns3:cad>
          </ns3:TrackPointExtension>
        </extensions>
      </trkpt>
      <trkpt lat="30.9357486851513385772705078125" lon="120.02845401875674724578857421875">
        <ele>423.79998779296875</ele>
        <time>2026-05-30T02:45:53.000Z</time>
        <extensions>
          <ns3:TrackPointExtension>
            <ns3:hr>132</ns3:hr>
            <ns3:cad>0</ns3:cad>
          </ns3:TrackPointExtension>
        </extensions>
      </trkpt>
      <trkpt lat="30.93574692495167255401611328125" lon="120.02844848670065402984619140625">
        <ele>424.399993896484375</ele>
        <time>2026-05-30T02:45:56.000Z</time>
        <extensions>
          <ns3:TrackPointExtension>
            <ns3:hr>132</ns3:hr>
            <ns3:cad>0</ns3:cad>
          </ns3:TrackPointExtension>
        </extensions>
      </trkpt>
      <trkpt lat="30.93574248254299163818359375" lon="120.02844111062586307525634765625">
        <ele>425</ele>
        <time>2026-05-30T02:45:58.000Z</time>
        <extensions>
          <ns3:TrackPointExtension>
            <ns3:hr>131</ns3:hr>
            <ns3:cad>0</ns3:cad>
          </ns3:TrackPointExtension>
        </extensions>
      </trkpt>
      <trkpt lat="30.9357396326959133148193359375" lon="120.02841713838279247283935546875">
        <ele>425.79998779296875</ele>
        <time>2026-05-30T02:46:00.000Z</time>
        <extensions>
          <ns3:TrackPointExtension>
            <ns3:hr>132</ns3:hr>
            <ns3:cad>0</ns3:cad>
          </ns3:TrackPointExtension>
        </extensions>
      </trkpt>
      <trkpt lat="30.9357396326959133148193359375" lon="120.02840372733771800994873046875">
        <ele>426.399993896484375</ele>
        <time>2026-05-30T02:46:02.000Z</time>
        <extensions>
          <ns3:TrackPointExtension>
            <ns3:hr>131</ns3:hr>
            <ns3:cad>0</ns3:cad>
          </ns3:TrackPointExtension>
        </extensions>
      </trkpt>
      <trkpt lat="30.93574005179107189178466796875" lon="120.02840154804289340972900390625">
        <ele>426.600006103515625</ele>
        <time>2026-05-30T02:46:03.000Z</time>
        <extensions>
          <ns3:TrackPointExtension>
            <ns3:hr>131</ns3:hr>
            <ns3:cad>0</ns3:cad>
          </ns3:TrackPointExtension>
        </extensions>
      </trkpt>
      <trkpt lat="30.93574055470526218414306640625" lon="120.02839216031134128570556640625">
        <ele>426.79998779296875</ele>
        <time>2026-05-30T02:46:04.000Z</time>
        <extensions>
          <ns3:TrackPointExtension>
            <ns3:hr>132</ns3:hr>
            <ns3:cad>0</ns3:cad>
          </ns3:TrackPointExtension>
        </extensions>
      </trkpt>
      <trkpt lat="30.9357282333076000213623046875" lon="120.02838931046426296234130859375">
        <ele>427.20001220703125</ele>
        <time>2026-05-30T02:46:06.000Z</time>
        <extensions>
          <ns3:TrackPointExtension>
            <ns3:hr>132</ns3:hr>
            <ns3:cad>0</ns3:cad>
          </ns3:TrackPointExtension>
        </extensions>
      </trkpt>
      <trkpt lat="30.9357134811580181121826171875" lon="120.02838009037077426910400390625">
        <ele>428</ele>
        <time>2026-05-30T02:46:09.000Z</time>
        <extensions>
          <ns3:TrackPointExtension>
            <ns3:hr>132</ns3:hr>
            <ns3:cad>0</ns3:cad>
          </ns3:TrackPointExtension>
        </extensions>
      </trkpt>
      <trkpt lat="30.935704596340656280517578125" lon="120.02836148254573345184326171875">
        <ele>428.79998779296875</ele>
        <time>2026-05-30T02:46:12.000Z</time>
        <extensions>
          <ns3:TrackPointExtension>
            <ns3:hr>133</ns3:hr>
            <ns3:cad>0</ns3:cad>
          </ns3:TrackPointExtension>
        </extensions>
      </trkpt>
      <trkpt lat="30.93569646589457988739013671875" lon="120.0283442996442317962646484375">
        <ele>429</ele>
        <time>2026-05-30T02:46:13.000Z</time>
        <extensions>
          <ns3:TrackPointExtension>
            <ns3:hr>133</ns3:hr>
            <ns3:cad>0</ns3:cad>
          </ns3:TrackPointExtension>
        </extensions>
      </trkpt>
      <trkpt lat="30.93565790913999080657958984375" lon="120.02828545868396759033203125">
        <ele>429.79998779296875</ele>
        <time>2026-05-30T02:46:19.000Z</time>
        <extensions>
          <ns3:TrackPointExtension>
            <ns3:hr>133</ns3:hr>
            <ns3:cad>54</ns3:cad>
          </ns3:TrackPointExtension>
        </extensions>
      </trkpt>
      <trkpt lat="30.935618095099925994873046875" lon="120.0282204151153564453125">
        <ele>429.600006103515625</ele>
        <time>2026-05-30T02:46:27.000Z</time>
        <extensions>
          <ns3:TrackPointExtension>
            <ns3:hr>133</ns3:hr>
            <ns3:cad>51</ns3:cad>
          </ns3:TrackPointExtension>
        </extensions>
      </trkpt>
      <trkpt lat="30.93559420667588710784912109375" lon="120.0281944312155246734619140625">
        <ele>429.399993896484375</ele>
        <time>2026-05-30T02:46:33.000Z</time>
        <extensions>
          <ns3:TrackPointExtension>
            <ns3:hr>130</ns3:hr>
            <ns3:cad>0</ns3:cad>
          </ns3:TrackPointExtension>
        </extensions>
      </trkpt>
      <trkpt lat="30.935589261353015899658203125" lon="120.0281904079020023345947265625">
        <ele>429.600006103515625</ele>
        <time>2026-05-30T02:46:34.000Z</time>
        <extensions>
          <ns3:TrackPointExtension>
            <ns3:hr>129</ns3:hr>
            <ns3:cad>0</ns3:cad>
          </ns3:TrackPointExtension>
        </extensions>
      </trkpt>
      <trkpt lat="30.93558557331562042236328125" lon="120.028174817562103271484375">
        <ele>429.79998779296875</ele>
        <time>2026-05-30T02:46:38.000Z</time>
        <extensions>
          <ns3:TrackPointExtension>
            <ns3:hr>126</ns3:hr>
            <ns3:cad>0</ns3:cad>
          </ns3:TrackPointExtension>
        </extensions>
      </trkpt>
      <trkpt lat="30.93557375483214855194091796875" lon="120.02814975567162036895751953125">
        <ele>429.79998779296875</ele>
        <time>2026-05-30T02:46:41.000Z</time>
        <extensions>
          <ns3:TrackPointExtension>
            <ns3:hr>125</ns3:hr>
            <ns3:cad>0</ns3:cad>
          </ns3:TrackPointExtension>
        </extensions>
      </trkpt>
      <trkpt lat="30.93556051142513751983642578125" lon="120.02810650505125522613525390625">
        <ele>429.79998779296875</ele>
        <time>2026-05-30T02:46:46.000Z</time>
        <extensions>
          <ns3:TrackPointExtension>
            <ns3:hr>126</ns3:hr>
            <ns3:cad>51</ns3:cad>
          </ns3:TrackPointExtension>
        </extensions>
      </trkpt>
      <trkpt lat="30.93556839041411876678466796875" lon="120.02809678204357624053955078125">
        <ele>429.79998779296875</ele>
        <time>2026-05-30T02:46:47.000Z</time>
        <extensions>
          <ns3:TrackPointExtension>
            <ns3:hr>126</ns3:hr>
            <ns3:cad>53</ns3:cad>
          </ns3:TrackPointExtension>
        </extensions>
      </trkpt>
      <trkpt lat="30.93559588305652141571044921875" lon="120.0280700437724590301513671875">
        <ele>430.20001220703125</ele>
        <time>2026-05-30T02:46:50.000Z</time>
        <extensions>
          <ns3:TrackPointExtension>
            <ns3:hr>124</ns3:hr>
            <ns3:cad>55</ns3:cad>
          </ns3:TrackPointExtension>
        </extensions>
      </trkpt>
      <trkpt lat="30.9356380440294742584228515625" lon="120.02803877927362918853759765625">
        <ele>430.399993896484375</ele>
        <time>2026-05-30T02:46:54.000Z</time>
        <extensions>
          <ns3:TrackPointExtension>
            <ns3:hr>122</ns3:hr>
            <ns3:cad>55</ns3:cad>
          </ns3:TrackPointExtension>
        </extensions>
      </trkpt>
      <trkpt lat="30.93572102487087249755859375" lon="120.02801145426928997039794921875">
        <ele>431.20001220703125</ele>
        <time>2026-05-30T02:47:02.000Z</time>
        <extensions>
          <ns3:TrackPointExtension>
            <ns3:hr>122</ns3:hr>
            <ns3:cad>54</ns3:cad>
          </ns3:TrackPointExtension>
        </extensions>
      </trkpt>
      <trkpt lat="30.9357574023306369781494140625" lon="120.02799703739583492279052734375">
        <ele>431.399993896484375</ele>
        <time>2026-05-30T02:47:06.000Z</time>
        <extensions>
          <ns3:TrackPointExtension>
            <ns3:hr>119</ns3:hr>
            <ns3:cad>54</ns3:cad>
          </ns3:TrackPointExtension>
        </extensions>
      </trkpt>
      <trkpt lat="30.93580174259841442108154296875" lon="120.02796493470668792724609375">
        <ele>432.399993896484375</ele>
        <time>2026-05-30T02:47:10.000Z</time>
        <extensions>
          <ns3:TrackPointExtension>
            <ns3:hr>116</ns3:hr>
            <ns3:cad>0</ns3:cad>
          </ns3:TrackPointExtension>
        </extensions>
      </trkpt>
      <trkpt lat="30.93587583862245082855224609375" lon="120.027904249727725982666015625">
        <ele>433.399993896484375</ele>
        <time>2026-05-30T02:47:14.000Z</time>
        <extensions>
          <ns3:TrackPointExtension>
            <ns3:hr>116</ns3:hr>
            <ns3:cad>75</ns3:cad>
          </ns3:TrackPointExtension>
        </extensions>
      </trkpt>
      <trkpt lat="30.935912467539310455322265625" lon="120.02787030301988124847412109375">
        <ele>434.20001220703125</ele>
        <time>2026-05-30T02:47:17.000Z</time>
        <extensions>
          <ns3:TrackPointExtension>
            <ns3:hr>117</ns3:hr>
            <ns3:cad>77</ns3:cad>
          </ns3:TrackPointExtension>
        </extensions>
      </trkpt>
      <trkpt lat="30.935923866927623748779296875" lon="120.02785898745059967041015625">
        <ele>434.399993896484375</ele>
        <time>2026-05-30T02:47:18.000Z</time>
        <extensions>
          <ns3:TrackPointExtension>
            <ns3:hr>121</ns3:hr>
            <ns3:cad>77</ns3:cad>
          </ns3:TrackPointExtension>
        </extensions>
      </trkpt>
      <trkpt lat="30.9359337575733661651611328125" lon="120.0278511084616184234619140625">
        <ele>434.600006103515625</ele>
        <time>2026-05-30T02:47:19.000Z</time>
        <extensions>
          <ns3:TrackPointExtension>
            <ns3:hr>122</ns3:hr>
            <ns3:cad>76</ns3:cad>
          </ns3:TrackPointExtension>
        </extensions>
      </trkpt>
      <trkpt lat="30.93595462851226329803466796875" lon="120.0278286449611186981201171875">
        <ele>435.20001220703125</ele>
        <time>2026-05-30T02:47:21.000Z</time>
        <extensions>
          <ns3:TrackPointExtension>
            <ns3:hr>125</ns3:hr>
            <ns3:cad>76</ns3:cad>
          </ns3:TrackPointExtension>
        </extensions>
      </trkpt>
      <trkpt lat="30.9359644353389739990234375" lon="120.027782879769802093505859375">
        <ele>435.600006103515625</ele>
        <time>2026-05-30T02:47:24.000Z</time>
        <extensions>
          <ns3:TrackPointExtension>
            <ns3:hr>127</ns3:hr>
            <ns3:cad>77</ns3:cad>
          </ns3:TrackPointExtension>
        </extensions>
      </trkpt>
      <trkpt lat="30.93597776256501674652099609375" lon="120.02775815315544605255126953125">
        <ele>436.20001220703125</ele>
        <time>2026-05-30T02:47:27.000Z</time>
        <extensions>
          <ns3:TrackPointExtension>
            <ns3:hr>130</ns3:hr>
            <ns3:cad>77</ns3:cad>
          </ns3:TrackPointExtension>
        </extensions>
      </trkpt>
      <trkpt lat="30.93599318526685237884521484375" lon="120.02773552201688289642333984375">
        <ele>436.79998779296875</ele>
        <time>2026-05-30T02:47:31.000Z</time>
        <extensions>
          <ns3:TrackPointExtension>
            <ns3:hr>128</ns3:hr>
            <ns3:cad>77</ns3:cad>
          </ns3:TrackPointExtension>
        </extensions>
      </trkpt>
      <trkpt lat="30.93603140674531459808349609375" lon="120.0276747532188892364501953125">
        <ele>437.79998779296875</ele>
        <time>2026-05-30T02:47:36.000Z</time>
        <extensions>
          <ns3:TrackPointExtension>
            <ns3:hr>126</ns3:hr>
            <ns3:cad>52</ns3:cad>
          </ns3:TrackPointExtension>
        </extensions>
      </trkpt>
      <trkpt lat="30.93606644310057163238525390625" lon="120.02762429416179656982421875">
        <ele>439</ele>
        <time>2026-05-30T02:47:39.000Z</time>
        <extensions>
          <ns3:TrackPointExtension>
            <ns3:hr>125</ns3:hr>
            <ns3:cad>80</ns3:cad>
          </ns3:TrackPointExtension>
        </extensions>
      </trkpt>
      <trkpt lat="30.936089493334293365478515625" lon="120.0275882519781589508056640625">
        <ele>440</ele>
        <time>2026-05-30T02:47:42.000Z</time>
        <extensions>
          <ns3:TrackPointExtension>
            <ns3:hr>126</ns3:hr>
            <ns3:cad>80</ns3:cad>
          </ns3:TrackPointExtension>
        </extensions>
      </trkpt>
      <trkpt lat="30.9361013956367969512939453125" lon="120.02756805159151554107666015625">
        <ele>440.600006103515625</ele>
        <time>2026-05-30T02:47:44.000Z</time>
        <extensions>
          <ns3:TrackPointExtension>
            <ns3:hr>131</ns3:hr>
            <ns3:cad>80</ns3:cad>
          </ns3:TrackPointExtension>
        </extensions>
      </trkpt>
      <trkpt lat="30.9361101128160953521728515625" lon="120.02754944376647472381591796875">
        <ele>440.79998779296875</ele>
        <time>2026-05-30T02:47:46.000Z</time>
        <extensions>
          <ns3:TrackPointExtension>
            <ns3:hr>136</ns3:hr>
            <ns3:cad>80</ns3:cad>
          </ns3:TrackPointExtension>
        </extensions>
      </trkpt>
      <trkpt lat="30.93611371703445911407470703125" lon="120.027533434331417083740234375">
        <ele>441.20001220703125</ele>
        <time>2026-05-30T02:47:48.000Z</time>
        <extensions>
          <ns3:TrackPointExtension>
            <ns3:hr>135</ns3:hr>
            <ns3:cad>58</ns3:cad>
          </ns3:TrackPointExtension>
        </extensions>
      </trkpt>
      <trkpt lat="30.93614825047552585601806640625" lon="120.02747316844761371612548828125">
        <ele>442.20001220703125</ele>
        <time>2026-05-30T02:47:53.000Z</time>
        <extensions>
          <ns3:TrackPointExtension>
            <ns3:hr>134</ns3:hr>
            <ns3:cad>53</ns3:cad>
          </ns3:TrackPointExtension>
        </extensions>
      </trkpt>
      <trkpt lat="30.93615428544580936431884765625" lon="120.02746042795479297637939453125">
        <ele>442.399993896484375</ele>
        <time>2026-05-30T02:47:54.000Z</time>
        <extensions>
          <ns3:TrackPointExtension>
            <ns3:hr>134</ns3:hr>
            <ns3:cad>53</ns3:cad>
          </ns3:TrackPointExtension>
        </extensions>
      </trkpt>
      <trkpt lat="30.936188064515590667724609375" lon="120.027434192597866058349609375">
        <ele>443.399993896484375</ele>
        <time>2026-05-30T02:47:58.000Z</time>
        <extensions>
          <ns3:TrackPointExtension>
            <ns3:hr>133</ns3:hr>
            <ns3:cad>52</ns3:cad>
          </ns3:TrackPointExtension>
        </extensions>
      </trkpt>
      <trkpt lat="30.9362006373703479766845703125" lon="120.02742371521890163421630859375">
        <ele>443.600006103515625</ele>
        <time>2026-05-30T02:47:59.000Z</time>
        <extensions>
          <ns3:TrackPointExtension>
            <ns3:hr>133</ns3:hr>
            <ns3:cad>52</ns3:cad>
          </ns3:TrackPointExtension>
        </extensions>
      </trkpt>
      <trkpt lat="30.9362353384494781494140625" lon="120.0273907743394374847412109375">
        <ele>444.399993896484375</ele>
        <time>2026-05-30T02:48:04.000Z</time>
        <extensions>
          <ns3:TrackPointExtension>
            <ns3:hr>133</ns3:hr>
            <ns3:cad>51</ns3:cad>
          </ns3:TrackPointExtension>
        </extensions>
      </trkpt>
      <trkpt lat="30.93625612556934356689453125" lon="120.02737359143793582916259765625">
        <ele>444.79998779296875</ele>
        <time>2026-05-30T02:48:06.000Z</time>
        <extensions>
          <ns3:TrackPointExtension>
            <ns3:hr>133</ns3:hr>
            <ns3:cad>51</ns3:cad>
          </ns3:TrackPointExtension>
        </extensions>
      </trkpt>
      <trkpt lat="30.93629233539104461669921875" lon="120.0273351185023784637451171875">
        <ele>445.600006103515625</ele>
        <time>2026-05-30T02:48:10.000Z</time>
        <extensions>
          <ns3:TrackPointExtension>
            <ns3:hr>133</ns3:hr>
            <ns3:cad>52</ns3:cad>
          </ns3:TrackPointExtension>
        </extensions>
      </trkpt>
      <trkpt lat="30.93629929237067699432373046875" lon="120.0273280777037143707275390625">
        <ele>445.79998779296875</ele>
        <time>2026-05-30T02:48:11.000Z</time>
        <extensions>
          <ns3:TrackPointExtension>
            <ns3:hr>133</ns3:hr>
            <ns3:cad>52</ns3:cad>
          </ns3:TrackPointExtension>
        </extensions>
      </trkpt>
      <trkpt lat="30.9363461472094058990478515625" lon="120.0272831507027149200439453125">
        <ele>446.79998779296875</ele>
        <time>2026-05-30T02:48:17.000Z</time>
        <extensions>
          <ns3:TrackPointExtension>
            <ns3:hr>133</ns3:hr>
            <ns3:cad>50</ns3:cad>
          </ns3:TrackPointExtension>
        </extensions>
      </trkpt>
      <trkpt lat="30.93640574254095554351806640625" lon="120.0272373855113983154296875">
        <ele>448</ele>
        <time>2026-05-30T02:48:24.000Z</time>
        <extensions>
          <ns3:TrackPointExtension>
            <ns3:hr>132</ns3:hr>
            <ns3:cad>52</ns3:cad>
          </ns3:TrackPointExtension>
        </extensions>
      </trkpt>
      <trkpt lat="30.93644999898970127105712890625" lon="120.0271852500736713409423828125">
        <ele>448.79998779296875</ele>
        <time>2026-05-30T02:48:31.000Z</time>
        <extensions>
          <ns3:TrackPointExtension>
            <ns3:hr>129</ns3:hr>
            <ns3:cad>55</ns3:cad>
          </ns3:TrackPointExtension>
        </extensions>
      </trkpt>
      <trkpt lat="30.93645452521741390228271484375" lon="120.02717996947467327117919921875">
        <ele>449</ele>
        <time>2026-05-30T02:48:32.000Z</time>
        <extensions>
          <ns3:TrackPointExtension>
            <ns3:hr>129</ns3:hr>
            <ns3:cad>55</ns3:cad>
          </ns3:TrackPointExtension>
        </extensions>
      </trkpt>
      <trkpt lat="30.9365131147205829620361328125" lon="120.02712599001824855804443359375">
        <ele>450.20001220703125</ele>
        <time>2026-05-30T02:48:37.000Z</time>
        <extensions>
          <ns3:TrackPointExtension>
            <ns3:hr>127</ns3:hr>
            <ns3:cad>52</ns3:cad>
          </ns3:TrackPointExtension>
        </extensions>
      </trkpt>
      <trkpt lat="30.93651923350989818572998046875" lon="120.0271198712289333343505859375">
        <ele>450.399993896484375</ele>
        <time>2026-05-30T02:48:38.000Z</time>
        <extensions>
          <ns3:TrackPointExtension>
            <ns3:hr>126</ns3:hr>
            <ns3:cad>52</ns3:cad>
          </ns3:TrackPointExtension>
        </extensions>
      </trkpt>
      <trkpt lat="30.936557538807392120361328125" lon="120.0270876847207546234130859375">
        <ele>451.399993896484375</ele>
        <time>2026-05-30T02:48:43.000Z</time>
        <extensions>
          <ns3:TrackPointExtension>
            <ns3:hr>126</ns3:hr>
            <ns3:cad>51</ns3:cad>
          </ns3:TrackPointExtension>
        </extensions>
      </trkpt>
      <trkpt lat="30.9365771524608135223388671875" lon="120.02707066945731639862060546875">
        <ele>452</ele>
        <time>2026-05-30T02:48:46.000Z</time>
        <extensions>
          <ns3:TrackPointExtension>
            <ns3:hr>126</ns3:hr>
            <ns3:cad>51</ns3:cad>
          </ns3:TrackPointExtension>
        </extensions>
      </trkpt>
      <trkpt lat="30.93660414218902587890625" lon="120.02705256454646587371826171875">
        <ele>452.399993896484375</ele>
        <time>2026-05-30T02:48:49.000Z</time>
        <extensions>
          <ns3:TrackPointExtension>
            <ns3:hr>127</ns3:hr>
            <ns3:cad>49</ns3:cad>
          </ns3:TrackPointExtension>
        </extensions>
      </trkpt>
      <trkpt lat="30.93663674779236316680908203125" lon="120.02701920457184314727783203125">
        <ele>453.399993896484375</ele>
        <time>2026-05-30T02:48:53.000Z</time>
        <extensions>
          <ns3:TrackPointExtension>
            <ns3:hr>128</ns3:hr>
            <ns3:cad>50</ns3:cad>
          </ns3:TrackPointExtension>
        </extensions>
      </trkpt>
      <trkpt lat="30.936647392809391021728515625" lon="120.02701115794479846954345703125">
        <ele>453.600006103515625</ele>
        <time>2026-05-30T02:48:54.000Z</time>
        <extensions>
          <ns3:TrackPointExtension>
            <ns3:hr>128</ns3:hr>
            <ns3:cad>50</ns3:cad>
          </ns3:TrackPointExtension>
        </extensions>
      </trkpt>
      <trkpt lat="30.9366886317729949951171875" lon="120.026977546513080596923828125">
        <ele>454.600006103515625</ele>
        <time>2026-05-30T02:48:59.000Z</time>
        <extensions>
          <ns3:TrackPointExtension>
            <ns3:hr>129</ns3:hr>
            <ns3:cad>49</ns3:cad>
          </ns3:TrackPointExtension>
        </extensions>
      </trkpt>
      <trkpt lat="30.93669458292424678802490234375" lon="120.0269716791808605194091796875">
        <ele>455</ele>
        <time>2026-05-30T02:49:00.000Z</time>
        <extensions>
          <ns3:TrackPointExtension>
            <ns3:hr>129</ns3:hr>
            <ns3:cad>48</ns3:cad>
          </ns3:TrackPointExtension>
        </extensions>
      </trkpt>
      <trkpt lat="30.93671671114861965179443359375" lon="120.0269450247287750244140625">
        <ele>455.79998779296875</ele>
        <time>2026-05-30T02:49:04.000Z</time>
        <extensions>
          <ns3:TrackPointExtension>
            <ns3:hr>129</ns3:hr>
            <ns3:cad>44</ns3:cad>
          </ns3:TrackPointExtension>
        </extensions>
      </trkpt>
      <trkpt lat="30.9367400966584682464599609375" lon="120.02692717127501964569091796875">
        <ele>456.20001220703125</ele>
        <time>2026-05-30T02:49:06.000Z</time>
        <extensions>
          <ns3:TrackPointExtension>
            <ns3:hr>128</ns3:hr>
            <ns3:cad>43</ns3:cad>
          </ns3:TrackPointExtension>
        </extensions>
      </trkpt>
      <trkpt lat="30.9367565251886844635009765625" lon="120.026911161839962005615234375">
        <ele>457</ele>
        <time>2026-05-30T02:49:09.000Z</time>
        <extensions>
          <ns3:TrackPointExtension>
            <ns3:hr>128</ns3:hr>
            <ns3:cad>45</ns3:cad>
          </ns3:TrackPointExtension>
        </extensions>
      </trkpt>
      <trkpt lat="30.93678628094494342803955078125" lon="120.026891715824604034423828125">
        <ele>457.600006103515625</ele>
        <time>2026-05-30T02:49:12.000Z</time>
        <extensions>
          <ns3:TrackPointExtension>
            <ns3:hr>128</ns3:hr>
            <ns3:cad>47</ns3:cad>
          </ns3:TrackPointExtension>
        </extensions>
      </trkpt>
      <trkpt lat="30.93679969199001789093017578125" lon="120.0268821604549884796142578125">
        <ele>458</ele>
        <time>2026-05-30T02:49:14.000Z</time>
        <extensions>
          <ns3:TrackPointExtension>
            <ns3:hr>128</ns3:hr>
            <ns3:cad>47</ns3:cad>
          </ns3:TrackPointExtension>
        </extensions>
      </trkpt>
      <trkpt lat="30.93685400672256946563720703125" lon="120.02684838138520717620849609375">
        <ele>459</ele>
        <time>2026-05-30T02:49:19.000Z</time>
        <extensions>
          <ns3:TrackPointExtension>
            <ns3:hr>129</ns3:hr>
            <ns3:cad>51</ns3:cad>
          </ns3:TrackPointExtension>
        </extensions>
      </trkpt>
      <trkpt lat="30.93690714798867702484130859375" lon="120.026795156300067901611328125">
        <ele>460.399993896484375</ele>
        <time>2026-05-30T02:49:25.000Z</time>
        <extensions>
          <ns3:TrackPointExtension>
            <ns3:hr>129</ns3:hr>
            <ns3:cad>51</ns3:cad>
          </ns3:TrackPointExtension>
        </extensions>
      </trkpt>
      <trkpt lat="30.9369174577295780181884765625" lon="120.02678518183529376983642578125">
        <ele>460.600006103515625</ele>
        <time>2026-05-30T02:49:26.000Z</time>
        <extensions>
          <ns3:TrackPointExtension>
            <ns3:hr>130</ns3:hr>
            <ns3:cad>51</ns3:cad>
          </ns3:TrackPointExtension>
        </extensions>
      </trkpt>
      <trkpt lat="30.936963558197021484375" lon="120.026756264269351959228515625">
        <ele>461.399993896484375</ele>
        <time>2026-05-30T02:49:32.000Z</time>
        <extensions>
          <ns3:TrackPointExtension>
            <ns3:hr>131</ns3:hr>
            <ns3:cad>52</ns3:cad>
          </ns3:TrackPointExtension>
        </extensions>
      </trkpt>
      <trkpt lat="30.93698442913591861724853515625" lon="120.0267406739294528961181640625">
        <ele>461.79998779296875</ele>
        <time>2026-05-30T02:49:34.000Z</time>
        <extensions>
          <ns3:TrackPointExtension>
            <ns3:hr>131</ns3:hr>
            <ns3:cad>52</ns3:cad>
          </ns3:TrackPointExtension>
        </extensions>
      </trkpt>
      <trkpt lat="30.9370130114257335662841796875" lon="120.0267125107347965240478515625">
        <ele>462.600006103515625</ele>
        <time>2026-05-30T02:49:38.000Z</time>
        <extensions>
          <ns3:TrackPointExtension>
            <ns3:hr>130</ns3:hr>
            <ns3:cad>51</ns3:cad>
          </ns3:TrackPointExtension>
        </extensions>
      </trkpt>
      <trkpt lat="30.9370505623519420623779296875" lon="120.0266776420176029205322265625">
        <ele>463.399993896484375</ele>
        <time>2026-05-30T02:49:42.000Z</time>
        <extensions>
          <ns3:TrackPointExtension>
            <ns3:hr>131</ns3:hr>
            <ns3:cad>52</ns3:cad>
          </ns3:TrackPointExtension>
        </extensions>
      </trkpt>
      <trkpt lat="30.9370602853596210479736328125" lon="120.0266675837337970733642578125">
        <ele>463.600006103515625</ele>
        <time>2026-05-30T02:49:44.000Z</time>
        <extensions>
          <ns3:TrackPointExtension>
            <ns3:hr>130</ns3:hr>
            <ns3:cad>51</ns3:cad>
          </ns3:TrackPointExtension>
        </extensions>
      </trkpt>
      <trkpt lat="30.937098003923892974853515625" lon="120.02662894316017627716064453125">
        <ele>464.600006103515625</ele>
        <time>2026-05-30T02:49:49.000Z</time>
        <extensions>
          <ns3:TrackPointExtension>
            <ns3:hr>130</ns3:hr>
            <ns3:cad>49</ns3:cad>
          </ns3:TrackPointExtension>
        </extensions>
      </trkpt>
      <trkpt lat="30.93712423928081989288330078125" lon="120.02658493816852569580078125">
        <ele>465.79998779296875</ele>
        <time>2026-05-30T02:49:54.000Z</time>
        <extensions>
          <ns3:TrackPointExtension>
            <ns3:hr>130</ns3:hr>
            <ns3:cad>47</ns3:cad>
          </ns3:TrackPointExtension>
        </extensions>
      </trkpt>
      <trkpt lat="30.93712910078465938568115234375" lon="120.02657295204699039459228515625">
        <ele>466</ele>
        <time>2026-05-30T02:49:55.000Z</time>
        <extensions>
          <ns3:TrackPointExtension>
            <ns3:hr>129</ns3:hr>
            <ns3:cad>47</ns3:cad>
          </ns3:TrackPointExtension>
        </extensions>
      </trkpt>
      <trkpt lat="30.9371459484100341796875" lon="120.0265250913798809051513671875">
        <ele>466.79998779296875</ele>
        <time>2026-05-30T02:49:59.000Z</time>
        <extensions>
          <ns3:TrackPointExtension>
            <ns3:hr>129</ns3:hr>
            <ns3:cad>48</ns3:cad>
          </ns3:TrackPointExtension>
        </extensions>
      </trkpt>
      <trkpt lat="30.93715240247547626495361328125" lon="120.026501119136810302734375">
        <ele>467.20001220703125</ele>
        <time>2026-05-30T02:50:01.000Z</time>
        <extensions>
          <ns3:TrackPointExtension>
            <ns3:hr>129</ns3:hr>
            <ns3:cad>48</ns3:cad>
          </ns3:TrackPointExtension>
        </extensions>
      </trkpt>
      <trkpt lat="30.93715860508382320404052734375" lon="120.02647228538990020751953125">
        <ele>468</ele>
        <time>2026-05-30T02:50:04.000Z</time>
        <extensions>
          <ns3:TrackPointExtension>
            <ns3:hr>128</ns3:hr>
            <ns3:cad>49</ns3:cad>
          </ns3:TrackPointExtension>
        </extensions>
      </trkpt>
      <trkpt lat="30.93716145493090152740478515625" lon="120.0264402665197849273681640625">
        <ele>468.399993896484375</ele>
        <time>2026-05-30T02:50:07.000Z</time>
        <extensions>
          <ns3:TrackPointExtension>
            <ns3:hr>128</ns3:hr>
            <ns3:cad>50</ns3:cad>
          </ns3:TrackPointExtension>
        </extensions>
      </trkpt>
      <trkpt lat="30.9371618740260601043701171875" lon="120.02640246413648128509521484375">
        <ele>469.20001220703125</ele>
        <time>2026-05-30T02:50:10.000Z</time>
        <extensions>
          <ns3:TrackPointExtension>
            <ns3:hr>129</ns3:hr>
            <ns3:cad>51</ns3:cad>
          </ns3:TrackPointExtension>
        </extensions>
      </trkpt>
      <trkpt lat="30.93713262118399143218994140625" lon="120.0263058207929134368896484375">
        <ele>470.20001220703125</ele>
        <time>2026-05-30T02:50:17.000Z</time>
        <extensions>
          <ns3:TrackPointExtension>
            <ns3:hr>128</ns3:hr>
            <ns3:cad>0</ns3:cad>
          </ns3:TrackPointExtension>
        </extensions>
      </trkpt>
      <trkpt lat="30.937120132148265838623046875" lon="120.02627313137054443359375">
        <ele>471</ele>
        <time>2026-05-30T02:50:22.000Z</time>
        <extensions>
          <ns3:TrackPointExtension>
            <ns3:hr>128</ns3:hr>
            <ns3:cad>0</ns3:cad>
          </ns3:TrackPointExtension>
        </extensions>
      </trkpt>
      <trkpt lat="30.93710563145577907562255859375" lon="120.0262605585157871246337890625">
        <ele>471.399993896484375</ele>
        <time>2026-05-30T02:50:24.000Z</time>
        <extensions>
          <ns3:TrackPointExtension>
            <ns3:hr>128</ns3:hr>
            <ns3:cad>0</ns3:cad>
          </ns3:TrackPointExtension>
        </extensions>
      </trkpt>
      <trkpt lat="30.937055759131908416748046875" lon="120.02621839754283428192138671875">
        <ele>472.399993896484375</ele>
        <time>2026-05-30T02:50:30.000Z</time>
        <extensions>
          <ns3:TrackPointExtension>
            <ns3:hr>128</ns3:hr>
            <ns3:cad>48</ns3:cad>
          </ns3:TrackPointExtension>
        </extensions>
      </trkpt>
      <trkpt lat="30.937052071094512939453125" lon="120.02621219493448734283447265625">
        <ele>472.600006103515625</ele>
        <time>2026-05-30T02:50:31.000Z</time>
        <extensions>
          <ns3:TrackPointExtension>
            <ns3:hr>128</ns3:hr>
            <ns3:cad>49</ns3:cad>
          </ns3:TrackPointExtension>
        </extensions>
      </trkpt>
      <trkpt lat="30.93702382408082485198974609375" lon="120.0261740572750568389892578125">
        <ele>473.600006103515625</ele>
        <time>2026-05-30T02:50:35.000Z</time>
        <extensions>
          <ns3:TrackPointExtension>
            <ns3:hr>128</ns3:hr>
            <ns3:cad>49</ns3:cad>
          </ns3:TrackPointExtension>
        </extensions>
      </trkpt>
      <trkpt lat="30.9370099939405918121337890625" lon="120.026149749755859375">
        <ele>474</ele>
        <time>2026-05-30T02:50:38.000Z</time>
        <extensions>
          <ns3:TrackPointExtension>
            <ns3:hr>127</ns3:hr>
            <ns3:cad>48</ns3:cad>
          </ns3:TrackPointExtension>
        </extensions>
      </trkpt>
      <trkpt lat="30.93699582852423191070556640625" lon="120.026123933494091033935546875">
        <ele>474.600006103515625</ele>
        <time>2026-05-30T02:50:41.000Z</time>
        <extensions>
          <ns3:TrackPointExtension>
            <ns3:hr>126</ns3:hr>
            <ns3:cad>49</ns3:cad>
          </ns3:TrackPointExtension>
        </extensions>
      </trkpt>
      <trkpt lat="30.93698694370687007904052734375" lon="120.02608562819659709930419921875">
        <ele>475.20001220703125</ele>
        <time>2026-05-30T02:50:44.000Z</time>
        <extensions>
          <ns3:TrackPointExtension>
            <ns3:hr>126</ns3:hr>
            <ns3:cad>47</ns3:cad>
          </ns3:TrackPointExtension>
        </extensions>
      </trkpt>
      <trkpt lat="30.9369754604995250701904296875" lon="120.0260531902313232421875">
        <ele>475.600006103515625</ele>
        <time>2026-05-30T02:50:48.000Z</time>
        <extensions>
          <ns3:TrackPointExtension>
            <ns3:hr>126</ns3:hr>
            <ns3:cad>50</ns3:cad>
          </ns3:TrackPointExtension>
        </extensions>
      </trkpt>
      <trkpt lat="30.93697973527014255523681640625" lon="120.02604539506137371063232421875">
        <ele>476.20001220703125</ele>
        <time>2026-05-30T02:50:52.000Z</time>
        <extensions>
          <ns3:TrackPointExtension>
            <ns3:hr>126</ns3:hr>
            <ns3:cad>0</ns3:cad>
          </ns3:TrackPointExtension>
        </extensions>
      </trkpt>
      <trkpt lat="30.936940424144268035888671875" lon="120.02602192573249340057373046875">
        <ele>476.600006103515625</ele>
        <time>2026-05-30T02:50:58.000Z</time>
        <extensions>
          <ns3:TrackPointExtension>
            <ns3:hr>124</ns3:hr>
            <ns3:cad>0</ns3:cad>
          </ns3:TrackPointExtension>
        </extensions>
      </trkpt>
      <trkpt lat="30.93693749047815799713134765625" lon="120.02602159045636653900146484375">
        <ele>476.79998779296875</ele>
        <time>2026-05-30T02:50:59.000Z</time>
        <extensions>
          <ns3:TrackPointExtension>
            <ns3:hr>123</ns3:hr>
            <ns3:cad>94</ns3:cad>
          </ns3:TrackPointExtension>
        </extensions>
      </trkpt>
      <trkpt lat="30.9369313716888427734375" lon="120.02601765096187591552734375">
        <ele>477</ele>
        <time>2026-05-30T02:51:03.000Z</time>
        <extensions>
          <ns3:TrackPointExtension>
            <ns3:hr>122</ns3:hr>
            <ns3:cad>50</ns3:cad>
          </ns3:TrackPointExtension>
        </extensions>
      </trkpt>
      <trkpt lat="30.9369117580354213714599609375" lon="120.0259685330092906951904296875">
        <ele>478</ele>
        <time>2026-05-30T02:51:08.000Z</time>
        <extensions>
          <ns3:TrackPointExtension>
            <ns3:hr>121</ns3:hr>
            <ns3:cad>50</ns3:cad>
          </ns3:TrackPointExtension>
        </extensions>
      </trkpt>
      <trkpt lat="30.93690614216029644012451171875" lon="120.0259574688971042633056640625">
        <ele>478.20001220703125</ele>
        <time>2026-05-30T02:51:09.000Z</time>
        <extensions>
          <ns3:TrackPointExtension>
            <ns3:hr>120</ns3:hr>
            <ns3:cad>50</ns3:cad>
          </ns3:TrackPointExtension>
        </extensions>
      </trkpt>
      <trkpt lat="30.93688703142106533050537109375" lon="120.0259101949632167816162109375">
        <ele>479.20001220703125</ele>
        <time>2026-05-30T02:51:13.000Z</time>
        <extensions>
          <ns3:TrackPointExtension>
            <ns3:hr>119</ns3:hr>
            <ns3:cad>50</ns3:cad>
          </ns3:TrackPointExtension>
        </extensions>
      </trkpt>
      <trkpt lat="30.93687328509986400604248046875" lon="120.02586535178124904632568359375">
        <ele>480.20001220703125</ele>
        <time>2026-05-30T02:51:17.000Z</time>
        <extensions>
          <ns3:TrackPointExtension>
            <ns3:hr>118</ns3:hr>
            <ns3:cad>50</ns3:cad>
          </ns3:TrackPointExtension>
        </extensions>
      </trkpt>
      <trkpt lat="30.93686490319669246673583984375" lon="120.0258226878941059112548828125">
        <ele>481.20001220703125</ele>
        <time>2026-05-30T02:51:22.000Z</time>
        <extensions>
          <ns3:TrackPointExtension>
            <ns3:hr>119</ns3:hr>
            <ns3:cad>46</ns3:cad>
          </ns3:TrackPointExtension>
        </extensions>
      </trkpt>
      <trkpt lat="30.93686473555862903594970703125" lon="120.025803744792938232421875">
        <ele>481.79998779296875</ele>
        <time>2026-05-30T02:51:24.000Z</time>
        <extensions>
          <ns3:TrackPointExtension>
            <ns3:hr>119</ns3:hr>
            <ns3:cad>46</ns3:cad>
          </ns3:TrackPointExtension>
        </extensions>
      </trkpt>
      <trkpt lat="30.93686389736831188201904296875" lon="120.02575286664068698883056640625">
        <ele>482.399993896484375</ele>
        <time>2026-05-30T02:51:27.000Z</time>
        <extensions>
          <ns3:TrackPointExtension>
            <ns3:hr>119</ns3:hr>
            <ns3:cad>47</ns3:cad>
          </ns3:TrackPointExtension>
        </extensions>
      </trkpt>
      <trkpt lat="30.93686364591121673583984375" lon="120.025715567171573638916015625">
        <ele>483</ele>
        <time>2026-05-30T02:51:30.000Z</time>
        <extensions>
          <ns3:TrackPointExtension>
            <ns3:hr>120</ns3:hr>
            <ns3:cad>48</ns3:cad>
          </ns3:TrackPointExtension>
        </extensions>
      </trkpt>
      <trkpt lat="30.9368732012808322906494140625" lon="120.02568882890045642852783203125">
        <ele>483.399993896484375</ele>
        <time>2026-05-30T02:51:32.000Z</time>
        <extensions>
          <ns3:TrackPointExtension>
            <ns3:hr>120</ns3:hr>
            <ns3:cad>48</ns3:cad>
          </ns3:TrackPointExtension>
        </extensions>
      </trkpt>
      <trkpt lat="30.936896502971649169921875" lon="120.0256369449198246002197265625">
        <ele>484.399993896484375</ele>
        <time>2026-05-30T02:51:37.000Z</time>
        <extensions>
          <ns3:TrackPointExtension>
            <ns3:hr>121</ns3:hr>
            <ns3:cad>48</ns3:cad>
          </ns3:TrackPointExtension>
        </extensions>
      </trkpt>
      <trkpt lat="30.93693631701171398162841796875" lon="120.02557315863668918609619140625">
        <ele>485.20001220703125</ele>
        <time>2026-05-30T02:51:43.000Z</time>
        <extensions>
          <ns3:TrackPointExtension>
            <ns3:hr>123</ns3:hr>
            <ns3:cad>48</ns3:cad>
          </ns3:TrackPointExtension>
        </extensions>
      </trkpt>
      <trkpt lat="30.93694788403809070587158203125" lon="120.0255611725151538848876953125">
        <ele>485.600006103515625</ele>
        <time>2026-05-30T02:51:45.000Z</time>
        <extensions>
          <ns3:TrackPointExtension>
            <ns3:hr>123</ns3:hr>
            <ns3:cad>48</ns3:cad>
          </ns3:TrackPointExtension>
        </extensions>
      </trkpt>
      <trkpt lat="30.93700421042740345001220703125" lon="120.02553845755755901336669921875">
        <ele>486.20001220703125</ele>
        <time>2026-05-30T02:51:48.000Z</time>
        <extensions>
          <ns3:TrackPointExtension>
            <ns3:hr>123</ns3:hr>
            <ns3:cad>50</ns3:cad>
          </ns3:TrackPointExtension>
        </extensions>
      </trkpt>
      <trkpt lat="30.93701963312923908233642578125" lon="120.02554533071815967559814453125">
        <ele>486.399993896484375</ele>
        <time>2026-05-30T02:51:49.000Z</time>
        <extensions>
          <ns3:TrackPointExtension>
            <ns3:hr>123</ns3:hr>
            <ns3:cad>79</ns3:cad>
          </ns3:TrackPointExtension>
        </extensions>
      </trkpt>
      <trkpt lat="30.9370319545269012451171875" lon="120.02556108869612216949462890625">
        <ele>486.600006103515625</ele>
        <time>2026-05-30T02:51:50.000Z</time>
        <extensions>
          <ns3:TrackPointExtension>
            <ns3:hr>123</ns3:hr>
            <ns3:cad>79</ns3:cad>
          </ns3:TrackPointExtension>
        </extensions>
      </trkpt>
      <trkpt lat="30.93703907914459705352783203125" lon="120.0255797803401947021484375">
        <ele>486.79998779296875</ele>
        <time>2026-05-30T02:51:51.000Z</time>
        <extensions>
          <ns3:TrackPointExtension>
            <ns3:hr>123</ns3:hr>
            <ns3:cad>79</ns3:cad>
          </ns3:TrackPointExtension>
        </extensions>
      </trkpt>
      <trkpt lat="30.93703874386847019195556640625" lon="120.025606937706470489501953125">
        <ele>487</ele>
        <time>2026-05-30T02:51:52.000Z</time>
        <extensions>
          <ns3:TrackPointExtension>
            <ns3:hr>123</ns3:hr>
            <ns3:cad>76</ns3:cad>
          </ns3:TrackPointExtension>
        </extensions>
      </trkpt>
      <trkpt lat="30.93703103251755237579345703125" lon="120.02566519193351268768310546875">
        <ele>487.79998779296875</ele>
        <time>2026-05-30T02:51:55.000Z</time>
        <extensions>
          <ns3:TrackPointExtension>
            <ns3:hr>126</ns3:hr>
            <ns3:cad>77</ns3:cad>
          </ns3:TrackPointExtension>
        </extensions>
      </trkpt>
      <trkpt lat="30.93703237362205982208251953125" lon="120.02567793242633342742919921875">
        <ele>488.20001220703125</ele>
        <time>2026-05-30T02:51:56.000Z</time>
        <extensions>
          <ns3:TrackPointExtension>
            <ns3:hr>130</ns3:hr>
            <ns3:cad>77</ns3:cad>
          </ns3:TrackPointExtension>
        </extensions>
      </trkpt>
      <trkpt lat="30.9370321221649646759033203125" lon="120.02569285221397876739501953125">
        <ele>488.399993896484375</ele>
        <time>2026-05-30T02:51:57.000Z</time>
        <extensions>
          <ns3:TrackPointExtension>
            <ns3:hr>135</ns3:hr>
            <ns3:cad>80</ns3:cad>
          </ns3:TrackPointExtension>
        </extensions>
      </trkpt>
      <trkpt lat="30.937035642564296722412109375" lon="120.02572436816990375518798828125">
        <ele>488.79998779296875</ele>
        <time>2026-05-30T02:51:59.000Z</time>
        <extensions>
          <ns3:TrackPointExtension>
            <ns3:hr>137</ns3:hr>
            <ns3:cad>80</ns3:cad>
          </ns3:TrackPointExtension>
        </extensions>
      </trkpt>
      <trkpt lat="30.9370480477809906005859375" lon="120.02575940452516078948974609375">
        <ele>489</ele>
        <time>2026-05-30T02:52:01.000Z</time>
        <extensions>
          <ns3:TrackPointExtension>
            <ns3:hr>139</ns3:hr>
            <ns3:cad>80</ns3:cad>
          </ns3:TrackPointExtension>
        </extensions>
      </trkpt>
      <trkpt lat="30.937102027237415313720703125" lon="120.025846995413303375244140625">
        <ele>490.399993896484375</ele>
        <time>2026-05-30T02:52:05.000Z</time>
        <extensions>
          <ns3:TrackPointExtension>
            <ns3:hr>141</ns3:hr>
            <ns3:cad>79</ns3:cad>
          </ns3:TrackPointExtension>
        </extensions>
      </trkpt>
      <trkpt lat="30.937122814357280731201171875" lon="120.0258639268577098846435546875">
        <ele>490.79998779296875</ele>
        <time>2026-05-30T02:52:06.000Z</time>
        <extensions>
          <ns3:TrackPointExtension>
            <ns3:hr>141</ns3:hr>
            <ns3:cad>79</ns3:cad>
          </ns3:TrackPointExtension>
        </extensions>
      </trkpt>
      <trkpt lat="30.937175117433071136474609375" lon="120.02589024603366851806640625">
        <ele>491.600006103515625</ele>
        <time>2026-05-30T02:52:08.000Z</time>
        <extensions>
          <ns3:TrackPointExtension>
            <ns3:hr>143</ns3:hr>
            <ns3:cad>82</ns3:cad>
          </ns3:TrackPointExtension>
        </extensions>
      </trkpt>
      <trkpt lat="30.937250889837741851806640625" lon="120.02591706812381744384765625">
        <ele>492.79998779296875</ele>
        <time>2026-05-30T02:52:11.000Z</time>
        <extensions>
          <ns3:TrackPointExtension>
            <ns3:hr>146</ns3:hr>
            <ns3:cad>82</ns3:cad>
          </ns3:TrackPointExtension>
        </extensions>
      </trkpt>
      <trkpt lat="30.93727025203406810760498046875" lon="120.025924108922481536865234375">
        <ele>493.20001220703125</ele>
        <time>2026-05-30T02:52:12.000Z</time>
        <extensions>
          <ns3:TrackPointExtension>
            <ns3:hr>148</ns3:hr>
            <ns3:cad>82</ns3:cad>
          </ns3:TrackPointExtension>
        </extensions>
      </trkpt>
      <trkpt lat="30.937311910092830657958984375" lon="120.02594397403299808502197265625">
        <ele>494</ele>
        <time>2026-05-30T02:52:14.000Z</time>
        <extensions>
          <ns3:TrackPointExtension>
            <ns3:hr>149</ns3:hr>
            <ns3:cad>81</ns3:cad>
          </ns3:TrackPointExtension>
        </extensions>
      </trkpt>
      <trkpt lat="30.937373600900173187255859375" lon="120.0259601511061191558837890625">
        <ele>495.20001220703125</ele>
        <time>2026-05-30T02:52:17.000Z</time>
        <extensions>
          <ns3:TrackPointExtension>
            <ns3:hr>152</ns3:hr>
            <ns3:cad>81</ns3:cad>
          </ns3:TrackPointExtension>
        </extensions>
      </trkpt>
      <trkpt lat="30.93741676770150661468505859375" lon="120.02597431652247905731201171875">
        <ele>496</ele>
        <time>2026-05-30T02:52:19.000Z</time>
        <extensions>
          <ns3:TrackPointExtension>
            <ns3:hr>154</ns3:hr>
            <ns3:cad>81</ns3:cad>
          </ns3:TrackPointExtension>
        </extensions>
      </trkpt>
      <trkpt lat="30.93743621371686458587646484375" lon="120.025979764759540557861328125">
        <ele>496.399993896484375</ele>
        <time>2026-05-30T02:52:20.000Z</time>
        <extensions>
          <ns3:TrackPointExtension>
            <ns3:hr>155</ns3:hr>
            <ns3:cad>81</ns3:cad>
          </ns3:TrackPointExtension>
        </extensions>
      </trkpt>
      <trkpt lat="30.93750511296093463897705078125" lon="120.0259983725845813751220703125">
        <ele>497.79998779296875</ele>
        <time>2026-05-30T02:52:23.000Z</time>
        <extensions>
          <ns3:TrackPointExtension>
            <ns3:hr>155</ns3:hr>
            <ns3:cad>82</ns3:cad>
          </ns3:TrackPointExtension>
        </extensions>
      </trkpt>
      <trkpt lat="30.9375683963298797607421875" lon="120.02602511085569858551025390625">
        <ele>499.20001220703125</ele>
        <time>2026-05-30T02:52:26.000Z</time>
        <extensions>
          <ns3:TrackPointExtension>
            <ns3:hr>157</ns3:hr>
            <ns3:cad>81</ns3:cad>
          </ns3:TrackPointExtension>
        </extensions>
      </trkpt>
      <trkpt lat="30.9376315958797931671142578125" lon="120.02604807727038860321044921875">
        <ele>500.399993896484375</ele>
        <time>2026-05-30T02:52:29.000Z</time>
        <extensions>
          <ns3:TrackPointExtension>
            <ns3:hr>158</ns3:hr>
            <ns3:cad>81</ns3:cad>
          </ns3:TrackPointExtension>
        </extensions>
      </trkpt>
      <trkpt lat="30.93768817372620105743408203125" lon="120.02607506699860095977783203125">
        <ele>501.399993896484375</ele>
        <time>2026-05-30T02:52:32.000Z</time>
        <extensions>
          <ns3:TrackPointExtension>
            <ns3:hr>158</ns3:hr>
            <ns3:cad>80</ns3:cad>
          </ns3:TrackPointExtension>
        </extensions>
      </trkpt>
      <trkpt lat="30.93772195279598236083984375" lon="120.026082359254360198974609375">
        <ele>501.79998779296875</ele>
        <time>2026-05-30T02:52:34.000Z</time>
        <extensions>
          <ns3:TrackPointExtension>
            <ns3:hr>158</ns3:hr>
            <ns3:cad>79</ns3:cad>
          </ns3:TrackPointExtension>
        </extensions>
      </trkpt>
      <trkpt lat="30.9377579949796199798583984375" lon="120.02607054077088832855224609375">
        <ele>502.399993896484375</ele>
        <time>2026-05-30T02:52:37.000Z</time>
        <extensions>
          <ns3:TrackPointExtension>
            <ns3:hr>159</ns3:hr>
            <ns3:cad>0</ns3:cad>
          </ns3:TrackPointExtension>
        </extensions>
      </trkpt>
      <trkpt lat="30.93776461668312549591064453125" lon="120.0260493345558643341064453125">
        <ele>502.600006103515625</ele>
        <time>2026-05-30T02:52:39.000Z</time>
        <extensions>
          <ns3:TrackPointExtension>
            <ns3:hr>159</ns3:hr>
            <ns3:cad>0</ns3:cad>
          </ns3:TrackPointExtension>
        </extensions>
      </trkpt>
      <trkpt lat="30.937777273356914520263671875" lon="120.0259229354560375213623046875">
        <ele>503.20001220703125</ele>
        <time>2026-05-30T02:52:47.000Z</time>
        <extensions>
          <ns3:TrackPointExtension>
            <ns3:hr>159</ns3:hr>
            <ns3:cad>56</ns3:cad>
          </ns3:TrackPointExtension>
        </extensions>
      </trkpt>
      <trkpt lat="30.9377791173756122589111328125" lon="120.025884211063385009765625">
        <ele>503.600006103515625</ele>
        <time>2026-05-30T02:52:50.000Z</time>
        <extensions>
          <ns3:TrackPointExtension>
            <ns3:hr>159</ns3:hr>
            <ns3:cad>55</ns3:cad>
          </ns3:TrackPointExtension>
        </extensions>
      </trkpt>
      <trkpt lat="30.937781631946563720703125" lon="120.025788657367229461669921875">
        <ele>504.20001220703125</ele>
        <time>2026-05-30T02:52:56.000Z</time>
        <extensions>
          <ns3:TrackPointExtension>
            <ns3:hr>156</ns3:hr>
            <ns3:cad>57</ns3:cad>
          </ns3:TrackPointExtension>
        </extensions>
      </trkpt>
      <trkpt lat="30.93778255395591259002685546875" lon="120.02576627768576145172119140625">
        <ele>504.399993896484375</ele>
        <time>2026-05-30T02:52:58.000Z</time>
        <extensions>
          <ns3:TrackPointExtension>
            <ns3:hr>154</ns3:hr>
            <ns3:cad>57</ns3:cad>
          </ns3:TrackPointExtension>
        </extensions>
      </trkpt>
      <trkpt lat="30.93780040740966796875" lon="120.02568145282566547393798828125">
        <ele>504.600006103515625</ele>
        <time>2026-05-30T02:53:03.000Z</time>
        <extensions>
          <ns3:TrackPointExtension>
            <ns3:hr>152</ns3:hr>
            <ns3:cad>57</ns3:cad>
          </ns3:TrackPointExtension>
        </extensions>
      </trkpt>
      <trkpt lat="30.93781826086342334747314453125" lon="120.025628395378589630126953125">
        <ele>504.79998779296875</ele>
        <time>2026-05-30T02:53:07.000Z</time>
        <extensions>
          <ns3:TrackPointExtension>
            <ns3:hr>151</ns3:hr>
            <ns3:cad>57</ns3:cad>
          </ns3:TrackPointExtension>
        </extensions>
      </trkpt>
      <trkpt lat="30.9378833882510662078857421875" lon="120.02554289996623992919921875">
        <ele>504.600006103515625</ele>
        <time>2026-05-30T02:53:13.000Z</time>
        <extensions>
          <ns3:TrackPointExtension>
            <ns3:hr>148</ns3:hr>
            <ns3:cad>57</ns3:cad>
          </ns3:TrackPointExtension>
        </extensions>
      </trkpt>
      <trkpt lat="30.93789872713387012481689453125" lon="120.02549118362367153167724609375">
        <ele>504.399993896484375</ele>
        <time>2026-05-30T02:53:18.000Z</time>
        <extensions>
          <ns3:TrackPointExtension>
            <ns3:hr>145</ns3:hr>
            <ns3:cad>118</ns3:cad>
          </ns3:TrackPointExtension>
        </extensions>
      </trkpt>
      <trkpt lat="30.93789956532418727874755859375" lon="120.0254679657518863677978515625">
        <ele>504</ele>
        <time>2026-05-30T02:53:21.000Z</time>
        <extensions>
          <ns3:TrackPointExtension>
            <ns3:hr>143</ns3:hr>
            <ns3:cad>59</ns3:cad>
          </ns3:TrackPointExtension>
        </extensions>
      </trkpt>
      <trkpt lat="30.93791549094021320343017578125" lon="120.025426559150218963623046875">
        <ele>504</ele>
        <time>2026-05-30T02:53:25.000Z</time>
        <extensions>
          <ns3:TrackPointExtension>
            <ns3:hr>140</ns3:hr>
            <ns3:cad>59</ns3:cad>
          </ns3:TrackPointExtension>
        </extensions>
      </trkpt>
      <trkpt lat="30.9379068575799465179443359375" lon="120.02541423775255680084228515625">
        <ele>504</ele>
        <time>2026-05-30T02:53:27.000Z</time>
        <extensions>
          <ns3:TrackPointExtension>
            <ns3:hr>138</ns3:hr>
            <ns3:cad>0</ns3:cad>
          </ns3:TrackPointExtension>
        </extensions>
      </trkpt>
      <trkpt lat="30.93790174461901187896728515625" lon="120.02540971152484416961669921875">
        <ele>504.20001220703125</ele>
        <time>2026-05-30T02:53:28.000Z</time>
        <extensions>
          <ns3:TrackPointExtension>
            <ns3:hr>137</ns3:hr>
            <ns3:cad>0</ns3:cad>
          </ns3:TrackPointExtension>
        </extensions>
      </trkpt>
      <trkpt lat="30.93788112513720989227294921875" lon="120.02542194910347461700439453125">
        <ele>505.399993896484375</ele>
        <time>2026-05-30T02:53:34.000Z</time>
        <extensions>
          <ns3:TrackPointExtension>
            <ns3:hr>136</ns3:hr>
            <ns3:cad>53</ns3:cad>
          </ns3:TrackPointExtension>
        </extensions>
      </trkpt>
      <trkpt lat="30.9378652833402156829833984375" lon="120.02543200738728046417236328125">
        <ele>506</ele>
        <time>2026-05-30T02:53:36.000Z</time>
        <extensions>
          <ns3:TrackPointExtension>
            <ns3:hr>136</ns3:hr>
            <ns3:cad>53</ns3:cad>
          </ns3:TrackPointExtension>
        </extensions>
      </trkpt>
      <trkpt lat="30.93784726224839687347412109375" lon="120.02544156275689601898193359375">
        <ele>507</ele>
        <time>2026-05-30T02:53:41.000Z</time>
        <extensions>
          <ns3:TrackPointExtension>
            <ns3:hr>135</ns3:hr>
            <ns3:cad>53</ns3:cad>
          </ns3:TrackPointExtension>
        </extensions>
      </trkpt>
      <trkpt lat="30.9378049336373805999755859375" lon="120.025458745658397674560546875">
        <ele>508.20001220703125</ele>
        <time>2026-05-30T02:53:46.000Z</time>
        <extensions>
          <ns3:TrackPointExtension>
            <ns3:hr>136</ns3:hr>
            <ns3:cad>0</ns3:cad>
          </ns3:TrackPointExtension>
        </extensions>
      </trkpt>
      <trkpt lat="30.93780484981834888458251953125" lon="120.025461427867412567138671875">
        <ele>508.399993896484375</ele>
        <time>2026-05-30T02:53:47.000Z</time>
        <extensions>
          <ns3:TrackPointExtension>
            <ns3:hr>136</ns3:hr>
            <ns3:cad>0</ns3:cad>
          </ns3:TrackPointExtension>
        </extensions>
      </trkpt>
      <trkpt lat="30.93780300579965114593505859375" lon="120.025478862226009368896484375">
        <ele>509.20001220703125</ele>
        <time>2026-05-30T02:53:51.000Z</time>
        <extensions>
          <ns3:TrackPointExtension>
            <ns3:hr>136</ns3:hr>
            <ns3:cad>49</ns3:cad>
          </ns3:TrackPointExtension>
        </extensions>
      </trkpt>
      <trkpt lat="30.93779261223971843719482421875" lon="120.02550107426941394805908203125">
        <ele>509.600006103515625</ele>
        <time>2026-05-30T02:53:53.000Z</time>
        <extensions>
          <ns3:TrackPointExtension>
            <ns3:hr>135</ns3:hr>
            <ns3:cad>49</ns3:cad>
          </ns3:TrackPointExtension>
        </extensions>
      </trkpt>
      <trkpt lat="30.93778389506042003631591796875" lon="120.02552068792283535003662109375">
        <ele>510.20001220703125</ele>
        <time>2026-05-30T02:53:56.000Z</time>
        <extensions>
          <ns3:TrackPointExtension>
            <ns3:hr>136</ns3:hr>
            <ns3:cad>0</ns3:cad>
          </ns3:TrackPointExtension>
        </extensions>
      </trkpt>
      <trkpt lat="30.93776947818696498870849609375" lon="120.02553912810981273651123046875">
        <ele>510.399993896484375</ele>
        <time>2026-05-30T02:53:58.000Z</time>
        <extensions>
          <ns3:TrackPointExtension>
            <ns3:hr>136</ns3:hr>
            <ns3:cad>0</ns3:cad>
          </ns3:TrackPointExtension>
        </extensions>
      </trkpt>
      <trkpt lat="30.9377033449709415435791015625" lon="120.0256025791168212890625">
        <ele>511.600006103515625</ele>
        <time>2026-05-30T02:54:05.000Z</time>
        <extensions>
          <ns3:TrackPointExtension>
            <ns3:hr>135</ns3:hr>
            <ns3:cad>61</ns3:cad>
          </ns3:TrackPointExtension>
        </extensions>
      </trkpt>
      <trkpt lat="30.9376976452767848968505859375" lon="120.02562336623668670654296875">
        <ele>512.79998779296875</ele>
        <time>2026-05-30T02:54:08.000Z</time>
        <extensions>
          <ns3:TrackPointExtension>
            <ns3:hr>134</ns3:hr>
            <ns3:cad>54</ns3:cad>
          </ns3:TrackPointExtension>
        </extensions>
      </trkpt>
      <trkpt lat="30.9376922808587551116943359375" lon="120.02564691938459873199462890625">
        <ele>513.4000244140625</ele>
        <time>2026-05-30T02:54:11.000Z</time>
        <extensions>
          <ns3:TrackPointExtension>
            <ns3:hr>135</ns3:hr>
            <ns3:cad>0</ns3:cad>
          </ns3:TrackPointExtension>
        </extensions>
      </trkpt>
      <trkpt lat="30.93768440186977386474609375" lon="120.025678686797618865966796875">
        <ele>513.79998779296875</ele>
        <time>2026-05-30T02:54:14.000Z</time>
        <extensions>
          <ns3:TrackPointExtension>
            <ns3:hr>137</ns3:hr>
            <ns3:cad>50</ns3:cad>
          </ns3:TrackPointExtension>
        </extensions>
      </trkpt>
      <trkpt lat="30.93768314458429813385009765625" lon="120.0256986357271671295166015625">
        <ele>514.20001220703125</ele>
        <time>2026-05-30T02:54:16.000Z</time>
        <extensions>
          <ns3:TrackPointExtension>
            <ns3:hr>138</ns3:hr>
            <ns3:cad>50</ns3:cad>
          </ns3:TrackPointExtension>
        </extensions>
      </trkpt>
      <trkpt lat="30.9376768581569194793701171875" lon="120.02571430988609790802001953125">
        <ele>514.5999755859375</ele>
        <time>2026-05-30T02:54:21.000Z</time>
        <extensions>
          <ns3:TrackPointExtension>
            <ns3:hr>139</ns3:hr>
            <ns3:cad>48</ns3:cad>
          </ns3:TrackPointExtension>
        </extensions>
      </trkpt>
      <trkpt lat="30.93767459504306316375732421875" lon="120.0257214345037937164306640625">
        <ele>515</ele>
        <time>2026-05-30T02:54:23.000Z</time>
        <extensions>
          <ns3:TrackPointExtension>
            <ns3:hr>139</ns3:hr>
            <ns3:cad>48</ns3:cad>
          </ns3:TrackPointExtension>
        </extensions>
      </trkpt>
      <trkpt lat="30.937668643891811370849609375" lon="120.0257150642573833465576171875">
        <ele>515</ele>
        <time>2026-05-30T02:54:28.000Z</time>
        <extensions>
          <ns3:TrackPointExtension>
            <ns3:hr>137</ns3:hr>
            <ns3:cad>0</ns3:cad>
          </ns3:TrackPointExtension>
        </extensions>
      </trkpt>
      <trkpt lat="30.93766369856894016265869140625" lon="120.02572352997958660125732421875">
        <ele>515</ele>
        <time>2026-05-30T02:54:33.000Z</time>
        <extensions>
          <ns3:TrackPointExtension>
            <ns3:hr>134</ns3:hr>
            <ns3:cad>0</ns3:cad>
          </ns3:TrackPointExtension>
        </extensions>
      </trkpt>
      <trkpt lat="30.9376621060073375701904296875" lon="120.02573174424469470977783203125">
        <ele>514.79998779296875</ele>
        <time>2026-05-30T02:54:36.000Z</time>
        <extensions>
          <ns3:TrackPointExtension>
            <ns3:hr>131</ns3:hr>
            <ns3:cad>0</ns3:cad>
          </ns3:TrackPointExtension>
        </extensions>
      </trkpt>
      <trkpt lat="30.9376564063131809234619140625" lon="120.02573358826339244842529296875">
        <ele>514.79998779296875</ele>
        <time>2026-05-30T02:54:38.000Z</time>
        <extensions>
          <ns3:TrackPointExtension>
            <ns3:hr>128</ns3:hr>
            <ns3:cad>0</ns3:cad>
          </ns3:TrackPointExtension>
        </extensions>
      </trkpt>
      <trkpt lat="30.937652885913848876953125" lon="120.0257351808249950408935546875">
        <ele>515</ele>
        <time>2026-05-30T02:54:41.000Z</time>
        <extensions>
          <ns3:TrackPointExtension>
            <ns3:hr>125</ns3:hr>
            <ns3:cad>0</ns3:cad>
          </ns3:TrackPointExtension>
        </extensions>
      </trkpt>
      <trkpt lat="30.9376513771712779998779296875" lon="120.0257385335862636566162109375">
        <ele>515</ele>
        <time>2026-05-30T02:54:44.000Z</time>
        <extensions>
          <ns3:TrackPointExtension>
            <ns3:hr>121</ns3:hr>
            <ns3:cad>0</ns3:cad>
          </ns3:TrackPointExtension>
        </extensions>
      </trkpt>
      <trkpt lat="30.9376513771712779998779296875" lon="120.0257385335862636566162109375">
        <ele>515</ele>
        <time>2026-05-30T02:54:47.000Z</time>
        <extensions>
          <ns3:TrackPointExtension>
            <ns3:hr>117</ns3:hr>
            <ns3:cad>0</ns3:cad>
          </ns3:TrackPointExtension>
        </extensions>
      </trkpt>
      <trkpt lat="30.9376513771712779998779296875" lon="120.0257385335862636566162109375">
        <ele>515</ele>
        <time>2026-05-30T02:54:48.000Z</time>
        <extensions>
          <ns3:TrackPointExtension>
            <ns3:hr>114</ns3:hr>
            <ns3:cad>0</ns3:cad>
          </ns3:TrackPointExtension>
        </extensions>
      </trkpt>
      <trkpt lat="30.9376513771712779998779296875" lon="120.0257385335862636566162109375">
        <ele>515</ele>
        <time>2026-05-30T02:54:51.000Z</time>
        <extensions>
          <ns3:TrackPointExtension>
            <ns3:hr>111</ns3:hr>
            <ns3:cad>0</ns3:cad>
          </ns3:TrackPointExtension>
        </extensions>
      </trkpt>
      <trkpt lat="30.9376513771712779998779296875" lon="120.0257385335862636566162109375">
        <ele>515</ele>
        <time>2026-05-30T02:54:53.000Z</time>
        <extensions>
          <ns3:TrackPointExtension>
            <ns3:hr>108</ns3:hr>
            <ns3:cad>0</ns3:cad>
          </ns3:TrackPointExtension>
        </extensions>
      </trkpt>
      <trkpt lat="30.9376513771712779998779296875" lon="120.0257385335862636566162109375">
        <ele>515</ele>
        <time>2026-05-30T02:55:02.000Z</time>
        <extensions>
          <ns3:TrackPointExtension>
            <ns3:hr>106</ns3:hr>
            <ns3:cad>0</ns3:cad>
          </ns3:TrackPointExtension>
        </extensions>
      </trkpt>
      <trkpt lat="30.9376513771712779998779296875" lon="120.0257385335862636566162109375">
        <ele>515</ele>
        <time>2026-05-30T02:55:09.000Z</time>
        <extensions>
          <ns3:TrackPointExtension>
            <ns3:hr>103</ns3:hr>
            <ns3:cad>0</ns3:cad>
          </ns3:TrackPointExtension>
        </extensions>
      </trkpt>
      <trkpt lat="30.937651880085468292236328125" lon="120.02574012614786624908447265625">
        <ele>514.79998779296875</ele>
        <time>2026-05-30T02:55:12.000Z</time>
        <extensions>
          <ns3:TrackPointExtension>
            <ns3:hr>100</ns3:hr>
            <ns3:cad>0</ns3:cad>
          </ns3:TrackPointExtension>
        </extensions>
      </trkpt>
      <trkpt lat="30.93765900470316410064697265625" lon="120.025735683739185333251953125">
        <ele>514.79998779296875</ele>
        <time>2026-05-30T02:55:15.000Z</time>
        <extensions>
          <ns3:TrackPointExtension>
            <ns3:hr>99</ns3:hr>
            <ns3:cad>62</ns3:cad>
          </ns3:TrackPointExtension>
        </extensions>
      </trkpt>
      <trkpt lat="30.9376688115298748016357421875" lon="120.025741718709468841552734375">
        <ele>515.20001220703125</ele>
        <time>2026-05-30T02:55:20.000Z</time>
        <extensions>
          <ns3:TrackPointExtension>
            <ns3:hr>99</ns3:hr>
            <ns3:cad>0</ns3:cad>
          </ns3:TrackPointExtension>
        </extensions>
      </trkpt>
      <trkpt lat="30.93765833415091037750244140625" lon="120.025752447545528411865234375">
        <ele>515</ele>
        <time>2026-05-30T02:55:27.000Z</time>
        <extensions>
          <ns3:TrackPointExtension>
            <ns3:hr>105</ns3:hr>
            <ns3:cad>0</ns3:cad>
          </ns3:TrackPointExtension>
        </extensions>
      </trkpt>
      <trkpt lat="30.93765615485608577728271484375" lon="120.02575135789811611175537109375">
        <ele>515</ele>
        <time>2026-05-30T02:55:28.000Z</time>
        <extensions>
          <ns3:TrackPointExtension>
            <ns3:hr>108</ns3:hr>
            <ns3:cad>0</ns3:cad>
          </ns3:TrackPointExtension>
        </extensions>
      </trkpt>
      <trkpt lat="30.93765364028513431549072265625" lon="120.02575152553617954254150390625">
        <ele>515</ele>
        <time>2026-05-30T02:55:29.000Z</time>
        <extensions>
          <ns3:TrackPointExtension>
            <ns3:hr>108</ns3:hr>
            <ns3:cad>0</ns3:cad>
          </ns3:TrackPointExtension>
        </extensions>
      </trkpt>
      <trkpt lat="30.937654562294483184814453125" lon="120.02574465237557888031005859375">
        <ele>514.5999755859375</ele>
        <time>2026-05-30T02:55:38.000Z</time>
        <extensions>
          <ns3:TrackPointExtension>
            <ns3:hr>108</ns3:hr>
            <ns3:cad>0</ns3:cad>
          </ns3:TrackPointExtension>
        </extensions>
      </trkpt>
      <trkpt lat="30.9376590885221958160400390625" lon="120.025749765336513519287109375">
        <ele>514.79998779296875</ele>
        <time>2026-05-30T02:55:42.000Z</time>
        <extensions>
          <ns3:TrackPointExtension>
            <ns3:hr>105</ns3:hr>
            <ns3:cad>0</ns3:cad>
          </ns3:TrackPointExtension>
        </extensions>
      </trkpt>
      <trkpt lat="30.93765757977962493896484375" lon="120.0257479213178157806396484375">
        <ele>515</ele>
        <time>2026-05-30T02:55:44.000Z</time>
        <extensions>
          <ns3:TrackPointExtension>
            <ns3:hr>100</ns3:hr>
            <ns3:cad>0</ns3:cad>
          </ns3:TrackPointExtension>
        </extensions>
      </trkpt>
      <trkpt lat="30.937657915055751800537109375" lon="120.02574867568910121917724609375">
        <ele>515</ele>
        <time>2026-05-30T02:55:45.000Z</time>
        <extensions>
          <ns3:TrackPointExtension>
            <ns3:hr>97</ns3:hr>
            <ns3:cad>0</ns3:cad>
          </ns3:TrackPointExtension>
        </extensions>
      </trkpt>
      <trkpt lat="30.9376580826938152313232421875" lon="120.0257472507655620574951171875">
        <ele>515</ele>
        <time>2026-05-30T02:55:47.000Z</time>
        <extensions>
          <ns3:TrackPointExtension>
            <ns3:hr>94</ns3:hr>
            <ns3:cad>0</ns3:cad>
          </ns3:TrackPointExtension>
        </extensions>
      </trkpt>
      <trkpt lat="30.93766252510249614715576171875" lon="120.02575018443167209625244140625">
        <ele>515</ele>
        <time>2026-05-30T02:55:48.000Z</time>
        <extensions>
          <ns3:TrackPointExtension>
            <ns3:hr>94</ns3:hr>
            <ns3:cad>0</ns3:cad>
          </ns3:TrackPointExtension>
        </extensions>
      </trkpt>
      <trkpt lat="30.93766872771084308624267578125" lon="120.0257559679448604583740234375">
        <ele>515</ele>
        <time>2026-05-30T02:55:54.000Z</time>
        <extensions>
          <ns3:TrackPointExtension>
            <ns3:hr>94</ns3:hr>
            <ns3:cad>0</ns3:cad>
          </ns3:TrackPointExtension>
        </extensions>
      </trkpt>
      <trkpt lat="30.9376654587686061859130859375" lon="120.0257532857358455657958984375">
        <ele>515.20001220703125</ele>
        <time>2026-05-30T02:55:56.000Z</time>
        <extensions>
          <ns3:TrackPointExtension>
            <ns3:hr>97</ns3:hr>
            <ns3:cad>0</ns3:cad>
          </ns3:TrackPointExtension>
        </extensions>
      </trkpt>
      <trkpt lat="30.937668643891811370849609375" lon="120.0257549621164798736572265625">
        <ele>515.20001220703125</ele>
        <time>2026-05-30T02:55:58.000Z</time>
        <extensions>
          <ns3:TrackPointExtension>
            <ns3:hr>100</ns3:hr>
            <ns3:cad>0</ns3:cad>
          </ns3:TrackPointExtension>
        </extensions>
      </trkpt>
      <trkpt lat="30.9376691468060016632080078125" lon="120.0257482565939426422119140625">
        <ele>515.20001220703125</ele>
        <time>2026-05-30T02:56:01.000Z</time>
        <extensions>
          <ns3:TrackPointExtension>
            <ns3:hr>99</ns3:hr>
            <ns3:cad>0</ns3:cad>
          </ns3:TrackPointExtension>
        </extensions>
      </trkpt>
      <trkpt lat="30.93767174519598484039306640625" lon="120.02575018443167209625244140625">
        <ele>515.4000244140625</ele>
        <time>2026-05-30T02:56:10.000Z</time>
        <extensions>
          <ns3:TrackPointExtension>
            <ns3:hr>99</ns3:hr>
            <ns3:cad>0</ns3:cad>
          </ns3:TrackPointExtension>
        </extensions>
      </trkpt>
      <trkpt lat="30.937673337757587432861328125" lon="120.02574766986072063446044921875">
        <ele>515.20001220703125</ele>
        <time>2026-05-30T02:56:13.000Z</time>
        <extensions>
          <ns3:TrackPointExtension>
            <ns3:hr>96</ns3:hr>
            <ns3:cad>0</ns3:cad>
          </ns3:TrackPointExtension>
        </extensions>
      </trkpt>
      <trkpt lat="30.93766872771084308624267578125" lon="120.02573526464402675628662109375">
        <ele>515.5999755859375</ele>
        <time>2026-05-30T02:56:20.000Z</time>
        <extensions>
          <ns3:TrackPointExtension>
            <ns3:hr>94</ns3:hr>
            <ns3:cad>0</ns3:cad>
          </ns3:TrackPointExtension>
        </extensions>
      </trkpt>
      <trkpt lat="30.93766487203538417816162109375" lon="120.02574079670011997222900390625">
        <ele>515.20001220703125</ele>
        <time>2026-05-30T02:56:26.000Z</time>
        <extensions>
          <ns3:TrackPointExtension>
            <ns3:hr>96</ns3:hr>
            <ns3:cad>0</ns3:cad>
          </ns3:TrackPointExtension>
        </extensions>
      </trkpt>
      <trkpt lat="30.93766403384506702423095703125" lon="120.0257630087435245513916015625">
        <ele>515</ele>
        <time>2026-05-30T02:56:32.000Z</time>
        <extensions>
          <ns3:TrackPointExtension>
            <ns3:hr>95</ns3:hr>
            <ns3:cad>0</ns3:cad>
          </ns3:TrackPointExtension>
        </extensions>
      </trkpt>
      <trkpt lat="30.93766688369214534759521484375" lon="120.0257556326687335968017578125">
        <ele>514.79998779296875</ele>
        <time>2026-05-30T02:56:39.000Z</time>
        <extensions>
          <ns3:TrackPointExtension>
            <ns3:hr>95</ns3:hr>
            <ns3:cad>79</ns3:cad>
          </ns3:TrackPointExtension>
        </extensions>
      </trkpt>
      <trkpt lat="30.93766671605408191680908203125" lon="120.02577331848442554473876953125">
        <ele>515.20001220703125</ele>
        <time>2026-05-30T02:56:49.000Z</time>
        <extensions>
          <ns3:TrackPointExtension>
            <ns3:hr>97</ns3:hr>
            <ns3:cad>0</ns3:cad>
          </ns3:TrackPointExtension>
        </extensions>
      </trkpt>
      <trkpt lat="30.93766872771084308624267578125" lon="120.02576627768576145172119140625">
        <ele>515.20001220703125</ele>
        <time>2026-05-30T02:56:53.000Z</time>
        <extensions>
          <ns3:TrackPointExtension>
            <ns3:hr>100</ns3:hr>
            <ns3:cad>0</ns3:cad>
          </ns3:TrackPointExtension>
        </extensions>
      </trkpt>
      <trkpt lat="30.93767124228179454803466796875" lon="120.025764517486095428466796875">
        <ele>515</ele>
        <time>2026-05-30T02:56:57.000Z</time>
        <extensions>
          <ns3:TrackPointExtension>
            <ns3:hr>97</ns3:hr>
            <ns3:cad>0</ns3:cad>
          </ns3:TrackPointExtension>
        </extensions>
      </trkpt>
      <trkpt lat="30.93767233192920684814453125" lon="120.02576225437223911285400390625">
        <ele>515</ele>
        <time>2026-05-30T02:56:58.000Z</time>
        <extensions>
          <ns3:TrackPointExtension>
            <ns3:hr>94</ns3:hr>
            <ns3:cad>0</ns3:cad>
          </ns3:TrackPointExtension>
        </extensions>
      </trkpt>
      <trkpt lat="30.93766696751117706298828125" lon="120.02575479447841644287109375">
        <ele>515</ele>
        <time>2026-05-30T02:57:09.000Z</time>
        <extensions>
          <ns3:TrackPointExtension>
            <ns3:hr>92</ns3:hr>
            <ns3:cad>0</ns3:cad>
          </ns3:TrackPointExtension>
        </extensions>
      </trkpt>
      <trkpt lat="30.93766587786376476287841796875" lon="120.0257603265345096588134765625">
        <ele>514.79998779296875</ele>
        <time>2026-05-30T02:57:11.000Z</time>
        <extensions>
          <ns3:TrackPointExtension>
            <ns3:hr>89</ns3:hr>
            <ns3:cad>0</ns3:cad>
          </ns3:TrackPointExtension>
        </extensions>
      </trkpt>
      <trkpt lat="30.93767157755792140960693359375" lon="120.02576275728642940521240234375">
        <ele>514.79998779296875</ele>
        <time>2026-05-30T02:57:17.000Z</time>
        <extensions>
          <ns3:TrackPointExtension>
            <ns3:hr>92</ns3:hr>
            <ns3:cad>0</ns3:cad>
          </ns3:TrackPointExtension>
        </extensions>
      </trkpt>
      <trkpt lat="30.93768029473721981048583984375" lon="120.02575370483100414276123046875">
        <ele>515</ele>
        <time>2026-05-30T02:57:21.000Z</time>
        <extensions>
          <ns3:TrackPointExtension>
            <ns3:hr>89</ns3:hr>
            <ns3:cad>0</ns3:cad>
          </ns3:TrackPointExtension>
        </extensions>
      </trkpt>
      <trkpt lat="30.937681384384632110595703125" lon="120.0257539562880992889404296875">
        <ele>514.79998779296875</ele>
        <time>2026-05-30T02:57:22.000Z</time>
        <extensions>
          <ns3:TrackPointExtension>
            <ns3:hr>86</ns3:hr>
            <ns3:cad>0</ns3:cad>
          </ns3:TrackPointExtension>
        </extensions>
      </trkpt>
      <trkpt lat="30.93767493031919002532958984375" lon="120.0257512740790843963623046875">
        <ele>515</ele>
        <time>2026-05-30T02:57:27.000Z</time>
        <extensions>
          <ns3:TrackPointExtension>
            <ns3:hr>86</ns3:hr>
            <ns3:cad>0</ns3:cad>
          </ns3:TrackPointExtension>
        </extensions>
      </trkpt>
      <trkpt lat="30.937662608921527862548828125" lon="120.025733001530170440673828125">
        <ele>515.20001220703125</ele>
        <time>2026-05-30T02:57:36.000Z</time>
        <extensions>
          <ns3:TrackPointExtension>
            <ns3:hr>88</ns3:hr>
            <ns3:cad>0</ns3:cad>
          </ns3:TrackPointExtension>
        </extensions>
      </trkpt>
      <trkpt lat="30.9376584179699420928955078125" lon="120.0257527828216552734375">
        <ele>515.4000244140625</ele>
        <time>2026-05-30T02:57:45.000Z</time>
        <extensions>
          <ns3:TrackPointExtension>
            <ns3:hr>91</ns3:hr>
            <ns3:cad>0</ns3:cad>
          </ns3:TrackPointExtension>
        </extensions>
      </trkpt>
      <trkpt lat="30.93765623867511749267578125" lon="120.0257522799074649810791015625">
        <ele>515.4000244140625</ele>
        <time>2026-05-30T02:57:46.000Z</time>
        <extensions>
          <ns3:TrackPointExtension>
            <ns3:hr>93</ns3:hr>
            <ns3:cad>0</ns3:cad>
          </ns3:TrackPointExtension>
        </extensions>
      </trkpt>
      <trkpt lat="30.9376513771712779998779296875" lon="120.02575001679360866546630859375">
        <ele>515.5999755859375</ele>
        <time>2026-05-30T02:57:48.000Z</time>
        <extensions>
          <ns3:TrackPointExtension>
            <ns3:hr>96</ns3:hr>
            <ns3:cad>0</ns3:cad>
          </ns3:TrackPointExtension>
        </extensions>
      </trkpt>
      <trkpt lat="30.9376557357609272003173828125" lon="120.02575521357357501983642578125">
        <ele>515.4000244140625</ele>
        <time>2026-05-30T02:57:55.000Z</time>
        <extensions>
          <ns3:TrackPointExtension>
            <ns3:hr>95</ns3:hr>
            <ns3:cad>0</ns3:cad>
          </ns3:TrackPointExtension>
        </extensions>
      </trkpt>
      <trkpt lat="30.93765414319932460784912109375" lon="120.02575202845036983489990234375">
        <ele>515.4000244140625</ele>
        <time>2026-05-30T02:57:57.000Z</time>
        <extensions>
          <ns3:TrackPointExtension>
            <ns3:hr>92</ns3:hr>
            <ns3:cad>0</ns3:cad>
          </ns3:TrackPointExtension>
        </extensions>
      </trkpt>
      <trkpt lat="30.93765498138964176177978515625" lon="120.02576342783868312835693359375">
        <ele>515.20001220703125</ele>
        <time>2026-05-30T02:58:05.000Z</time>
        <extensions>
          <ns3:TrackPointExtension>
            <ns3:hr>89</ns3:hr>
            <ns3:cad>0</ns3:cad>
          </ns3:TrackPointExtension>
        </extensions>
      </trkpt>
      <trkpt lat="30.9376550652086734771728515625" lon="120.025774575769901275634765625">
        <ele>515</ele>
        <time>2026-05-30T02:58:09.000Z</time>
        <extensions>
          <ns3:TrackPointExtension>
            <ns3:hr>86</ns3:hr>
            <ns3:cad>0</ns3:cad>
          </ns3:TrackPointExtension>
        </extensions>
      </trkpt>
      <trkpt lat="30.9376547299325466156005859375" lon="120.02576845698058605194091796875">
        <ele>515.4000244140625</ele>
        <time>2026-05-30T02:58:12.000Z</time>
        <extensions>
          <ns3:TrackPointExtension>
            <ns3:hr>83</ns3:hr>
            <ns3:cad>0</ns3:cad>
          </ns3:TrackPointExtension>
        </extensions>
      </trkpt>
      <trkpt lat="30.93765682540833950042724609375" lon="120.025762505829334259033203125">
        <ele>515.4000244140625</ele>
        <time>2026-05-30T02:58:16.000Z</time>
        <extensions>
          <ns3:TrackPointExtension>
            <ns3:hr>83</ns3:hr>
            <ns3:cad>0</ns3:cad>
          </ns3:TrackPointExtension>
        </extensions>
      </trkpt>
      <trkpt lat="30.93766001053154468536376953125" lon="120.025763846933841705322265625">
        <ele>515.20001220703125</ele>
        <time>2026-05-30T02:58:19.000Z</time>
        <extensions>
          <ns3:TrackPointExtension>
            <ns3:hr>87</ns3:hr>
            <ns3:cad>0</ns3:cad>
          </ns3:TrackPointExtension>
        </extensions>
      </trkpt>
      <trkpt lat="30.9376674704253673553466796875" lon="120.025749765336513519287109375">
        <ele>515.4000244140625</ele>
        <time>2026-05-30T02:58:27.000Z</time>
        <extensions>
          <ns3:TrackPointExtension>
            <ns3:hr>86</ns3:hr>
            <ns3:cad>0</ns3:cad>
          </ns3:TrackPointExtension>
        </extensions>
      </trkpt>
      <trkpt lat="30.937661938369274139404296875" lon="120.0257594883441925048828125">
        <ele>515.4000244140625</ele>
        <time>2026-05-30T02:58:33.000Z</time>
        <extensions>
          <ns3:TrackPointExtension>
            <ns3:hr>89</ns3:hr>
            <ns3:cad>0</ns3:cad>
          </ns3:TrackPointExtension>
        </extensions>
      </trkpt>
      <trkpt lat="30.93765783123672008514404296875" lon="120.02575504593551158905029296875">
        <ele>515.20001220703125</ele>
        <time>2026-05-30T02:58:36.000Z</time>
        <extensions>
          <ns3:TrackPointExtension>
            <ns3:hr>86</ns3:hr>
            <ns3:cad>0</ns3:cad>
          </ns3:TrackPointExtension>
        </extensions>
      </trkpt>
      <trkpt lat="30.93765933997929096221923828125" lon="120.025755465030670166015625">
        <ele>515.20001220703125</ele>
        <time>2026-05-30T02:58:38.000Z</time>
        <extensions>
          <ns3:TrackPointExtension>
            <ns3:hr>86</ns3:hr>
            <ns3:cad>0</ns3:cad>
          </ns3:TrackPointExtension>
        </extensions>
      </trkpt>
      <trkpt lat="30.93766135163605213165283203125" lon="120.025765858590602874755859375">
        <ele>515.20001220703125</ele>
        <time>2026-05-30T02:58:42.000Z</time>
        <extensions>
          <ns3:TrackPointExtension>
            <ns3:hr>82</ns3:hr>
            <ns3:cad>0</ns3:cad>
          </ns3:TrackPointExtension>
        </extensions>
      </trkpt>
      <trkpt lat="30.9376622736454010009765625" lon="120.02577063627541065216064453125">
        <ele>515.20001220703125</ele>
        <time>2026-05-30T02:58:47.000Z</time>
        <extensions>
          <ns3:TrackPointExtension>
            <ns3:hr>81</ns3:hr>
            <ns3:cad>0</ns3:cad>
          </ns3:TrackPointExtension>
        </extensions>
      </trkpt>
      <trkpt lat="30.937658250331878662109375" lon="120.02576745115220546722412109375">
        <ele>515.79998779296875</ele>
        <time>2026-05-30T02:58:57.000Z</time>
        <extensions>
          <ns3:TrackPointExtension>
            <ns3:hr>82</ns3:hr>
            <ns3:cad>0</ns3:cad>
          </ns3:TrackPointExtension>
        </extensions>
      </trkpt>
      <trkpt lat="30.93765967525541782379150390625" lon="120.02576594240963459014892578125">
        <ele>515.5999755859375</ele>
        <time>2026-05-30T02:59:02.000Z</time>
        <extensions>
          <ns3:TrackPointExtension>
            <ns3:hr>85</ns3:hr>
            <ns3:cad>0</ns3:cad>
          </ns3:TrackPointExtension>
        </extensions>
      </trkpt>
      <trkpt lat="30.93766051344573497772216796875" lon="120.02576460130512714385986328125">
        <ele>515.5999755859375</ele>
        <time>2026-05-30T02:59:04.000Z</time>
        <extensions>
          <ns3:TrackPointExtension>
            <ns3:hr>88</ns3:hr>
            <ns3:cad>0</ns3:cad>
          </ns3:TrackPointExtension>
        </extensions>
      </trkpt>
      <trkpt lat="30.93766101635992527008056640625" lon="120.02576594240963459014892578125">
        <ele>515.79998779296875</ele>
        <time>2026-05-30T02:59:07.000Z</time>
        <extensions>
          <ns3:TrackPointExtension>
            <ns3:hr>88</ns3:hr>
            <ns3:cad>0</ns3:cad>
          </ns3:TrackPointExtension>
        </extensions>
      </trkpt>
      <trkpt lat="30.93765481375157833099365234375" lon="120.02578237093985080718994140625">
        <ele>515.5999755859375</ele>
        <time>2026-05-30T02:59:15.000Z</time>
        <extensions>
          <ns3:TrackPointExtension>
            <ns3:hr>87</ns3:hr>
            <ns3:cad>0</ns3:cad>
          </ns3:TrackPointExtension>
        </extensions>
      </trkpt>
      <trkpt lat="30.9376609325408935546875" lon="120.0257720611989498138427734375">
        <ele>515.5999755859375</ele>
        <time>2026-05-30T02:59:24.000Z</time>
        <extensions>
          <ns3:TrackPointExtension>
            <ns3:hr>87</ns3:hr>
            <ns3:cad>0</ns3:cad>
          </ns3:TrackPointExtension>
        </extensions>
      </trkpt>
      <trkpt lat="30.93443892896175384521484375" lon="120.0295118987560272216796875">
        <ele>443.399993896484375</ele>
        <time>2026-05-30T03:12:49.000Z</time>
        <extensions>
          <ns3:TrackPointExtension>
            <ns3:hr>159</ns3:hr>
            <ns3:cad>80</ns3:cad>
          </ns3:TrackPointExtension>
        </extensions>
      </trkpt>
      <trkpt lat="30.93443431891500949859619140625" lon="120.02953712828457355499267578125">
        <ele>443.79998779296875</ele>
        <time>2026-05-30T03:12:50.000Z</time>
        <extensions>
          <ns3:TrackPointExtension>
            <ns3:hr>159</ns3:hr>
            <ns3:cad>80</ns3:cad>
          </ns3:TrackPointExtension>
        </extensions>
      </trkpt>
      <trkpt lat="30.93443230725824832916259765625" lon="120.0295932032167911529541015625">
        <ele>444.600006103515625</ele>
        <time>2026-05-30T03:12:52.000Z</time>
        <extensions>
          <ns3:TrackPointExtension>
            <ns3:hr>160</ns3:hr>
            <ns3:cad>82</ns3:cad>
          </ns3:TrackPointExtension>
        </extensions>
      </trkpt>
      <trkpt lat="30.93444404192268848419189453125" lon="120.02968213520944118499755859375">
        <ele>445.20001220703125</ele>
        <time>2026-05-30T03:12:55.000Z</time>
        <extensions>
          <ns3:TrackPointExtension>
            <ns3:hr>160</ns3:hr>
            <ns3:cad>82</ns3:cad>
          </ns3:TrackPointExtension>
        </extensions>
      </trkpt>
      <trkpt lat="30.9344561956822872161865234375" lon="120.0297467596828937530517578125">
        <ele>445.79998779296875</ele>
        <time>2026-05-30T03:12:57.000Z</time>
        <extensions>
          <ns3:TrackPointExtension>
            <ns3:hr>160</ns3:hr>
            <ns3:cad>82</ns3:cad>
          </ns3:TrackPointExtension>
        </extensions>
      </trkpt>
      <trkpt lat="30.93448008410632610321044921875" lon="120.02990023232996463775634765625">
        <ele>447</ele>
        <time>2026-05-30T03:13:02.000Z</time>
        <extensions>
          <ns3:TrackPointExtension>
            <ns3:hr>161</ns3:hr>
            <ns3:cad>81</ns3:cad>
          </ns3:TrackPointExtension>
        </extensions>
      </trkpt>
      <trkpt lat="30.93444169498980045318603515625" lon="120.03003065474331378936767578125">
        <ele>447.399993896484375</ele>
        <time>2026-05-30T03:13:10.000Z</time>
        <extensions>
          <ns3:TrackPointExtension>
            <ns3:hr>161</ns3:hr>
            <ns3:cad>60</ns3:cad>
          </ns3:TrackPointExtension>
        </extensions>
      </trkpt>
      <trkpt lat="30.9343901462852954864501953125" lon="120.03007407300174236297607421875">
        <ele>447.399993896484375</ele>
        <time>2026-05-30T03:13:16.000Z</time>
        <extensions>
          <ns3:TrackPointExtension>
            <ns3:hr>162</ns3:hr>
            <ns3:cad>0</ns3:cad>
          </ns3:TrackPointExtension>
        </extensions>
      </trkpt>
      <trkpt lat="30.9343658387660980224609375" lon="120.03007960505783557891845703125">
        <ele>447.399993896484375</ele>
        <time>2026-05-30T03:13:17.000Z</time>
        <extensions>
          <ns3:TrackPointExtension>
            <ns3:hr>162</ns3:hr>
            <ns3:cad>0</ns3:cad>
          </ns3:TrackPointExtension>
        </extensions>
      </trkpt>
      <trkpt lat="30.9342754818499088287353515625" lon="120.0300783477723598480224609375">
        <ele>446.79998779296875</ele>
        <time>2026-05-30T03:13:23.000Z</time>
        <extensions>
          <ns3:TrackPointExtension>
            <ns3:hr>162</ns3:hr>
            <ns3:cad>64</ns3:cad>
          </ns3:TrackPointExtension>
        </extensions>
      </trkpt>
      <trkpt lat="30.93424270860850811004638671875" lon="120.030084215104579925537109375">
        <ele>446.20001220703125</ele>
        <time>2026-05-30T03:13:25.000Z</time>
        <extensions>
          <ns3:TrackPointExtension>
            <ns3:hr>158</ns3:hr>
            <ns3:cad>70</ns3:cad>
          </ns3:TrackPointExtension>
        </extensions>
      </trkpt>
      <trkpt lat="30.9341852925717830657958984375" lon="120.0300998054444789886474609375">
        <ele>445.600006103515625</ele>
        <time>2026-05-30T03:13:27.000Z</time>
        <extensions>
          <ns3:TrackPointExtension>
            <ns3:hr>156</ns3:hr>
            <ns3:cad>70</ns3:cad>
          </ns3:TrackPointExtension>
        </extensions>
      </trkpt>
      <trkpt lat="30.93412083573639392852783203125" lon="120.0301242806017398834228515625">
        <ele>445</ele>
        <time>2026-05-30T03:13:29.000Z</time>
        <extensions>
          <ns3:TrackPointExtension>
            <ns3:hr>155</ns3:hr>
            <ns3:cad>70</ns3:cad>
          </ns3:TrackPointExtension>
        </extensions>
      </trkpt>
      <trkpt lat="30.93409133143723011016845703125" lon="120.03014481626451015472412109375">
        <ele>444.600006103515625</ele>
        <time>2026-05-30T03:13:30.000Z</time>
        <extensions>
          <ns3:TrackPointExtension>
            <ns3:hr>154</ns3:hr>
            <ns3:cad>70</ns3:cad>
          </ns3:TrackPointExtension>
        </extensions>
      </trkpt>
      <trkpt lat="30.93400399200618267059326171875" lon="120.03024674020707607269287109375">
        <ele>443.20001220703125</ele>
        <time>2026-05-30T03:13:33.000Z</time>
        <extensions>
          <ns3:TrackPointExtension>
            <ns3:hr>153</ns3:hr>
            <ns3:cad>86</ns3:cad>
          </ns3:TrackPointExtension>
        </extensions>
      </trkpt>
      <trkpt lat="30.933983959257602691650390625" lon="120.03027892671525478363037109375">
        <ele>442.600006103515625</ele>
        <time>2026-05-30T03:13:34.000Z</time>
        <extensions>
          <ns3:TrackPointExtension>
            <ns3:hr>154</ns3:hr>
            <ns3:cad>86</ns3:cad>
          </ns3:TrackPointExtension>
        </extensions>
      </trkpt>
      <trkpt lat="30.9339432232081890106201171875" lon="120.03035184927284717559814453125">
        <ele>441.600006103515625</ele>
        <time>2026-05-30T03:13:36.000Z</time>
        <extensions>
          <ns3:TrackPointExtension>
            <ns3:hr>154</ns3:hr>
            <ns3:cad>88</ns3:cad>
          </ns3:TrackPointExtension>
        </extensions>
      </trkpt>
      <trkpt lat="30.9339053370058536529541015625" lon="120.030419826507568359375">
        <ele>440.399993896484375</ele>
        <time>2026-05-30T03:13:38.000Z</time>
        <extensions>
          <ns3:TrackPointExtension>
            <ns3:hr>154</ns3:hr>
            <ns3:cad>87</ns3:cad>
          </ns3:TrackPointExtension>
        </extensions>
      </trkpt>
      <trkpt lat="30.9338704682886600494384765625" lon="120.0304949283599853515625">
        <ele>439.20001220703125</ele>
        <time>2026-05-30T03:13:40.000Z</time>
        <extensions>
          <ns3:TrackPointExtension>
            <ns3:hr>154</ns3:hr>
            <ns3:cad>85</ns3:cad>
          </ns3:TrackPointExtension>
        </extensions>
      </trkpt>
      <trkpt lat="30.93385546468198299407958984375" lon="120.03053356893360614776611328125">
        <ele>438.600006103515625</ele>
        <time>2026-05-30T03:13:41.000Z</time>
        <extensions>
          <ns3:TrackPointExtension>
            <ns3:hr>154</ns3:hr>
            <ns3:cad>85</ns3:cad>
          </ns3:TrackPointExtension>
        </extensions>
      </trkpt>
      <trkpt lat="30.9338396228849887847900390625" lon="120.03057204186916351318359375">
        <ele>438.20001220703125</ele>
        <time>2026-05-30T03:13:42.000Z</time>
        <extensions>
          <ns3:TrackPointExtension>
            <ns3:hr>155</ns3:hr>
            <ns3:cad>85</ns3:cad>
          </ns3:TrackPointExtension>
        </extensions>
      </trkpt>
      <trkpt lat="30.93377818353474140167236328125" lon="120.0307153724133968353271484375">
        <ele>437</ele>
        <time>2026-05-30T03:13:46.000Z</time>
        <extensions>
          <ns3:TrackPointExtension>
            <ns3:hr>155</ns3:hr>
            <ns3:cad>87</ns3:cad>
          </ns3:TrackPointExtension>
        </extensions>
      </trkpt>
      <trkpt lat="30.93374532647430896759033203125" lon="120.0307780690491199493408203125">
        <ele>437</ele>
        <time>2026-05-30T03:13:48.000Z</time>
        <extensions>
          <ns3:TrackPointExtension>
            <ns3:hr>155</ns3:hr>
            <ns3:cad>86</ns3:cad>
          </ns3:TrackPointExtension>
        </extensions>
      </trkpt>
      <trkpt lat="30.9336119703948497772216796875" lon="120.03093791194260120391845703125">
        <ele>436.79998779296875</ele>
        <time>2026-05-30T03:13:54.000Z</time>
        <extensions>
          <ns3:TrackPointExtension>
            <ns3:hr>156</ns3:hr>
            <ns3:cad>83</ns3:cad>
          </ns3:TrackPointExtension>
        </extensions>
      </trkpt>
      <trkpt lat="30.93345447443425655364990234375" lon="120.03108141012489795684814453125">
        <ele>436.79998779296875</ele>
        <time>2026-05-30T03:14:00.000Z</time>
        <extensions>
          <ns3:TrackPointExtension>
            <ns3:hr>158</ns3:hr>
            <ns3:cad>84</ns3:cad>
          </ns3:TrackPointExtension>
        </extensions>
      </trkpt>
      <trkpt lat="30.933405272662639617919921875" lon="120.03112851642072200775146484375">
        <ele>437</ele>
        <time>2026-05-30T03:14:02.000Z</time>
        <extensions>
          <ns3:TrackPointExtension>
            <ns3:hr>159</ns3:hr>
            <ns3:cad>84</ns3:cad>
          </ns3:TrackPointExtension>
        </extensions>
      </trkpt>
      <trkpt lat="30.93328423798084259033203125" lon="120.0312907062470912933349609375">
        <ele>437.20001220703125</ele>
        <time>2026-05-30T03:14:09.000Z</time>
        <extensions>
          <ns3:TrackPointExtension>
            <ns3:hr>158</ns3:hr>
            <ns3:cad>82</ns3:cad>
          </ns3:TrackPointExtension>
        </extensions>
      </trkpt>
      <trkpt lat="30.93327577225863933563232421875" lon="120.03131090663373470306396484375">
        <ele>437.20001220703125</ele>
        <time>2026-05-30T03:14:10.000Z</time>
        <extensions>
          <ns3:TrackPointExtension>
            <ns3:hr>158</ns3:hr>
            <ns3:cad>82</ns3:cad>
          </ns3:TrackPointExtension>
        </extensions>
      </trkpt>
      <trkpt lat="30.93322883360087871551513671875" lon="120.03144778311252593994140625">
        <ele>437.79998779296875</ele>
        <time>2026-05-30T03:14:16.000Z</time>
        <extensions>
          <ns3:TrackPointExtension>
            <ns3:hr>156</ns3:hr>
            <ns3:cad>79</ns3:cad>
          </ns3:TrackPointExtension>
        </extensions>
      </trkpt>
      <trkpt lat="30.93322145752608776092529296875" lon="120.0314754433929920196533203125">
        <ele>438.20001220703125</ele>
        <time>2026-05-30T03:14:17.000Z</time>
        <extensions>
          <ns3:TrackPointExtension>
            <ns3:hr>155</ns3:hr>
            <ns3:cad>79</ns3:cad>
          </ns3:TrackPointExtension>
        </extensions>
      </trkpt>
      <trkpt lat="30.93318139202892780303955078125" lon="120.031588263809680938720703125">
        <ele>439.20001220703125</ele>
        <time>2026-05-30T03:14:22.000Z</time>
        <extensions>
          <ns3:TrackPointExtension>
            <ns3:hr>155</ns3:hr>
            <ns3:cad>80</ns3:cad>
          </ns3:TrackPointExtension>
        </extensions>
      </trkpt>
      <trkpt lat="30.93316487967967987060546875" lon="120.031617768108844757080078125">
        <ele>439.600006103515625</ele>
        <time>2026-05-30T03:14:24.000Z</time>
        <extensions>
          <ns3:TrackPointExtension>
            <ns3:hr>155</ns3:hr>
            <ns3:cad>79</ns3:cad>
          </ns3:TrackPointExtension>
        </extensions>
      </trkpt>
      <trkpt lat="30.9331373870372772216796875" lon="120.03166713751852512359619140625">
        <ele>440</ele>
        <time>2026-05-30T03:14:29.000Z</time>
        <extensions>
          <ns3:TrackPointExtension>
            <ns3:hr>155</ns3:hr>
            <ns3:cad>75</ns3:cad>
          </ns3:TrackPointExtension>
        </extensions>
      </trkpt>
      <trkpt lat="30.933129005134105682373046875" lon="120.031674765050411224365234375">
        <ele>440.20001220703125</ele>
        <time>2026-05-30T03:14:30.000Z</time>
        <extensions>
          <ns3:TrackPointExtension>
            <ns3:hr>155</ns3:hr>
            <ns3:cad>75</ns3:cad>
          </ns3:TrackPointExtension>
        </extensions>
      </trkpt>
      <trkpt lat="30.93310981057584285736083984375" lon="120.03171256743371486663818359375">
        <ele>441.20001220703125</ele>
        <time>2026-05-30T03:14:35.000Z</time>
        <extensions>
          <ns3:TrackPointExtension>
            <ns3:hr>153</ns3:hr>
            <ns3:cad>49</ns3:cad>
          </ns3:TrackPointExtension>
        </extensions>
      </trkpt>
      <trkpt lat="30.93305801041424274444580078125" lon="120.031770654022693634033203125">
        <ele>442.20001220703125</ele>
        <time>2026-05-30T03:14:41.000Z</time>
        <extensions>
          <ns3:TrackPointExtension>
            <ns3:hr>151</ns3:hr>
            <ns3:cad>52</ns3:cad>
          </ns3:TrackPointExtension>
        </extensions>
      </trkpt>
      <trkpt lat="30.9330488741397857666015625" lon="120.0317818857729434967041015625">
        <ele>442.600006103515625</ele>
        <time>2026-05-30T03:14:42.000Z</time>
        <extensions>
          <ns3:TrackPointExtension>
            <ns3:hr>150</ns3:hr>
            <ns3:cad>52</ns3:cad>
          </ns3:TrackPointExtension>
        </extensions>
      </trkpt>
      <trkpt lat="30.93302800320088863372802734375" lon="120.031807534396648406982421875">
        <ele>443.399993896484375</ele>
        <time>2026-05-30T03:14:46.000Z</time>
        <extensions>
          <ns3:TrackPointExtension>
            <ns3:hr>148</ns3:hr>
            <ns3:cad>0</ns3:cad>
          </ns3:TrackPointExtension>
        </extensions>
      </trkpt>
      <trkpt lat="30.93300118111073970794677734375" lon="120.03184475004673004150390625">
        <ele>443.399993896484375</ele>
        <time>2026-05-30T03:14:49.000Z</time>
        <extensions>
          <ns3:TrackPointExtension>
            <ns3:hr>146</ns3:hr>
            <ns3:cad>0</ns3:cad>
          </ns3:TrackPointExtension>
        </extensions>
      </trkpt>
      <trkpt lat="30.93297310173511505126953125" lon="120.03189713694155216217041015625">
        <ele>443.600006103515625</ele>
        <time>2026-05-30T03:14:55.000Z</time>
        <extensions>
          <ns3:TrackPointExtension>
            <ns3:hr>145</ns3:hr>
            <ns3:cad>52</ns3:cad>
          </ns3:TrackPointExtension>
        </extensions>
      </trkpt>
      <trkpt lat="30.9329095669090747833251953125" lon="120.03201548941433429718017578125">
        <ele>444.20001220703125</ele>
        <time>2026-05-30T03:15:04.000Z</time>
        <extensions>
          <ns3:TrackPointExtension>
            <ns3:hr>142</ns3:hr>
            <ns3:cad>119</ns3:cad>
          </ns3:TrackPointExtension>
        </extensions>
      </trkpt>
      <trkpt lat="30.9328933060169219970703125" lon="120.03206041641533374786376953125">
        <ele>444.399993896484375</ele>
        <time>2026-05-30T03:15:07.000Z</time>
        <extensions>
          <ns3:TrackPointExtension>
            <ns3:hr>142</ns3:hr>
            <ns3:cad>0</ns3:cad>
          </ns3:TrackPointExtension>
        </extensions>
      </trkpt>
      <trkpt lat="30.93287520110607147216796875" lon="120.032135434448719024658203125">
        <ele>444.20001220703125</ele>
        <time>2026-05-30T03:15:12.000Z</time>
        <extensions>
          <ns3:TrackPointExtension>
            <ns3:hr>139</ns3:hr>
            <ns3:cad>0</ns3:cad>
          </ns3:TrackPointExtension>
        </extensions>
      </trkpt>
      <trkpt lat="30.93287117779254913330078125" lon="120.03218111582100391387939453125">
        <ele>444.20001220703125</ele>
        <time>2026-05-30T03:15:15.000Z</time>
        <extensions>
          <ns3:TrackPointExtension>
            <ns3:hr>136</ns3:hr>
            <ns3:cad>0</ns3:cad>
          </ns3:TrackPointExtension>
        </extensions>
      </trkpt>
      <trkpt lat="30.93287511728703975677490234375" lon="120.03220911137759685516357421875">
        <ele>444</ele>
        <time>2026-05-30T03:15:17.000Z</time>
        <extensions>
          <ns3:TrackPointExtension>
            <ns3:hr>133</ns3:hr>
            <ns3:cad>0</ns3:cad>
          </ns3:TrackPointExtension>
        </extensions>
      </trkpt>
      <trkpt lat="30.9328780509531497955322265625" lon="120.0322358496487140655517578125">
        <ele>443.79998779296875</ele>
        <time>2026-05-30T03:15:19.000Z</time>
        <extensions>
          <ns3:TrackPointExtension>
            <ns3:hr>132</ns3:hr>
            <ns3:cad>57</ns3:cad>
          </ns3:TrackPointExtension>
        </extensions>
      </trkpt>
      <trkpt lat="30.93288199044764041900634765625" lon="120.03225982189178466796875">
        <ele>443.79998779296875</ele>
        <time>2026-05-30T03:15:21.000Z</time>
        <extensions>
          <ns3:TrackPointExtension>
            <ns3:hr>129</ns3:hr>
            <ns3:cad>57</ns3:cad>
          </ns3:TrackPointExtension>
        </extensions>
      </trkpt>
      <trkpt lat="30.93288861215114593505859375" lon="120.03230919130146503448486328125">
        <ele>443.79998779296875</ele>
        <time>2026-05-30T03:15:24.000Z</time>
        <extensions>
          <ns3:TrackPointExtension>
            <ns3:hr>126</ns3:hr>
            <ns3:cad>58</ns3:cad>
          </ns3:TrackPointExtension>
        </extensions>
      </trkpt>
      <trkpt lat="30.93289623968303203582763671875" lon="120.0323374383151531219482421875">
        <ele>443.79998779296875</ele>
        <time>2026-05-30T03:15:26.000Z</time>
        <extensions>
          <ns3:TrackPointExtension>
            <ns3:hr>125</ns3:hr>
            <ns3:cad>58</ns3:cad>
          </ns3:TrackPointExtension>
        </extensions>
      </trkpt>
      <trkpt lat="30.93290998600423336029052734375" lon="120.03246660344302654266357421875">
        <ele>444.20001220703125</ele>
        <time>2026-05-30T03:15:34.000Z</time>
        <extensions>
          <ns3:TrackPointExtension>
            <ns3:hr>124</ns3:hr>
            <ns3:cad>58</ns3:cad>
          </ns3:TrackPointExtension>
        </extensions>
      </trkpt>
      <trkpt lat="30.93291006982326507568359375" lon="120.03250197507441043853759765625">
        <ele>444.399993896484375</ele>
        <time>2026-05-30T03:15:36.000Z</time>
        <extensions>
          <ns3:TrackPointExtension>
            <ns3:hr>119</ns3:hr>
            <ns3:cad>56</ns3:cad>
          </ns3:TrackPointExtension>
        </extensions>
      </trkpt>
      <trkpt lat="30.93290512450039386749267578125" lon="120.03255930729210376739501953125">
        <ele>444.399993896484375</ele>
        <time>2026-05-30T03:15:40.000Z</time>
        <extensions>
          <ns3:TrackPointExtension>
            <ns3:hr>116</ns3:hr>
            <ns3:cad>57</ns3:cad>
          </ns3:TrackPointExtension>
        </extensions>
      </trkpt>
      <trkpt lat="30.93290336430072784423828125" lon="120.03257338888943195343017578125">
        <ele>444.399993896484375</ele>
        <time>2026-05-30T03:15:41.000Z</time>
        <extensions>
          <ns3:TrackPointExtension>
            <ns3:hr>116</ns3:hr>
            <ns3:cad>57</ns3:cad>
          </ns3:TrackPointExtension>
        </extensions>
      </trkpt>
      <trkpt lat="30.932883583009243011474609375" lon="120.03264983184635639190673828125">
        <ele>445</ele>
        <time>2026-05-30T03:15:47.000Z</time>
        <extensions>
          <ns3:TrackPointExtension>
            <ns3:hr>113</ns3:hr>
            <ns3:cad>58</ns3:cad>
          </ns3:TrackPointExtension>
        </extensions>
      </trkpt>
      <trkpt lat="30.9328730218112468719482421875" lon="120.03269375301897525787353515625">
        <ele>445.20001220703125</ele>
        <time>2026-05-30T03:15:50.000Z</time>
        <extensions>
          <ns3:TrackPointExtension>
            <ns3:hr>115</ns3:hr>
            <ns3:cad>58</ns3:cad>
          </ns3:TrackPointExtension>
        </extensions>
      </trkpt>
      <trkpt lat="30.93286715447902679443359375" lon="120.0327069126069545745849609375">
        <ele>445.399993896484375</ele>
        <time>2026-05-30T03:15:51.000Z</time>
        <extensions>
          <ns3:TrackPointExtension>
            <ns3:hr>116</ns3:hr>
            <ns3:cad>57</ns3:cad>
          </ns3:TrackPointExtension>
        </extensions>
      </trkpt>
      <trkpt lat="30.9328378178179264068603515625" lon="120.03278293646872043609619140625">
        <ele>446</ele>
        <time>2026-05-30T03:15:56.000Z</time>
        <extensions>
          <ns3:TrackPointExtension>
            <ns3:hr>118</ns3:hr>
            <ns3:cad>55</ns3:cad>
          </ns3:TrackPointExtension>
        </extensions>
      </trkpt>
      <trkpt lat="30.93282817862927913665771484375" lon="120.03280363976955413818359375">
        <ele>446.399993896484375</ele>
        <time>2026-05-30T03:15:58.000Z</time>
        <extensions>
          <ns3:TrackPointExtension>
            <ns3:hr>117</ns3:hr>
            <ns3:cad>55</ns3:cad>
          </ns3:TrackPointExtension>
        </extensions>
      </trkpt>
      <trkpt lat="30.93279666267335414886474609375" lon="120.0328819267451763153076171875">
        <ele>447.20001220703125</ele>
        <time>2026-05-30T03:16:02.000Z</time>
        <extensions>
          <ns3:TrackPointExtension>
            <ns3:hr>117</ns3:hr>
            <ns3:cad>54</ns3:cad>
          </ns3:TrackPointExtension>
        </extensions>
      </trkpt>
      <trkpt lat="30.93277872540056705474853515625" lon="120.03292945213615894317626953125">
        <ele>447.600006103515625</ele>
        <time>2026-05-30T03:16:04.000Z</time>
        <extensions>
          <ns3:TrackPointExtension>
            <ns3:hr>117</ns3:hr>
            <ns3:cad>75</ns3:cad>
          </ns3:TrackPointExtension>
        </extensions>
      </trkpt>
      <trkpt lat="30.932727344334125518798828125" lon="120.033013187348842620849609375">
        <ele>448.600006103515625</ele>
        <time>2026-05-30T03:16:08.000Z</time>
        <extensions>
          <ns3:TrackPointExtension>
            <ns3:hr>120</ns3:hr>
            <ns3:cad>77</ns3:cad>
          </ns3:TrackPointExtension>
        </extensions>
      </trkpt>
      <trkpt lat="30.93271636404097080230712890625" lon="120.03303104080259799957275390625">
        <ele>448.79998779296875</ele>
        <time>2026-05-30T03:16:09.000Z</time>
        <extensions>
          <ns3:TrackPointExtension>
            <ns3:hr>122</ns3:hr>
            <ns3:cad>77</ns3:cad>
          </ns3:TrackPointExtension>
        </extensions>
      </trkpt>
      <trkpt lat="30.93269557692110538482666015625" lon="120.03306406550109386444091796875">
        <ele>449</ele>
        <time>2026-05-30T03:16:11.000Z</time>
        <extensions>
          <ns3:TrackPointExtension>
            <ns3:hr>126</ns3:hr>
            <ns3:cad>76</ns3:cad>
          </ns3:TrackPointExtension>
        </extensions>
      </trkpt>
      <trkpt lat="30.9326470457017421722412109375" lon="120.0331082381308078765869140625">
        <ele>449.399993896484375</ele>
        <time>2026-05-30T03:16:14.000Z</time>
        <extensions>
          <ns3:TrackPointExtension>
            <ns3:hr>129</ns3:hr>
            <ns3:cad>80</ns3:cad>
          </ns3:TrackPointExtension>
        </extensions>
      </trkpt>
      <trkpt lat="30.93263019807636737823486328125" lon="120.03311972133815288543701171875">
        <ele>449.399993896484375</ele>
        <time>2026-05-30T03:16:15.000Z</time>
        <extensions>
          <ns3:TrackPointExtension>
            <ns3:hr>129</ns3:hr>
            <ns3:cad>80</ns3:cad>
          </ns3:TrackPointExtension>
        </extensions>
      </trkpt>
      <trkpt lat="30.93257890082895755767822265625" lon="120.03314402885735034942626953125">
        <ele>449.20001220703125</ele>
        <time>2026-05-30T03:16:18.000Z</time>
        <extensions>
          <ns3:TrackPointExtension>
            <ns3:hr>132</ns3:hr>
            <ns3:cad>65</ns3:cad>
          </ns3:TrackPointExtension>
        </extensions>
      </trkpt>
      <trkpt lat="30.93253187835216522216796875" lon="120.033206641674041748046875">
        <ele>449.399993896484375</ele>
        <time>2026-05-30T03:16:22.000Z</time>
        <extensions>
          <ns3:TrackPointExtension>
            <ns3:hr>132</ns3:hr>
            <ns3:cad>60</ns3:cad>
          </ns3:TrackPointExtension>
        </extensions>
      </trkpt>
      <trkpt lat="30.9325042180716991424560546875" lon="120.033239163458347320556640625">
        <ele>450</ele>
        <time>2026-05-30T03:16:24.000Z</time>
        <extensions>
          <ns3:TrackPointExtension>
            <ns3:hr>131</ns3:hr>
            <ns3:cad>78</ns3:cad>
          </ns3:TrackPointExtension>
        </extensions>
      </trkpt>
      <trkpt lat="30.9324338100850582122802734375" lon="120.0333070568740367889404296875">
        <ele>450.600006103515625</ele>
        <time>2026-05-30T03:16:28.000Z</time>
        <extensions>
          <ns3:TrackPointExtension>
            <ns3:hr>132</ns3:hr>
            <ns3:cad>76</ns3:cad>
          </ns3:TrackPointExtension>
        </extensions>
      </trkpt>
      <trkpt lat="30.9323805011808872222900390625" lon="120.03334569744765758514404296875">
        <ele>450.600006103515625</ele>
        <time>2026-05-30T03:16:31.000Z</time>
        <extensions>
          <ns3:TrackPointExtension>
            <ns3:hr>135</ns3:hr>
            <ns3:cad>79</ns3:cad>
          </ns3:TrackPointExtension>
        </extensions>
      </trkpt>
      <trkpt lat="30.93229961581528186798095703125" lon="120.03339280374348163604736328125">
        <ele>451</ele>
        <time>2026-05-30T03:16:35.000Z</time>
        <extensions>
          <ns3:TrackPointExtension>
            <ns3:hr>137</ns3:hr>
            <ns3:cad>77</ns3:cad>
          </ns3:TrackPointExtension>
        </extensions>
      </trkpt>
      <trkpt lat="30.932280756533145904541015625" lon="120.03340437076985836029052734375">
        <ele>451.20001220703125</ele>
        <time>2026-05-30T03:16:36.000Z</time>
        <extensions>
          <ns3:TrackPointExtension>
            <ns3:hr>137</ns3:hr>
            <ns3:cad>77</ns3:cad>
          </ns3:TrackPointExtension>
        </extensions>
      </trkpt>
      <trkpt lat="30.9321583807468414306640625" lon="120.03351635299623012542724609375">
        <ele>452</ele>
        <time>2026-05-30T03:16:43.000Z</time>
        <extensions>
          <ns3:TrackPointExtension>
            <ns3:hr>140</ns3:hr>
            <ns3:cad>80</ns3:cad>
          </ns3:TrackPointExtension>
        </extensions>
      </trkpt>
      <trkpt lat="30.93214572407305240631103515625" lon="120.033524818718433380126953125">
        <ele>452.20001220703125</ele>
        <time>2026-05-30T03:16:44.000Z</time>
        <extensions>
          <ns3:TrackPointExtension>
            <ns3:hr>140</ns3:hr>
            <ns3:cad>80</ns3:cad>
          </ns3:TrackPointExtension>
        </extensions>
      </trkpt>
      <trkpt lat="30.93209794722497463226318359375" lon="120.03357385285198688507080078125">
        <ele>452.399993896484375</ele>
        <time>2026-05-30T03:16:47.000Z</time>
        <extensions>
          <ns3:TrackPointExtension>
            <ns3:hr>143</ns3:hr>
            <ns3:cad>77</ns3:cad>
          </ns3:TrackPointExtension>
        </extensions>
      </trkpt>
      <trkpt lat="30.93208353035151958465576171875" lon="120.0335937179625034332275390625">
        <ele>452.399993896484375</ele>
        <time>2026-05-30T03:16:48.000Z</time>
        <extensions>
          <ns3:TrackPointExtension>
            <ns3:hr>143</ns3:hr>
            <ns3:cad>77</ns3:cad>
          </ns3:TrackPointExtension>
        </extensions>
      </trkpt>
      <trkpt lat="30.93200608156621456146240234375" lon="120.03370427526533603668212890625">
        <ele>452.600006103515625</ele>
        <time>2026-05-30T03:16:56.000Z</time>
        <extensions>
          <ns3:TrackPointExtension>
            <ns3:hr>144</ns3:hr>
            <ns3:cad>66</ns3:cad>
          </ns3:TrackPointExtension>
        </extensions>
      </trkpt>
      <trkpt lat="30.931975655257701873779296875" lon="120.0337194465100765228271484375">
        <ele>453.20001220703125</ele>
        <time>2026-05-30T03:17:00.000Z</time>
        <extensions>
          <ns3:TrackPointExtension>
            <ns3:hr>145</ns3:hr>
            <ns3:cad>66</ns3:cad>
          </ns3:TrackPointExtension>
        </extensions>
      </trkpt>
      <trkpt lat="30.931962914764881134033203125" lon="120.033716596662998199462890625">
        <ele>453.600006103515625</ele>
        <time>2026-05-30T03:17:02.000Z</time>
        <extensions>
          <ns3:TrackPointExtension>
            <ns3:hr>145</ns3:hr>
            <ns3:cad>58</ns3:cad>
          </ns3:TrackPointExtension>
        </extensions>
      </trkpt>
      <trkpt lat="30.93195143155753612518310546875" lon="120.033710561692714691162109375">
        <ele>454.399993896484375</ele>
        <time>2026-05-30T03:17:04.000Z</time>
        <extensions>
          <ns3:TrackPointExtension>
            <ns3:hr>145</ns3:hr>
            <ns3:cad>58</ns3:cad>
          </ns3:TrackPointExtension>
        </extensions>
      </trkpt>
      <trkpt lat="30.93194657005369663238525390625" lon="120.0337127409875392913818359375">
        <ele>455</ele>
        <time>2026-05-30T03:17:09.000Z</time>
        <extensions>
          <ns3:TrackPointExtension>
            <ns3:hr>145</ns3:hr>
            <ns3:cad>0</ns3:cad>
          </ns3:TrackPointExtension>
        </extensions>
      </trkpt>
      <trkpt lat="30.93192544765770435333251953125" lon="120.03373998217284679412841796875">
        <ele>454.79998779296875</ele>
        <time>2026-05-30T03:17:14.000Z</time>
        <extensions>
          <ns3:TrackPointExtension>
            <ns3:hr>142</ns3:hr>
            <ns3:cad>117</ns3:cad>
          </ns3:TrackPointExtension>
        </extensions>
      </trkpt>
      <trkpt lat="30.93192226253449916839599609375" lon="120.033746771514415740966796875">
        <ele>454.600006103515625</ele>
        <time>2026-05-30T03:17:15.000Z</time>
        <extensions>
          <ns3:TrackPointExtension>
            <ns3:hr>142</ns3:hr>
            <ns3:cad>117</ns3:cad>
          </ns3:TrackPointExtension>
        </extensions>
      </trkpt>
      <trkpt lat="30.93192008323967456817626953125" lon="120.03376931883394718170166015625">
        <ele>453.600006103515625</ele>
        <time>2026-05-30T03:17:20.000Z</time>
        <extensions>
          <ns3:TrackPointExtension>
            <ns3:hr>139</ns3:hr>
            <ns3:cad>53</ns3:cad>
          </ns3:TrackPointExtension>
        </extensions>
      </trkpt>
      <trkpt lat="30.9319148026406764984130859375" lon="120.03377988003194332122802734375">
        <ele>453.20001220703125</ele>
        <time>2026-05-30T03:17:21.000Z</time>
        <extensions>
          <ns3:TrackPointExtension>
            <ns3:hr>138</ns3:hr>
            <ns3:cad>53</ns3:cad>
          </ns3:TrackPointExtension>
        </extensions>
      </trkpt>
      <trkpt lat="30.93190985731780529022216796875" lon="120.03379345871508121490478515625">
        <ele>453</ele>
        <time>2026-05-30T03:17:22.000Z</time>
        <extensions>
          <ns3:TrackPointExtension>
            <ns3:hr>138</ns3:hr>
            <ns3:cad>53</ns3:cad>
          </ns3:TrackPointExtension>
        </extensions>
      </trkpt>
      <trkpt lat="30.9319010563194751739501953125" lon="120.03385640680789947509765625">
        <ele>453.399993896484375</ele>
        <time>2026-05-30T03:17:27.000Z</time>
        <extensions>
          <ns3:TrackPointExtension>
            <ns3:hr>136</ns3:hr>
            <ns3:cad>0</ns3:cad>
          </ns3:TrackPointExtension>
        </extensions>
      </trkpt>
      <trkpt lat="30.9318681992590427398681640625" lon="120.03392958082258701324462890625">
        <ele>454.399993896484375</ele>
        <time>2026-05-30T03:17:34.000Z</time>
        <extensions>
          <ns3:TrackPointExtension>
            <ns3:hr>134</ns3:hr>
            <ns3:cad>57</ns3:cad>
          </ns3:TrackPointExtension>
        </extensions>
      </trkpt>
      <trkpt lat="30.93186476267874240875244140625" lon="120.033935196697711944580078125">
        <ele>454.79998779296875</ele>
        <time>2026-05-30T03:17:35.000Z</time>
        <extensions>
          <ns3:TrackPointExtension>
            <ns3:hr>133</ns3:hr>
            <ns3:cad>57</ns3:cad>
          </ns3:TrackPointExtension>
        </extensions>
      </trkpt>
      <trkpt lat="30.93184531666338443756103515625" lon="120.0339698977768421173095703125">
        <ele>455.600006103515625</ele>
        <time>2026-05-30T03:17:39.000Z</time>
        <extensions>
          <ns3:TrackPointExtension>
            <ns3:hr>131</ns3:hr>
            <ns3:cad>56</ns3:cad>
          </ns3:TrackPointExtension>
        </extensions>
      </trkpt>
      <trkpt lat="30.9318257868289947509765625" lon="120.0340047664940357208251953125">
        <ele>456.79998779296875</ele>
        <time>2026-05-30T03:17:43.000Z</time>
        <extensions>
          <ns3:TrackPointExtension>
            <ns3:hr>130</ns3:hr>
            <ns3:cad>0</ns3:cad>
          </ns3:TrackPointExtension>
        </extensions>
      </trkpt>
      <trkpt lat="30.9318125434219837188720703125" lon="120.0340265594422817230224609375">
        <ele>457.79998779296875</ele>
        <time>2026-05-30T03:17:48.000Z</time>
        <extensions>
          <ns3:TrackPointExtension>
            <ns3:hr>131</ns3:hr>
            <ns3:cad>0</ns3:cad>
          </ns3:TrackPointExtension>
        </extensions>
      </trkpt>
      <trkpt lat="30.93180944211781024932861328125" lon="120.0340285710990428924560546875">
        <ele>458</ele>
        <time>2026-05-30T03:17:49.000Z</time>
        <extensions>
          <ns3:TrackPointExtension>
            <ns3:hr>131</ns3:hr>
            <ns3:cad>0</ns3:cad>
          </ns3:TrackPointExtension>
        </extensions>
      </trkpt>
      <trkpt lat="30.9317820332944393157958984375" lon="120.0340617634356021881103515625">
        <ele>459</ele>
        <time>2026-05-30T03:17:54.000Z</time>
        <extensions>
          <ns3:TrackPointExtension>
            <ns3:hr>131</ns3:hr>
            <ns3:cad>47</ns3:cad>
          </ns3:TrackPointExtension>
        </extensions>
      </trkpt>
      <trkpt lat="30.9317753277719020843505859375" lon="120.0340689718723297119140625">
        <ele>459.399993896484375</ele>
        <time>2026-05-30T03:17:55.000Z</time>
        <extensions>
          <ns3:TrackPointExtension>
            <ns3:hr>131</ns3:hr>
            <ns3:cad>47</ns3:cad>
          </ns3:TrackPointExtension>
        </extensions>
      </trkpt>
      <trkpt lat="30.9317481704056262969970703125" lon="120.0340956263244152069091796875">
        <ele>460.20001220703125</ele>
        <time>2026-05-30T03:17:59.000Z</time>
        <extensions>
          <ns3:TrackPointExtension>
            <ns3:hr>130</ns3:hr>
            <ns3:cad>0</ns3:cad>
          </ns3:TrackPointExtension>
        </extensions>
      </trkpt>
      <trkpt lat="30.93172763474285602569580078125" lon="120.0341150723397731781005859375">
        <ele>460.399993896484375</ele>
        <time>2026-05-30T03:18:02.000Z</time>
        <extensions>
          <ns3:TrackPointExtension>
            <ns3:hr>132</ns3:hr>
            <ns3:cad>45</ns3:cad>
          </ns3:TrackPointExtension>
        </extensions>
      </trkpt>
      <trkpt lat="30.93168807215988636016845703125" lon="120.0341703929007053375244140625">
        <ele>461.20001220703125</ele>
        <time>2026-05-30T03:18:10.000Z</time>
        <extensions>
          <ns3:TrackPointExtension>
            <ns3:hr>133</ns3:hr>
            <ns3:cad>47</ns3:cad>
          </ns3:TrackPointExtension>
        </extensions>
      </trkpt>
      <trkpt lat="30.9316824562847614288330078125" lon="120.0341781042516231536865234375">
        <ele>461.399993896484375</ele>
        <time>2026-05-30T03:18:11.000Z</time>
        <extensions>
          <ns3:TrackPointExtension>
            <ns3:hr>132</ns3:hr>
            <ns3:cad>47</ns3:cad>
          </ns3:TrackPointExtension>
        </extensions>
      </trkpt>
      <trkpt lat="30.93167114071547985076904296875" lon="120.0341881625354290008544921875">
        <ele>462.20001220703125</ele>
        <time>2026-05-30T03:18:15.000Z</time>
        <extensions>
          <ns3:TrackPointExtension>
            <ns3:hr>133</ns3:hr>
            <ns3:cad>0</ns3:cad>
          </ns3:TrackPointExtension>
        </extensions>
      </trkpt>
      <trkpt lat="30.931661166250705718994140625" lon="120.03421791829168796539306640625">
        <ele>462.399993896484375</ele>
        <time>2026-05-30T03:18:18.000Z</time>
        <extensions>
          <ns3:TrackPointExtension>
            <ns3:hr>132</ns3:hr>
            <ns3:cad>0</ns3:cad>
          </ns3:TrackPointExtension>
        </extensions>
      </trkpt>
      <trkpt lat="30.93165052123367786407470703125" lon="120.034257732331752777099609375">
        <ele>463.399993896484375</ele>
        <time>2026-05-30T03:18:23.000Z</time>
        <extensions>
          <ns3:TrackPointExtension>
            <ns3:hr>132</ns3:hr>
            <ns3:cad>0</ns3:cad>
          </ns3:TrackPointExtension>
        </extensions>
      </trkpt>
      <trkpt lat="30.93164783902466297149658203125" lon="120.0342674553394317626953125">
        <ele>463.600006103515625</ele>
        <time>2026-05-30T03:18:25.000Z</time>
        <extensions>
          <ns3:TrackPointExtension>
            <ns3:hr>133</ns3:hr>
            <ns3:cad>0</ns3:cad>
          </ns3:TrackPointExtension>
        </extensions>
      </trkpt>
      <trkpt lat="30.93164180405437946319580078125" lon="120.0343065150082111358642578125">
        <ele>464.399993896484375</ele>
        <time>2026-05-30T03:18:29.000Z</time>
        <extensions>
          <ns3:TrackPointExtension>
            <ns3:hr>132</ns3:hr>
            <ns3:cad>0</ns3:cad>
          </ns3:TrackPointExtension>
        </extensions>
      </trkpt>
      <trkpt lat="30.931645072996616363525390625" lon="120.03431565128266811370849609375">
        <ele>464.600006103515625</ele>
        <time>2026-05-30T03:18:30.000Z</time>
        <extensions>
          <ns3:TrackPointExtension>
            <ns3:hr>131</ns3:hr>
            <ns3:cad>0</ns3:cad>
          </ns3:TrackPointExtension>
        </extensions>
      </trkpt>
      <trkpt lat="30.9316281415522098541259765625" lon="120.03436627797782421112060546875">
        <ele>465</ele>
        <time>2026-05-30T03:18:37.000Z</time>
        <extensions>
          <ns3:TrackPointExtension>
            <ns3:hr>130</ns3:hr>
            <ns3:cad>0</ns3:cad>
          </ns3:TrackPointExtension>
        </extensions>
      </trkpt>
      <trkpt lat="30.9315744973719120025634765625" lon="120.0343987159430980682373046875">
        <ele>465.600006103515625</ele>
        <time>2026-05-30T03:18:45.000Z</time>
        <extensions>
          <ns3:TrackPointExtension>
            <ns3:hr>132</ns3:hr>
            <ns3:cad>0</ns3:cad>
          </ns3:TrackPointExtension>
        </extensions>
      </trkpt>
      <trkpt lat="30.931565277278423309326171875" lon="120.034461580216884613037109375">
        <ele>465.79998779296875</ele>
        <time>2026-05-30T03:18:52.000Z</time>
        <extensions>
          <ns3:TrackPointExtension>
            <ns3:hr>129</ns3:hr>
            <ns3:cad>49</ns3:cad>
          </ns3:TrackPointExtension>
        </extensions>
      </trkpt>
      <trkpt lat="30.931563265621662139892578125" lon="120.0344768352806568145751953125">
        <ele>466</ele>
        <time>2026-05-30T03:18:53.000Z</time>
        <extensions>
          <ns3:TrackPointExtension>
            <ns3:hr>128</ns3:hr>
            <ns3:cad>49</ns3:cad>
          </ns3:TrackPointExtension>
        </extensions>
      </trkpt>
      <trkpt lat="30.9315416403114795684814453125" lon="120.0345113687217235565185546875">
        <ele>466.20001220703125</ele>
        <time>2026-05-30T03:19:00.000Z</time>
        <extensions>
          <ns3:TrackPointExtension>
            <ns3:hr>126</ns3:hr>
            <ns3:cad>48</ns3:cad>
          </ns3:TrackPointExtension>
        </extensions>
      </trkpt>
      <trkpt lat="30.9315295703709125518798828125" lon="120.0345276296138763427734375">
        <ele>466.600006103515625</ele>
        <time>2026-05-30T03:19:02.000Z</time>
        <extensions>
          <ns3:TrackPointExtension>
            <ns3:hr>125</ns3:hr>
            <ns3:cad>0</ns3:cad>
          </ns3:TrackPointExtension>
        </extensions>
      </trkpt>
      <trkpt lat="30.93152076937258243560791015625" lon="120.0345412082970142364501953125">
        <ele>466.79998779296875</ele>
        <time>2026-05-30T03:19:04.000Z</time>
        <extensions>
          <ns3:TrackPointExtension>
            <ns3:hr>122</ns3:hr>
            <ns3:cad>0</ns3:cad>
          </ns3:TrackPointExtension>
        </extensions>
      </trkpt>
      <trkpt lat="30.93151691369712352752685546875" lon="120.03454464487731456756591796875">
        <ele>466.79998779296875</ele>
        <time>2026-05-30T03:19:05.000Z</time>
        <extensions>
          <ns3:TrackPointExtension>
            <ns3:hr>119</ns3:hr>
            <ns3:cad>0</ns3:cad>
          </ns3:TrackPointExtension>
        </extensions>
      </trkpt>
      <trkpt lat="30.9315064363181591033935546875" lon="120.0345517694950103759765625">
        <ele>467</ele>
        <time>2026-05-30T03:19:07.000Z</time>
        <extensions>
          <ns3:TrackPointExtension>
            <ns3:hr>116</ns3:hr>
            <ns3:cad>45</ns3:cad>
          </ns3:TrackPointExtension>
        </extensions>
      </trkpt>
      <trkpt lat="30.931488834321498870849609375" lon="120.0345730595290660858154296875">
        <ele>467.600006103515625</ele>
        <time>2026-05-30T03:19:10.000Z</time>
        <extensions>
          <ns3:TrackPointExtension>
            <ns3:hr>117</ns3:hr>
            <ns3:cad>45</ns3:cad>
          </ns3:TrackPointExtension>
        </extensions>
      </trkpt>
      <trkpt lat="30.93147416599094867706298828125" lon="120.03459694795310497283935546875">
        <ele>468.20001220703125</ele>
        <time>2026-05-30T03:19:13.000Z</time>
        <extensions>
          <ns3:TrackPointExtension>
            <ns3:hr>116</ns3:hr>
            <ns3:cad>47</ns3:cad>
          </ns3:TrackPointExtension>
        </extensions>
      </trkpt>
      <trkpt lat="30.93146528117358684539794921875" lon="120.03460532985627651214599609375">
        <ele>468.600006103515625</ele>
        <time>2026-05-30T03:19:15.000Z</time>
        <extensions>
          <ns3:TrackPointExtension>
            <ns3:hr>116</ns3:hr>
            <ns3:cad>51</ns3:cad>
          </ns3:TrackPointExtension>
        </extensions>
      </trkpt>
      <trkpt lat="30.93143477104604244232177734375" lon="120.0346075929701328277587890625">
        <ele>469.79998779296875</ele>
        <time>2026-05-30T03:19:21.000Z</time>
        <extensions>
          <ns3:TrackPointExtension>
            <ns3:hr>118</ns3:hr>
            <ns3:cad>0</ns3:cad>
          </ns3:TrackPointExtension>
        </extensions>
      </trkpt>
      <trkpt lat="30.931424796581268310546875" lon="120.0346134603023529052734375">
        <ele>470</ele>
        <time>2026-05-30T03:19:22.000Z</time>
        <extensions>
          <ns3:TrackPointExtension>
            <ns3:hr>119</ns3:hr>
            <ns3:cad>0</ns3:cad>
          </ns3:TrackPointExtension>
        </extensions>
      </trkpt>
      <trkpt lat="30.93141046352684497833251953125" lon="120.034624524414539337158203125">
        <ele>470.79998779296875</ele>
        <time>2026-05-30T03:19:25.000Z</time>
        <extensions>
          <ns3:TrackPointExtension>
            <ns3:hr>122</ns3:hr>
            <ns3:cad>0</ns3:cad>
          </ns3:TrackPointExtension>
        </extensions>
      </trkpt>
      <trkpt lat="30.93140996061265468597412109375" lon="120.03462745808064937591552734375">
        <ele>471</ele>
        <time>2026-05-30T03:19:26.000Z</time>
        <extensions>
          <ns3:TrackPointExtension>
            <ns3:hr>122</ns3:hr>
            <ns3:cad>0</ns3:cad>
          </ns3:TrackPointExtension>
        </extensions>
      </trkpt>
      <trkpt lat="30.93140132725238800048828125" lon="120.03463734872639179229736328125">
        <ele>471.600006103515625</ele>
        <time>2026-05-30T03:19:30.000Z</time>
        <extensions>
          <ns3:TrackPointExtension>
            <ns3:hr>123</ns3:hr>
            <ns3:cad>43</ns3:cad>
          </ns3:TrackPointExtension>
        </extensions>
      </trkpt>
      <trkpt lat="30.9313944540917873382568359375" lon="120.03466282971203327178955078125">
        <ele>472.20001220703125</ele>
        <time>2026-05-30T03:19:35.000Z</time>
        <extensions>
          <ns3:TrackPointExtension>
            <ns3:hr>124</ns3:hr>
            <ns3:cad>59</ns3:cad>
          </ns3:TrackPointExtension>
        </extensions>
      </trkpt>
      <trkpt lat="30.93139269389212131500244140625" lon="120.03470172174274921417236328125">
        <ele>473</ele>
        <time>2026-05-30T03:19:38.000Z</time>
        <extensions>
          <ns3:TrackPointExtension>
            <ns3:hr>125</ns3:hr>
            <ns3:cad>43</ns3:cad>
          </ns3:TrackPointExtension>
        </extensions>
      </trkpt>
      <trkpt lat="30.93139286153018474578857421875" lon="120.0347088463604450225830078125">
        <ele>473.399993896484375</ele>
        <time>2026-05-30T03:19:39.000Z</time>
        <extensions>
          <ns3:TrackPointExtension>
            <ns3:hr>125</ns3:hr>
            <ns3:cad>43</ns3:cad>
          </ns3:TrackPointExtension>
        </extensions>
      </trkpt>
      <trkpt lat="30.93137844465672969818115234375" lon="120.03473374061286449432373046875">
        <ele>474.79998779296875</ele>
        <time>2026-05-30T03:19:43.000Z</time>
        <extensions>
          <ns3:TrackPointExtension>
            <ns3:hr>126</ns3:hr>
            <ns3:cad>0</ns3:cad>
          </ns3:TrackPointExtension>
        </extensions>
      </trkpt>
      <trkpt lat="30.9313706494867801666259765625" lon="120.0347396917641162872314453125">
        <ele>475</ele>
        <time>2026-05-30T03:19:44.000Z</time>
        <extensions>
          <ns3:TrackPointExtension>
            <ns3:hr>126</ns3:hr>
            <ns3:cad>0</ns3:cad>
          </ns3:TrackPointExtension>
        </extensions>
      </trkpt>
      <trkpt lat="30.931350030004978179931640625" lon="120.03473776392638683319091796875">
        <ele>475.79998779296875</ele>
        <time>2026-05-30T03:19:46.000Z</time>
        <extensions>
          <ns3:TrackPointExtension>
            <ns3:hr>126</ns3:hr>
            <ns3:cad>0</ns3:cad>
          </ns3:TrackPointExtension>
        </extensions>
      </trkpt>
      <trkpt lat="30.93132798559963703155517578125" lon="120.03473742865025997161865234375">
        <ele>476.600006103515625</ele>
        <time>2026-05-30T03:19:48.000Z</time>
        <extensions>
          <ns3:TrackPointExtension>
            <ns3:hr>131</ns3:hr>
            <ns3:cad>0</ns3:cad>
          </ns3:TrackPointExtension>
        </extensions>
      </trkpt>
      <trkpt lat="30.93132429756224155426025390625" lon="120.0347370095551013946533203125">
        <ele>477</ele>
        <time>2026-05-30T03:19:49.000Z</time>
        <extensions>
          <ns3:TrackPointExtension>
            <ns3:hr>133</ns3:hr>
            <ns3:cad>0</ns3:cad>
          </ns3:TrackPointExtension>
        </extensions>
      </trkpt>
      <trkpt lat="30.93132044188678264617919921875" lon="120.03473885357379913330078125">
        <ele>477.20001220703125</ele>
        <time>2026-05-30T03:19:50.000Z</time>
        <extensions>
          <ns3:TrackPointExtension>
            <ns3:hr>135</ns3:hr>
            <ns3:cad>0</ns3:cad>
          </ns3:TrackPointExtension>
        </extensions>
      </trkpt>
      <trkpt lat="30.93131490983068943023681640625" lon="120.034742541611194610595703125">
        <ele>477.600006103515625</ele>
        <time>2026-05-30T03:19:55.000Z</time>
        <extensions>
          <ns3:TrackPointExtension>
            <ns3:hr>139</ns3:hr>
            <ns3:cad>0</ns3:cad>
          </ns3:TrackPointExtension>
        </extensions>
      </trkpt>
      <trkpt lat="30.9313109703361988067626953125" lon="120.034751929342746734619140625">
        <ele>478</ele>
        <time>2026-05-30T03:19:57.000Z</time>
        <extensions>
          <ns3:TrackPointExtension>
            <ns3:hr>140</ns3:hr>
            <ns3:cad>0</ns3:cad>
          </ns3:TrackPointExtension>
        </extensions>
      </trkpt>
      <trkpt lat="30.93129831366240978240966796875" lon="120.034782774746417999267578125">
        <ele>479</ele>
        <time>2026-05-30T03:20:02.000Z</time>
        <extensions>
          <ns3:TrackPointExtension>
            <ns3:hr>142</ns3:hr>
            <ns3:cad>0</ns3:cad>
          </ns3:TrackPointExtension>
        </extensions>
      </trkpt>
      <trkpt lat="30.9312905184924602508544921875" lon="120.0347970239818096160888671875">
        <ele>479.20001220703125</ele>
        <time>2026-05-30T03:20:04.000Z</time>
        <extensions>
          <ns3:TrackPointExtension>
            <ns3:hr>140</ns3:hr>
            <ns3:cad>75</ns3:cad>
          </ns3:TrackPointExtension>
        </extensions>
      </trkpt>
      <trkpt lat="30.931290686130523681640625" lon="120.03482962958514690399169921875">
        <ele>479.79998779296875</ele>
        <time>2026-05-30T03:20:07.000Z</time>
        <extensions>
          <ns3:TrackPointExtension>
            <ns3:hr>136</ns3:hr>
            <ns3:cad>44</ns3:cad>
          </ns3:TrackPointExtension>
        </extensions>
      </trkpt>
      <trkpt lat="30.93128574080765247344970703125" lon="120.0348494946956634521484375">
        <ele>480.20001220703125</ele>
        <time>2026-05-30T03:20:09.000Z</time>
        <extensions>
          <ns3:TrackPointExtension>
            <ns3:hr>134</ns3:hr>
            <ns3:cad>42</ns3:cad>
          </ns3:TrackPointExtension>
        </extensions>
      </trkpt>
      <trkpt lat="30.931285656988620758056640625" lon="120.03485728986561298370361328125">
        <ele>480.399993896484375</ele>
        <time>2026-05-30T03:20:10.000Z</time>
        <extensions>
          <ns3:TrackPointExtension>
            <ns3:hr>133</ns3:hr>
            <ns3:cad>0</ns3:cad>
          </ns3:TrackPointExtension>
        </extensions>
      </trkpt>
      <trkpt lat="30.931270234286785125732421875" lon="120.034891404211521148681640625">
        <ele>481.20001220703125</ele>
        <time>2026-05-30T03:20:16.000Z</time>
        <extensions>
          <ns3:TrackPointExtension>
            <ns3:hr>136</ns3:hr>
            <ns3:cad>0</ns3:cad>
          </ns3:TrackPointExtension>
        </extensions>
      </trkpt>
      <trkpt lat="30.93127031810581684112548828125" lon="120.0348962657153606414794921875">
        <ele>481.399993896484375</ele>
        <time>2026-05-30T03:20:18.000Z</time>
        <extensions>
          <ns3:TrackPointExtension>
            <ns3:hr>136</ns3:hr>
            <ns3:cad>0</ns3:cad>
          </ns3:TrackPointExtension>
        </extensions>
      </trkpt>
      <trkpt lat="30.9312707372009754180908203125" lon="120.03492568619549274444580078125">
        <ele>482.399993896484375</ele>
        <time>2026-05-30T03:20:24.000Z</time>
        <extensions>
          <ns3:TrackPointExtension>
            <ns3:hr>136</ns3:hr>
            <ns3:cad>42</ns3:cad>
          </ns3:TrackPointExtension>
        </extensions>
      </trkpt>
      <trkpt lat="30.93126042746007442474365234375" lon="120.03494831733405590057373046875">
        <ele>483.399993896484375</ele>
        <time>2026-05-30T03:20:27.000Z</time>
        <extensions>
          <ns3:TrackPointExtension>
            <ns3:hr>136</ns3:hr>
            <ns3:cad>42</ns3:cad>
          </ns3:TrackPointExtension>
        </extensions>
      </trkpt>
      <trkpt lat="30.9312516264617443084716796875" lon="120.03496684134006500244140625">
        <ele>484</ele>
        <time>2026-05-30T03:20:30.000Z</time>
        <extensions>
          <ns3:TrackPointExtension>
            <ns3:hr>135</ns3:hr>
            <ns3:cad>0</ns3:cad>
          </ns3:TrackPointExtension>
        </extensions>
      </trkpt>
      <trkpt lat="30.931237377226352691650390625" lon="120.03500112332403659820556640625">
        <ele>484.600006103515625</ele>
        <time>2026-05-30T03:20:35.000Z</time>
        <extensions>
          <ns3:TrackPointExtension>
            <ns3:hr>133</ns3:hr>
            <ns3:cad>0</ns3:cad>
          </ns3:TrackPointExtension>
        </extensions>
      </trkpt>
      <trkpt lat="30.9312358684837818145751953125" lon="120.03500841557979583740234375">
        <ele>484.79998779296875</ele>
        <time>2026-05-30T03:20:36.000Z</time>
        <extensions>
          <ns3:TrackPointExtension>
            <ns3:hr>133</ns3:hr>
            <ns3:cad>0</ns3:cad>
          </ns3:TrackPointExtension>
        </extensions>
      </trkpt>
      <trkpt lat="30.9312191046774387359619140625" lon="120.035042949020862579345703125">
        <ele>485.600006103515625</ele>
        <time>2026-05-30T03:20:42.000Z</time>
        <extensions>
          <ns3:TrackPointExtension>
            <ns3:hr>133</ns3:hr>
            <ns3:cad>75</ns3:cad>
          </ns3:TrackPointExtension>
        </extensions>
      </trkpt>
      <trkpt lat="30.9311996586620807647705078125" lon="120.0350525043904781341552734375">
        <ele>486.20001220703125</ele>
        <time>2026-05-30T03:20:44.000Z</time>
        <extensions>
          <ns3:TrackPointExtension>
            <ns3:hr>133</ns3:hr>
            <ns3:cad>75</ns3:cad>
          </ns3:TrackPointExtension>
        </extensions>
      </trkpt>
      <trkpt lat="30.931175686419010162353515625" lon="120.03506205976009368896484375">
        <ele>486.79998779296875</ele>
        <time>2026-05-30T03:20:47.000Z</time>
        <extensions>
          <ns3:TrackPointExtension>
            <ns3:hr>134</ns3:hr>
            <ns3:cad>40</ns3:cad>
          </ns3:TrackPointExtension>
        </extensions>
      </trkpt>
      <trkpt lat="30.93115246854722499847412109375" lon="120.035071112215518951416015625">
        <ele>487</ele>
        <time>2026-05-30T03:20:50.000Z</time>
        <extensions>
          <ns3:TrackPointExtension>
            <ns3:hr>134</ns3:hr>
            <ns3:cad>50</ns3:cad>
          </ns3:TrackPointExtension>
        </extensions>
      </trkpt>
      <trkpt lat="30.931139476597309112548828125" lon="120.0351014547049999237060546875">
        <ele>487.399993896484375</ele>
        <time>2026-05-30T03:20:54.000Z</time>
        <extensions>
          <ns3:TrackPointExtension>
            <ns3:hr>133</ns3:hr>
            <ns3:cad>45</ns3:cad>
          </ns3:TrackPointExtension>
        </extensions>
      </trkpt>
      <trkpt lat="30.9311433322727680206298828125" lon="120.03511696122586727142333984375">
        <ele>487.79998779296875</ele>
        <time>2026-05-30T03:20:56.000Z</time>
        <extensions>
          <ns3:TrackPointExtension>
            <ns3:hr>133</ns3:hr>
            <ns3:cad>45</ns3:cad>
          </ns3:TrackPointExtension>
        </extensions>
      </trkpt>
      <trkpt lat="30.93114651739597320556640625" lon="120.0351447053253650665283203125">
        <ele>488.79998779296875</ele>
        <time>2026-05-30T03:21:00.000Z</time>
        <extensions>
          <ns3:TrackPointExtension>
            <ns3:hr>132</ns3:hr>
            <ns3:cad>48</ns3:cad>
          </ns3:TrackPointExtension>
        </extensions>
      </trkpt>
      <trkpt lat="30.931150205433368682861328125" lon="120.03515048883855342864990234375">
        <ele>489.600006103515625</ele>
        <time>2026-05-30T03:21:02.000Z</time>
        <extensions>
          <ns3:TrackPointExtension>
            <ns3:hr>131</ns3:hr>
            <ns3:cad>0</ns3:cad>
          </ns3:TrackPointExtension>
        </extensions>
      </trkpt>
      <trkpt lat="30.93114894814789295196533203125" lon="120.0351604633033275604248046875">
        <ele>490</ele>
        <time>2026-05-30T03:21:03.000Z</time>
        <extensions>
          <ns3:TrackPointExtension>
            <ns3:hr>131</ns3:hr>
            <ns3:cad>41</ns3:cad>
          </ns3:TrackPointExtension>
        </extensions>
      </trkpt>
      <trkpt lat="30.931146852672100067138671875" lon="120.03517496399581432342529296875">
        <ele>490.399993896484375</ele>
        <time>2026-05-30T03:21:04.000Z</time>
        <extensions>
          <ns3:TrackPointExtension>
            <ns3:hr>131</ns3:hr>
            <ns3:cad>41</ns3:cad>
          </ns3:TrackPointExtension>
        </extensions>
      </trkpt>
      <trkpt lat="30.931140482425689697265625" lon="120.035196840763092041015625">
        <ele>491.20001220703125</ele>
        <time>2026-05-30T03:21:07.000Z</time>
        <extensions>
          <ns3:TrackPointExtension>
            <ns3:hr>132</ns3:hr>
            <ns3:cad>41</ns3:cad>
          </ns3:TrackPointExtension>
        </extensions>
      </trkpt>
      <trkpt lat="30.9311426617205142974853515625" lon="120.03520664758980274200439453125">
        <ele>491.600006103515625</ele>
        <time>2026-05-30T03:21:09.000Z</time>
        <extensions>
          <ns3:TrackPointExtension>
            <ns3:hr>132</ns3:hr>
            <ns3:cad>41</ns3:cad>
          </ns3:TrackPointExtension>
        </extensions>
      </trkpt>
      <trkpt lat="30.93113981187343597412109375" lon="120.03522911109030246734619140625">
        <ele>492.399993896484375</ele>
        <time>2026-05-30T03:21:13.000Z</time>
        <extensions>
          <ns3:TrackPointExtension>
            <ns3:hr>135</ns3:hr>
            <ns3:cad>43</ns3:cad>
          </ns3:TrackPointExtension>
        </extensions>
      </trkpt>
      <trkpt lat="30.93113855458796024322509765625" lon="120.0352513231337070465087890625">
        <ele>492.79998779296875</ele>
        <time>2026-05-30T03:21:16.000Z</time>
        <extensions>
          <ns3:TrackPointExtension>
            <ns3:hr>136</ns3:hr>
            <ns3:cad>0</ns3:cad>
          </ns3:TrackPointExtension>
        </extensions>
      </trkpt>
      <trkpt lat="30.931140147149562835693359375" lon="120.03526565618813037872314453125">
        <ele>493.399993896484375</ele>
        <time>2026-05-30T03:21:19.000Z</time>
        <extensions>
          <ns3:TrackPointExtension>
            <ns3:hr>137</ns3:hr>
            <ns3:cad>0</ns3:cad>
          </ns3:TrackPointExtension>
        </extensions>
      </trkpt>
      <trkpt lat="30.9311369620263576507568359375" lon="120.03528476692736148834228515625">
        <ele>494.20001220703125</ele>
        <time>2026-05-30T03:21:22.000Z</time>
        <extensions>
          <ns3:TrackPointExtension>
            <ns3:hr>138</ns3:hr>
            <ns3:cad>0</ns3:cad>
          </ns3:TrackPointExtension>
        </extensions>
      </trkpt>
      <trkpt lat="30.9311337769031524658203125" lon="120.03529214300215244293212890625">
        <ele>494.600006103515625</ele>
        <time>2026-05-30T03:21:25.000Z</time>
        <extensions>
          <ns3:TrackPointExtension>
            <ns3:hr>138</ns3:hr>
            <ns3:cad>0</ns3:cad>
          </ns3:TrackPointExtension>
        </extensions>
      </trkpt>
      <trkpt lat="30.931113995611667633056640625" lon="120.03531418740749359130859375">
        <ele>495.20001220703125</ele>
        <time>2026-05-30T03:21:30.000Z</time>
        <extensions>
          <ns3:TrackPointExtension>
            <ns3:hr>138</ns3:hr>
            <ns3:cad>67</ns3:cad>
          </ns3:TrackPointExtension>
        </extensions>
      </trkpt>
      <trkpt lat="30.93109664507210254669189453125" lon="120.03531879745423793792724609375">
        <ele>495.79998779296875</ele>
        <time>2026-05-30T03:21:32.000Z</time>
        <extensions>
          <ns3:TrackPointExtension>
            <ns3:hr>138</ns3:hr>
            <ns3:cad>67</ns3:cad>
          </ns3:TrackPointExtension>
        </extensions>
      </trkpt>
      <trkpt lat="30.93108071945607662200927734375" lon="120.03533204086124897003173828125">
        <ele>497</ele>
        <time>2026-05-30T03:21:36.000Z</time>
        <extensions>
          <ns3:TrackPointExtension>
            <ns3:hr>138</ns3:hr>
            <ns3:cad>55</ns3:cad>
          </ns3:TrackPointExtension>
        </extensions>
      </trkpt>
      <trkpt lat="30.93107007443904876708984375" lon="120.0353539176285266876220703125">
        <ele>497.79998779296875</ele>
        <time>2026-05-30T03:21:43.000Z</time>
        <extensions>
          <ns3:TrackPointExtension>
            <ns3:hr>141</ns3:hr>
            <ns3:cad>60</ns3:cad>
          </ns3:TrackPointExtension>
        </extensions>
      </trkpt>
      <trkpt lat="30.93107082881033420562744140625" lon="120.03536070697009563446044921875">
        <ele>498.20001220703125</ele>
        <time>2026-05-30T03:21:46.000Z</time>
        <extensions>
          <ns3:TrackPointExtension>
            <ns3:hr>142</ns3:hr>
            <ns3:cad>0</ns3:cad>
          </ns3:TrackPointExtension>
        </extensions>
      </trkpt>
      <trkpt lat="30.93106546439230442047119140625" lon="120.03537830896675586700439453125">
        <ele>499.399993896484375</ele>
        <time>2026-05-30T03:21:51.000Z</time>
        <extensions>
          <ns3:TrackPointExtension>
            <ns3:hr>142</ns3:hr>
            <ns3:cad>0</ns3:cad>
          </ns3:TrackPointExtension>
        </extensions>
      </trkpt>
      <trkpt lat="30.93104719184339046478271484375" lon="120.03542482852935791015625">
        <ele>500.600006103515625</ele>
        <time>2026-05-30T03:21:55.000Z</time>
        <extensions>
          <ns3:TrackPointExtension>
            <ns3:hr>142</ns3:hr>
            <ns3:cad>0</ns3:cad>
          </ns3:TrackPointExtension>
        </extensions>
      </trkpt>
      <trkpt lat="30.9310457669198513031005859375" lon="120.03542826510965824127197265625">
        <ele>500.79998779296875</ele>
        <time>2026-05-30T03:21:56.000Z</time>
        <extensions>
          <ns3:TrackPointExtension>
            <ns3:hr>142</ns3:hr>
            <ns3:cad>0</ns3:cad>
          </ns3:TrackPointExtension>
        </extensions>
      </trkpt>
      <trkpt lat="30.93101953156292438507080078125" lon="120.03546983934938907623291015625">
        <ele>501.600006103515625</ele>
        <time>2026-05-30T03:22:00.000Z</time>
        <extensions>
          <ns3:TrackPointExtension>
            <ns3:hr>142</ns3:hr>
            <ns3:cad>55</ns3:cad>
          </ns3:TrackPointExtension>
        </extensions>
      </trkpt>
      <trkpt lat="30.931016094982624053955078125" lon="120.0354798138141632080078125">
        <ele>501.79998779296875</ele>
        <time>2026-05-30T03:22:01.000Z</time>
        <extensions>
          <ns3:TrackPointExtension>
            <ns3:hr>142</ns3:hr>
            <ns3:cad>53</ns3:cad>
          </ns3:TrackPointExtension>
        </extensions>
      </trkpt>
      <trkpt lat="30.93099958263337612152099609375" lon="120.035509653389453887939453125">
        <ele>502.79998779296875</ele>
        <time>2026-05-30T03:22:05.000Z</time>
        <extensions>
          <ns3:TrackPointExtension>
            <ns3:hr>142</ns3:hr>
            <ns3:cad>53</ns3:cad>
          </ns3:TrackPointExtension>
        </extensions>
      </trkpt>
      <trkpt lat="30.931000001728534698486328125" lon="120.03551962785422801971435546875">
        <ele>503.20001220703125</ele>
        <time>2026-05-30T03:22:08.000Z</time>
        <extensions>
          <ns3:TrackPointExtension>
            <ns3:hr>142</ns3:hr>
            <ns3:cad>53</ns3:cad>
          </ns3:TrackPointExtension>
        </extensions>
      </trkpt>
      <trkpt lat="30.93099203892052173614501953125" lon="120.03552935086190700531005859375">
        <ele>503.399993896484375</ele>
        <time>2026-05-30T03:22:15.000Z</time>
        <extensions>
          <ns3:TrackPointExtension>
            <ns3:hr>142</ns3:hr>
            <ns3:cad>0</ns3:cad>
          </ns3:TrackPointExtension>
        </extensions>
      </trkpt>
      <trkpt lat="30.93099338002502918243408203125" lon="120.0355369783937931060791015625">
        <ele>503.20001220703125</ele>
        <time>2026-05-30T03:22:21.000Z</time>
        <extensions>
          <ns3:TrackPointExtension>
            <ns3:hr>139</ns3:hr>
            <ns3:cad>0</ns3:cad>
          </ns3:TrackPointExtension>
        </extensions>
      </trkpt>
      <trkpt lat="30.9309951402246952056884765625" lon="120.03553412854671478271484375">
        <ele>503.399993896484375</ele>
        <time>2026-05-30T03:22:23.000Z</time>
        <extensions>
          <ns3:TrackPointExtension>
            <ns3:hr>140</ns3:hr>
            <ns3:cad>0</ns3:cad>
          </ns3:TrackPointExtension>
        </extensions>
      </trkpt>
      <trkpt lat="30.9309907816350460052490234375" lon="120.03553739748895168304443359375">
        <ele>503.600006103515625</ele>
        <time>2026-05-30T03:22:29.000Z</time>
        <extensions>
          <ns3:TrackPointExtension>
            <ns3:hr>137</ns3:hr>
            <ns3:cad>0</ns3:cad>
          </ns3:TrackPointExtension>
        </extensions>
      </trkpt>
      <trkpt lat="30.930990613996982574462890625" lon="120.03553722985088825225830078125">
        <ele>503.79998779296875</ele>
        <time>2026-05-30T03:22:33.000Z</time>
        <extensions>
          <ns3:TrackPointExtension>
            <ns3:hr>138</ns3:hr>
            <ns3:cad>0</ns3:cad>
          </ns3:TrackPointExtension>
        </extensions>
      </trkpt>
      <trkpt lat="30.930995307862758636474609375" lon="120.035528428852558135986328125">
        <ele>503.399993896484375</ele>
        <time>2026-05-30T03:22:38.000Z</time>
        <extensions>
          <ns3:TrackPointExtension>
            <ns3:hr>135</ns3:hr>
            <ns3:cad>0</ns3:cad>
          </ns3:TrackPointExtension>
        </extensions>
      </trkpt>
      <trkpt lat="30.93099589459598064422607421875" lon="120.0355269201099872589111328125">
        <ele>503.600006103515625</ele>
        <time>2026-05-30T03:22:40.000Z</time>
        <extensions>
          <ns3:TrackPointExtension>
            <ns3:hr>130</ns3:hr>
            <ns3:cad>0</ns3:cad>
          </ns3:TrackPointExtension>
        </extensions>
      </trkpt>
      <trkpt lat="30.930996648967266082763671875" lon="120.03552683629095554351806640625">
        <ele>503.600006103515625</ele>
        <time>2026-05-30T03:22:42.000Z</time>
        <extensions>
          <ns3:TrackPointExtension>
            <ns3:hr>126</ns3:hr>
            <ns3:cad>0</ns3:cad>
          </ns3:TrackPointExtension>
        </extensions>
      </trkpt>
      <trkpt lat="30.930994637310504913330078125" lon="120.03553538583219051361083984375">
        <ele>503.399993896484375</ele>
        <time>2026-05-30T03:22:46.000Z</time>
        <extensions>
          <ns3:TrackPointExtension>
            <ns3:hr>123</ns3:hr>
            <ns3:cad>0</ns3:cad>
          </ns3:TrackPointExtension>
        </extensions>
      </trkpt>
      <trkpt lat="30.93099656514823436737060546875" lon="120.035539828240871429443359375">
        <ele>503.600006103515625</ele>
        <time>2026-05-30T03:22:52.000Z</time>
        <extensions>
          <ns3:TrackPointExtension>
            <ns3:hr>120</ns3:hr>
            <ns3:cad>0</ns3:cad>
          </ns3:TrackPointExtension>
        </extensions>
      </trkpt>
      <trkpt lat="30.93099807389080524444580078125" lon="120.0355379842221736907958984375">
        <ele>503.600006103515625</ele>
        <time>2026-05-30T03:22:57.000Z</time>
        <extensions>
          <ns3:TrackPointExtension>
            <ns3:hr>117</ns3:hr>
            <ns3:cad>0</ns3:cad>
          </ns3:TrackPointExtension>
        </extensions>
      </trkpt>
      <trkpt lat="30.93099723570048809051513671875" lon="120.03553186543285846710205078125">
        <ele>503.600006103515625</ele>
        <time>2026-05-30T03:22:59.000Z</time>
        <extensions>
          <ns3:TrackPointExtension>
            <ns3:hr>113</ns3:hr>
            <ns3:cad>0</ns3:cad>
          </ns3:TrackPointExtension>
        </extensions>
      </trkpt>
      <trkpt lat="30.93099706806242465972900390625" lon="120.03553119488060474395751953125">
        <ele>503.600006103515625</ele>
        <time>2026-05-30T03:23:00.000Z</time>
        <extensions>
          <ns3:TrackPointExtension>
            <ns3:hr>112</ns3:hr>
            <ns3:cad>0</ns3:cad>
          </ns3:TrackPointExtension>
        </extensions>
      </trkpt>
      <trkpt lat="30.93099975027143955230712890625" lon="120.03552398644387722015380859375">
        <ele>503.399993896484375</ele>
        <time>2026-05-30T03:23:04.000Z</time>
        <extensions>
          <ns3:TrackPointExtension>
            <ns3:hr>109</ns3:hr>
            <ns3:cad>0</ns3:cad>
          </ns3:TrackPointExtension>
        </extensions>
      </trkpt>
      <trkpt lat="30.9309969842433929443359375" lon="120.0355262495577335357666015625">
        <ele>503.399993896484375</ele>
        <time>2026-05-30T03:23:06.000Z</time>
        <extensions>
          <ns3:TrackPointExtension>
            <ns3:hr>106</ns3:hr>
            <ns3:cad>0</ns3:cad>
          </ns3:TrackPointExtension>
        </extensions>
      </trkpt>
      <trkpt lat="30.930997319519519805908203125" lon="120.03552130423486232757568359375">
        <ele>503.600006103515625</ele>
        <time>2026-05-30T03:23:09.000Z</time>
        <extensions>
          <ns3:TrackPointExtension>
            <ns3:hr>105</ns3:hr>
            <ns3:cad>0</ns3:cad>
          </ns3:TrackPointExtension>
        </extensions>
      </trkpt>
      <trkpt lat="30.931002013385295867919921875" lon="120.03551711328327655792236328125">
        <ele>503.20001220703125</ele>
        <time>2026-05-30T03:23:13.000Z</time>
        <extensions>
          <ns3:TrackPointExtension>
            <ns3:hr>102</ns3:hr>
            <ns3:cad>0</ns3:cad>
          </ns3:TrackPointExtension>
        </extensions>
      </trkpt>
      <trkpt lat="30.931007377803325653076171875" lon="120.03552130423486232757568359375">
        <ele>503.20001220703125</ele>
        <time>2026-05-30T03:23:19.000Z</time>
        <extensions>
          <ns3:TrackPointExtension>
            <ns3:hr>103</ns3:hr>
            <ns3:cad>0</ns3:cad>
          </ns3:TrackPointExtension>
        </extensions>
      </trkpt>
      <trkpt lat="30.93100796453654766082763671875" lon="120.03552080132067203521728515625">
        <ele>503.399993896484375</ele>
        <time>2026-05-30T03:23:22.000Z</time>
        <extensions>
          <ns3:TrackPointExtension>
            <ns3:hr>107</ns3:hr>
            <ns3:cad>0</ns3:cad>
          </ns3:TrackPointExtension>
        </extensions>
      </trkpt>
      <trkpt lat="30.93100578524172306060791015625" lon="120.03552365116775035858154296875">
        <ele>503.399993896484375</ele>
        <time>2026-05-30T03:23:25.000Z</time>
        <extensions>
          <ns3:TrackPointExtension>
            <ns3:hr>104</ns3:hr>
            <ns3:cad>0</ns3:cad>
          </ns3:TrackPointExtension>
        </extensions>
      </trkpt>
      <trkpt lat="30.93099891208112239837646484375" lon="120.0355254113674163818359375">
        <ele>503.600006103515625</ele>
        <time>2026-05-30T03:23:30.000Z</time>
        <extensions>
          <ns3:TrackPointExtension>
            <ns3:hr>101</ns3:hr>
            <ns3:cad>0</ns3:cad>
          </ns3:TrackPointExtension>
        </extensions>
      </trkpt>
      <trkpt lat="30.93099438585340976715087890625" lon="120.035525076091289520263671875">
        <ele>503.600006103515625</ele>
        <time>2026-05-30T03:23:31.000Z</time>
        <extensions>
          <ns3:TrackPointExtension>
            <ns3:hr>100</ns3:hr>
            <ns3:cad>0</ns3:cad>
          </ns3:TrackPointExtension>
        </extensions>
      </trkpt>
      <trkpt lat="30.9309991635382175445556640625" lon="120.0355339609086513519287109375">
        <ele>503.600006103515625</ele>
        <time>2026-05-30T03:23:39.000Z</time>
        <extensions>
          <ns3:TrackPointExtension>
            <ns3:hr>100</ns3:hr>
            <ns3:cad>0</ns3:cad>
          </ns3:TrackPointExtension>
        </extensions>
      </trkpt>
      <trkpt lat="30.93099740333855152130126953125" lon="120.035531111061573028564453125">
        <ele>503.600006103515625</ele>
        <time>2026-05-30T03:23:42.000Z</time>
        <extensions>
          <ns3:TrackPointExtension>
            <ns3:hr>103</ns3:hr>
            <ns3:cad>0</ns3:cad>
          </ns3:TrackPointExtension>
        </extensions>
      </trkpt>
      <trkpt lat="30.93099421821534633636474609375" lon="120.035531781613826751708984375">
        <ele>503.79998779296875</ele>
        <time>2026-05-30T03:23:45.000Z</time>
        <extensions>
          <ns3:TrackPointExtension>
            <ns3:hr>104</ns3:hr>
            <ns3:cad>0</ns3:cad>
          </ns3:TrackPointExtension>
        </extensions>
      </trkpt>
      <trkpt lat="30.9309917874634265899658203125" lon="120.0355316139757633209228515625">
        <ele>503.600006103515625</ele>
        <time>2026-05-30T03:23:50.000Z</time>
        <extensions>
          <ns3:TrackPointExtension>
            <ns3:hr>103</ns3:hr>
            <ns3:cad>46</ns3:cad>
          </ns3:TrackPointExtension>
        </extensions>
      </trkpt>
      <trkpt lat="30.9309894405305385589599609375" lon="120.03552918322384357452392578125">
        <ele>503.399993896484375</ele>
        <time>2026-05-30T03:23:59.000Z</time>
        <extensions>
          <ns3:TrackPointExtension>
            <ns3:hr>105</ns3:hr>
            <ns3:cad>0</ns3:cad>
          </ns3:TrackPointExtension>
        </extensions>
      </trkpt>
      <trkpt lat="30.93099069781601428985595703125" lon="120.03552633337676525115966796875">
        <ele>503.399993896484375</ele>
        <time>2026-05-30T03:24:02.000Z</time>
        <extensions>
          <ns3:TrackPointExtension>
            <ns3:hr>102</ns3:hr>
            <ns3:cad>0</ns3:cad>
          </ns3:TrackPointExtension>
        </extensions>
      </trkpt>
      <trkpt lat="30.93099136836826801300048828125" lon="120.03552817739546298980712890625">
        <ele>503.399993896484375</ele>
        <time>2026-05-30T03:24:06.000Z</time>
        <extensions>
          <ns3:TrackPointExtension>
            <ns3:hr>101</ns3:hr>
            <ns3:cad>0</ns3:cad>
          </ns3:TrackPointExtension>
        </extensions>
      </trkpt>
      <trkpt lat="30.930993966758251190185546875" lon="120.0355332903563976287841796875">
        <ele>503.600006103515625</ele>
        <time>2026-05-30T03:24:15.000Z</time>
        <extensions>
          <ns3:TrackPointExtension>
            <ns3:hr>99</ns3:hr>
            <ns3:cad>0</ns3:cad>
          </ns3:TrackPointExtension>
        </extensions>
      </trkpt>
      <trkpt lat="30.9309994988143444061279296875" lon="120.0355279259383678436279296875">
        <ele>503.600006103515625</ele>
        <time>2026-05-30T03:24:20.000Z</time>
        <extensions>
          <ns3:TrackPointExtension>
            <ns3:hr>95</ns3:hr>
            <ns3:cad>0</ns3:cad>
          </ns3:TrackPointExtension>
        </extensions>
      </trkpt>
      <trkpt lat="30.93099522404372692108154296875" lon="120.03553136251866817474365234375">
        <ele>503.600006103515625</ele>
        <time>2026-05-30T03:24:24.000Z</time>
        <extensions>
          <ns3:TrackPointExtension>
            <ns3:hr>94</ns3:hr>
            <ns3:cad>0</ns3:cad>
          </ns3:TrackPointExtension>
        </extensions>
      </trkpt>
      <trkpt lat="30.930984914302825927734375" lon="120.0355334579944610595703125">
        <ele>503.399993896484375</ele>
        <time>2026-05-30T03:24:30.000Z</time>
        <extensions>
          <ns3:TrackPointExtension>
            <ns3:hr>91</ns3:hr>
            <ns3:cad>0</ns3:cad>
          </ns3:TrackPointExtension>
        </extensions>
      </trkpt>
      <trkpt lat="30.9309864230453968048095703125" lon="120.03553370945155620574951171875">
        <ele>503.79998779296875</ele>
        <time>2026-05-30T03:24:32.000Z</time>
        <extensions>
          <ns3:TrackPointExtension>
            <ns3:hr>90</ns3:hr>
            <ns3:cad>0</ns3:cad>
          </ns3:TrackPointExtension>
        </extensions>
      </trkpt>
      <trkpt lat="30.93099153600633144378662109375" lon="120.03553521819412708282470703125">
        <ele>503.600006103515625</ele>
        <time>2026-05-30T03:24:40.000Z</time>
        <extensions>
          <ns3:TrackPointExtension>
            <ns3:hr>89</ns3:hr>
            <ns3:cad>0</ns3:cad>
          </ns3:TrackPointExtension>
        </extensions>
      </trkpt>
      <trkpt lat="30.93098231591284275054931640625" lon="120.03553924150764942169189453125">
        <ele>503.600006103515625</ele>
        <time>2026-05-30T03:24:50.000Z</time>
        <extensions>
          <ns3:TrackPointExtension>
            <ns3:hr>92</ns3:hr>
            <ns3:cad>0</ns3:cad>
          </ns3:TrackPointExtension>
        </extensions>
      </trkpt>
      <trkpt lat="30.9309823997318744659423828125" lon="120.03553890623152256011962890625">
        <ele>503.600006103515625</ele>
        <time>2026-05-30T03:24:51.000Z</time>
        <extensions>
          <ns3:TrackPointExtension>
            <ns3:hr>93</ns3:hr>
            <ns3:cad>0</ns3:cad>
          </ns3:TrackPointExtension>
        </extensions>
      </trkpt>
      <trkpt lat="30.93098600395023822784423828125" lon="120.0355379842221736907958984375">
        <ele>503.600006103515625</ele>
        <time>2026-05-30T03:25:01.000Z</time>
        <extensions>
          <ns3:TrackPointExtension>
            <ns3:hr>91</ns3:hr>
            <ns3:cad>0</ns3:cad>
          </ns3:TrackPointExtension>
        </extensions>
      </trkpt>
      <trkpt lat="30.9309875965118408203125" lon="120.035535134375095367431640625">
        <ele>503.600006103515625</ele>
        <time>2026-05-30T03:25:08.000Z</time>
        <extensions>
          <ns3:TrackPointExtension>
            <ns3:hr>96</ns3:hr>
            <ns3:cad>0</ns3:cad>
          </ns3:TrackPointExtension>
        </extensions>
      </trkpt>
      <trkpt lat="30.9309875965118408203125" lon="120.0355379842221736907958984375">
        <ele>503.600006103515625</ele>
        <time>2026-05-30T03:25:09.000Z</time>
        <extensions>
          <ns3:TrackPointExtension>
            <ns3:hr>97</ns3:hr>
            <ns3:cad>0</ns3:cad>
          </ns3:TrackPointExtension>
        </extensions>
      </trkpt>
      <trkpt lat="30.93098650686442852020263671875" lon="120.03553840331733226776123046875">
        <ele>503.79998779296875</ele>
        <time>2026-05-30T03:25:14.000Z</time>
        <extensions>
          <ns3:TrackPointExtension>
            <ns3:hr>94</ns3:hr>
            <ns3:cad>0</ns3:cad>
          </ns3:TrackPointExtension>
        </extensions>
      </trkpt>
      <trkpt lat="30.930983908474445343017578125" lon="120.03553136251866817474365234375">
        <ele>504</ele>
        <time>2026-05-30T03:25:19.000Z</time>
        <extensions>
          <ns3:TrackPointExtension>
            <ns3:hr>94</ns3:hr>
            <ns3:cad>0</ns3:cad>
          </ns3:TrackPointExtension>
        </extensions>
      </trkpt>
      <trkpt lat="30.93098600395023822784423828125" lon="120.03553287126123905181884765625">
        <ele>503.79998779296875</ele>
        <time>2026-05-30T03:25:23.000Z</time>
        <extensions>
          <ns3:TrackPointExtension>
            <ns3:hr>91</ns3:hr>
            <ns3:cad>0</ns3:cad>
          </ns3:TrackPointExtension>
        </extensions>
      </trkpt>
      <trkpt lat="30.9309864230453968048095703125" lon="120.035533793270587921142578125">
        <ele>504</ele>
        <time>2026-05-30T03:25:27.000Z</time>
        <extensions>
          <ns3:TrackPointExtension>
            <ns3:hr>91</ns3:hr>
            <ns3:cad>0</ns3:cad>
          </ns3:TrackPointExtension>
        </extensions>
      </trkpt>
      <trkpt lat="30.93098650686442852020263671875" lon="120.0355272553861141204833984375">
        <ele>504</ele>
        <time>2026-05-30T03:25:40.000Z</time>
        <extensions>
          <ns3:TrackPointExtension>
            <ns3:hr>90</ns3:hr>
            <ns3:cad>0</ns3:cad>
          </ns3:TrackPointExtension>
        </extensions>
      </trkpt>
      <trkpt lat="30.9309807233512401580810546875" lon="120.03553454764187335968017578125">
        <ele>504.20001220703125</ele>
        <time>2026-05-30T03:25:51.000Z</time>
        <extensions>
          <ns3:TrackPointExtension>
            <ns3:hr>91</ns3:hr>
            <ns3:cad>0</ns3:cad>
          </ns3:TrackPointExtension>
        </extensions>
      </trkpt>
      <trkpt lat="30.9309787116944789886474609375" lon="120.03553404472768306732177734375">
        <ele>504</ele>
        <time>2026-05-30T03:26:02.000Z</time>
        <extensions>
          <ns3:TrackPointExtension>
            <ns3:hr>88</ns3:hr>
            <ns3:cad>0</ns3:cad>
          </ns3:TrackPointExtension>
        </extensions>
      </trkpt>
      <trkpt lat="30.93097929842770099639892578125" lon="120.03553639166057109832763671875">
        <ele>504</ele>
        <time>2026-05-30T03:26:03.000Z</time>
        <extensions>
          <ns3:TrackPointExtension>
            <ns3:hr>88</ns3:hr>
            <ns3:cad>0</ns3:cad>
          </ns3:TrackPointExtension>
        </extensions>
      </trkpt>
      <trkpt lat="30.93097846023738384246826171875" lon="120.03553102724254131317138671875">
        <ele>504</ele>
        <time>2026-05-30T03:26:12.000Z</time>
        <extensions>
          <ns3:TrackPointExtension>
            <ns3:hr>92</ns3:hr>
            <ns3:cad>0</ns3:cad>
          </ns3:TrackPointExtension>
        </extensions>
      </trkpt>
      <trkpt lat="30.930981896817684173583984375" lon="120.03553521819412708282470703125">
        <ele>504.20001220703125</ele>
        <time>2026-05-30T03:26:15.000Z</time>
        <extensions>
          <ns3:TrackPointExtension>
            <ns3:hr>89</ns3:hr>
            <ns3:cad>0</ns3:cad>
          </ns3:TrackPointExtension>
        </extensions>
      </trkpt>
      <trkpt lat="30.9309834055602550506591796875" lon="120.035536475479602813720703125">
        <ele>504.20001220703125</ele>
        <time>2026-05-30T03:26:18.000Z</time>
        <extensions>
          <ns3:TrackPointExtension>
            <ns3:hr>86</ns3:hr>
            <ns3:cad>0</ns3:cad>
          </ns3:TrackPointExtension>
        </extensions>
      </trkpt>
      <trkpt lat="30.93098156154155731201171875" lon="120.0355349667370319366455078125">
        <ele>504.20001220703125</ele>
        <time>2026-05-30T03:26:28.000Z</time>
        <extensions>
          <ns3:TrackPointExtension>
            <ns3:hr>86</ns3:hr>
            <ns3:cad>0</ns3:cad>
          </ns3:TrackPointExtension>
        </extensions>
      </trkpt>
      <trkpt lat="30.93098281882703304290771484375" lon="120.035538487136363983154296875">
        <ele>504</ele>
        <time>2026-05-30T03:26:38.000Z</time>
        <extensions>
          <ns3:TrackPointExtension>
            <ns3:hr>87</ns3:hr>
            <ns3:cad>0</ns3:cad>
          </ns3:TrackPointExtension>
        </extensions>
      </trkpt>
      <trkpt lat="30.93098566867411136627197265625" lon="120.03553488291800022125244140625">
        <ele>504</ele>
        <time>2026-05-30T03:26:41.000Z</time>
        <extensions>
          <ns3:TrackPointExtension>
            <ns3:hr>91</ns3:hr>
            <ns3:cad>0</ns3:cad>
          </ns3:TrackPointExtension>
        </extensions>
      </trkpt>
      <trkpt lat="30.930983908474445343017578125" lon="120.03553722985088825225830078125">
        <ele>504.399993896484375</ele>
        <time>2026-05-30T03:26:44.000Z</time>
        <extensions>
          <ns3:TrackPointExtension>
            <ns3:hr>95</ns3:hr>
            <ns3:cad>0</ns3:cad>
          </ns3:TrackPointExtension>
        </extensions>
      </trkpt>
      <trkpt lat="30.93098315410315990447998046875" lon="120.03553655929863452911376953125">
        <ele>504.20001220703125</ele>
        <time>2026-05-30T03:26:49.000Z</time>
        <extensions>
          <ns3:TrackPointExtension>
            <ns3:hr>93</ns3:hr>
            <ns3:cad>0</ns3:cad>
          </ns3:TrackPointExtension>
        </extensions>
      </trkpt>
      <trkpt lat="30.93098315410315990447998046875" lon="120.03554041497409343719482421875">
        <ele>504.20001220703125</ele>
        <time>2026-05-30T03:26:52.000Z</time>
        <extensions>
          <ns3:TrackPointExtension>
            <ns3:hr>89</ns3:hr>
            <ns3:cad>0</ns3:cad>
          </ns3:TrackPointExtension>
        </extensions>
      </trkpt>
      <trkpt lat="30.9309830702841281890869140625" lon="120.03554326482117176055908203125">
        <ele>504.20001220703125</ele>
        <time>2026-05-30T03:26:55.000Z</time>
        <extensions>
          <ns3:TrackPointExtension>
            <ns3:hr>86</ns3:hr>
            <ns3:cad>0</ns3:cad>
          </ns3:TrackPointExtension>
        </extensions>
      </trkpt>
      <trkpt lat="30.93098097480833530426025390625" lon="120.0355416722595691680908203125">
        <ele>504.20001220703125</ele>
        <time>2026-05-30T03:26:58.000Z</time>
        <extensions>
          <ns3:TrackPointExtension>
            <ns3:hr>87</ns3:hr>
            <ns3:cad>0</ns3:cad>
          </ns3:TrackPointExtension>
        </extensions>
      </trkpt>
      <trkpt lat="30.93098315410315990447998046875" lon="120.035542510449886322021484375">
        <ele>504.20001220703125</ele>
        <time>2026-05-30T03:27:03.000Z</time>
        <extensions>
          <ns3:TrackPointExtension>
            <ns3:hr>91</ns3:hr>
            <ns3:cad>0</ns3:cad>
          </ns3:TrackPointExtension>
        </extensions>
      </trkpt>
      <trkpt lat="30.93098432756960391998291015625" lon="120.03554024733603000640869140625">
        <ele>504</ele>
        <time>2026-05-30T03:27:05.000Z</time>
        <extensions>
          <ns3:TrackPointExtension>
            <ns3:hr>94</ns3:hr>
            <ns3:cad>0</ns3:cad>
          </ns3:TrackPointExtension>
        </extensions>
      </trkpt>
      <trkpt lat="30.9309847466647624969482421875" lon="120.035538487136363983154296875">
        <ele>504.399993896484375</ele>
        <time>2026-05-30T03:27:09.000Z</time>
        <extensions>
          <ns3:TrackPointExtension>
            <ns3:hr>95</ns3:hr>
            <ns3:cad>0</ns3:cad>
          </ns3:TrackPointExtension>
        </extensions>
      </trkpt>
      <trkpt lat="30.9309961460530757904052734375" lon="120.03553949296474456787109375">
        <ele>504.600006103515625</ele>
        <time>2026-05-30T03:27:18.000Z</time>
        <extensions>
          <ns3:TrackPointExtension>
            <ns3:hr>91</ns3:hr>
            <ns3:cad>0</ns3:cad>
          </ns3:TrackPointExtension>
        </extensions>
      </trkpt>
      <trkpt lat="30.93099673278629779815673828125" lon="120.0355406664311885833740234375">
        <ele>504.600006103515625</ele>
        <time>2026-05-30T03:27:19.000Z</time>
        <extensions>
          <ns3:TrackPointExtension>
            <ns3:hr>90</ns3:hr>
            <ns3:cad>0</ns3:cad>
          </ns3:TrackPointExtension>
        </extensions>
      </trkpt>
      <trkpt lat="30.93099891208112239837646484375" lon="120.0355386547744274139404296875">
        <ele>504.600006103515625</ele>
        <time>2026-05-30T03:27:26.000Z</time>
        <extensions>
          <ns3:TrackPointExtension>
            <ns3:hr>93</ns3:hr>
            <ns3:cad>0</ns3:cad>
          </ns3:TrackPointExtension>
        </extensions>
      </trkpt>
      <trkpt lat="30.9309998340904712677001953125" lon="120.03553102724254131317138671875">
        <ele>504.600006103515625</ele>
        <time>2026-05-30T03:27:31.000Z</time>
        <extensions>
          <ns3:TrackPointExtension>
            <ns3:hr>90</ns3:hr>
            <ns3:cad>0</ns3:cad>
          </ns3:TrackPointExtension>
        </extensions>
      </trkpt>
      <trkpt lat="30.93100142665207386016845703125" lon="120.03553085960447788238525390625">
        <ele>504.600006103515625</ele>
        <time>2026-05-30T03:27:32.000Z</time>
        <extensions>
          <ns3:TrackPointExtension>
            <ns3:hr>90</ns3:hr>
            <ns3:cad>0</ns3:cad>
          </ns3:TrackPointExtension>
        </extensions>
      </trkpt>
      <trkpt lat="30.9310031868517398834228515625" lon="120.03552465699613094329833984375">
        <ele>504.79998779296875</ele>
        <time>2026-05-30T03:27:37.000Z</time>
        <extensions>
          <ns3:TrackPointExtension>
            <ns3:hr>89</ns3:hr>
            <ns3:cad>0</ns3:cad>
          </ns3:TrackPointExtension>
        </extensions>
      </trkpt>
      <trkpt lat="30.9310011751949787139892578125" lon="120.0355334579944610595703125">
        <ele>504.79998779296875</ele>
        <time>2026-05-30T03:27:43.000Z</time>
        <extensions>
          <ns3:TrackPointExtension>
            <ns3:hr>88</ns3:hr>
            <ns3:cad>0</ns3:cad>
          </ns3:TrackPointExtension>
        </extensions>
      </trkpt>
      <trkpt lat="30.9309943020343780517578125" lon="120.0355399958789348602294921875">
        <ele>504.79998779296875</ele>
        <time>2026-05-30T03:27:47.000Z</time>
        <extensions>
          <ns3:TrackPointExtension>
            <ns3:hr>85</ns3:hr>
            <ns3:cad>0</ns3:cad>
          </ns3:TrackPointExtension>
        </extensions>
      </trkpt>
      <trkpt lat="30.93099229037761688232421875" lon="120.0355396606028079986572265625">
        <ele>504.600006103515625</ele>
        <time>2026-05-30T03:27:53.000Z</time>
        <extensions>
          <ns3:TrackPointExtension>
            <ns3:hr>84</ns3:hr>
            <ns3:cad>0</ns3:cad>
          </ns3:TrackPointExtension>
        </extensions>
      </trkpt>
      <trkpt lat="30.930990278720855712890625" lon="120.0355296023190021514892578125">
        <ele>504.79998779296875</ele>
        <time>2026-05-30T03:28:05.000Z</time>
        <extensions>
          <ns3:TrackPointExtension>
            <ns3:hr>86</ns3:hr>
            <ns3:cad>0</ns3:cad>
          </ns3:TrackPointExtension>
        </extensions>
      </trkpt>
      <trkpt lat="30.9310025162994861602783203125" lon="120.03553253598511219024658203125">
        <ele>505</ele>
        <time>2026-05-30T03:28:16.000Z</time>
        <extensions>
          <ns3:TrackPointExtension>
            <ns3:hr>86</ns3:hr>
            <ns3:cad>0</ns3:cad>
          </ns3:TrackPointExtension>
        </extensions>
      </trkpt>
      <trkpt lat="30.9310092218220233917236328125" lon="120.0355309434235095977783203125">
        <ele>504.600006103515625</ele>
        <time>2026-05-30T03:28:22.000Z</time>
        <extensions>
          <ns3:TrackPointExtension>
            <ns3:hr>83</ns3:hr>
            <ns3:cad>0</ns3:cad>
          </ns3:TrackPointExtension>
        </extensions>
      </trkpt>
      <trkpt lat="30.93100368976593017578125" lon="120.03552817739546298980712890625">
        <ele>505</ele>
        <time>2026-05-30T03:28:28.000Z</time>
        <extensions>
          <ns3:TrackPointExtension>
            <ns3:hr>82</ns3:hr>
            <ns3:cad>0</ns3:cad>
          </ns3:TrackPointExtension>
        </extensions>
      </trkpt>
      <trkpt lat="30.93099924735724925994873046875" lon="120.0355319492518901824951171875">
        <ele>505.20001220703125</ele>
        <time>2026-05-30T03:28:35.000Z</time>
        <extensions>
          <ns3:TrackPointExtension>
            <ns3:hr>82</ns3:hr>
            <ns3:cad>0</ns3:cad>
          </ns3:TrackPointExtension>
        </extensions>
      </trkpt>
      <trkpt lat="30.93100192956626415252685546875" lon="120.0355356372892856597900390625">
        <ele>505</ele>
        <time>2026-05-30T03:28:44.000Z</time>
        <extensions>
          <ns3:TrackPointExtension>
            <ns3:hr>86</ns3:hr>
            <ns3:cad>0</ns3:cad>
          </ns3:TrackPointExtension>
        </extensions>
      </trkpt>
      <trkpt lat="30.93100578524172306060791015625" lon="120.0355374813079833984375">
        <ele>505</ele>
        <time>2026-05-30T03:28:53.000Z</time>
        <extensions>
          <ns3:TrackPointExtension>
            <ns3:hr>84</ns3:hr>
            <ns3:cad>0</ns3:cad>
          </ns3:TrackPointExtension>
        </extensions>
      </trkpt>
      <trkpt lat="30.93100293539464473724365234375" lon="120.0355369783937931060791015625">
        <ele>505</ele>
        <time>2026-05-30T03:29:03.000Z</time>
        <extensions>
          <ns3:TrackPointExtension>
            <ns3:hr>84</ns3:hr>
            <ns3:cad>0</ns3:cad>
          </ns3:TrackPointExtension>
        </extensions>
      </trkpt>
      <trkpt lat="30.9309988282620906829833984375" lon="120.03553873859345912933349609375">
        <ele>505.20001220703125</ele>
        <time>2026-05-30T03:29:11.000Z</time>
        <extensions>
          <ns3:TrackPointExtension>
            <ns3:hr>84</ns3:hr>
            <ns3:cad>0</ns3:cad>
          </ns3:TrackPointExtension>
        </extensions>
      </trkpt>
      <trkpt lat="30.9309971518814563751220703125" lon="120.0355393253266811370849609375">
        <ele>505.20001220703125</ele>
        <time>2026-05-30T03:29:16.000Z</time>
        <extensions>
          <ns3:TrackPointExtension>
            <ns3:hr>87</ns3:hr>
            <ns3:cad>0</ns3:cad>
          </ns3:TrackPointExtension>
        </extensions>
      </trkpt>
      <trkpt lat="30.93099522404372692108154296875" lon="120.03553907386958599090576171875">
        <ele>505.20001220703125</ele>
        <time>2026-05-30T03:29:22.000Z</time>
        <extensions>
          <ns3:TrackPointExtension>
            <ns3:hr>87</ns3:hr>
            <ns3:cad>0</ns3:cad>
          </ns3:TrackPointExtension>
        </extensions>
      </trkpt>
      <trkpt lat="30.9310001693665981292724609375" lon="120.035529099404811859130859375">
        <ele>505.20001220703125</ele>
        <time>2026-05-30T03:29:30.000Z</time>
        <extensions>
          <ns3:TrackPointExtension>
            <ns3:hr>92</ns3:hr>
            <ns3:cad>0</ns3:cad>
          </ns3:TrackPointExtension>
        </extensions>
      </trkpt>
      <trkpt lat="30.930996648967266082763671875" lon="120.03553756512701511383056640625">
        <ele>505</ele>
        <time>2026-05-30T03:29:38.000Z</time>
        <extensions>
          <ns3:TrackPointExtension>
            <ns3:hr>89</ns3:hr>
            <ns3:cad>0</ns3:cad>
          </ns3:TrackPointExtension>
        </extensions>
      </trkpt>
      <trkpt lat="30.930995978415012359619140625" lon="120.035543181002140045166015625">
        <ele>505.20001220703125</ele>
        <time>2026-05-30T03:29:41.000Z</time>
        <extensions>
          <ns3:TrackPointExtension>
            <ns3:hr>86</ns3:hr>
            <ns3:cad>0</ns3:cad>
          </ns3:TrackPointExtension>
        </extensions>
      </trkpt>
      <trkpt lat="30.93099690042436122894287109375" lon="120.0355426780879497528076171875">
        <ele>505.20001220703125</ele>
        <time>2026-05-30T03:29:42.000Z</time>
        <extensions>
          <ns3:TrackPointExtension>
            <ns3:hr>84</ns3:hr>
            <ns3:cad>0</ns3:cad>
          </ns3:TrackPointExtension>
        </extensions>
      </trkpt>
      <trkpt lat="30.9309924580156803131103515625" lon="120.0355436839163303375244140625">
        <ele>505.20001220703125</ele>
        <time>2026-05-30T03:29:45.000Z</time>
        <extensions>
          <ns3:TrackPointExtension>
            <ns3:hr>81</ns3:hr>
            <ns3:cad>0</ns3:cad>
          </ns3:TrackPointExtension>
        </extensions>
      </trkpt>
      <trkpt lat="30.931000001728534698486328125" lon="120.0355334579944610595703125">
        <ele>505.20001220703125</ele>
        <time>2026-05-30T03:29:52.000Z</time>
        <extensions>
          <ns3:TrackPointExtension>
            <ns3:hr>83</ns3:hr>
            <ns3:cad>0</ns3:cad>
          </ns3:TrackPointExtension>
        </extensions>
      </trkpt>
      <trkpt lat="30.93100109137594699859619140625" lon="120.03553488291800022125244140625">
        <ele>505.399993896484375</ele>
        <time>2026-05-30T03:29:56.000Z</time>
        <extensions>
          <ns3:TrackPointExtension>
            <ns3:hr>86</ns3:hr>
            <ns3:cad>44</ns3:cad>
          </ns3:TrackPointExtension>
        </extensions>
      </trkpt>
      <trkpt lat="30.93099765479564666748046875" lon="120.0355410017073154449462890625">
        <ele>505.399993896484375</ele>
        <time>2026-05-30T03:30:03.000Z</time>
        <extensions>
          <ns3:TrackPointExtension>
            <ns3:hr>87</ns3:hr>
            <ns3:cad>0</ns3:cad>
          </ns3:TrackPointExtension>
        </extensions>
      </trkpt>
      <trkpt lat="30.93099991790950298309326171875" lon="120.0355386547744274139404296875">
        <ele>505.600006103515625</ele>
        <time>2026-05-30T03:30:13.000Z</time>
        <extensions>
          <ns3:TrackPointExtension>
            <ns3:hr>87</ns3:hr>
            <ns3:cad>0</ns3:cad>
          </ns3:TrackPointExtension>
        </extensions>
      </trkpt>
      <trkpt lat="30.93100125901401042938232421875" lon="120.0355403311550617218017578125">
        <ele>505.600006103515625</ele>
        <time>2026-05-30T03:30:15.000Z</time>
        <extensions>
          <ns3:TrackPointExtension>
            <ns3:hr>84</ns3:hr>
            <ns3:cad>0</ns3:cad>
          </ns3:TrackPointExtension>
        </extensions>
      </trkpt>
      <trkpt lat="30.93099840916693210601806640625" lon="120.03553739748895168304443359375">
        <ele>506</ele>
        <time>2026-05-30T03:30:21.000Z</time>
        <extensions>
          <ns3:TrackPointExtension>
            <ns3:hr>84</ns3:hr>
            <ns3:cad>0</ns3:cad>
          </ns3:TrackPointExtension>
        </extensions>
      </trkpt>
      <trkpt lat="30.9309978224337100982666015625" lon="120.03553907386958599090576171875">
        <ele>506</ele>
        <time>2026-05-30T03:30:22.000Z</time>
        <extensions>
          <ns3:TrackPointExtension>
            <ns3:hr>84</ns3:hr>
            <ns3:cad>0</ns3:cad>
          </ns3:TrackPointExtension>
        </extensions>
      </trkpt>
      <trkpt lat="30.9310018457472324371337890625" lon="120.03553823567926883697509765625">
        <ele>505.399993896484375</ele>
        <time>2026-05-30T03:30:31.000Z</time>
        <extensions>
          <ns3:TrackPointExtension>
            <ns3:hr>82</ns3:hr>
            <ns3:cad>0</ns3:cad>
          </ns3:TrackPointExtension>
        </extensions>
      </trkpt>
      <trkpt lat="30.93099991790950298309326171875" lon="120.0355282612144947052001953125">
        <ele>505.600006103515625</ele>
        <time>2026-05-30T03:30:41.000Z</time>
        <extensions>
          <ns3:TrackPointExtension>
            <ns3:hr>80</ns3:hr>
            <ns3:cad>0</ns3:cad>
          </ns3:TrackPointExtension>
        </extensions>
      </trkpt>
      <trkpt lat="30.931001007556915283203125" lon="120.03553337417542934417724609375">
        <ele>505.600006103515625</ele>
        <time>2026-05-30T03:30:55.000Z</time>
        <extensions>
          <ns3:TrackPointExtension>
            <ns3:hr>77</ns3:hr>
            <ns3:cad>0</ns3:cad>
          </ns3:TrackPointExtension>
        </extensions>
      </trkpt>
      <trkpt lat="30.93099991790950298309326171875" lon="120.03553404472768306732177734375">
        <ele>505.600006103515625</ele>
        <time>2026-05-30T03:30:56.000Z</time>
        <extensions>
          <ns3:TrackPointExtension>
            <ns3:hr>77</ns3:hr>
            <ns3:cad>0</ns3:cad>
          </ns3:TrackPointExtension>
        </extensions>
      </trkpt>
      <trkpt lat="30.93099505640566349029541015625" lon="120.0355366431176662445068359375">
        <ele>506</ele>
        <time>2026-05-30T03:31:08.000Z</time>
        <extensions>
          <ns3:TrackPointExtension>
            <ns3:hr>81</ns3:hr>
            <ns3:cad>0</ns3:cad>
          </ns3:TrackPointExtension>
        </extensions>
      </trkpt>
      <trkpt lat="30.930995643138885498046875" lon="120.0355349667370319366455078125">
        <ele>506</ele>
        <time>2026-05-30T03:31:10.000Z</time>
        <extensions>
          <ns3:TrackPointExtension>
            <ns3:hr>81</ns3:hr>
            <ns3:cad>0</ns3:cad>
          </ns3:TrackPointExtension>
        </extensions>
      </trkpt>
      <trkpt lat="30.93100662343204021453857421875" lon="120.03552742302417755126953125">
        <ele>506.20001220703125</ele>
        <time>2026-05-30T03:31:21.000Z</time>
        <extensions>
          <ns3:TrackPointExtension>
            <ns3:hr>84</ns3:hr>
            <ns3:cad>0</ns3:cad>
          </ns3:TrackPointExtension>
        </extensions>
      </trkpt>
      <trkpt lat="30.93100913800299167633056640625" lon="120.0355285964906215667724609375">
        <ele>506.20001220703125</ele>
        <time>2026-05-30T03:31:23.000Z</time>
        <extensions>
          <ns3:TrackPointExtension>
            <ns3:hr>86</ns3:hr>
            <ns3:cad>0</ns3:cad>
          </ns3:TrackPointExtension>
        </extensions>
      </trkpt>
      <trkpt lat="30.9310169331729412078857421875" lon="120.03553052432835102081298828125">
        <ele>506.20001220703125</ele>
        <time>2026-05-30T03:31:30.000Z</time>
        <extensions>
          <ns3:TrackPointExtension>
            <ns3:hr>82</ns3:hr>
            <ns3:cad>0</ns3:cad>
          </ns3:TrackPointExtension>
        </extensions>
      </trkpt>
      <trkpt lat="30.93101777136325836181640625" lon="120.03552985377609729766845703125">
        <ele>506.20001220703125</ele>
        <time>2026-05-30T03:31:31.000Z</time>
        <extensions>
          <ns3:TrackPointExtension>
            <ns3:hr>79</ns3:hr>
            <ns3:cad>0</ns3:cad>
          </ns3:TrackPointExtension>
        </extensions>
      </trkpt>
      <trkpt lat="30.93101969920098781585693359375" lon="120.03552901558578014373779296875">
        <ele>506.20001220703125</ele>
        <time>2026-05-30T03:31:32.000Z</time>
        <extensions>
          <ns3:TrackPointExtension>
            <ns3:hr>79</ns3:hr>
            <ns3:cad>0</ns3:cad>
          </ns3:TrackPointExtension>
        </extensions>
      </trkpt>
      <trkpt lat="30.93101902864873409271240234375" lon="120.03552817739546298980712890625">
        <ele>506.20001220703125</ele>
        <time>2026-05-30T03:31:33.000Z</time>
        <extensions>
          <ns3:TrackPointExtension>
            <ns3:hr>80</ns3:hr>
            <ns3:cad>0</ns3:cad>
          </ns3:TrackPointExtension>
        </extensions>
      </trkpt>
      <trkpt lat="30.93101601116359233856201171875" lon="120.03552264533936977386474609375">
        <ele>506.20001220703125</ele>
        <time>2026-05-30T03:31:37.000Z</time>
        <extensions>
          <ns3:TrackPointExtension>
            <ns3:hr>83</ns3:hr>
            <ns3:cad>0</ns3:cad>
          </ns3:TrackPointExtension>
        </extensions>
      </trkpt>
      <trkpt lat="30.93101450242102146148681640625" lon="120.0355227291584014892578125">
        <ele>506.20001220703125</ele>
        <time>2026-05-30T03:31:45.000Z</time>
        <extensions>
          <ns3:TrackPointExtension>
            <ns3:hr>84</ns3:hr>
            <ns3:cad>0</ns3:cad>
          </ns3:TrackPointExtension>
        </extensions>
      </trkpt>
      <trkpt lat="30.93101852573454380035400390625" lon="120.03553203307092189788818359375">
        <ele>506.399993896484375</ele>
        <time>2026-05-30T03:31:55.000Z</time>
        <extensions>
          <ns3:TrackPointExtension>
            <ns3:hr>84</ns3:hr>
            <ns3:cad>0</ns3:cad>
          </ns3:TrackPointExtension>
        </extensions>
      </trkpt>
      <trkpt lat="30.9309978224337100982666015625" lon="120.03553052432835102081298828125">
        <ele>506.20001220703125</ele>
        <time>2026-05-30T03:32:00.000Z</time>
        <extensions>
          <ns3:TrackPointExtension>
            <ns3:hr>87</ns3:hr>
            <ns3:cad>0</ns3:cad>
          </ns3:TrackPointExtension>
        </extensions>
      </trkpt>
      <trkpt lat="30.93099740333855152130126953125" lon="120.03553387708961963653564453125">
        <ele>506.20001220703125</ele>
        <time>2026-05-30T03:32:01.000Z</time>
        <extensions>
          <ns3:TrackPointExtension>
            <ns3:hr>88</ns3:hr>
            <ns3:cad>0</ns3:cad>
          </ns3:TrackPointExtension>
        </extensions>
      </trkpt>
      <trkpt lat="30.93100477941334247589111328125" lon="120.03554427064955234527587890625">
        <ele>506.399993896484375</ele>
        <time>2026-05-30T03:32:04.000Z</time>
        <extensions>
          <ns3:TrackPointExtension>
            <ns3:hr>91</ns3:hr>
            <ns3:cad>0</ns3:cad>
          </ns3:TrackPointExtension>
        </extensions>
      </trkpt>
      <trkpt lat="30.9310023486614227294921875" lon="120.03555499948561191558837890625">
        <ele>506.399993896484375</ele>
        <time>2026-05-30T03:32:07.000Z</time>
        <extensions>
          <ns3:TrackPointExtension>
            <ns3:hr>94</ns3:hr>
            <ns3:cad>0</ns3:cad>
          </ns3:TrackPointExtension>
        </extensions>
      </trkpt>
      <trkpt lat="30.93100293539464473724365234375" lon="120.03555969335138797760009765625">
        <ele>506.399993896484375</ele>
        <time>2026-05-30T03:32:08.000Z</time>
        <extensions>
          <ns3:TrackPointExtension>
            <ns3:hr>94</ns3:hr>
            <ns3:cad>0</ns3:cad>
          </ns3:TrackPointExtension>
        </extensions>
      </trkpt>
      <trkpt lat="30.9310082159936428070068359375" lon="120.03557930700480937957763671875">
        <ele>506</ele>
        <time>2026-05-30T03:32:12.000Z</time>
        <extensions>
          <ns3:TrackPointExtension>
            <ns3:hr>91</ns3:hr>
            <ns3:cad>0</ns3:cad>
          </ns3:TrackPointExtension>
        </extensions>
      </trkpt>
      <trkpt lat="30.93100612051784992218017578125" lon="120.03558265976607799530029296875">
        <ele>506</ele>
        <time>2026-05-30T03:32:14.000Z</time>
        <extensions>
          <ns3:TrackPointExtension>
            <ns3:hr>91</ns3:hr>
            <ns3:cad>0</ns3:cad>
          </ns3:TrackPointExtension>
        </extensions>
      </trkpt>
      <trkpt lat="30.9310025162994861602783203125" lon="120.03559112548828125">
        <ele>506.20001220703125</ele>
        <time>2026-05-30T03:32:17.000Z</time>
        <extensions>
          <ns3:TrackPointExtension>
            <ns3:hr>94</ns3:hr>
            <ns3:cad>0</ns3:cad>
          </ns3:TrackPointExtension>
        </extensions>
      </trkpt>
      <trkpt lat="30.93099631369113922119140625" lon="120.0355922989547252655029296875">
        <ele>506.399993896484375</ele>
        <time>2026-05-30T03:32:20.000Z</time>
        <extensions>
          <ns3:TrackPointExtension>
            <ns3:hr>97</ns3:hr>
            <ns3:cad>0</ns3:cad>
          </ns3:TrackPointExtension>
        </extensions>
      </trkpt>
      <trkpt lat="30.93099539168179035186767578125" lon="120.0356060452759265899658203125">
        <ele>506.20001220703125</ele>
        <time>2026-05-30T03:32:23.000Z</time>
        <extensions>
          <ns3:TrackPointExtension>
            <ns3:hr>96</ns3:hr>
            <ns3:cad>0</ns3:cad>
          </ns3:TrackPointExtension>
        </extensions>
      </trkpt>
      <trkpt lat="30.9309937991201877593994140625" lon="120.03561266697943210601806640625">
        <ele>506.20001220703125</ele>
        <time>2026-05-30T03:32:25.000Z</time>
        <extensions>
          <ns3:TrackPointExtension>
            <ns3:hr>92</ns3:hr>
            <ns3:cad>0</ns3:cad>
          </ns3:TrackPointExtension>
        </extensions>
      </trkpt>
      <trkpt lat="30.93099363148212432861328125" lon="120.03563144244253635406494140625">
        <ele>506</ele>
        <time>2026-05-30T03:32:27.000Z</time>
        <extensions>
          <ns3:TrackPointExtension>
            <ns3:hr>89</ns3:hr>
            <ns3:cad>0</ns3:cad>
          </ns3:TrackPointExtension>
        </extensions>
      </trkpt>
      <trkpt lat="30.93099589459598064422607421875" lon="120.03566086292266845703125">
        <ele>506</ele>
        <time>2026-05-30T03:32:30.000Z</time>
        <extensions>
          <ns3:TrackPointExtension>
            <ns3:hr>90</ns3:hr>
            <ns3:cad>53</ns3:cad>
          </ns3:TrackPointExtension>
        </extensions>
      </trkpt>
      <trkpt lat="30.93100570142269134521484375" lon="120.03570905886590480804443359375">
        <ele>506</ele>
        <time>2026-05-30T03:32:34.000Z</time>
        <extensions>
          <ns3:TrackPointExtension>
            <ns3:hr>93</ns3:hr>
            <ns3:cad>53</ns3:cad>
          </ns3:TrackPointExtension>
        </extensions>
      </trkpt>
      <trkpt lat="30.93102104030549526214599609375" lon="120.0357368029654026031494140625">
        <ele>506</ele>
        <time>2026-05-30T03:32:37.000Z</time>
        <extensions>
          <ns3:TrackPointExtension>
            <ns3:hr>96</ns3:hr>
            <ns3:cad>55</ns3:cad>
          </ns3:TrackPointExtension>
        </extensions>
      </trkpt>
      <trkpt lat="30.93103252351284027099609375" lon="120.03574736416339874267578125">
        <ele>506</ele>
        <time>2026-05-30T03:32:38.000Z</time>
        <extensions>
          <ns3:TrackPointExtension>
            <ns3:hr>96</ns3:hr>
            <ns3:cad>55</ns3:cad>
          </ns3:TrackPointExtension>
        </extensions>
      </trkpt>
      <trkpt lat="30.9310591779649257659912109375" lon="120.035840906202793121337890625">
        <ele>505.600006103515625</ele>
        <time>2026-05-30T03:32:43.000Z</time>
        <extensions>
          <ns3:TrackPointExtension>
            <ns3:hr>94</ns3:hr>
            <ns3:cad>0</ns3:cad>
          </ns3:TrackPointExtension>
        </extensions>
      </trkpt>
      <trkpt lat="30.93106982298195362091064453125" lon="120.03591257147490978240966796875">
        <ele>505.79998779296875</ele>
        <time>2026-05-30T03:32:48.000Z</time>
        <extensions>
          <ns3:TrackPointExtension>
            <ns3:hr>95</ns3:hr>
            <ns3:cad>75</ns3:cad>
          </ns3:TrackPointExtension>
        </extensions>
      </trkpt>
      <trkpt lat="30.93107066117227077484130859375" lon="120.03594056703150272369384765625">
        <ele>505.600006103515625</ele>
        <time>2026-05-30T03:32:50.000Z</time>
        <extensions>
          <ns3:TrackPointExtension>
            <ns3:hr>101</ns3:hr>
            <ns3:cad>0</ns3:cad>
          </ns3:TrackPointExtension>
        </extensions>
      </trkpt>
      <trkpt lat="30.93107820488512516021728515625" lon="120.03595657646656036376953125">
        <ele>505.399993896484375</ele>
        <time>2026-05-30T03:32:52.000Z</time>
        <extensions>
          <ns3:TrackPointExtension>
            <ns3:hr>104</ns3:hr>
            <ns3:cad>53</ns3:cad>
          </ns3:TrackPointExtension>
        </extensions>
      </trkpt>
      <trkpt lat="30.931093208491802215576171875" lon="120.0359979830682277679443359375">
        <ele>505</ele>
        <time>2026-05-30T03:32:55.000Z</time>
        <extensions>
          <ns3:TrackPointExtension>
            <ns3:hr>103</ns3:hr>
            <ns3:cad>100</ns3:cad>
          </ns3:TrackPointExtension>
        </extensions>
      </trkpt>
      <trkpt lat="30.93110217712819576263427734375" lon="120.036059506237506866455078125">
        <ele>504.399993896484375</ele>
        <time>2026-05-30T03:33:00.000Z</time>
        <extensions>
          <ns3:TrackPointExtension>
            <ns3:hr>102</ns3:hr>
            <ns3:cad>52</ns3:cad>
          </ns3:TrackPointExtension>
        </extensions>
      </trkpt>
      <trkpt lat="30.9310947172343730926513671875" lon="120.03606663085520267486572265625">
        <ele>504.20001220703125</ele>
        <time>2026-05-30T03:33:01.000Z</time>
        <extensions>
          <ns3:TrackPointExtension>
            <ns3:hr>101</ns3:hr>
            <ns3:cad>52</ns3:cad>
          </ns3:TrackPointExtension>
        </extensions>
      </trkpt>
      <trkpt lat="30.93108910135924816131591796875" lon="120.0360958836972713470458984375">
        <ele>503.79998779296875</ele>
        <time>2026-05-30T03:33:04.000Z</time>
        <extensions>
          <ns3:TrackPointExtension>
            <ns3:hr>100</ns3:hr>
            <ns3:cad>58</ns3:cad>
          </ns3:TrackPointExtension>
        </extensions>
      </trkpt>
      <trkpt lat="30.93109630979597568511962890625" lon="120.03612899221479892730712890625">
        <ele>503.600006103515625</ele>
        <time>2026-05-30T03:33:06.000Z</time>
        <extensions>
          <ns3:TrackPointExtension>
            <ns3:hr>100</ns3:hr>
            <ns3:cad>58</ns3:cad>
          </ns3:TrackPointExtension>
        </extensions>
      </trkpt>
      <trkpt lat="30.93111307360231876373291015625" lon="120.03617743961513042449951171875">
        <ele>503.20001220703125</ele>
        <time>2026-05-30T03:33:12.000Z</time>
        <extensions>
          <ns3:TrackPointExtension>
            <ns3:hr>101</ns3:hr>
            <ns3:cad>57</ns3:cad>
          </ns3:TrackPointExtension>
        </extensions>
      </trkpt>
      <trkpt lat="30.93111106194555759429931640625" lon="120.03621348179876804351806640625">
        <ele>502.600006103515625</ele>
        <time>2026-05-30T03:33:16.000Z</time>
        <extensions>
          <ns3:TrackPointExtension>
            <ns3:hr>100</ns3:hr>
            <ns3:cad>58</ns3:cad>
          </ns3:TrackPointExtension>
        </extensions>
      </trkpt>
      <trkpt lat="30.93110938556492328643798828125" lon="120.03623125143349170684814453125">
        <ele>502.20001220703125</ele>
        <time>2026-05-30T03:33:18.000Z</time>
        <extensions>
          <ns3:TrackPointExtension>
            <ns3:hr>100</ns3:hr>
            <ns3:cad>68</ns3:cad>
          </ns3:TrackPointExtension>
        </extensions>
      </trkpt>
      <trkpt lat="30.9310843236744403839111328125" lon="120.03630048595368862152099609375">
        <ele>501.399993896484375</ele>
        <time>2026-05-30T03:33:22.000Z</time>
        <extensions>
          <ns3:TrackPointExtension>
            <ns3:hr>99</ns3:hr>
            <ns3:cad>75</ns3:cad>
          </ns3:TrackPointExtension>
        </extensions>
      </trkpt>
      <trkpt lat="30.93108340166509151458740234375" lon="120.0363158248364925384521484375">
        <ele>501.20001220703125</ele>
        <time>2026-05-30T03:33:23.000Z</time>
        <extensions>
          <ns3:TrackPointExtension>
            <ns3:hr>99</ns3:hr>
            <ns3:cad>75</ns3:cad>
          </ns3:TrackPointExtension>
        </extensions>
      </trkpt>
      <trkpt lat="30.93108977191150188446044921875" lon="120.0363319180905818939208984375">
        <ele>501</ele>
        <time>2026-05-30T03:33:24.000Z</time>
        <extensions>
          <ns3:TrackPointExtension>
            <ns3:hr>99</ns3:hr>
            <ns3:cad>75</ns3:cad>
          </ns3:TrackPointExtension>
        </extensions>
      </trkpt>
      <trkpt lat="30.9311067871749401092529296875" lon="120.03635429777204990386962890625">
        <ele>500.399993896484375</ele>
        <time>2026-05-30T03:33:26.000Z</time>
        <extensions>
          <ns3:TrackPointExtension>
            <ns3:hr>99</ns3:hr>
            <ns3:cad>73</ns3:cad>
          </ns3:TrackPointExtension>
        </extensions>
      </trkpt>
      <trkpt lat="30.93112103641033172607421875" lon="120.03637223504483699798583984375">
        <ele>500</ele>
        <time>2026-05-30T03:33:28.000Z</time>
        <extensions>
          <ns3:TrackPointExtension>
            <ns3:hr>99</ns3:hr>
            <ns3:cad>73</ns3:cad>
          </ns3:TrackPointExtension>
        </extensions>
      </trkpt>
      <trkpt lat="30.93113956041634082794189453125" lon="120.03639645874500274658203125">
        <ele>499.600006103515625</ele>
        <time>2026-05-30T03:33:30.000Z</time>
        <extensions>
          <ns3:TrackPointExtension>
            <ns3:hr>102</ns3:hr>
            <ns3:cad>70</ns3:cad>
          </ns3:TrackPointExtension>
        </extensions>
      </trkpt>
      <trkpt lat="30.9311533905565738677978515625" lon="120.03642085008323192596435546875">
        <ele>499.20001220703125</ele>
        <time>2026-05-30T03:33:32.000Z</time>
        <extensions>
          <ns3:TrackPointExtension>
            <ns3:hr>105</ns3:hr>
            <ns3:cad>70</ns3:cad>
          </ns3:TrackPointExtension>
        </extensions>
      </trkpt>
      <trkpt lat="30.9311674721539020538330078125" lon="120.0364439003169536590576171875">
        <ele>498.399993896484375</ele>
        <time>2026-05-30T03:33:35.000Z</time>
        <extensions>
          <ns3:TrackPointExtension>
            <ns3:hr>107</ns3:hr>
            <ns3:cad>65</ns3:cad>
          </ns3:TrackPointExtension>
        </extensions>
      </trkpt>
      <trkpt lat="30.9311778657138347625732421875" lon="120.0364615023136138916015625">
        <ele>498</ele>
        <time>2026-05-30T03:33:37.000Z</time>
        <extensions>
          <ns3:TrackPointExtension>
            <ns3:hr>107</ns3:hr>
            <ns3:cad>65</ns3:cad>
          </ns3:TrackPointExtension>
        </extensions>
      </trkpt>
      <trkpt lat="30.931196473538875579833984375" lon="120.036487989127635955810546875">
        <ele>497</ele>
        <time>2026-05-30T03:33:41.000Z</time>
        <extensions>
          <ns3:TrackPointExtension>
            <ns3:hr>106</ns3:hr>
            <ns3:cad>61</ns3:cad>
          </ns3:TrackPointExtension>
        </extensions>
      </trkpt>
      <trkpt lat="30.93120208941400051116943359375" lon="120.0364905036985874176025390625">
        <ele>496.79998779296875</ele>
        <time>2026-05-30T03:33:42.000Z</time>
        <extensions>
          <ns3:TrackPointExtension>
            <ns3:hr>107</ns3:hr>
            <ns3:cad>61</ns3:cad>
          </ns3:TrackPointExtension>
        </extensions>
      </trkpt>
      <trkpt lat="30.931213237345218658447265625" lon="120.03649712540209293365478515625">
        <ele>497</ele>
        <time>2026-05-30T03:33:47.000Z</time>
        <extensions>
          <ns3:TrackPointExtension>
            <ns3:hr>106</ns3:hr>
            <ns3:cad>0</ns3:cad>
          </ns3:TrackPointExtension>
        </extensions>
      </trkpt>
      <trkpt lat="30.93121332116425037384033203125" lon="120.036497376859188079833984375">
        <ele>496.79998779296875</ele>
        <time>2026-05-30T03:33:52.000Z</time>
        <extensions>
          <ns3:TrackPointExtension>
            <ns3:hr>103</ns3:hr>
            <ns3:cad>0</ns3:cad>
          </ns3:TrackPointExtension>
        </extensions>
      </trkpt>
      <trkpt lat="30.931215584278106689453125" lon="120.03649838268756866455078125">
        <ele>496.20001220703125</ele>
        <time>2026-05-30T03:33:56.000Z</time>
        <extensions>
          <ns3:TrackPointExtension>
            <ns3:hr>104</ns3:hr>
            <ns3:cad>0</ns3:cad>
          </ns3:TrackPointExtension>
        </extensions>
      </trkpt>
      <trkpt lat="30.93122455291450023651123046875" lon="120.0365092791616916656494140625">
        <ele>496.20001220703125</ele>
        <time>2026-05-30T03:34:05.000Z</time>
        <extensions>
          <ns3:TrackPointExtension>
            <ns3:hr>106</ns3:hr>
            <ns3:cad>0</ns3:cad>
          </ns3:TrackPointExtension>
        </extensions>
      </trkpt>
      <trkpt lat="30.93122606165707111358642578125" lon="120.03650785423815250396728515625">
        <ele>496.20001220703125</ele>
        <time>2026-05-30T03:34:07.000Z</time>
        <extensions>
          <ns3:TrackPointExtension>
            <ns3:hr>103</ns3:hr>
            <ns3:cad>0</ns3:cad>
          </ns3:TrackPointExtension>
        </extensions>
      </trkpt>
      <trkpt lat="30.931226313114166259765625" lon="120.03650768660008907318115234375">
        <ele>496.20001220703125</ele>
        <time>2026-05-30T03:34:08.000Z</time>
        <extensions>
          <ns3:TrackPointExtension>
            <ns3:hr>98</ns3:hr>
            <ns3:cad>0</ns3:cad>
          </ns3:TrackPointExtension>
        </extensions>
      </trkpt>
      <trkpt lat="30.93122832477092742919921875" lon="120.03650651313364505767822265625">
        <ele>496.600006103515625</ele>
        <time>2026-05-30T03:34:14.000Z</time>
        <extensions>
          <ns3:TrackPointExtension>
            <ns3:hr>95</ns3:hr>
            <ns3:cad>0</ns3:cad>
          </ns3:TrackPointExtension>
        </extensions>
      </trkpt>
      <trkpt lat="30.931220948696136474609375" lon="120.0365072675049304962158203125">
        <ele>496.399993896484375</ele>
        <time>2026-05-30T03:34:22.000Z</time>
        <extensions>
          <ns3:TrackPointExtension>
            <ns3:hr>94</ns3:hr>
            <ns3:cad>0</ns3:cad>
          </ns3:TrackPointExtension>
        </extensions>
      </trkpt>
      <trkpt lat="30.93122254125773906707763671875" lon="120.03650483675301074981689453125">
        <ele>496.399993896484375</ele>
        <time>2026-05-30T03:34:26.000Z</time>
        <extensions>
          <ns3:TrackPointExtension>
            <ns3:hr>90</ns3:hr>
            <ns3:cad>0</ns3:cad>
          </ns3:TrackPointExtension>
        </extensions>
      </trkpt>
      <trkpt lat="30.9312248043715953826904296875" lon="120.03650450147688388824462890625">
        <ele>496.399993896484375</ele>
        <time>2026-05-30T03:34:28.000Z</time>
        <extensions>
          <ns3:TrackPointExtension>
            <ns3:hr>87</ns3:hr>
            <ns3:cad>0</ns3:cad>
          </ns3:TrackPointExtension>
        </extensions>
      </trkpt>
      <trkpt lat="30.93122606165707111358642578125" lon="120.0365039147436618804931640625">
        <ele>496.399993896484375</ele>
        <time>2026-05-30T03:34:31.000Z</time>
        <extensions>
          <ns3:TrackPointExtension>
            <ns3:hr>86</ns3:hr>
            <ns3:cad>0</ns3:cad>
          </ns3:TrackPointExtension>
        </extensions>
      </trkpt>
      <trkpt lat="30.93123578466475009918212890625" lon="120.0365070998668670654296875">
        <ele>496.20001220703125</ele>
        <time>2026-05-30T03:34:38.000Z</time>
        <extensions>
          <ns3:TrackPointExtension>
            <ns3:hr>83</ns3:hr>
            <ns3:cad>0</ns3:cad>
          </ns3:TrackPointExtension>
        </extensions>
      </trkpt>
      <trkpt lat="30.93123377300798892974853515625" lon="120.03650399856269359588623046875">
        <ele>496.20001220703125</ele>
        <time>2026-05-30T03:34:43.000Z</time>
        <extensions>
          <ns3:TrackPointExtension>
            <ns3:hr>81</ns3:hr>
            <ns3:cad>0</ns3:cad>
          </ns3:TrackPointExtension>
        </extensions>
      </trkpt>
      <trkpt lat="30.9312241338193416595458984375" lon="120.036502070724964141845703125">
        <ele>496</ele>
        <time>2026-05-30T03:34:52.000Z</time>
        <extensions>
          <ns3:TrackPointExtension>
            <ns3:hr>82</ns3:hr>
            <ns3:cad>0</ns3:cad>
          </ns3:TrackPointExtension>
        </extensions>
      </trkpt>
      <trkpt lat="30.931225977838039398193359375" lon="120.03650366328656673431396484375">
        <ele>496.399993896484375</ele>
        <time>2026-05-30T03:34:55.000Z</time>
        <extensions>
          <ns3:TrackPointExtension>
            <ns3:hr>85</ns3:hr>
            <ns3:cad>0</ns3:cad>
          </ns3:TrackPointExtension>
        </extensions>
      </trkpt>
      <trkpt lat="30.9312288276851177215576171875" lon="120.036514811217784881591796875">
        <ele>496.399993896484375</ele>
        <time>2026-05-30T03:35:00.000Z</time>
        <extensions>
          <ns3:TrackPointExtension>
            <ns3:hr>85</ns3:hr>
            <ns3:cad>0</ns3:cad>
          </ns3:TrackPointExtension>
        </extensions>
      </trkpt>
      <trkpt lat="30.93123494647443294525146484375" lon="120.03651053644716739654541015625">
        <ele>496.20001220703125</ele>
        <time>2026-05-30T03:35:07.000Z</time>
        <extensions>
          <ns3:TrackPointExtension>
            <ns3:hr>81</ns3:hr>
            <ns3:cad>0</ns3:cad>
          </ns3:TrackPointExtension>
        </extensions>
      </trkpt>
      <trkpt lat="30.9312343597412109375" lon="120.03651372157037258148193359375">
        <ele>496.20001220703125</ele>
        <time>2026-05-30T03:35:11.000Z</time>
        <extensions>
          <ns3:TrackPointExtension>
            <ns3:hr>84</ns3:hr>
            <ns3:cad>0</ns3:cad>
          </ns3:TrackPointExtension>
        </extensions>
      </trkpt>
      <trkpt lat="30.93122321180999279022216796875" lon="120.0365206785500049591064453125">
        <ele>496.399993896484375</ele>
        <time>2026-05-30T03:35:15.000Z</time>
        <extensions>
          <ns3:TrackPointExtension>
            <ns3:hr>84</ns3:hr>
            <ns3:cad>0</ns3:cad>
          </ns3:TrackPointExtension>
        </extensions>
      </trkpt>
      <trkpt lat="30.93123100697994232177734375" lon="120.03652512095868587493896484375">
        <ele>496.600006103515625</ele>
        <time>2026-05-30T03:35:20.000Z</time>
        <extensions>
          <ns3:TrackPointExtension>
            <ns3:hr>87</ns3:hr>
            <ns3:cad>0</ns3:cad>
          </ns3:TrackPointExtension>
        </extensions>
      </trkpt>
      <trkpt lat="30.93123360536992549896240234375" lon="120.036523528397083282470703125">
        <ele>496.600006103515625</ele>
        <time>2026-05-30T03:35:27.000Z</time>
        <extensions>
          <ns3:TrackPointExtension>
            <ns3:hr>86</ns3:hr>
            <ns3:cad>0</ns3:cad>
          </ns3:TrackPointExtension>
        </extensions>
      </trkpt>
      <trkpt lat="30.93123192898929119110107421875" lon="120.036520846188068389892578125">
        <ele>496.399993896484375</ele>
        <time>2026-05-30T03:35:35.000Z</time>
        <extensions>
          <ns3:TrackPointExtension>
            <ns3:hr>86</ns3:hr>
            <ns3:cad>0</ns3:cad>
          </ns3:TrackPointExtension>
        </extensions>
      </trkpt>
      <trkpt lat="30.93122555874288082122802734375" lon="120.036512129008769989013671875">
        <ele>496.399993896484375</ele>
        <time>2026-05-30T03:35:44.000Z</time>
        <extensions>
          <ns3:TrackPointExtension>
            <ns3:hr>84</ns3:hr>
            <ns3:cad>0</ns3:cad>
          </ns3:TrackPointExtension>
        </extensions>
      </trkpt>
      <trkpt lat="30.9312142431735992431640625" lon="120.03651405684649944305419921875">
        <ele>496.399993896484375</ele>
        <time>2026-05-30T03:35:53.000Z</time>
        <extensions>
          <ns3:TrackPointExtension>
            <ns3:hr>83</ns3:hr>
            <ns3:cad>0</ns3:cad>
          </ns3:TrackPointExtension>
        </extensions>
      </trkpt>
      <trkpt lat="30.931216590106487274169921875" lon="120.0365178287029266357421875">
        <ele>496.399993896484375</ele>
        <time>2026-05-30T03:36:04.000Z</time>
        <extensions>
          <ns3:TrackPointExtension>
            <ns3:hr>84</ns3:hr>
            <ns3:cad>0</ns3:cad>
          </ns3:TrackPointExtension>
        </extensions>
      </trkpt>
      <trkpt lat="30.93121633864939212799072265625" lon="120.0365196727216243743896484375">
        <ele>496.399993896484375</ele>
        <time>2026-05-30T03:36:13.000Z</time>
        <extensions>
          <ns3:TrackPointExtension>
            <ns3:hr>84</ns3:hr>
            <ns3:cad>0</ns3:cad>
          </ns3:TrackPointExtension>
        </extensions>
      </trkpt>
      <trkpt lat="30.93122564256191253662109375" lon="120.03651858307421207427978515625">
        <ele>496.600006103515625</ele>
        <time>2026-05-30T03:36:22.000Z</time>
        <extensions>
          <ns3:TrackPointExtension>
            <ns3:hr>86</ns3:hr>
            <ns3:cad>0</ns3:cad>
          </ns3:TrackPointExtension>
        </extensions>
      </trkpt>
      <trkpt lat="30.93123226426541805267333984375" lon="120.03652076236903667449951171875">
        <ele>496.399993896484375</ele>
        <time>2026-05-30T03:36:25.000Z</time>
        <extensions>
          <ns3:TrackPointExtension>
            <ns3:hr>90</ns3:hr>
            <ns3:cad>0</ns3:cad>
          </ns3:TrackPointExtension>
        </extensions>
      </trkpt>
      <trkpt lat="30.931223966181278228759765625" lon="120.0365166552364826202392578125">
        <ele>496.399993896484375</ele>
        <time>2026-05-30T03:36:30.000Z</time>
        <extensions>
          <ns3:TrackPointExtension>
            <ns3:hr>87</ns3:hr>
            <ns3:cad>0</ns3:cad>
          </ns3:TrackPointExtension>
        </extensions>
      </trkpt>
      <trkpt lat="30.93122170306742191314697265625" lon="120.03651506267488002777099609375">
        <ele>496.20001220703125</ele>
        <time>2026-05-30T03:36:32.000Z</time>
        <extensions>
          <ns3:TrackPointExtension>
            <ns3:hr>88</ns3:hr>
            <ns3:cad>0</ns3:cad>
          </ns3:TrackPointExtension>
        </extensions>
      </trkpt>
      <trkpt lat="30.931227318942546844482421875" lon="120.036516487598419189453125">
        <ele>496.20001220703125</ele>
        <time>2026-05-30T03:36:35.000Z</time>
        <extensions>
          <ns3:TrackPointExtension>
            <ns3:hr>92</ns3:hr>
            <ns3:cad>0</ns3:cad>
          </ns3:TrackPointExtension>
        </extensions>
      </trkpt>
      <trkpt lat="30.93122505582869052886962890625" lon="120.03651724196970462799072265625">
        <ele>496.20001220703125</ele>
        <time>2026-05-30T03:36:40.000Z</time>
        <extensions>
          <ns3:TrackPointExtension>
            <ns3:hr>90</ns3:hr>
            <ns3:cad>0</ns3:cad>
          </ns3:TrackPointExtension>
        </extensions>
      </trkpt>
      <trkpt lat="30.931228660047054290771484375" lon="120.036524869501590728759765625">
        <ele>496.399993896484375</ele>
        <time>2026-05-30T03:36:49.000Z</time>
        <extensions>
          <ns3:TrackPointExtension>
            <ns3:hr>92</ns3:hr>
            <ns3:cad>0</ns3:cad>
          </ns3:TrackPointExtension>
        </extensions>
      </trkpt>
      <trkpt lat="30.9312294982373714447021484375" lon="120.0365260429680347442626953125">
        <ele>496.399993896484375</ele>
        <time>2026-05-30T03:36:56.000Z</time>
        <extensions>
          <ns3:TrackPointExtension>
            <ns3:hr>92</ns3:hr>
            <ns3:cad>0</ns3:cad>
          </ns3:TrackPointExtension>
        </extensions>
      </trkpt>
      <trkpt lat="30.93122723512351512908935546875" lon="120.03652713261544704437255859375">
        <ele>496.399993896484375</ele>
        <time>2026-05-30T03:37:00.000Z</time>
        <extensions>
          <ns3:TrackPointExtension>
            <ns3:hr>89</ns3:hr>
            <ns3:cad>0</ns3:cad>
          </ns3:TrackPointExtension>
        </extensions>
      </trkpt>
      <trkpt lat="30.93122656457126140594482421875" lon="120.03651891835033893585205078125">
        <ele>496.20001220703125</ele>
        <time>2026-05-30T03:37:05.000Z</time>
        <extensions>
          <ns3:TrackPointExtension>
            <ns3:hr>90</ns3:hr>
            <ns3:cad>0</ns3:cad>
          </ns3:TrackPointExtension>
        </extensions>
      </trkpt>
      <trkpt lat="30.9312294982373714447021484375" lon="120.0365196727216243743896484375">
        <ele>496.20001220703125</ele>
        <time>2026-05-30T03:37:15.000Z</time>
        <extensions>
          <ns3:TrackPointExtension>
            <ns3:hr>87</ns3:hr>
            <ns3:cad>0</ns3:cad>
          </ns3:TrackPointExtension>
        </extensions>
      </trkpt>
      <trkpt lat="30.93122941441833972930908203125" lon="120.03651891835033893585205078125">
        <ele>496.20001220703125</ele>
        <time>2026-05-30T03:37:16.000Z</time>
        <extensions>
          <ns3:TrackPointExtension>
            <ns3:hr>86</ns3:hr>
            <ns3:cad>0</ns3:cad>
          </ns3:TrackPointExtension>
        </extensions>
      </trkpt>
      <trkpt lat="30.9312378801405429840087890625" lon="120.03652042709290981292724609375">
        <ele>496</ele>
        <time>2026-05-30T03:37:30.000Z</time>
        <extensions>
          <ns3:TrackPointExtension>
            <ns3:hr>84</ns3:hr>
            <ns3:cad>0</ns3:cad>
          </ns3:TrackPointExtension>
        </extensions>
      </trkpt>
      <trkpt lat="30.93123829923570156097412109375" lon="120.03652160055935382843017578125">
        <ele>496.20001220703125</ele>
        <time>2026-05-30T03:37:40.000Z</time>
        <extensions>
          <ns3:TrackPointExtension>
            <ns3:hr>82</ns3:hr>
            <ns3:cad>0</ns3:cad>
          </ns3:TrackPointExtension>
        </extensions>
      </trkpt>
      <trkpt lat="30.93123662285506725311279296875" lon="120.03651891835033893585205078125">
        <ele>496.20001220703125</ele>
        <time>2026-05-30T03:37:42.000Z</time>
        <extensions>
          <ns3:TrackPointExtension>
            <ns3:hr>86</ns3:hr>
            <ns3:cad>0</ns3:cad>
          </ns3:TrackPointExtension>
        </extensions>
      </trkpt>
      <trkpt lat="30.9312355332076549530029296875" lon="120.03651715815067291259765625">
        <ele>496.20001220703125</ele>
        <time>2026-05-30T03:37:47.000Z</time>
        <extensions>
          <ns3:TrackPointExtension>
            <ns3:hr>89</ns3:hr>
            <ns3:cad>0</ns3:cad>
          </ns3:TrackPointExtension>
        </extensions>
      </trkpt>
      <trkpt lat="30.9312351979315280914306640625" lon="120.03651573322713375091552734375">
        <ele>496.20001220703125</ele>
        <time>2026-05-30T03:37:50.000Z</time>
        <extensions>
          <ns3:TrackPointExtension>
            <ns3:hr>89</ns3:hr>
            <ns3:cad>0</ns3:cad>
          </ns3:TrackPointExtension>
        </extensions>
      </trkpt>
      <trkpt lat="30.9312357008457183837890625" lon="120.03650986589491367340087890625">
        <ele>496.20001220703125</ele>
        <time>2026-05-30T03:38:00.000Z</time>
        <extensions>
          <ns3:TrackPointExtension>
            <ns3:hr>90</ns3:hr>
            <ns3:cad>0</ns3:cad>
          </ns3:TrackPointExtension>
        </extensions>
      </trkpt>
      <trkpt lat="30.93122899532318115234375" lon="120.036512799561023712158203125">
        <ele>496.600006103515625</ele>
        <time>2026-05-30T03:38:08.000Z</time>
        <extensions>
          <ns3:TrackPointExtension>
            <ns3:hr>90</ns3:hr>
            <ns3:cad>0</ns3:cad>
          </ns3:TrackPointExtension>
        </extensions>
      </trkpt>
      <trkpt lat="30.931224636733531951904296875" lon="120.03651673905551433563232421875">
        <ele>496.399993896484375</ele>
        <time>2026-05-30T03:38:15.000Z</time>
        <extensions>
          <ns3:TrackPointExtension>
            <ns3:hr>90</ns3:hr>
            <ns3:cad>0</ns3:cad>
          </ns3:TrackPointExtension>
        </extensions>
      </trkpt>
      <trkpt lat="30.93122522346675395965576171875" lon="120.0365226902067661285400390625">
        <ele>496.600006103515625</ele>
        <time>2026-05-30T03:38:18.000Z</time>
        <extensions>
          <ns3:TrackPointExtension>
            <ns3:hr>93</ns3:hr>
            <ns3:cad>0</ns3:cad>
          </ns3:TrackPointExtension>
        </extensions>
      </trkpt>
      <trkpt lat="30.931226648390293121337890625" lon="120.0365233607590198516845703125">
        <ele>496.600006103515625</ele>
        <time>2026-05-30T03:38:19.000Z</time>
        <extensions>
          <ns3:TrackPointExtension>
            <ns3:hr>93</ns3:hr>
            <ns3:cad>0</ns3:cad>
          </ns3:TrackPointExtension>
        </extensions>
      </trkpt>
      <trkpt lat="30.93122564256191253662109375" lon="120.03651891835033893585205078125">
        <ele>496.79998779296875</ele>
        <time>2026-05-30T03:43:34.000Z</time>
        <extensions>
          <ns3:TrackPointExtension>
            <ns3:hr>111</ns3:hr>
            <ns3:cad>0</ns3:cad>
          </ns3:TrackPointExtension>
        </extensions>
      </trkpt>
      <trkpt lat="30.93122086487710475921630859375" lon="120.03651271574199199676513671875">
        <ele>496.79998779296875</ele>
        <time>2026-05-30T03:43:35.000Z</time>
        <extensions>
          <ns3:TrackPointExtension>
            <ns3:hr>111</ns3:hr>
            <ns3:cad>0</ns3:cad>
          </ns3:TrackPointExtension>
        </extensions>
      </trkpt>
      <trkpt lat="30.931223295629024505615234375" lon="120.03651221282780170440673828125">
        <ele>496.600006103515625</ele>
        <time>2026-05-30T03:43:38.000Z</time>
        <extensions>
          <ns3:TrackPointExtension>
            <ns3:hr>112</ns3:hr>
            <ns3:cad>0</ns3:cad>
          </ns3:TrackPointExtension>
        </extensions>
      </trkpt>
      <trkpt lat="30.9312284924089908599853515625" lon="120.03651657141745090484619140625">
        <ele>496.600006103515625</ele>
        <time>2026-05-30T03:43:45.000Z</time>
        <extensions>
          <ns3:TrackPointExtension>
            <ns3:hr>111</ns3:hr>
            <ns3:cad>0</ns3:cad>
          </ns3:TrackPointExtension>
        </extensions>
      </trkpt>
      <trkpt lat="30.93122388236224651336669921875" lon="120.0365097820758819580078125">
        <ele>496.600006103515625</ele>
        <time>2026-05-30T03:43:48.000Z</time>
        <extensions>
          <ns3:TrackPointExtension>
            <ns3:hr>108</ns3:hr>
            <ns3:cad>0</ns3:cad>
          </ns3:TrackPointExtension>
        </extensions>
      </trkpt>
      <trkpt lat="30.931227989494800567626953125" lon="120.036516487598419189453125">
        <ele>496.600006103515625</ele>
        <time>2026-05-30T03:43:51.000Z</time>
        <extensions>
          <ns3:TrackPointExtension>
            <ns3:hr>105</ns3:hr>
            <ns3:cad>0</ns3:cad>
          </ns3:TrackPointExtension>
        </extensions>
      </trkpt>
      <trkpt lat="30.93122589401900768280029296875" lon="120.036514140665531158447265625">
        <ele>496.600006103515625</ele>
        <time>2026-05-30T03:43:53.000Z</time>
        <extensions>
          <ns3:TrackPointExtension>
            <ns3:hr>104</ns3:hr>
            <ns3:cad>0</ns3:cad>
          </ns3:TrackPointExtension>
        </extensions>
      </trkpt>
      <trkpt lat="30.93122187070548534393310546875" lon="120.03650986589491367340087890625">
        <ele>496.600006103515625</ele>
        <time>2026-05-30T03:43:56.000Z</time>
        <extensions>
          <ns3:TrackPointExtension>
            <ns3:hr>101</ns3:hr>
            <ns3:cad>0</ns3:cad>
          </ns3:TrackPointExtension>
        </extensions>
      </trkpt>
      <trkpt lat="30.93122488819062709808349609375" lon="120.0365173257887363433837890625">
        <ele>497</ele>
        <time>2026-05-30T03:44:02.000Z</time>
        <extensions>
          <ns3:TrackPointExtension>
            <ns3:hr>96</ns3:hr>
            <ns3:cad>0</ns3:cad>
          </ns3:TrackPointExtension>
        </extensions>
      </trkpt>
      <trkpt lat="30.93122296035289764404296875" lon="120.0365196727216243743896484375">
        <ele>497</ele>
        <time>2026-05-30T03:44:03.000Z</time>
        <extensions>
          <ns3:TrackPointExtension>
            <ns3:hr>94</ns3:hr>
            <ns3:cad>0</ns3:cad>
          </ns3:TrackPointExtension>
        </extensions>
      </trkpt>
      <trkpt lat="30.93122296035289764404296875" lon="120.03651858307421207427978515625">
        <ele>497</ele>
        <time>2026-05-30T03:44:04.000Z</time>
        <extensions>
          <ns3:TrackPointExtension>
            <ns3:hr>91</ns3:hr>
            <ns3:cad>0</ns3:cad>
          </ns3:TrackPointExtension>
        </extensions>
      </trkpt>
      <trkpt lat="30.9312268160283565521240234375" lon="120.036520846188068389892578125">
        <ele>496.79998779296875</ele>
        <time>2026-05-30T03:44:05.000Z</time>
        <extensions>
          <ns3:TrackPointExtension>
            <ns3:hr>88</ns3:hr>
            <ns3:cad>0</ns3:cad>
          </ns3:TrackPointExtension>
        </extensions>
      </trkpt>
      <trkpt lat="30.93123159371316432952880859375" lon="120.0365179963409900665283203125">
        <ele>496.600006103515625</ele>
        <time>2026-05-30T03:44:11.000Z</time>
        <extensions>
          <ns3:TrackPointExtension>
            <ns3:hr>87</ns3:hr>
            <ns3:cad>0</ns3:cad>
          </ns3:TrackPointExtension>
        </extensions>
      </trkpt>
      <trkpt lat="30.9312284924089908599853515625" lon="120.03652109764516353607177734375">
        <ele>496.399993896484375</ele>
        <time>2026-05-30T03:44:14.000Z</time>
        <extensions>
          <ns3:TrackPointExtension>
            <ns3:hr>92</ns3:hr>
            <ns3:cad>0</ns3:cad>
          </ns3:TrackPointExtension>
        </extensions>
      </trkpt>
      <trkpt lat="30.9312274865806102752685546875" lon="120.03652294166386127471923828125">
        <ele>496.399993896484375</ele>
        <time>2026-05-30T03:44:16.000Z</time>
        <extensions>
          <ns3:TrackPointExtension>
            <ns3:hr>97</ns3:hr>
            <ns3:cad>0</ns3:cad>
          </ns3:TrackPointExtension>
        </extensions>
      </trkpt>
      <trkpt lat="30.93122974969446659088134765625" lon="120.0365339219570159912109375">
        <ele>496.20001220703125</ele>
        <time>2026-05-30T03:44:20.000Z</time>
        <extensions>
          <ns3:TrackPointExtension>
            <ns3:hr>98</ns3:hr>
            <ns3:cad>0</ns3:cad>
          </ns3:TrackPointExtension>
        </extensions>
      </trkpt>
      <trkpt lat="30.93124366365373134613037109375" lon="120.03653249703347682952880859375">
        <ele>495.79998779296875</ele>
        <time>2026-05-30T03:44:26.000Z</time>
        <extensions>
          <ns3:TrackPointExtension>
            <ns3:hr>100</ns3:hr>
            <ns3:cad>0</ns3:cad>
          </ns3:TrackPointExtension>
        </extensions>
      </trkpt>
      <trkpt lat="30.931250117719173431396484375" lon="120.03653719089925289154052734375">
        <ele>495.399993896484375</ele>
        <time>2026-05-30T03:44:29.000Z</time>
        <extensions>
          <ns3:TrackPointExtension>
            <ns3:hr>100</ns3:hr>
            <ns3:cad>0</ns3:cad>
          </ns3:TrackPointExtension>
        </extensions>
      </trkpt>
      <trkpt lat="30.93125958926975727081298828125" lon="120.0365438126027584075927734375">
        <ele>495</ele>
        <time>2026-05-30T03:44:33.000Z</time>
        <extensions>
          <ns3:TrackPointExtension>
            <ns3:hr>104</ns3:hr>
            <ns3:cad>0</ns3:cad>
          </ns3:TrackPointExtension>
        </extensions>
      </trkpt>
      <trkpt lat="30.93125590123236179351806640625" lon="120.03654574044048786163330078125">
        <ele>494.79998779296875</ele>
        <time>2026-05-30T03:44:35.000Z</time>
        <extensions>
          <ns3:TrackPointExtension>
            <ns3:hr>107</ns3:hr>
            <ns3:cad>0</ns3:cad>
          </ns3:TrackPointExtension>
        </extensions>
      </trkpt>
      <trkpt lat="30.931252799928188323974609375" lon="120.0365458242595195770263671875">
        <ele>494.600006103515625</ele>
        <time>2026-05-30T03:44:37.000Z</time>
        <extensions>
          <ns3:TrackPointExtension>
            <ns3:hr>108</ns3:hr>
            <ns3:cad>44</ns3:cad>
          </ns3:TrackPointExtension>
        </extensions>
      </trkpt>
      <trkpt lat="30.931252129375934600830078125" lon="120.0365454889833927154541015625">
        <ele>494.600006103515625</ele>
        <time>2026-05-30T03:44:38.000Z</time>
        <extensions>
          <ns3:TrackPointExtension>
            <ns3:hr>109</ns3:hr>
            <ns3:cad>44</ns3:cad>
          </ns3:TrackPointExtension>
        </extensions>
      </trkpt>
      <trkpt lat="30.9312626905739307403564453125" lon="120.03655244596302509307861328125">
        <ele>494</ele>
        <time>2026-05-30T03:44:45.000Z</time>
        <extensions>
          <ns3:TrackPointExtension>
            <ns3:hr>108</ns3:hr>
            <ns3:cad>0</ns3:cad>
          </ns3:TrackPointExtension>
        </extensions>
      </trkpt>
      <trkpt lat="30.93127232976257801055908203125" lon="120.03655915148556232452392578125">
        <ele>493.600006103515625</ele>
        <time>2026-05-30T03:44:48.000Z</time>
        <extensions>
          <ns3:TrackPointExtension>
            <ns3:hr>107</ns3:hr>
            <ns3:cad>0</ns3:cad>
          </ns3:TrackPointExtension>
        </extensions>
      </trkpt>
      <trkpt lat="30.93129135668277740478515625" lon="120.03657021559774875640869140625">
        <ele>492.79998779296875</ele>
        <time>2026-05-30T03:44:52.000Z</time>
        <extensions>
          <ns3:TrackPointExtension>
            <ns3:hr>105</ns3:hr>
            <ns3:cad>0</ns3:cad>
          </ns3:TrackPointExtension>
        </extensions>
      </trkpt>
      <trkpt lat="30.93130434863269329071044921875" lon="120.0365759991109371185302734375">
        <ele>492.399993896484375</ele>
        <time>2026-05-30T03:44:54.000Z</time>
        <extensions>
          <ns3:TrackPointExtension>
            <ns3:hr>105</ns3:hr>
            <ns3:cad>0</ns3:cad>
          </ns3:TrackPointExtension>
        </extensions>
      </trkpt>
      <trkpt lat="30.93130853958427906036376953125" lon="120.03658480010926723480224609375">
        <ele>491.79998779296875</ele>
        <time>2026-05-30T03:44:56.000Z</time>
        <extensions>
          <ns3:TrackPointExtension>
            <ns3:hr>106</ns3:hr>
            <ns3:cad>0</ns3:cad>
          </ns3:TrackPointExtension>
        </extensions>
      </trkpt>
      <trkpt lat="30.93132513575255870819091796875" lon="120.03659586422145366668701171875">
        <ele>491</ele>
        <time>2026-05-30T03:44:58.000Z</time>
        <extensions>
          <ns3:TrackPointExtension>
            <ns3:hr>107</ns3:hr>
            <ns3:cad>0</ns3:cad>
          </ns3:TrackPointExtension>
        </extensions>
      </trkpt>
      <trkpt lat="30.93134106136858463287353515625" lon="120.03660374321043491363525390625">
        <ele>490</ele>
        <time>2026-05-30T03:45:01.000Z</time>
        <extensions>
          <ns3:TrackPointExtension>
            <ns3:hr>108</ns3:hr>
            <ns3:cad>0</ns3:cad>
          </ns3:TrackPointExtension>
        </extensions>
      </trkpt>
      <trkpt lat="30.93137525953352451324462890625" lon="120.036618076264858245849609375">
        <ele>488.79998779296875</ele>
        <time>2026-05-30T03:45:04.000Z</time>
        <extensions>
          <ns3:TrackPointExtension>
            <ns3:hr>107</ns3:hr>
            <ns3:cad>0</ns3:cad>
          </ns3:TrackPointExtension>
        </extensions>
      </trkpt>
      <trkpt lat="30.93142949044704437255859375" lon="120.03665789030492305755615234375">
        <ele>487.20001220703125</ele>
        <time>2026-05-30T03:45:07.000Z</time>
        <extensions>
          <ns3:TrackPointExtension>
            <ns3:hr>106</ns3:hr>
            <ns3:cad>80</ns3:cad>
          </ns3:TrackPointExtension>
        </extensions>
      </trkpt>
      <trkpt lat="30.93153183348476886749267578125" lon="120.0367297232151031494140625">
        <ele>486.20001220703125</ele>
        <time>2026-05-30T03:45:12.000Z</time>
        <extensions>
          <ns3:TrackPointExtension>
            <ns3:hr>111</ns3:hr>
            <ns3:cad>77</ns3:cad>
          </ns3:TrackPointExtension>
        </extensions>
      </trkpt>
      <trkpt lat="30.93155178241431713104248046875" lon="120.03673936240375041961669921875">
        <ele>486.20001220703125</ele>
        <time>2026-05-30T03:45:13.000Z</time>
        <extensions>
          <ns3:TrackPointExtension>
            <ns3:hr>116</ns3:hr>
            <ns3:cad>76</ns3:cad>
          </ns3:TrackPointExtension>
        </extensions>
      </trkpt>
      <trkpt lat="30.93158748932182788848876953125" lon="120.03675562329590320587158203125">
        <ele>486.20001220703125</ele>
        <time>2026-05-30T03:45:15.000Z</time>
        <extensions>
          <ns3:TrackPointExtension>
            <ns3:hr>120</ns3:hr>
            <ns3:cad>76</ns3:cad>
          </ns3:TrackPointExtension>
        </extensions>
      </trkpt>
      <trkpt lat="30.93163677491247653961181640625" lon="120.0367691181600093841552734375">
        <ele>486.399993896484375</ele>
        <time>2026-05-30T03:45:18.000Z</time>
        <extensions>
          <ns3:TrackPointExtension>
            <ns3:hr>123</ns3:hr>
            <ns3:cad>78</ns3:cad>
          </ns3:TrackPointExtension>
        </extensions>
      </trkpt>
      <trkpt lat="30.931699387729167938232421875" lon="120.036785043776035308837890625">
        <ele>486</ele>
        <time>2026-05-30T03:45:22.000Z</time>
        <extensions>
          <ns3:TrackPointExtension>
            <ns3:hr>126</ns3:hr>
            <ns3:cad>78</ns3:cad>
          </ns3:TrackPointExtension>
        </extensions>
      </trkpt>
      <trkpt lat="30.93171556480228900909423828125" lon="120.03678697161376476287841796875">
        <ele>485.79998779296875</ele>
        <time>2026-05-30T03:45:23.000Z</time>
        <extensions>
          <ns3:TrackPointExtension>
            <ns3:hr>125</ns3:hr>
            <ns3:cad>78</ns3:cad>
          </ns3:TrackPointExtension>
        </extensions>
      </trkpt>
      <trkpt lat="30.931764431297779083251953125" lon="120.03679074347019195556640625">
        <ele>485</ele>
        <time>2026-05-30T03:45:26.000Z</time>
        <extensions>
          <ns3:TrackPointExtension>
            <ns3:hr>124</ns3:hr>
            <ns3:cad>64</ns3:cad>
          </ns3:TrackPointExtension>
        </extensions>
      </trkpt>
      <trkpt lat="30.93178530223667621612548828125" lon="120.03679803572595119476318359375">
        <ele>484.600006103515625</ele>
        <time>2026-05-30T03:45:29.000Z</time>
        <extensions>
          <ns3:TrackPointExtension>
            <ns3:hr>125</ns3:hr>
            <ns3:cad>64</ns3:cad>
          </ns3:TrackPointExtension>
        </extensions>
      </trkpt>
      <trkpt lat="30.931786559522151947021484375" lon="120.03680591471493244171142578125">
        <ele>483.79998779296875</ele>
        <time>2026-05-30T03:45:33.000Z</time>
        <extensions>
          <ns3:TrackPointExtension>
            <ns3:hr>123</ns3:hr>
            <ns3:cad>52</ns3:cad>
          </ns3:TrackPointExtension>
        </extensions>
      </trkpt>
      <trkpt lat="30.9318031556904315948486328125" lon="120.0368023104965686798095703125">
        <ele>483.20001220703125</ele>
        <time>2026-05-30T03:45:36.000Z</time>
        <extensions>
          <ns3:TrackPointExtension>
            <ns3:hr>122</ns3:hr>
            <ns3:cad>55</ns3:cad>
          </ns3:TrackPointExtension>
        </extensions>
      </trkpt>
      <trkpt lat="30.93181882984936237335205078125" lon="120.036793760955333709716796875">
        <ele>482.600006103515625</ele>
        <time>2026-05-30T03:45:39.000Z</time>
        <extensions>
          <ns3:TrackPointExtension>
            <ns3:hr>122</ns3:hr>
            <ns3:cad>55</ns3:cad>
          </ns3:TrackPointExtension>
        </extensions>
      </trkpt>
      <trkpt lat="30.93183928169310092926025390625" lon="120.0367932580411434173583984375">
        <ele>481.600006103515625</ele>
        <time>2026-05-30T03:45:43.000Z</time>
        <extensions>
          <ns3:TrackPointExtension>
            <ns3:hr>122</ns3:hr>
            <ns3:cad>0</ns3:cad>
          </ns3:TrackPointExtension>
        </extensions>
      </trkpt>
      <trkpt lat="30.9318772517144680023193359375" lon="120.03678898327052593231201171875">
        <ele>480.399993896484375</ele>
        <time>2026-05-30T03:45:47.000Z</time>
        <extensions>
          <ns3:TrackPointExtension>
            <ns3:hr>121</ns3:hr>
            <ns3:cad>64</ns3:cad>
          </ns3:TrackPointExtension>
        </extensions>
      </trkpt>
      <trkpt lat="30.93189074657857418060302734375" lon="120.03678965382277965545654296875">
        <ele>479.600006103515625</ele>
        <time>2026-05-30T03:45:50.000Z</time>
        <extensions>
          <ns3:TrackPointExtension>
            <ns3:hr>119</ns3:hr>
            <ns3:cad>65</ns3:cad>
          </ns3:TrackPointExtension>
        </extensions>
      </trkpt>
      <trkpt lat="30.93190331943333148956298828125" lon="120.03679099492728710174560546875">
        <ele>479.20001220703125</ele>
        <time>2026-05-30T03:45:52.000Z</time>
        <extensions>
          <ns3:TrackPointExtension>
            <ns3:hr>118</ns3:hr>
            <ns3:cad>65</ns3:cad>
          </ns3:TrackPointExtension>
        </extensions>
      </trkpt>
      <trkpt lat="30.93193165026605129241943359375" lon="120.03678278066217899322509765625">
        <ele>478.600006103515625</ele>
        <time>2026-05-30T03:45:56.000Z</time>
        <extensions>
          <ns3:TrackPointExtension>
            <ns3:hr>119</ns3:hr>
            <ns3:cad>0</ns3:cad>
          </ns3:TrackPointExtension>
        </extensions>
      </trkpt>
      <trkpt lat="30.9319412894546985626220703125" lon="120.036779344081878662109375">
        <ele>478</ele>
        <time>2026-05-30T03:45:58.000Z</time>
        <extensions>
          <ns3:TrackPointExtension>
            <ns3:hr>119</ns3:hr>
            <ns3:cad>0</ns3:cad>
          </ns3:TrackPointExtension>
        </extensions>
      </trkpt>
      <trkpt lat="30.931960232555866241455078125" lon="120.03677993081510066986083984375">
        <ele>476.79998779296875</ele>
        <time>2026-05-30T03:46:03.000Z</time>
        <extensions>
          <ns3:TrackPointExtension>
            <ns3:hr>119</ns3:hr>
            <ns3:cad>0</ns3:cad>
          </ns3:TrackPointExtension>
        </extensions>
      </trkpt>
      <trkpt lat="30.93196081928908824920654296875" lon="120.0367791764438152313232421875">
        <ele>476</ele>
        <time>2026-05-30T03:46:07.000Z</time>
        <extensions>
          <ns3:TrackPointExtension>
            <ns3:hr>116</ns3:hr>
            <ns3:cad>0</ns3:cad>
          </ns3:TrackPointExtension>
        </extensions>
      </trkpt>
      <trkpt lat="30.9319768287241458892822265625" lon="120.03678211010992527008056640625">
        <ele>475.79998779296875</ele>
        <time>2026-05-30T03:46:09.000Z</time>
        <extensions>
          <ns3:TrackPointExtension>
            <ns3:hr>113</ns3:hr>
            <ns3:cad>0</ns3:cad>
          </ns3:TrackPointExtension>
        </extensions>
      </trkpt>
      <trkpt lat="30.93198529444634914398193359375" lon="120.0367831997573375701904296875">
        <ele>475.600006103515625</ele>
        <time>2026-05-30T03:46:10.000Z</time>
        <extensions>
          <ns3:TrackPointExtension>
            <ns3:hr>113</ns3:hr>
            <ns3:cad>0</ns3:cad>
          </ns3:TrackPointExtension>
        </extensions>
      </trkpt>
      <trkpt lat="30.932004153728485107421875" lon="120.03678110428154468536376953125">
        <ele>474.600006103515625</ele>
        <time>2026-05-30T03:46:17.000Z</time>
        <extensions>
          <ns3:TrackPointExtension>
            <ns3:hr>110</ns3:hr>
            <ns3:cad>0</ns3:cad>
          </ns3:TrackPointExtension>
        </extensions>
      </trkpt>
      <trkpt lat="30.93202888034284114837646484375" lon="120.036772973835468292236328125">
        <ele>473.600006103515625</ele>
        <time>2026-05-30T03:46:23.000Z</time>
        <extensions>
          <ns3:TrackPointExtension>
            <ns3:hr>110</ns3:hr>
            <ns3:cad>45</ns3:cad>
          </ns3:TrackPointExtension>
        </extensions>
      </trkpt>
      <trkpt lat="30.9320334903895854949951171875" lon="120.03677356056869029998779296875">
        <ele>473.600006103515625</ele>
        <time>2026-05-30T03:46:24.000Z</time>
        <extensions>
          <ns3:TrackPointExtension>
            <ns3:hr>110</ns3:hr>
            <ns3:cad>0</ns3:cad>
          </ns3:TrackPointExtension>
        </extensions>
      </trkpt>
      <trkpt lat="30.93202535994350910186767578125" lon="120.03677020780742168426513671875">
        <ele>472.600006103515625</ele>
        <time>2026-05-30T03:46:33.000Z</time>
        <extensions>
          <ns3:TrackPointExtension>
            <ns3:hr>111</ns3:hr>
            <ns3:cad>0</ns3:cad>
          </ns3:TrackPointExtension>
        </extensions>
      </trkpt>
      <trkpt lat="30.93202686868607997894287109375" lon="120.036758221685886383056640625">
        <ele>471.600006103515625</ele>
        <time>2026-05-30T03:46:38.000Z</time>
        <extensions>
          <ns3:TrackPointExtension>
            <ns3:hr>112</ns3:hr>
            <ns3:cad>0</ns3:cad>
          </ns3:TrackPointExtension>
        </extensions>
      </trkpt>
      <trkpt lat="30.93203642405569553375244140625" lon="120.03675579093396663665771484375">
        <ele>471.20001220703125</ele>
        <time>2026-05-30T03:46:42.000Z</time>
        <extensions>
          <ns3:TrackPointExtension>
            <ns3:hr>111</ns3:hr>
            <ns3:cad>0</ns3:cad>
          </ns3:TrackPointExtension>
        </extensions>
      </trkpt>
      <trkpt lat="30.93205310404300689697265625" lon="120.03673181869089603424072265625">
        <ele>471</ele>
        <time>2026-05-30T03:46:46.000Z</time>
        <extensions>
          <ns3:TrackPointExtension>
            <ns3:hr>111</ns3:hr>
            <ns3:cad>0</ns3:cad>
          </ns3:TrackPointExtension>
        </extensions>
      </trkpt>
      <trkpt lat="30.9320583008229732513427734375" lon="120.03673030994832515716552734375">
        <ele>470.399993896484375</ele>
        <time>2026-05-30T03:46:49.000Z</time>
        <extensions>
          <ns3:TrackPointExtension>
            <ns3:hr>110</ns3:hr>
            <ns3:cad>0</ns3:cad>
          </ns3:TrackPointExtension>
        </extensions>
      </trkpt>
      <trkpt lat="30.9320656768977642059326171875" lon="120.03673349507153034210205078125">
        <ele>469.600006103515625</ele>
        <time>2026-05-30T03:46:52.000Z</time>
        <extensions>
          <ns3:TrackPointExtension>
            <ns3:hr>110</ns3:hr>
            <ns3:cad>0</ns3:cad>
          </ns3:TrackPointExtension>
        </extensions>
      </trkpt>
      <trkpt lat="30.932076238095760345458984375" lon="120.03672796301543712615966796875">
        <ele>469.20001220703125</ele>
        <time>2026-05-30T03:46:54.000Z</time>
        <extensions>
          <ns3:TrackPointExtension>
            <ns3:hr>111</ns3:hr>
            <ns3:cad>0</ns3:cad>
          </ns3:TrackPointExtension>
        </extensions>
      </trkpt>
      <trkpt lat="30.93208520673215389251708984375" lon="120.0367248617112636566162109375">
        <ele>468.399993896484375</ele>
        <time>2026-05-30T03:46:57.000Z</time>
        <extensions>
          <ns3:TrackPointExtension>
            <ns3:hr>112</ns3:hr>
            <ns3:cad>0</ns3:cad>
          </ns3:TrackPointExtension>
        </extensions>
      </trkpt>
      <trkpt lat="30.932088308036327362060546875" lon="120.03672326914966106414794921875">
        <ele>468</ele>
        <time>2026-05-30T03:46:58.000Z</time>
        <extensions>
          <ns3:TrackPointExtension>
            <ns3:hr>112</ns3:hr>
            <ns3:cad>0</ns3:cad>
          </ns3:TrackPointExtension>
        </extensions>
      </trkpt>
      <trkpt lat="30.9320998750627040863037109375" lon="120.03672234714031219482421875">
        <ele>466.79998779296875</ele>
        <time>2026-05-30T03:47:02.000Z</time>
        <extensions>
          <ns3:TrackPointExtension>
            <ns3:hr>113</ns3:hr>
            <ns3:cad>0</ns3:cad>
          </ns3:TrackPointExtension>
        </extensions>
      </trkpt>
      <trkpt lat="30.93211370520293712615966796875" lon="120.03671874292194843292236328125">
        <ele>466.20001220703125</ele>
        <time>2026-05-30T03:47:06.000Z</time>
        <extensions>
          <ns3:TrackPointExtension>
            <ns3:hr>114</ns3:hr>
            <ns3:cad>0</ns3:cad>
          </ns3:TrackPointExtension>
        </extensions>
      </trkpt>
      <trkpt lat="30.93212091363966464996337890625" lon="120.03671832382678985595703125">
        <ele>465.79998779296875</ele>
        <time>2026-05-30T03:47:09.000Z</time>
        <extensions>
          <ns3:TrackPointExtension>
            <ns3:hr>114</ns3:hr>
            <ns3:cad>51</ns3:cad>
          </ns3:TrackPointExtension>
        </extensions>
      </trkpt>
      <trkpt lat="30.9321454726159572601318359375" lon="120.036717988550662994384765625">
        <ele>465.399993896484375</ele>
        <time>2026-05-30T03:47:14.000Z</time>
        <extensions>
          <ns3:TrackPointExtension>
            <ns3:hr>114</ns3:hr>
            <ns3:cad>51</ns3:cad>
          </ns3:TrackPointExtension>
        </extensions>
      </trkpt>
      <trkpt lat="30.93216282315552234649658203125" lon="120.03671505488455295562744140625">
        <ele>464.79998779296875</ele>
        <time>2026-05-30T03:47:18.000Z</time>
        <extensions>
          <ns3:TrackPointExtension>
            <ns3:hr>114</ns3:hr>
            <ns3:cad>0</ns3:cad>
          </ns3:TrackPointExtension>
        </extensions>
      </trkpt>
      <trkpt lat="30.93217589892446994781494140625" lon="120.0367069244384765625">
        <ele>464</ele>
        <time>2026-05-30T03:47:21.000Z</time>
        <extensions>
          <ns3:TrackPointExtension>
            <ns3:hr>113</ns3:hr>
            <ns3:cad>0</ns3:cad>
          </ns3:TrackPointExtension>
        </extensions>
      </trkpt>
      <trkpt lat="30.93217807821929454803466796875" lon="120.0367064215242862701416015625">
        <ele>463.600006103515625</ele>
        <time>2026-05-30T03:47:22.000Z</time>
        <extensions>
          <ns3:TrackPointExtension>
            <ns3:hr>114</ns3:hr>
            <ns3:cad>0</ns3:cad>
          </ns3:TrackPointExtension>
        </extensions>
      </trkpt>
      <trkpt lat="30.93218989670276641845703125" lon="120.036697201430797576904296875">
        <ele>463</ele>
        <time>2026-05-30T03:47:25.000Z</time>
        <extensions>
          <ns3:TrackPointExtension>
            <ns3:hr>111</ns3:hr>
            <ns3:cad>0</ns3:cad>
          </ns3:TrackPointExtension>
        </extensions>
      </trkpt>
      <trkpt lat="30.93220473267138004302978515625" lon="120.03669309429824352264404296875">
        <ele>462.600006103515625</ele>
        <time>2026-05-30T03:47:27.000Z</time>
        <extensions>
          <ns3:TrackPointExtension>
            <ns3:hr>110</ns3:hr>
            <ns3:cad>0</ns3:cad>
          </ns3:TrackPointExtension>
        </extensions>
      </trkpt>
      <trkpt lat="30.9322148747742176055908203125" lon="120.036687813699245452880859375">
        <ele>462.20001220703125</ele>
        <time>2026-05-30T03:47:29.000Z</time>
        <extensions>
          <ns3:TrackPointExtension>
            <ns3:hr>109</ns3:hr>
            <ns3:cad>0</ns3:cad>
          </ns3:TrackPointExtension>
        </extensions>
      </trkpt>
      <trkpt lat="30.93222652561962604522705078125" lon="120.03668705932796001434326171875">
        <ele>461.399993896484375</ele>
        <time>2026-05-30T03:47:32.000Z</time>
        <extensions>
          <ns3:TrackPointExtension>
            <ns3:hr>109</ns3:hr>
            <ns3:cad>67</ns3:cad>
          </ns3:TrackPointExtension>
        </extensions>
      </trkpt>
      <trkpt lat="30.93223725445568561553955078125" lon="120.0366846285760402679443359375">
        <ele>461</ele>
        <time>2026-05-30T03:47:36.000Z</time>
        <extensions>
          <ns3:TrackPointExtension>
            <ns3:hr>110</ns3:hr>
            <ns3:cad>67</ns3:cad>
          </ns3:TrackPointExtension>
        </extensions>
      </trkpt>
      <trkpt lat="30.9322437085211277008056640625" lon="120.036682784557342529296875">
        <ele>460.399993896484375</ele>
        <time>2026-05-30T03:47:39.000Z</time>
        <extensions>
          <ns3:TrackPointExtension>
            <ns3:hr>112</ns3:hr>
            <ns3:cad>67</ns3:cad>
          </ns3:TrackPointExtension>
        </extensions>
      </trkpt>
      <trkpt lat="30.9322535991668701171875" lon="120.036677084863185882568359375">
        <ele>459.79998779296875</ele>
        <time>2026-05-30T03:47:42.000Z</time>
        <extensions>
          <ns3:TrackPointExtension>
            <ns3:hr>112</ns3:hr>
            <ns3:cad>53</ns3:cad>
          </ns3:TrackPointExtension>
        </extensions>
      </trkpt>
      <trkpt lat="30.93227036297321319580078125" lon="120.03667398355901241302490234375">
        <ele>459.399993896484375</ele>
        <time>2026-05-30T03:47:44.000Z</time>
        <extensions>
          <ns3:TrackPointExtension>
            <ns3:hr>112</ns3:hr>
            <ns3:cad>53</ns3:cad>
          </ns3:TrackPointExtension>
        </extensions>
      </trkpt>
      <trkpt lat="30.93229584395885467529296875" lon="120.03667515702545642852783203125">
        <ele>458.20001220703125</ele>
        <time>2026-05-30T03:47:48.000Z</time>
        <extensions>
          <ns3:TrackPointExtension>
            <ns3:hr>111</ns3:hr>
            <ns3:cad>53</ns3:cad>
          </ns3:TrackPointExtension>
        </extensions>
      </trkpt>
      <trkpt lat="30.9323402680456638336181640625" lon="120.03666761331260204315185546875">
        <ele>457.20001220703125</ele>
        <time>2026-05-30T03:47:53.000Z</time>
        <extensions>
          <ns3:TrackPointExtension>
            <ns3:hr>111</ns3:hr>
            <ns3:cad>71</ns3:cad>
          </ns3:TrackPointExtension>
        </extensions>
      </trkpt>
      <trkpt lat="30.93236331827938556671142578125" lon="120.03666811622679233551025390625">
        <ele>456.20001220703125</ele>
        <time>2026-05-30T03:47:57.000Z</time>
        <extensions>
          <ns3:TrackPointExtension>
            <ns3:hr>111</ns3:hr>
            <ns3:cad>0</ns3:cad>
          </ns3:TrackPointExtension>
        </extensions>
      </trkpt>
      <trkpt lat="30.932366587221622467041015625" lon="120.03667180426418781280517578125">
        <ele>455.79998779296875</ele>
        <time>2026-05-30T03:47:58.000Z</time>
        <extensions>
          <ns3:TrackPointExtension>
            <ns3:hr>111</ns3:hr>
            <ns3:cad>0</ns3:cad>
          </ns3:TrackPointExtension>
        </extensions>
      </trkpt>
      <trkpt lat="30.93238838016986846923828125" lon="120.036672390997409820556640625">
        <ele>455</ele>
        <time>2026-05-30T03:48:01.000Z</time>
        <extensions>
          <ns3:TrackPointExtension>
            <ns3:hr>111</ns3:hr>
            <ns3:cad>0</ns3:cad>
          </ns3:TrackPointExtension>
        </extensions>
      </trkpt>
      <trkpt lat="30.93239500187337398529052734375" lon="120.036674402654170989990234375">
        <ele>454.600006103515625</ele>
        <time>2026-05-30T03:48:03.000Z</time>
        <extensions>
          <ns3:TrackPointExtension>
            <ns3:hr>114</ns3:hr>
            <ns3:cad>0</ns3:cad>
          </ns3:TrackPointExtension>
        </extensions>
      </trkpt>
      <trkpt lat="30.9324022941291332244873046875" lon="120.03667783923447132110595703125">
        <ele>454.399993896484375</ele>
        <time>2026-05-30T03:48:04.000Z</time>
        <extensions>
          <ns3:TrackPointExtension>
            <ns3:hr>114</ns3:hr>
            <ns3:cad>57</ns3:cad>
          </ns3:TrackPointExtension>
        </extensions>
      </trkpt>
      <trkpt lat="30.93240338377654552459716796875" lon="120.03668001852929592132568359375">
        <ele>454.20001220703125</ele>
        <time>2026-05-30T03:48:05.000Z</time>
        <extensions>
          <ns3:TrackPointExtension>
            <ns3:hr>114</ns3:hr>
            <ns3:cad>57</ns3:cad>
          </ns3:TrackPointExtension>
        </extensions>
      </trkpt>
      <trkpt lat="30.9324066527187824249267578125" lon="120.03668077290058135986328125">
        <ele>454</ele>
        <time>2026-05-30T03:48:06.000Z</time>
        <extensions>
          <ns3:TrackPointExtension>
            <ns3:hr>114</ns3:hr>
            <ns3:cad>58</ns3:cad>
          </ns3:TrackPointExtension>
        </extensions>
      </trkpt>
      <trkpt lat="30.93241008929908275604248046875" lon="120.0366769172251224517822265625">
        <ele>453.79998779296875</ele>
        <time>2026-05-30T03:48:07.000Z</time>
        <extensions>
          <ns3:TrackPointExtension>
            <ns3:hr>114</ns3:hr>
            <ns3:cad>56</ns3:cad>
          </ns3:TrackPointExtension>
        </extensions>
      </trkpt>
      <trkpt lat="30.9324301220476627349853515625" lon="120.0366775877773761749267578125">
        <ele>452.79998779296875</ele>
        <time>2026-05-30T03:48:13.000Z</time>
        <extensions>
          <ns3:TrackPointExtension>
            <ns3:hr>114</ns3:hr>
            <ns3:cad>0</ns3:cad>
          </ns3:TrackPointExtension>
        </extensions>
      </trkpt>
      <trkpt lat="30.93243925832211971282958984375" lon="120.03666962496936321258544921875">
        <ele>451.79998779296875</ele>
        <time>2026-05-30T03:48:19.000Z</time>
        <extensions>
          <ns3:TrackPointExtension>
            <ns3:hr>114</ns3:hr>
            <ns3:cad>0</ns3:cad>
          </ns3:TrackPointExtension>
        </extensions>
      </trkpt>
      <trkpt lat="30.93246155418455600738525390625" lon="120.0366641767323017120361328125">
        <ele>451.399993896484375</ele>
        <time>2026-05-30T03:48:21.000Z</time>
        <extensions>
          <ns3:TrackPointExtension>
            <ns3:hr>113</ns3:hr>
            <ns3:cad>0</ns3:cad>
          </ns3:TrackPointExtension>
        </extensions>
      </trkpt>
      <trkpt lat="30.9324773959815502166748046875" lon="120.036662332713603973388671875">
        <ele>450.79998779296875</ele>
        <time>2026-05-30T03:48:23.000Z</time>
        <extensions>
          <ns3:TrackPointExtension>
            <ns3:hr>113</ns3:hr>
            <ns3:cad>0</ns3:cad>
          </ns3:TrackPointExtension>
        </extensions>
      </trkpt>
      <trkpt lat="30.9325156174600124359130859375" lon="120.03666426055133342742919921875">
        <ele>449.79998779296875</ele>
        <time>2026-05-30T03:48:28.000Z</time>
        <extensions>
          <ns3:TrackPointExtension>
            <ns3:hr>112</ns3:hr>
            <ns3:cad>55</ns3:cad>
          </ns3:TrackPointExtension>
        </extensions>
      </trkpt>
      <trkpt lat="30.93252307735383510589599609375" lon="120.0366658531129360198974609375">
        <ele>449.600006103515625</ele>
        <time>2026-05-30T03:48:29.000Z</time>
        <extensions>
          <ns3:TrackPointExtension>
            <ns3:hr>112</ns3:hr>
            <ns3:cad>55</ns3:cad>
          </ns3:TrackPointExtension>
        </extensions>
      </trkpt>
      <trkpt lat="30.93256331048905849456787109375" lon="120.03666124306619167327880859375">
        <ele>448.600006103515625</ele>
        <time>2026-05-30T03:48:34.000Z</time>
        <extensions>
          <ns3:TrackPointExtension>
            <ns3:hr>112</ns3:hr>
            <ns3:cad>51</ns3:cad>
          </ns3:TrackPointExtension>
        </extensions>
      </trkpt>
      <trkpt lat="30.932578481733798980712890625" lon="120.03665638156235218048095703125">
        <ele>448.20001220703125</ele>
        <time>2026-05-30T03:48:36.000Z</time>
        <extensions>
          <ns3:TrackPointExtension>
            <ns3:hr>111</ns3:hr>
            <ns3:cad>50</ns3:cad>
          </ns3:TrackPointExtension>
        </extensions>
      </trkpt>
      <trkpt lat="30.93260253779590129852294921875" lon="120.03665336407721042633056640625">
        <ele>447.600006103515625</ele>
        <time>2026-05-30T03:48:39.000Z</time>
        <extensions>
          <ns3:TrackPointExtension>
            <ns3:hr>111</ns3:hr>
            <ns3:cad>50</ns3:cad>
          </ns3:TrackPointExtension>
        </extensions>
      </trkpt>
      <trkpt lat="30.93263941816985607147216796875" lon="120.03666006959974765777587890625">
        <ele>446.399993896484375</ele>
        <time>2026-05-30T03:48:44.000Z</time>
        <extensions>
          <ns3:TrackPointExtension>
            <ns3:hr>108</ns3:hr>
            <ns3:cad>57</ns3:cad>
          </ns3:TrackPointExtension>
        </extensions>
      </trkpt>
      <trkpt lat="30.93269406817853450775146484375" lon="120.03665755502879619598388671875">
        <ele>445.399993896484375</ele>
        <time>2026-05-30T03:48:49.000Z</time>
        <extensions>
          <ns3:TrackPointExtension>
            <ns3:hr>108</ns3:hr>
            <ns3:cad>53</ns3:cad>
          </ns3:TrackPointExtension>
        </extensions>
      </trkpt>
      <trkpt lat="30.932702533900737762451171875" lon="120.03665587864816188812255859375">
        <ele>445.20001220703125</ele>
        <time>2026-05-30T03:48:50.000Z</time>
        <extensions>
          <ns3:TrackPointExtension>
            <ns3:hr>108</ns3:hr>
            <ns3:cad>53</ns3:cad>
          </ns3:TrackPointExtension>
        </extensions>
      </trkpt>
      <trkpt lat="30.9327503107488155364990234375" lon="120.03664783202111721038818359375">
        <ele>444.20001220703125</ele>
        <time>2026-05-30T03:48:54.000Z</time>
        <extensions>
          <ns3:TrackPointExtension>
            <ns3:hr>108</ns3:hr>
            <ns3:cad>61</ns3:cad>
          </ns3:TrackPointExtension>
        </extensions>
      </trkpt>
      <trkpt lat="30.93276380561292171478271484375" lon="120.036655627191066741943359375">
        <ele>443.79998779296875</ele>
        <time>2026-05-30T03:48:56.000Z</time>
        <extensions>
          <ns3:TrackPointExtension>
            <ns3:hr>107</ns3:hr>
            <ns3:cad>61</ns3:cad>
          </ns3:TrackPointExtension>
        </extensions>
      </trkpt>
      <trkpt lat="30.932803116738796234130859375" lon="120.0366356782615184783935546875">
        <ele>442.79998779296875</ele>
        <time>2026-05-30T03:49:00.000Z</time>
        <extensions>
          <ns3:TrackPointExtension>
            <ns3:hr>108</ns3:hr>
            <ns3:cad>65</ns3:cad>
          </ns3:TrackPointExtension>
        </extensions>
      </trkpt>
      <trkpt lat="30.93281661160290241241455078125" lon="120.0366283021867275238037109375">
        <ele>442.20001220703125</ele>
        <time>2026-05-30T03:49:02.000Z</time>
        <extensions>
          <ns3:TrackPointExtension>
            <ns3:hr>108</ns3:hr>
            <ns3:cad>65</ns3:cad>
          </ns3:TrackPointExtension>
        </extensions>
      </trkpt>
      <trkpt lat="30.9328396618366241455078125" lon="120.03662754781544208526611328125">
        <ele>441.79998779296875</ele>
        <time>2026-05-30T03:49:04.000Z</time>
        <extensions>
          <ns3:TrackPointExtension>
            <ns3:hr>109</ns3:hr>
            <ns3:cad>57</ns3:cad>
          </ns3:TrackPointExtension>
        </extensions>
      </trkpt>
      <trkpt lat="30.93287293799221515655517578125" lon="120.0366433896124362945556640625">
        <ele>441.20001220703125</ele>
        <time>2026-05-30T03:49:07.000Z</time>
        <extensions>
          <ns3:TrackPointExtension>
            <ns3:hr>110</ns3:hr>
            <ns3:cad>60</ns3:cad>
          </ns3:TrackPointExtension>
        </extensions>
      </trkpt>
      <trkpt lat="30.93288383446633815765380859375" lon="120.0366541184484958648681640625">
        <ele>440.600006103515625</ele>
        <time>2026-05-30T03:49:09.000Z</time>
        <extensions>
          <ns3:TrackPointExtension>
            <ns3:hr>112</ns3:hr>
            <ns3:cad>60</ns3:cad>
          </ns3:TrackPointExtension>
        </extensions>
      </trkpt>
      <trkpt lat="30.93291149474680423736572265625" lon="120.03665797412395477294921875">
        <ele>440</ele>
        <time>2026-05-30T03:49:11.000Z</time>
        <extensions>
          <ns3:TrackPointExtension>
            <ns3:hr>114</ns3:hr>
            <ns3:cad>60</ns3:cad>
          </ns3:TrackPointExtension>
        </extensions>
      </trkpt>
      <trkpt lat="30.93294502235949039459228515625" lon="120.03666426055133342742919921875">
        <ele>439.399993896484375</ele>
        <time>2026-05-30T03:49:13.000Z</time>
        <extensions>
          <ns3:TrackPointExtension>
            <ns3:hr>114</ns3:hr>
            <ns3:cad>60</ns3:cad>
          </ns3:TrackPointExtension>
        </extensions>
      </trkpt>
      <trkpt lat="30.93298978172242641448974609375" lon="120.03667012788355350494384765625">
        <ele>438.20001220703125</ele>
        <time>2026-05-30T03:49:16.000Z</time>
        <extensions>
          <ns3:TrackPointExtension>
            <ns3:hr>114</ns3:hr>
            <ns3:cad>0</ns3:cad>
          </ns3:TrackPointExtension>
        </extensions>
      </trkpt>
      <trkpt lat="30.93301224522292613983154296875" lon="120.03667264245450496673583984375">
        <ele>437.600006103515625</ele>
        <time>2026-05-30T03:49:18.000Z</time>
        <extensions>
          <ns3:TrackPointExtension>
            <ns3:hr>114</ns3:hr>
            <ns3:cad>68</ns3:cad>
          </ns3:TrackPointExtension>
        </extensions>
      </trkpt>
      <trkpt lat="30.93302129767835140228271484375" lon="120.03667515702545642852783203125">
        <ele>437.20001220703125</ele>
        <time>2026-05-30T03:49:19.000Z</time>
        <extensions>
          <ns3:TrackPointExtension>
            <ns3:hr>114</ns3:hr>
            <ns3:cad>68</ns3:cad>
          </ns3:TrackPointExtension>
        </extensions>
      </trkpt>
      <trkpt lat="30.93306002207100391387939453125" lon="120.03669552505016326904296875">
        <ele>436</ele>
        <time>2026-05-30T03:49:24.000Z</time>
        <extensions>
          <ns3:TrackPointExtension>
            <ns3:hr>114</ns3:hr>
            <ns3:cad>63</ns3:cad>
          </ns3:TrackPointExtension>
        </extensions>
      </trkpt>
      <trkpt lat="30.93306622467935085296630859375" lon="120.03669946454465389251708984375">
        <ele>435.79998779296875</ele>
        <time>2026-05-30T03:49:25.000Z</time>
        <extensions>
          <ns3:TrackPointExtension>
            <ns3:hr>115</ns3:hr>
            <ns3:cad>63</ns3:cad>
          </ns3:TrackPointExtension>
        </extensions>
      </trkpt>
      <trkpt lat="30.9330839104950428009033203125" lon="120.03670893609523773193359375">
        <ele>435</ele>
        <time>2026-05-30T03:49:28.000Z</time>
        <extensions>
          <ns3:TrackPointExtension>
            <ns3:hr>115</ns3:hr>
            <ns3:cad>61</ns3:cad>
          </ns3:TrackPointExtension>
        </extensions>
      </trkpt>
      <trkpt lat="30.9331063739955425262451171875" lon="120.03671555779874324798583984375">
        <ele>433.79998779296875</ele>
        <time>2026-05-30T03:49:32.000Z</time>
        <extensions>
          <ns3:TrackPointExtension>
            <ns3:hr>115</ns3:hr>
            <ns3:cad>0</ns3:cad>
          </ns3:TrackPointExtension>
        </extensions>
      </trkpt>
      <trkpt lat="30.9331320226192474365234375" lon="120.0367288850247859954833984375">
        <ele>432.79998779296875</ele>
        <time>2026-05-30T03:49:37.000Z</time>
        <extensions>
          <ns3:TrackPointExtension>
            <ns3:hr>116</ns3:hr>
            <ns3:cad>66</ns3:cad>
          </ns3:TrackPointExtension>
        </extensions>
      </trkpt>
      <trkpt lat="30.93316094018518924713134765625" lon="120.0367350876331329345703125">
        <ele>431.79998779296875</ele>
        <time>2026-05-30T03:49:41.000Z</time>
        <extensions>
          <ns3:TrackPointExtension>
            <ns3:hr>117</ns3:hr>
            <ns3:cad>61</ns3:cad>
          </ns3:TrackPointExtension>
        </extensions>
      </trkpt>
      <trkpt lat="30.93316915445029735565185546875" lon="120.036736764013767242431640625">
        <ele>431.600006103515625</ele>
        <time>2026-05-30T03:49:42.000Z</time>
        <extensions>
          <ns3:TrackPointExtension>
            <ns3:hr>117</ns3:hr>
            <ns3:cad>61</ns3:cad>
          </ns3:TrackPointExtension>
        </extensions>
      </trkpt>
      <trkpt lat="30.93320754356682300567626953125" lon="120.0367426313459873199462890625">
        <ele>430.399993896484375</ele>
        <time>2026-05-30T03:49:46.000Z</time>
        <extensions>
          <ns3:TrackPointExtension>
            <ns3:hr>119</ns3:hr>
            <ns3:cad>60</ns3:cad>
          </ns3:TrackPointExtension>
        </extensions>
      </trkpt>
      <trkpt lat="30.93323503620922565460205078125" lon="120.0367503426969051361083984375">
        <ele>429.20001220703125</ele>
        <time>2026-05-30T03:49:50.000Z</time>
        <extensions>
          <ns3:TrackPointExtension>
            <ns3:hr>119</ns3:hr>
            <ns3:cad>60</ns3:cad>
          </ns3:TrackPointExtension>
        </extensions>
      </trkpt>
      <trkpt lat="30.93324107117950916290283203125" lon="120.0367516838014125823974609375">
        <ele>428.79998779296875</ele>
        <time>2026-05-30T03:49:51.000Z</time>
        <extensions>
          <ns3:TrackPointExtension>
            <ns3:hr>118</ns3:hr>
            <ns3:cad>60</ns3:cad>
          </ns3:TrackPointExtension>
        </extensions>
      </trkpt>
      <trkpt lat="30.9332595951855182647705078125" lon="120.0367617420852184295654296875">
        <ele>428</ele>
        <time>2026-05-30T03:49:55.000Z</time>
        <extensions>
          <ns3:TrackPointExtension>
            <ns3:hr>119</ns3:hr>
            <ns3:cad>55</ns3:cad>
          </ns3:TrackPointExtension>
        </extensions>
      </trkpt>
      <trkpt lat="30.9332706592977046966552734375" lon="120.0367677770555019378662109375">
        <ele>427.600006103515625</ele>
        <time>2026-05-30T03:49:57.000Z</time>
        <extensions>
          <ns3:TrackPointExtension>
            <ns3:hr>118</ns3:hr>
            <ns3:cad>111</ns3:cad>
          </ns3:TrackPointExtension>
        </extensions>
      </trkpt>
      <trkpt lat="30.933286249637603759765625" lon="120.03677473403513431549072265625">
        <ele>426.79998779296875</ele>
        <time>2026-05-30T03:50:00.000Z</time>
        <extensions>
          <ns3:TrackPointExtension>
            <ns3:hr>119</ns3:hr>
            <ns3:cad>109</ns3:cad>
          </ns3:TrackPointExtension>
        </extensions>
      </trkpt>
      <trkpt lat="30.93331617303192615509033203125" lon="120.03677858971059322357177734375">
        <ele>425.79998779296875</ele>
        <time>2026-05-30T03:50:03.000Z</time>
        <extensions>
          <ns3:TrackPointExtension>
            <ns3:hr>119</ns3:hr>
            <ns3:cad>109</ns3:cad>
          </ns3:TrackPointExtension>
        </extensions>
      </trkpt>
      <trkpt lat="30.9333251416683197021484375" lon="120.03678211010992527008056640625">
        <ele>425.600006103515625</ele>
        <time>2026-05-30T03:50:04.000Z</time>
        <extensions>
          <ns3:TrackPointExtension>
            <ns3:hr>119</ns3:hr>
            <ns3:cad>0</ns3:cad>
          </ns3:TrackPointExtension>
        </extensions>
      </trkpt>
      <trkpt lat="30.9333608485758304595947265625" lon="120.036795102059841156005859375">
        <ele>424.20001220703125</ele>
        <time>2026-05-30T03:50:08.000Z</time>
        <extensions>
          <ns3:TrackPointExtension>
            <ns3:hr>120</ns3:hr>
            <ns3:cad>0</ns3:cad>
          </ns3:TrackPointExtension>
        </extensions>
      </trkpt>
      <trkpt lat="30.933394543826580047607421875" lon="120.03678831271827220916748046875">
        <ele>423.20001220703125</ele>
        <time>2026-05-30T03:50:10.000Z</time>
        <extensions>
          <ns3:TrackPointExtension>
            <ns3:hr>120</ns3:hr>
            <ns3:cad>0</ns3:cad>
          </ns3:TrackPointExtension>
        </extensions>
      </trkpt>
      <trkpt lat="30.93344776891171932220458984375" lon="120.03681228496134281158447265625">
        <ele>421.79998779296875</ele>
        <time>2026-05-30T03:50:13.000Z</time>
        <extensions>
          <ns3:TrackPointExtension>
            <ns3:hr>120</ns3:hr>
            <ns3:cad>0</ns3:cad>
          </ns3:TrackPointExtension>
        </extensions>
      </trkpt>
      <trkpt lat="30.9334875829517841339111328125" lon="120.03682988695800304412841796875">
        <ele>420.79998779296875</ele>
        <time>2026-05-30T03:50:15.000Z</time>
        <extensions>
          <ns3:TrackPointExtension>
            <ns3:hr>119</ns3:hr>
            <ns3:cad>0</ns3:cad>
          </ns3:TrackPointExtension>
        </extensions>
      </trkpt>
      <trkpt lat="30.93350283801555633544921875" lon="120.03682561218738555908203125">
        <ele>420.20001220703125</ele>
        <time>2026-05-30T03:50:16.000Z</time>
        <extensions>
          <ns3:TrackPointExtension>
            <ns3:hr>120</ns3:hr>
            <ns3:cad>0</ns3:cad>
          </ns3:TrackPointExtension>
        </extensions>
      </trkpt>
      <trkpt lat="30.9335410594940185546875" lon="120.03681756556034088134765625">
        <ele>419.20001220703125</ele>
        <time>2026-05-30T03:50:18.000Z</time>
        <extensions>
          <ns3:TrackPointExtension>
            <ns3:hr>121</ns3:hr>
            <ns3:cad>0</ns3:cad>
          </ns3:TrackPointExtension>
        </extensions>
      </trkpt>
      <trkpt lat="30.933576934039592742919921875" lon="120.03682536073029041290283203125">
        <ele>418.399993896484375</ele>
        <time>2026-05-30T03:50:20.000Z</time>
        <extensions>
          <ns3:TrackPointExtension>
            <ns3:hr>122</ns3:hr>
            <ns3:cad>0</ns3:cad>
          </ns3:TrackPointExtension>
        </extensions>
      </trkpt>
      <trkpt lat="30.93359495513141155242919921875" lon="120.0368321500718593597412109375">
        <ele>418</ele>
        <time>2026-05-30T03:50:21.000Z</time>
        <extensions>
          <ns3:TrackPointExtension>
            <ns3:hr>122</ns3:hr>
            <ns3:cad>0</ns3:cad>
          </ns3:TrackPointExtension>
        </extensions>
      </trkpt>
      <trkpt lat="30.9336689673364162445068359375" lon="120.03685922361910343170166015625">
        <ele>416.600006103515625</ele>
        <time>2026-05-30T03:50:24.000Z</time>
        <extensions>
          <ns3:TrackPointExtension>
            <ns3:hr>124</ns3:hr>
            <ns3:cad>0</ns3:cad>
          </ns3:TrackPointExtension>
        </extensions>
      </trkpt>
      <trkpt lat="30.933702997863292694091796875" lon="120.03687062300741672515869140625">
        <ele>416.20001220703125</ele>
        <time>2026-05-30T03:50:25.000Z</time>
        <extensions>
          <ns3:TrackPointExtension>
            <ns3:hr>124</ns3:hr>
            <ns3:cad>0</ns3:cad>
          </ns3:TrackPointExtension>
        </extensions>
      </trkpt>
      <trkpt lat="30.93376778997480869293212890625" lon="120.03690616227686405181884765625">
        <ele>415.399993896484375</ele>
        <time>2026-05-30T03:50:27.000Z</time>
        <extensions>
          <ns3:TrackPointExtension>
            <ns3:hr>123</ns3:hr>
            <ns3:cad>0</ns3:cad>
          </ns3:TrackPointExtension>
        </extensions>
      </trkpt>
      <trkpt lat="30.9337906725704669952392578125" lon="120.0369250215590000152587890625">
        <ele>415</ele>
        <time>2026-05-30T03:50:28.000Z</time>
        <extensions>
          <ns3:TrackPointExtension>
            <ns3:hr>126</ns3:hr>
            <ns3:cad>0</ns3:cad>
          </ns3:TrackPointExtension>
        </extensions>
      </trkpt>
      <trkpt lat="30.9338335879147052764892578125" lon="120.0369711220264434814453125">
        <ele>414.79998779296875</ele>
        <time>2026-05-30T03:50:30.000Z</time>
        <extensions>
          <ns3:TrackPointExtension>
            <ns3:hr>130</ns3:hr>
            <ns3:cad>86</ns3:cad>
          </ns3:TrackPointExtension>
        </extensions>
      </trkpt>
      <trkpt lat="30.93385982327163219451904296875" lon="120.0369974412024021148681640625">
        <ele>414.79998779296875</ele>
        <time>2026-05-30T03:50:31.000Z</time>
        <extensions>
          <ns3:TrackPointExtension>
            <ns3:hr>134</ns3:hr>
            <ns3:cad>86</ns3:cad>
          </ns3:TrackPointExtension>
        </extensions>
      </trkpt>
      <trkpt lat="30.933903492987155914306640625" lon="120.0370420329272747039794921875">
        <ele>414.79998779296875</ele>
        <time>2026-05-30T03:50:33.000Z</time>
        <extensions>
          <ns3:TrackPointExtension>
            <ns3:hr>139</ns3:hr>
            <ns3:cad>84</ns3:cad>
          </ns3:TrackPointExtension>
        </extensions>
      </trkpt>
      <trkpt lat="30.93391832895576953887939453125" lon="120.03705988638103008270263671875">
        <ele>414.79998779296875</ele>
        <time>2026-05-30T03:50:34.000Z</time>
        <extensions>
          <ns3:TrackPointExtension>
            <ns3:hr>139</ns3:hr>
            <ns3:cad>82</ns3:cad>
          </ns3:TrackPointExtension>
        </extensions>
      </trkpt>
      <trkpt lat="30.9339630044996738433837890625" lon="120.03709810785949230194091796875">
        <ele>414.79998779296875</ele>
        <time>2026-05-30T03:50:37.000Z</time>
        <extensions>
          <ns3:TrackPointExtension>
            <ns3:hr>141</ns3:hr>
            <ns3:cad>82</ns3:cad>
          </ns3:TrackPointExtension>
        </extensions>
      </trkpt>
      <trkpt lat="30.93401857651770114898681640625" lon="120.0371439568698406219482421875">
        <ele>414.600006103515625</ele>
        <time>2026-05-30T03:50:41.000Z</time>
        <extensions>
          <ns3:TrackPointExtension>
            <ns3:hr>144</ns3:hr>
            <ns3:cad>66</ns3:cad>
          </ns3:TrackPointExtension>
        </extensions>
      </trkpt>
      <trkpt lat="30.93403416685760021209716796875" lon="120.03716432489454746246337890625">
        <ele>414.399993896484375</ele>
        <time>2026-05-30T03:50:43.000Z</time>
        <extensions>
          <ns3:TrackPointExtension>
            <ns3:hr>145</ns3:hr>
            <ns3:cad>59</ns3:cad>
          </ns3:TrackPointExtension>
        </extensions>
      </trkpt>
      <trkpt lat="30.934044979512691497802734375" lon="120.0371888838708400726318359375">
        <ele>414.20001220703125</ele>
        <time>2026-05-30T03:50:45.000Z</time>
        <extensions>
          <ns3:TrackPointExtension>
            <ns3:hr>145</ns3:hr>
            <ns3:cad>60</ns3:cad>
          </ns3:TrackPointExtension>
        </extensions>
      </trkpt>
      <trkpt lat="30.93405830673873424530029296875" lon="120.0372203998267650604248046875">
        <ele>413.79998779296875</ele>
        <time>2026-05-30T03:50:48.000Z</time>
        <extensions>
          <ns3:TrackPointExtension>
            <ns3:hr>142</ns3:hr>
            <ns3:cad>60</ns3:cad>
          </ns3:TrackPointExtension>
        </extensions>
      </trkpt>
      <trkpt lat="30.9340719692409038543701171875" lon="120.03725945949554443359375">
        <ele>413</ele>
        <time>2026-05-30T03:50:51.000Z</time>
        <extensions>
          <ns3:TrackPointExtension>
            <ns3:hr>141</ns3:hr>
            <ns3:cad>63</ns3:cad>
          </ns3:TrackPointExtension>
        </extensions>
      </trkpt>
      <trkpt lat="30.9340944327414035797119140625" lon="120.037353336811065673828125">
        <ele>412</ele>
        <time>2026-05-30T03:50:57.000Z</time>
        <extensions>
          <ns3:TrackPointExtension>
            <ns3:hr>139</ns3:hr>
            <ns3:cad>63</ns3:cad>
          </ns3:TrackPointExtension>
        </extensions>
      </trkpt>
      <trkpt lat="30.93411077745258808135986328125" lon="120.03740622662007808685302734375">
        <ele>411.600006103515625</ele>
        <time>2026-05-30T03:50:59.000Z</time>
        <extensions>
          <ns3:TrackPointExtension>
            <ns3:hr>139</ns3:hr>
            <ns3:cad>122</ns3:cad>
          </ns3:TrackPointExtension>
        </extensions>
      </trkpt>
      <trkpt lat="30.93412636779248714447021484375" lon="120.0374604575335979461669921875">
        <ele>411</ele>
        <time>2026-05-30T03:51:03.000Z</time>
        <extensions>
          <ns3:TrackPointExtension>
            <ns3:hr>138</ns3:hr>
            <ns3:cad>70</ns3:cad>
          </ns3:TrackPointExtension>
        </extensions>
      </trkpt>
      <trkpt lat="30.9341544471681118011474609375" lon="120.03758559934794902801513671875">
        <ele>409.600006103515625</ele>
        <time>2026-05-30T03:51:08.000Z</time>
        <extensions>
          <ns3:TrackPointExtension>
            <ns3:hr>137</ns3:hr>
            <ns3:cad>77</ns3:cad>
          </ns3:TrackPointExtension>
        </extensions>
      </trkpt>
      <trkpt lat="30.934158973395824432373046875" lon="120.03761678002774715423583984375">
        <ele>409.399993896484375</ele>
        <time>2026-05-30T03:51:09.000Z</time>
        <extensions>
          <ns3:TrackPointExtension>
            <ns3:hr>137</ns3:hr>
            <ns3:cad>77</ns3:cad>
          </ns3:TrackPointExtension>
        </extensions>
      </trkpt>
      <trkpt lat="30.934167020022869110107421875" lon="120.0376649759709835052490234375">
        <ele>408.399993896484375</ele>
        <time>2026-05-30T03:51:11.000Z</time>
        <extensions>
          <ns3:TrackPointExtension>
            <ns3:hr>136</ns3:hr>
            <ns3:cad>76</ns3:cad>
          </ns3:TrackPointExtension>
        </extensions>
      </trkpt>
      <trkpt lat="30.93418386764824390411376953125" lon="120.0377189554274082183837890625">
        <ele>407.20001220703125</ele>
        <time>2026-05-30T03:51:14.000Z</time>
        <extensions>
          <ns3:TrackPointExtension>
            <ns3:hr>138</ns3:hr>
            <ns3:cad>76</ns3:cad>
          </ns3:TrackPointExtension>
        </extensions>
      </trkpt>
      <trkpt lat="30.93418839387595653533935546875" lon="120.037734545767307281494140625">
        <ele>406.79998779296875</ele>
        <time>2026-05-30T03:51:15.000Z</time>
        <extensions>
          <ns3:TrackPointExtension>
            <ns3:hr>138</ns3:hr>
            <ns3:cad>76</ns3:cad>
          </ns3:TrackPointExtension>
        </extensions>
      </trkpt>
      <trkpt lat="30.93419677577912807464599609375" lon="120.03777000121772289276123046875">
        <ele>406</ele>
        <time>2026-05-30T03:51:17.000Z</time>
        <extensions>
          <ns3:TrackPointExtension>
            <ns3:hr>138</ns3:hr>
            <ns3:cad>91</ns3:cad>
          </ns3:TrackPointExtension>
        </extensions>
      </trkpt>
      <trkpt lat="30.9342090971767902374267578125" lon="120.03779397346079349517822265625">
        <ele>405.20001220703125</ele>
        <time>2026-05-30T03:51:19.000Z</time>
        <extensions>
          <ns3:TrackPointExtension>
            <ns3:hr>134</ns3:hr>
            <ns3:cad>0</ns3:cad>
          </ns3:TrackPointExtension>
        </extensions>
      </trkpt>
      <trkpt lat="30.9342184849083423614501953125" lon="120.03781861625611782073974609375">
        <ele>404.79998779296875</ele>
        <time>2026-05-30T03:51:21.000Z</time>
        <extensions>
          <ns3:TrackPointExtension>
            <ns3:hr>130</ns3:hr>
            <ns3:cad>0</ns3:cad>
          </ns3:TrackPointExtension>
        </extensions>
      </trkpt>
      <trkpt lat="30.93422167003154754638671875" lon="120.03783546388149261474609375">
        <ele>403.79998779296875</ele>
        <time>2026-05-30T03:51:25.000Z</time>
        <extensions>
          <ns3:TrackPointExtension>
            <ns3:hr>129</ns3:hr>
            <ns3:cad>0</ns3:cad>
          </ns3:TrackPointExtension>
        </extensions>
      </trkpt>
      <trkpt lat="30.934222675859928131103515625" lon="120.03783672116696834564208984375">
        <ele>403.600006103515625</ele>
        <time>2026-05-30T03:51:26.000Z</time>
        <extensions>
          <ns3:TrackPointExtension>
            <ns3:hr>129</ns3:hr>
            <ns3:cad>0</ns3:cad>
          </ns3:TrackPointExtension>
        </extensions>
      </trkpt>
      <trkpt lat="30.93424002639949321746826171875" lon="120.037862956523895263671875">
        <ele>402.79998779296875</ele>
        <time>2026-05-30T03:51:29.000Z</time>
        <extensions>
          <ns3:TrackPointExtension>
            <ns3:hr>130</ns3:hr>
            <ns3:cad>53</ns3:cad>
          </ns3:TrackPointExtension>
        </extensions>
      </trkpt>
      <trkpt lat="30.9342540241777896881103515625" lon="120.0378986634314060211181640625">
        <ele>402</ele>
        <time>2026-05-30T03:51:32.000Z</time>
        <extensions>
          <ns3:TrackPointExtension>
            <ns3:hr>128</ns3:hr>
            <ns3:cad>0</ns3:cad>
          </ns3:TrackPointExtension>
        </extensions>
      </trkpt>
      <trkpt lat="30.93425578437745571136474609375" lon="120.0379171036183834075927734375">
        <ele>401.600006103515625</ele>
        <time>2026-05-30T03:51:34.000Z</time>
        <extensions>
          <ns3:TrackPointExtension>
            <ns3:hr>127</ns3:hr>
            <ns3:cad>0</ns3:cad>
          </ns3:TrackPointExtension>
        </extensions>
      </trkpt>
      <trkpt lat="30.93426860868930816650390625" lon="120.03799329511821269989013671875">
        <ele>400.399993896484375</ele>
        <time>2026-05-30T03:51:38.000Z</time>
        <extensions>
          <ns3:TrackPointExtension>
            <ns3:hr>126</ns3:hr>
            <ns3:cad>0</ns3:cad>
          </ns3:TrackPointExtension>
        </extensions>
      </trkpt>
      <trkpt lat="30.934273302555084228515625" lon="120.03801475279033184051513671875">
        <ele>400.20001220703125</ele>
        <time>2026-05-30T03:51:39.000Z</time>
        <extensions>
          <ns3:TrackPointExtension>
            <ns3:hr>125</ns3:hr>
            <ns3:cad>0</ns3:cad>
          </ns3:TrackPointExtension>
        </extensions>
      </trkpt>
      <trkpt lat="30.93427506275475025177001953125" lon="120.03804308362305164337158203125">
        <ele>399.399993896484375</ele>
        <time>2026-05-30T03:51:42.000Z</time>
        <extensions>
          <ns3:TrackPointExtension>
            <ns3:hr>124</ns3:hr>
            <ns3:cad>72</ns3:cad>
          </ns3:TrackPointExtension>
        </extensions>
      </trkpt>
      <trkpt lat="30.9342768229544162750244140625" lon="120.03805649466812610626220703125">
        <ele>399</ele>
        <time>2026-05-30T03:51:44.000Z</time>
        <extensions>
          <ns3:TrackPointExtension>
            <ns3:hr>125</ns3:hr>
            <ns3:cad>72</ns3:cad>
          </ns3:TrackPointExtension>
        </extensions>
      </trkpt>
      <trkpt lat="30.9342888928949832916259765625" lon="120.038081221282482147216796875">
        <ele>398.20001220703125</ele>
        <time>2026-05-30T03:51:47.000Z</time>
        <extensions>
          <ns3:TrackPointExtension>
            <ns3:hr>126</ns3:hr>
            <ns3:cad>72</ns3:cad>
          </ns3:TrackPointExtension>
        </extensions>
      </trkpt>
      <trkpt lat="30.93431646935641765594482421875" lon="120.0381226278841495513916015625">
        <ele>397.20001220703125</ele>
        <time>2026-05-30T03:51:52.000Z</time>
        <extensions>
          <ns3:TrackPointExtension>
            <ns3:hr>126</ns3:hr>
            <ns3:cad>62</ns3:cad>
          </ns3:TrackPointExtension>
        </extensions>
      </trkpt>
      <trkpt lat="30.93430976383388042449951171875" lon="120.03812422044575214385986328125">
        <ele>397</ele>
        <time>2026-05-30T03:51:54.000Z</time>
        <extensions>
          <ns3:TrackPointExtension>
            <ns3:hr>126</ns3:hr>
            <ns3:cad>62</ns3:cad>
          </ns3:TrackPointExtension>
        </extensions>
      </trkpt>
      <trkpt lat="30.93430439941585063934326171875" lon="120.0381357036530971527099609375">
        <ele>396.600006103515625</ele>
        <time>2026-05-30T03:51:57.000Z</time>
        <extensions>
          <ns3:TrackPointExtension>
            <ns3:hr>125</ns3:hr>
            <ns3:cad>0</ns3:cad>
          </ns3:TrackPointExtension>
        </extensions>
      </trkpt>
      <trkpt lat="30.934310518205165863037109375" lon="120.0381521321833133697509765625">
        <ele>395.79998779296875</ele>
        <time>2026-05-30T03:52:00.000Z</time>
        <extensions>
          <ns3:TrackPointExtension>
            <ns3:hr>122</ns3:hr>
            <ns3:cad>0</ns3:cad>
          </ns3:TrackPointExtension>
        </extensions>
      </trkpt>
      <trkpt lat="30.93431697227060794830322265625" lon="120.03817434422671794891357421875">
        <ele>395</ele>
        <time>2026-05-30T03:52:03.000Z</time>
        <extensions>
          <ns3:TrackPointExtension>
            <ns3:hr>122</ns3:hr>
            <ns3:cad>0</ns3:cad>
          </ns3:TrackPointExtension>
        </extensions>
      </trkpt>
      <trkpt lat="30.934315212070941925048828125" lon="120.03818188793957233428955078125">
        <ele>394.600006103515625</ele>
        <time>2026-05-30T03:52:04.000Z</time>
        <extensions>
          <ns3:TrackPointExtension>
            <ns3:hr>123</ns3:hr>
            <ns3:cad>0</ns3:cad>
          </ns3:TrackPointExtension>
        </extensions>
      </trkpt>
      <trkpt lat="30.93431781046092510223388671875" lon="120.0382087938487529754638671875">
        <ele>393.600006103515625</ele>
        <time>2026-05-30T03:52:07.000Z</time>
        <extensions>
          <ns3:TrackPointExtension>
            <ns3:hr>123</ns3:hr>
            <ns3:cad>0</ns3:cad>
          </ns3:TrackPointExtension>
        </extensions>
      </trkpt>
      <trkpt lat="30.9343341551721096038818359375" lon="120.03826252184808254241943359375">
        <ele>393</ele>
        <time>2026-05-30T03:52:09.000Z</time>
        <extensions>
          <ns3:TrackPointExtension>
            <ns3:hr>122</ns3:hr>
            <ns3:cad>0</ns3:cad>
          </ns3:TrackPointExtension>
        </extensions>
      </trkpt>
      <trkpt lat="30.93433591537177562713623046875" lon="120.03828666172921657562255859375">
        <ele>392.600006103515625</ele>
        <time>2026-05-30T03:52:10.000Z</time>
        <extensions>
          <ns3:TrackPointExtension>
            <ns3:hr>122</ns3:hr>
            <ns3:cad>80</ns3:cad>
          </ns3:TrackPointExtension>
        </extensions>
      </trkpt>
      <trkpt lat="30.93436910770833492279052734375" lon="120.03836628980934619903564453125">
        <ele>391.399993896484375</ele>
        <time>2026-05-30T03:52:14.000Z</time>
        <extensions>
          <ns3:TrackPointExtension>
            <ns3:hr>123</ns3:hr>
            <ns3:cad>80</ns3:cad>
          </ns3:TrackPointExtension>
        </extensions>
      </trkpt>
      <trkpt lat="30.9343980252742767333984375" lon="120.0384109653532505035400390625">
        <ele>390.79998779296875</ele>
        <time>2026-05-30T03:52:16.000Z</time>
        <extensions>
          <ns3:TrackPointExtension>
            <ns3:hr>126</ns3:hr>
            <ns3:cad>74</ns3:cad>
          </ns3:TrackPointExtension>
        </extensions>
      </trkpt>
      <trkpt lat="30.93442861922085285186767578125" lon="120.038457401096820831298828125">
        <ele>390.20001220703125</ele>
        <time>2026-05-30T03:52:18.000Z</time>
        <extensions>
          <ns3:TrackPointExtension>
            <ns3:hr>128</ns3:hr>
            <ns3:cad>74</ns3:cad>
          </ns3:TrackPointExtension>
        </extensions>
      </trkpt>
      <trkpt lat="30.93446080572903156280517578125" lon="120.03852068446576595306396484375">
        <ele>389.20001220703125</ele>
        <time>2026-05-30T03:52:21.000Z</time>
        <extensions>
          <ns3:TrackPointExtension>
            <ns3:hr>131</ns3:hr>
            <ns3:cad>80</ns3:cad>
          </ns3:TrackPointExtension>
        </extensions>
      </trkpt>
      <trkpt lat="30.934474132955074310302734375" lon="120.03853543661534786224365234375">
        <ele>389</ele>
        <time>2026-05-30T03:52:22.000Z</time>
        <extensions>
          <ns3:TrackPointExtension>
            <ns3:hr>132</ns3:hr>
            <ns3:cad>81</ns3:cad>
          </ns3:TrackPointExtension>
        </extensions>
      </trkpt>
      <trkpt lat="30.93448318541049957275390625" lon="120.03855119459331035614013671875">
        <ele>388.600006103515625</ele>
        <time>2026-05-30T03:52:23.000Z</time>
        <extensions>
          <ns3:TrackPointExtension>
            <ns3:hr>131</ns3:hr>
            <ns3:cad>81</ns3:cad>
          </ns3:TrackPointExtension>
        </extensions>
      </trkpt>
      <trkpt lat="30.93450942076742649078369140625" lon="120.03858522512018680572509765625">
        <ele>387.79998779296875</ele>
        <time>2026-05-30T03:52:26.000Z</time>
        <extensions>
          <ns3:TrackPointExtension>
            <ns3:hr>130</ns3:hr>
            <ns3:cad>81</ns3:cad>
          </ns3:TrackPointExtension>
        </extensions>
      </trkpt>
      <trkpt lat="30.93451679684221744537353515625" lon="120.03859947435557842254638671875">
        <ele>387.399993896484375</ele>
        <time>2026-05-30T03:52:28.000Z</time>
        <extensions>
          <ns3:TrackPointExtension>
            <ns3:hr>131</ns3:hr>
            <ns3:cad>81</ns3:cad>
          </ns3:TrackPointExtension>
        </extensions>
      </trkpt>
      <trkpt lat="30.9345359914004802703857421875" lon="120.0386413000524044036865234375">
        <ele>386.600006103515625</ele>
        <time>2026-05-30T03:52:31.000Z</time>
        <extensions>
          <ns3:TrackPointExtension>
            <ns3:hr>130</ns3:hr>
            <ns3:cad>120</ns3:cad>
          </ns3:TrackPointExtension>
        </extensions>
      </trkpt>
      <trkpt lat="30.93455384485423564910888671875" lon="120.03869201056659221649169921875">
        <ele>385.600006103515625</ele>
        <time>2026-05-30T03:52:34.000Z</time>
        <extensions>
          <ns3:TrackPointExtension>
            <ns3:hr>129</ns3:hr>
            <ns3:cad>66</ns3:cad>
          </ns3:TrackPointExtension>
        </extensions>
      </trkpt>
      <trkpt lat="30.9345671720802783966064453125" lon="120.03874364309012889862060546875">
        <ele>384.600006103515625</ele>
        <time>2026-05-30T03:52:36.000Z</time>
        <extensions>
          <ns3:TrackPointExtension>
            <ns3:hr>132</ns3:hr>
            <ns3:cad>66</ns3:cad>
          </ns3:TrackPointExtension>
        </extensions>
      </trkpt>
      <trkpt lat="30.93457362614572048187255859375" lon="120.038766525685787200927734375">
        <ele>384.20001220703125</ele>
        <time>2026-05-30T03:52:37.000Z</time>
        <extensions>
          <ns3:TrackPointExtension>
            <ns3:hr>133</ns3:hr>
            <ns3:cad>66</ns3:cad>
          </ns3:TrackPointExtension>
        </extensions>
      </trkpt>
      <trkpt lat="30.93458645045757293701171875" lon="120.038806758821010589599609375">
        <ele>383.399993896484375</ele>
        <time>2026-05-30T03:52:39.000Z</time>
        <extensions>
          <ns3:TrackPointExtension>
            <ns3:hr>135</ns3:hr>
            <ns3:cad>66</ns3:cad>
          </ns3:TrackPointExtension>
        </extensions>
      </trkpt>
      <trkpt lat="30.93459843657910823822021484375" lon="120.03881690092384815216064453125">
        <ele>383</ele>
        <time>2026-05-30T03:52:40.000Z</time>
        <extensions>
          <ns3:TrackPointExtension>
            <ns3:hr>135</ns3:hr>
            <ns3:cad>66</ns3:cad>
          </ns3:TrackPointExtension>
        </extensions>
      </trkpt>
      <trkpt lat="30.93464017845690250396728515625" lon="120.03887674771249294281005859375">
        <ele>382.600006103515625</ele>
        <time>2026-05-30T03:52:43.000Z</time>
        <extensions>
          <ns3:TrackPointExtension>
            <ns3:hr>136</ns3:hr>
            <ns3:cad>83</ns3:cad>
          </ns3:TrackPointExtension>
        </extensions>
      </trkpt>
      <trkpt lat="30.934702455997467041015625" lon="120.03904824145138263702392578125">
        <ele>383.399993896484375</ele>
        <time>2026-05-30T03:52:50.000Z</time>
        <extensions>
          <ns3:TrackPointExtension>
            <ns3:hr>138</ns3:hr>
            <ns3:cad>79</ns3:cad>
          </ns3:TrackPointExtension>
        </extensions>
      </trkpt>
      <trkpt lat="30.93472483567893505096435546875" lon="120.0390882231295108795166015625">
        <ele>383.600006103515625</ele>
        <time>2026-05-30T03:52:53.000Z</time>
        <extensions>
          <ns3:TrackPointExtension>
            <ns3:hr>141</ns3:hr>
            <ns3:cad>76</ns3:cad>
          </ns3:TrackPointExtension>
        </extensions>
      </trkpt>
      <trkpt lat="30.93474092893302440643310546875" lon="120.03911848179996013641357421875">
        <ele>383.600006103515625</ele>
        <time>2026-05-30T03:52:56.000Z</time>
        <extensions>
          <ns3:TrackPointExtension>
            <ns3:hr>143</ns3:hr>
            <ns3:cad>76</ns3:cad>
          </ns3:TrackPointExtension>
        </extensions>
      </trkpt>
      <trkpt lat="30.934817790985107421875" lon="120.03920649178326129913330078125">
        <ele>384</ele>
        <time>2026-05-30T03:53:03.000Z</time>
        <extensions>
          <ns3:TrackPointExtension>
            <ns3:hr>141</ns3:hr>
            <ns3:cad>0</ns3:cad>
          </ns3:TrackPointExtension>
        </extensions>
      </trkpt>
      <trkpt lat="30.9348243288695812225341796875" lon="120.0392322242259979248046875">
        <ele>384.20001220703125</ele>
        <time>2026-05-30T03:53:05.000Z</time>
        <extensions>
          <ns3:TrackPointExtension>
            <ns3:hr>141</ns3:hr>
            <ns3:cad>77</ns3:cad>
          </ns3:TrackPointExtension>
        </extensions>
      </trkpt>
      <trkpt lat="30.934860706329345703125" lon="120.0392803363502025604248046875">
        <ele>384.20001220703125</ele>
        <time>2026-05-30T03:53:09.000Z</time>
        <extensions>
          <ns3:TrackPointExtension>
            <ns3:hr>143</ns3:hr>
            <ns3:cad>77</ns3:cad>
          </ns3:TrackPointExtension>
        </extensions>
      </trkpt>
      <trkpt lat="30.9348781406879425048828125" lon="120.0392903946340084075927734375">
        <ele>384.20001220703125</ele>
        <time>2026-05-30T03:53:10.000Z</time>
        <extensions>
          <ns3:TrackPointExtension>
            <ns3:hr>143</ns3:hr>
            <ns3:cad>77</ns3:cad>
          </ns3:TrackPointExtension>
        </extensions>
      </trkpt>
      <trkpt lat="30.9349195472896099090576171875" lon="120.0393715314567089080810546875">
        <ele>384.79998779296875</ele>
        <time>2026-05-30T03:53:15.000Z</time>
        <extensions>
          <ns3:TrackPointExtension>
            <ns3:hr>141</ns3:hr>
            <ns3:cad>83</ns3:cad>
          </ns3:TrackPointExtension>
        </extensions>
      </trkpt>
      <trkpt lat="30.93496623449027538299560546875" lon="120.03944872878491878509521484375">
        <ele>385.20001220703125</ele>
        <time>2026-05-30T03:53:18.000Z</time>
        <extensions>
          <ns3:TrackPointExtension>
            <ns3:hr>141</ns3:hr>
            <ns3:cad>83</ns3:cad>
          </ns3:TrackPointExtension>
        </extensions>
      </trkpt>
      <trkpt lat="30.935005880892276763916015625" lon="120.039520561695098876953125">
        <ele>385.399993896484375</ele>
        <time>2026-05-30T03:53:21.000Z</time>
        <extensions>
          <ns3:TrackPointExtension>
            <ns3:hr>145</ns3:hr>
            <ns3:cad>85</ns3:cad>
          </ns3:TrackPointExtension>
        </extensions>
      </trkpt>
      <trkpt lat="30.935018956661224365234375" lon="120.03954042680561542510986328125">
        <ele>385.600006103515625</ele>
        <time>2026-05-30T03:53:22.000Z</time>
        <extensions>
          <ns3:TrackPointExtension>
            <ns3:hr>146</ns3:hr>
            <ns3:cad>85</ns3:cad>
          </ns3:TrackPointExtension>
        </extensions>
      </trkpt>
      <trkpt lat="30.935034714639186859130859375" lon="120.0395773909986019134521484375">
        <ele>385.79998779296875</ele>
        <time>2026-05-30T03:53:24.000Z</time>
        <extensions>
          <ns3:TrackPointExtension>
            <ns3:hr>149</ns3:hr>
            <ns3:cad>83</ns3:cad>
          </ns3:TrackPointExtension>
        </extensions>
      </trkpt>
      <trkpt lat="30.93505810014903545379638671875" lon="120.03964955918490886688232421875">
        <ele>386</ele>
        <time>2026-05-30T03:53:29.000Z</time>
        <extensions>
          <ns3:TrackPointExtension>
            <ns3:hr>150</ns3:hr>
            <ns3:cad>83</ns3:cad>
          </ns3:TrackPointExtension>
        </extensions>
      </trkpt>
      <trkpt lat="30.93509095720946788787841796875" lon="120.0397101603448390960693359375">
        <ele>386.20001220703125</ele>
        <time>2026-05-30T03:53:34.000Z</time>
        <extensions>
          <ns3:TrackPointExtension>
            <ns3:hr>149</ns3:hr>
            <ns3:cad>65</ns3:cad>
          </ns3:TrackPointExtension>
        </extensions>
      </trkpt>
      <trkpt lat="30.9350945614278316497802734375" lon="120.03977914340794086456298828125">
        <ele>387.20001220703125</ele>
        <time>2026-05-30T03:53:39.000Z</time>
        <extensions>
          <ns3:TrackPointExtension>
            <ns3:hr>147</ns3:hr>
            <ns3:cad>62</ns3:cad>
          </ns3:TrackPointExtension>
        </extensions>
      </trkpt>
      <trkpt lat="30.93509498052299022674560546875" lon="120.039813928306102752685546875">
        <ele>386.79998779296875</ele>
        <time>2026-05-30T03:53:45.000Z</time>
        <extensions>
          <ns3:TrackPointExtension>
            <ns3:hr>146</ns3:hr>
            <ns3:cad>62</ns3:cad>
          </ns3:TrackPointExtension>
        </extensions>
      </trkpt>
      <trkpt lat="30.9351517260074615478515625" lon="120.03987520001828670501708984375">
        <ele>386</ele>
        <time>2026-05-30T03:53:49.000Z</time>
        <extensions>
          <ns3:TrackPointExtension>
            <ns3:hr>145</ns3:hr>
            <ns3:cad>62</ns3:cad>
          </ns3:TrackPointExtension>
        </extensions>
      </trkpt>
      <trkpt lat="30.93521819449961185455322265625" lon="120.03992901183664798736572265625">
        <ele>386</ele>
        <time>2026-05-30T03:53:55.000Z</time>
        <extensions>
          <ns3:TrackPointExtension>
            <ns3:hr>144</ns3:hr>
            <ns3:cad>77</ns3:cad>
          </ns3:TrackPointExtension>
        </extensions>
      </trkpt>
      <trkpt lat="30.9352538175880908966064453125" lon="120.04001744091510772705078125">
        <ele>385.600006103515625</ele>
        <time>2026-05-30T03:54:00.000Z</time>
        <extensions>
          <ns3:TrackPointExtension>
            <ns3:hr>144</ns3:hr>
            <ns3:cad>77</ns3:cad>
          </ns3:TrackPointExtension>
        </extensions>
      </trkpt>
      <trkpt lat="30.93529321253299713134765625" lon="120.0401215441524982452392578125">
        <ele>385.79998779296875</ele>
        <time>2026-05-30T03:54:05.000Z</time>
        <extensions>
          <ns3:TrackPointExtension>
            <ns3:hr>142</ns3:hr>
            <ns3:cad>77</ns3:cad>
          </ns3:TrackPointExtension>
        </extensions>
      </trkpt>
      <trkpt lat="30.93530871905386447906494140625" lon="120.04017191939055919647216796875">
        <ele>385.20001220703125</ele>
        <time>2026-05-30T03:54:11.000Z</time>
        <extensions>
          <ns3:TrackPointExtension>
            <ns3:hr>143</ns3:hr>
            <ns3:cad>77</ns3:cad>
          </ns3:TrackPointExtension>
        </extensions>
      </trkpt>
      <trkpt lat="30.93531073071062564849853515625" lon="120.04018382169306278228759765625">
        <ele>385.20001220703125</ele>
        <time>2026-05-30T03:54:12.000Z</time>
        <extensions>
          <ns3:TrackPointExtension>
            <ns3:hr>143</ns3:hr>
            <ns3:cad>0</ns3:cad>
          </ns3:TrackPointExtension>
        </extensions>
      </trkpt>
      <trkpt lat="30.93532447703182697296142578125" lon="120.0402419082820415496826171875">
        <ele>384</ele>
        <time>2026-05-30T03:54:16.000Z</time>
        <extensions>
          <ns3:TrackPointExtension>
            <ns3:hr>143</ns3:hr>
            <ns3:cad>0</ns3:cad>
          </ns3:TrackPointExtension>
        </extensions>
      </trkpt>
      <trkpt lat="30.9353416599333286285400390625" lon="120.0403012521564960479736328125">
        <ele>382.79998779296875</ele>
        <time>2026-05-30T03:54:20.000Z</time>
        <extensions>
          <ns3:TrackPointExtension>
            <ns3:hr>143</ns3:hr>
            <ns3:cad>81</ns3:cad>
          </ns3:TrackPointExtension>
        </extensions>
      </trkpt>
      <trkpt lat="30.93534325249493122100830078125" lon="120.040312819182872772216796875">
        <ele>382.600006103515625</ele>
        <time>2026-05-30T03:54:21.000Z</time>
        <extensions>
          <ns3:TrackPointExtension>
            <ns3:hr>142</ns3:hr>
            <ns3:cad>81</ns3:cad>
          </ns3:TrackPointExtension>
        </extensions>
      </trkpt>
      <trkpt lat="30.935344509780406951904296875" lon="120.04034307785332202911376953125">
        <ele>381.79998779296875</ele>
        <time>2026-05-30T03:54:24.000Z</time>
        <extensions>
          <ns3:TrackPointExtension>
            <ns3:hr>141</ns3:hr>
            <ns3:cad>81</ns3:cad>
          </ns3:TrackPointExtension>
        </extensions>
      </trkpt>
      <trkpt lat="30.935349203646183013916015625" lon="120.0403833948075771331787109375">
        <ele>380.600006103515625</ele>
        <time>2026-05-30T03:54:28.000Z</time>
        <extensions>
          <ns3:TrackPointExtension>
            <ns3:hr>142</ns3:hr>
            <ns3:cad>81</ns3:cad>
          </ns3:TrackPointExtension>
        </extensions>
      </trkpt>
      <trkpt lat="30.93536521308124065399169921875" lon="120.040405690670013427734375">
        <ele>379.399993896484375</ele>
        <time>2026-05-30T03:54:31.000Z</time>
        <extensions>
          <ns3:TrackPointExtension>
            <ns3:hr>143</ns3:hr>
            <ns3:cad>81</ns3:cad>
          </ns3:TrackPointExtension>
        </extensions>
      </trkpt>
      <trkpt lat="30.93538365326821804046630859375" lon="120.04042337648570537567138671875">
        <ele>378.399993896484375</ele>
        <time>2026-05-30T03:54:34.000Z</time>
        <extensions>
          <ns3:TrackPointExtension>
            <ns3:hr>143</ns3:hr>
            <ns3:cad>81</ns3:cad>
          </ns3:TrackPointExtension>
        </extensions>
      </trkpt>
      <trkpt lat="30.93540863133966922760009765625" lon="120.0404501147568225860595703125">
        <ele>377</ele>
        <time>2026-05-30T03:54:37.000Z</time>
        <extensions>
          <ns3:TrackPointExtension>
            <ns3:hr>142</ns3:hr>
            <ns3:cad>81</ns3:cad>
          </ns3:TrackPointExtension>
        </extensions>
      </trkpt>
      <trkpt lat="30.93542774207890033721923828125" lon="120.04047601483762264251708984375">
        <ele>376</ele>
        <time>2026-05-30T03:54:39.000Z</time>
        <extensions>
          <ns3:TrackPointExtension>
            <ns3:hr>142</ns3:hr>
            <ns3:cad>81</ns3:cad>
          </ns3:TrackPointExtension>
        </extensions>
      </trkpt>
      <trkpt lat="30.93544098548591136932373046875" lon="120.040506608784198760986328125">
        <ele>374.79998779296875</ele>
        <time>2026-05-30T03:54:41.000Z</time>
        <extensions>
          <ns3:TrackPointExtension>
            <ns3:hr>142</ns3:hr>
            <ns3:cad>81</ns3:cad>
          </ns3:TrackPointExtension>
        </extensions>
      </trkpt>
      <trkpt lat="30.9354402311146259307861328125" lon="120.04056100733578205108642578125">
        <ele>373.79998779296875</ele>
        <time>2026-05-30T03:54:43.000Z</time>
        <extensions>
          <ns3:TrackPointExtension>
            <ns3:hr>142</ns3:hr>
            <ns3:cad>81</ns3:cad>
          </ns3:TrackPointExtension>
        </extensions>
      </trkpt>
      <trkpt lat="30.9354439191520214080810546875" lon="120.04058330319821834564208984375">
        <ele>373.600006103515625</ele>
        <time>2026-05-30T03:54:44.000Z</time>
        <extensions>
          <ns3:TrackPointExtension>
            <ns3:hr>142</ns3:hr>
            <ns3:cad>88</ns3:cad>
          </ns3:TrackPointExtension>
        </extensions>
      </trkpt>
      <trkpt lat="30.935465209186077117919921875" lon="120.0406551361083984375">
        <ele>373.79998779296875</ele>
        <time>2026-05-30T03:54:48.000Z</time>
        <extensions>
          <ns3:TrackPointExtension>
            <ns3:hr>139</ns3:hr>
            <ns3:cad>0</ns3:cad>
          </ns3:TrackPointExtension>
        </extensions>
      </trkpt>
      <trkpt lat="30.9354737587273120880126953125" lon="120.04067064262926578521728515625">
        <ele>373.79998779296875</ele>
        <time>2026-05-30T03:54:49.000Z</time>
        <extensions>
          <ns3:TrackPointExtension>
            <ns3:hr>139</ns3:hr>
            <ns3:cad>0</ns3:cad>
          </ns3:TrackPointExtension>
        </extensions>
      </trkpt>
      <trkpt lat="30.9354965575039386749267578125" lon="120.04072831012308597564697265625">
        <ele>374.600006103515625</ele>
        <time>2026-05-30T03:54:53.000Z</time>
        <extensions>
          <ns3:TrackPointExtension>
            <ns3:hr>136</ns3:hr>
            <ns3:cad>0</ns3:cad>
          </ns3:TrackPointExtension>
        </extensions>
      </trkpt>
      <trkpt lat="30.93549798242747783660888671875" lon="120.0407391227781772613525390625">
        <ele>374.79998779296875</ele>
        <time>2026-05-30T03:54:54.000Z</time>
        <extensions>
          <ns3:TrackPointExtension>
            <ns3:hr>135</ns3:hr>
            <ns3:cad>0</ns3:cad>
          </ns3:TrackPointExtension>
        </extensions>
      </trkpt>
      <trkpt lat="30.93555078841745853424072265625" lon="120.0408135540783405303955078125">
        <ele>375.79998779296875</ele>
        <time>2026-05-30T03:55:01.000Z</time>
        <extensions>
          <ns3:TrackPointExtension>
            <ns3:hr>134</ns3:hr>
            <ns3:cad>0</ns3:cad>
          </ns3:TrackPointExtension>
        </extensions>
      </trkpt>
      <trkpt lat="30.93557794578373432159423828125" lon="120.04087298177182674407958984375">
        <ele>376.600006103515625</ele>
        <time>2026-05-30T03:55:06.000Z</time>
        <extensions>
          <ns3:TrackPointExtension>
            <ns3:hr>135</ns3:hr>
            <ns3:cad>0</ns3:cad>
          </ns3:TrackPointExtension>
        </extensions>
      </trkpt>
      <trkpt lat="30.935590602457523345947265625" lon="120.040891170501708984375">
        <ele>377</ele>
        <time>2026-05-30T03:55:08.000Z</time>
        <extensions>
          <ns3:TrackPointExtension>
            <ns3:hr>135</ns3:hr>
            <ns3:cad>57</ns3:cad>
          </ns3:TrackPointExtension>
        </extensions>
      </trkpt>
      <trkpt lat="30.93561373651027679443359375" lon="120.04092872142791748046875">
        <ele>378</ele>
        <time>2026-05-30T03:55:12.000Z</time>
        <extensions>
          <ns3:TrackPointExtension>
            <ns3:hr>136</ns3:hr>
            <ns3:cad>0</ns3:cad>
          </ns3:TrackPointExtension>
        </extensions>
      </trkpt>
      <trkpt lat="30.9356264770030975341796875" lon="120.0409862212836742401123046875">
        <ele>378.79998779296875</ele>
        <time>2026-05-30T03:55:17.000Z</time>
        <extensions>
          <ns3:TrackPointExtension>
            <ns3:hr>136</ns3:hr>
            <ns3:cad>0</ns3:cad>
          </ns3:TrackPointExtension>
        </extensions>
      </trkpt>
      <trkpt lat="30.9356279857456684112548828125" lon="120.04100441001355648040771484375">
        <ele>379.20001220703125</ele>
        <time>2026-05-30T03:55:18.000Z</time>
        <extensions>
          <ns3:TrackPointExtension>
            <ns3:hr>136</ns3:hr>
            <ns3:cad>0</ns3:cad>
          </ns3:TrackPointExtension>
        </extensions>
      </trkpt>
      <trkpt lat="30.93563376925885677337646484375" lon="120.041053108870983123779296875">
        <ele>380.20001220703125</ele>
        <time>2026-05-30T03:55:22.000Z</time>
        <extensions>
          <ns3:TrackPointExtension>
            <ns3:hr>137</ns3:hr>
            <ns3:cad>0</ns3:cad>
          </ns3:TrackPointExtension>
        </extensions>
      </trkpt>
      <trkpt lat="30.93563829548656940460205078125" lon="120.0410609878599643707275390625">
        <ele>380.399993896484375</ele>
        <time>2026-05-30T03:55:23.000Z</time>
        <extensions>
          <ns3:TrackPointExtension>
            <ns3:hr>137</ns3:hr>
            <ns3:cad>0</ns3:cad>
          </ns3:TrackPointExtension>
        </extensions>
      </trkpt>
      <trkpt lat="30.93565003015100955963134765625" lon="120.0411096028983592987060546875">
        <ele>381.20001220703125</ele>
        <time>2026-05-30T03:55:28.000Z</time>
        <extensions>
          <ns3:TrackPointExtension>
            <ns3:hr>138</ns3:hr>
            <ns3:cad>44</ns3:cad>
          </ns3:TrackPointExtension>
        </extensions>
      </trkpt>
      <trkpt lat="30.93565489165484905242919921875" lon="120.04111035726964473724365234375">
        <ele>381.399993896484375</ele>
        <time>2026-05-30T03:55:29.000Z</time>
        <extensions>
          <ns3:TrackPointExtension>
            <ns3:hr>138</ns3:hr>
            <ns3:cad>44</ns3:cad>
          </ns3:TrackPointExtension>
        </extensions>
      </trkpt>
      <trkpt lat="30.93567140400409698486328125" lon="120.04114924930036067962646484375">
        <ele>381.79998779296875</ele>
        <time>2026-05-30T03:55:32.000Z</time>
        <extensions>
          <ns3:TrackPointExtension>
            <ns3:hr>138</ns3:hr>
            <ns3:cad>47</ns3:cad>
          </ns3:TrackPointExtension>
        </extensions>
      </trkpt>
      <trkpt lat="30.9357164986431598663330078125" lon="120.04118965007364749908447265625">
        <ele>382</ele>
        <time>2026-05-30T03:55:38.000Z</time>
        <extensions>
          <ns3:TrackPointExtension>
            <ns3:hr>139</ns3:hr>
            <ns3:cad>55</ns3:cad>
          </ns3:TrackPointExtension>
        </extensions>
      </trkpt>
      <trkpt lat="30.93574172817170619964599609375" lon="120.04123239777982234954833984375">
        <ele>382.399993896484375</ele>
        <time>2026-05-30T03:55:42.000Z</time>
        <extensions>
          <ns3:TrackPointExtension>
            <ns3:hr>139</ns3:hr>
            <ns3:cad>56</ns3:cad>
          </ns3:TrackPointExtension>
        </extensions>
      </trkpt>
      <trkpt lat="30.935761593282222747802734375" lon="120.04124681465327739715576171875">
        <ele>382.600006103515625</ele>
        <time>2026-05-30T03:55:44.000Z</time>
        <extensions>
          <ns3:TrackPointExtension>
            <ns3:hr>140</ns3:hr>
            <ns3:cad>48</ns3:cad>
          </ns3:TrackPointExtension>
        </extensions>
      </trkpt>
      <trkpt lat="30.9358006529510021209716796875" lon="120.04132661037147045135498046875">
        <ele>383.399993896484375</ele>
        <time>2026-05-30T03:55:50.000Z</time>
        <extensions>
          <ns3:TrackPointExtension>
            <ns3:hr>139</ns3:hr>
            <ns3:cad>52</ns3:cad>
          </ns3:TrackPointExtension>
        </extensions>
      </trkpt>
      <trkpt lat="30.93580551445484161376953125" lon="120.041346140205860137939453125">
        <ele>383.600006103515625</ele>
        <time>2026-05-30T03:55:51.000Z</time>
        <extensions>
          <ns3:TrackPointExtension>
            <ns3:hr>139</ns3:hr>
            <ns3:cad>52</ns3:cad>
          </ns3:TrackPointExtension>
        </extensions>
      </trkpt>
      <trkpt lat="30.93582621775567531585693359375" lon="120.041409172117710113525390625">
        <ele>384.79998779296875</ele>
        <time>2026-05-30T03:55:54.000Z</time>
        <extensions>
          <ns3:TrackPointExtension>
            <ns3:hr>138</ns3:hr>
            <ns3:cad>72</ns3:cad>
          </ns3:TrackPointExtension>
        </extensions>
      </trkpt>
      <trkpt lat="30.93582990579307079315185546875" lon="120.041418559849262237548828125">
        <ele>385.20001220703125</ele>
        <time>2026-05-30T03:55:55.000Z</time>
        <extensions>
          <ns3:TrackPointExtension>
            <ns3:hr>138</ns3:hr>
            <ns3:cad>72</ns3:cad>
          </ns3:TrackPointExtension>
        </extensions>
      </trkpt>
      <trkpt lat="30.93583795242011547088623046875" lon="120.04142752848565578460693359375">
        <ele>386</ele>
        <time>2026-05-30T03:55:57.000Z</time>
        <extensions>
          <ns3:TrackPointExtension>
            <ns3:hr>139</ns3:hr>
            <ns3:cad>72</ns3:cad>
          </ns3:TrackPointExtension>
        </extensions>
      </trkpt>
      <trkpt lat="30.93584549613296985626220703125" lon="120.04143406637012958526611328125">
        <ele>386.20001220703125</ele>
        <time>2026-05-30T03:55:58.000Z</time>
        <extensions>
          <ns3:TrackPointExtension>
            <ns3:hr>140</ns3:hr>
            <ns3:cad>72</ns3:cad>
          </ns3:TrackPointExtension>
        </extensions>
      </trkpt>
      <trkpt lat="30.9358566440641880035400390625" lon="120.04144898615777492523193359375">
        <ele>386.79998779296875</ele>
        <time>2026-05-30T03:56:00.000Z</time>
        <extensions>
          <ns3:TrackPointExtension>
            <ns3:hr>142</ns3:hr>
            <ns3:cad>72</ns3:cad>
          </ns3:TrackPointExtension>
        </extensions>
      </trkpt>
      <trkpt lat="30.93586276285350322723388671875" lon="120.04145854152739048004150390625">
        <ele>387.20001220703125</ele>
        <time>2026-05-30T03:56:01.000Z</time>
        <extensions>
          <ns3:TrackPointExtension>
            <ns3:hr>143</ns3:hr>
            <ns3:cad>56</ns3:cad>
          </ns3:TrackPointExtension>
        </extensions>
      </trkpt>
      <trkpt lat="30.93587114475667476654052734375" lon="120.041490308940410614013671875">
        <ele>387.600006103515625</ele>
        <time>2026-05-30T03:56:03.000Z</time>
        <extensions>
          <ns3:TrackPointExtension>
            <ns3:hr>147</ns3:hr>
            <ns3:cad>56</ns3:cad>
          </ns3:TrackPointExtension>
        </extensions>
      </trkpt>
      <trkpt lat="30.93587667681276798248291015625" lon="120.04151000641286373138427734375">
        <ele>388</ele>
        <time>2026-05-30T03:56:05.000Z</time>
        <extensions>
          <ns3:TrackPointExtension>
            <ns3:hr>150</ns3:hr>
            <ns3:cad>57</ns3:cad>
          </ns3:TrackPointExtension>
        </extensions>
      </trkpt>
      <trkpt lat="30.9358804486691951751708984375" lon="120.041516460478305816650390625">
        <ele>388.20001220703125</ele>
        <time>2026-05-30T03:56:06.000Z</time>
        <extensions>
          <ns3:TrackPointExtension>
            <ns3:hr>151</ns3:hr>
            <ns3:cad>57</ns3:cad>
          </ns3:TrackPointExtension>
        </extensions>
      </trkpt>
      <trkpt lat="30.93589075841009616851806640625" lon="120.0415576994419097900390625">
        <ele>389.399993896484375</ele>
        <time>2026-05-30T03:56:10.000Z</time>
        <extensions>
          <ns3:TrackPointExtension>
            <ns3:hr>152</ns3:hr>
            <ns3:cad>55</ns3:cad>
          </ns3:TrackPointExtension>
        </extensions>
      </trkpt>
      <trkpt lat="30.935890339314937591552734375" lon="120.04158519208431243896484375">
        <ele>390</ele>
        <time>2026-05-30T03:56:12.000Z</time>
        <extensions>
          <ns3:TrackPointExtension>
            <ns3:hr>152</ns3:hr>
            <ns3:cad>60</ns3:cad>
          </ns3:TrackPointExtension>
        </extensions>
      </trkpt>
      <trkpt lat="30.93588857911527156829833984375" lon="120.0416088290512561798095703125">
        <ele>390.600006103515625</ele>
        <time>2026-05-30T03:56:14.000Z</time>
        <extensions>
          <ns3:TrackPointExtension>
            <ns3:hr>152</ns3:hr>
            <ns3:cad>60</ns3:cad>
          </ns3:TrackPointExtension>
        </extensions>
      </trkpt>
      <trkpt lat="30.93590752221643924713134765625" lon="120.041637830436229705810546875">
        <ele>391.600006103515625</ele>
        <time>2026-05-30T03:56:19.000Z</time>
        <extensions>
          <ns3:TrackPointExtension>
            <ns3:hr>154</ns3:hr>
            <ns3:cad>60</ns3:cad>
          </ns3:TrackPointExtension>
        </extensions>
      </trkpt>
      <trkpt lat="30.93595814891159534454345703125" lon="120.041662640869617462158203125">
        <ele>392.79998779296875</ele>
        <time>2026-05-30T03:56:25.000Z</time>
        <extensions>
          <ns3:TrackPointExtension>
            <ns3:hr>155</ns3:hr>
            <ns3:cad>47</ns3:cad>
          </ns3:TrackPointExtension>
        </extensions>
      </trkpt>
      <trkpt lat="30.935965441167354583740234375" lon="120.0416658259928226470947265625">
        <ele>393</ele>
        <time>2026-05-30T03:56:26.000Z</time>
        <extensions>
          <ns3:TrackPointExtension>
            <ns3:hr>155</ns3:hr>
            <ns3:cad>47</ns3:cad>
          </ns3:TrackPointExtension>
        </extensions>
      </trkpt>
      <trkpt lat="30.93600458465516567230224609375" lon="120.04167948849499225616455078125">
        <ele>394</ele>
        <time>2026-05-30T03:56:31.000Z</time>
        <extensions>
          <ns3:TrackPointExtension>
            <ns3:hr>155</ns3:hr>
            <ns3:cad>47</ns3:cad>
          </ns3:TrackPointExtension>
        </extensions>
      </trkpt>
      <trkpt lat="30.93602956272661685943603515625" lon="120.0417104177176952362060546875">
        <ele>394.399993896484375</ele>
        <time>2026-05-30T03:56:35.000Z</time>
        <extensions>
          <ns3:TrackPointExtension>
            <ns3:hr>156</ns3:hr>
            <ns3:cad>51</ns3:cad>
          </ns3:TrackPointExtension>
        </extensions>
      </trkpt>
      <trkpt lat="30.9360393695533275604248046875" lon="120.04173338413238525390625">
        <ele>394.79998779296875</ele>
        <time>2026-05-30T03:56:37.000Z</time>
        <extensions>
          <ns3:TrackPointExtension>
            <ns3:hr>155</ns3:hr>
            <ns3:cad>53</ns3:cad>
          </ns3:TrackPointExtension>
        </extensions>
      </trkpt>
      <trkpt lat="30.936043560504913330078125" lon="120.04174218513071537017822265625">
        <ele>395</ele>
        <time>2026-05-30T03:56:38.000Z</time>
        <extensions>
          <ns3:TrackPointExtension>
            <ns3:hr>155</ns3:hr>
            <ns3:cad>53</ns3:cad>
          </ns3:TrackPointExtension>
        </extensions>
      </trkpt>
      <trkpt lat="30.936087481677532196044921875" lon="120.04178979434072971343994140625">
        <ele>395.399993896484375</ele>
        <time>2026-05-30T03:56:45.000Z</time>
        <extensions>
          <ns3:TrackPointExtension>
            <ns3:hr>154</ns3:hr>
            <ns3:cad>52</ns3:cad>
          </ns3:TrackPointExtension>
        </extensions>
      </trkpt>
      <trkpt lat="30.93613366596400737762451171875" lon="120.04183623008430004119873046875">
        <ele>395</ele>
        <time>2026-05-30T03:56:50.000Z</time>
        <extensions>
          <ns3:TrackPointExtension>
            <ns3:hr>151</ns3:hr>
            <ns3:cad>59</ns3:cad>
          </ns3:TrackPointExtension>
        </extensions>
      </trkpt>
      <trkpt lat="30.936146490275859832763671875" lon="120.0418559275567531585693359375">
        <ele>394.79998779296875</ele>
        <time>2026-05-30T03:56:52.000Z</time>
        <extensions>
          <ns3:TrackPointExtension>
            <ns3:hr>150</ns3:hr>
            <ns3:cad>59</ns3:cad>
          </ns3:TrackPointExtension>
        </extensions>
      </trkpt>
      <trkpt lat="30.936182700097560882568359375" lon="120.04193530417978763580322265625">
        <ele>394.399993896484375</ele>
        <time>2026-05-30T03:56:57.000Z</time>
        <extensions>
          <ns3:TrackPointExtension>
            <ns3:hr>147</ns3:hr>
            <ns3:cad>51</ns3:cad>
          </ns3:TrackPointExtension>
        </extensions>
      </trkpt>
      <trkpt lat="30.9361671097576618194580078125" lon="120.04202499054372310638427734375">
        <ele>394.600006103515625</ele>
        <time>2026-05-30T03:57:03.000Z</time>
        <extensions>
          <ns3:TrackPointExtension>
            <ns3:hr>146</ns3:hr>
            <ns3:cad>65</ns3:cad>
          </ns3:TrackPointExtension>
        </extensions>
      </trkpt>
      <trkpt lat="30.9361483342945575714111328125" lon="120.04210889339447021484375">
        <ele>393.79998779296875</ele>
        <time>2026-05-30T03:57:07.000Z</time>
        <extensions>
          <ns3:TrackPointExtension>
            <ns3:hr>147</ns3:hr>
            <ns3:cad>64</ns3:cad>
          </ns3:TrackPointExtension>
        </extensions>
      </trkpt>
      <trkpt lat="30.93611153773963451385498046875" lon="120.0421761162579059600830078125">
        <ele>393</ele>
        <time>2026-05-30T03:57:09.000Z</time>
        <extensions>
          <ns3:TrackPointExtension>
            <ns3:hr>147</ns3:hr>
            <ns3:cad>64</ns3:cad>
          </ns3:TrackPointExtension>
        </extensions>
      </trkpt>
      <trkpt lat="30.936097204685211181640625" lon="120.042205117642879486083984375">
        <ele>392.79998779296875</ele>
        <time>2026-05-30T03:57:10.000Z</time>
        <extensions>
          <ns3:TrackPointExtension>
            <ns3:hr>148</ns3:hr>
            <ns3:cad>64</ns3:cad>
          </ns3:TrackPointExtension>
        </extensions>
      </trkpt>
      <trkpt lat="30.93607381917536258697509765625" lon="120.042260773479938507080078125">
        <ele>392.20001220703125</ele>
        <time>2026-05-30T03:57:13.000Z</time>
        <extensions>
          <ns3:TrackPointExtension>
            <ns3:hr>149</ns3:hr>
            <ns3:cad>64</ns3:cad>
          </ns3:TrackPointExtension>
        </extensions>
      </trkpt>
      <trkpt lat="30.936071388423442840576171875" lon="120.0422740168869495391845703125">
        <ele>391.600006103515625</ele>
        <time>2026-05-30T03:57:15.000Z</time>
        <extensions>
          <ns3:TrackPointExtension>
            <ns3:hr>149</ns3:hr>
            <ns3:cad>64</ns3:cad>
          </ns3:TrackPointExtension>
        </extensions>
      </trkpt>
      <trkpt lat="30.93607683666050434112548828125" lon="120.0422867573797702789306640625">
        <ele>391.20001220703125</ele>
        <time>2026-05-30T03:57:16.000Z</time>
        <extensions>
          <ns3:TrackPointExtension>
            <ns3:hr>149</ns3:hr>
            <ns3:cad>0</ns3:cad>
          </ns3:TrackPointExtension>
        </extensions>
      </trkpt>
      <trkpt lat="30.93607985414564609527587890625" lon="120.04229321144521236419677734375">
        <ele>390.600006103515625</ele>
        <time>2026-05-30T03:57:17.000Z</time>
        <extensions>
          <ns3:TrackPointExtension>
            <ns3:hr>149</ns3:hr>
            <ns3:cad>0</ns3:cad>
          </ns3:TrackPointExtension>
        </extensions>
      </trkpt>
      <trkpt lat="30.93608588911592960357666015625" lon="120.04230679012835025787353515625">
        <ele>390.20001220703125</ele>
        <time>2026-05-30T03:57:18.000Z</time>
        <extensions>
          <ns3:TrackPointExtension>
            <ns3:hr>151</ns3:hr>
            <ns3:cad>0</ns3:cad>
          </ns3:TrackPointExtension>
        </extensions>
      </trkpt>
      <trkpt lat="30.936093516647815704345703125" lon="120.042310059070587158203125">
        <ele>389</ele>
        <time>2026-05-30T03:57:21.000Z</time>
        <extensions>
          <ns3:TrackPointExtension>
            <ns3:hr>150</ns3:hr>
            <ns3:cad>0</ns3:cad>
          </ns3:TrackPointExtension>
        </extensions>
      </trkpt>
      <trkpt lat="30.93609661795198917388916015625" lon="120.04230578429996967315673828125">
        <ele>389</ele>
        <time>2026-05-30T03:57:22.000Z</time>
        <extensions>
          <ns3:TrackPointExtension>
            <ns3:hr>150</ns3:hr>
            <ns3:cad>0</ns3:cad>
          </ns3:TrackPointExtension>
        </extensions>
      </trkpt>
      <trkpt lat="30.9361127950251102447509765625" lon="120.042304694652557373046875">
        <ele>388.399993896484375</ele>
        <time>2026-05-30T03:57:28.000Z</time>
        <extensions>
          <ns3:TrackPointExtension>
            <ns3:hr>148</ns3:hr>
            <ns3:cad>0</ns3:cad>
          </ns3:TrackPointExtension>
        </extensions>
      </trkpt>
      <trkpt lat="30.93611396849155426025390625" lon="120.0423216260969638824462890625">
        <ele>388</ele>
        <time>2026-05-30T03:57:31.000Z</time>
        <extensions>
          <ns3:TrackPointExtension>
            <ns3:hr>146</ns3:hr>
            <ns3:cad>0</ns3:cad>
          </ns3:TrackPointExtension>
        </extensions>
      </trkpt>
      <trkpt lat="30.93611933290958404541015625" lon="120.04233512096107006072998046875">
        <ele>387.600006103515625</ele>
        <time>2026-05-30T03:57:33.000Z</time>
        <extensions>
          <ns3:TrackPointExtension>
            <ns3:hr>142</ns3:hr>
            <ns3:cad>53</ns3:cad>
          </ns3:TrackPointExtension>
        </extensions>
      </trkpt>
      <trkpt lat="30.936123691499233245849609375" lon="120.0423450954258441925048828125">
        <ele>387.399993896484375</ele>
        <time>2026-05-30T03:57:34.000Z</time>
        <extensions>
          <ns3:TrackPointExtension>
            <ns3:hr>140</ns3:hr>
            <ns3:cad>53</ns3:cad>
          </ns3:TrackPointExtension>
        </extensions>
      </trkpt>
      <trkpt lat="30.936128385365009307861328125" lon="120.042348615825176239013671875">
        <ele>386.79998779296875</ele>
        <time>2026-05-30T03:57:36.000Z</time>
        <extensions>
          <ns3:TrackPointExtension>
            <ns3:hr>140</ns3:hr>
            <ns3:cad>53</ns3:cad>
          </ns3:TrackPointExtension>
        </extensions>
      </trkpt>
      <trkpt lat="30.936126373708248138427734375" lon="120.04234668798744678497314453125">
        <ele>386.399993896484375</ele>
        <time>2026-05-30T03:57:39.000Z</time>
        <extensions>
          <ns3:TrackPointExtension>
            <ns3:hr>138</ns3:hr>
            <ns3:cad>0</ns3:cad>
          </ns3:TrackPointExtension>
        </extensions>
      </trkpt>
      <trkpt lat="30.9361345879733562469482421875" lon="120.04236026667058467864990234375">
        <ele>385.79998779296875</ele>
        <time>2026-05-30T03:57:43.000Z</time>
        <extensions>
          <ns3:TrackPointExtension>
            <ns3:hr>137</ns3:hr>
            <ns3:cad>0</ns3:cad>
          </ns3:TrackPointExtension>
        </extensions>
      </trkpt>
      <trkpt lat="30.936147160828113555908203125" lon="120.04238189198076725006103515625">
        <ele>385</ele>
        <time>2026-05-30T03:57:45.000Z</time>
        <extensions>
          <ns3:TrackPointExtension>
            <ns3:hr>136</ns3:hr>
            <ns3:cad>0</ns3:cad>
          </ns3:TrackPointExtension>
        </extensions>
      </trkpt>
      <trkpt lat="30.9361510165035724639892578125" lon="120.0423876754939556121826171875">
        <ele>384.600006103515625</ele>
        <time>2026-05-30T03:57:46.000Z</time>
        <extensions>
          <ns3:TrackPointExtension>
            <ns3:hr>135</ns3:hr>
            <ns3:cad>0</ns3:cad>
          </ns3:TrackPointExtension>
        </extensions>
      </trkpt>
      <trkpt lat="30.9361629188060760498046875" lon="120.042394213378429412841796875">
        <ele>383.20001220703125</ele>
        <time>2026-05-30T03:57:49.000Z</time>
        <extensions>
          <ns3:TrackPointExtension>
            <ns3:hr>134</ns3:hr>
            <ns3:cad>0</ns3:cad>
          </ns3:TrackPointExtension>
        </extensions>
      </trkpt>
      <trkpt lat="30.936166942119598388671875" lon="120.04239681176841259002685546875">
        <ele>382.79998779296875</ele>
        <time>2026-05-30T03:57:50.000Z</time>
        <extensions>
          <ns3:TrackPointExtension>
            <ns3:hr>134</ns3:hr>
            <ns3:cad>0</ns3:cad>
          </ns3:TrackPointExtension>
        </extensions>
      </trkpt>
      <trkpt lat="30.936190076172351837158203125" lon="120.04241055808961391448974609375">
        <ele>382.20001220703125</ele>
        <time>2026-05-30T03:57:55.000Z</time>
        <extensions>
          <ns3:TrackPointExtension>
            <ns3:hr>134</ns3:hr>
            <ns3:cad>0</ns3:cad>
          </ns3:TrackPointExtension>
        </extensions>
      </trkpt>
      <trkpt lat="30.9361919201910495758056640625" lon="120.04241659305989742279052734375">
        <ele>382.20001220703125</ele>
        <time>2026-05-30T03:57:57.000Z</time>
        <extensions>
          <ns3:TrackPointExtension>
            <ns3:hr>134</ns3:hr>
            <ns3:cad>0</ns3:cad>
          </ns3:TrackPointExtension>
        </extensions>
      </trkpt>
      <trkpt lat="30.9361925907433032989501953125" lon="120.042422376573085784912109375">
        <ele>382</ele>
        <time>2026-05-30T03:57:59.000Z</time>
        <extensions>
          <ns3:TrackPointExtension>
            <ns3:hr>133</ns3:hr>
            <ns3:cad>0</ns3:cad>
          </ns3:TrackPointExtension>
        </extensions>
      </trkpt>
      <trkpt lat="30.93619820661842823028564453125" lon="120.0424399785697460174560546875">
        <ele>381</ele>
        <time>2026-05-30T03:58:03.000Z</time>
        <extensions>
          <ns3:TrackPointExtension>
            <ns3:hr>134</ns3:hr>
            <ns3:cad>0</ns3:cad>
          </ns3:TrackPointExtension>
        </extensions>
      </trkpt>
      <trkpt lat="30.93619736842811107635498046875" lon="120.04243721254169940948486328125">
        <ele>380.600006103515625</ele>
        <time>2026-05-30T03:58:05.000Z</time>
        <extensions>
          <ns3:TrackPointExtension>
            <ns3:hr>133</ns3:hr>
            <ns3:cad>0</ns3:cad>
          </ns3:TrackPointExtension>
        </extensions>
      </trkpt>
      <trkpt lat="30.936196111142635345458984375" lon="120.04245146177709102630615234375">
        <ele>380</ele>
        <time>2026-05-30T03:58:09.000Z</time>
        <extensions>
          <ns3:TrackPointExtension>
            <ns3:hr>130</ns3:hr>
            <ns3:cad>0</ns3:cad>
          </ns3:TrackPointExtension>
        </extensions>
      </trkpt>
      <trkpt lat="30.9361977875232696533203125" lon="120.0424510426819324493408203125">
        <ele>379.79998779296875</ele>
        <time>2026-05-30T03:58:10.000Z</time>
        <extensions>
          <ns3:TrackPointExtension>
            <ns3:hr>129</ns3:hr>
            <ns3:cad>0</ns3:cad>
          </ns3:TrackPointExtension>
        </extensions>
      </trkpt>
      <trkpt lat="30.93621195293962955474853515625" lon="120.042462609708309173583984375">
        <ele>379.20001220703125</ele>
        <time>2026-05-30T03:58:16.000Z</time>
        <extensions>
          <ns3:TrackPointExtension>
            <ns3:hr>127</ns3:hr>
            <ns3:cad>68</ns3:cad>
          </ns3:TrackPointExtension>
        </extensions>
      </trkpt>
      <trkpt lat="30.9362180717289447784423828125" lon="120.0424647890031337738037109375">
        <ele>378.79998779296875</ele>
        <time>2026-05-30T03:58:18.000Z</time>
        <extensions>
          <ns3:TrackPointExtension>
            <ns3:hr>127</ns3:hr>
            <ns3:cad>0</ns3:cad>
          </ns3:TrackPointExtension>
        </extensions>
      </trkpt>
      <trkpt lat="30.93622536398470401763916015625" lon="120.0424725003540515899658203125">
        <ele>377.79998779296875</ele>
        <time>2026-05-30T03:58:21.000Z</time>
        <extensions>
          <ns3:TrackPointExtension>
            <ns3:hr>125</ns3:hr>
            <ns3:cad>0</ns3:cad>
          </ns3:TrackPointExtension>
        </extensions>
      </trkpt>
      <trkpt lat="30.936226956546306610107421875" lon="120.04247434437274932861328125">
        <ele>377.600006103515625</ele>
        <time>2026-05-30T03:58:22.000Z</time>
        <extensions>
          <ns3:TrackPointExtension>
            <ns3:hr>124</ns3:hr>
            <ns3:cad>0</ns3:cad>
          </ns3:TrackPointExtension>
        </extensions>
      </trkpt>
      <trkpt lat="30.936227627098560333251953125" lon="120.04247291944921016693115234375">
        <ele>377.20001220703125</ele>
        <time>2026-05-30T03:58:25.000Z</time>
        <extensions>
          <ns3:TrackPointExtension>
            <ns3:hr>127</ns3:hr>
            <ns3:cad>0</ns3:cad>
          </ns3:TrackPointExtension>
        </extensions>
      </trkpt>
      <trkpt lat="30.9362284652888774871826171875" lon="120.04247367382049560546875">
        <ele>376.79998779296875</ele>
        <time>2026-05-30T03:58:30.000Z</time>
        <extensions>
          <ns3:TrackPointExtension>
            <ns3:hr>127</ns3:hr>
            <ns3:cad>0</ns3:cad>
          </ns3:TrackPointExtension>
        </extensions>
      </trkpt>
      <trkpt lat="30.93623374588787555694580078125" lon="120.0424857437610626220703125">
        <ele>376.600006103515625</ele>
        <time>2026-05-30T03:58:37.000Z</time>
        <extensions>
          <ns3:TrackPointExtension>
            <ns3:hr>127</ns3:hr>
            <ns3:cad>0</ns3:cad>
          </ns3:TrackPointExtension>
        </extensions>
      </trkpt>
      <trkpt lat="30.9362358413636684417724609375" lon="120.04248431883752346038818359375">
        <ele>376.600006103515625</ele>
        <time>2026-05-30T03:58:39.000Z</time>
        <extensions>
          <ns3:TrackPointExtension>
            <ns3:hr>129</ns3:hr>
            <ns3:cad>0</ns3:cad>
          </ns3:TrackPointExtension>
        </extensions>
      </trkpt>
      <trkpt lat="30.93623827211558818817138671875" lon="120.042484737932682037353515625">
        <ele>376.20001220703125</ele>
        <time>2026-05-30T03:58:42.000Z</time>
        <extensions>
          <ns3:TrackPointExtension>
            <ns3:hr>127</ns3:hr>
            <ns3:cad>0</ns3:cad>
          </ns3:TrackPointExtension>
        </extensions>
      </trkpt>
      <trkpt lat="30.93624196015298366546630859375" lon="120.04248817451298236846923828125">
        <ele>375.600006103515625</ele>
        <time>2026-05-30T03:58:45.000Z</time>
        <extensions>
          <ns3:TrackPointExtension>
            <ns3:hr>124</ns3:hr>
            <ns3:cad>0</ns3:cad>
          </ns3:TrackPointExtension>
        </extensions>
      </trkpt>
      <trkpt lat="30.93624196015298366546630859375" lon="120.04249555058777332305908203125">
        <ele>375.399993896484375</ele>
        <time>2026-05-30T03:58:47.000Z</time>
        <extensions>
          <ns3:TrackPointExtension>
            <ns3:hr>124</ns3:hr>
            <ns3:cad>0</ns3:cad>
          </ns3:TrackPointExtension>
        </extensions>
      </trkpt>
      <trkpt lat="30.936247073113918304443359375" lon="120.0425093807280063629150390625">
        <ele>374.600006103515625</ele>
        <time>2026-05-30T03:58:51.000Z</time>
        <extensions>
          <ns3:TrackPointExtension>
            <ns3:hr>124</ns3:hr>
            <ns3:cad>75</ns3:cad>
          </ns3:TrackPointExtension>
        </extensions>
      </trkpt>
      <trkpt lat="30.9362495876848697662353515625" lon="120.0425107218325138092041015625">
        <ele>374.399993896484375</ele>
        <time>2026-05-30T03:58:52.000Z</time>
        <extensions>
          <ns3:TrackPointExtension>
            <ns3:hr>123</ns3:hr>
            <ns3:cad>75</ns3:cad>
          </ns3:TrackPointExtension>
        </extensions>
      </trkpt>
      <trkpt lat="30.93627045862376689910888671875" lon="120.04252731800079345703125">
        <ele>373.399993896484375</ele>
        <time>2026-05-30T03:58:58.000Z</time>
        <extensions>
          <ns3:TrackPointExtension>
            <ns3:hr>123</ns3:hr>
            <ns3:cad>0</ns3:cad>
          </ns3:TrackPointExtension>
        </extensions>
      </trkpt>
      <trkpt lat="30.9362814389169216156005859375" lon="120.04253645427525043487548828125">
        <ele>373.20001220703125</ele>
        <time>2026-05-30T03:59:00.000Z</time>
        <extensions>
          <ns3:TrackPointExtension>
            <ns3:hr>122</ns3:hr>
            <ns3:cad>0</ns3:cad>
          </ns3:TrackPointExtension>
        </extensions>
      </trkpt>
      <trkpt lat="30.936282612383365631103515625" lon="120.042541734874248504638671875">
        <ele>372.20001220703125</ele>
        <time>2026-05-30T03:59:04.000Z</time>
        <extensions>
          <ns3:TrackPointExtension>
            <ns3:hr>121</ns3:hr>
            <ns3:cad>0</ns3:cad>
          </ns3:TrackPointExtension>
        </extensions>
      </trkpt>
      <trkpt lat="30.9362889826297760009765625" lon="120.0425419025123119354248046875">
        <ele>372.20001220703125</ele>
        <time>2026-05-30T03:59:06.000Z</time>
        <extensions>
          <ns3:TrackPointExtension>
            <ns3:hr>120</ns3:hr>
            <ns3:cad>0</ns3:cad>
          </ns3:TrackPointExtension>
        </extensions>
      </trkpt>
      <trkpt lat="30.93629057519137859344482421875" lon="120.04255212843418121337890625">
        <ele>371.600006103515625</ele>
        <time>2026-05-30T03:59:10.000Z</time>
        <extensions>
          <ns3:TrackPointExtension>
            <ns3:hr>119</ns3:hr>
            <ns3:cad>0</ns3:cad>
          </ns3:TrackPointExtension>
        </extensions>
      </trkpt>
      <trkpt lat="30.93628621660172939300537109375" lon="120.04255858249962329864501953125">
        <ele>371</ele>
        <time>2026-05-30T03:59:13.000Z</time>
        <extensions>
          <ns3:TrackPointExtension>
            <ns3:hr>120</ns3:hr>
            <ns3:cad>0</ns3:cad>
          </ns3:TrackPointExtension>
        </extensions>
      </trkpt>
      <trkpt lat="30.936292000114917755126953125" lon="120.0425608456134796142578125">
        <ele>370.600006103515625</ele>
        <time>2026-05-30T03:59:17.000Z</time>
        <extensions>
          <ns3:TrackPointExtension>
            <ns3:hr>120</ns3:hr>
            <ns3:cad>0</ns3:cad>
          </ns3:TrackPointExtension>
        </extensions>
      </trkpt>
      <trkpt lat="30.93629107810556888580322265625" lon="120.042568556964397430419921875">
        <ele>370</ele>
        <time>2026-05-30T03:59:22.000Z</time>
        <extensions>
          <ns3:TrackPointExtension>
            <ns3:hr>123</ns3:hr>
            <ns3:cad>0</ns3:cad>
          </ns3:TrackPointExtension>
        </extensions>
      </trkpt>
      <trkpt lat="30.936292670667171478271484375" lon="120.04257400520145893096923828125">
        <ele>370</ele>
        <time>2026-05-30T03:59:23.000Z</time>
        <extensions>
          <ns3:TrackPointExtension>
            <ns3:hr>123</ns3:hr>
            <ns3:cad>0</ns3:cad>
          </ns3:TrackPointExtension>
        </extensions>
      </trkpt>
      <trkpt lat="30.9362970292568206787109375" lon="120.042577274143695831298828125">
        <ele>369.600006103515625</ele>
        <time>2026-05-30T03:59:25.000Z</time>
        <extensions>
          <ns3:TrackPointExtension>
            <ns3:hr>120</ns3:hr>
            <ns3:cad>0</ns3:cad>
          </ns3:TrackPointExtension>
        </extensions>
      </trkpt>
      <trkpt lat="30.93630314804613590240478515625" lon="120.0425797887146472930908203125">
        <ele>369.20001220703125</ele>
        <time>2026-05-30T03:59:27.000Z</time>
        <extensions>
          <ns3:TrackPointExtension>
            <ns3:hr>117</ns3:hr>
            <ns3:cad>0</ns3:cad>
          </ns3:TrackPointExtension>
        </extensions>
      </trkpt>
      <trkpt lat="30.93630599789321422576904296875" lon="120.0425804592669010162353515625">
        <ele>369.20001220703125</ele>
        <time>2026-05-30T03:59:28.000Z</time>
        <extensions>
          <ns3:TrackPointExtension>
            <ns3:hr>117</ns3:hr>
            <ns3:cad>0</ns3:cad>
          </ns3:TrackPointExtension>
        </extensions>
      </trkpt>
      <trkpt lat="30.9363049082458019256591796875" lon="120.0425794534385204315185546875">
        <ele>368.79998779296875</ele>
        <time>2026-05-30T03:59:31.000Z</time>
        <extensions>
          <ns3:TrackPointExtension>
            <ns3:hr>117</ns3:hr>
            <ns3:cad>0</ns3:cad>
          </ns3:TrackPointExtension>
        </extensions>
      </trkpt>
      <trkpt lat="30.936314128339290618896484375" lon="120.0425905175507068634033203125">
        <ele>368</ele>
        <time>2026-05-30T03:59:34.000Z</time>
        <extensions>
          <ns3:TrackPointExtension>
            <ns3:hr>117</ns3:hr>
            <ns3:cad>0</ns3:cad>
          </ns3:TrackPointExtension>
        </extensions>
      </trkpt>
      <trkpt lat="30.93632041476666927337646484375" lon="120.0425952114164829254150390625">
        <ele>367.600006103515625</ele>
        <time>2026-05-30T03:59:36.000Z</time>
        <extensions>
          <ns3:TrackPointExtension>
            <ns3:hr>117</ns3:hr>
            <ns3:cad>0</ns3:cad>
          </ns3:TrackPointExtension>
        </extensions>
      </trkpt>
      <trkpt lat="30.93633768148720264434814453125" lon="120.0426082871854305267333984375">
        <ele>367</ele>
        <time>2026-05-30T03:59:41.000Z</time>
        <extensions>
          <ns3:TrackPointExtension>
            <ns3:hr>116</ns3:hr>
            <ns3:cad>0</ns3:cad>
          </ns3:TrackPointExtension>
        </extensions>
      </trkpt>
      <trkpt lat="30.93633986078202724456787109375" lon="120.0425999052822589874267578125">
        <ele>366.399993896484375</ele>
        <time>2026-05-30T03:59:44.000Z</time>
        <extensions>
          <ns3:TrackPointExtension>
            <ns3:hr>116</ns3:hr>
            <ns3:cad>0</ns3:cad>
          </ns3:TrackPointExtension>
        </extensions>
      </trkpt>
      <trkpt lat="30.936349332332611083984375" lon="120.0425942055881023406982421875">
        <ele>365.79998779296875</ele>
        <time>2026-05-30T03:59:47.000Z</time>
        <extensions>
          <ns3:TrackPointExtension>
            <ns3:hr>117</ns3:hr>
            <ns3:cad>0</ns3:cad>
          </ns3:TrackPointExtension>
        </extensions>
      </trkpt>
      <trkpt lat="30.93637674115598201751708984375" lon="120.042604766786098480224609375">
        <ele>365</ele>
        <time>2026-05-30T03:59:50.000Z</time>
        <extensions>
          <ns3:TrackPointExtension>
            <ns3:hr>120</ns3:hr>
            <ns3:cad>0</ns3:cad>
          </ns3:TrackPointExtension>
        </extensions>
      </trkpt>
      <trkpt lat="30.936385206878185272216796875" lon="120.0426273979246616363525390625">
        <ele>364</ele>
        <time>2026-05-30T03:59:52.000Z</time>
        <extensions>
          <ns3:TrackPointExtension>
            <ns3:hr>121</ns3:hr>
            <ns3:cad>0</ns3:cad>
          </ns3:TrackPointExtension>
        </extensions>
      </trkpt>
      <trkpt lat="30.93639828264713287353515625" lon="120.0426501967012882232666015625">
        <ele>362.600006103515625</ele>
        <time>2026-05-30T03:59:54.000Z</time>
        <extensions>
          <ns3:TrackPointExtension>
            <ns3:hr>121</ns3:hr>
            <ns3:cad>0</ns3:cad>
          </ns3:TrackPointExtension>
        </extensions>
      </trkpt>
      <trkpt lat="30.93641747720539569854736328125" lon="120.0426847301423549652099609375">
        <ele>361.399993896484375</ele>
        <time>2026-05-30T03:59:56.000Z</time>
        <extensions>
          <ns3:TrackPointExtension>
            <ns3:hr>122</ns3:hr>
            <ns3:cad>0</ns3:cad>
          </ns3:TrackPointExtension>
        </extensions>
      </trkpt>
      <trkpt lat="30.93645184300839900970458984375" lon="120.04273795522749423980712890625">
        <ele>359.79998779296875</ele>
        <time>2026-05-30T03:59:58.000Z</time>
        <extensions>
          <ns3:TrackPointExtension>
            <ns3:hr>122</ns3:hr>
            <ns3:cad>0</ns3:cad>
          </ns3:TrackPointExtension>
        </extensions>
      </trkpt>
      <trkpt lat="30.93649475835263729095458984375" lon="120.04279243759810924530029296875">
        <ele>358.20001220703125</ele>
        <time>2026-05-30T04:00:00.000Z</time>
        <extensions>
          <ns3:TrackPointExtension>
            <ns3:hr>123</ns3:hr>
            <ns3:cad>0</ns3:cad>
          </ns3:TrackPointExtension>
        </extensions>
      </trkpt>
      <trkpt lat="30.936534069478511810302734375" lon="120.0428406335413455963134765625">
        <ele>357</ele>
        <time>2026-05-30T04:00:02.000Z</time>
        <extensions>
          <ns3:TrackPointExtension>
            <ns3:hr>125</ns3:hr>
            <ns3:cad>0</ns3:cad>
          </ns3:TrackPointExtension>
        </extensions>
      </trkpt>
      <trkpt lat="30.93655628152191638946533203125" lon="120.04286737181246280670166015625">
        <ele>356.600006103515625</ele>
        <time>2026-05-30T04:00:03.000Z</time>
        <extensions>
          <ns3:TrackPointExtension>
            <ns3:hr>127</ns3:hr>
            <ns3:cad>0</ns3:cad>
          </ns3:TrackPointExtension>
        </extensions>
      </trkpt>
      <trkpt lat="30.93660120852291584014892578125" lon="120.04292906261980533599853515625">
        <ele>355.79998779296875</ele>
        <time>2026-05-30T04:00:05.000Z</time>
        <extensions>
          <ns3:TrackPointExtension>
            <ns3:hr>132</ns3:hr>
            <ns3:cad>0</ns3:cad>
          </ns3:TrackPointExtension>
        </extensions>
      </trkpt>
      <trkpt lat="30.93666759319603443145751953125" lon="120.0430381111800670623779296875">
        <ele>354.79998779296875</ele>
        <time>2026-05-30T04:00:09.000Z</time>
        <extensions>
          <ns3:TrackPointExtension>
            <ns3:hr>134</ns3:hr>
            <ns3:cad>0</ns3:cad>
          </ns3:TrackPointExtension>
        </extensions>
      </trkpt>
      <trkpt lat="30.936695672571659088134765625" lon="120.043111704289913177490234375">
        <ele>354.600006103515625</ele>
        <time>2026-05-30T04:00:12.000Z</time>
        <extensions>
          <ns3:TrackPointExtension>
            <ns3:hr>136</ns3:hr>
            <ns3:cad>86</ns3:cad>
          </ns3:TrackPointExtension>
        </extensions>
      </trkpt>
      <trkpt lat="30.93672710470855236053466796875" lon="120.04318521358072757720947265625">
        <ele>354</ele>
        <time>2026-05-30T04:00:14.000Z</time>
        <extensions>
          <ns3:TrackPointExtension>
            <ns3:hr>137</ns3:hr>
            <ns3:cad>86</ns3:cad>
          </ns3:TrackPointExtension>
        </extensions>
      </trkpt>
      <trkpt lat="30.9367464669048786163330078125" lon="120.0432225130498409271240234375">
        <ele>353.600006103515625</ele>
        <time>2026-05-30T04:00:15.000Z</time>
        <extensions>
          <ns3:TrackPointExtension>
            <ns3:hr>137</ns3:hr>
            <ns3:cad>86</ns3:cad>
          </ns3:TrackPointExtension>
        </extensions>
      </trkpt>
      <trkpt lat="30.93677370809018611907958984375" lon="120.04330239258706569671630859375">
        <ele>353.20001220703125</ele>
        <time>2026-05-30T04:00:17.000Z</time>
        <extensions>
          <ns3:TrackPointExtension>
            <ns3:hr>141</ns3:hr>
            <ns3:cad>86</ns3:cad>
          </ns3:TrackPointExtension>
        </extensions>
      </trkpt>
      <trkpt lat="30.93679181300103664398193359375" lon="120.04337598569691181182861328125">
        <ele>353</ele>
        <time>2026-05-30T04:00:19.000Z</time>
        <extensions>
          <ns3:TrackPointExtension>
            <ns3:hr>144</ns3:hr>
            <ns3:cad>86</ns3:cad>
          </ns3:TrackPointExtension>
        </extensions>
      </trkpt>
      <trkpt lat="30.93684294261038303375244140625" lon="120.04355049692094326019287109375">
        <ele>352.399993896484375</ele>
        <time>2026-05-30T04:00:24.000Z</time>
        <extensions>
          <ns3:TrackPointExtension>
            <ns3:hr>146</ns3:hr>
            <ns3:cad>83</ns3:cad>
          </ns3:TrackPointExtension>
        </extensions>
      </trkpt>
      <trkpt lat="30.936848558485507965087890625" lon="120.04358134232461452484130859375">
        <ele>352.20001220703125</ele>
        <time>2026-05-30T04:00:25.000Z</time>
        <extensions>
          <ns3:TrackPointExtension>
            <ns3:hr>146</ns3:hr>
            <ns3:cad>82</ns3:cad>
          </ns3:TrackPointExtension>
        </extensions>
      </trkpt>
      <trkpt lat="30.9368524141609668731689453125" lon="120.043683685362339019775390625">
        <ele>351.600006103515625</ele>
        <time>2026-05-30T04:00:28.000Z</time>
        <extensions>
          <ns3:TrackPointExtension>
            <ns3:hr>149</ns3:hr>
            <ns3:cad>82</ns3:cad>
          </ns3:TrackPointExtension>
        </extensions>
      </trkpt>
      <trkpt lat="30.93684948049485683441162109375" lon="120.04375065676867961883544921875">
        <ele>351.600006103515625</ele>
        <time>2026-05-30T04:00:30.000Z</time>
        <extensions>
          <ns3:TrackPointExtension>
            <ns3:hr>151</ns3:hr>
            <ns3:cad>83</ns3:cad>
          </ns3:TrackPointExtension>
        </extensions>
      </trkpt>
      <trkpt lat="30.93683070503175258636474609375" lon="120.043877474963665008544921875">
        <ele>352</ele>
        <time>2026-05-30T04:00:34.000Z</time>
        <extensions>
          <ns3:TrackPointExtension>
            <ns3:hr>154</ns3:hr>
            <ns3:cad>83</ns3:cad>
          </ns3:TrackPointExtension>
        </extensions>
      </trkpt>
      <trkpt lat="30.93682534061372280120849609375" lon="120.04390002228319644927978515625">
        <ele>352</ele>
        <time>2026-05-30T04:00:35.000Z</time>
        <extensions>
          <ns3:TrackPointExtension>
            <ns3:hr>154</ns3:hr>
            <ns3:cad>81</ns3:cad>
          </ns3:TrackPointExtension>
        </extensions>
      </trkpt>
      <trkpt lat="30.9368205629289150238037109375" lon="120.043992139399051666259765625">
        <ele>351.79998779296875</ele>
        <time>2026-05-30T04:00:41.000Z</time>
        <extensions>
          <ns3:TrackPointExtension>
            <ns3:hr>157</ns3:hr>
            <ns3:cad>82</ns3:cad>
          </ns3:TrackPointExtension>
        </extensions>
      </trkpt>
      <trkpt lat="30.9368383325636386871337890625" lon="120.04407017491757869720458984375">
        <ele>351.20001220703125</ele>
        <time>2026-05-30T04:00:47.000Z</time>
        <extensions>
          <ns3:TrackPointExtension>
            <ns3:hr>155</ns3:hr>
            <ns3:cad>0</ns3:cad>
          </ns3:TrackPointExtension>
        </extensions>
      </trkpt>
      <trkpt lat="30.93684411607682704925537109375" lon="120.0440816581249237060546875">
        <ele>351.20001220703125</ele>
        <time>2026-05-30T04:00:48.000Z</time>
        <extensions>
          <ns3:TrackPointExtension>
            <ns3:hr>155</ns3:hr>
            <ns3:cad>0</ns3:cad>
          </ns3:TrackPointExtension>
        </extensions>
      </trkpt>
      <trkpt lat="30.93685719184577465057373046875" lon="120.0441136769950389862060546875">
        <ele>351</ele>
        <time>2026-05-30T04:00:51.000Z</time>
        <extensions>
          <ns3:TrackPointExtension>
            <ns3:hr>152</ns3:hr>
            <ns3:cad>65</ns3:cad>
          </ns3:TrackPointExtension>
        </extensions>
      </trkpt>
      <trkpt lat="30.93686230480670928955078125" lon="120.04413035698235034942626953125">
        <ele>350.79998779296875</ele>
        <time>2026-05-30T04:00:53.000Z</time>
        <extensions>
          <ns3:TrackPointExtension>
            <ns3:hr>152</ns3:hr>
            <ns3:cad>65</ns3:cad>
          </ns3:TrackPointExtension>
        </extensions>
      </trkpt>
      <trkpt lat="30.936864651739597320556640625" lon="120.0441532395780086517333984375">
        <ele>350.20001220703125</ele>
        <time>2026-05-30T04:00:57.000Z</time>
        <extensions>
          <ns3:TrackPointExtension>
            <ns3:hr>150</ns3:hr>
            <ns3:cad>62</ns3:cad>
          </ns3:TrackPointExtension>
        </extensions>
      </trkpt>
      <trkpt lat="30.93685719184577465057373046875" lon="120.04421937279403209686279296875">
        <ele>349.600006103515625</ele>
        <time>2026-05-30T04:01:01.000Z</time>
        <extensions>
          <ns3:TrackPointExtension>
            <ns3:hr>148</ns3:hr>
            <ns3:cad>70</ns3:cad>
          </ns3:TrackPointExtension>
        </extensions>
      </trkpt>
      <trkpt lat="30.93685233034193515777587890625" lon="120.04427989013493061065673828125">
        <ele>349.20001220703125</ele>
        <time>2026-05-30T04:01:04.000Z</time>
        <extensions>
          <ns3:TrackPointExtension>
            <ns3:hr>145</ns3:hr>
            <ns3:cad>0</ns3:cad>
          </ns3:TrackPointExtension>
        </extensions>
      </trkpt>
      <trkpt lat="30.93684713356196880340576171875" lon="120.04430830478668212890625">
        <ele>349</ele>
        <time>2026-05-30T04:01:05.000Z</time>
        <extensions>
          <ns3:TrackPointExtension>
            <ns3:hr>144</ns3:hr>
            <ns3:cad>0</ns3:cad>
          </ns3:TrackPointExtension>
        </extensions>
      </trkpt>
      <trkpt lat="30.9368403442203998565673828125" lon="120.04436018876731395721435546875">
        <ele>348.399993896484375</ele>
        <time>2026-05-30T04:01:07.000Z</time>
        <extensions>
          <ns3:TrackPointExtension>
            <ns3:hr>142</ns3:hr>
            <ns3:cad>73</ns3:cad>
          </ns3:TrackPointExtension>
        </extensions>
      </trkpt>
      <trkpt lat="30.9368339739739894866943359375" lon="120.04440511576831340789794921875">
        <ele>347.79998779296875</ele>
        <time>2026-05-30T04:01:09.000Z</time>
        <extensions>
          <ns3:TrackPointExtension>
            <ns3:hr>143</ns3:hr>
            <ns3:cad>73</ns3:cad>
          </ns3:TrackPointExtension>
        </extensions>
      </trkpt>
      <trkpt lat="30.9368178807199001312255859375" lon="120.04450050182640552520751953125">
        <ele>346.600006103515625</ele>
        <time>2026-05-30T04:01:14.000Z</time>
        <extensions>
          <ns3:TrackPointExtension>
            <ns3:hr>142</ns3:hr>
            <ns3:cad>73</ns3:cad>
          </ns3:TrackPointExtension>
        </extensions>
      </trkpt>
      <trkpt lat="30.93679583631455898284912109375" lon="120.0445686466991901397705078125">
        <ele>345.600006103515625</ele>
        <time>2026-05-30T04:01:18.000Z</time>
        <extensions>
          <ns3:TrackPointExtension>
            <ns3:hr>141</ns3:hr>
            <ns3:cad>73</ns3:cad>
          </ns3:TrackPointExtension>
        </extensions>
      </trkpt>
      <trkpt lat="30.93678359873592853546142578125" lon="120.04462840966880321502685546875">
        <ele>344.399993896484375</ele>
        <time>2026-05-30T04:01:21.000Z</time>
        <extensions>
          <ns3:TrackPointExtension>
            <ns3:hr>140</ns3:hr>
            <ns3:cad>73</ns3:cad>
          </ns3:TrackPointExtension>
        </extensions>
      </trkpt>
      <trkpt lat="30.93677018769085407257080078125" lon="120.04469546489417552947998046875">
        <ele>343.20001220703125</ele>
        <time>2026-05-30T04:01:24.000Z</time>
        <extensions>
          <ns3:TrackPointExtension>
            <ns3:hr>139</ns3:hr>
            <ns3:cad>73</ns3:cad>
          </ns3:TrackPointExtension>
        </extensions>
      </trkpt>
      <trkpt lat="30.93674831092357635498046875" lon="120.04475732333958148956298828125">
        <ele>342</ele>
        <time>2026-05-30T04:01:27.000Z</time>
        <extensions>
          <ns3:TrackPointExtension>
            <ns3:hr>139</ns3:hr>
            <ns3:cad>73</ns3:cad>
          </ns3:TrackPointExtension>
        </extensions>
      </trkpt>
      <trkpt lat="30.93674294650554656982421875" lon="120.0447736680507659912109375">
        <ele>341.600006103515625</ele>
        <time>2026-05-30T04:01:28.000Z</time>
        <extensions>
          <ns3:TrackPointExtension>
            <ns3:hr>139</ns3:hr>
            <ns3:cad>73</ns3:cad>
          </ns3:TrackPointExtension>
        </extensions>
      </trkpt>
      <trkpt lat="30.9367337264120578765869140625" lon="120.04481549374759197235107421875">
        <ele>340.79998779296875</ele>
        <time>2026-05-30T04:01:30.000Z</time>
        <extensions>
          <ns3:TrackPointExtension>
            <ns3:hr>140</ns3:hr>
            <ns3:cad>73</ns3:cad>
          </ns3:TrackPointExtension>
        </extensions>
      </trkpt>
      <trkpt lat="30.9367330558598041534423828125" lon="120.044844411313533782958984375">
        <ele>339.600006103515625</ele>
        <time>2026-05-30T04:01:33.000Z</time>
        <extensions>
          <ns3:TrackPointExtension>
            <ns3:hr>143</ns3:hr>
            <ns3:cad>73</ns3:cad>
          </ns3:TrackPointExtension>
        </extensions>
      </trkpt>
      <trkpt lat="30.9367275238037109375" lon="120.044877938926219940185546875">
        <ele>338.600006103515625</ele>
        <time>2026-05-30T04:01:36.000Z</time>
        <extensions>
          <ns3:TrackPointExtension>
            <ns3:hr>144</ns3:hr>
            <ns3:cad>0</ns3:cad>
          </ns3:TrackPointExtension>
        </extensions>
      </trkpt>
      <trkpt lat="30.93671067617833614349365234375" lon="120.044930912554264068603515625">
        <ele>337.399993896484375</ele>
        <time>2026-05-30T04:01:39.000Z</time>
        <extensions>
          <ns3:TrackPointExtension>
            <ns3:hr>144</ns3:hr>
            <ns3:cad>0</ns3:cad>
          </ns3:TrackPointExtension>
        </extensions>
      </trkpt>
      <trkpt lat="30.93668930232524871826171875" lon="120.044971145689487457275390625">
        <ele>336.20001220703125</ele>
        <time>2026-05-30T04:01:41.000Z</time>
        <extensions>
          <ns3:TrackPointExtension>
            <ns3:hr>145</ns3:hr>
            <ns3:cad>0</ns3:cad>
          </ns3:TrackPointExtension>
        </extensions>
      </trkpt>
      <trkpt lat="30.93667597509920597076416015625" lon="120.04499754868447780609130859375">
        <ele>335.399993896484375</ele>
        <time>2026-05-30T04:01:43.000Z</time>
        <extensions>
          <ns3:TrackPointExtension>
            <ns3:hr>145</ns3:hr>
            <ns3:cad>0</ns3:cad>
          </ns3:TrackPointExtension>
        </extensions>
      </trkpt>
      <trkpt lat="30.93666893430054187774658203125" lon="120.045013725757598876953125">
        <ele>335</ele>
        <time>2026-05-30T04:01:44.000Z</time>
        <extensions>
          <ns3:TrackPointExtension>
            <ns3:hr>145</ns3:hr>
            <ns3:cad>0</ns3:cad>
          </ns3:TrackPointExtension>
        </extensions>
      </trkpt>
      <trkpt lat="30.93665032647550106048583984375" lon="120.0450472533702850341796875">
        <ele>333.79998779296875</ele>
        <time>2026-05-30T04:01:47.000Z</time>
        <extensions>
          <ns3:TrackPointExtension>
            <ns3:hr>146</ns3:hr>
            <ns3:cad>0</ns3:cad>
          </ns3:TrackPointExtension>
        </extensions>
      </trkpt>
      <trkpt lat="30.9366388432681560516357421875" lon="120.0450861454010009765625">
        <ele>332.79998779296875</ele>
        <time>2026-05-30T04:01:49.000Z</time>
        <extensions>
          <ns3:TrackPointExtension>
            <ns3:hr>146</ns3:hr>
            <ns3:cad>0</ns3:cad>
          </ns3:TrackPointExtension>
        </extensions>
      </trkpt>
      <trkpt lat="30.9366291202604770660400390625" lon="120.04509746097028255462646484375">
        <ele>332.399993896484375</ele>
        <time>2026-05-30T04:01:50.000Z</time>
        <extensions>
          <ns3:TrackPointExtension>
            <ns3:hr>147</ns3:hr>
            <ns3:cad>0</ns3:cad>
          </ns3:TrackPointExtension>
        </extensions>
      </trkpt>
      <trkpt lat="30.93659500591456890106201171875" lon="120.04513283260166645050048828125">
        <ele>331.20001220703125</ele>
        <time>2026-05-30T04:01:53.000Z</time>
        <extensions>
          <ns3:TrackPointExtension>
            <ns3:hr>146</ns3:hr>
            <ns3:cad>0</ns3:cad>
          </ns3:TrackPointExtension>
        </extensions>
      </trkpt>
      <trkpt lat="30.9365912340581417083740234375" lon="120.0451429747045040130615234375">
        <ele>331</ele>
        <time>2026-05-30T04:01:54.000Z</time>
        <extensions>
          <ns3:TrackPointExtension>
            <ns3:hr>146</ns3:hr>
            <ns3:cad>0</ns3:cad>
          </ns3:TrackPointExtension>
        </extensions>
      </trkpt>
      <trkpt lat="30.93657740391790866851806640625" lon="120.0451828725636005401611328125">
        <ele>330</ele>
        <time>2026-05-30T04:01:57.000Z</time>
        <extensions>
          <ns3:TrackPointExtension>
            <ns3:hr>147</ns3:hr>
            <ns3:cad>0</ns3:cad>
          </ns3:TrackPointExtension>
        </extensions>
      </trkpt>
      <trkpt lat="30.9365459717810153961181640625" lon="120.045229978859424591064453125">
        <ele>328.399993896484375</ele>
        <time>2026-05-30T04:02:00.000Z</time>
        <extensions>
          <ns3:TrackPointExtension>
            <ns3:hr>147</ns3:hr>
            <ns3:cad>0</ns3:cad>
          </ns3:TrackPointExtension>
        </extensions>
      </trkpt>
      <trkpt lat="30.9365198202431201934814453125" lon="120.0452537834644317626953125">
        <ele>327.20001220703125</ele>
        <time>2026-05-30T04:02:03.000Z</time>
        <extensions>
          <ns3:TrackPointExtension>
            <ns3:hr>147</ns3:hr>
            <ns3:cad>0</ns3:cad>
          </ns3:TrackPointExtension>
        </extensions>
      </trkpt>
      <trkpt lat="30.9365174733102321624755859375" lon="120.04526124335825443267822265625">
        <ele>326.79998779296875</ele>
        <time>2026-05-30T04:02:04.000Z</time>
        <extensions>
          <ns3:TrackPointExtension>
            <ns3:hr>147</ns3:hr>
            <ns3:cad>0</ns3:cad>
          </ns3:TrackPointExtension>
        </extensions>
      </trkpt>
      <trkpt lat="30.93651135452091693878173828125" lon="120.0452784262597560882568359375">
        <ele>326.20001220703125</ele>
        <time>2026-05-30T04:02:06.000Z</time>
        <extensions>
          <ns3:TrackPointExtension>
            <ns3:hr>148</ns3:hr>
            <ns3:cad>0</ns3:cad>
          </ns3:TrackPointExtension>
        </extensions>
      </trkpt>
      <trkpt lat="30.936504565179347991943359375" lon="120.04528932273387908935546875">
        <ele>326</ele>
        <time>2026-05-30T04:02:07.000Z</time>
        <extensions>
          <ns3:TrackPointExtension>
            <ns3:hr>148</ns3:hr>
            <ns3:cad>0</ns3:cad>
          </ns3:TrackPointExtension>
        </extensions>
      </trkpt>
      <trkpt lat="30.9364993683993816375732421875" lon="120.04530549980700016021728515625">
        <ele>325.20001220703125</ele>
        <time>2026-05-30T04:02:10.000Z</time>
        <extensions>
          <ns3:TrackPointExtension>
            <ns3:hr>147</ns3:hr>
            <ns3:cad>64</ns3:cad>
          </ns3:TrackPointExtension>
        </extensions>
      </trkpt>
      <trkpt lat="30.93649744056165218353271484375" lon="120.04532444290816783905029296875">
        <ele>324.79998779296875</ele>
        <time>2026-05-30T04:02:12.000Z</time>
        <extensions>
          <ns3:TrackPointExtension>
            <ns3:hr>146</ns3:hr>
            <ns3:cad>64</ns3:cad>
          </ns3:TrackPointExtension>
        </extensions>
      </trkpt>
      <trkpt lat="30.93647246249020099639892578125" lon="120.045356042683124542236328125">
        <ele>323.79998779296875</ele>
        <time>2026-05-30T04:02:16.000Z</time>
        <extensions>
          <ns3:TrackPointExtension>
            <ns3:hr>146</ns3:hr>
            <ns3:cad>64</ns3:cad>
          </ns3:TrackPointExtension>
        </extensions>
      </trkpt>
      <trkpt lat="30.93646307475864887237548828125" lon="120.0453666038811206817626953125">
        <ele>323.600006103515625</ele>
        <time>2026-05-30T04:02:17.000Z</time>
        <extensions>
          <ns3:TrackPointExtension>
            <ns3:hr>147</ns3:hr>
            <ns3:cad>64</ns3:cad>
          </ns3:TrackPointExtension>
        </extensions>
      </trkpt>
      <trkpt lat="30.93643977306783199310302734375" lon="120.045396275818347930908203125">
        <ele>322.399993896484375</ele>
        <time>2026-05-30T04:02:21.000Z</time>
        <extensions>
          <ns3:TrackPointExtension>
            <ns3:hr>145</ns3:hr>
            <ns3:cad>64</ns3:cad>
          </ns3:TrackPointExtension>
        </extensions>
      </trkpt>
      <trkpt lat="30.93643315136432647705078125" lon="120.0454038195312023162841796875">
        <ele>322.20001220703125</ele>
        <time>2026-05-30T04:02:22.000Z</time>
        <extensions>
          <ns3:TrackPointExtension>
            <ns3:hr>144</ns3:hr>
            <ns3:cad>0</ns3:cad>
          </ns3:TrackPointExtension>
        </extensions>
      </trkpt>
      <trkpt lat="30.93640004284679889678955078125" lon="120.04542804323136806488037109375">
        <ele>321</ele>
        <time>2026-05-30T04:02:25.000Z</time>
        <extensions>
          <ns3:TrackPointExtension>
            <ns3:hr>143</ns3:hr>
            <ns3:cad>0</ns3:cad>
          </ns3:TrackPointExtension>
        </extensions>
      </trkpt>
      <trkpt lat="30.93636265955865383148193359375" lon="120.04545385949313640594482421875">
        <ele>319.600006103515625</ele>
        <time>2026-05-30T04:02:28.000Z</time>
        <extensions>
          <ns3:TrackPointExtension>
            <ns3:hr>143</ns3:hr>
            <ns3:cad>0</ns3:cad>
          </ns3:TrackPointExtension>
        </extensions>
      </trkpt>
      <trkpt lat="30.9363585524260997772216796875" lon="120.045477412641048431396484375">
        <ele>318.600006103515625</ele>
        <time>2026-05-30T04:02:31.000Z</time>
        <extensions>
          <ns3:TrackPointExtension>
            <ns3:hr>145</ns3:hr>
            <ns3:cad>0</ns3:cad>
          </ns3:TrackPointExtension>
        </extensions>
      </trkpt>
      <trkpt lat="30.9363565407693386077880859375" lon="120.04548906348645687103271484375">
        <ele>317.79998779296875</ele>
        <time>2026-05-30T04:02:34.000Z</time>
        <extensions>
          <ns3:TrackPointExtension>
            <ns3:hr>142</ns3:hr>
            <ns3:cad>0</ns3:cad>
          </ns3:TrackPointExtension>
        </extensions>
      </trkpt>
      <trkpt lat="30.9363525174558162689208984375" lon="120.045500881969928741455078125">
        <ele>317.399993896484375</ele>
        <time>2026-05-30T04:02:35.000Z</time>
        <extensions>
          <ns3:TrackPointExtension>
            <ns3:hr>142</ns3:hr>
            <ns3:cad>0</ns3:cad>
          </ns3:TrackPointExtension>
        </extensions>
      </trkpt>
      <trkpt lat="30.9363350830972194671630859375" lon="120.0455325655639171600341796875">
        <ele>316</ele>
        <time>2026-05-30T04:02:38.000Z</time>
        <extensions>
          <ns3:TrackPointExtension>
            <ns3:hr>141</ns3:hr>
            <ns3:cad>0</ns3:cad>
          </ns3:TrackPointExtension>
        </extensions>
      </trkpt>
      <trkpt lat="30.93631823547184467315673828125" lon="120.04558042623102664947509765625">
        <ele>314.79998779296875</ele>
        <time>2026-05-30T04:02:41.000Z</time>
        <extensions>
          <ns3:TrackPointExtension>
            <ns3:hr>141</ns3:hr>
            <ns3:cad>0</ns3:cad>
          </ns3:TrackPointExtension>
        </extensions>
      </trkpt>
      <trkpt lat="30.936290659010410308837890625" lon="120.04561630077660083770751953125">
        <ele>313.600006103515625</ele>
        <time>2026-05-30T04:02:44.000Z</time>
        <extensions>
          <ns3:TrackPointExtension>
            <ns3:hr>141</ns3:hr>
            <ns3:cad>0</ns3:cad>
          </ns3:TrackPointExtension>
        </extensions>
      </trkpt>
      <trkpt lat="30.93628420494496822357177734375" lon="120.04565804265439510345458984375">
        <ele>312.399993896484375</ele>
        <time>2026-05-30T04:02:47.000Z</time>
        <extensions>
          <ns3:TrackPointExtension>
            <ns3:hr>141</ns3:hr>
            <ns3:cad>0</ns3:cad>
          </ns3:TrackPointExtension>
        </extensions>
      </trkpt>
      <trkpt lat="30.9362661838531494140625" lon="120.04568838514387607574462890625">
        <ele>311.20001220703125</ele>
        <time>2026-05-30T04:02:50.000Z</time>
        <extensions>
          <ns3:TrackPointExtension>
            <ns3:hr>140</ns3:hr>
            <ns3:cad>70</ns3:cad>
          </ns3:TrackPointExtension>
        </extensions>
      </trkpt>
      <trkpt lat="30.93624137341976165771484375" lon="120.04571436904370784759521484375">
        <ele>310.600006103515625</ele>
        <time>2026-05-30T04:02:52.000Z</time>
        <extensions>
          <ns3:TrackPointExtension>
            <ns3:hr>139</ns3:hr>
            <ns3:cad>73</ns3:cad>
          </ns3:TrackPointExtension>
        </extensions>
      </trkpt>
      <trkpt lat="30.93622117303311824798583984375" lon="120.04573465324938297271728515625">
        <ele>310</ele>
        <time>2026-05-30T04:02:54.000Z</time>
        <extensions>
          <ns3:TrackPointExtension>
            <ns3:hr>138</ns3:hr>
            <ns3:cad>73</ns3:cad>
          </ns3:TrackPointExtension>
        </extensions>
      </trkpt>
      <trkpt lat="30.93618999235332012176513671875" lon="120.04576751030981540679931640625">
        <ele>308.79998779296875</ele>
        <time>2026-05-30T04:02:58.000Z</time>
        <extensions>
          <ns3:TrackPointExtension>
            <ns3:hr>137</ns3:hr>
            <ns3:cad>70</ns3:cad>
          </ns3:TrackPointExtension>
        </extensions>
      </trkpt>
      <trkpt lat="30.9361785091459751129150390625" lon="120.0457709468901157379150390625">
        <ele>308.600006103515625</ele>
        <time>2026-05-30T04:02:59.000Z</time>
        <extensions>
          <ns3:TrackPointExtension>
            <ns3:hr>136</ns3:hr>
            <ns3:cad>70</ns3:cad>
          </ns3:TrackPointExtension>
        </extensions>
      </trkpt>
      <trkpt lat="30.93614439480006694793701171875" lon="120.0457850284874439239501953125">
        <ele>307.79998779296875</ele>
        <time>2026-05-30T04:03:02.000Z</time>
        <extensions>
          <ns3:TrackPointExtension>
            <ns3:hr>135</ns3:hr>
            <ns3:cad>0</ns3:cad>
          </ns3:TrackPointExtension>
        </extensions>
      </trkpt>
      <trkpt lat="30.93614079058170318603515625" lon="120.0458090007305145263671875">
        <ele>307.20001220703125</ele>
        <time>2026-05-30T04:03:04.000Z</time>
        <extensions>
          <ns3:TrackPointExtension>
            <ns3:hr>135</ns3:hr>
            <ns3:cad>0</ns3:cad>
          </ns3:TrackPointExtension>
        </extensions>
      </trkpt>
      <trkpt lat="30.93613886274397373199462890625" lon="120.04582316614687442779541015625">
        <ele>306.79998779296875</ele>
        <time>2026-05-30T04:03:05.000Z</time>
        <extensions>
          <ns3:TrackPointExtension>
            <ns3:hr>134</ns3:hr>
            <ns3:cad>0</ns3:cad>
          </ns3:TrackPointExtension>
        </extensions>
      </trkpt>
      <trkpt lat="30.93613467179238796234130859375" lon="120.04583247005939483642578125">
        <ele>306.399993896484375</ele>
        <time>2026-05-30T04:03:06.000Z</time>
        <extensions>
          <ns3:TrackPointExtension>
            <ns3:hr>134</ns3:hr>
            <ns3:cad>0</ns3:cad>
          </ns3:TrackPointExtension>
        </extensions>
      </trkpt>
      <trkpt lat="30.9361121244728565216064453125" lon="120.0458611361682415008544921875">
        <ele>305.399993896484375</ele>
        <time>2026-05-30T04:03:09.000Z</time>
        <extensions>
          <ns3:TrackPointExtension>
            <ns3:hr>133</ns3:hr>
            <ns3:cad>0</ns3:cad>
          </ns3:TrackPointExtension>
        </extensions>
      </trkpt>
      <trkpt lat="30.93607901595532894134521484375" lon="120.045912601053714752197265625">
        <ele>304</ele>
        <time>2026-05-30T04:03:13.000Z</time>
        <extensions>
          <ns3:TrackPointExtension>
            <ns3:hr>132</ns3:hr>
            <ns3:cad>0</ns3:cad>
          </ns3:TrackPointExtension>
        </extensions>
      </trkpt>
      <trkpt lat="30.93606057576835155487060546875" lon="120.04594956524670124053955078125">
        <ele>303.399993896484375</ele>
        <time>2026-05-30T04:03:15.000Z</time>
        <extensions>
          <ns3:TrackPointExtension>
            <ns3:hr>133</ns3:hr>
            <ns3:cad>0</ns3:cad>
          </ns3:TrackPointExtension>
        </extensions>
      </trkpt>
      <trkpt lat="30.93604951165616512298583984375" lon="120.04596984945237636566162109375">
        <ele>303</ele>
        <time>2026-05-30T04:03:16.000Z</time>
        <extensions>
          <ns3:TrackPointExtension>
            <ns3:hr>133</ns3:hr>
            <ns3:cad>0</ns3:cad>
          </ns3:TrackPointExtension>
        </extensions>
      </trkpt>
      <trkpt lat="30.9360091947019100189208984375" lon="120.04601041786372661590576171875">
        <ele>301.600006103515625</ele>
        <time>2026-05-30T04:03:19.000Z</time>
        <extensions>
          <ns3:TrackPointExtension>
            <ns3:hr>133</ns3:hr>
            <ns3:cad>0</ns3:cad>
          </ns3:TrackPointExtension>
        </extensions>
      </trkpt>
      <trkpt lat="30.93598078005015850067138671875" lon="120.04603631794452667236328125">
        <ele>300.79998779296875</ele>
        <time>2026-05-30T04:03:21.000Z</time>
        <extensions>
          <ns3:TrackPointExtension>
            <ns3:hr>133</ns3:hr>
            <ns3:cad>90</ns3:cad>
          </ns3:TrackPointExtension>
        </extensions>
      </trkpt>
      <trkpt lat="30.93597390688955783843994140625" lon="120.046045370399951934814453125">
        <ele>300.600006103515625</ele>
        <time>2026-05-30T04:03:22.000Z</time>
        <extensions>
          <ns3:TrackPointExtension>
            <ns3:hr>134</ns3:hr>
            <ns3:cad>90</ns3:cad>
          </ns3:TrackPointExtension>
        </extensions>
      </trkpt>
      <trkpt lat="30.93594574369490146636962890625" lon="120.0460961647331714630126953125">
        <ele>299.399993896484375</ele>
        <time>2026-05-30T04:03:26.000Z</time>
        <extensions>
          <ns3:TrackPointExtension>
            <ns3:hr>136</ns3:hr>
            <ns3:cad>87</ns3:cad>
          </ns3:TrackPointExtension>
        </extensions>
      </trkpt>
      <trkpt lat="30.93594725243747234344482421875" lon="120.04610479809343814849853515625">
        <ele>299</ele>
        <time>2026-05-30T04:03:27.000Z</time>
        <extensions>
          <ns3:TrackPointExtension>
            <ns3:hr>136</ns3:hr>
            <ns3:cad>87</ns3:cad>
          </ns3:TrackPointExtension>
        </extensions>
      </trkpt>
      <trkpt lat="30.9359401278197765350341796875" lon="120.04617688246071338653564453125">
        <ele>298.20001220703125</ele>
        <time>2026-05-30T04:03:31.000Z</time>
        <extensions>
          <ns3:TrackPointExtension>
            <ns3:hr>136</ns3:hr>
            <ns3:cad>87</ns3:cad>
          </ns3:TrackPointExtension>
        </extensions>
      </trkpt>
      <trkpt lat="30.93593082390725612640380859375" lon="120.04620797932147979736328125">
        <ele>297.79998779296875</ele>
        <time>2026-05-30T04:03:32.000Z</time>
        <extensions>
          <ns3:TrackPointExtension>
            <ns3:hr>136</ns3:hr>
            <ns3:cad>87</ns3:cad>
          </ns3:TrackPointExtension>
        </extensions>
      </trkpt>
      <trkpt lat="30.93591506592929363250732421875" lon="120.04627109505236148834228515625">
        <ele>297</ele>
        <time>2026-05-30T04:03:34.000Z</time>
        <extensions>
          <ns3:TrackPointExtension>
            <ns3:hr>137</ns3:hr>
            <ns3:cad>81</ns3:cad>
          </ns3:TrackPointExtension>
        </extensions>
      </trkpt>
      <trkpt lat="30.93589947558939456939697265625" lon="120.04633295349776744842529296875">
        <ele>296</ele>
        <time>2026-05-30T04:03:36.000Z</time>
        <extensions>
          <ns3:TrackPointExtension>
            <ns3:hr>138</ns3:hr>
            <ns3:cad>81</ns3:cad>
          </ns3:TrackPointExtension>
        </extensions>
      </trkpt>
      <trkpt lat="30.9358821250498294830322265625" lon="120.046395398676395416259765625">
        <ele>294.399993896484375</ele>
        <time>2026-05-30T04:03:39.000Z</time>
        <extensions>
          <ns3:TrackPointExtension>
            <ns3:hr>141</ns3:hr>
            <ns3:cad>34</ns3:cad>
          </ns3:TrackPointExtension>
        </extensions>
      </trkpt>
      <trkpt lat="30.93586586415767669677734375" lon="120.04646739922463893890380859375">
        <ele>293.399993896484375</ele>
        <time>2026-05-30T04:03:41.000Z</time>
        <extensions>
          <ns3:TrackPointExtension>
            <ns3:hr>139</ns3:hr>
            <ns3:cad>34</ns3:cad>
          </ns3:TrackPointExtension>
        </extensions>
      </trkpt>
      <trkpt lat="30.93585438095033168792724609375" lon="120.0465249828994274139404296875">
        <ele>292.399993896484375</ele>
        <time>2026-05-30T04:03:43.000Z</time>
        <extensions>
          <ns3:TrackPointExtension>
            <ns3:hr>139</ns3:hr>
            <ns3:cad>34</ns3:cad>
          </ns3:TrackPointExtension>
        </extensions>
      </trkpt>
      <trkpt lat="30.93584918417036533355712890625" lon="120.04655440337955951690673828125">
        <ele>291.79998779296875</ele>
        <time>2026-05-30T04:03:44.000Z</time>
        <extensions>
          <ns3:TrackPointExtension>
            <ns3:hr>139</ns3:hr>
            <ns3:cad>34</ns3:cad>
          </ns3:TrackPointExtension>
        </extensions>
      </trkpt>
      <trkpt lat="30.935836024582386016845703125" lon="120.0466181896626949310302734375">
        <ele>291</ele>
        <time>2026-05-30T04:03:46.000Z</time>
        <extensions>
          <ns3:TrackPointExtension>
            <ns3:hr>138</ns3:hr>
            <ns3:cad>34</ns3:cad>
          </ns3:TrackPointExtension>
        </extensions>
      </trkpt>
      <trkpt lat="30.93581498600542545318603515625" lon="120.0466906093060970306396484375">
        <ele>289.79998779296875</ele>
        <time>2026-05-30T04:03:49.000Z</time>
        <extensions>
          <ns3:TrackPointExtension>
            <ns3:hr>139</ns3:hr>
            <ns3:cad>91</ns3:cad>
          </ns3:TrackPointExtension>
        </extensions>
      </trkpt>
      <trkpt lat="30.93580392189323902130126953125" lon="120.046754144132137298583984375">
        <ele>289</ele>
        <time>2026-05-30T04:03:51.000Z</time>
        <extensions>
          <ns3:TrackPointExtension>
            <ns3:hr>140</ns3:hr>
            <ns3:cad>91</ns3:cad>
          </ns3:TrackPointExtension>
        </extensions>
      </trkpt>
      <trkpt lat="30.93579947948455810546875" lon="120.0467898510396480560302734375">
        <ele>288.399993896484375</ele>
        <time>2026-05-30T04:03:52.000Z</time>
        <extensions>
          <ns3:TrackPointExtension>
            <ns3:hr>141</ns3:hr>
            <ns3:cad>91</ns3:cad>
          </ns3:TrackPointExtension>
        </extensions>
      </trkpt>
      <trkpt lat="30.93579000793397426605224609375" lon="120.04685531370341777801513671875">
        <ele>287</ele>
        <time>2026-05-30T04:03:54.000Z</time>
        <extensions>
          <ns3:TrackPointExtension>
            <ns3:hr>143</ns3:hr>
            <ns3:cad>91</ns3:cad>
          </ns3:TrackPointExtension>
        </extensions>
      </trkpt>
      <trkpt lat="30.93577869236469268798828125" lon="120.04691683687269687652587890625">
        <ele>285.79998779296875</ele>
        <time>2026-05-30T04:03:56.000Z</time>
        <extensions>
          <ns3:TrackPointExtension>
            <ns3:hr>145</ns3:hr>
            <ns3:cad>91</ns3:cad>
          </ns3:TrackPointExtension>
        </extensions>
      </trkpt>
      <trkpt lat="30.935772992670536041259765625" lon="120.04694701172411441802978515625">
        <ele>285.399993896484375</ele>
        <time>2026-05-30T04:03:57.000Z</time>
        <extensions>
          <ns3:TrackPointExtension>
            <ns3:hr>146</ns3:hr>
            <ns3:cad>0</ns3:cad>
          </ns3:TrackPointExtension>
        </extensions>
      </trkpt>
      <trkpt lat="30.93575731851160526275634765625" lon="120.04700954072177410125732421875">
        <ele>284.600006103515625</ele>
        <time>2026-05-30T04:03:59.000Z</time>
        <extensions>
          <ns3:TrackPointExtension>
            <ns3:hr>147</ns3:hr>
            <ns3:cad>0</ns3:cad>
          </ns3:TrackPointExtension>
        </extensions>
      </trkpt>
      <trkpt lat="30.935733430087566375732421875" lon="120.04712889902293682098388671875">
        <ele>283.399993896484375</ele>
        <time>2026-05-30T04:04:02.000Z</time>
        <extensions>
          <ns3:TrackPointExtension>
            <ns3:hr>148</ns3:hr>
            <ns3:cad>0</ns3:cad>
          </ns3:TrackPointExtension>
        </extensions>
      </trkpt>
      <trkpt lat="30.93572479672729969024658203125" lon="120.04723970778286457061767578125">
        <ele>282.20001220703125</ele>
        <time>2026-05-30T04:04:05.000Z</time>
        <extensions>
          <ns3:TrackPointExtension>
            <ns3:hr>148</ns3:hr>
            <ns3:cad>0</ns3:cad>
          </ns3:TrackPointExtension>
        </extensions>
      </trkpt>
      <trkpt lat="30.93572244979441165924072265625" lon="120.04727256484329700469970703125">
        <ele>281.79998779296875</ele>
        <time>2026-05-30T04:04:06.000Z</time>
        <extensions>
          <ns3:TrackPointExtension>
            <ns3:hr>149</ns3:hr>
            <ns3:cad>0</ns3:cad>
          </ns3:TrackPointExtension>
        </extensions>
      </trkpt>
      <trkpt lat="30.9357176721096038818359375" lon="120.04734129644930362701416015625">
        <ele>281</ele>
        <time>2026-05-30T04:04:08.000Z</time>
        <extensions>
          <ns3:TrackPointExtension>
            <ns3:hr>151</ns3:hr>
            <ns3:cad>0</ns3:cad>
          </ns3:TrackPointExtension>
        </extensions>
      </trkpt>
      <trkpt lat="30.93573083169758319854736328125" lon="120.04746325314044952392578125">
        <ele>280.20001220703125</ele>
        <time>2026-05-30T04:04:11.000Z</time>
        <extensions>
          <ns3:TrackPointExtension>
            <ns3:hr>154</ns3:hr>
            <ns3:cad>0</ns3:cad>
          </ns3:TrackPointExtension>
        </extensions>
      </trkpt>
      <trkpt lat="30.93574290163815021514892578125" lon="120.04750306718051433563232421875">
        <ele>280</ele>
        <time>2026-05-30T04:04:12.000Z</time>
        <extensions>
          <ns3:TrackPointExtension>
            <ns3:hr>155</ns3:hr>
            <ns3:cad>0</ns3:cad>
          </ns3:TrackPointExtension>
        </extensions>
      </trkpt>
      <trkpt lat="30.93576259911060333251953125" lon="120.0476397760212421417236328125">
        <ele>278.79998779296875</ele>
        <time>2026-05-30T04:04:16.000Z</time>
        <extensions>
          <ns3:TrackPointExtension>
            <ns3:hr>156</ns3:hr>
            <ns3:cad>93</ns3:cad>
          </ns3:TrackPointExtension>
        </extensions>
      </trkpt>
      <trkpt lat="30.93576955609023571014404296875" lon="120.0477785803377628326416015625">
        <ele>278.20001220703125</ele>
        <time>2026-05-30T04:04:20.000Z</time>
        <extensions>
          <ns3:TrackPointExtension>
            <ns3:hr>158</ns3:hr>
            <ns3:cad>100</ns3:cad>
          </ns3:TrackPointExtension>
        </extensions>
      </trkpt>
      <trkpt lat="30.9357607550919055938720703125" lon="120.047850497066974639892578125">
        <ele>277.600006103515625</ele>
        <time>2026-05-30T04:04:22.000Z</time>
        <extensions>
          <ns3:TrackPointExtension>
            <ns3:hr>159</ns3:hr>
            <ns3:cad>92</ns3:cad>
          </ns3:TrackPointExtension>
        </extensions>
      </trkpt>
      <trkpt lat="30.935740806162357330322265625" lon="120.04793691448867321014404296875">
        <ele>276.20001220703125</ele>
        <time>2026-05-30T04:04:25.000Z</time>
        <extensions>
          <ns3:TrackPointExtension>
            <ns3:hr>159</ns3:hr>
            <ns3:cad>92</ns3:cad>
          </ns3:TrackPointExtension>
        </extensions>
      </trkpt>
      <trkpt lat="30.93572328798472881317138671875" lon="120.04798368550837039947509765625">
        <ele>275</ele>
        <time>2026-05-30T04:04:27.000Z</time>
        <extensions>
          <ns3:TrackPointExtension>
            <ns3:hr>161</ns3:hr>
            <ns3:cad>92</ns3:cad>
          </ns3:TrackPointExtension>
        </extensions>
      </trkpt>
      <trkpt lat="30.93570484779775142669677734375" lon="120.048032216727733612060546875">
        <ele>273.399993896484375</ele>
        <time>2026-05-30T04:04:29.000Z</time>
        <extensions>
          <ns3:TrackPointExtension>
            <ns3:hr>161</ns3:hr>
            <ns3:cad>92</ns3:cad>
          </ns3:TrackPointExtension>
        </extensions>
      </trkpt>
      <trkpt lat="30.9356859885156154632568359375" lon="120.048078484833240509033203125">
        <ele>272.20001220703125</ele>
        <time>2026-05-30T04:04:31.000Z</time>
        <extensions>
          <ns3:TrackPointExtension>
            <ns3:hr>161</ns3:hr>
            <ns3:cad>92</ns3:cad>
          </ns3:TrackPointExtension>
        </extensions>
      </trkpt>
      <trkpt lat="30.935678780078887939453125" lon="120.04811729304492473602294921875">
        <ele>271</ele>
        <time>2026-05-30T04:04:33.000Z</time>
        <extensions>
          <ns3:TrackPointExtension>
            <ns3:hr>162</ns3:hr>
            <ns3:cad>66</ns3:cad>
          </ns3:TrackPointExtension>
        </extensions>
      </trkpt>
      <trkpt lat="30.935677774250507354736328125" lon="120.04812332801520824432373046875">
        <ele>270.600006103515625</ele>
        <time>2026-05-30T04:04:34.000Z</time>
        <extensions>
          <ns3:TrackPointExtension>
            <ns3:hr>162</ns3:hr>
            <ns3:cad>66</ns3:cad>
          </ns3:TrackPointExtension>
        </extensions>
      </trkpt>
      <trkpt lat="30.935683809220790863037109375" lon="120.0481452047824859619140625">
        <ele>270</ele>
        <time>2026-05-30T04:04:37.000Z</time>
        <extensions>
          <ns3:TrackPointExtension>
            <ns3:hr>162</ns3:hr>
            <ns3:cad>0</ns3:cad>
          </ns3:TrackPointExtension>
        </extensions>
      </trkpt>
      <trkpt lat="30.9356854856014251708984375" lon="120.0481827557086944580078125">
        <ele>268.600006103515625</ele>
        <time>2026-05-30T04:04:40.000Z</time>
        <extensions>
          <ns3:TrackPointExtension>
            <ns3:hr>161</ns3:hr>
            <ns3:cad>0</ns3:cad>
          </ns3:TrackPointExtension>
        </extensions>
      </trkpt>
      <trkpt lat="30.93568439595401287078857421875" lon="120.04818870685994625091552734375">
        <ele>267.600006103515625</ele>
        <time>2026-05-30T04:04:45.000Z</time>
        <extensions>
          <ns3:TrackPointExtension>
            <ns3:hr>162</ns3:hr>
            <ns3:cad>0</ns3:cad>
          </ns3:TrackPointExtension>
        </extensions>
      </trkpt>
      <trkpt lat="30.935677774250507354736328125" lon="120.048232711851596832275390625">
        <ele>266.399993896484375</ele>
        <time>2026-05-30T04:04:49.000Z</time>
        <extensions>
          <ns3:TrackPointExtension>
            <ns3:hr>159</ns3:hr>
            <ns3:cad>0</ns3:cad>
          </ns3:TrackPointExtension>
        </extensions>
      </trkpt>
      <trkpt lat="30.935675762593746185302734375" lon="120.048255510628223419189453125">
        <ele>265.79998779296875</ele>
        <time>2026-05-30T04:04:50.000Z</time>
        <extensions>
          <ns3:TrackPointExtension>
            <ns3:hr>159</ns3:hr>
            <ns3:cad>0</ns3:cad>
          </ns3:TrackPointExtension>
        </extensions>
      </trkpt>
      <trkpt lat="30.93567132018506526947021484375" lon="120.04827135242521762847900390625">
        <ele>265.20001220703125</ele>
        <time>2026-05-30T04:04:51.000Z</time>
        <extensions>
          <ns3:TrackPointExtension>
            <ns3:hr>159</ns3:hr>
            <ns3:cad>0</ns3:cad>
          </ns3:TrackPointExtension>
        </extensions>
      </trkpt>
      <trkpt lat="30.93566159717738628387451171875" lon="120.04831963218748569488525390625">
        <ele>263.399993896484375</ele>
        <time>2026-05-30T04:04:53.000Z</time>
        <extensions>
          <ns3:TrackPointExtension>
            <ns3:hr>157</ns3:hr>
            <ns3:cad>0</ns3:cad>
          </ns3:TrackPointExtension>
        </extensions>
      </trkpt>
      <trkpt lat="30.9356447495520114898681640625" lon="120.04835953004658222198486328125">
        <ele>262</ele>
        <time>2026-05-30T04:04:55.000Z</time>
        <extensions>
          <ns3:TrackPointExtension>
            <ns3:hr>154</ns3:hr>
            <ns3:cad>0</ns3:cad>
          </ns3:TrackPointExtension>
        </extensions>
      </trkpt>
      <trkpt lat="30.9356253035366535186767578125" lon="120.04839305765926837921142578125">
        <ele>260.79998779296875</ele>
        <time>2026-05-30T04:04:57.000Z</time>
        <extensions>
          <ns3:TrackPointExtension>
            <ns3:hr>152</ns3:hr>
            <ns3:cad>0</ns3:cad>
          </ns3:TrackPointExtension>
        </extensions>
      </trkpt>
      <trkpt lat="30.93560879118740558624267578125" lon="120.0484025292098522186279296875">
        <ele>259.79998779296875</ele>
        <time>2026-05-30T04:05:00.000Z</time>
        <extensions>
          <ns3:TrackPointExtension>
            <ns3:hr>152</ns3:hr>
            <ns3:cad>0</ns3:cad>
          </ns3:TrackPointExtension>
        </extensions>
      </trkpt>
      <trkpt lat="30.93560962937772274017333984375" lon="120.04844636656343936920166015625">
        <ele>258.399993896484375</ele>
        <time>2026-05-30T04:05:04.000Z</time>
        <extensions>
          <ns3:TrackPointExtension>
            <ns3:hr>154</ns3:hr>
            <ns3:cad>83</ns3:cad>
          </ns3:TrackPointExtension>
        </extensions>
      </trkpt>
      <trkpt lat="30.9356014989316463470458984375" lon="120.04848710261285305023193359375">
        <ele>256.79998779296875</ele>
        <time>2026-05-30T04:05:06.000Z</time>
        <extensions>
          <ns3:TrackPointExtension>
            <ns3:hr>155</ns3:hr>
            <ns3:cad>75</ns3:cad>
          </ns3:TrackPointExtension>
        </extensions>
      </trkpt>
      <trkpt lat="30.935582220554351806640625" lon="120.048520378768444061279296875">
        <ele>255.1999969482421875</ele>
        <time>2026-05-30T04:05:08.000Z</time>
        <extensions>
          <ns3:TrackPointExtension>
            <ns3:hr>154</ns3:hr>
            <ns3:cad>75</ns3:cad>
          </ns3:TrackPointExtension>
        </extensions>
      </trkpt>
      <trkpt lat="30.93556872569024562835693359375" lon="120.0485604442656040191650390625">
        <ele>254</ele>
        <time>2026-05-30T04:05:10.000Z</time>
        <extensions>
          <ns3:TrackPointExtension>
            <ns3:hr>155</ns3:hr>
            <ns3:cad>104</ns3:cad>
          </ns3:TrackPointExtension>
        </extensions>
      </trkpt>
      <trkpt lat="30.93555833213031291961669921875" lon="120.0485824048519134521484375">
        <ele>253.1999969482421875</ele>
        <time>2026-05-30T04:05:11.000Z</time>
        <extensions>
          <ns3:TrackPointExtension>
            <ns3:hr>156</ns3:hr>
            <ns3:cad>104</ns3:cad>
          </ns3:TrackPointExtension>
        </extensions>
      </trkpt>
      <trkpt lat="30.93554726801812648773193359375" lon="120.04860880784690380096435546875">
        <ele>252.600006103515625</ele>
        <time>2026-05-30T04:05:12.000Z</time>
        <extensions>
          <ns3:TrackPointExtension>
            <ns3:hr>156</ns3:hr>
            <ns3:cad>104</ns3:cad>
          </ns3:TrackPointExtension>
        </extensions>
      </trkpt>
      <trkpt lat="30.93553855083882808685302734375" lon="120.0486516393721103668212890625">
        <ele>251.1999969482421875</ele>
        <time>2026-05-30T04:05:14.000Z</time>
        <extensions>
          <ns3:TrackPointExtension>
            <ns3:hr>157</ns3:hr>
            <ns3:cad>0</ns3:cad>
          </ns3:TrackPointExtension>
        </extensions>
      </trkpt>
      <trkpt lat="30.93553327023983001708984375" lon="120.0486915372312068939208984375">
        <ele>250</ele>
        <time>2026-05-30T04:05:16.000Z</time>
        <extensions>
          <ns3:TrackPointExtension>
            <ns3:hr>157</ns3:hr>
            <ns3:cad>0</ns3:cad>
          </ns3:TrackPointExtension>
        </extensions>
      </trkpt>
      <trkpt lat="30.9355245530605316162109375" lon="120.0487264059484004974365234375">
        <ele>248.8000030517578125</ele>
        <time>2026-05-30T04:05:18.000Z</time>
        <extensions>
          <ns3:TrackPointExtension>
            <ns3:hr>157</ns3:hr>
            <ns3:cad>0</ns3:cad>
          </ns3:TrackPointExtension>
        </extensions>
      </trkpt>
      <trkpt lat="30.9355049394071102142333984375" lon="120.04875716753304004669189453125">
        <ele>247.1999969482421875</ele>
        <time>2026-05-30T04:05:20.000Z</time>
        <extensions>
          <ns3:TrackPointExtension>
            <ns3:hr>157</ns3:hr>
            <ns3:cad>0</ns3:cad>
          </ns3:TrackPointExtension>
        </extensions>
      </trkpt>
      <trkpt lat="30.93548499047756195068359375" lon="120.04880662076175212860107421875">
        <ele>245.399993896484375</ele>
        <time>2026-05-30T04:05:22.000Z</time>
        <extensions>
          <ns3:TrackPointExtension>
            <ns3:hr>157</ns3:hr>
            <ns3:cad>0</ns3:cad>
          </ns3:TrackPointExtension>
        </extensions>
      </trkpt>
      <trkpt lat="30.93547166325151920318603515625" lon="120.048831515014171600341796875">
        <ele>244.600006103515625</ele>
        <time>2026-05-30T04:05:23.000Z</time>
        <extensions>
          <ns3:TrackPointExtension>
            <ns3:hr>158</ns3:hr>
            <ns3:cad>0</ns3:cad>
          </ns3:TrackPointExtension>
        </extensions>
      </trkpt>
      <trkpt lat="30.9354536421597003936767578125" lon="120.04885858856141567230224609375">
        <ele>243.600006103515625</ele>
        <time>2026-05-30T04:05:24.000Z</time>
        <extensions>
          <ns3:TrackPointExtension>
            <ns3:hr>158</ns3:hr>
            <ns3:cad>0</ns3:cad>
          </ns3:TrackPointExtension>
        </extensions>
      </trkpt>
      <trkpt lat="30.9354226291179656982421875" lon="120.0489265657961368560791015625">
        <ele>241.8000030517578125</ele>
        <time>2026-05-30T04:05:26.000Z</time>
        <extensions>
          <ns3:TrackPointExtension>
            <ns3:hr>158</ns3:hr>
            <ns3:cad>61</ns3:cad>
          </ns3:TrackPointExtension>
        </extensions>
      </trkpt>
      <trkpt lat="30.93540913425385951995849609375" lon="120.0489594228565692901611328125">
        <ele>240.600006103515625</ele>
        <time>2026-05-30T04:05:27.000Z</time>
        <extensions>
          <ns3:TrackPointExtension>
            <ns3:hr>159</ns3:hr>
            <ns3:cad>61</ns3:cad>
          </ns3:TrackPointExtension>
        </extensions>
      </trkpt>
      <trkpt lat="30.9353735111653804779052734375" lon="120.04902622662484645843505859375">
        <ele>238.399993896484375</ele>
        <time>2026-05-30T04:05:29.000Z</time>
        <extensions>
          <ns3:TrackPointExtension>
            <ns3:hr>160</ns3:hr>
            <ns3:cad>61</ns3:cad>
          </ns3:TrackPointExtension>
        </extensions>
      </trkpt>
      <trkpt lat="30.93535465188324451446533203125" lon="120.0490633584558963775634765625">
        <ele>238</ele>
        <time>2026-05-30T04:05:30.000Z</time>
        <extensions>
          <ns3:TrackPointExtension>
            <ns3:hr>161</ns3:hr>
            <ns3:cad>61</ns3:cad>
          </ns3:TrackPointExtension>
        </extensions>
      </trkpt>
      <trkpt lat="30.9353389777243137359619140625" lon="120.0491042621433734893798828125">
        <ele>236.1999969482421875</ele>
        <time>2026-05-30T04:05:31.000Z</time>
        <extensions>
          <ns3:TrackPointExtension>
            <ns3:hr>161</ns3:hr>
            <ns3:cad>61</ns3:cad>
          </ns3:TrackPointExtension>
        </extensions>
      </trkpt>
      <trkpt lat="30.93532883562147617340087890625" lon="120.0491488538682460784912109375">
        <ele>235</ele>
        <time>2026-05-30T04:05:32.000Z</time>
        <extensions>
          <ns3:TrackPointExtension>
            <ns3:hr>161</ns3:hr>
            <ns3:cad>61</ns3:cad>
          </ns3:TrackPointExtension>
        </extensions>
      </trkpt>
      <trkpt lat="30.93531073071062564849853515625" lon="120.0492115505039691925048828125">
        <ele>233.399993896484375</ele>
        <time>2026-05-30T04:05:34.000Z</time>
        <extensions>
          <ns3:TrackPointExtension>
            <ns3:hr>161</ns3:hr>
            <ns3:cad>0</ns3:cad>
          </ns3:TrackPointExtension>
        </extensions>
      </trkpt>
      <trkpt lat="30.93530251644551753997802734375" lon="120.04925136454403400421142578125">
        <ele>232.8000030517578125</ele>
        <time>2026-05-30T04:05:35.000Z</time>
        <extensions>
          <ns3:TrackPointExtension>
            <ns3:hr>161</ns3:hr>
            <ns3:cad>0</ns3:cad>
          </ns3:TrackPointExtension>
        </extensions>
      </trkpt>
      <trkpt lat="30.935292206704616546630859375" lon="120.04928673617541790008544921875">
        <ele>232.1999969482421875</ele>
        <time>2026-05-30T04:05:36.000Z</time>
        <extensions>
          <ns3:TrackPointExtension>
            <ns3:hr>161</ns3:hr>
            <ns3:cad>0</ns3:cad>
          </ns3:TrackPointExtension>
        </extensions>
      </trkpt>
      <trkpt lat="30.93527753837406635284423828125" lon="120.049370639026165008544921875">
        <ele>230.399993896484375</ele>
        <time>2026-05-30T04:05:38.000Z</time>
        <extensions>
          <ns3:TrackPointExtension>
            <ns3:hr>161</ns3:hr>
            <ns3:cad>0</ns3:cad>
          </ns3:TrackPointExtension>
        </extensions>
      </trkpt>
      <trkpt lat="30.93526127748191356658935546875" lon="120.0494514405727386474609375">
        <ele>228.399993896484375</ele>
        <time>2026-05-30T04:05:40.000Z</time>
        <extensions>
          <ns3:TrackPointExtension>
            <ns3:hr>162</ns3:hr>
            <ns3:cad>0</ns3:cad>
          </ns3:TrackPointExtension>
        </extensions>
      </trkpt>
      <trkpt lat="30.93524199910461902618408203125" lon="120.04952025599777698516845703125">
        <ele>227.399993896484375</ele>
        <time>2026-05-30T04:05:41.000Z</time>
        <extensions>
          <ns3:TrackPointExtension>
            <ns3:hr>162</ns3:hr>
            <ns3:cad>0</ns3:cad>
          </ns3:TrackPointExtension>
        </extensions>
      </trkpt>
      <trkpt lat="30.9352320246398448944091796875" lon="120.049568451941013336181640625">
        <ele>226.399993896484375</ele>
        <time>2026-05-30T04:05:42.000Z</time>
        <extensions>
          <ns3:TrackPointExtension>
            <ns3:hr>162</ns3:hr>
            <ns3:cad>0</ns3:cad>
          </ns3:TrackPointExtension>
        </extensions>
      </trkpt>
      <trkpt lat="30.935215763747692108154296875" lon="120.04962150938808917999267578125">
        <ele>225</ele>
        <time>2026-05-30T04:05:44.000Z</time>
        <extensions>
          <ns3:TrackPointExtension>
            <ns3:hr>163</ns3:hr>
            <ns3:cad>0</ns3:cad>
          </ns3:TrackPointExtension>
        </extensions>
      </trkpt>
      <trkpt lat="30.93522322364151477813720703125" lon="120.04963316023349761962890625">
        <ele>224.600006103515625</ele>
        <time>2026-05-30T04:05:45.000Z</time>
        <extensions>
          <ns3:TrackPointExtension>
            <ns3:hr>163</ns3:hr>
            <ns3:cad>0</ns3:cad>
          </ns3:TrackPointExtension>
        </extensions>
      </trkpt>
      <trkpt lat="30.935237891972064971923828125" lon="120.0496418774127960205078125">
        <ele>224.1999969482421875</ele>
        <time>2026-05-30T04:05:46.000Z</time>
        <extensions>
          <ns3:TrackPointExtension>
            <ns3:hr>164</ns3:hr>
            <ns3:cad>0</ns3:cad>
          </ns3:TrackPointExtension>
        </extensions>
      </trkpt>
      <trkpt lat="30.93525297939777374267578125" lon="120.049649588763713836669921875">
        <ele>223.600006103515625</ele>
        <time>2026-05-30T04:05:47.000Z</time>
        <extensions>
          <ns3:TrackPointExtension>
            <ns3:hr>165</ns3:hr>
            <ns3:cad>0</ns3:cad>
          </ns3:TrackPointExtension>
        </extensions>
      </trkpt>
      <trkpt lat="30.93528877012431621551513671875" lon="120.04965822212398052215576171875">
        <ele>222.399993896484375</ele>
        <time>2026-05-30T04:05:50.000Z</time>
        <extensions>
          <ns3:TrackPointExtension>
            <ns3:hr>166</ns3:hr>
            <ns3:cad>0</ns3:cad>
          </ns3:TrackPointExtension>
        </extensions>
      </trkpt>
      <trkpt lat="30.935306288301944732666015625" lon="120.04968035034835338592529296875">
        <ele>220.8000030517578125</ele>
        <time>2026-05-30T04:05:53.000Z</time>
        <extensions>
          <ns3:TrackPointExtension>
            <ns3:hr>166</ns3:hr>
            <ns3:cad>0</ns3:cad>
          </ns3:TrackPointExtension>
        </extensions>
      </trkpt>
      <trkpt lat="30.9353153407573699951171875" lon="120.0496903248131275177001953125">
        <ele>220</ele>
        <time>2026-05-30T04:05:55.000Z</time>
        <extensions>
          <ns3:TrackPointExtension>
            <ns3:hr>166</ns3:hr>
            <ns3:cad>0</ns3:cad>
          </ns3:TrackPointExtension>
        </extensions>
      </trkpt>
      <trkpt lat="30.9353185258805751800537109375" lon="120.04969443194568157196044921875">
        <ele>219.600006103515625</ele>
        <time>2026-05-30T04:05:56.000Z</time>
        <extensions>
          <ns3:TrackPointExtension>
            <ns3:hr>165</ns3:hr>
            <ns3:cad>0</ns3:cad>
          </ns3:TrackPointExtension>
        </extensions>
      </trkpt>
      <trkpt lat="30.9353456832468509674072265625" lon="120.04971320740878582000732421875">
        <ele>218.399993896484375</ele>
        <time>2026-05-30T04:05:59.000Z</time>
        <extensions>
          <ns3:TrackPointExtension>
            <ns3:hr>166</ns3:hr>
            <ns3:cad>0</ns3:cad>
          </ns3:TrackPointExtension>
        </extensions>
      </trkpt>
      <trkpt lat="30.93534962274134159088134765625" lon="120.04971521906554698944091796875">
        <ele>218.1999969482421875</ele>
        <time>2026-05-30T04:06:00.000Z</time>
        <extensions>
          <ns3:TrackPointExtension>
            <ns3:hr>166</ns3:hr>
            <ns3:cad>0</ns3:cad>
          </ns3:TrackPointExtension>
        </extensions>
      </trkpt>
      <trkpt lat="30.9353542327880859375" lon="120.0497362576425075531005859375">
        <ele>217.1999969482421875</ele>
        <time>2026-05-30T04:06:05.000Z</time>
        <extensions>
          <ns3:TrackPointExtension>
            <ns3:hr>167</ns3:hr>
            <ns3:cad>55</ns3:cad>
          </ns3:TrackPointExtension>
        </extensions>
      </trkpt>
      <trkpt lat="30.93535163439810276031494140625" lon="120.0497402809560298919677734375">
        <ele>217</ele>
        <time>2026-05-30T04:06:06.000Z</time>
        <extensions>
          <ns3:TrackPointExtension>
            <ns3:hr>167</ns3:hr>
            <ns3:cad>0</ns3:cad>
          </ns3:TrackPointExtension>
        </extensions>
      </trkpt>
      <trkpt lat="30.93535884283483028411865234375" lon="120.04974086768925189971923828125">
        <ele>216.1999969482421875</ele>
        <time>2026-05-30T04:06:10.000Z</time>
        <extensions>
          <ns3:TrackPointExtension>
            <ns3:hr>165</ns3:hr>
            <ns3:cad>75</ns3:cad>
          </ns3:TrackPointExtension>
        </extensions>
      </trkpt>
      <trkpt lat="30.93536236323416233062744140625" lon="120.04974623210728168487548828125">
        <ele>215.8000030517578125</ele>
        <time>2026-05-30T04:06:11.000Z</time>
        <extensions>
          <ns3:TrackPointExtension>
            <ns3:hr>164</ns3:hr>
            <ns3:cad>75</ns3:cad>
          </ns3:TrackPointExtension>
        </extensions>
      </trkpt>
      <trkpt lat="30.93537359498441219329833984375" lon="120.049768276512622833251953125">
        <ele>215</ele>
        <time>2026-05-30T04:06:13.000Z</time>
        <extensions>
          <ns3:TrackPointExtension>
            <ns3:hr>163</ns3:hr>
            <ns3:cad>0</ns3:cad>
          </ns3:TrackPointExtension>
        </extensions>
      </trkpt>
      <trkpt lat="30.93538348563015460968017578125" lon="120.049782693386077880859375">
        <ele>214.399993896484375</ele>
        <time>2026-05-30T04:06:14.000Z</time>
        <extensions>
          <ns3:TrackPointExtension>
            <ns3:hr>162</ns3:hr>
            <ns3:cad>0</ns3:cad>
          </ns3:TrackPointExtension>
        </extensions>
      </trkpt>
      <trkpt lat="30.93538851477205753326416015625" lon="120.0497862137854099273681640625">
        <ele>213.8000030517578125</ele>
        <time>2026-05-30T04:06:15.000Z</time>
        <extensions>
          <ns3:TrackPointExtension>
            <ns3:hr>162</ns3:hr>
            <ns3:cad>0</ns3:cad>
          </ns3:TrackPointExtension>
        </extensions>
      </trkpt>
      <trkpt lat="30.93539421446621417999267578125" lon="120.0497909076511859893798828125">
        <ele>213.399993896484375</ele>
        <time>2026-05-30T04:06:16.000Z</time>
        <extensions>
          <ns3:TrackPointExtension>
            <ns3:hr>161</ns3:hr>
            <ns3:cad>0</ns3:cad>
          </ns3:TrackPointExtension>
        </extensions>
      </trkpt>
      <trkpt lat="30.93541483394801616668701171875" lon="120.04979987628757953643798828125">
        <ele>213.1999969482421875</ele>
        <time>2026-05-30T04:06:22.000Z</time>
        <extensions>
          <ns3:TrackPointExtension>
            <ns3:hr>160</ns3:hr>
            <ns3:cad>0</ns3:cad>
          </ns3:TrackPointExtension>
        </extensions>
      </trkpt>
      <trkpt lat="30.93541617505252361297607421875" lon="120.04979870282113552093505859375">
        <ele>212.8000030517578125</ele>
        <time>2026-05-30T04:06:28.000Z</time>
        <extensions>
          <ns3:TrackPointExtension>
            <ns3:hr>157</ns3:hr>
            <ns3:cad>0</ns3:cad>
          </ns3:TrackPointExtension>
        </extensions>
      </trkpt>
      <trkpt lat="30.93541793525218963623046875" lon="120.049798786640167236328125">
        <ele>212.600006103515625</ele>
        <time>2026-05-30T04:06:29.000Z</time>
        <extensions>
          <ns3:TrackPointExtension>
            <ns3:hr>157</ns3:hr>
            <ns3:cad>0</ns3:cad>
          </ns3:TrackPointExtension>
        </extensions>
      </trkpt>
      <trkpt lat="30.93542925082147121429443359375" lon="120.04982099868357181549072265625">
        <ele>211.399993896484375</ele>
        <time>2026-05-30T04:06:32.000Z</time>
        <extensions>
          <ns3:TrackPointExtension>
            <ns3:hr>156</ns3:hr>
            <ns3:cad>0</ns3:cad>
          </ns3:TrackPointExtension>
        </extensions>
      </trkpt>
      <trkpt lat="30.93544634990394115447998046875" lon="120.04984413273632526397705078125">
        <ele>210.399993896484375</ele>
        <time>2026-05-30T04:06:34.000Z</time>
        <extensions>
          <ns3:TrackPointExtension>
            <ns3:hr>157</ns3:hr>
            <ns3:cad>0</ns3:cad>
          </ns3:TrackPointExtension>
        </extensions>
      </trkpt>
      <trkpt lat="30.9354737587273120880126953125" lon="120.04987346939742565155029296875">
        <ele>209</ele>
        <time>2026-05-30T04:06:36.000Z</time>
        <extensions>
          <ns3:TrackPointExtension>
            <ns3:hr>156</ns3:hr>
            <ns3:cad>0</ns3:cad>
          </ns3:TrackPointExtension>
        </extensions>
      </trkpt>
      <trkpt lat="30.93550468795001506805419921875" lon="120.04992359317839145660400390625">
        <ele>207.600006103515625</ele>
        <time>2026-05-30T04:06:38.000Z</time>
        <extensions>
          <ns3:TrackPointExtension>
            <ns3:hr>155</ns3:hr>
            <ns3:cad>0</ns3:cad>
          </ns3:TrackPointExtension>
        </extensions>
      </trkpt>
      <trkpt lat="30.9355111420154571533203125" lon="120.04994370974600315093994140625">
        <ele>206.8000030517578125</ele>
        <time>2026-05-30T04:06:39.000Z</time>
        <extensions>
          <ns3:TrackPointExtension>
            <ns3:hr>155</ns3:hr>
            <ns3:cad>0</ns3:cad>
          </ns3:TrackPointExtension>
        </extensions>
      </trkpt>
      <trkpt lat="30.93551809899508953094482421875" lon="120.049958042800426483154296875">
        <ele>206</ele>
        <time>2026-05-30T04:06:40.000Z</time>
        <extensions>
          <ns3:TrackPointExtension>
            <ns3:hr>155</ns3:hr>
            <ns3:cad>0</ns3:cad>
          </ns3:TrackPointExtension>
        </extensions>
      </trkpt>
      <trkpt lat="30.93553586862981319427490234375" lon="120.05000188015401363372802734375">
        <ele>204.8000030517578125</ele>
        <time>2026-05-30T04:06:42.000Z</time>
        <extensions>
          <ns3:TrackPointExtension>
            <ns3:hr>153</ns3:hr>
            <ns3:cad>0</ns3:cad>
          </ns3:TrackPointExtension>
        </extensions>
      </trkpt>
      <trkpt lat="30.93555699102580547332763671875" lon="120.0500554405152797698974609375">
        <ele>203.399993896484375</ele>
        <time>2026-05-30T04:06:44.000Z</time>
        <extensions>
          <ns3:TrackPointExtension>
            <ns3:hr>151</ns3:hr>
            <ns3:cad>0</ns3:cad>
          </ns3:TrackPointExtension>
        </extensions>
      </trkpt>
      <trkpt lat="30.9355756826698780059814453125" lon="120.05008838139474391937255859375">
        <ele>201.8000030517578125</ele>
        <time>2026-05-30T04:06:46.000Z</time>
        <extensions>
          <ns3:TrackPointExtension>
            <ns3:hr>150</ns3:hr>
            <ns3:cad>0</ns3:cad>
          </ns3:TrackPointExtension>
        </extensions>
      </trkpt>
      <trkpt lat="30.9356038458645343780517578125" lon="120.050131045281887054443359375">
        <ele>200.1999969482421875</ele>
        <time>2026-05-30T04:06:48.000Z</time>
        <extensions>
          <ns3:TrackPointExtension>
            <ns3:hr>150</ns3:hr>
            <ns3:cad>0</ns3:cad>
          </ns3:TrackPointExtension>
        </extensions>
      </trkpt>
      <trkpt lat="30.93562756665050983428955078125" lon="120.05015023984014987945556640625">
        <ele>198.8000030517578125</ele>
        <time>2026-05-30T04:06:50.000Z</time>
        <extensions>
          <ns3:TrackPointExtension>
            <ns3:hr>150</ns3:hr>
            <ns3:cad>0</ns3:cad>
          </ns3:TrackPointExtension>
        </extensions>
      </trkpt>
      <trkpt lat="30.935642905533313751220703125" lon="120.0501627288758754730224609375">
        <ele>198.1999969482421875</ele>
        <time>2026-05-30T04:06:51.000Z</time>
        <extensions>
          <ns3:TrackPointExtension>
            <ns3:hr>150</ns3:hr>
            <ns3:cad>0</ns3:cad>
          </ns3:TrackPointExtension>
        </extensions>
      </trkpt>
      <trkpt lat="30.9356571547687053680419921875" lon="120.05017337389290332794189453125">
        <ele>197.8000030517578125</ele>
        <time>2026-05-30T04:06:52.000Z</time>
        <extensions>
          <ns3:TrackPointExtension>
            <ns3:hr>150</ns3:hr>
            <ns3:cad>0</ns3:cad>
          </ns3:TrackPointExtension>
        </extensions>
      </trkpt>
      <trkpt lat="30.93569286167621612548828125" lon="120.05020639859139919281005859375">
        <ele>196.600006103515625</ele>
        <time>2026-05-30T04:06:54.000Z</time>
        <extensions>
          <ns3:TrackPointExtension>
            <ns3:hr>150</ns3:hr>
            <ns3:cad>0</ns3:cad>
          </ns3:TrackPointExtension>
        </extensions>
      </trkpt>
      <trkpt lat="30.93573787249624729156494140625" lon="120.0502468831837177276611328125">
        <ele>195</ele>
        <time>2026-05-30T04:06:56.000Z</time>
        <extensions>
          <ns3:TrackPointExtension>
            <ns3:hr>150</ns3:hr>
            <ns3:cad>0</ns3:cad>
          </ns3:TrackPointExtension>
        </extensions>
      </trkpt>
      <trkpt lat="30.935764946043491363525390625" lon="120.050277896225452423095703125">
        <ele>194.1999969482421875</ele>
        <time>2026-05-30T04:06:57.000Z</time>
        <extensions>
          <ns3:TrackPointExtension>
            <ns3:hr>151</ns3:hr>
            <ns3:cad>0</ns3:cad>
          </ns3:TrackPointExtension>
        </extensions>
      </trkpt>
      <trkpt lat="30.9357899241149425506591796875" lon="120.0503112562000751495361328125">
        <ele>193.600006103515625</ele>
        <time>2026-05-30T04:06:58.000Z</time>
        <extensions>
          <ns3:TrackPointExtension>
            <ns3:hr>152</ns3:hr>
            <ns3:cad>0</ns3:cad>
          </ns3:TrackPointExtension>
        </extensions>
      </trkpt>
      <trkpt lat="30.93583778478205204010009765625" lon="120.05038417875766754150390625">
        <ele>192.600006103515625</ele>
        <time>2026-05-30T04:07:00.000Z</time>
        <extensions>
          <ns3:TrackPointExtension>
            <ns3:hr>154</ns3:hr>
            <ns3:cad>0</ns3:cad>
          </ns3:TrackPointExtension>
        </extensions>
      </trkpt>
      <trkpt lat="30.9358767606317996978759765625" lon="120.05048149265348911285400390625">
        <ele>192.1999969482421875</ele>
        <time>2026-05-30T04:07:03.000Z</time>
        <extensions>
          <ns3:TrackPointExtension>
            <ns3:hr>157</ns3:hr>
            <ns3:cad>0</ns3:cad>
          </ns3:TrackPointExtension>
        </extensions>
      </trkpt>
      <trkpt lat="30.93593166209757328033447265625" lon="120.050576291978359222412109375">
        <ele>191.8000030517578125</ele>
        <time>2026-05-30T04:07:06.000Z</time>
        <extensions>
          <ns3:TrackPointExtension>
            <ns3:hr>160</ns3:hr>
            <ns3:cad>93</ns3:cad>
          </ns3:TrackPointExtension>
        </extensions>
      </trkpt>
      <trkpt lat="30.93599553219974040985107421875" lon="120.05068433471024036407470703125">
        <ele>191.600006103515625</ele>
        <time>2026-05-30T04:07:10.000Z</time>
        <extensions>
          <ns3:TrackPointExtension>
            <ns3:hr>161</ns3:hr>
            <ns3:cad>88</ns3:cad>
          </ns3:TrackPointExtension>
        </extensions>
      </trkpt>
      <trkpt lat="30.93601196072995662689208984375" lon="120.05071350373327732086181640625">
        <ele>191.399993896484375</ele>
        <time>2026-05-30T04:07:11.000Z</time>
        <extensions>
          <ns3:TrackPointExtension>
            <ns3:hr>162</ns3:hr>
            <ns3:cad>88</ns3:cad>
          </ns3:TrackPointExtension>
        </extensions>
      </trkpt>
      <trkpt lat="30.93607641756534576416015625" lon="120.050749965012073516845703125">
        <ele>191</ele>
        <time>2026-05-30T04:07:15.000Z</time>
        <extensions>
          <ns3:TrackPointExtension>
            <ns3:hr>164</ns3:hr>
            <ns3:cad>0</ns3:cad>
          </ns3:TrackPointExtension>
        </extensions>
      </trkpt>
      <trkpt lat="30.93609242700040340423583984375" lon="120.05074384622275829315185546875">
        <ele>190.600006103515625</ele>
        <time>2026-05-30T04:07:16.000Z</time>
        <extensions>
          <ns3:TrackPointExtension>
            <ns3:hr>164</ns3:hr>
            <ns3:cad>81</ns3:cad>
          </ns3:TrackPointExtension>
        </extensions>
      </trkpt>
      <trkpt lat="30.93610868789255619049072265625" lon="120.0507330335676670074462890625">
        <ele>190.399993896484375</ele>
        <time>2026-05-30T04:07:17.000Z</time>
        <extensions>
          <ns3:TrackPointExtension>
            <ns3:hr>166</ns3:hr>
            <ns3:cad>81</ns3:cad>
          </ns3:TrackPointExtension>
        </extensions>
      </trkpt>
      <trkpt lat="30.93618663959205150604248046875" lon="120.0506539084017276763916015625">
        <ele>189.399993896484375</ele>
        <time>2026-05-30T04:07:21.000Z</time>
        <extensions>
          <ns3:TrackPointExtension>
            <ns3:hr>167</ns3:hr>
            <ns3:cad>80</ns3:cad>
          </ns3:TrackPointExtension>
        </extensions>
      </trkpt>
      <trkpt lat="30.93620876781642436981201171875" lon="120.05064058117568492889404296875">
        <ele>189</ele>
        <time>2026-05-30T04:07:22.000Z</time>
        <extensions>
          <ns3:TrackPointExtension>
            <ns3:hr>167</ns3:hr>
            <ns3:cad>82</ns3:cad>
          </ns3:TrackPointExtension>
        </extensions>
      </trkpt>
      <trkpt lat="30.93627934344112873077392578125" lon="120.05058928392827510833740234375">
        <ele>187.8000030517578125</ele>
        <time>2026-05-30T04:07:26.000Z</time>
        <extensions>
          <ns3:TrackPointExtension>
            <ns3:hr>169</ns3:hr>
            <ns3:cad>86</ns3:cad>
          </ns3:TrackPointExtension>
        </extensions>
      </trkpt>
      <trkpt lat="30.93631706200540065765380859375" lon="120.0505607016384601593017578125">
        <ele>187</ele>
        <time>2026-05-30T04:07:28.000Z</time>
        <extensions>
          <ns3:TrackPointExtension>
            <ns3:hr>171</ns3:hr>
            <ns3:cad>86</ns3:cad>
          </ns3:TrackPointExtension>
        </extensions>
      </trkpt>
      <trkpt lat="30.936334915459156036376953125" lon="120.05054838024079799652099609375">
        <ele>186.600006103515625</ele>
        <time>2026-05-30T04:07:29.000Z</time>
        <extensions>
          <ns3:TrackPointExtension>
            <ns3:hr>171</ns3:hr>
            <ns3:cad>86</ns3:cad>
          </ns3:TrackPointExtension>
        </extensions>
      </trkpt>
      <trkpt lat="30.93638889491558074951171875" lon="120.05049942992627620697021484375">
        <ele>185.600006103515625</ele>
        <time>2026-05-30T04:07:33.000Z</time>
        <extensions>
          <ns3:TrackPointExtension>
            <ns3:hr>172</ns3:hr>
            <ns3:cad>79</ns3:cad>
          </ns3:TrackPointExtension>
        </extensions>
      </trkpt>
      <trkpt lat="30.9364132024347782135009765625" lon="120.0504728592932224273681640625">
        <ele>184.8000030517578125</ele>
        <time>2026-05-30T04:07:36.000Z</time>
        <extensions>
          <ns3:TrackPointExtension>
            <ns3:hr>171</ns3:hr>
            <ns3:cad>79</ns3:cad>
          </ns3:TrackPointExtension>
        </extensions>
      </trkpt>
      <trkpt lat="30.93641982413828372955322265625" lon="120.0504621304571628570556640625">
        <ele>184.600006103515625</ele>
        <time>2026-05-30T04:07:37.000Z</time>
        <extensions>
          <ns3:TrackPointExtension>
            <ns3:hr>170</ns3:hr>
            <ns3:cad>121</ns3:cad>
          </ns3:TrackPointExtension>
        </extensions>
      </trkpt>
      <trkpt lat="30.9364826045930385589599609375" lon="120.05040965974330902099609375">
        <ele>183.1999969482421875</ele>
        <time>2026-05-30T04:07:41.000Z</time>
        <extensions>
          <ns3:TrackPointExtension>
            <ns3:hr>169</ns3:hr>
            <ns3:cad>121</ns3:cad>
          </ns3:TrackPointExtension>
        </extensions>
      </trkpt>
      <trkpt lat="30.93650163151323795318603515625" lon="120.05039733834564685821533203125">
        <ele>182.8000030517578125</ele>
        <time>2026-05-30T04:07:42.000Z</time>
        <extensions>
          <ns3:TrackPointExtension>
            <ns3:hr>168</ns3:hr>
            <ns3:cad>121</ns3:cad>
          </ns3:TrackPointExtension>
        </extensions>
      </trkpt>
      <trkpt lat="30.93651437200605869293212890625" lon="120.0503699295222759246826171875">
        <ele>182.1999969482421875</ele>
        <time>2026-05-30T04:07:44.000Z</time>
        <extensions>
          <ns3:TrackPointExtension>
            <ns3:hr>167</ns3:hr>
            <ns3:cad>121</ns3:cad>
          </ns3:TrackPointExtension>
        </extensions>
      </trkpt>
      <trkpt lat="30.9365305490791797637939453125" lon="120.05033950321376323699951171875">
        <ele>181.1999969482421875</ele>
        <time>2026-05-30T04:07:47.000Z</time>
        <extensions>
          <ns3:TrackPointExtension>
            <ns3:hr>163</ns3:hr>
            <ns3:cad>121</ns3:cad>
          </ns3:TrackPointExtension>
        </extensions>
      </trkpt>
      <trkpt lat="30.93653264455497264862060546875" lon="120.0503330491483211517333984375">
        <ele>180.8000030517578125</ele>
        <time>2026-05-30T04:07:48.000Z</time>
        <extensions>
          <ns3:TrackPointExtension>
            <ns3:hr>161</ns3:hr>
            <ns3:cad>121</ns3:cad>
          </ns3:TrackPointExtension>
        </extensions>
      </trkpt>
      <trkpt lat="30.93654756434261798858642578125" lon="120.05031268112361431121826171875">
        <ele>179.600006103515625</ele>
        <time>2026-05-30T04:07:51.000Z</time>
        <extensions>
          <ns3:TrackPointExtension>
            <ns3:hr>158</ns3:hr>
            <ns3:cad>121</ns3:cad>
          </ns3:TrackPointExtension>
        </extensions>
      </trkpt>
      <trkpt lat="30.93655996955931186676025390625" lon="120.0502918101847171783447265625">
        <ele>179</ele>
        <time>2026-05-30T04:07:53.000Z</time>
        <extensions>
          <ns3:TrackPointExtension>
            <ns3:hr>157</ns3:hr>
            <ns3:cad>0</ns3:cad>
          </ns3:TrackPointExtension>
        </extensions>
      </trkpt>
      <trkpt lat="30.93657220713794231414794921875" lon="120.05027823150157928466796875">
        <ele>178.600006103515625</ele>
        <time>2026-05-30T04:07:55.000Z</time>
        <extensions>
          <ns3:TrackPointExtension>
            <ns3:hr>156</ns3:hr>
            <ns3:cad>0</ns3:cad>
          </ns3:TrackPointExtension>
        </extensions>
      </trkpt>
      <trkpt lat="30.93660841695964336395263671875" lon="120.05026280879974365234375">
        <ele>178</ele>
        <time>2026-05-30T04:07:58.000Z</time>
        <extensions>
          <ns3:TrackPointExtension>
            <ns3:hr>153</ns3:hr>
            <ns3:cad>0</ns3:cad>
          </ns3:TrackPointExtension>
        </extensions>
      </trkpt>
      <trkpt lat="30.93663088046014308929443359375" lon="120.050252415239810943603515625">
        <ele>177.8000030517578125</ele>
        <time>2026-05-30T04:07:59.000Z</time>
        <extensions>
          <ns3:TrackPointExtension>
            <ns3:hr>153</ns3:hr>
            <ns3:cad>0</ns3:cad>
          </ns3:TrackPointExtension>
        </extensions>
      </trkpt>
      <trkpt lat="30.9366542659699916839599609375" lon="120.05024512298405170440673828125">
        <ele>177.399993896484375</ele>
        <time>2026-05-30T04:08:00.000Z</time>
        <extensions>
          <ns3:TrackPointExtension>
            <ns3:hr>152</ns3:hr>
            <ns3:cad>0</ns3:cad>
          </ns3:TrackPointExtension>
        </extensions>
      </trkpt>
      <trkpt lat="30.93670950271189212799072265625" lon="120.0502359867095947265625">
        <ele>176.399993896484375</ele>
        <time>2026-05-30T04:08:03.000Z</time>
        <extensions>
          <ns3:TrackPointExtension>
            <ns3:hr>150</ns3:hr>
            <ns3:cad>0</ns3:cad>
          </ns3:TrackPointExtension>
        </extensions>
      </trkpt>
      <trkpt lat="30.9367203153669834136962890625" lon="120.05023204721510410308837890625">
        <ele>176</ele>
        <time>2026-05-30T04:08:04.000Z</time>
        <extensions>
          <ns3:TrackPointExtension>
            <ns3:hr>149</ns3:hr>
            <ns3:cad>0</ns3:cad>
          </ns3:TrackPointExtension>
        </extensions>
      </trkpt>
      <trkpt lat="30.93674361705780029296875" lon="120.0502185523509979248046875">
        <ele>175</ele>
        <time>2026-05-30T04:08:07.000Z</time>
        <extensions>
          <ns3:TrackPointExtension>
            <ns3:hr>148</ns3:hr>
            <ns3:cad>0</ns3:cad>
          </ns3:TrackPointExtension>
        </extensions>
      </trkpt>
      <trkpt lat="30.93676029704511165618896484375" lon="120.0502136908471584320068359375">
        <ele>174.399993896484375</ele>
        <time>2026-05-30T04:08:10.000Z</time>
        <extensions>
          <ns3:TrackPointExtension>
            <ns3:hr>147</ns3:hr>
            <ns3:cad>0</ns3:cad>
          </ns3:TrackPointExtension>
        </extensions>
      </trkpt>
      <trkpt lat="30.9367843531072139739990234375" lon="120.05020941607654094696044921875">
        <ele>173.8000030517578125</ele>
        <time>2026-05-30T04:08:12.000Z</time>
        <extensions>
          <ns3:TrackPointExtension>
            <ns3:hr>148</ns3:hr>
            <ns3:cad>0</ns3:cad>
          </ns3:TrackPointExtension>
        </extensions>
      </trkpt>
      <trkpt lat="30.9368453733623027801513671875" lon="120.0501997768878936767578125">
        <ele>172.399993896484375</ele>
        <time>2026-05-30T04:08:16.000Z</time>
        <extensions>
          <ns3:TrackPointExtension>
            <ns3:hr>148</ns3:hr>
            <ns3:cad>0</ns3:cad>
          </ns3:TrackPointExtension>
        </extensions>
      </trkpt>
      <trkpt lat="30.936890132725238800048828125" lon="120.050192065536975860595703125">
        <ele>171.1999969482421875</ele>
        <time>2026-05-30T04:08:19.000Z</time>
        <extensions>
          <ns3:TrackPointExtension>
            <ns3:hr>147</ns3:hr>
            <ns3:cad>0</ns3:cad>
          </ns3:TrackPointExtension>
        </extensions>
      </trkpt>
      <trkpt lat="30.9369248338043689727783203125" lon="120.05018569529056549072265625">
        <ele>170.399993896484375</ele>
        <time>2026-05-30T04:08:22.000Z</time>
        <extensions>
          <ns3:TrackPointExtension>
            <ns3:hr>146</ns3:hr>
            <ns3:cad>72</ns3:cad>
          </ns3:TrackPointExtension>
        </extensions>
      </trkpt>
      <trkpt lat="30.93693061731755733489990234375" lon="120.050184689462184906005859375">
        <ele>170.1999969482421875</ele>
        <time>2026-05-30T04:08:23.000Z</time>
        <extensions>
          <ns3:TrackPointExtension>
            <ns3:hr>146</ns3:hr>
            <ns3:cad>72</ns3:cad>
          </ns3:TrackPointExtension>
        </extensions>
      </trkpt>
      <trkpt lat="30.93696347437798976898193359375" lon="120.0501670874655246734619140625">
        <ele>169.1999969482421875</ele>
        <time>2026-05-30T04:08:27.000Z</time>
        <extensions>
          <ns3:TrackPointExtension>
            <ns3:hr>145</ns3:hr>
            <ns3:cad>72</ns3:cad>
          </ns3:TrackPointExtension>
        </extensions>
      </trkpt>
      <trkpt lat="30.93699431978166103363037109375" lon="120.05016063340008258819580078125">
        <ele>168.600006103515625</ele>
        <time>2026-05-30T04:08:29.000Z</time>
        <extensions>
          <ns3:TrackPointExtension>
            <ns3:hr>145</ns3:hr>
            <ns3:cad>0</ns3:cad>
          </ns3:TrackPointExtension>
        </extensions>
      </trkpt>
      <trkpt lat="30.937011502683162689208984375" lon="120.0501499883830547332763671875">
        <ele>168</ele>
        <time>2026-05-30T04:08:31.000Z</time>
        <extensions>
          <ns3:TrackPointExtension>
            <ns3:hr>145</ns3:hr>
            <ns3:cad>0</ns3:cad>
          </ns3:TrackPointExtension>
        </extensions>
      </trkpt>
      <trkpt lat="30.93706020154058933258056640625" lon="120.050142444670200347900390625">
        <ele>167.1999969482421875</ele>
        <time>2026-05-30T04:08:34.000Z</time>
        <extensions>
          <ns3:TrackPointExtension>
            <ns3:hr>142</ns3:hr>
            <ns3:cad>65</ns3:cad>
          </ns3:TrackPointExtension>
        </extensions>
      </trkpt>
      <trkpt lat="30.93707394786179065704345703125" lon="120.050135739147663116455078125">
        <ele>167</ele>
        <time>2026-05-30T04:08:35.000Z</time>
        <extensions>
          <ns3:TrackPointExtension>
            <ns3:hr>142</ns3:hr>
            <ns3:cad>65</ns3:cad>
          </ns3:TrackPointExtension>
        </extensions>
      </trkpt>
      <trkpt lat="30.9371199645102024078369140625" lon="120.05012392066419124603271484375">
        <ele>165.8000030517578125</ele>
        <time>2026-05-30T04:08:39.000Z</time>
        <extensions>
          <ns3:TrackPointExtension>
            <ns3:hr>142</ns3:hr>
            <ns3:cad>62</ns3:cad>
          </ns3:TrackPointExtension>
        </extensions>
      </trkpt>
      <trkpt lat="30.9371333755552768707275390625" lon="120.05012266337871551513671875">
        <ele>165.600006103515625</ele>
        <time>2026-05-30T04:08:40.000Z</time>
        <extensions>
          <ns3:TrackPointExtension>
            <ns3:hr>141</ns3:hr>
            <ns3:cad>62</ns3:cad>
          </ns3:TrackPointExtension>
        </extensions>
      </trkpt>
      <trkpt lat="30.93717553652822971343994140625" lon="120.0501139461994171142578125">
        <ele>164.600006103515625</ele>
        <time>2026-05-30T04:08:43.000Z</time>
        <extensions>
          <ns3:TrackPointExtension>
            <ns3:hr>140</ns3:hr>
            <ns3:cad>62</ns3:cad>
          </ns3:TrackPointExtension>
        </extensions>
      </trkpt>
      <trkpt lat="30.93722783960402011871337890625" lon="120.05009408108890056610107421875">
        <ele>163.600006103515625</ele>
        <time>2026-05-30T04:08:46.000Z</time>
        <extensions>
          <ns3:TrackPointExtension>
            <ns3:hr>140</ns3:hr>
            <ns3:cad>78</ns3:cad>
          </ns3:TrackPointExtension>
        </extensions>
      </trkpt>
      <trkpt lat="30.93724041245877742767333984375" lon="120.05009240470826625823974609375">
        <ele>163.399993896484375</ele>
        <time>2026-05-30T04:08:47.000Z</time>
        <extensions>
          <ns3:TrackPointExtension>
            <ns3:hr>140</ns3:hr>
            <ns3:cad>78</ns3:cad>
          </ns3:TrackPointExtension>
        </extensions>
      </trkpt>
      <trkpt lat="30.9373033605515956878662109375" lon="120.0500852800905704498291015625">
        <ele>162</ele>
        <time>2026-05-30T04:08:51.000Z</time>
        <extensions>
          <ns3:TrackPointExtension>
            <ns3:hr>139</ns3:hr>
            <ns3:cad>78</ns3:cad>
          </ns3:TrackPointExtension>
        </extensions>
      </trkpt>
      <trkpt lat="30.937326662242412567138671875" lon="120.05007798783481121063232421875">
        <ele>161.399993896484375</ele>
        <time>2026-05-30T04:08:53.000Z</time>
        <extensions>
          <ns3:TrackPointExtension>
            <ns3:hr>139</ns3:hr>
            <ns3:cad>78</ns3:cad>
          </ns3:TrackPointExtension>
        </extensions>
      </trkpt>
      <trkpt lat="30.937354154884815216064453125" lon="120.05007765255868434906005859375">
        <ele>161</ele>
        <time>2026-05-30T04:08:55.000Z</time>
        <extensions>
          <ns3:TrackPointExtension>
            <ns3:hr>139</ns3:hr>
            <ns3:cad>78</ns3:cad>
          </ns3:TrackPointExtension>
        </extensions>
      </trkpt>
      <trkpt lat="30.93737083487212657928466796875" lon="120.05007614381611347198486328125">
        <ele>160.399993896484375</ele>
        <time>2026-05-30T04:08:57.000Z</time>
        <extensions>
          <ns3:TrackPointExtension>
            <ns3:hr>138</ns3:hr>
            <ns3:cad>61</ns3:cad>
          </ns3:TrackPointExtension>
        </extensions>
      </trkpt>
      <trkpt lat="30.9373912028968334197998046875" lon="120.0500710308551788330078125">
        <ele>159.8000030517578125</ele>
        <time>2026-05-30T04:09:00.000Z</time>
        <extensions>
          <ns3:TrackPointExtension>
            <ns3:hr>136</ns3:hr>
            <ns3:cad>61</ns3:cad>
          </ns3:TrackPointExtension>
        </extensions>
      </trkpt>
      <trkpt lat="30.9374289214611053466796875" lon="120.05005988292396068572998046875">
        <ele>159</ele>
        <time>2026-05-30T04:09:03.000Z</time>
        <extensions>
          <ns3:TrackPointExtension>
            <ns3:hr>136</ns3:hr>
            <ns3:cad>61</ns3:cad>
          </ns3:TrackPointExtension>
        </extensions>
      </trkpt>
      <trkpt lat="30.93744627200067043304443359375" lon="120.050057955086231231689453125">
        <ele>158.600006103515625</ele>
        <time>2026-05-30T04:09:04.000Z</time>
        <extensions>
          <ns3:TrackPointExtension>
            <ns3:hr>136</ns3:hr>
            <ns3:cad>61</ns3:cad>
          </ns3:TrackPointExtension>
        </extensions>
      </trkpt>
      <trkpt lat="30.9375015087425708770751953125" lon="120.050056278705596923828125">
        <ele>157.600006103515625</ele>
        <time>2026-05-30T04:09:07.000Z</time>
        <extensions>
          <ns3:TrackPointExtension>
            <ns3:hr>135</ns3:hr>
            <ns3:cad>61</ns3:cad>
          </ns3:TrackPointExtension>
        </extensions>
      </trkpt>
      <trkpt lat="30.937545262277126312255859375" lon="120.05005024373531341552734375">
        <ele>157</ele>
        <time>2026-05-30T04:09:09.000Z</time>
        <extensions>
          <ns3:TrackPointExtension>
            <ns3:hr>135</ns3:hr>
            <ns3:cad>89</ns3:cad>
          </ns3:TrackPointExtension>
        </extensions>
      </trkpt>
      <trkpt lat="30.93758457340300083160400390625" lon="120.050042532384395599365234375">
        <ele>156.399993896484375</ele>
        <time>2026-05-30T04:09:12.000Z</time>
        <extensions>
          <ns3:TrackPointExtension>
            <ns3:hr>135</ns3:hr>
            <ns3:cad>89</ns3:cad>
          </ns3:TrackPointExtension>
        </extensions>
      </trkpt>
      <trkpt lat="30.9375937096774578094482421875" lon="120.05003691650927066802978515625">
        <ele>155.8000030517578125</ele>
        <time>2026-05-30T04:09:14.000Z</time>
        <extensions>
          <ns3:TrackPointExtension>
            <ns3:hr>137</ns3:hr>
            <ns3:cad>89</ns3:cad>
          </ns3:TrackPointExtension>
        </extensions>
      </trkpt>
      <trkpt lat="30.93762941658496856689453125" lon="120.05001830868422985076904296875">
        <ele>155</ele>
        <time>2026-05-30T04:09:17.000Z</time>
        <extensions>
          <ns3:TrackPointExtension>
            <ns3:hr>138</ns3:hr>
            <ns3:cad>89</ns3:cad>
          </ns3:TrackPointExtension>
        </extensions>
      </trkpt>
      <trkpt lat="30.937641821801662445068359375" lon="120.05001629702746868133544921875">
        <ele>154.600006103515625</ele>
        <time>2026-05-30T04:09:18.000Z</time>
        <extensions>
          <ns3:TrackPointExtension>
            <ns3:hr>138</ns3:hr>
            <ns3:cad>89</ns3:cad>
          </ns3:TrackPointExtension>
        </extensions>
      </trkpt>
      <trkpt lat="30.93766788952052593231201171875" lon="120.0500007905066013336181640625">
        <ele>153.600006103515625</ele>
        <time>2026-05-30T04:09:20.000Z</time>
        <extensions>
          <ns3:TrackPointExtension>
            <ns3:hr>140</ns3:hr>
            <ns3:cad>0</ns3:cad>
          </ns3:TrackPointExtension>
        </extensions>
      </trkpt>
      <trkpt lat="30.93770292587578296661376953125" lon="120.04998318850994110107421875">
        <ele>152.8000030517578125</ele>
        <time>2026-05-30T04:09:23.000Z</time>
        <extensions>
          <ns3:TrackPointExtension>
            <ns3:hr>139</ns3:hr>
            <ns3:cad>0</ns3:cad>
          </ns3:TrackPointExtension>
        </extensions>
      </trkpt>
      <trkpt lat="30.937713570892810821533203125" lon="120.04997991956770420074462890625">
        <ele>152.600006103515625</ele>
        <time>2026-05-30T04:09:24.000Z</time>
        <extensions>
          <ns3:TrackPointExtension>
            <ns3:hr>139</ns3:hr>
            <ns3:cad>0</ns3:cad>
          </ns3:TrackPointExtension>
        </extensions>
      </trkpt>
      <trkpt lat="30.93778205104172229766845703125" lon="120.04997354932129383087158203125">
        <ele>151.600006103515625</ele>
        <time>2026-05-30T04:09:28.000Z</time>
        <extensions>
          <ns3:TrackPointExtension>
            <ns3:hr>139</ns3:hr>
            <ns3:cad>78</ns3:cad>
          </ns3:TrackPointExtension>
        </extensions>
      </trkpt>
      <trkpt lat="30.93781926669180393218994140625" lon="120.049975477159023284912109375">
        <ele>150.600006103515625</ele>
        <time>2026-05-30T04:09:30.000Z</time>
        <extensions>
          <ns3:TrackPointExtension>
            <ns3:hr>140</ns3:hr>
            <ns3:cad>78</ns3:cad>
          </ns3:TrackPointExtension>
        </extensions>
      </trkpt>
      <trkpt lat="30.93784072436392307281494140625" lon="120.0499766506254673004150390625">
        <ele>150.1999969482421875</ele>
        <time>2026-05-30T04:09:31.000Z</time>
        <extensions>
          <ns3:TrackPointExtension>
            <ns3:hr>140</ns3:hr>
            <ns3:cad>78</ns3:cad>
          </ns3:TrackPointExtension>
        </extensions>
      </trkpt>
      <trkpt lat="30.93790845014154911041259765625" lon="120.04998721182346343994140625">
        <ele>149.1999969482421875</ele>
        <time>2026-05-30T04:09:35.000Z</time>
        <extensions>
          <ns3:TrackPointExtension>
            <ns3:hr>140</ns3:hr>
            <ns3:cad>78</ns3:cad>
          </ns3:TrackPointExtension>
        </extensions>
      </trkpt>
      <trkpt lat="30.9379420615732669830322265625" lon="120.04997287876904010772705078125">
        <ele>148.600006103515625</ele>
        <time>2026-05-30T04:09:38.000Z</time>
        <extensions>
          <ns3:TrackPointExtension>
            <ns3:hr>142</ns3:hr>
            <ns3:cad>78</ns3:cad>
          </ns3:TrackPointExtension>
        </extensions>
      </trkpt>
      <trkpt lat="30.93795128166675567626953125" lon="120.0499501638114452362060546875">
        <ele>147.8000030517578125</ele>
        <time>2026-05-30T04:09:40.000Z</time>
        <extensions>
          <ns3:TrackPointExtension>
            <ns3:hr>142</ns3:hr>
            <ns3:cad>78</ns3:cad>
          </ns3:TrackPointExtension>
        </extensions>
      </trkpt>
      <trkpt lat="30.93797852285206317901611328125" lon="120.04991521127521991729736328125">
        <ele>146.399993896484375</ele>
        <time>2026-05-30T04:09:43.000Z</time>
        <extensions>
          <ns3:TrackPointExtension>
            <ns3:hr>140</ns3:hr>
            <ns3:cad>78</ns3:cad>
          </ns3:TrackPointExtension>
        </extensions>
      </trkpt>
      <trkpt lat="30.938013307750225067138671875" lon="120.04989023320376873016357421875">
        <ele>145.600006103515625</ele>
        <time>2026-05-30T04:09:45.000Z</time>
        <extensions>
          <ns3:TrackPointExtension>
            <ns3:hr>139</ns3:hr>
            <ns3:cad>78</ns3:cad>
          </ns3:TrackPointExtension>
        </extensions>
      </trkpt>
      <trkpt lat="30.93802713789045810699462890625" lon="120.04987631924450397491455078125">
        <ele>145.1999969482421875</ele>
        <time>2026-05-30T04:09:46.000Z</time>
        <extensions>
          <ns3:TrackPointExtension>
            <ns3:hr>139</ns3:hr>
            <ns3:cad>78</ns3:cad>
          </ns3:TrackPointExtension>
        </extensions>
      </trkpt>
      <trkpt lat="30.9380597434937953948974609375" lon="120.0498482398688793182373046875">
        <ele>143.8000030517578125</ele>
        <time>2026-05-30T04:09:49.000Z</time>
        <extensions>
          <ns3:TrackPointExtension>
            <ns3:hr>139</ns3:hr>
            <ns3:cad>91</ns3:cad>
          </ns3:TrackPointExtension>
        </extensions>
      </trkpt>
      <trkpt lat="30.93810550868511199951171875" lon="120.049811191856861114501953125">
        <ele>142.600006103515625</ele>
        <time>2026-05-30T04:09:53.000Z</time>
        <extensions>
          <ns3:TrackPointExtension>
            <ns3:hr>140</ns3:hr>
            <ns3:cad>71</ns3:cad>
          </ns3:TrackPointExtension>
        </extensions>
      </trkpt>
      <trkpt lat="30.9381378628313541412353515625" lon="120.04978864453732967376708984375">
        <ele>141.1999969482421875</ele>
        <time>2026-05-30T04:09:56.000Z</time>
        <extensions>
          <ns3:TrackPointExtension>
            <ns3:hr>140</ns3:hr>
            <ns3:cad>71</ns3:cad>
          </ns3:TrackPointExtension>
        </extensions>
      </trkpt>
      <trkpt lat="30.9381710551679134368896484375" lon="120.04975746385753154754638671875">
        <ele>140</ele>
        <time>2026-05-30T04:09:59.000Z</time>
        <extensions>
          <ns3:TrackPointExtension>
            <ns3:hr>141</ns3:hr>
            <ns3:cad>71</ns3:cad>
          </ns3:TrackPointExtension>
        </extensions>
      </trkpt>
      <trkpt lat="30.9382076002657413482666015625" lon="120.04972435534000396728515625">
        <ele>139</ele>
        <time>2026-05-30T04:10:02.000Z</time>
        <extensions>
          <ns3:TrackPointExtension>
            <ns3:hr>142</ns3:hr>
            <ns3:cad>71</ns3:cad>
          </ns3:TrackPointExtension>
        </extensions>
      </trkpt>
      <trkpt lat="30.93826199881732463836669921875" lon="120.04969728179275989532470703125">
        <ele>137.600006103515625</ele>
        <time>2026-05-30T04:10:05.000Z</time>
        <extensions>
          <ns3:TrackPointExtension>
            <ns3:hr>144</ns3:hr>
            <ns3:cad>71</ns3:cad>
          </ns3:TrackPointExtension>
        </extensions>
      </trkpt>
      <trkpt lat="30.93828446231782436370849609375" lon="120.0496856309473514556884765625">
        <ele>137.1999969482421875</ele>
        <time>2026-05-30T04:10:07.000Z</time>
        <extensions>
          <ns3:TrackPointExtension>
            <ns3:hr>144</ns3:hr>
            <ns3:cad>71</ns3:cad>
          </ns3:TrackPointExtension>
        </extensions>
      </trkpt>
      <trkpt lat="30.93829720281064510345458984375" lon="120.04967515356838703155517578125">
        <ele>136.600006103515625</ele>
        <time>2026-05-30T04:10:09.000Z</time>
        <extensions>
          <ns3:TrackPointExtension>
            <ns3:hr>143</ns3:hr>
            <ns3:cad>71</ns3:cad>
          </ns3:TrackPointExtension>
        </extensions>
      </trkpt>
      <trkpt lat="30.93832151032984256744384765625" lon="120.04965168423950672149658203125">
        <ele>135.399993896484375</ele>
        <time>2026-05-30T04:10:12.000Z</time>
        <extensions>
          <ns3:TrackPointExtension>
            <ns3:hr>142</ns3:hr>
            <ns3:cad>71</ns3:cad>
          </ns3:TrackPointExtension>
        </extensions>
      </trkpt>
      <trkpt lat="30.93833039514720439910888671875" lon="120.04963156767189502716064453125">
        <ele>134.1999969482421875</ele>
        <time>2026-05-30T04:10:15.000Z</time>
        <extensions>
          <ns3:TrackPointExtension>
            <ns3:hr>142</ns3:hr>
            <ns3:cad>107</ns3:cad>
          </ns3:TrackPointExtension>
        </extensions>
      </trkpt>
      <trkpt lat="30.9383514337241649627685546875" lon="120.04959904588758945465087890625">
        <ele>132.600006103515625</ele>
        <time>2026-05-30T04:10:18.000Z</time>
        <extensions>
          <ns3:TrackPointExtension>
            <ns3:hr>142</ns3:hr>
            <ns3:cad>107</ns3:cad>
          </ns3:TrackPointExtension>
        </extensions>
      </trkpt>
      <trkpt lat="30.93837582506239414215087890625" lon="120.04958764649927616119384765625">
        <ele>131.399993896484375</ele>
        <time>2026-05-30T04:10:21.000Z</time>
        <extensions>
          <ns3:TrackPointExtension>
            <ns3:hr>143</ns3:hr>
            <ns3:cad>107</ns3:cad>
          </ns3:TrackPointExtension>
        </extensions>
      </trkpt>
      <trkpt lat="30.9384025633335113525390625" lon="120.04956074059009552001953125">
        <ele>130.399993896484375</ele>
        <time>2026-05-30T04:10:24.000Z</time>
        <extensions>
          <ns3:TrackPointExtension>
            <ns3:hr>143</ns3:hr>
            <ns3:cad>0</ns3:cad>
          </ns3:TrackPointExtension>
        </extensions>
      </trkpt>
      <trkpt lat="30.93840725719928741455078125" lon="120.0495560467243194580078125">
        <ele>130</ele>
        <time>2026-05-30T04:10:25.000Z</time>
        <extensions>
          <ns3:TrackPointExtension>
            <ns3:hr>143</ns3:hr>
            <ns3:cad>0</ns3:cad>
          </ns3:TrackPointExtension>
        </extensions>
      </trkpt>
      <trkpt lat="30.9384245239198207855224609375" lon="120.0495132990181446075439453125">
        <ele>128.8000030517578125</ele>
        <time>2026-05-30T04:10:29.000Z</time>
        <extensions>
          <ns3:TrackPointExtension>
            <ns3:hr>146</ns3:hr>
            <ns3:cad>70</ns3:cad>
          </ns3:TrackPointExtension>
        </extensions>
      </trkpt>
      <trkpt lat="30.93843768350780010223388671875" lon="120.04949578084051609039306640625">
        <ele>128</ele>
        <time>2026-05-30T04:10:31.000Z</time>
        <extensions>
          <ns3:TrackPointExtension>
            <ns3:hr>146</ns3:hr>
            <ns3:cad>0</ns3:cad>
          </ns3:TrackPointExtension>
        </extensions>
      </trkpt>
      <trkpt lat="30.93844640068709850311279296875" lon="120.04948706366121768951416015625">
        <ele>127.59999847412109375</ele>
        <time>2026-05-30T04:10:32.000Z</time>
        <extensions>
          <ns3:TrackPointExtension>
            <ns3:hr>146</ns3:hr>
            <ns3:cad>0</ns3:cad>
          </ns3:TrackPointExtension>
        </extensions>
      </trkpt>
      <trkpt lat="30.93846584670245647430419921875" lon="120.04946686327457427978515625">
        <ele>126.40000152587890625</ele>
        <time>2026-05-30T04:10:35.000Z</time>
        <extensions>
          <ns3:TrackPointExtension>
            <ns3:hr>145</ns3:hr>
            <ns3:cad>0</ns3:cad>
          </ns3:TrackPointExtension>
        </extensions>
      </trkpt>
      <trkpt lat="30.93848763965070247650146484375" lon="120.0494254566729068756103515625">
        <ele>125</ele>
        <time>2026-05-30T04:10:38.000Z</time>
        <extensions>
          <ns3:TrackPointExtension>
            <ns3:hr>145</ns3:hr>
            <ns3:cad>0</ns3:cad>
          </ns3:TrackPointExtension>
        </extensions>
      </trkpt>
      <trkpt lat="30.93849845230579376220703125" lon="120.04941229708492755889892578125">
        <ele>124.40000152587890625</ele>
        <time>2026-05-30T04:10:39.000Z</time>
        <extensions>
          <ns3:TrackPointExtension>
            <ns3:hr>145</ns3:hr>
            <ns3:cad>0</ns3:cad>
          </ns3:TrackPointExtension>
        </extensions>
      </trkpt>
      <trkpt lat="30.938525609672069549560546875" lon="120.04939922131597995758056640625">
        <ele>123.59999847412109375</ele>
        <time>2026-05-30T04:10:41.000Z</time>
        <extensions>
          <ns3:TrackPointExtension>
            <ns3:hr>145</ns3:hr>
            <ns3:cad>0</ns3:cad>
          </ns3:TrackPointExtension>
        </extensions>
      </trkpt>
      <trkpt lat="30.93854815699160099029541015625" lon="120.0493889115750789642333984375">
        <ele>122.59999847412109375</ele>
        <time>2026-05-30T04:10:44.000Z</time>
        <extensions>
          <ns3:TrackPointExtension>
            <ns3:hr>144</ns3:hr>
            <ns3:cad>0</ns3:cad>
          </ns3:TrackPointExtension>
        </extensions>
      </trkpt>
      <trkpt lat="30.9385532699525356292724609375" lon="120.04938480444252490997314453125">
        <ele>122.40000152587890625</ele>
        <time>2026-05-30T04:10:45.000Z</time>
        <extensions>
          <ns3:TrackPointExtension>
            <ns3:hr>145</ns3:hr>
            <ns3:cad>0</ns3:cad>
          </ns3:TrackPointExtension>
        </extensions>
      </trkpt>
      <trkpt lat="30.9385774098336696624755859375" lon="120.04935798235237598419189453125">
        <ele>121.1999969482421875</ele>
        <time>2026-05-30T04:10:49.000Z</time>
        <extensions>
          <ns3:TrackPointExtension>
            <ns3:hr>145</ns3:hr>
            <ns3:cad>70</ns3:cad>
          </ns3:TrackPointExtension>
        </extensions>
      </trkpt>
      <trkpt lat="30.93857564963400363922119140625" lon="120.04934624768793582916259765625">
        <ele>120.8000030517578125</ele>
        <time>2026-05-30T04:10:51.000Z</time>
        <extensions>
          <ns3:TrackPointExtension>
            <ns3:hr>144</ns3:hr>
            <ns3:cad>120</ns3:cad>
          </ns3:TrackPointExtension>
        </extensions>
      </trkpt>
      <trkpt lat="30.9385924972593784332275390625" lon="120.0493253767490386962890625">
        <ele>120.1999969482421875</ele>
        <time>2026-05-30T04:10:53.000Z</time>
        <extensions>
          <ns3:TrackPointExtension>
            <ns3:hr>145</ns3:hr>
            <ns3:cad>120</ns3:cad>
          </ns3:TrackPointExtension>
        </extensions>
      </trkpt>
      <trkpt lat="30.93861202709376811981201171875" lon="120.04930148832499980926513671875">
        <ele>118.8000030517578125</ele>
        <time>2026-05-30T04:10:56.000Z</time>
        <extensions>
          <ns3:TrackPointExtension>
            <ns3:hr>145</ns3:hr>
            <ns3:cad>0</ns3:cad>
          </ns3:TrackPointExtension>
        </extensions>
      </trkpt>
      <trkpt lat="30.93862661160528659820556640625" lon="120.04927416332066059112548828125">
        <ele>117.59999847412109375</ele>
        <time>2026-05-30T04:10:59.000Z</time>
        <extensions>
          <ns3:TrackPointExtension>
            <ns3:hr>146</ns3:hr>
            <ns3:cad>66</ns3:cad>
          </ns3:TrackPointExtension>
        </extensions>
      </trkpt>
      <trkpt lat="30.93863851390779018402099609375" lon="120.0492605008184909820556640625">
        <ele>116.8000030517578125</ele>
        <time>2026-05-30T04:11:02.000Z</time>
        <extensions>
          <ns3:TrackPointExtension>
            <ns3:hr>147</ns3:hr>
            <ns3:cad>66</ns3:cad>
          </ns3:TrackPointExtension>
        </extensions>
      </trkpt>
      <trkpt lat="30.9386397711932659149169921875" lon="120.0492584891617298126220703125">
        <ele>116.59999847412109375</ele>
        <time>2026-05-30T04:11:03.000Z</time>
        <extensions>
          <ns3:TrackPointExtension>
            <ns3:hr>148</ns3:hr>
            <ns3:cad>66</ns3:cad>
          </ns3:TrackPointExtension>
        </extensions>
      </trkpt>
      <trkpt lat="30.93865133821964263916015625" lon="120.049231834709644317626953125">
        <ele>115.40000152587890625</ele>
        <time>2026-05-30T04:11:06.000Z</time>
        <extensions>
          <ns3:TrackPointExtension>
            <ns3:hr>149</ns3:hr>
            <ns3:cad>62</ns3:cad>
          </ns3:TrackPointExtension>
        </extensions>
      </trkpt>
      <trkpt lat="30.93866282142698764801025390625" lon="120.04920945502817630767822265625">
        <ele>114.40000152587890625</ele>
        <time>2026-05-30T04:11:08.000Z</time>
        <extensions>
          <ns3:TrackPointExtension>
            <ns3:hr>149</ns3:hr>
            <ns3:cad>62</ns3:cad>
          </ns3:TrackPointExtension>
        </extensions>
      </trkpt>
      <trkpt lat="30.9386719577014446258544921875" lon="120.049192272126674652099609375">
        <ele>114</ele>
        <time>2026-05-30T04:11:09.000Z</time>
        <extensions>
          <ns3:TrackPointExtension>
            <ns3:hr>149</ns3:hr>
            <ns3:cad>62</ns3:cad>
          </ns3:TrackPointExtension>
        </extensions>
      </trkpt>
      <trkpt lat="30.93869634903967380523681640625" lon="120.0491644442081451416015625">
        <ele>113</ele>
        <time>2026-05-30T04:11:11.000Z</time>
        <extensions>
          <ns3:TrackPointExtension>
            <ns3:hr>149</ns3:hr>
            <ns3:cad>62</ns3:cad>
          </ns3:TrackPointExtension>
        </extensions>
      </trkpt>
      <trkpt lat="30.9387269429862499237060546875" lon="120.04911775700747966766357421875">
        <ele>111.40000152587890625</ele>
        <time>2026-05-30T04:11:13.000Z</time>
        <extensions>
          <ns3:TrackPointExtension>
            <ns3:hr>149</ns3:hr>
            <ns3:cad>62</ns3:cad>
          </ns3:TrackPointExtension>
        </extensions>
      </trkpt>
      <trkpt lat="30.93874664045870304107666015625" lon="120.04909294657409191131591796875">
        <ele>110.40000152587890625</ele>
        <time>2026-05-30T04:11:14.000Z</time>
        <extensions>
          <ns3:TrackPointExtension>
            <ns3:hr>150</ns3:hr>
            <ns3:cad>62</ns3:cad>
          </ns3:TrackPointExtension>
        </extensions>
      </trkpt>
      <trkpt lat="30.93876675702631473541259765625" lon="120.04907735623419284820556640625">
        <ele>109.40000152587890625</ele>
        <time>2026-05-30T04:11:15.000Z</time>
        <extensions>
          <ns3:TrackPointExtension>
            <ns3:hr>150</ns3:hr>
            <ns3:cad>62</ns3:cad>
          </ns3:TrackPointExtension>
        </extensions>
      </trkpt>
      <trkpt lat="30.93880690634250640869140625" lon="120.0490388832986354827880859375">
        <ele>107.59999847412109375</ele>
        <time>2026-05-30T04:11:17.000Z</time>
        <extensions>
          <ns3:TrackPointExtension>
            <ns3:hr>151</ns3:hr>
            <ns3:cad>62</ns3:cad>
          </ns3:TrackPointExtension>
        </extensions>
      </trkpt>
      <trkpt lat="30.9388375841081142425537109375" lon="120.0490167550742626190185546875">
        <ele>107</ele>
        <time>2026-05-30T04:11:19.000Z</time>
        <extensions>
          <ns3:TrackPointExtension>
            <ns3:hr>152</ns3:hr>
            <ns3:cad>0</ns3:cad>
          </ns3:TrackPointExtension>
        </extensions>
      </trkpt>
      <trkpt lat="30.93886650167405605316162109375" lon="120.0489842332899570465087890625">
        <ele>106.1999969482421875</ele>
        <time>2026-05-30T04:11:21.000Z</time>
        <extensions>
          <ns3:TrackPointExtension>
            <ns3:hr>152</ns3:hr>
            <ns3:cad>0</ns3:cad>
          </ns3:TrackPointExtension>
        </extensions>
      </trkpt>
      <trkpt lat="30.93888561241328716278076171875" lon="120.04896168597042560577392578125">
        <ele>105</ele>
        <time>2026-05-30T04:11:23.000Z</time>
        <extensions>
          <ns3:TrackPointExtension>
            <ns3:hr>153</ns3:hr>
            <ns3:cad>0</ns3:cad>
          </ns3:TrackPointExtension>
        </extensions>
      </trkpt>
      <trkpt lat="30.9389016218483448028564453125" lon="120.04894861020147800445556640625">
        <ele>104.1999969482421875</ele>
        <time>2026-05-30T04:11:25.000Z</time>
        <extensions>
          <ns3:TrackPointExtension>
            <ns3:hr>154</ns3:hr>
            <ns3:cad>0</ns3:cad>
          </ns3:TrackPointExtension>
        </extensions>
      </trkpt>
      <trkpt lat="30.9389110095798969268798828125" lon="120.048937462270259857177734375">
        <ele>103.8000030517578125</ele>
        <time>2026-05-30T04:11:26.000Z</time>
        <extensions>
          <ns3:TrackPointExtension>
            <ns3:hr>154</ns3:hr>
            <ns3:cad>0</ns3:cad>
          </ns3:TrackPointExtension>
        </extensions>
      </trkpt>
      <trkpt lat="30.9389183856546878814697265625" lon="120.04891927354037761688232421875">
        <ele>102.59999847412109375</ele>
        <time>2026-05-30T04:11:29.000Z</time>
        <extensions>
          <ns3:TrackPointExtension>
            <ns3:hr>154</ns3:hr>
            <ns3:cad>0</ns3:cad>
          </ns3:TrackPointExtension>
        </extensions>
      </trkpt>
      <trkpt lat="30.9389177151024341583251953125" lon="120.04891340620815753936767578125">
        <ele>102.59999847412109375</ele>
        <time>2026-05-30T04:11:30.000Z</time>
        <extensions>
          <ns3:TrackPointExtension>
            <ns3:hr>155</ns3:hr>
            <ns3:cad>94</ns3:cad>
          </ns3:TrackPointExtension>
        </extensions>
      </trkpt>
      <trkpt lat="30.93892081640660762786865234375" lon="120.0489051081240177154541015625">
        <ele>102.40000152587890625</ele>
        <time>2026-05-30T04:11:33.000Z</time>
        <extensions>
          <ns3:TrackPointExtension>
            <ns3:hr>158</ns3:hr>
            <ns3:cad>0</ns3:cad>
          </ns3:TrackPointExtension>
        </extensions>
      </trkpt>
      <trkpt lat="30.93891687691211700439453125" lon="120.04888105206191539764404296875">
        <ele>102</ele>
        <time>2026-05-30T04:11:36.000Z</time>
        <extensions>
          <ns3:TrackPointExtension>
            <ns3:hr>155</ns3:hr>
            <ns3:cad>0</ns3:cad>
          </ns3:TrackPointExtension>
        </extensions>
      </trkpt>
      <trkpt lat="30.9389281086623668670654296875" lon="120.048854649066925048828125">
        <ele>102</ele>
        <time>2026-05-30T04:11:38.000Z</time>
        <extensions>
          <ns3:TrackPointExtension>
            <ns3:hr>155</ns3:hr>
            <ns3:cad>0</ns3:cad>
          </ns3:TrackPointExtension>
        </extensions>
      </trkpt>
      <trkpt lat="30.93897060491144657135009765625" lon="120.0487904436886310577392578125">
        <ele>102.1999969482421875</ele>
        <time>2026-05-30T04:11:44.000Z</time>
        <extensions>
          <ns3:TrackPointExtension>
            <ns3:hr>152</ns3:hr>
            <ns3:cad>73</ns3:cad>
          </ns3:TrackPointExtension>
        </extensions>
      </trkpt>
      <trkpt lat="30.9389954991638660430908203125" lon="120.04875817336142063140869140625">
        <ele>102.40000152587890625</ele>
        <time>2026-05-30T04:11:48.000Z</time>
        <extensions>
          <ns3:TrackPointExtension>
            <ns3:hr>152</ns3:hr>
            <ns3:cad>0</ns3:cad>
          </ns3:TrackPointExtension>
        </extensions>
      </trkpt>
      <trkpt lat="30.93900480307638645172119140625" lon="120.04874241538345813751220703125">
        <ele>102.59999847412109375</ele>
        <time>2026-05-30T04:11:50.000Z</time>
        <extensions>
          <ns3:TrackPointExtension>
            <ns3:hr>152</ns3:hr>
            <ns3:cad>0</ns3:cad>
          </ns3:TrackPointExtension>
        </extensions>
      </trkpt>
      <trkpt lat="30.939003713428974151611328125" lon="120.04868156276643276214599609375">
        <ele>103.59999847412109375</ele>
        <time>2026-05-30T04:11:57.000Z</time>
        <extensions>
          <ns3:TrackPointExtension>
            <ns3:hr>151</ns3:hr>
            <ns3:cad>58</ns3:cad>
          </ns3:TrackPointExtension>
        </extensions>
      </trkpt>
      <trkpt lat="30.9390089102089405059814453125" lon="120.04866890609264373779296875">
        <ele>104.1999969482421875</ele>
        <time>2026-05-30T04:11:58.000Z</time>
        <extensions>
          <ns3:TrackPointExtension>
            <ns3:hr>151</ns3:hr>
            <ns3:cad>58</ns3:cad>
          </ns3:TrackPointExtension>
        </extensions>
      </trkpt>
      <trkpt lat="30.9390313737094402313232421875" lon="120.04864049144089221954345703125">
        <ele>105.1999969482421875</ele>
        <time>2026-05-30T04:12:00.000Z</time>
        <extensions>
          <ns3:TrackPointExtension>
            <ns3:hr>150</ns3:hr>
            <ns3:cad>58</ns3:cad>
          </ns3:TrackPointExtension>
        </extensions>
      </trkpt>
      <trkpt lat="30.9390444494783878326416015625" lon="120.04863512702286243438720703125">
        <ele>105.59999847412109375</ele>
        <time>2026-05-30T04:12:01.000Z</time>
        <extensions>
          <ns3:TrackPointExtension>
            <ns3:hr>150</ns3:hr>
            <ns3:cad>70</ns3:cad>
          </ns3:TrackPointExtension>
        </extensions>
      </trkpt>
      <trkpt lat="30.9390632249414920806884765625" lon="120.0486251525580883026123046875">
        <ele>106.1999969482421875</ele>
        <time>2026-05-30T04:12:02.000Z</time>
        <extensions>
          <ns3:TrackPointExtension>
            <ns3:hr>150</ns3:hr>
            <ns3:cad>71</ns3:cad>
          </ns3:TrackPointExtension>
        </extensions>
      </trkpt>
      <trkpt lat="30.93912717886269092559814453125" lon="120.0486057065427303314208984375">
        <ele>107.59999847412109375</ele>
        <time>2026-05-30T04:12:05.000Z</time>
        <extensions>
          <ns3:TrackPointExtension>
            <ns3:hr>152</ns3:hr>
            <ns3:cad>73</ns3:cad>
          </ns3:TrackPointExtension>
        </extensions>
      </trkpt>
      <trkpt lat="30.93914226628839969635009765625" lon="120.04860050976276397705078125">
        <ele>108</ele>
        <time>2026-05-30T04:12:06.000Z</time>
        <extensions>
          <ns3:TrackPointExtension>
            <ns3:hr>154</ns3:hr>
            <ns3:cad>73</ns3:cad>
          </ns3:TrackPointExtension>
        </extensions>
      </trkpt>
      <trkpt lat="30.9391939826309680938720703125" lon="120.0485745258629322052001953125">
        <ele>108.8000030517578125</ele>
        <time>2026-05-30T04:12:09.000Z</time>
        <extensions>
          <ns3:TrackPointExtension>
            <ns3:hr>158</ns3:hr>
            <ns3:cad>75</ns3:cad>
          </ns3:TrackPointExtension>
        </extensions>
      </trkpt>
      <trkpt lat="30.9392432682216167449951171875" lon="120.04855449311435222625732421875">
        <ele>109.40000152587890625</ele>
        <time>2026-05-30T04:12:11.000Z</time>
        <extensions>
          <ns3:TrackPointExtension>
            <ns3:hr>161</ns3:hr>
            <ns3:cad>75</ns3:cad>
          </ns3:TrackPointExtension>
        </extensions>
      </trkpt>
      <trkpt lat="30.93926933594048023223876953125" lon="120.0485386513173580169677734375">
        <ele>110</ele>
        <time>2026-05-30T04:12:12.000Z</time>
        <extensions>
          <ns3:TrackPointExtension>
            <ns3:hr>162</ns3:hr>
            <ns3:cad>75</ns3:cad>
          </ns3:TrackPointExtension>
        </extensions>
      </trkpt>
      <trkpt lat="30.9393173642456531524658203125" lon="120.0485071353614330291748046875">
        <ele>111</ele>
        <time>2026-05-30T04:12:14.000Z</time>
        <extensions>
          <ns3:TrackPointExtension>
            <ns3:hr>164</ns3:hr>
            <ns3:cad>81</ns3:cad>
          </ns3:TrackPointExtension>
        </extensions>
      </trkpt>
      <trkpt lat="30.93937360681593418121337890625" lon="120.0484699197113513946533203125">
        <ele>112.59999847412109375</ele>
        <time>2026-05-30T04:12:17.000Z</time>
        <extensions>
          <ns3:TrackPointExtension>
            <ns3:hr>167</ns3:hr>
            <ns3:cad>83</ns3:cad>
          </ns3:TrackPointExtension>
        </extensions>
      </trkpt>
      <trkpt lat="30.93939422629773616790771484375" lon="120.04843630827963352203369140625">
        <ele>113.59999847412109375</ele>
        <time>2026-05-30T04:12:19.000Z</time>
        <extensions>
          <ns3:TrackPointExtension>
            <ns3:hr>169</ns3:hr>
            <ns3:cad>82</ns3:cad>
          </ns3:TrackPointExtension>
        </extensions>
      </trkpt>
      <trkpt lat="30.93939875252544879913330078125" lon="120.0484166108071804046630859375">
        <ele>114.1999969482421875</ele>
        <time>2026-05-30T04:12:20.000Z</time>
        <extensions>
          <ns3:TrackPointExtension>
            <ns3:hr>170</ns3:hr>
            <ns3:cad>82</ns3:cad>
          </ns3:TrackPointExtension>
        </extensions>
      </trkpt>
      <trkpt lat="30.93940294347703456878662109375" lon="120.04839356057345867156982421875">
        <ele>114.59999847412109375</ele>
        <time>2026-05-30T04:12:21.000Z</time>
        <extensions>
          <ns3:TrackPointExtension>
            <ns3:hr>171</ns3:hr>
            <ns3:cad>82</ns3:cad>
          </ns3:TrackPointExtension>
        </extensions>
      </trkpt>
      <trkpt lat="30.93942088074982166290283203125" lon="120.04833161830902099609375">
        <ele>116.40000152587890625</ele>
        <time>2026-05-30T04:12:24.000Z</time>
        <extensions>
          <ns3:TrackPointExtension>
            <ns3:hr>173</ns3:hr>
            <ns3:cad>77</ns3:cad>
          </ns3:TrackPointExtension>
        </extensions>
      </trkpt>
      <trkpt lat="30.93942306004464626312255859375" lon="120.048311837017536163330078125">
        <ele>117</ele>
        <time>2026-05-30T04:12:25.000Z</time>
        <extensions>
          <ns3:TrackPointExtension>
            <ns3:hr>174</ns3:hr>
            <ns3:cad>77</ns3:cad>
          </ns3:TrackPointExtension>
        </extensions>
      </trkpt>
      <trkpt lat="30.93942875973880290985107421875" lon="120.04828526638448238372802734375">
        <ele>117.8000030517578125</ele>
        <time>2026-05-30T04:12:26.000Z</time>
        <extensions>
          <ns3:TrackPointExtension>
            <ns3:hr>175</ns3:hr>
            <ns3:cad>77</ns3:cad>
          </ns3:TrackPointExtension>
        </extensions>
      </trkpt>
      <trkpt lat="30.93944116495549678802490234375" lon="120.0482392497360706329345703125">
        <ele>119</ele>
        <time>2026-05-30T04:12:28.000Z</time>
        <extensions>
          <ns3:TrackPointExtension>
            <ns3:hr>176</ns3:hr>
            <ns3:cad>80</ns3:cad>
          </ns3:TrackPointExtension>
        </extensions>
      </trkpt>
      <trkpt lat="30.9394593536853790283203125" lon="120.04819138906896114349365234375">
        <ele>120.40000152587890625</ele>
        <time>2026-05-30T04:12:30.000Z</time>
        <extensions>
          <ns3:TrackPointExtension>
            <ns3:hr>177</ns3:hr>
            <ns3:cad>82</ns3:cad>
          </ns3:TrackPointExtension>
        </extensions>
      </trkpt>
      <trkpt lat="30.93948952853679656982421875" lon="120.0481410138309001922607421875">
        <ele>121.40000152587890625</ele>
        <time>2026-05-30T04:12:32.000Z</time>
        <extensions>
          <ns3:TrackPointExtension>
            <ns3:hr>179</ns3:hr>
            <ns3:cad>81</ns3:cad>
          </ns3:TrackPointExtension>
        </extensions>
      </trkpt>
      <trkpt lat="30.9395346231758594512939453125" lon="120.048075802624225616455078125">
        <ele>122</ele>
        <time>2026-05-30T04:12:35.000Z</time>
        <extensions>
          <ns3:TrackPointExtension>
            <ns3:hr>181</ns3:hr>
            <ns3:cad>82</ns3:cad>
          </ns3:TrackPointExtension>
        </extensions>
      </trkpt>
      <trkpt lat="30.9395922906696796417236328125" lon="120.04798251204192638397216796875">
        <ele>121.59999847412109375</ele>
        <time>2026-05-30T04:12:42.000Z</time>
        <extensions>
          <ns3:TrackPointExtension>
            <ns3:hr>183</ns3:hr>
            <ns3:cad>61</ns3:cad>
          </ns3:TrackPointExtension>
        </extensions>
      </trkpt>
      <trkpt lat="30.93960486352443695068359375" lon="120.04794680513441562652587890625">
        <ele>121</ele>
        <time>2026-05-30T04:12:46.000Z</time>
        <extensions>
          <ns3:TrackPointExtension>
            <ns3:hr>180</ns3:hr>
            <ns3:cad>0</ns3:cad>
          </ns3:TrackPointExtension>
        </extensions>
      </trkpt>
      <trkpt lat="30.9396338649094104766845703125" lon="120.0479093380272388458251953125">
        <ele>120.1999969482421875</ele>
        <time>2026-05-30T04:12:48.000Z</time>
        <extensions>
          <ns3:TrackPointExtension>
            <ns3:hr>178</ns3:hr>
            <ns3:cad>0</ns3:cad>
          </ns3:TrackPointExtension>
        </extensions>
      </trkpt>
      <trkpt lat="30.93965473584830760955810546875" lon="120.04788972437381744384765625">
        <ele>120</ele>
        <time>2026-05-30T04:12:49.000Z</time>
        <extensions>
          <ns3:TrackPointExtension>
            <ns3:hr>177</ns3:hr>
            <ns3:cad>68</ns3:cad>
          </ns3:TrackPointExtension>
        </extensions>
      </trkpt>
      <trkpt lat="30.93970167450606822967529296875" lon="120.04784638993442058563232421875">
        <ele>119</ele>
        <time>2026-05-30T04:12:51.000Z</time>
        <extensions>
          <ns3:TrackPointExtension>
            <ns3:hr>177</ns3:hr>
            <ns3:cad>68</ns3:cad>
          </ns3:TrackPointExtension>
        </extensions>
      </trkpt>
      <trkpt lat="30.9397669695317745208740234375" lon="120.04778821952641010284423828125">
        <ele>117.8000030517578125</ele>
        <time>2026-05-30T04:12:54.000Z</time>
        <extensions>
          <ns3:TrackPointExtension>
            <ns3:hr>176</ns3:hr>
            <ns3:cad>78</ns3:cad>
          </ns3:TrackPointExtension>
        </extensions>
      </trkpt>
      <trkpt lat="30.93978725373744964599609375" lon="120.04776525311172008514404296875">
        <ele>117.40000152587890625</ele>
        <time>2026-05-30T04:12:55.000Z</time>
        <extensions>
          <ns3:TrackPointExtension>
            <ns3:hr>175</ns3:hr>
            <ns3:cad>78</ns3:cad>
          </ns3:TrackPointExtension>
        </extensions>
      </trkpt>
      <trkpt lat="30.939828492701053619384765625" lon="120.04772200249135494232177734375">
        <ele>116.59999847412109375</ele>
        <time>2026-05-30T04:12:57.000Z</time>
        <extensions>
          <ns3:TrackPointExtension>
            <ns3:hr>175</ns3:hr>
            <ns3:cad>79</ns3:cad>
          </ns3:TrackPointExtension>
        </extensions>
      </trkpt>
      <trkpt lat="30.9398940391838550567626953125" lon="120.047678165137767791748046875">
        <ele>115.40000152587890625</ele>
        <time>2026-05-30T04:13:00.000Z</time>
        <extensions>
          <ns3:TrackPointExtension>
            <ns3:hr>175</ns3:hr>
            <ns3:cad>78</ns3:cad>
          </ns3:TrackPointExtension>
        </extensions>
      </trkpt>
      <trkpt lat="30.939932428300380706787109375" lon="120.0476437993347644805908203125">
        <ele>114.8000030517578125</ele>
        <time>2026-05-30T04:13:03.000Z</time>
        <extensions>
          <ns3:TrackPointExtension>
            <ns3:hr>174</ns3:hr>
            <ns3:cad>75</ns3:cad>
          </ns3:TrackPointExtension>
        </extensions>
      </trkpt>
      <trkpt lat="30.93997291289269924163818359375" lon="120.04760163836181163787841796875">
        <ele>114.40000152587890625</ele>
        <time>2026-05-30T04:13:06.000Z</time>
        <extensions>
          <ns3:TrackPointExtension>
            <ns3:hr>174</ns3:hr>
            <ns3:cad>65</ns3:cad>
          </ns3:TrackPointExtension>
        </extensions>
      </trkpt>
      <trkpt lat="30.939995460212230682373046875" lon="120.0475710444152355194091796875">
        <ele>114.1999969482421875</ele>
        <time>2026-05-30T04:13:09.000Z</time>
        <extensions>
          <ns3:TrackPointExtension>
            <ns3:hr>173</ns3:hr>
            <ns3:cad>60</ns3:cad>
          </ns3:TrackPointExtension>
        </extensions>
      </trkpt>
      <trkpt lat="30.94003091566264629364013671875" lon="120.04752100445330142974853515625">
        <ele>113.40000152587890625</ele>
        <time>2026-05-30T04:13:13.000Z</time>
        <extensions>
          <ns3:TrackPointExtension>
            <ns3:hr>170</ns3:hr>
            <ns3:cad>118</ns3:cad>
          </ns3:TrackPointExtension>
        </extensions>
      </trkpt>
      <trkpt lat="30.9400938637554645538330078125" lon="120.04746987484395503997802734375">
        <ele>112</ele>
        <time>2026-05-30T04:13:16.000Z</time>
        <extensions>
          <ns3:TrackPointExtension>
            <ns3:hr>170</ns3:hr>
            <ns3:cad>89</ns3:cad>
          </ns3:TrackPointExtension>
        </extensions>
      </trkpt>
      <trkpt lat="30.94012252986431121826171875" lon="120.04743550904095172882080078125">
        <ele>111</ele>
        <time>2026-05-30T04:13:18.000Z</time>
        <extensions>
          <ns3:TrackPointExtension>
            <ns3:hr>170</ns3:hr>
            <ns3:cad>89</ns3:cad>
          </ns3:TrackPointExtension>
        </extensions>
      </trkpt>
      <trkpt lat="30.9401508606970310211181640625" lon="120.04740826785564422607421875">
        <ele>110</ele>
        <time>2026-05-30T04:13:20.000Z</time>
        <extensions>
          <ns3:TrackPointExtension>
            <ns3:hr>170</ns3:hr>
            <ns3:cad>93</ns3:cad>
          </ns3:TrackPointExtension>
        </extensions>
      </trkpt>
      <trkpt lat="30.94018732197582721710205078125" lon="120.04736593924462795257568359375">
        <ele>108.1999969482421875</ele>
        <time>2026-05-30T04:13:22.000Z</time>
        <extensions>
          <ns3:TrackPointExtension>
            <ns3:hr>169</ns3:hr>
            <ns3:cad>97</ns3:cad>
          </ns3:TrackPointExtension>
        </extensions>
      </trkpt>
      <trkpt lat="30.94023308716714382171630859375" lon="120.04731975495815277099609375">
        <ele>106.40000152587890625</ele>
        <time>2026-05-30T04:13:24.000Z</time>
        <extensions>
          <ns3:TrackPointExtension>
            <ns3:hr>168</ns3:hr>
            <ns3:cad>97</ns3:cad>
          </ns3:TrackPointExtension>
        </extensions>
      </trkpt>
      <trkpt lat="30.94028371386229991912841796875" lon="120.047270469367504119873046875">
        <ele>104.8000030517578125</ele>
        <time>2026-05-30T04:13:26.000Z</time>
        <extensions>
          <ns3:TrackPointExtension>
            <ns3:hr>167</ns3:hr>
            <ns3:cad>99</ns3:cad>
          </ns3:TrackPointExtension>
        </extensions>
      </trkpt>
      <trkpt lat="30.94031590037047863006591796875" lon="120.04723954014480113983154296875">
        <ele>104.1999969482421875</ele>
        <time>2026-05-30T04:13:27.000Z</time>
        <extensions>
          <ns3:TrackPointExtension>
            <ns3:hr>166</ns3:hr>
            <ns3:cad>99</ns3:cad>
          </ns3:TrackPointExtension>
        </extensions>
      </trkpt>
      <trkpt lat="30.94034372828900814056396484375" lon="120.04721037112176418304443359375">
        <ele>103.40000152587890625</ele>
        <time>2026-05-30T04:13:28.000Z</time>
        <extensions>
          <ns3:TrackPointExtension>
            <ns3:hr>165</ns3:hr>
            <ns3:cad>99</ns3:cad>
          </ns3:TrackPointExtension>
        </extensions>
      </trkpt>
      <trkpt lat="30.9404965303838253021240234375" lon="120.04705798812210559844970703125">
        <ele>103</ele>
        <time>2026-05-30T04:13:34.000Z</time>
        <extensions>
          <ns3:TrackPointExtension>
            <ns3:hr>165</ns3:hr>
            <ns3:cad>85</ns3:cad>
          </ns3:TrackPointExtension>
        </extensions>
      </trkpt>
      <trkpt lat="30.94060800969600677490234375" lon="120.04692723043262958526611328125">
        <ele>104.40000152587890625</ele>
        <time>2026-05-30T04:13:39.000Z</time>
        <extensions>
          <ns3:TrackPointExtension>
            <ns3:hr>164</ns3:hr>
            <ns3:cad>83</ns3:cad>
          </ns3:TrackPointExtension>
        </extensions>
      </trkpt>
      <trkpt lat="30.94070683233439922332763671875" lon="120.0468374602496623992919921875">
        <ele>103.59999847412109375</ele>
        <time>2026-05-30T04:13:43.000Z</time>
        <extensions>
          <ns3:TrackPointExtension>
            <ns3:hr>168</ns3:hr>
            <ns3:cad>82</ns3:cad>
          </ns3:TrackPointExtension>
        </extensions>
      </trkpt>
      <trkpt lat="30.9407486580312252044677734375" lon="120.04678473807871341705322265625">
        <ele>102.59999847412109375</ele>
        <time>2026-05-30T04:13:45.000Z</time>
        <extensions>
          <ns3:TrackPointExtension>
            <ns3:hr>171</ns3:hr>
            <ns3:cad>86</ns3:cad>
          </ns3:TrackPointExtension>
        </extensions>
      </trkpt>
      <trkpt lat="30.9407709538936614990234375" lon="120.0467585027217864990234375">
        <ele>102</ele>
        <time>2026-05-30T04:13:46.000Z</time>
        <extensions>
          <ns3:TrackPointExtension>
            <ns3:hr>172</ns3:hr>
            <ns3:cad>86</ns3:cad>
          </ns3:TrackPointExtension>
        </extensions>
      </trkpt>
      <trkpt lat="30.94090699218213558197021484375" lon="120.0466248951852321624755859375">
        <ele>101.40000152587890625</ele>
        <time>2026-05-30T04:13:51.000Z</time>
        <extensions>
          <ns3:TrackPointExtension>
            <ns3:hr>173</ns3:hr>
            <ns3:cad>86</ns3:cad>
          </ns3:TrackPointExtension>
        </extensions>
      </trkpt>
      <trkpt lat="30.941037833690643310546875" lon="120.04648617468774318695068359375">
        <ele>102.59999847412109375</ele>
        <time>2026-05-30T04:13:57.000Z</time>
        <extensions>
          <ns3:TrackPointExtension>
            <ns3:hr>174</ns3:hr>
            <ns3:cad>81</ns3:cad>
          </ns3:TrackPointExtension>
        </extensions>
      </trkpt>
      <trkpt lat="30.9411483071744441986083984375" lon="120.04637637175619602203369140625">
        <ele>99.59999847412109375</ele>
        <time>2026-05-30T04:14:01.000Z</time>
        <extensions>
          <ns3:TrackPointExtension>
            <ns3:hr>176</ns3:hr>
            <ns3:cad>81</ns3:cad>
          </ns3:TrackPointExtension>
        </extensions>
      </trkpt>
      <trkpt lat="30.94119331799447536468505859375" lon="120.04633312113583087921142578125">
        <ele>97.59999847412109375</ele>
        <time>2026-05-30T04:14:03.000Z</time>
        <extensions>
          <ns3:TrackPointExtension>
            <ns3:hr>177</ns3:hr>
            <ns3:cad>81</ns3:cad>
          </ns3:TrackPointExtension>
        </extensions>
      </trkpt>
      <trkpt lat="30.94126406125724315643310546875" lon="120.0462604500353336334228515625">
        <ele>96.40000152587890625</ele>
        <time>2026-05-30T04:14:06.000Z</time>
        <extensions>
          <ns3:TrackPointExtension>
            <ns3:hr>178</ns3:hr>
            <ns3:cad>81</ns3:cad>
          </ns3:TrackPointExtension>
        </extensions>
      </trkpt>
      <trkpt lat="30.9413135983049869537353515625" lon="120.0462148524820804595947265625">
        <ele>95.59999847412109375</ele>
        <time>2026-05-30T04:14:08.000Z</time>
        <extensions>
          <ns3:TrackPointExtension>
            <ns3:hr>177</ns3:hr>
            <ns3:cad>81</ns3:cad>
          </ns3:TrackPointExtension>
        </extensions>
      </trkpt>
      <trkpt lat="30.94137604348361492156982421875" lon="120.04616682417690753936767578125">
        <ele>95.1999969482421875</ele>
        <time>2026-05-30T04:14:11.000Z</time>
        <extensions>
          <ns3:TrackPointExtension>
            <ns3:hr>175</ns3:hr>
            <ns3:cad>82</ns3:cad>
          </ns3:TrackPointExtension>
        </extensions>
      </trkpt>
      <trkpt lat="30.94142331741750240325927734375" lon="120.04612793214619159698486328125">
        <ele>95.40000152587890625</ele>
        <time>2026-05-30T04:14:14.000Z</time>
        <extensions>
          <ns3:TrackPointExtension>
            <ns3:hr>176</ns3:hr>
            <ns3:cad>82</ns3:cad>
          </ns3:TrackPointExtension>
        </extensions>
      </trkpt>
      <trkpt lat="30.94148769043385982513427734375" lon="120.04605148918926715850830078125">
        <ele>96.40000152587890625</ele>
        <time>2026-05-30T04:14:20.000Z</time>
        <extensions>
          <ns3:TrackPointExtension>
            <ns3:hr>177</ns3:hr>
            <ns3:cad>59</ns3:cad>
          </ns3:TrackPointExtension>
        </extensions>
      </trkpt>
      <trkpt lat="30.941510908305644989013671875" lon="120.04602064378559589385986328125">
        <ele>96.59999847412109375</ele>
        <time>2026-05-30T04:14:22.000Z</time>
        <extensions>
          <ns3:TrackPointExtension>
            <ns3:hr>178</ns3:hr>
            <ns3:cad>57</ns3:cad>
          </ns3:TrackPointExtension>
        </extensions>
      </trkpt>
      <trkpt lat="30.9415737725794315338134765625" lon="120.04593766294419765472412109375">
        <ele>96.40000152587890625</ele>
        <time>2026-05-30T04:14:28.000Z</time>
        <extensions>
          <ns3:TrackPointExtension>
            <ns3:hr>173</ns3:hr>
            <ns3:cad>57</ns3:cad>
          </ns3:TrackPointExtension>
        </extensions>
      </trkpt>
      <trkpt lat="30.94158357940614223480224609375" lon="120.04592374898493289947509765625">
        <ele>96.40000152587890625</ele>
        <time>2026-05-30T04:14:29.000Z</time>
        <extensions>
          <ns3:TrackPointExtension>
            <ns3:hr>170</ns3:hr>
            <ns3:cad>61</ns3:cad>
          </ns3:TrackPointExtension>
        </extensions>
      </trkpt>
      <trkpt lat="30.94166052527725696563720703125" lon="120.04586398601531982421875">
        <ele>96</ele>
        <time>2026-05-30T04:14:35.000Z</time>
        <extensions>
          <ns3:TrackPointExtension>
            <ns3:hr>168</ns3:hr>
            <ns3:cad>123</ns3:cad>
          </ns3:TrackPointExtension>
        </extensions>
      </trkpt>
      <trkpt lat="30.94171450473368167877197265625" lon="120.04580019973218441009521484375">
        <ele>95.1999969482421875</ele>
        <time>2026-05-30T04:14:40.000Z</time>
        <extensions>
          <ns3:TrackPointExtension>
            <ns3:hr>166</ns3:hr>
            <ns3:cad>123</ns3:cad>
          </ns3:TrackPointExtension>
        </extensions>
      </trkpt>
      <trkpt lat="30.94172087498009204864501953125" lon="120.0457873754203319549560546875">
        <ele>95</ele>
        <time>2026-05-30T04:14:41.000Z</time>
        <extensions>
          <ns3:TrackPointExtension>
            <ns3:hr>166</ns3:hr>
            <ns3:cad>123</ns3:cad>
          </ns3:TrackPointExtension>
        </extensions>
      </trkpt>
      <trkpt lat="30.94174836762249469757080078125" lon="120.04574169404804706573486328125">
        <ele>94.1999969482421875</ele>
        <time>2026-05-30T04:14:44.000Z</time>
        <extensions>
          <ns3:TrackPointExtension>
            <ns3:hr>165</ns3:hr>
            <ns3:cad>64</ns3:cad>
          </ns3:TrackPointExtension>
        </extensions>
      </trkpt>
      <trkpt lat="30.94178373925387859344482421875" lon="120.04570917226374149322509765625">
        <ele>93.59999847412109375</ele>
        <time>2026-05-30T04:14:47.000Z</time>
        <extensions>
          <ns3:TrackPointExtension>
            <ns3:hr>165</ns3:hr>
            <ns3:cad>66</ns3:cad>
          </ns3:TrackPointExtension>
        </extensions>
      </trkpt>
      <trkpt lat="30.94183512032032012939453125" lon="120.04566374234855175018310546875">
        <ele>93.1999969482421875</ele>
        <time>2026-05-30T04:14:51.000Z</time>
        <extensions>
          <ns3:TrackPointExtension>
            <ns3:hr>162</ns3:hr>
            <ns3:cad>64</ns3:cad>
          </ns3:TrackPointExtension>
        </extensions>
      </trkpt>
      <trkpt lat="30.94184677116572856903076171875" lon="120.045651756227016448974609375">
        <ele>93.1999969482421875</ele>
        <time>2026-05-30T04:14:52.000Z</time>
        <extensions>
          <ns3:TrackPointExtension>
            <ns3:hr>161</ns3:hr>
            <ns3:cad>64</ns3:cad>
          </ns3:TrackPointExtension>
        </extensions>
      </trkpt>
      <trkpt lat="30.9418758563697338104248046875" lon="120.04563130438327789306640625">
        <ele>93</ele>
        <time>2026-05-30T04:14:54.000Z</time>
        <extensions>
          <ns3:TrackPointExtension>
            <ns3:hr>159</ns3:hr>
            <ns3:cad>64</ns3:cad>
          </ns3:TrackPointExtension>
        </extensions>
      </trkpt>
      <trkpt lat="30.94188851304352283477783203125" lon="120.04562132991850376129150390625">
        <ele>93</ele>
        <time>2026-05-30T04:14:55.000Z</time>
        <extensions>
          <ns3:TrackPointExtension>
            <ns3:hr>155</ns3:hr>
            <ns3:cad>62</ns3:cad>
          </ns3:TrackPointExtension>
        </extensions>
      </trkpt>
      <trkpt lat="30.94189957715570926666259765625" lon="120.045611858367919921875">
        <ele>93</ele>
        <time>2026-05-30T04:14:56.000Z</time>
        <extensions>
          <ns3:TrackPointExtension>
            <ns3:hr>155</ns3:hr>
            <ns3:cad>62</ns3:cad>
          </ns3:TrackPointExtension>
        </extensions>
      </trkpt>
      <trkpt lat="30.94193545170128345489501953125" lon="120.04554874263703823089599609375">
        <ele>92.59999847412109375</ele>
        <time>2026-05-30T04:15:01.000Z</time>
        <extensions>
          <ns3:TrackPointExtension>
            <ns3:hr>152</ns3:hr>
            <ns3:cad>59</ns3:cad>
          </ns3:TrackPointExtension>
        </extensions>
      </trkpt>
      <trkpt lat="30.9419630281627178192138671875" lon="120.04551672376692295074462890625">
        <ele>92</ele>
        <time>2026-05-30T04:15:03.000Z</time>
        <extensions>
          <ns3:TrackPointExtension>
            <ns3:hr>152</ns3:hr>
            <ns3:cad>65</ns3:cad>
          </ns3:TrackPointExtension>
        </extensions>
      </trkpt>
      <trkpt lat="30.9419972263276576995849609375" lon="120.04547984339296817779541015625">
        <ele>90.8000030517578125</ele>
        <time>2026-05-30T04:15:05.000Z</time>
        <extensions>
          <ns3:TrackPointExtension>
            <ns3:hr>151</ns3:hr>
            <ns3:cad>65</ns3:cad>
          </ns3:TrackPointExtension>
        </extensions>
      </trkpt>
      <trkpt lat="30.94203628599643707275390625" lon="120.04544061608612537384033203125">
        <ele>89.1999969482421875</ele>
        <time>2026-05-30T04:15:07.000Z</time>
        <extensions>
          <ns3:TrackPointExtension>
            <ns3:hr>150</ns3:hr>
            <ns3:cad>0</ns3:cad>
          </ns3:TrackPointExtension>
        </extensions>
      </trkpt>
      <trkpt lat="30.94207517802715301513671875" lon="120.04540038295090198516845703125">
        <ele>87.59999847412109375</ele>
        <time>2026-05-30T04:15:09.000Z</time>
        <extensions>
          <ns3:TrackPointExtension>
            <ns3:hr>150</ns3:hr>
            <ns3:cad>0</ns3:cad>
          </ns3:TrackPointExtension>
        </extensions>
      </trkpt>
      <trkpt lat="30.9421135671436786651611328125" lon="120.04536987282335758209228515625">
        <ele>86.40000152587890625</ele>
        <time>2026-05-30T04:15:11.000Z</time>
        <extensions>
          <ns3:TrackPointExtension>
            <ns3:hr>150</ns3:hr>
            <ns3:cad>0</ns3:cad>
          </ns3:TrackPointExtension>
        </extensions>
      </trkpt>
      <trkpt lat="30.94216075725853443145751953125" lon="120.04533299244940280914306640625">
        <ele>84.8000030517578125</ele>
        <time>2026-05-30T04:15:13.000Z</time>
        <extensions>
          <ns3:TrackPointExtension>
            <ns3:hr>150</ns3:hr>
            <ns3:cad>0</ns3:cad>
          </ns3:TrackPointExtension>
        </extensions>
      </trkpt>
      <trkpt lat="30.94218246638774871826171875" lon="120.0453166477382183074951171875">
        <ele>84</ele>
        <time>2026-05-30T04:15:14.000Z</time>
        <extensions>
          <ns3:TrackPointExtension>
            <ns3:hr>150</ns3:hr>
            <ns3:cad>0</ns3:cad>
          </ns3:TrackPointExtension>
        </extensions>
      </trkpt>
      <trkpt lat="30.9422034211456775665283203125" lon="120.04529661498963832855224609375">
        <ele>83.40000152587890625</ele>
        <time>2026-05-30T04:15:15.000Z</time>
        <extensions>
          <ns3:TrackPointExtension>
            <ns3:hr>150</ns3:hr>
            <ns3:cad>0</ns3:cad>
          </ns3:TrackPointExtension>
        </extensions>
      </trkpt>
      <trkpt lat="30.94225027598440647125244140625" lon="120.04526006989181041717529296875">
        <ele>81.59999847412109375</ele>
        <time>2026-05-30T04:15:17.000Z</time>
        <extensions>
          <ns3:TrackPointExtension>
            <ns3:hr>150</ns3:hr>
            <ns3:cad>0</ns3:cad>
          </ns3:TrackPointExtension>
        </extensions>
      </trkpt>
      <trkpt lat="30.94227206893265247344970703125" lon="120.045244395732879638671875">
        <ele>80.40000152587890625</ele>
        <time>2026-05-30T04:15:18.000Z</time>
        <extensions>
          <ns3:TrackPointExtension>
            <ns3:hr>150</ns3:hr>
            <ns3:cad>0</ns3:cad>
          </ns3:TrackPointExtension>
        </extensions>
      </trkpt>
      <trkpt lat="30.94229453243315219879150390625" lon="120.045225955545902252197265625">
        <ele>79.40000152587890625</ele>
        <time>2026-05-30T04:15:19.000Z</time>
        <extensions>
          <ns3:TrackPointExtension>
            <ns3:hr>150</ns3:hr>
            <ns3:cad>0</ns3:cad>
          </ns3:TrackPointExtension>
        </extensions>
      </trkpt>
      <trkpt lat="30.9423319995403289794921875" lon="120.0451822020113468170166015625">
        <ele>78.40000152587890625</ele>
        <time>2026-05-30T04:15:21.000Z</time>
        <extensions>
          <ns3:TrackPointExtension>
            <ns3:hr>152</ns3:hr>
            <ns3:cad>0</ns3:cad>
          </ns3:TrackPointExtension>
        </extensions>
      </trkpt>
      <trkpt lat="30.9423982165753841400146484375" lon="120.0451117940247058868408203125">
        <ele>77.1999969482421875</ele>
        <time>2026-05-30T04:15:24.000Z</time>
        <extensions>
          <ns3:TrackPointExtension>
            <ns3:hr>155</ns3:hr>
            <ns3:cad>0</ns3:cad>
          </ns3:TrackPointExtension>
        </extensions>
      </trkpt>
      <trkpt lat="30.942422188818454742431640625" lon="120.045083127915859222412109375">
        <ele>77</ele>
        <time>2026-05-30T04:15:25.000Z</time>
        <extensions>
          <ns3:TrackPointExtension>
            <ns3:hr>155</ns3:hr>
            <ns3:cad>0</ns3:cad>
          </ns3:TrackPointExtension>
        </extensions>
      </trkpt>
      <trkpt lat="30.9425519406795501708984375" lon="120.04494491033256053924560546875">
        <ele>77.40000152587890625</ele>
        <time>2026-05-30T04:15:31.000Z</time>
        <extensions>
          <ns3:TrackPointExtension>
            <ns3:hr>154</ns3:hr>
            <ns3:cad>79</ns3:cad>
          </ns3:TrackPointExtension>
        </extensions>
      </trkpt>
      <trkpt lat="30.9425836242735385894775390625" lon="120.0449213571846485137939453125">
        <ele>78.1999969482421875</ele>
        <time>2026-05-30T04:15:33.000Z</time>
        <extensions>
          <ns3:TrackPointExtension>
            <ns3:hr>156</ns3:hr>
            <ns3:cad>78</ns3:cad>
          </ns3:TrackPointExtension>
        </extensions>
      </trkpt>
      <trkpt lat="30.9426238574087619781494140625" lon="120.0448777712881565093994140625">
        <ele>79</ele>
        <time>2026-05-30T04:15:37.000Z</time>
        <extensions>
          <ns3:TrackPointExtension>
            <ns3:hr>159</ns3:hr>
            <ns3:cad>78</ns3:cad>
          </ns3:TrackPointExtension>
        </extensions>
      </trkpt>
      <trkpt lat="30.94264925457537174224853515625" lon="120.0448596663773059844970703125">
        <ele>79</ele>
        <time>2026-05-30T04:15:39.000Z</time>
        <extensions>
          <ns3:TrackPointExtension>
            <ns3:hr>162</ns3:hr>
            <ns3:cad>57</ns3:cad>
          </ns3:TrackPointExtension>
        </extensions>
      </trkpt>
      <trkpt lat="30.94266685657203197479248046875" lon="120.04483879543840885162353515625">
        <ele>79.1999969482421875</ele>
        <time>2026-05-30T04:15:41.000Z</time>
        <extensions>
          <ns3:TrackPointExtension>
            <ns3:hr>164</ns3:hr>
            <ns3:cad>57</ns3:cad>
          </ns3:TrackPointExtension>
        </extensions>
      </trkpt>
      <trkpt lat="30.94268915243446826934814453125" lon="120.04481054842472076416015625">
        <ele>79.40000152587890625</ele>
        <time>2026-05-30T04:15:44.000Z</time>
        <extensions>
          <ns3:TrackPointExtension>
            <ns3:hr>164</ns3:hr>
            <ns3:cad>59</ns3:cad>
          </ns3:TrackPointExtension>
        </extensions>
      </trkpt>
      <trkpt lat="30.9427428804337978363037109375" lon="120.044745169579982757568359375">
        <ele>79.40000152587890625</ele>
        <time>2026-05-30T04:15:49.000Z</time>
        <extensions>
          <ns3:TrackPointExtension>
            <ns3:hr>163</ns3:hr>
            <ns3:cad>59</ns3:cad>
          </ns3:TrackPointExtension>
        </extensions>
      </trkpt>
      <trkpt lat="30.94283960759639739990234375" lon="120.04466570913791656494140625">
        <ele>79.1999969482421875</ele>
        <time>2026-05-30T04:15:56.000Z</time>
        <extensions>
          <ns3:TrackPointExtension>
            <ns3:hr>163</ns3:hr>
            <ns3:cad>62</ns3:cad>
          </ns3:TrackPointExtension>
        </extensions>
      </trkpt>
      <trkpt lat="30.94290800392627716064453125" lon="120.04460058175027370452880859375">
        <ele>78.40000152587890625</ele>
        <time>2026-05-30T04:16:03.000Z</time>
        <extensions>
          <ns3:TrackPointExtension>
            <ns3:hr>161</ns3:hr>
            <ns3:cad>114</ns3:cad>
          </ns3:TrackPointExtension>
        </extensions>
      </trkpt>
      <trkpt lat="30.94293214380741119384765625" lon="120.04457929171621799468994140625">
        <ele>78.1999969482421875</ele>
        <time>2026-05-30T04:16:05.000Z</time>
        <extensions>
          <ns3:TrackPointExtension>
            <ns3:hr>161</ns3:hr>
            <ns3:cad>117</ns3:cad>
          </ns3:TrackPointExtension>
        </extensions>
      </trkpt>
      <trkpt lat="30.943011604249477386474609375" lon="120.04450251348316669464111328125">
        <ele>77.8000030517578125</ele>
        <time>2026-05-30T04:16:11.000Z</time>
        <extensions>
          <ns3:TrackPointExtension>
            <ns3:hr>162</ns3:hr>
            <ns3:cad>60</ns3:cad>
          </ns3:TrackPointExtension>
        </extensions>
      </trkpt>
      <trkpt lat="30.94304622150957584381103515625" lon="120.04445808939635753631591796875">
        <ele>77.59999847412109375</ele>
        <time>2026-05-30T04:16:14.000Z</time>
        <extensions>
          <ns3:TrackPointExtension>
            <ns3:hr>159</ns3:hr>
            <ns3:cad>57</ns3:cad>
          </ns3:TrackPointExtension>
        </extensions>
      </trkpt>
      <trkpt lat="30.94305527396500110626220703125" lon="120.0444472767412662506103515625">
        <ele>77.59999847412109375</ele>
        <time>2026-05-30T04:16:15.000Z</time>
        <extensions>
          <ns3:TrackPointExtension>
            <ns3:hr>156</ns3:hr>
            <ns3:cad>57</ns3:cad>
          </ns3:TrackPointExtension>
        </extensions>
      </trkpt>
      <trkpt lat="30.94307874329388141632080078125" lon="120.044417269527912139892578125">
        <ele>77.59999847412109375</ele>
        <time>2026-05-30T04:16:17.000Z</time>
        <extensions>
          <ns3:TrackPointExtension>
            <ns3:hr>153</ns3:hr>
            <ns3:cad>57</ns3:cad>
          </ns3:TrackPointExtension>
        </extensions>
      </trkpt>
      <trkpt lat="30.9430897235870361328125" lon="120.0443882681429386138916015625">
        <ele>77.40000152587890625</ele>
        <time>2026-05-30T04:16:19.000Z</time>
        <extensions>
          <ns3:TrackPointExtension>
            <ns3:hr>150</ns3:hr>
            <ns3:cad>118</ns3:cad>
          </ns3:TrackPointExtension>
        </extensions>
      </trkpt>
      <trkpt lat="30.9431071579456329345703125" lon="120.04435817711055278778076171875">
        <ele>77.1999969482421875</ele>
        <time>2026-05-30T04:16:21.000Z</time>
        <extensions>
          <ns3:TrackPointExtension>
            <ns3:hr>149</ns3:hr>
            <ns3:cad>118</ns3:cad>
          </ns3:TrackPointExtension>
        </extensions>
      </trkpt>
      <trkpt lat="30.94313867390155792236328125" lon="120.0443416647613048553466796875">
        <ele>76.8000030517578125</ele>
        <time>2026-05-30T04:16:24.000Z</time>
        <extensions>
          <ns3:TrackPointExtension>
            <ns3:hr>147</ns3:hr>
            <ns3:cad>60</ns3:cad>
          </ns3:TrackPointExtension>
        </extensions>
      </trkpt>
      <trkpt lat="30.94316708855330944061279296875" lon="120.0443238951265811920166015625">
        <ele>76</ele>
        <time>2026-05-30T04:16:27.000Z</time>
        <extensions>
          <ns3:TrackPointExtension>
            <ns3:hr>145</ns3:hr>
            <ns3:cad>64</ns3:cad>
          </ns3:TrackPointExtension>
        </extensions>
      </trkpt>
      <trkpt lat="30.94317915849387645721435546875" lon="120.044310986995697021484375">
        <ele>75.40000152587890625</ele>
        <time>2026-05-30T04:16:30.000Z</time>
        <extensions>
          <ns3:TrackPointExtension>
            <ns3:hr>142</ns3:hr>
            <ns3:cad>64</ns3:cad>
          </ns3:TrackPointExtension>
        </extensions>
      </trkpt>
      <trkpt lat="30.94318963587284088134765625" lon="120.04429958760738372802734375">
        <ele>75.1999969482421875</ele>
        <time>2026-05-30T04:16:31.000Z</time>
        <extensions>
          <ns3:TrackPointExtension>
            <ns3:hr>141</ns3:hr>
            <ns3:cad>64</ns3:cad>
          </ns3:TrackPointExtension>
        </extensions>
      </trkpt>
      <trkpt lat="30.94331159256398677825927734375" lon="120.0441666506230831146240234375">
        <ele>76.1999969482421875</ele>
        <time>2026-05-30T04:16:38.000Z</time>
        <extensions>
          <ns3:TrackPointExtension>
            <ns3:hr>140</ns3:hr>
            <ns3:cad>78</ns3:cad>
          </ns3:TrackPointExtension>
        </extensions>
      </trkpt>
      <trkpt lat="30.94342558644711971282958984375" lon="120.0440332107245922088623046875">
        <ele>77.1999969482421875</ele>
        <time>2026-05-30T04:16:43.000Z</time>
        <extensions>
          <ns3:TrackPointExtension>
            <ns3:hr>139</ns3:hr>
            <ns3:cad>77</ns3:cad>
          </ns3:TrackPointExtension>
        </extensions>
      </trkpt>
      <trkpt lat="30.943484008312225341796875" lon="120.0439668260514736175537109375">
        <ele>78</ele>
        <time>2026-05-30T04:16:46.000Z</time>
        <extensions>
          <ns3:TrackPointExtension>
            <ns3:hr>143</ns3:hr>
            <ns3:cad>79</ns3:cad>
          </ns3:TrackPointExtension>
        </extensions>
      </trkpt>
      <trkpt lat="30.94350035302340984344482421875" lon="120.043951235711574554443359375">
        <ele>78.1999969482421875</ele>
        <time>2026-05-30T04:16:47.000Z</time>
        <extensions>
          <ns3:TrackPointExtension>
            <ns3:hr>146</ns3:hr>
            <ns3:cad>79</ns3:cad>
          </ns3:TrackPointExtension>
        </extensions>
      </trkpt>
      <trkpt lat="30.9435180388391017913818359375" lon="120.04394017159938812255859375">
        <ele>78.8000030517578125</ele>
        <time>2026-05-30T04:16:48.000Z</time>
        <extensions>
          <ns3:TrackPointExtension>
            <ns3:hr>148</ns3:hr>
            <ns3:cad>80</ns3:cad>
          </ns3:TrackPointExtension>
        </extensions>
      </trkpt>
      <trkpt lat="30.94354829750955104827880859375" lon="120.0439131818711757659912109375">
        <ele>79.8000030517578125</ele>
        <time>2026-05-30T04:16:50.000Z</time>
        <extensions>
          <ns3:TrackPointExtension>
            <ns3:hr>149</ns3:hr>
            <ns3:cad>79</ns3:cad>
          </ns3:TrackPointExtension>
        </extensions>
      </trkpt>
      <trkpt lat="30.94357863999903202056884765625" lon="120.04388661123812198638916015625">
        <ele>81</ele>
        <time>2026-05-30T04:16:52.000Z</time>
        <extensions>
          <ns3:TrackPointExtension>
            <ns3:hr>151</ns3:hr>
            <ns3:cad>79</ns3:cad>
          </ns3:TrackPointExtension>
        </extensions>
      </trkpt>
      <trkpt lat="30.94361015595495700836181640625" lon="120.04385978914797306060791015625">
        <ele>82</ele>
        <time>2026-05-30T04:16:54.000Z</time>
        <extensions>
          <ns3:TrackPointExtension>
            <ns3:hr>152</ns3:hr>
            <ns3:cad>80</ns3:cad>
          </ns3:TrackPointExtension>
        </extensions>
      </trkpt>
      <trkpt lat="30.94362474046647548675537109375" lon="120.0438481383025646209716796875">
        <ele>82.59999847412109375</ele>
        <time>2026-05-30T04:16:55.000Z</time>
        <extensions>
          <ns3:TrackPointExtension>
            <ns3:hr>153</ns3:hr>
            <ns3:cad>80</ns3:cad>
          </ns3:TrackPointExtension>
        </extensions>
      </trkpt>
      <trkpt lat="30.94364284537732601165771484375" lon="120.04383531399071216583251953125">
        <ele>83.1999969482421875</ele>
        <time>2026-05-30T04:16:56.000Z</time>
        <extensions>
          <ns3:TrackPointExtension>
            <ns3:hr>154</ns3:hr>
            <ns3:cad>80</ns3:cad>
          </ns3:TrackPointExtension>
        </extensions>
      </trkpt>
      <trkpt lat="30.9436823241412639617919921875" lon="120.04380874335765838623046875">
        <ele>84.1999969482421875</ele>
        <time>2026-05-30T04:16:58.000Z</time>
        <extensions>
          <ns3:TrackPointExtension>
            <ns3:hr>155</ns3:hr>
            <ns3:cad>81</ns3:cad>
          </ns3:TrackPointExtension>
        </extensions>
      </trkpt>
      <trkpt lat="30.94371811486780643463134765625" lon="120.04377395845949649810791015625">
        <ele>85.1999969482421875</ele>
        <time>2026-05-30T04:17:00.000Z</time>
        <extensions>
          <ns3:TrackPointExtension>
            <ns3:hr>156</ns3:hr>
            <ns3:cad>80</ns3:cad>
          </ns3:TrackPointExtension>
        </extensions>
      </trkpt>
      <trkpt lat="30.943749882280826568603515625" lon="120.0437314622104167938232421875">
        <ele>86.1999969482421875</ele>
        <time>2026-05-30T04:17:02.000Z</time>
        <extensions>
          <ns3:TrackPointExtension>
            <ns3:hr>159</ns3:hr>
            <ns3:cad>78</ns3:cad>
          </ns3:TrackPointExtension>
        </extensions>
      </trkpt>
      <trkpt lat="30.9437627904117107391357421875" lon="120.0437088310718536376953125">
        <ele>86.59999847412109375</ele>
        <time>2026-05-30T04:17:03.000Z</time>
        <extensions>
          <ns3:TrackPointExtension>
            <ns3:hr>160</ns3:hr>
            <ns3:cad>78</ns3:cad>
          </ns3:TrackPointExtension>
        </extensions>
      </trkpt>
      <trkpt lat="30.94381014816462993621826171875" lon="120.04364940337836742401123046875">
        <ele>87.8000030517578125</ele>
        <time>2026-05-30T04:17:06.000Z</time>
        <extensions>
          <ns3:TrackPointExtension>
            <ns3:hr>163</ns3:hr>
            <ns3:cad>79</ns3:cad>
          </ns3:TrackPointExtension>
        </extensions>
      </trkpt>
      <trkpt lat="30.94386412762105464935302734375" lon="120.04358888603746891021728515625">
        <ele>88.40000152587890625</ele>
        <time>2026-05-30T04:17:09.000Z</time>
        <extensions>
          <ns3:TrackPointExtension>
            <ns3:hr>165</ns3:hr>
            <ns3:cad>82</ns3:cad>
          </ns3:TrackPointExtension>
        </extensions>
      </trkpt>
      <trkpt lat="30.9439252316951751708984375" lon="120.04351646639406681060791015625">
        <ele>88.40000152587890625</ele>
        <time>2026-05-30T04:17:12.000Z</time>
        <extensions>
          <ns3:TrackPointExtension>
            <ns3:hr>168</ns3:hr>
            <ns3:cad>81</ns3:cad>
          </ns3:TrackPointExtension>
        </extensions>
      </trkpt>
      <trkpt lat="30.9439740143716335296630859375" lon="120.04346734844148159027099609375">
        <ele>88</ele>
        <time>2026-05-30T04:17:14.000Z</time>
        <extensions>
          <ns3:TrackPointExtension>
            <ns3:hr>171</ns3:hr>
            <ns3:cad>80</ns3:cad>
          </ns3:TrackPointExtension>
        </extensions>
      </trkpt>
      <trkpt lat="30.94402355141937732696533203125" lon="120.04342577420175075531005859375">
        <ele>88</ele>
        <time>2026-05-30T04:17:16.000Z</time>
        <extensions>
          <ns3:TrackPointExtension>
            <ns3:hr>175</ns3:hr>
            <ns3:cad>81</ns3:cad>
          </ns3:TrackPointExtension>
        </extensions>
      </trkpt>
      <trkpt lat="30.9440444223582744598388671875" lon="120.04340951330959796905517578125">
        <ele>88.1999969482421875</ele>
        <time>2026-05-30T04:17:17.000Z</time>
        <extensions>
          <ns3:TrackPointExtension>
            <ns3:hr>176</ns3:hr>
            <ns3:cad>81</ns3:cad>
          </ns3:TrackPointExtension>
        </extensions>
      </trkpt>
      <trkpt lat="30.944089181721210479736328125" lon="120.04338034428656101226806640625">
        <ele>88.8000030517578125</ele>
        <time>2026-05-30T04:17:19.000Z</time>
        <extensions>
          <ns3:TrackPointExtension>
            <ns3:hr>179</ns3:hr>
            <ns3:cad>81</ns3:cad>
          </ns3:TrackPointExtension>
        </extensions>
      </trkpt>
      <trkpt lat="30.94417207874357700347900390625" lon="120.0432882271707057952880859375">
        <ele>90.1999969482421875</ele>
        <time>2026-05-30T04:17:23.000Z</time>
        <extensions>
          <ns3:TrackPointExtension>
            <ns3:hr>180</ns3:hr>
            <ns3:cad>82</ns3:cad>
          </ns3:TrackPointExtension>
        </extensions>
      </trkpt>
      <trkpt lat="30.94419051893055438995361328125" lon="120.04326517693698406219482421875">
        <ele>90.40000152587890625</ele>
        <time>2026-05-30T04:17:24.000Z</time>
        <extensions>
          <ns3:TrackPointExtension>
            <ns3:hr>180</ns3:hr>
            <ns3:cad>81</ns3:cad>
          </ns3:TrackPointExtension>
        </extensions>
      </trkpt>
      <trkpt lat="30.94430451281368732452392578125" lon="120.043189823627471923828125">
        <ele>90.1999969482421875</ele>
        <time>2026-05-30T04:17:30.000Z</time>
        <extensions>
          <ns3:TrackPointExtension>
            <ns3:hr>181</ns3:hr>
            <ns3:cad>0</ns3:cad>
          </ns3:TrackPointExtension>
        </extensions>
      </trkpt>
      <trkpt lat="30.94433628022670745849609375" lon="120.04315160214900970458984375">
        <ele>90.1999969482421875</ele>
        <time>2026-05-30T04:17:35.000Z</time>
        <extensions>
          <ns3:TrackPointExtension>
            <ns3:hr>179</ns3:hr>
            <ns3:cad>63</ns3:cad>
          </ns3:TrackPointExtension>
        </extensions>
      </trkpt>
      <trkpt lat="30.94437827356159687042236328125" lon="120.043092928826808929443359375">
        <ele>90.59999847412109375</ele>
        <time>2026-05-30T04:17:41.000Z</time>
        <extensions>
          <ns3:TrackPointExtension>
            <ns3:hr>176</ns3:hr>
            <ns3:cad>55</ns3:cad>
          </ns3:TrackPointExtension>
        </extensions>
      </trkpt>
      <trkpt lat="30.9444053471088409423828125" lon="120.04307189024984836578369140625">
        <ele>90.59999847412109375</ele>
        <time>2026-05-30T04:17:43.000Z</time>
        <extensions>
          <ns3:TrackPointExtension>
            <ns3:hr>176</ns3:hr>
            <ns3:cad>55</ns3:cad>
          </ns3:TrackPointExtension>
        </extensions>
      </trkpt>
      <trkpt lat="30.9444373659789562225341796875" lon="120.0430434755980968475341796875">
        <ele>91.1999969482421875</ele>
        <time>2026-05-30T04:17:47.000Z</time>
        <extensions>
          <ns3:TrackPointExtension>
            <ns3:hr>173</ns3:hr>
            <ns3:cad>55</ns3:cad>
          </ns3:TrackPointExtension>
        </extensions>
      </trkpt>
      <trkpt lat="30.944443903863430023193359375" lon="120.04303350113332271575927734375">
        <ele>91.40000152587890625</ele>
        <time>2026-05-30T04:17:48.000Z</time>
        <extensions>
          <ns3:TrackPointExtension>
            <ns3:hr>173</ns3:hr>
            <ns3:cad>54</ns3:cad>
          </ns3:TrackPointExtension>
        </extensions>
      </trkpt>
      <trkpt lat="30.94446770846843719482421875" lon="120.043015815317630767822265625">
        <ele>92.1999969482421875</ele>
        <time>2026-05-30T04:17:51.000Z</time>
        <extensions>
          <ns3:TrackPointExtension>
            <ns3:hr>171</ns3:hr>
            <ns3:cad>54</ns3:cad>
          </ns3:TrackPointExtension>
        </extensions>
      </trkpt>
      <trkpt lat="30.94450567848980426788330078125" lon="120.04298857413232326507568359375">
        <ele>93.59999847412109375</ele>
        <time>2026-05-30T04:17:55.000Z</time>
        <extensions>
          <ns3:TrackPointExtension>
            <ns3:hr>170</ns3:hr>
            <ns3:cad>50</ns3:cad>
          </ns3:TrackPointExtension>
        </extensions>
      </trkpt>
      <trkpt lat="30.94453115947544574737548828125" lon="120.04296141676604747772216796875">
        <ele>94.59999847412109375</ele>
        <time>2026-05-30T04:17:58.000Z</time>
        <extensions>
          <ns3:TrackPointExtension>
            <ns3:hr>169</ns3:hr>
            <ns3:cad>111</ns3:cad>
          </ns3:TrackPointExtension>
        </extensions>
      </trkpt>
      <trkpt lat="30.9445510245859622955322265625" lon="120.04293375648558139801025390625">
        <ele>95.59999847412109375</ele>
        <time>2026-05-30T04:18:01.000Z</time>
        <extensions>
          <ns3:TrackPointExtension>
            <ns3:hr>169</ns3:hr>
            <ns3:cad>114</ns3:cad>
          </ns3:TrackPointExtension>
        </extensions>
      </trkpt>
      <trkpt lat="30.9445580653846263885498046875" lon="120.042923279106616973876953125">
        <ele>96</ele>
        <time>2026-05-30T04:18:02.000Z</time>
        <extensions>
          <ns3:TrackPointExtension>
            <ns3:hr>169</ns3:hr>
            <ns3:cad>114</ns3:cad>
          </ns3:TrackPointExtension>
        </extensions>
      </trkpt>
      <trkpt lat="30.94457759521901607513427734375" lon="120.0429023243486881256103515625">
        <ele>97</ele>
        <time>2026-05-30T04:18:05.000Z</time>
        <extensions>
          <ns3:TrackPointExtension>
            <ns3:hr>169</ns3:hr>
            <ns3:cad>116</ns3:cad>
          </ns3:TrackPointExtension>
        </extensions>
      </trkpt>
      <trkpt lat="30.94460089690983295440673828125" lon="120.04285697825253009796142578125">
        <ele>98.1999969482421875</ele>
        <time>2026-05-30T04:18:09.000Z</time>
        <extensions>
          <ns3:TrackPointExtension>
            <ns3:hr>169</ns3:hr>
            <ns3:cad>58</ns3:cad>
          </ns3:TrackPointExtension>
        </extensions>
      </trkpt>
      <trkpt lat="30.94462595880031585693359375" lon="120.0428237020969390869140625">
        <ele>99.1999969482421875</ele>
        <time>2026-05-30T04:18:13.000Z</time>
        <extensions>
          <ns3:TrackPointExtension>
            <ns3:hr>170</ns3:hr>
            <ns3:cad>58</ns3:cad>
          </ns3:TrackPointExtension>
        </extensions>
      </trkpt>
      <trkpt lat="30.94463802874088287353515625" lon="120.042808614671230316162109375">
        <ele>99.8000030517578125</ele>
        <time>2026-05-30T04:18:15.000Z</time>
        <extensions>
          <ns3:TrackPointExtension>
            <ns3:hr>170</ns3:hr>
            <ns3:cad>55</ns3:cad>
          </ns3:TrackPointExtension>
        </extensions>
      </trkpt>
      <trkpt lat="30.9446569718420505523681640625" lon="120.04278506152331829071044921875">
        <ele>100.40000152587890625</ele>
        <time>2026-05-30T04:18:17.000Z</time>
        <extensions>
          <ns3:TrackPointExtension>
            <ns3:hr>171</ns3:hr>
            <ns3:cad>57</ns3:cad>
          </ns3:TrackPointExtension>
        </extensions>
      </trkpt>
      <trkpt lat="30.94466778449714183807373046875" lon="120.042763687670230865478515625">
        <ele>101</ele>
        <time>2026-05-30T04:18:20.000Z</time>
        <extensions>
          <ns3:TrackPointExtension>
            <ns3:hr>171</ns3:hr>
            <ns3:cad>51</ns3:cad>
          </ns3:TrackPointExtension>
        </extensions>
      </trkpt>
      <trkpt lat="30.9446754120290279388427734375" lon="120.04275505430996417999267578125">
        <ele>101.59999847412109375</ele>
        <time>2026-05-30T04:18:23.000Z</time>
        <extensions>
          <ns3:TrackPointExtension>
            <ns3:hr>171</ns3:hr>
            <ns3:cad>52</ns3:cad>
          </ns3:TrackPointExtension>
        </extensions>
      </trkpt>
      <trkpt lat="30.94471514225006103515625" lon="120.042730830609798431396484375">
        <ele>102.1999969482421875</ele>
        <time>2026-05-30T04:18:26.000Z</time>
        <extensions>
          <ns3:TrackPointExtension>
            <ns3:hr>171</ns3:hr>
            <ns3:cad>53</ns3:cad>
          </ns3:TrackPointExtension>
        </extensions>
      </trkpt>
      <trkpt lat="30.94473592936992645263671875" lon="120.04270325414836406707763671875">
        <ele>102.59999847412109375</ele>
        <time>2026-05-30T04:18:29.000Z</time>
        <extensions>
          <ns3:TrackPointExtension>
            <ns3:hr>171</ns3:hr>
            <ns3:cad>53</ns3:cad>
          </ns3:TrackPointExtension>
        </extensions>
      </trkpt>
      <trkpt lat="30.944758392870426177978515625" lon="120.04267844371497631072998046875">
        <ele>103</ele>
        <time>2026-05-30T04:18:31.000Z</time>
        <extensions>
          <ns3:TrackPointExtension>
            <ns3:hr>171</ns3:hr>
            <ns3:cad>51</ns3:cad>
          </ns3:TrackPointExtension>
        </extensions>
      </trkpt>
      <trkpt lat="30.9448058344423770904541015625" lon="120.04263234324753284454345703125">
        <ele>103.59999847412109375</ele>
        <time>2026-05-30T04:18:36.000Z</time>
        <extensions>
          <ns3:TrackPointExtension>
            <ns3:hr>171</ns3:hr>
            <ns3:cad>51</ns3:cad>
          </ns3:TrackPointExtension>
        </extensions>
      </trkpt>
      <trkpt lat="30.944812037050724029541015625" lon="120.042621195316314697265625">
        <ele>103.8000030517578125</ele>
        <time>2026-05-30T04:18:37.000Z</time>
        <extensions>
          <ns3:TrackPointExtension>
            <ns3:hr>171</ns3:hr>
            <ns3:cad>53</ns3:cad>
          </ns3:TrackPointExtension>
        </extensions>
      </trkpt>
      <trkpt lat="30.94486945308744907379150390625" lon="120.0425769388675689697265625">
        <ele>104.59999847412109375</ele>
        <time>2026-05-30T04:18:42.000Z</time>
        <extensions>
          <ns3:TrackPointExtension>
            <ns3:hr>168</ns3:hr>
            <ns3:cad>53</ns3:cad>
          </ns3:TrackPointExtension>
        </extensions>
      </trkpt>
      <trkpt lat="30.94488102011382579803466796875" lon="120.04256813786923885345458984375">
        <ele>104.8000030517578125</ele>
        <time>2026-05-30T04:18:43.000Z</time>
        <extensions>
          <ns3:TrackPointExtension>
            <ns3:hr>168</ns3:hr>
            <ns3:cad>55</ns3:cad>
          </ns3:TrackPointExtension>
        </extensions>
      </trkpt>
      <trkpt lat="30.944936089217662811279296875" lon="120.04251684062182903289794921875">
        <ele>105</ele>
        <time>2026-05-30T04:18:49.000Z</time>
        <extensions>
          <ns3:TrackPointExtension>
            <ns3:hr>168</ns3:hr>
            <ns3:cad>51</ns3:cad>
          </ns3:TrackPointExtension>
        </extensions>
      </trkpt>
      <trkpt lat="30.94495863653719425201416015625" lon="120.042501501739025115966796875">
        <ele>105</ele>
        <time>2026-05-30T04:18:51.000Z</time>
        <extensions>
          <ns3:TrackPointExtension>
            <ns3:hr>171</ns3:hr>
            <ns3:cad>117</ns3:cad>
          </ns3:TrackPointExtension>
        </extensions>
      </trkpt>
      <trkpt lat="30.9450163878500461578369140625" lon="120.04246135242283344268798828125">
        <ele>104.8000030517578125</ele>
        <time>2026-05-30T04:18:54.000Z</time>
        <extensions>
          <ns3:TrackPointExtension>
            <ns3:hr>173</ns3:hr>
            <ns3:cad>120</ns3:cad>
          </ns3:TrackPointExtension>
        </extensions>
      </trkpt>
      <trkpt lat="30.9450774081051349639892578125" lon="120.042379461228847503662109375">
        <ele>104</ele>
        <time>2026-05-30T04:19:00.000Z</time>
        <extensions>
          <ns3:TrackPointExtension>
            <ns3:hr>170</ns3:hr>
            <ns3:cad>62</ns3:cad>
          </ns3:TrackPointExtension>
        </extensions>
      </trkpt>
      <trkpt lat="30.9451008774340152740478515625" lon="120.04234291613101959228515625">
        <ele>103.8000030517578125</ele>
        <time>2026-05-30T04:19:03.000Z</time>
        <extensions>
          <ns3:TrackPointExtension>
            <ns3:hr>167</ns3:hr>
            <ns3:cad>64</ns3:cad>
          </ns3:TrackPointExtension>
        </extensions>
      </trkpt>
      <trkpt lat="30.94512644223868846893310546875" lon="120.0423102267086505889892578125">
        <ele>103.59999847412109375</ele>
        <time>2026-05-30T04:19:05.000Z</time>
        <extensions>
          <ns3:TrackPointExtension>
            <ns3:hr>166</ns3:hr>
            <ns3:cad>64</ns3:cad>
          </ns3:TrackPointExtension>
        </extensions>
      </trkpt>
      <trkpt lat="30.94516365788877010345458984375" lon="120.0422639586031436920166015625">
        <ele>103.1999969482421875</ele>
        <time>2026-05-30T04:19:07.000Z</time>
        <extensions>
          <ns3:TrackPointExtension>
            <ns3:hr>165</ns3:hr>
            <ns3:cad>64</ns3:cad>
          </ns3:TrackPointExtension>
        </extensions>
      </trkpt>
      <trkpt lat="30.94520104117691516876220703125" lon="120.04220872186124324798583984375">
        <ele>102.59999847412109375</ele>
        <time>2026-05-30T04:19:09.000Z</time>
        <extensions>
          <ns3:TrackPointExtension>
            <ns3:hr>164</ns3:hr>
            <ns3:cad>64</ns3:cad>
          </ns3:TrackPointExtension>
        </extensions>
      </trkpt>
      <trkpt lat="30.94526306726038455963134765625" lon="120.04212909378111362457275390625">
        <ele>101.40000152587890625</ele>
        <time>2026-05-30T04:19:12.000Z</time>
        <extensions>
          <ns3:TrackPointExtension>
            <ns3:hr>162</ns3:hr>
            <ns3:cad>88</ns3:cad>
          </ns3:TrackPointExtension>
        </extensions>
      </trkpt>
      <trkpt lat="30.94529910944402217864990234375" lon="120.04208332858979701995849609375">
        <ele>100.40000152587890625</ele>
        <time>2026-05-30T04:19:14.000Z</time>
        <extensions>
          <ns3:TrackPointExtension>
            <ns3:hr>162</ns3:hr>
            <ns3:cad>88</ns3:cad>
          </ns3:TrackPointExtension>
        </extensions>
      </trkpt>
      <trkpt lat="30.94531637616455554962158203125" lon="120.0420565903186798095703125">
        <ele>100</ele>
        <time>2026-05-30T04:19:15.000Z</time>
        <extensions>
          <ns3:TrackPointExtension>
            <ns3:hr>162</ns3:hr>
            <ns3:cad>92</ns3:cad>
          </ns3:TrackPointExtension>
        </extensions>
      </trkpt>
      <trkpt lat="30.945352502167224884033203125" lon="120.04201560281217098236083984375">
        <ele>98.8000030517578125</ele>
        <time>2026-05-30T04:19:17.000Z</time>
        <extensions>
          <ns3:TrackPointExtension>
            <ns3:hr>161</ns3:hr>
            <ns3:cad>92</ns3:cad>
          </ns3:TrackPointExtension>
        </extensions>
      </trkpt>
      <trkpt lat="30.94538770616054534912109375" lon="120.04197805188596248626708984375">
        <ele>97.8000030517578125</ele>
        <time>2026-05-30T04:19:19.000Z</time>
        <extensions>
          <ns3:TrackPointExtension>
            <ns3:hr>163</ns3:hr>
            <ns3:cad>92</ns3:cad>
          </ns3:TrackPointExtension>
        </extensions>
      </trkpt>
      <trkpt lat="30.94540120102465152740478515625" lon="120.0419571809470653533935546875">
        <ele>97.1999969482421875</ele>
        <time>2026-05-30T04:19:20.000Z</time>
        <extensions>
          <ns3:TrackPointExtension>
            <ns3:hr>163</ns3:hr>
            <ns3:cad>92</ns3:cad>
          </ns3:TrackPointExtension>
        </extensions>
      </trkpt>
      <trkpt lat="30.94541729427874088287353515625" lon="120.0419330410659313201904296875">
        <ele>96.40000152587890625</ele>
        <time>2026-05-30T04:19:21.000Z</time>
        <extensions>
          <ns3:TrackPointExtension>
            <ns3:hr>162</ns3:hr>
            <ns3:cad>92</ns3:cad>
          </ns3:TrackPointExtension>
        </extensions>
      </trkpt>
      <trkpt lat="30.9454488940536975860595703125" lon="120.0418854318559169769287109375">
        <ele>94.8000030517578125</ele>
        <time>2026-05-30T04:19:23.000Z</time>
        <extensions>
          <ns3:TrackPointExtension>
            <ns3:hr>161</ns3:hr>
            <ns3:cad>92</ns3:cad>
          </ns3:TrackPointExtension>
        </extensions>
      </trkpt>
      <trkpt lat="30.9454753808677196502685546875" lon="120.0418508984148502349853515625">
        <ele>93.1999969482421875</ele>
        <time>2026-05-30T04:19:25.000Z</time>
        <extensions>
          <ns3:TrackPointExtension>
            <ns3:hr>162</ns3:hr>
            <ns3:cad>92</ns3:cad>
          </ns3:TrackPointExtension>
        </extensions>
      </trkpt>
      <trkpt lat="30.94550228677690029144287109375" lon="120.04181158728897571563720703125">
        <ele>92</ele>
        <time>2026-05-30T04:19:27.000Z</time>
        <extensions>
          <ns3:TrackPointExtension>
            <ns3:hr>162</ns3:hr>
            <ns3:cad>75</ns3:cad>
          </ns3:TrackPointExtension>
        </extensions>
      </trkpt>
      <trkpt lat="30.94553053379058837890625" lon="120.04177269525825977325439453125">
        <ele>91</ele>
        <time>2026-05-30T04:19:29.000Z</time>
        <extensions>
          <ns3:TrackPointExtension>
            <ns3:hr>162</ns3:hr>
            <ns3:cad>75</ns3:cad>
          </ns3:TrackPointExtension>
        </extensions>
      </trkpt>
      <trkpt lat="30.94556012190878391265869140625" lon="120.0417481362819671630859375">
        <ele>89.59999847412109375</ele>
        <time>2026-05-30T04:19:31.000Z</time>
        <extensions>
          <ns3:TrackPointExtension>
            <ns3:hr>162</ns3:hr>
            <ns3:cad>75</ns3:cad>
          </ns3:TrackPointExtension>
        </extensions>
      </trkpt>
      <trkpt lat="30.94559147022664546966552734375" lon="120.041723661124706268310546875">
        <ele>88.40000152587890625</ele>
        <time>2026-05-30T04:19:33.000Z</time>
        <extensions>
          <ns3:TrackPointExtension>
            <ns3:hr>162</ns3:hr>
            <ns3:cad>0</ns3:cad>
          </ns3:TrackPointExtension>
        </extensions>
      </trkpt>
      <trkpt lat="30.9456182084977626800537109375" lon="120.0416949950158596038818359375">
        <ele>87.40000152587890625</ele>
        <time>2026-05-30T04:19:35.000Z</time>
        <extensions>
          <ns3:TrackPointExtension>
            <ns3:hr>162</ns3:hr>
            <ns3:cad>0</ns3:cad>
          </ns3:TrackPointExtension>
        </extensions>
      </trkpt>
      <trkpt lat="30.94564192928373813629150390625" lon="120.0416534207761287689208984375">
        <ele>86.1999969482421875</ele>
        <time>2026-05-30T04:19:37.000Z</time>
        <extensions>
          <ns3:TrackPointExtension>
            <ns3:hr>162</ns3:hr>
            <ns3:cad>0</ns3:cad>
          </ns3:TrackPointExtension>
        </extensions>
      </trkpt>
      <trkpt lat="30.94565383158624172210693359375" lon="120.04161377437412738800048828125">
        <ele>85</ele>
        <time>2026-05-30T04:19:39.000Z</time>
        <extensions>
          <ns3:TrackPointExtension>
            <ns3:hr>163</ns3:hr>
            <ns3:cad>0</ns3:cad>
          </ns3:TrackPointExtension>
        </extensions>
      </trkpt>
      <trkpt lat="30.9456659853458404541015625" lon="120.04159064032137393951416015625">
        <ele>84</ele>
        <time>2026-05-30T04:19:41.000Z</time>
        <extensions>
          <ns3:TrackPointExtension>
            <ns3:hr>163</ns3:hr>
            <ns3:cad>0</ns3:cad>
          </ns3:TrackPointExtension>
        </extensions>
      </trkpt>
      <trkpt lat="30.94567394815385341644287109375" lon="120.04157337360084056854248046875">
        <ele>83.40000152587890625</ele>
        <time>2026-05-30T04:19:42.000Z</time>
        <extensions>
          <ns3:TrackPointExtension>
            <ns3:hr>163</ns3:hr>
            <ns3:cad>0</ns3:cad>
          </ns3:TrackPointExtension>
        </extensions>
      </trkpt>
      <trkpt lat="30.94568115659058094024658203125" lon="120.0415632314980030059814453125">
        <ele>82.8000030517578125</ele>
        <time>2026-05-30T04:19:43.000Z</time>
        <extensions>
          <ns3:TrackPointExtension>
            <ns3:hr>162</ns3:hr>
            <ns3:cad>0</ns3:cad>
          </ns3:TrackPointExtension>
        </extensions>
      </trkpt>
      <trkpt lat="30.94569758512079715728759765625" lon="120.04154018126428127288818359375">
        <ele>81.8000030517578125</ele>
        <time>2026-05-30T04:19:46.000Z</time>
        <extensions>
          <ns3:TrackPointExtension>
            <ns3:hr>163</ns3:hr>
            <ns3:cad>0</ns3:cad>
          </ns3:TrackPointExtension>
        </extensions>
      </trkpt>
      <trkpt lat="30.94571049325168132781982421875" lon="120.04152190871536731719970703125">
        <ele>81.40000152587890625</ele>
        <time>2026-05-30T04:19:47.000Z</time>
        <extensions>
          <ns3:TrackPointExtension>
            <ns3:hr>163</ns3:hr>
            <ns3:cad>0</ns3:cad>
          </ns3:TrackPointExtension>
        </extensions>
      </trkpt>
      <trkpt lat="30.9457330405712127685546875" lon="120.0414877943694591522216796875">
        <ele>80.1999969482421875</ele>
        <time>2026-05-30T04:19:49.000Z</time>
        <extensions>
          <ns3:TrackPointExtension>
            <ns3:hr>162</ns3:hr>
            <ns3:cad>0</ns3:cad>
          </ns3:TrackPointExtension>
        </extensions>
      </trkpt>
      <trkpt lat="30.94576179049909114837646484375" lon="120.0414530932903289794921875">
        <ele>78.59999847412109375</ele>
        <time>2026-05-30T04:19:51.000Z</time>
        <extensions>
          <ns3:TrackPointExtension>
            <ns3:hr>162</ns3:hr>
            <ns3:cad>0</ns3:cad>
          </ns3:TrackPointExtension>
        </extensions>
      </trkpt>
      <trkpt lat="30.94577972777187824249267578125" lon="120.04142618738114833831787109375">
        <ele>77.1999969482421875</ele>
        <time>2026-05-30T04:19:53.000Z</time>
        <extensions>
          <ns3:TrackPointExtension>
            <ns3:hr>161</ns3:hr>
            <ns3:cad>0</ns3:cad>
          </ns3:TrackPointExtension>
        </extensions>
      </trkpt>
      <trkpt lat="30.9457975812256336212158203125" lon="120.041399784386157989501953125">
        <ele>76.1999969482421875</ele>
        <time>2026-05-30T04:19:55.000Z</time>
        <extensions>
          <ns3:TrackPointExtension>
            <ns3:hr>161</ns3:hr>
            <ns3:cad>0</ns3:cad>
          </ns3:TrackPointExtension>
        </extensions>
      </trkpt>
      <trkpt lat="30.945822559297084808349609375" lon="120.041352845728397369384765625">
        <ele>75.1999969482421875</ele>
        <time>2026-05-30T04:19:57.000Z</time>
        <extensions>
          <ns3:TrackPointExtension>
            <ns3:hr>160</ns3:hr>
            <ns3:cad>0</ns3:cad>
          </ns3:TrackPointExtension>
        </extensions>
      </trkpt>
      <trkpt lat="30.94583873637020587921142578125" lon="120.041313953697681427001953125">
        <ele>74</ele>
        <time>2026-05-30T04:19:59.000Z</time>
        <extensions>
          <ns3:TrackPointExtension>
            <ns3:hr>159</ns3:hr>
            <ns3:cad>0</ns3:cad>
          </ns3:TrackPointExtension>
        </extensions>
      </trkpt>
      <trkpt lat="30.94586757011711597442626953125" lon="120.04126911051571369171142578125">
        <ele>72.59999847412109375</ele>
        <time>2026-05-30T04:20:02.000Z</time>
        <extensions>
          <ns3:TrackPointExtension>
            <ns3:hr>160</ns3:hr>
            <ns3:cad>0</ns3:cad>
          </ns3:TrackPointExtension>
        </extensions>
      </trkpt>
      <trkpt lat="30.94588282518088817596435546875" lon="120.0412358343601226806640625">
        <ele>71.59999847412109375</ele>
        <time>2026-05-30T04:20:04.000Z</time>
        <extensions>
          <ns3:TrackPointExtension>
            <ns3:hr>160</ns3:hr>
            <ns3:cad>0</ns3:cad>
          </ns3:TrackPointExtension>
        </extensions>
      </trkpt>
      <trkpt lat="30.945886261761188507080078125" lon="120.04122443497180938720703125">
        <ele>71</ele>
        <time>2026-05-30T04:20:05.000Z</time>
        <extensions>
          <ns3:TrackPointExtension>
            <ns3:hr>160</ns3:hr>
            <ns3:cad>0</ns3:cad>
          </ns3:TrackPointExtension>
        </extensions>
      </trkpt>
      <trkpt lat="30.9459055401384830474853515625" lon="120.04118227399885654449462890625">
        <ele>70</ele>
        <time>2026-05-30T04:20:08.000Z</time>
        <extensions>
          <ns3:TrackPointExtension>
            <ns3:hr>160</ns3:hr>
            <ns3:cad>0</ns3:cad>
          </ns3:TrackPointExtension>
        </extensions>
      </trkpt>
      <trkpt lat="30.94591878354549407958984375" lon="120.04116274416446685791015625">
        <ele>69.59999847412109375</ele>
        <time>2026-05-30T04:20:09.000Z</time>
        <extensions>
          <ns3:TrackPointExtension>
            <ns3:hr>161</ns3:hr>
            <ns3:cad>115</ns3:cad>
          </ns3:TrackPointExtension>
        </extensions>
      </trkpt>
      <trkpt lat="30.9459427557885646820068359375" lon="120.04112963564693927764892578125">
        <ele>68.40000152587890625</ele>
        <time>2026-05-30T04:20:11.000Z</time>
        <extensions>
          <ns3:TrackPointExtension>
            <ns3:hr>160</ns3:hr>
            <ns3:cad>0</ns3:cad>
          </ns3:TrackPointExtension>
        </extensions>
      </trkpt>
      <trkpt lat="30.9459744393825531005859375" lon="120.04108001478016376495361328125">
        <ele>67</ele>
        <time>2026-05-30T04:20:13.000Z</time>
        <extensions>
          <ns3:TrackPointExtension>
            <ns3:hr>159</ns3:hr>
            <ns3:cad>0</ns3:cad>
          </ns3:TrackPointExtension>
        </extensions>
      </trkpt>
      <trkpt lat="30.94601810909807682037353515625" lon="120.04102553240954875946044921875">
        <ele>66</ele>
        <time>2026-05-30T04:20:15.000Z</time>
        <extensions>
          <ns3:TrackPointExtension>
            <ns3:hr>158</ns3:hr>
            <ns3:cad>0</ns3:cad>
          </ns3:TrackPointExtension>
        </extensions>
      </trkpt>
      <trkpt lat="30.94609857536852359771728515625" lon="120.04092059098184108734130859375">
        <ele>64.8000030517578125</ele>
        <time>2026-05-30T04:20:20.000Z</time>
        <extensions>
          <ns3:TrackPointExtension>
            <ns3:hr>158</ns3:hr>
            <ns3:cad>86</ns3:cad>
          </ns3:TrackPointExtension>
        </extensions>
      </trkpt>
      <trkpt lat="30.94616554677486419677734375" lon="120.04084666259586811065673828125">
        <ele>64.1999969482421875</ele>
        <time>2026-05-30T04:20:28.000Z</time>
        <extensions>
          <ns3:TrackPointExtension>
            <ns3:hr>160</ns3:hr>
            <ns3:cad>59</ns3:cad>
          </ns3:TrackPointExtension>
        </extensions>
      </trkpt>
      <trkpt lat="30.9462196938693523406982421875" lon="120.04079452715814113616943359375">
        <ele>63.799999237060546875</ele>
        <time>2026-05-30T04:20:30.000Z</time>
        <extensions>
          <ns3:TrackPointExtension>
            <ns3:hr>158</ns3:hr>
            <ns3:cad>115</ns3:cad>
          </ns3:TrackPointExtension>
        </extensions>
      </trkpt>
      <trkpt lat="30.94624961726367473602294921875" lon="120.0407584011554718017578125">
        <ele>63.59999847412109375</ele>
        <time>2026-05-30T04:20:31.000Z</time>
        <extensions>
          <ns3:TrackPointExtension>
            <ns3:hr>158</ns3:hr>
            <ns3:cad>115</ns3:cad>
          </ns3:TrackPointExtension>
        </extensions>
      </trkpt>
      <trkpt lat="30.9463434107601642608642578125" lon="120.04066309891641139984130859375">
        <ele>62.59999847412109375</ele>
        <time>2026-05-30T04:20:34.000Z</time>
        <extensions>
          <ns3:TrackPointExtension>
            <ns3:hr>157</ns3:hr>
            <ns3:cad>80</ns3:cad>
          </ns3:TrackPointExtension>
        </extensions>
      </trkpt>
      <trkpt lat="30.946413315832614898681640625" lon="120.04057341255247592926025390625">
        <ele>62</ele>
        <time>2026-05-30T04:20:37.000Z</time>
        <extensions>
          <ns3:TrackPointExtension>
            <ns3:hr>159</ns3:hr>
            <ns3:cad>80</ns3:cad>
          </ns3:TrackPointExtension>
        </extensions>
      </trkpt>
      <trkpt lat="30.94645396806299686431884765625" lon="120.040515325963497161865234375">
        <ele>61.59999847412109375</ele>
        <time>2026-05-30T04:20:39.000Z</time>
        <extensions>
          <ns3:TrackPointExtension>
            <ns3:hr>160</ns3:hr>
            <ns3:cad>81</ns3:cad>
          </ns3:TrackPointExtension>
        </extensions>
      </trkpt>
      <trkpt lat="30.94652890227735042572021484375" lon="120.040422119200229644775390625">
        <ele>61.799999237060546875</ele>
        <time>2026-05-30T04:20:43.000Z</time>
        <extensions>
          <ns3:TrackPointExtension>
            <ns3:hr>163</ns3:hr>
            <ns3:cad>80</ns3:cad>
          </ns3:TrackPointExtension>
        </extensions>
      </trkpt>
      <trkpt lat="30.946546085178852081298828125" lon="120.04040124826133251190185546875">
        <ele>62.200000762939453125</ele>
        <time>2026-05-30T04:20:44.000Z</time>
        <extensions>
          <ns3:TrackPointExtension>
            <ns3:hr>163</ns3:hr>
            <ns3:cad>80</ns3:cad>
          </ns3:TrackPointExtension>
        </extensions>
      </trkpt>
      <trkpt lat="30.946577601134777069091796875" lon="120.0403654575347900390625">
        <ele>62.59999847412109375</ele>
        <time>2026-05-30T04:20:46.000Z</time>
        <extensions>
          <ns3:TrackPointExtension>
            <ns3:hr>164</ns3:hr>
            <ns3:cad>79</ns3:cad>
          </ns3:TrackPointExtension>
        </extensions>
      </trkpt>
      <trkpt lat="30.946670472621917724609375" lon="120.04026194103062152862548828125">
        <ele>63.799999237060546875</ele>
        <time>2026-05-30T04:20:52.000Z</time>
        <extensions>
          <ns3:TrackPointExtension>
            <ns3:hr>166</ns3:hr>
            <ns3:cad>75</ns3:cad>
          </ns3:TrackPointExtension>
        </extensions>
      </trkpt>
      <trkpt lat="30.946681536734104156494140625" lon="120.0402472727000713348388671875">
        <ele>64.40000152587890625</ele>
        <time>2026-05-30T04:20:53.000Z</time>
        <extensions>
          <ns3:TrackPointExtension>
            <ns3:hr>167</ns3:hr>
            <ns3:cad>75</ns3:cad>
          </ns3:TrackPointExtension>
        </extensions>
      </trkpt>
      <trkpt lat="30.9466907568275928497314453125" lon="120.0402308441698551177978515625">
        <ele>65</ele>
        <time>2026-05-30T04:20:54.000Z</time>
        <extensions>
          <ns3:TrackPointExtension>
            <ns3:hr>167</ns3:hr>
            <ns3:cad>75</ns3:cad>
          </ns3:TrackPointExtension>
        </extensions>
      </trkpt>
      <trkpt lat="30.946709699928760528564453125" lon="120.0402020104229450225830078125">
        <ele>66.1999969482421875</ele>
        <time>2026-05-30T04:20:57.000Z</time>
        <extensions>
          <ns3:TrackPointExtension>
            <ns3:hr>168</ns3:hr>
            <ns3:cad>74</ns3:cad>
          </ns3:TrackPointExtension>
        </extensions>
      </trkpt>
      <trkpt lat="30.94671749509871006011962890625" lon="120.04019471816718578338623046875">
        <ele>66.40000152587890625</ele>
        <time>2026-05-30T04:20:59.000Z</time>
        <extensions>
          <ns3:TrackPointExtension>
            <ns3:hr>167</ns3:hr>
            <ns3:cad>74</ns3:cad>
          </ns3:TrackPointExtension>
        </extensions>
      </trkpt>
      <trkpt lat="30.946739874780178070068359375" lon="120.0401684828102588653564453125">
        <ele>66.1999969482421875</ele>
        <time>2026-05-30T04:21:02.000Z</time>
        <extensions>
          <ns3:TrackPointExtension>
            <ns3:hr>168</ns3:hr>
            <ns3:cad>58</ns3:cad>
          </ns3:TrackPointExtension>
        </extensions>
      </trkpt>
      <trkpt lat="30.94669201411306858062744140625" lon="120.04007418639957904815673828125">
        <ele>67</ele>
        <time>2026-05-30T04:21:10.000Z</time>
        <extensions>
          <ns3:TrackPointExtension>
            <ns3:hr>163</ns3:hr>
            <ns3:cad>57</ns3:cad>
          </ns3:TrackPointExtension>
        </extensions>
      </trkpt>
      <trkpt lat="30.94668447040021419525146484375" lon="120.040057003498077392578125">
        <ele>67</ele>
        <time>2026-05-30T04:21:11.000Z</time>
        <extensions>
          <ns3:TrackPointExtension>
            <ns3:hr>161</ns3:hr>
            <ns3:cad>57</ns3:cad>
          </ns3:TrackPointExtension>
        </extensions>
      </trkpt>
    </trkseg>
  </trk>
</gpx>
