<gpx xmlns:ns3="http://www.garmin.com/xmlschemas/TrackPointExtension/v1" xmlns="http://www.topografix.com/GPX/1/1" xmlns:xsi="http://www.w3.org/2001/XMLSchema-instance" xmlns:ns2="http://www.garmin.com/xmlschemas/GpxExtensions/v3" creator="Garmin Connect" version="1.1" xsi:schemaLocation="http://www.topografix.com/GPX/1/1 http://www.topografix.com/GPX/11.xsd">
  <extensions>
<distance>5612.09</distance>
<average_hr>146.0</average_hr>
<average_speed>2.441999912261963</average_speed>
<start_time>2026-06-02T12:00:33+00:00</start_time>
<end_time>2026-06-02T12:38:51.302000+00:00</end_time>
<moving_time>2116.043</moving_time>
<elapsed_time>2331.757</elapsed_time>
</extensions>
<metadata>
    <link href="connect.garmin.com">
      <text>Garmin Connect</text>
    </link>
    <time>2026-06-02T12:00:33.000Z</time>
  </metadata>
  <trk>
    <name>闵行区 - 冲刺训练</name>
    <type>running</type>
    <trkseg>
      <trkpt lat="31.02196988649666309356689453125" lon="121.42348048277199268341064453125">
        <ele>7.80000019073486328125</ele>
        <time>2026-06-02T12:00:33.000Z</time>
        <extensions>
          <ns3:TrackPointExtension>
            <ns3:hr>89</ns3:hr>
            <ns3:cad>0</ns3:cad>
          </ns3:TrackPointExtension>
        </extensions>
      </trkpt>
      <trkpt lat="31.02192294783890247344970703125" lon="121.42344829626381397247314453125">
        <ele>8</ele>
        <time>2026-06-02T12:00:34.000Z</time>
        <extensions>
          <ns3:TrackPointExtension>
            <ns3:hr>90</ns3:hr>
            <ns3:cad>0</ns3:cad>
          </ns3:TrackPointExtension>
        </extensions>
      </trkpt>
      <trkpt lat="31.02191372774541378021240234375" lon="121.4234326221048831939697265625">
        <ele>7.80000019073486328125</ele>
        <time>2026-06-02T12:00:35.000Z</time>
        <extensions>
          <ns3:TrackPointExtension>
            <ns3:hr>89</ns3:hr>
            <ns3:cad>0</ns3:cad>
          </ns3:TrackPointExtension>
        </extensions>
      </trkpt>
      <trkpt lat="31.02190400473773479461669921875" lon="121.423411667346954345703125">
        <ele>7.599999904632568359375</ele>
        <time>2026-06-02T12:00:36.000Z</time>
        <extensions>
          <ns3:TrackPointExtension>
            <ns3:hr>89</ns3:hr>
            <ns3:cad>0</ns3:cad>
          </ns3:TrackPointExtension>
        </extensions>
      </trkpt>
      <trkpt lat="31.02189679630100727081298828125" lon="121.42337344586849212646484375">
        <ele>7.400000095367431640625</ele>
        <time>2026-06-02T12:00:37.000Z</time>
        <extensions>
          <ns3:TrackPointExtension>
            <ns3:hr>88</ns3:hr>
            <ns3:cad>0</ns3:cad>
          </ns3:TrackPointExtension>
        </extensions>
      </trkpt>
      <trkpt lat="31.02188707329332828521728515625" lon="121.4233434386551380157470703125">
        <ele>7.400000095367431640625</ele>
        <time>2026-06-02T12:00:38.000Z</time>
        <extensions>
          <ns3:TrackPointExtension>
            <ns3:hr>89</ns3:hr>
            <ns3:cad>0</ns3:cad>
          </ns3:TrackPointExtension>
        </extensions>
      </trkpt>
      <trkpt lat="31.02187357842922210693359375" lon="121.42330479808151721954345703125">
        <ele>7.400000095367431640625</ele>
        <time>2026-06-02T12:00:39.000Z</time>
        <extensions>
          <ns3:TrackPointExtension>
            <ns3:hr>89</ns3:hr>
            <ns3:cad>0</ns3:cad>
          </ns3:TrackPointExtension>
        </extensions>
      </trkpt>
      <trkpt lat="31.021864525973796844482421875" lon="121.42326506786048412322998046875">
        <ele>7.400000095367431640625</ele>
        <time>2026-06-02T12:00:40.000Z</time>
        <extensions>
          <ns3:TrackPointExtension>
            <ns3:hr>89</ns3:hr>
            <ns3:cad>81</ns3:cad>
          </ns3:TrackPointExtension>
        </extensions>
      </trkpt>
      <trkpt lat="31.02184834890067577362060546875" lon="121.42323791049420833587646484375">
        <ele>7.400000095367431640625</ele>
        <time>2026-06-02T12:00:41.000Z</time>
        <extensions>
          <ns3:TrackPointExtension>
            <ns3:hr>90</ns3:hr>
            <ns3:cad>82</ns3:cad>
          </ns3:TrackPointExtension>
        </extensions>
      </trkpt>
      <trkpt lat="31.02183091454207897186279296875" lon="121.423203460872173309326171875">
        <ele>7.400000095367431640625</ele>
        <time>2026-06-02T12:00:42.000Z</time>
        <extensions>
          <ns3:TrackPointExtension>
            <ns3:hr>94</ns3:hr>
            <ns3:cad>81</ns3:cad>
          </ns3:TrackPointExtension>
        </extensions>
      </trkpt>
      <trkpt lat="31.021815240383148193359375" lon="121.4231754653155803680419921875">
        <ele>7.400000095367431640625</ele>
        <time>2026-06-02T12:00:43.000Z</time>
        <extensions>
          <ns3:TrackPointExtension>
            <ns3:hr>98</ns3:hr>
            <ns3:cad>82</ns3:cad>
          </ns3:TrackPointExtension>
        </extensions>
      </trkpt>
      <trkpt lat="31.02179177105426788330078125" lon="121.42314369790256023406982421875">
        <ele>7.400000095367431640625</ele>
        <time>2026-06-02T12:00:44.000Z</time>
        <extensions>
          <ns3:TrackPointExtension>
            <ns3:hr>101</ns3:hr>
            <ns3:cad>83</ns3:cad>
          </ns3:TrackPointExtension>
        </extensions>
      </trkpt>
      <trkpt lat="31.02177165448665618896484375" lon="121.42312039621174335479736328125">
        <ele>7.599999904632568359375</ele>
        <time>2026-06-02T12:00:45.000Z</time>
        <extensions>
          <ns3:TrackPointExtension>
            <ns3:hr>103</ns3:hr>
            <ns3:cad>83</ns3:cad>
          </ns3:TrackPointExtension>
        </extensions>
      </trkpt>
      <trkpt lat="31.02174558676779270172119140625" lon="121.42309810034930706024169921875">
        <ele>7.400000095367431640625</ele>
        <time>2026-06-02T12:00:46.000Z</time>
        <extensions>
          <ns3:TrackPointExtension>
            <ns3:hr>106</ns3:hr>
            <ns3:cad>84</ns3:cad>
          </ns3:TrackPointExtension>
        </extensions>
      </trkpt>
      <trkpt lat="31.02172429673373699188232421875" lon="121.423073373734951019287109375">
        <ele>7.400000095367431640625</ele>
        <time>2026-06-02T12:00:47.000Z</time>
        <extensions>
          <ns3:TrackPointExtension>
            <ns3:hr>108</ns3:hr>
            <ns3:cad>85</ns3:cad>
          </ns3:TrackPointExtension>
        </extensions>
      </trkpt>
      <trkpt lat="31.0217014141380786895751953125" lon="121.423051916062831878662109375">
        <ele>7.400000095367431640625</ele>
        <time>2026-06-02T12:00:48.000Z</time>
        <extensions>
          <ns3:TrackPointExtension>
            <ns3:hr>110</ns3:hr>
            <ns3:cad>86</ns3:cad>
          </ns3:TrackPointExtension>
        </extensions>
      </trkpt>
      <trkpt lat="31.02167316712439060211181640625" lon="121.423031799495220184326171875">
        <ele>7.400000095367431640625</ele>
        <time>2026-06-02T12:00:49.000Z</time>
        <extensions>
          <ns3:TrackPointExtension>
            <ns3:hr>111</ns3:hr>
            <ns3:cad>86</ns3:cad>
          </ns3:TrackPointExtension>
        </extensions>
      </trkpt>
      <trkpt lat="31.0216460935771465301513671875" lon="121.42302081920206546783447265625">
        <ele>7.599999904632568359375</ele>
        <time>2026-06-02T12:00:50.000Z</time>
        <extensions>
          <ns3:TrackPointExtension>
            <ns3:hr>113</ns3:hr>
            <ns3:cad>86</ns3:cad>
          </ns3:TrackPointExtension>
        </extensions>
      </trkpt>
      <trkpt lat="31.02161214686930179595947265625" lon="121.42300422303378582000732421875">
        <ele>7.599999904632568359375</ele>
        <time>2026-06-02T12:00:51.000Z</time>
        <extensions>
          <ns3:TrackPointExtension>
            <ns3:hr>115</ns3:hr>
            <ns3:cad>85</ns3:cad>
          </ns3:TrackPointExtension>
        </extensions>
      </trkpt>
      <trkpt lat="31.021585576236248016357421875" lon="121.4229957573115825653076171875">
        <ele>7.400000095367431640625</ele>
        <time>2026-06-02T12:00:52.000Z</time>
        <extensions>
          <ns3:TrackPointExtension>
            <ns3:hr>116</ns3:hr>
            <ns3:cad>85</ns3:cad>
          </ns3:TrackPointExtension>
        </extensions>
      </trkpt>
      <trkpt lat="31.02155439555644989013671875" lon="121.42298896797001361846923828125">
        <ele>7.400000095367431640625</ele>
        <time>2026-06-02T12:00:53.000Z</time>
        <extensions>
          <ns3:TrackPointExtension>
            <ns3:hr>117</ns3:hr>
            <ns3:cad>85</ns3:cad>
          </ns3:TrackPointExtension>
        </extensions>
      </trkpt>
      <trkpt lat="31.02152623236179351806640625" lon="121.4229836873710155487060546875">
        <ele>7.19999980926513671875</ele>
        <time>2026-06-02T12:00:54.000Z</time>
        <extensions>
          <ns3:TrackPointExtension>
            <ns3:hr>118</ns3:hr>
            <ns3:cad>85</ns3:cad>
          </ns3:TrackPointExtension>
        </extensions>
      </trkpt>
      <trkpt lat="31.02150049991905689239501953125" lon="121.42298444174230098724365234375">
        <ele>7.19999980926513671875</ele>
        <time>2026-06-02T12:00:55.000Z</time>
        <extensions>
          <ns3:TrackPointExtension>
            <ns3:hr>120</ns3:hr>
            <ns3:cad>85</ns3:cad>
          </ns3:TrackPointExtension>
        </extensions>
      </trkpt>
      <trkpt lat="31.0214678943157196044921875" lon="121.42297488637268543243408203125">
        <ele>7</ele>
        <time>2026-06-02T12:00:56.000Z</time>
        <extensions>
          <ns3:TrackPointExtension>
            <ns3:hr>121</ns3:hr>
            <ns3:cad>85</ns3:cad>
          </ns3:TrackPointExtension>
        </extensions>
      </trkpt>
      <trkpt lat="31.02144635282456874847412109375" lon="121.42297379672527313232421875">
        <ele>7</ele>
        <time>2026-06-02T12:00:57.000Z</time>
        <extensions>
          <ns3:TrackPointExtension>
            <ns3:hr>122</ns3:hr>
            <ns3:cad>85</ns3:cad>
          </ns3:TrackPointExtension>
        </extensions>
      </trkpt>
      <trkpt lat="31.02141533978283405303955078125" lon="121.4229813404381275177001953125">
        <ele>7</ele>
        <time>2026-06-02T12:00:58.000Z</time>
        <extensions>
          <ns3:TrackPointExtension>
            <ns3:hr>124</ns3:hr>
            <ns3:cad>85</ns3:cad>
          </ns3:TrackPointExtension>
        </extensions>
      </trkpt>
      <trkpt lat="31.02138767950236797332763671875" lon="121.4229853637516498565673828125">
        <ele>6.80000019073486328125</ele>
        <time>2026-06-02T12:00:59.000Z</time>
        <extensions>
          <ns3:TrackPointExtension>
            <ns3:hr>125</ns3:hr>
            <ns3:cad>85</ns3:cad>
          </ns3:TrackPointExtension>
        </extensions>
      </trkpt>
      <trkpt lat="31.02136664092540740966796875" lon="121.42299751751124858856201171875">
        <ele>6.80000019073486328125</ele>
        <time>2026-06-02T12:01:00.000Z</time>
        <extensions>
          <ns3:TrackPointExtension>
            <ns3:hr>126</ns3:hr>
            <ns3:cad>85</ns3:cad>
          </ns3:TrackPointExtension>
        </extensions>
      </trkpt>
      <trkpt lat="31.0213342867791652679443359375" lon="121.42300506122410297393798828125">
        <ele>7</ele>
        <time>2026-06-02T12:01:01.000Z</time>
        <extensions>
          <ns3:TrackPointExtension>
            <ns3:hr>126</ns3:hr>
            <ns3:cad>85</ns3:cad>
          </ns3:TrackPointExtension>
        </extensions>
      </trkpt>
      <trkpt lat="31.02131442166864871978759765625" lon="121.4230202324688434600830078125">
        <ele>7</ele>
        <time>2026-06-02T12:01:02.000Z</time>
        <extensions>
          <ns3:TrackPointExtension>
            <ns3:hr>127</ns3:hr>
            <ns3:cad>85</ns3:cad>
          </ns3:TrackPointExtension>
        </extensions>
      </trkpt>
      <trkpt lat="31.0212880186736583709716796875" lon="121.42304110340774059295654296875">
        <ele>7</ele>
        <time>2026-06-02T12:01:03.000Z</time>
        <extensions>
          <ns3:TrackPointExtension>
            <ns3:hr>128</ns3:hr>
            <ns3:cad>85</ns3:cad>
          </ns3:TrackPointExtension>
        </extensions>
      </trkpt>
      <trkpt lat="31.02126748301088809967041015625" lon="121.4230540953576564788818359375">
        <ele>7</ele>
        <time>2026-06-02T12:01:04.000Z</time>
        <extensions>
          <ns3:TrackPointExtension>
            <ns3:hr>128</ns3:hr>
            <ns3:cad>85</ns3:cad>
          </ns3:TrackPointExtension>
        </extensions>
      </trkpt>
      <trkpt lat="31.02124434895813465118408203125" lon="121.423070020973682403564453125">
        <ele>7</ele>
        <time>2026-06-02T12:01:05.000Z</time>
        <extensions>
          <ns3:TrackPointExtension>
            <ns3:hr>128</ns3:hr>
            <ns3:cad>84</ns3:cad>
          </ns3:TrackPointExtension>
        </extensions>
      </trkpt>
      <trkpt lat="31.02121652103960514068603515625" lon="121.42308100126683712005615234375">
        <ele>7</ele>
        <time>2026-06-02T12:01:06.000Z</time>
        <extensions>
          <ns3:TrackPointExtension>
            <ns3:hr>129</ns3:hr>
            <ns3:cad>84</ns3:cad>
          </ns3:TrackPointExtension>
        </extensions>
      </trkpt>
      <trkpt lat="31.02119824849069118499755859375" lon="121.4230938255786895751953125">
        <ele>7</ele>
        <time>2026-06-02T12:01:07.000Z</time>
        <extensions>
          <ns3:TrackPointExtension>
            <ns3:hr>129</ns3:hr>
            <ns3:cad>84</ns3:cad>
          </ns3:TrackPointExtension>
        </extensions>
      </trkpt>
      <trkpt lat="31.02116673253476619720458984375" lon="121.42310413531959056854248046875">
        <ele>7</ele>
        <time>2026-06-02T12:01:08.000Z</time>
        <extensions>
          <ns3:TrackPointExtension>
            <ns3:hr>130</ns3:hr>
            <ns3:cad>84</ns3:cad>
          </ns3:TrackPointExtension>
        </extensions>
      </trkpt>
      <trkpt lat="31.021146364510059356689453125" lon="121.42311369068920612335205078125">
        <ele>7</ele>
        <time>2026-06-02T12:01:09.000Z</time>
        <extensions>
          <ns3:TrackPointExtension>
            <ns3:hr>130</ns3:hr>
            <ns3:cad>85</ns3:cad>
          </ns3:TrackPointExtension>
        </extensions>
      </trkpt>
      <trkpt lat="31.02111962623894214630126953125" lon="121.42313112504780292510986328125">
        <ele>7</ele>
        <time>2026-06-02T12:01:10.000Z</time>
        <extensions>
          <ns3:TrackPointExtension>
            <ns3:hr>130</ns3:hr>
            <ns3:cad>85</ns3:cad>
          </ns3:TrackPointExtension>
        </extensions>
      </trkpt>
      <trkpt lat="31.02109305560588836669921875" lon="121.42314017750322818756103515625">
        <ele>7</ele>
        <time>2026-06-02T12:01:11.000Z</time>
        <extensions>
          <ns3:TrackPointExtension>
            <ns3:hr>130</ns3:hr>
            <ns3:cad>85</ns3:cad>
          </ns3:TrackPointExtension>
        </extensions>
      </trkpt>
      <trkpt lat="31.02107134647667407989501953125" lon="121.42315216362476348876953125">
        <ele>7.19999980926513671875</ele>
        <time>2026-06-02T12:01:12.000Z</time>
        <extensions>
          <ns3:TrackPointExtension>
            <ns3:hr>131</ns3:hr>
            <ns3:cad>85</ns3:cad>
          </ns3:TrackPointExtension>
        </extensions>
      </trkpt>
      <trkpt lat="31.0210436023771762847900390625" lon="121.42315878532826900482177734375">
        <ele>7.19999980926513671875</ele>
        <time>2026-06-02T12:01:13.000Z</time>
        <extensions>
          <ns3:TrackPointExtension>
            <ns3:hr>132</ns3:hr>
            <ns3:cad>85</ns3:cad>
          </ns3:TrackPointExtension>
        </extensions>
      </trkpt>
      <trkpt lat="31.0210254974663257598876953125" lon="121.42316616140305995941162109375">
        <ele>7.19999980926513671875</ele>
        <time>2026-06-02T12:01:14.000Z</time>
        <extensions>
          <ns3:TrackPointExtension>
            <ns3:hr>132</ns3:hr>
            <ns3:cad>85</ns3:cad>
          </ns3:TrackPointExtension>
        </extensions>
      </trkpt>
      <trkpt lat="31.020997501909732818603515625" lon="121.423180662095546722412109375">
        <ele>7.19999980926513671875</ele>
        <time>2026-06-02T12:01:15.000Z</time>
        <extensions>
          <ns3:TrackPointExtension>
            <ns3:hr>133</ns3:hr>
            <ns3:cad>85</ns3:cad>
          </ns3:TrackPointExtension>
        </extensions>
      </trkpt>
      <trkpt lat="31.0209797322750091552734375" lon="121.423189379274845123291015625">
        <ele>7.19999980926513671875</ele>
        <time>2026-06-02T12:01:16.000Z</time>
        <extensions>
          <ns3:TrackPointExtension>
            <ns3:hr>133</ns3:hr>
            <ns3:cad>85</ns3:cad>
          </ns3:TrackPointExtension>
        </extensions>
      </trkpt>
      <trkpt lat="31.02095735259354114532470703125" lon="121.4232036285102367401123046875">
        <ele>7</ele>
        <time>2026-06-02T12:01:17.000Z</time>
        <extensions>
          <ns3:TrackPointExtension>
            <ns3:hr>134</ns3:hr>
            <ns3:cad>85</ns3:cad>
          </ns3:TrackPointExtension>
        </extensions>
      </trkpt>
      <trkpt lat="31.02093212306499481201171875" lon="121.42321410588920116424560546875">
        <ele>7</ele>
        <time>2026-06-02T12:01:18.000Z</time>
        <extensions>
          <ns3:TrackPointExtension>
            <ns3:hr>134</ns3:hr>
            <ns3:cad>86</ns3:cad>
          </ns3:TrackPointExtension>
        </extensions>
      </trkpt>
      <trkpt lat="31.02091980166733264923095703125" lon="121.423226930201053619384765625">
        <ele>7</ele>
        <time>2026-06-02T12:01:19.000Z</time>
        <extensions>
          <ns3:TrackPointExtension>
            <ns3:hr>134</ns3:hr>
            <ns3:cad>86</ns3:cad>
          </ns3:TrackPointExtension>
        </extensions>
      </trkpt>
      <trkpt lat="31.020892895758152008056640625" lon="121.42324008978903293609619140625">
        <ele>7</ele>
        <time>2026-06-02T12:01:20.000Z</time>
        <extensions>
          <ns3:TrackPointExtension>
            <ns3:hr>135</ns3:hr>
            <ns3:cad>85</ns3:cad>
          </ns3:TrackPointExtension>
        </extensions>
      </trkpt>
      <trkpt lat="31.0208722762763500213623046875" lon="121.4232495613396167755126953125">
        <ele>6.80000019073486328125</ele>
        <time>2026-06-02T12:01:21.000Z</time>
        <extensions>
          <ns3:TrackPointExtension>
            <ns3:hr>135</ns3:hr>
            <ns3:cad>85</ns3:cad>
          </ns3:TrackPointExtension>
        </extensions>
      </trkpt>
      <trkpt lat="31.02084486745297908782958984375" lon="121.423265822231769561767578125">
        <ele>7</ele>
        <time>2026-06-02T12:01:22.000Z</time>
        <extensions>
          <ns3:TrackPointExtension>
            <ns3:hr>136</ns3:hr>
            <ns3:cad>85</ns3:cad>
          </ns3:TrackPointExtension>
        </extensions>
      </trkpt>
      <trkpt lat="31.0208206437528133392333984375" lon="121.42327688634395599365234375">
        <ele>7</ele>
        <time>2026-06-02T12:01:23.000Z</time>
        <extensions>
          <ns3:TrackPointExtension>
            <ns3:hr>137</ns3:hr>
            <ns3:cad>85</ns3:cad>
          </ns3:TrackPointExtension>
        </extensions>
      </trkpt>
      <trkpt lat="31.0207998566329479217529296875" lon="121.4232944883406162261962890625">
        <ele>7</ele>
        <time>2026-06-02T12:01:24.000Z</time>
        <extensions>
          <ns3:TrackPointExtension>
            <ns3:hr>138</ns3:hr>
            <ns3:cad>84</ns3:cad>
          </ns3:TrackPointExtension>
        </extensions>
      </trkpt>
      <trkpt lat="31.02077412419021129608154296875" lon="121.4232991822063922882080078125">
        <ele>7</ele>
        <time>2026-06-02T12:01:25.000Z</time>
        <extensions>
          <ns3:TrackPointExtension>
            <ns3:hr>138</ns3:hr>
            <ns3:cad>85</ns3:cad>
          </ns3:TrackPointExtension>
        </extensions>
      </trkpt>
      <trkpt lat="31.02075249888002872467041015625" lon="121.42330932430922985076904296875">
        <ele>7</ele>
        <time>2026-06-02T12:01:26.000Z</time>
        <extensions>
          <ns3:TrackPointExtension>
            <ns3:hr>139</ns3:hr>
            <ns3:cad>85</ns3:cad>
          </ns3:TrackPointExtension>
        </extensions>
      </trkpt>
      <trkpt lat="31.02072433568537235260009765625" lon="121.42331703566014766693115234375">
        <ele>7.19999980926513671875</ele>
        <time>2026-06-02T12:01:27.000Z</time>
        <extensions>
          <ns3:TrackPointExtension>
            <ns3:hr>139</ns3:hr>
            <ns3:cad>86</ns3:cad>
          </ns3:TrackPointExtension>
        </extensions>
      </trkpt>
      <trkpt lat="31.020705141127109527587890625" lon="121.42332441173493862152099609375">
        <ele>7.19999980926513671875</ele>
        <time>2026-06-02T12:01:28.000Z</time>
        <extensions>
          <ns3:TrackPointExtension>
            <ns3:hr>140</ns3:hr>
            <ns3:cad>86</ns3:cad>
          </ns3:TrackPointExtension>
        </extensions>
      </trkpt>
      <trkpt lat="31.02067991159856319427490234375" lon="121.42333514057099819183349609375">
        <ele>7.19999980926513671875</ele>
        <time>2026-06-02T12:01:29.000Z</time>
        <extensions>
          <ns3:TrackPointExtension>
            <ns3:hr>140</ns3:hr>
            <ns3:cad>86</ns3:cad>
          </ns3:TrackPointExtension>
        </extensions>
      </trkpt>
      <trkpt lat="31.020653508603572845458984375" lon="121.4233407564461231231689453125">
        <ele>7.19999980926513671875</ele>
        <time>2026-06-02T12:01:30.000Z</time>
        <extensions>
          <ns3:TrackPointExtension>
            <ns3:hr>140</ns3:hr>
            <ns3:cad>85</ns3:cad>
          </ns3:TrackPointExtension>
        </extensions>
      </trkpt>
      <trkpt lat="31.0206318832933902740478515625" lon="121.42335173673927783966064453125">
        <ele>7.19999980926513671875</ele>
        <time>2026-06-02T12:01:31.000Z</time>
        <extensions>
          <ns3:TrackPointExtension>
            <ns3:hr>141</ns3:hr>
            <ns3:cad>85</ns3:cad>
          </ns3:TrackPointExtension>
        </extensions>
      </trkpt>
      <trkpt lat="31.02060162462294101715087890625" lon="121.42336464487016201019287109375">
        <ele>7.19999980926513671875</ele>
        <time>2026-06-02T12:01:32.000Z</time>
        <extensions>
          <ns3:TrackPointExtension>
            <ns3:hr>141</ns3:hr>
            <ns3:cad>85</ns3:cad>
          </ns3:TrackPointExtension>
        </extensions>
      </trkpt>
      <trkpt lat="31.0205812565982341766357421875" lon="121.4233808219432830810546875">
        <ele>7.19999980926513671875</ele>
        <time>2026-06-02T12:01:33.000Z</time>
        <extensions>
          <ns3:TrackPointExtension>
            <ns3:hr>141</ns3:hr>
            <ns3:cad>85</ns3:cad>
          </ns3:TrackPointExtension>
        </extensions>
      </trkpt>
      <trkpt lat="31.02055770345032215118408203125" lon="121.42340336926281452178955078125">
        <ele>7.400000095367431640625</ele>
        <time>2026-06-02T12:01:34.000Z</time>
        <extensions>
          <ns3:TrackPointExtension>
            <ns3:hr>142</ns3:hr>
            <ns3:cad>85</ns3:cad>
          </ns3:TrackPointExtension>
        </extensions>
      </trkpt>
      <trkpt lat="31.0205425322055816650390625" lon="121.42341636121273040771484375">
        <ele>7.400000095367431640625</ele>
        <time>2026-06-02T12:01:35.000Z</time>
        <extensions>
          <ns3:TrackPointExtension>
            <ns3:hr>141</ns3:hr>
            <ns3:cad>85</ns3:cad>
          </ns3:TrackPointExtension>
        </extensions>
      </trkpt>
      <trkpt lat="31.0205266065895557403564453125" lon="121.42344008199870586395263671875">
        <ele>7.400000095367431640625</ele>
        <time>2026-06-02T12:01:36.000Z</time>
        <extensions>
          <ns3:TrackPointExtension>
            <ns3:hr>142</ns3:hr>
            <ns3:cad>85</ns3:cad>
          </ns3:TrackPointExtension>
        </extensions>
      </trkpt>
      <trkpt lat="31.02050640620291233062744140625" lon="121.42345885746181011199951171875">
        <ele>7.400000095367431640625</ele>
        <time>2026-06-02T12:01:37.000Z</time>
        <extensions>
          <ns3:TrackPointExtension>
            <ns3:hr>142</ns3:hr>
            <ns3:cad>85</ns3:cad>
          </ns3:TrackPointExtension>
        </extensions>
      </trkpt>
      <trkpt lat="31.02049467153847217559814453125" lon="121.42347713001072406768798828125">
        <ele>7.400000095367431640625</ele>
        <time>2026-06-02T12:01:38.000Z</time>
        <extensions>
          <ns3:TrackPointExtension>
            <ns3:hr>142</ns3:hr>
            <ns3:cad>85</ns3:cad>
          </ns3:TrackPointExtension>
        </extensions>
      </trkpt>
      <trkpt lat="31.0204726271331310272216796875" lon="121.42350311391055583953857421875">
        <ele>7.400000095367431640625</ele>
        <time>2026-06-02T12:01:39.000Z</time>
        <extensions>
          <ns3:TrackPointExtension>
            <ns3:hr>141</ns3:hr>
            <ns3:cad>86</ns3:cad>
          </ns3:TrackPointExtension>
        </extensions>
      </trkpt>
      <trkpt lat="31.02045913226902484893798828125" lon="121.423522643744945526123046875">
        <ele>7.400000095367431640625</ele>
        <time>2026-06-02T12:01:40.000Z</time>
        <extensions>
          <ns3:TrackPointExtension>
            <ns3:hr>141</ns3:hr>
            <ns3:cad>86</ns3:cad>
          </ns3:TrackPointExtension>
        </extensions>
      </trkpt>
      <trkpt lat="31.0204441286623477935791015625" lon="121.42355290241539478302001953125">
        <ele>7.400000095367431640625</ele>
        <time>2026-06-02T12:01:41.000Z</time>
        <extensions>
          <ns3:TrackPointExtension>
            <ns3:hr>141</ns3:hr>
            <ns3:cad>85</ns3:cad>
          </ns3:TrackPointExtension>
        </extensions>
      </trkpt>
      <trkpt lat="31.02043314836919307708740234375" lon="121.42357821576297283172607421875">
        <ele>7.400000095367431640625</ele>
        <time>2026-06-02T12:01:42.000Z</time>
        <extensions>
          <ns3:TrackPointExtension>
            <ns3:hr>141</ns3:hr>
            <ns3:cad>85</ns3:cad>
          </ns3:TrackPointExtension>
        </extensions>
      </trkpt>
      <trkpt lat="31.02042761631309986114501953125" lon="121.42360621131956577301025390625">
        <ele>7.400000095367431640625</ele>
        <time>2026-06-02T12:01:43.000Z</time>
        <extensions>
          <ns3:TrackPointExtension>
            <ns3:hr>142</ns3:hr>
            <ns3:cad>85</ns3:cad>
          </ns3:TrackPointExtension>
        </extensions>
      </trkpt>
      <trkpt lat="31.02041286416351795196533203125" lon="121.423637978732585906982421875">
        <ele>7.19999980926513671875</ele>
        <time>2026-06-02T12:01:44.000Z</time>
        <extensions>
          <ns3:TrackPointExtension>
            <ns3:hr>142</ns3:hr>
            <ns3:cad>85</ns3:cad>
          </ns3:TrackPointExtension>
        </extensions>
      </trkpt>
      <trkpt lat="31.02041135542094707489013671875" lon="121.42366069369018077850341796875">
        <ele>7.19999980926513671875</ele>
        <time>2026-06-02T12:01:45.000Z</time>
        <extensions>
          <ns3:TrackPointExtension>
            <ns3:hr>141</ns3:hr>
            <ns3:cad>84</ns3:cad>
          </ns3:TrackPointExtension>
        </extensions>
      </trkpt>
      <trkpt lat="31.0204018838703632354736328125" lon="121.42369891516864299774169921875">
        <ele>7.19999980926513671875</ele>
        <time>2026-06-02T12:01:46.000Z</time>
        <extensions>
          <ns3:TrackPointExtension>
            <ns3:hr>142</ns3:hr>
            <ns3:cad>84</ns3:cad>
          </ns3:TrackPointExtension>
        </extensions>
      </trkpt>
      <trkpt lat="31.02040062658488750457763671875" lon="121.42372523434460163116455078125">
        <ele>7.19999980926513671875</ele>
        <time>2026-06-02T12:01:47.000Z</time>
        <extensions>
          <ns3:TrackPointExtension>
            <ns3:hr>142</ns3:hr>
            <ns3:cad>84</ns3:cad>
          </ns3:TrackPointExtension>
        </extensions>
      </trkpt>
      <trkpt lat="31.02040230296552181243896484375" lon="121.42375390045344829559326171875">
        <ele>7.400000095367431640625</ele>
        <time>2026-06-02T12:01:48.000Z</time>
        <extensions>
          <ns3:TrackPointExtension>
            <ns3:hr>142</ns3:hr>
            <ns3:cad>85</ns3:cad>
          </ns3:TrackPointExtension>
        </extensions>
      </trkpt>
      <trkpt lat="31.02040096186101436614990234375" lon="121.42378575168550014495849609375">
        <ele>7.400000095367431640625</ele>
        <time>2026-06-02T12:01:49.000Z</time>
        <extensions>
          <ns3:TrackPointExtension>
            <ns3:hr>142</ns3:hr>
            <ns3:cad>85</ns3:cad>
          </ns3:TrackPointExtension>
        </extensions>
      </trkpt>
      <trkpt lat="31.0204084217548370361328125" lon="121.42380821518599987030029296875">
        <ele>7.400000095367431640625</ele>
        <time>2026-06-02T12:01:50.000Z</time>
        <extensions>
          <ns3:TrackPointExtension>
            <ns3:hr>142</ns3:hr>
            <ns3:cad>85</ns3:cad>
          </ns3:TrackPointExtension>
        </extensions>
      </trkpt>
      <trkpt lat="31.02041202597320079803466796875" lon="121.423845179378986358642578125">
        <ele>7.400000095367431640625</ele>
        <time>2026-06-02T12:01:51.000Z</time>
        <extensions>
          <ns3:TrackPointExtension>
            <ns3:hr>143</ns3:hr>
            <ns3:cad>85</ns3:cad>
          </ns3:TrackPointExtension>
        </extensions>
      </trkpt>
      <trkpt lat="31.02041470818221569061279296875" lon="121.4238708280026912689208984375">
        <ele>7.400000095367431640625</ele>
        <time>2026-06-02T12:01:52.000Z</time>
        <extensions>
          <ns3:TrackPointExtension>
            <ns3:hr>143</ns3:hr>
            <ns3:cad>84</ns3:cad>
          </ns3:TrackPointExtension>
        </extensions>
      </trkpt>
      <trkpt lat="31.020422168076038360595703125" lon="121.42390343360602855682373046875">
        <ele>7.400000095367431640625</ele>
        <time>2026-06-02T12:01:53.000Z</time>
        <extensions>
          <ns3:TrackPointExtension>
            <ns3:hr>143</ns3:hr>
            <ns3:cad>84</ns3:cad>
          </ns3:TrackPointExtension>
        </extensions>
      </trkpt>
      <trkpt lat="31.0204280354082584381103515625" lon="121.4239321835339069366455078125">
        <ele>7.400000095367431640625</ele>
        <time>2026-06-02T12:01:54.000Z</time>
        <extensions>
          <ns3:TrackPointExtension>
            <ns3:hr>143</ns3:hr>
            <ns3:cad>84</ns3:cad>
          </ns3:TrackPointExtension>
        </extensions>
      </trkpt>
      <trkpt lat="31.02043851278722286224365234375" lon="121.4239561557769775390625">
        <ele>7.400000095367431640625</ele>
        <time>2026-06-02T12:01:55.000Z</time>
        <extensions>
          <ns3:TrackPointExtension>
            <ns3:hr>143</ns3:hr>
            <ns3:cad>84</ns3:cad>
          </ns3:TrackPointExtension>
        </extensions>
      </trkpt>
      <trkpt lat="31.02044957689940929412841796875" lon="121.4239871688187122344970703125">
        <ele>7.400000095367431640625</ele>
        <time>2026-06-02T12:01:56.000Z</time>
        <extensions>
          <ns3:TrackPointExtension>
            <ns3:hr>143</ns3:hr>
            <ns3:cad>85</ns3:cad>
          </ns3:TrackPointExtension>
        </extensions>
      </trkpt>
      <trkpt lat="31.02046416141092777252197265625" lon="121.4240049384534358978271484375">
        <ele>7.400000095367431640625</ele>
        <time>2026-06-02T12:01:57.000Z</time>
        <extensions>
          <ns3:TrackPointExtension>
            <ns3:hr>144</ns3:hr>
            <ns3:cad>85</ns3:cad>
          </ns3:TrackPointExtension>
        </extensions>
      </trkpt>
      <trkpt lat="31.0204806737601757049560546875" lon="121.4240300841629505157470703125">
        <ele>7.400000095367431640625</ele>
        <time>2026-06-02T12:01:58.000Z</time>
        <extensions>
          <ns3:TrackPointExtension>
            <ns3:hr>144</ns3:hr>
            <ns3:cad>85</ns3:cad>
          </ns3:TrackPointExtension>
        </extensions>
      </trkpt>
      <trkpt lat="31.02049986831843852996826171875" lon="121.4240542240440845489501953125">
        <ele>7.19999980926513671875</ele>
        <time>2026-06-02T12:01:59.000Z</time>
        <extensions>
          <ns3:TrackPointExtension>
            <ns3:hr>144</ns3:hr>
            <ns3:cad>85</ns3:cad>
          </ns3:TrackPointExtension>
        </extensions>
      </trkpt>
      <trkpt lat="31.0205212421715259552001953125" lon="121.424071490764617919921875">
        <ele>7.19999980926513671875</ele>
        <time>2026-06-02T12:02:00.000Z</time>
        <extensions>
          <ns3:TrackPointExtension>
            <ns3:hr>144</ns3:hr>
            <ns3:cad>85</ns3:cad>
          </ns3:TrackPointExtension>
        </extensions>
      </trkpt>
      <trkpt lat="31.02053708396852016448974609375" lon="121.4240974746644496917724609375">
        <ele>7.400000095367431640625</ele>
        <time>2026-06-02T12:02:01.000Z</time>
        <extensions>
          <ns3:TrackPointExtension>
            <ns3:hr>145</ns3:hr>
            <ns3:cad>84</ns3:cad>
          </ns3:TrackPointExtension>
        </extensions>
      </trkpt>
      <trkpt lat="31.0205530934035778045654296875" lon="121.424110047519207000732421875">
        <ele>7.400000095367431640625</ele>
        <time>2026-06-02T12:02:02.000Z</time>
        <extensions>
          <ns3:TrackPointExtension>
            <ns3:hr>145</ns3:hr>
            <ns3:cad>84</ns3:cad>
          </ns3:TrackPointExtension>
        </extensions>
      </trkpt>
      <trkpt lat="31.020579077303409576416015625" lon="121.42413175664842128753662109375">
        <ele>7.599999904632568359375</ele>
        <time>2026-06-02T12:02:03.000Z</time>
        <extensions>
          <ns3:TrackPointExtension>
            <ns3:hr>145</ns3:hr>
            <ns3:cad>85</ns3:cad>
          </ns3:TrackPointExtension>
        </extensions>
      </trkpt>
      <trkpt lat="31.02059550583362579345703125" lon="121.4241470955312252044677734375">
        <ele>7.599999904632568359375</ele>
        <time>2026-06-02T12:02:04.000Z</time>
        <extensions>
          <ns3:TrackPointExtension>
            <ns3:hr>145</ns3:hr>
            <ns3:cad>85</ns3:cad>
          </ns3:TrackPointExtension>
        </extensions>
      </trkpt>
      <trkpt lat="31.02062056772410869598388671875" lon="121.424157656729221343994140625">
        <ele>7.599999904632568359375</ele>
        <time>2026-06-02T12:02:05.000Z</time>
        <extensions>
          <ns3:TrackPointExtension>
            <ns3:hr>144</ns3:hr>
            <ns3:cad>84</ns3:cad>
          </ns3:TrackPointExtension>
        </extensions>
      </trkpt>
      <trkpt lat="31.0206459648907184600830078125" lon="121.42417333088815212249755859375">
        <ele>7.599999904632568359375</ele>
        <time>2026-06-02T12:02:06.000Z</time>
        <extensions>
          <ns3:TrackPointExtension>
            <ns3:hr>145</ns3:hr>
            <ns3:cad>84</ns3:cad>
          </ns3:TrackPointExtension>
        </extensions>
      </trkpt>
      <trkpt lat="31.0206674225628376007080078125" lon="121.4241772703826427459716796875">
        <ele>7.599999904632568359375</ele>
        <time>2026-06-02T12:02:07.000Z</time>
        <extensions>
          <ns3:TrackPointExtension>
            <ns3:hr>145</ns3:hr>
            <ns3:cad>84</ns3:cad>
          </ns3:TrackPointExtension>
        </extensions>
      </trkpt>
      <trkpt lat="31.02069734595715999603271484375" lon="121.42419177107512950897216796875">
        <ele>7.599999904632568359375</ele>
        <time>2026-06-02T12:02:08.000Z</time>
        <extensions>
          <ns3:TrackPointExtension>
            <ns3:hr>145</ns3:hr>
            <ns3:cad>84</ns3:cad>
          </ns3:TrackPointExtension>
        </extensions>
      </trkpt>
      <trkpt lat="31.0207190550863742828369140625" lon="121.42419428564608097076416015625">
        <ele>7.599999904632568359375</ele>
        <time>2026-06-02T12:02:09.000Z</time>
        <extensions>
          <ns3:TrackPointExtension>
            <ns3:hr>145</ns3:hr>
            <ns3:cad>84</ns3:cad>
          </ns3:TrackPointExtension>
        </extensions>
      </trkpt>
      <trkpt lat="31.02075249888002872467041015625" lon="121.42420048825442790985107421875">
        <ele>7.599999904632568359375</ele>
        <time>2026-06-02T12:02:10.000Z</time>
        <extensions>
          <ns3:TrackPointExtension>
            <ns3:hr>145</ns3:hr>
            <ns3:cad>85</ns3:cad>
          </ns3:TrackPointExtension>
        </extensions>
      </trkpt>
      <trkpt lat="31.02077865041792392730712890625" lon="121.4242061041295528411865234375">
        <ele>7.599999904632568359375</ele>
        <time>2026-06-02T12:02:11.000Z</time>
        <extensions>
          <ns3:TrackPointExtension>
            <ns3:hr>146</ns3:hr>
            <ns3:cad>85</ns3:cad>
          </ns3:TrackPointExtension>
        </extensions>
      </trkpt>
      <trkpt lat="31.02080463431775569915771484375" lon="121.42420434392988681793212890625">
        <ele>7.599999904632568359375</ele>
        <time>2026-06-02T12:02:12.000Z</time>
        <extensions>
          <ns3:TrackPointExtension>
            <ns3:hr>145</ns3:hr>
            <ns3:cad>85</ns3:cad>
          </ns3:TrackPointExtension>
        </extensions>
      </trkpt>
      <trkpt lat="31.0208347253501415252685546875" lon="121.424209959805011749267578125">
        <ele>7.599999904632568359375</ele>
        <time>2026-06-02T12:02:13.000Z</time>
        <extensions>
          <ns3:TrackPointExtension>
            <ns3:hr>145</ns3:hr>
            <ns3:cad>85</ns3:cad>
          </ns3:TrackPointExtension>
        </extensions>
      </trkpt>
      <trkpt lat="31.020858027040958404541015625" lon="121.4242034219205379486083984375">
        <ele>7.80000019073486328125</ele>
        <time>2026-06-02T12:02:14.000Z</time>
        <extensions>
          <ns3:TrackPointExtension>
            <ns3:hr>146</ns3:hr>
            <ns3:cad>86</ns3:cad>
          </ns3:TrackPointExtension>
        </extensions>
      </trkpt>
      <trkpt lat="31.02089054882526397705078125" lon="121.42419730313122272491455078125">
        <ele>7.80000019073486328125</ele>
        <time>2026-06-02T12:02:15.000Z</time>
        <extensions>
          <ns3:TrackPointExtension>
            <ns3:hr>146</ns3:hr>
            <ns3:cad>86</ns3:cad>
          </ns3:TrackPointExtension>
        </extensions>
      </trkpt>
      <trkpt lat="31.0209148563444614410400390625" lon="121.4241950400173664093017578125">
        <ele>7.599999904632568359375</ele>
        <time>2026-06-02T12:02:16.000Z</time>
        <extensions>
          <ns3:TrackPointExtension>
            <ns3:hr>146</ns3:hr>
            <ns3:cad>86</ns3:cad>
          </ns3:TrackPointExtension>
        </extensions>
      </trkpt>
      <trkpt lat="31.02093908004462718963623046875" lon="121.42418213188648223876953125">
        <ele>7.599999904632568359375</ele>
        <time>2026-06-02T12:02:17.000Z</time>
        <extensions>
          <ns3:TrackPointExtension>
            <ns3:hr>145</ns3:hr>
            <ns3:cad>85</ns3:cad>
          </ns3:TrackPointExtension>
        </extensions>
      </trkpt>
      <trkpt lat="31.0209651477634906768798828125" lon="121.4241745881736278533935546875">
        <ele>7.599999904632568359375</ele>
        <time>2026-06-02T12:02:18.000Z</time>
        <extensions>
          <ns3:TrackPointExtension>
            <ns3:hr>146</ns3:hr>
            <ns3:cad>85</ns3:cad>
          </ns3:TrackPointExtension>
        </extensions>
      </trkpt>
      <trkpt lat="31.0209866054356098175048828125" lon="121.42416142858564853668212890625">
        <ele>7.599999904632568359375</ele>
        <time>2026-06-02T12:02:19.000Z</time>
        <extensions>
          <ns3:TrackPointExtension>
            <ns3:hr>146</ns3:hr>
            <ns3:cad>85</ns3:cad>
          </ns3:TrackPointExtension>
        </extensions>
      </trkpt>
      <trkpt lat="31.02101795375347137451171875" lon="121.4241511188447475433349609375">
        <ele>7.599999904632568359375</ele>
        <time>2026-06-02T12:02:20.000Z</time>
        <extensions>
          <ns3:TrackPointExtension>
            <ns3:hr>145</ns3:hr>
            <ns3:cad>85</ns3:cad>
          </ns3:TrackPointExtension>
        </extensions>
      </trkpt>
      <trkpt lat="31.0210405848920345306396484375" lon="121.42413997091352939605712890625">
        <ele>7.599999904632568359375</ele>
        <time>2026-06-02T12:02:21.000Z</time>
        <extensions>
          <ns3:TrackPointExtension>
            <ns3:hr>146</ns3:hr>
            <ns3:cad>85</ns3:cad>
          </ns3:TrackPointExtension>
        </extensions>
      </trkpt>
      <trkpt lat="31.02106883190572261810302734375" lon="121.42412521876394748687744140625">
        <ele>7.599999904632568359375</ele>
        <time>2026-06-02T12:02:22.000Z</time>
        <extensions>
          <ns3:TrackPointExtension>
            <ns3:hr>146</ns3:hr>
            <ns3:cad>84</ns3:cad>
          </ns3:TrackPointExtension>
        </extensions>
      </trkpt>
      <trkpt lat="31.021092720329761505126953125" lon="121.4241169206798076629638671875">
        <ele>7.599999904632568359375</ele>
        <time>2026-06-02T12:02:23.000Z</time>
        <extensions>
          <ns3:TrackPointExtension>
            <ns3:hr>146</ns3:hr>
            <ns3:cad>84</ns3:cad>
          </ns3:TrackPointExtension>
        </extensions>
      </trkpt>
      <trkpt lat="31.02111577056348323822021484375" lon="121.424104683101177215576171875">
        <ele>7.599999904632568359375</ele>
        <time>2026-06-02T12:02:24.000Z</time>
        <extensions>
          <ns3:TrackPointExtension>
            <ns3:hr>145</ns3:hr>
            <ns3:cad>84</ns3:cad>
          </ns3:TrackPointExtension>
        </extensions>
      </trkpt>
      <trkpt lat="31.02114309556782245635986328125" lon="121.424098648130893707275390625">
        <ele>7.400000095367431640625</ele>
        <time>2026-06-02T12:02:25.000Z</time>
        <extensions>
          <ns3:TrackPointExtension>
            <ns3:hr>146</ns3:hr>
            <ns3:cad>85</ns3:cad>
          </ns3:TrackPointExtension>
        </extensions>
      </trkpt>
      <trkpt lat="31.02116220630705356597900390625" lon="121.42408682964742183685302734375">
        <ele>7.400000095367431640625</ele>
        <time>2026-06-02T12:02:26.000Z</time>
        <extensions>
          <ns3:TrackPointExtension>
            <ns3:hr>146</ns3:hr>
            <ns3:cad>85</ns3:cad>
          </ns3:TrackPointExtension>
        </extensions>
      </trkpt>
      <trkpt lat="31.0211916267871856689453125" lon="121.4240726642310619354248046875">
        <ele>7.400000095367431640625</ele>
        <time>2026-06-02T12:02:27.000Z</time>
        <extensions>
          <ns3:TrackPointExtension>
            <ns3:hr>145</ns3:hr>
            <ns3:cad>85</ns3:cad>
          </ns3:TrackPointExtension>
        </extensions>
      </trkpt>
      <trkpt lat="31.02121149189770221710205078125" lon="121.42406168393790721893310546875">
        <ele>7.400000095367431640625</ele>
        <time>2026-06-02T12:02:28.000Z</time>
        <extensions>
          <ns3:TrackPointExtension>
            <ns3:hr>146</ns3:hr>
            <ns3:cad>85</ns3:cad>
          </ns3:TrackPointExtension>
        </extensions>
      </trkpt>
      <trkpt lat="31.02123387157917022705078125" lon="121.42404743470251560211181640625">
        <ele>7.599999904632568359375</ele>
        <time>2026-06-02T12:02:29.000Z</time>
        <extensions>
          <ns3:TrackPointExtension>
            <ns3:hr>146</ns3:hr>
            <ns3:cad>85</ns3:cad>
          </ns3:TrackPointExtension>
        </extensions>
      </trkpt>
      <trkpt lat="31.021261028945446014404296875" lon="121.424037627875804901123046875">
        <ele>7.599999904632568359375</ele>
        <time>2026-06-02T12:02:30.000Z</time>
        <extensions>
          <ns3:TrackPointExtension>
            <ns3:hr>145</ns3:hr>
            <ns3:cad>84</ns3:cad>
          </ns3:TrackPointExtension>
        </extensions>
      </trkpt>
      <trkpt lat="31.02128257043659687042236328125" lon="121.42402564175426959991455078125">
        <ele>7.599999904632568359375</ele>
        <time>2026-06-02T12:02:31.000Z</time>
        <extensions>
          <ns3:TrackPointExtension>
            <ns3:hr>146</ns3:hr>
            <ns3:cad>84</ns3:cad>
          </ns3:TrackPointExtension>
        </extensions>
      </trkpt>
      <trkpt lat="31.0213124938309192657470703125" lon="121.42401759512722492218017578125">
        <ele>7.599999904632568359375</ele>
        <time>2026-06-02T12:02:32.000Z</time>
        <extensions>
          <ns3:TrackPointExtension>
            <ns3:hr>146</ns3:hr>
            <ns3:cad>84</ns3:cad>
          </ns3:TrackPointExtension>
        </extensions>
      </trkpt>
      <trkpt lat="31.0213337838649749755859375" lon="121.4240066148340702056884765625">
        <ele>7.599999904632568359375</ele>
        <time>2026-06-02T12:02:33.000Z</time>
        <extensions>
          <ns3:TrackPointExtension>
            <ns3:hr>145</ns3:hr>
            <ns3:cad>84</ns3:cad>
          </ns3:TrackPointExtension>
        </extensions>
      </trkpt>
      <trkpt lat="31.02136102505028247833251953125" lon="121.42399764619767665863037109375">
        <ele>7.599999904632568359375</ele>
        <time>2026-06-02T12:02:34.000Z</time>
        <extensions>
          <ns3:TrackPointExtension>
            <ns3:hr>146</ns3:hr>
            <ns3:cad>85</ns3:cad>
          </ns3:TrackPointExtension>
        </extensions>
      </trkpt>
      <trkpt lat="31.02138298563659191131591796875" lon="121.423990018665790557861328125">
        <ele>7.599999904632568359375</ele>
        <time>2026-06-02T12:02:35.000Z</time>
        <extensions>
          <ns3:TrackPointExtension>
            <ns3:hr>146</ns3:hr>
            <ns3:cad>86</ns3:cad>
          </ns3:TrackPointExtension>
        </extensions>
      </trkpt>
      <trkpt lat="31.02140712551772594451904296875" lon="121.42397560179233551025390625">
        <ele>7.599999904632568359375</ele>
        <time>2026-06-02T12:02:36.000Z</time>
        <extensions>
          <ns3:TrackPointExtension>
            <ns3:hr>145</ns3:hr>
            <ns3:cad>86</ns3:cad>
          </ns3:TrackPointExtension>
        </extensions>
      </trkpt>
      <trkpt lat="31.02143595926463603973388671875" lon="121.4239687286317348480224609375">
        <ele>7.80000019073486328125</ele>
        <time>2026-06-02T12:02:37.000Z</time>
        <extensions>
          <ns3:TrackPointExtension>
            <ns3:hr>146</ns3:hr>
            <ns3:cad>86</ns3:cad>
          </ns3:TrackPointExtension>
        </extensions>
      </trkpt>
      <trkpt lat="31.02145657874643802642822265625" lon="121.4239563234150409698486328125">
        <ele>7.80000019073486328125</ele>
        <time>2026-06-02T12:02:38.000Z</time>
        <extensions>
          <ns3:TrackPointExtension>
            <ns3:hr>146</ns3:hr>
            <ns3:cad>85</ns3:cad>
          </ns3:TrackPointExtension>
        </extensions>
      </trkpt>
      <trkpt lat="31.021486334502696990966796875" lon="121.42394383437931537628173828125">
        <ele>7.599999904632568359375</ele>
        <time>2026-06-02T12:02:39.000Z</time>
        <extensions>
          <ns3:TrackPointExtension>
            <ns3:hr>145</ns3:hr>
            <ns3:cad>85</ns3:cad>
          </ns3:TrackPointExtension>
        </extensions>
      </trkpt>
      <trkpt lat="31.02150611579418182373046875" lon="121.42393779940903186798095703125">
        <ele>7.599999904632568359375</ele>
        <time>2026-06-02T12:02:40.000Z</time>
        <extensions>
          <ns3:TrackPointExtension>
            <ns3:hr>146</ns3:hr>
            <ns3:cad>85</ns3:cad>
          </ns3:TrackPointExtension>
        </extensions>
      </trkpt>
      <trkpt lat="31.02152765728533267974853515625" lon="121.4239253103733062744140625">
        <ele>7.599999904632568359375</ele>
        <time>2026-06-02T12:02:41.000Z</time>
        <extensions>
          <ns3:TrackPointExtension>
            <ns3:hr>146</ns3:hr>
            <ns3:cad>85</ns3:cad>
          </ns3:TrackPointExtension>
        </extensions>
      </trkpt>
      <trkpt lat="31.0215532220900058746337890625" lon="121.42391684465110301971435546875">
        <ele>7.599999904632568359375</ele>
        <time>2026-06-02T12:02:42.000Z</time>
        <extensions>
          <ns3:TrackPointExtension>
            <ns3:hr>146</ns3:hr>
            <ns3:cad>85</ns3:cad>
          </ns3:TrackPointExtension>
        </extensions>
      </trkpt>
      <trkpt lat="31.02157426066696643829345703125" lon="121.42390443943440914154052734375">
        <ele>7.599999904632568359375</ele>
        <time>2026-06-02T12:02:43.000Z</time>
        <extensions>
          <ns3:TrackPointExtension>
            <ns3:hr>147</ns3:hr>
            <ns3:cad>85</ns3:cad>
          </ns3:TrackPointExtension>
        </extensions>
      </trkpt>
      <trkpt lat="31.02160535752773284912109375" lon="121.4238931238651275634765625">
        <ele>7.599999904632568359375</ele>
        <time>2026-06-02T12:02:44.000Z</time>
        <extensions>
          <ns3:TrackPointExtension>
            <ns3:hr>147</ns3:hr>
            <ns3:cad>85</ns3:cad>
          </ns3:TrackPointExtension>
        </extensions>
      </trkpt>
      <trkpt lat="31.02162606082856655120849609375" lon="121.42388130538165569305419921875">
        <ele>7.400000095367431640625</ele>
        <time>2026-06-02T12:02:45.000Z</time>
        <extensions>
          <ns3:TrackPointExtension>
            <ns3:hr>147</ns3:hr>
            <ns3:cad>84</ns3:cad>
          </ns3:TrackPointExtension>
        </extensions>
      </trkpt>
      <trkpt lat="31.0216521285474300384521484375" lon="121.42386554740369319915771484375">
        <ele>7.400000095367431640625</ele>
        <time>2026-06-02T12:02:46.000Z</time>
        <extensions>
          <ns3:TrackPointExtension>
            <ns3:hr>147</ns3:hr>
            <ns3:cad>84</ns3:cad>
          </ns3:TrackPointExtension>
        </extensions>
      </trkpt>
      <trkpt lat="31.02167769335210323333740234375" lon="121.4238560758531093597412109375">
        <ele>7.400000095367431640625</ele>
        <time>2026-06-02T12:02:47.000Z</time>
        <extensions>
          <ns3:TrackPointExtension>
            <ns3:hr>147</ns3:hr>
            <ns3:cad>85</ns3:cad>
          </ns3:TrackPointExtension>
        </extensions>
      </trkpt>
      <trkpt lat="31.0216953791677951812744140625" lon="121.42384123988449573516845703125">
        <ele>7.400000095367431640625</ele>
        <time>2026-06-02T12:02:48.000Z</time>
        <extensions>
          <ns3:TrackPointExtension>
            <ns3:hr>148</ns3:hr>
            <ns3:cad>85</ns3:cad>
          </ns3:TrackPointExtension>
        </extensions>
      </trkpt>
      <trkpt lat="31.02172194980084896087646484375" lon="121.42382405698299407958984375">
        <ele>7.400000095367431640625</ele>
        <time>2026-06-02T12:02:49.000Z</time>
        <extensions>
          <ns3:TrackPointExtension>
            <ns3:hr>148</ns3:hr>
            <ns3:cad>85</ns3:cad>
          </ns3:TrackPointExtension>
        </extensions>
      </trkpt>
      <trkpt lat="31.02173921652138233184814453125" lon="121.4238054491579532623291015625">
        <ele>7.400000095367431640625</ele>
        <time>2026-06-02T12:02:50.000Z</time>
        <extensions>
          <ns3:TrackPointExtension>
            <ns3:hr>148</ns3:hr>
            <ns3:cad>84</ns3:cad>
          </ns3:TrackPointExtension>
        </extensions>
      </trkpt>
      <trkpt lat="31.02176117710769176483154296875" lon="121.423780135810375213623046875">
        <ele>7.400000095367431640625</ele>
        <time>2026-06-02T12:02:51.000Z</time>
        <extensions>
          <ns3:TrackPointExtension>
            <ns3:hr>148</ns3:hr>
            <ns3:cad>84</ns3:cad>
          </ns3:TrackPointExtension>
        </extensions>
      </trkpt>
      <trkpt lat="31.02177509106695652008056640625" lon="121.42375775612890720367431640625">
        <ele>7.19999980926513671875</ele>
        <time>2026-06-02T12:02:52.000Z</time>
        <extensions>
          <ns3:TrackPointExtension>
            <ns3:hr>149</ns3:hr>
            <ns3:cad>84</ns3:cad>
          </ns3:TrackPointExtension>
        </extensions>
      </trkpt>
      <trkpt lat="31.02179042994976043701171875" lon="121.42373344860970973968505859375">
        <ele>7.19999980926513671875</ele>
        <time>2026-06-02T12:02:53.000Z</time>
        <extensions>
          <ns3:TrackPointExtension>
            <ns3:hr>148</ns3:hr>
            <ns3:cad>84</ns3:cad>
          </ns3:TrackPointExtension>
        </extensions>
      </trkpt>
      <trkpt lat="31.02180920541286468505859375" lon="121.42371148802340030670166015625">
        <ele>7.19999980926513671875</ele>
        <time>2026-06-02T12:02:54.000Z</time>
        <extensions>
          <ns3:TrackPointExtension>
            <ns3:hr>148</ns3:hr>
            <ns3:cad>85</ns3:cad>
          </ns3:TrackPointExtension>
        </extensions>
      </trkpt>
      <trkpt lat="31.021820940077304840087890625" lon="121.4236897788941860198974609375">
        <ele>7.19999980926513671875</ele>
        <time>2026-06-02T12:02:55.000Z</time>
        <extensions>
          <ns3:TrackPointExtension>
            <ns3:hr>149</ns3:hr>
            <ns3:cad>85</ns3:cad>
          </ns3:TrackPointExtension>
        </extensions>
      </trkpt>
      <trkpt lat="31.021839715540409088134765625" lon="121.42365985549986362457275390625">
        <ele>7.19999980926513671875</ele>
        <time>2026-06-02T12:02:56.000Z</time>
        <extensions>
          <ns3:TrackPointExtension>
            <ns3:hr>148</ns3:hr>
            <ns3:cad>85</ns3:cad>
          </ns3:TrackPointExtension>
        </extensions>
      </trkpt>
      <trkpt lat="31.02184717543423175811767578125" lon="121.4236331172287464141845703125">
        <ele>7.19999980926513671875</ele>
        <time>2026-06-02T12:02:57.000Z</time>
        <extensions>
          <ns3:TrackPointExtension>
            <ns3:hr>148</ns3:hr>
            <ns3:cad>86</ns3:cad>
          </ns3:TrackPointExtension>
        </extensions>
      </trkpt>
      <trkpt lat="31.02185555733740329742431640625" lon="121.42360009253025054931640625">
        <ele>7.19999980926513671875</ele>
        <time>2026-06-02T12:02:58.000Z</time>
        <extensions>
          <ns3:TrackPointExtension>
            <ns3:hr>149</ns3:hr>
            <ns3:cad>84</ns3:cad>
          </ns3:TrackPointExtension>
        </extensions>
      </trkpt>
      <trkpt lat="31.02186477743089199066162109375" lon="121.4235699176788330078125">
        <ele>7.19999980926513671875</ele>
        <time>2026-06-02T12:02:59.000Z</time>
        <extensions>
          <ns3:TrackPointExtension>
            <ns3:hr>148</ns3:hr>
            <ns3:cad>84</ns3:cad>
          </ns3:TrackPointExtension>
        </extensions>
      </trkpt>
      <trkpt lat="31.02186678908765316009521484375" lon="121.4235405810177326202392578125">
        <ele>7.19999980926513671875</ele>
        <time>2026-06-02T12:03:00.000Z</time>
        <extensions>
          <ns3:TrackPointExtension>
            <ns3:hr>147</ns3:hr>
            <ns3:cad>84</ns3:cad>
          </ns3:TrackPointExtension>
        </extensions>
      </trkpt>
      <trkpt lat="31.02187198586761951446533203125" lon="121.42351015470921993255615234375">
        <ele>7.19999980926513671875</ele>
        <time>2026-06-02T12:03:01.000Z</time>
        <extensions>
          <ns3:TrackPointExtension>
            <ns3:hr>147</ns3:hr>
            <ns3:cad>84</ns3:cad>
          </ns3:TrackPointExtension>
        </extensions>
      </trkpt>
      <trkpt lat="31.021871902048587799072265625" lon="121.42348383553326129913330078125">
        <ele>7.400000095367431640625</ele>
        <time>2026-06-02T12:03:02.000Z</time>
        <extensions>
          <ns3:TrackPointExtension>
            <ns3:hr>147</ns3:hr>
            <ns3:cad>85</ns3:cad>
          </ns3:TrackPointExtension>
        </extensions>
      </trkpt>
      <trkpt lat="31.0218720696866512298583984375" lon="121.4234463684260845184326171875">
        <ele>7.400000095367431640625</ele>
        <time>2026-06-02T12:03:03.000Z</time>
        <extensions>
          <ns3:TrackPointExtension>
            <ns3:hr>147</ns3:hr>
            <ns3:cad>85</ns3:cad>
          </ns3:TrackPointExtension>
        </extensions>
      </trkpt>
      <trkpt lat="31.02187232114374637603759765625" lon="121.4234161935746669769287109375">
        <ele>7.400000095367431640625</ele>
        <time>2026-06-02T12:03:04.000Z</time>
        <extensions>
          <ns3:TrackPointExtension>
            <ns3:hr>147</ns3:hr>
            <ns3:cad>85</ns3:cad>
          </ns3:TrackPointExtension>
        </extensions>
      </trkpt>
      <trkpt lat="31.02186863310635089874267578125" lon="121.42338685691356658935546875">
        <ele>7.19999980926513671875</ele>
        <time>2026-06-02T12:03:05.000Z</time>
        <extensions>
          <ns3:TrackPointExtension>
            <ns3:hr>147</ns3:hr>
            <ns3:cad>85</ns3:cad>
          </ns3:TrackPointExtension>
        </extensions>
      </trkpt>
      <trkpt lat="31.021865867078304290771484375" lon="121.423350982367992401123046875">
        <ele>7.19999980926513671875</ele>
        <time>2026-06-02T12:03:06.000Z</time>
        <extensions>
          <ns3:TrackPointExtension>
            <ns3:hr>147</ns3:hr>
            <ns3:cad>85</ns3:cad>
          </ns3:TrackPointExtension>
        </extensions>
      </trkpt>
      <trkpt lat="31.02185857482254505157470703125" lon="121.4233246631920337677001953125">
        <ele>7.19999980926513671875</ele>
        <time>2026-06-02T12:03:07.000Z</time>
        <extensions>
          <ns3:TrackPointExtension>
            <ns3:hr>146</ns3:hr>
            <ns3:cad>85</ns3:cad>
          </ns3:TrackPointExtension>
        </extensions>
      </trkpt>
      <trkpt lat="31.02184952236711978912353515625" lon="121.4232844300568103790283203125">
        <ele>7.19999980926513671875</ele>
        <time>2026-06-02T12:03:08.000Z</time>
        <extensions>
          <ns3:TrackPointExtension>
            <ns3:hr>147</ns3:hr>
            <ns3:cad>85</ns3:cad>
          </ns3:TrackPointExtension>
        </extensions>
      </trkpt>
      <trkpt lat="31.02183870971202850341796875" lon="121.42325618304312229156494140625">
        <ele>7.19999980926513671875</ele>
        <time>2026-06-02T12:03:09.000Z</time>
        <extensions>
          <ns3:TrackPointExtension>
            <ns3:hr>147</ns3:hr>
            <ns3:cad>85</ns3:cad>
          </ns3:TrackPointExtension>
        </extensions>
      </trkpt>
      <trkpt lat="31.02182521484792232513427734375" lon="121.4232257567346096038818359375">
        <ele>7.19999980926513671875</ele>
        <time>2026-06-02T12:03:10.000Z</time>
        <extensions>
          <ns3:TrackPointExtension>
            <ns3:hr>147</ns3:hr>
            <ns3:cad>85</ns3:cad>
          </ns3:TrackPointExtension>
        </extensions>
      </trkpt>
      <trkpt lat="31.02181565947830677032470703125" lon="121.4231959171593189239501953125">
        <ele>7.19999980926513671875</ele>
        <time>2026-06-02T12:03:11.000Z</time>
        <extensions>
          <ns3:TrackPointExtension>
            <ns3:hr>147</ns3:hr>
            <ns3:cad>85</ns3:cad>
          </ns3:TrackPointExtension>
        </extensions>
      </trkpt>
      <trkpt lat="31.02180107496678829193115234375" lon="121.423173956573009490966796875">
        <ele>7</ele>
        <time>2026-06-02T12:03:12.000Z</time>
        <extensions>
          <ns3:TrackPointExtension>
            <ns3:hr>147</ns3:hr>
            <ns3:cad>85</ns3:cad>
          </ns3:TrackPointExtension>
        </extensions>
      </trkpt>
      <trkpt lat="31.02178263477981090545654296875" lon="121.42313984222710132598876953125">
        <ele>7</ele>
        <time>2026-06-02T12:03:13.000Z</time>
        <extensions>
          <ns3:TrackPointExtension>
            <ns3:hr>147</ns3:hr>
            <ns3:cad>85</ns3:cad>
          </ns3:TrackPointExtension>
        </extensions>
      </trkpt>
      <trkpt lat="31.02176419459283351898193359375" lon="121.42312525771558284759521484375">
        <ele>7</ele>
        <time>2026-06-02T12:03:14.000Z</time>
        <extensions>
          <ns3:TrackPointExtension>
            <ns3:hr>147</ns3:hr>
            <ns3:cad>85</ns3:cad>
          </ns3:TrackPointExtension>
        </extensions>
      </trkpt>
      <trkpt lat="31.02174189873039722442626953125" lon="121.42309709452092647552490234375">
        <ele>7</ele>
        <time>2026-06-02T12:03:15.000Z</time>
        <extensions>
          <ns3:TrackPointExtension>
            <ns3:hr>147</ns3:hr>
            <ns3:cad>85</ns3:cad>
          </ns3:TrackPointExtension>
        </extensions>
      </trkpt>
      <trkpt lat="31.02172194980084896087646484375" lon="121.4230819232761859893798828125">
        <ele>7</ele>
        <time>2026-06-02T12:03:16.000Z</time>
        <extensions>
          <ns3:TrackPointExtension>
            <ns3:hr>147</ns3:hr>
            <ns3:cad>85</ns3:cad>
          </ns3:TrackPointExtension>
        </extensions>
      </trkpt>
      <trkpt lat="31.0216983966529369354248046875" lon="121.42306155525147914886474609375">
        <ele>6.80000019073486328125</ele>
        <time>2026-06-02T12:03:17.000Z</time>
        <extensions>
          <ns3:TrackPointExtension>
            <ns3:hr>147</ns3:hr>
            <ns3:cad>86</ns3:cad>
          </ns3:TrackPointExtension>
        </extensions>
      </trkpt>
      <trkpt lat="31.02167400531470775604248046875" lon="121.42304378561675548553466796875">
        <ele>6.80000019073486328125</ele>
        <time>2026-06-02T12:03:18.000Z</time>
        <extensions>
          <ns3:TrackPointExtension>
            <ns3:hr>147</ns3:hr>
            <ns3:cad>86</ns3:cad>
          </ns3:TrackPointExtension>
        </extensions>
      </trkpt>
      <trkpt lat="31.02165036834776401519775390625" lon="121.423035152256488800048828125">
        <ele>6.80000019073486328125</ele>
        <time>2026-06-02T12:03:19.000Z</time>
        <extensions>
          <ns3:TrackPointExtension>
            <ns3:hr>147</ns3:hr>
            <ns3:cad>86</ns3:cad>
          </ns3:TrackPointExtension>
        </extensions>
      </trkpt>
      <trkpt lat="31.02162203751504421234130859375" lon="121.4230148680508136749267578125">
        <ele>6.80000019073486328125</ele>
        <time>2026-06-02T12:03:20.000Z</time>
        <extensions>
          <ns3:TrackPointExtension>
            <ns3:hr>148</ns3:hr>
            <ns3:cad>87</ns3:cad>
          </ns3:TrackPointExtension>
        </extensions>
      </trkpt>
      <trkpt lat="31.02159705944359302520751953125" lon="121.42300665378570556640625">
        <ele>6.80000019073486328125</ele>
        <time>2026-06-02T12:03:21.000Z</time>
        <extensions>
          <ns3:TrackPointExtension>
            <ns3:hr>148</ns3:hr>
            <ns3:cad>86</ns3:cad>
          </ns3:TrackPointExtension>
        </extensions>
      </trkpt>
      <trkpt lat="31.021562106907367706298828125" lon="121.4229964278638362884521484375">
        <ele>6.80000019073486328125</ele>
        <time>2026-06-02T12:03:22.000Z</time>
        <extensions>
          <ns3:TrackPointExtension>
            <ns3:hr>148</ns3:hr>
            <ns3:cad>86</ns3:cad>
          </ns3:TrackPointExtension>
        </extensions>
      </trkpt>
      <trkpt lat="31.0215374641120433807373046875" lon="121.42299349419772624969482421875">
        <ele>6.80000019073486328125</ele>
        <time>2026-06-02T12:03:23.000Z</time>
        <extensions>
          <ns3:TrackPointExtension>
            <ns3:hr>148</ns3:hr>
            <ns3:cad>85</ns3:cad>
          </ns3:TrackPointExtension>
        </extensions>
      </trkpt>
      <trkpt lat="31.02150854654610157012939453125" lon="121.42299634404480457305908203125">
        <ele>6.80000019073486328125</ele>
        <time>2026-06-02T12:03:24.000Z</time>
        <extensions>
          <ns3:TrackPointExtension>
            <ns3:hr>149</ns3:hr>
            <ns3:cad>85</ns3:cad>
          </ns3:TrackPointExtension>
        </extensions>
      </trkpt>
      <trkpt lat="31.0214794613420963287353515625" lon="121.42298695631325244903564453125">
        <ele>6.80000019073486328125</ele>
        <time>2026-06-02T12:03:25.000Z</time>
        <extensions>
          <ns3:TrackPointExtension>
            <ns3:hr>149</ns3:hr>
            <ns3:cad>85</ns3:cad>
          </ns3:TrackPointExtension>
        </extensions>
      </trkpt>
      <trkpt lat="31.02145825512707233428955078125" lon="121.42299047671258449554443359375">
        <ele>7</ele>
        <time>2026-06-02T12:03:26.000Z</time>
        <extensions>
          <ns3:TrackPointExtension>
            <ns3:hr>149</ns3:hr>
            <ns3:cad>85</ns3:cad>
          </ns3:TrackPointExtension>
        </extensions>
      </trkpt>
      <trkpt lat="31.0214222967624664306640625" lon="121.42299466766417026519775390625">
        <ele>7</ele>
        <time>2026-06-02T12:03:27.000Z</time>
        <extensions>
          <ns3:TrackPointExtension>
            <ns3:hr>149</ns3:hr>
            <ns3:cad>85</ns3:cad>
          </ns3:TrackPointExtension>
        </extensions>
      </trkpt>
      <trkpt lat="31.02139706723392009735107421875" lon="121.42300221137702465057373046875">
        <ele>7</ele>
        <time>2026-06-02T12:03:28.000Z</time>
        <extensions>
          <ns3:TrackPointExtension>
            <ns3:hr>148</ns3:hr>
            <ns3:cad>85</ns3:cad>
          </ns3:TrackPointExtension>
        </extensions>
      </trkpt>
      <trkpt lat="31.02136990986764430999755859375" lon="121.4230188913643360137939453125">
        <ele>7</ele>
        <time>2026-06-02T12:03:29.000Z</time>
        <extensions>
          <ns3:TrackPointExtension>
            <ns3:hr>149</ns3:hr>
            <ns3:cad>84</ns3:cad>
          </ns3:TrackPointExtension>
        </extensions>
      </trkpt>
      <trkpt lat="31.0213416628539562225341796875" lon="121.42302718944847583770751953125">
        <ele>7</ele>
        <time>2026-06-02T12:03:30.000Z</time>
        <extensions>
          <ns3:TrackPointExtension>
            <ns3:hr>149</ns3:hr>
            <ns3:cad>84</ns3:cad>
          </ns3:TrackPointExtension>
        </extensions>
      </trkpt>
      <trkpt lat="31.02131710387766361236572265625" lon="121.4230390079319477081298828125">
        <ele>6.80000019073486328125</ele>
        <time>2026-06-02T12:03:31.000Z</time>
        <extensions>
          <ns3:TrackPointExtension>
            <ns3:hr>148</ns3:hr>
            <ns3:cad>84</ns3:cad>
          </ns3:TrackPointExtension>
        </extensions>
      </trkpt>
      <trkpt lat="31.02128458209335803985595703125" lon="121.42304579727351665496826171875">
        <ele>6.80000019073486328125</ele>
        <time>2026-06-02T12:03:32.000Z</time>
        <extensions>
          <ns3:TrackPointExtension>
            <ns3:hr>149</ns3:hr>
            <ns3:cad>84</ns3:cad>
          </ns3:TrackPointExtension>
        </extensions>
      </trkpt>
      <trkpt lat="31.021262370049953460693359375" lon="121.4230571128427982330322265625">
        <ele>6.80000019073486328125</ele>
        <time>2026-06-02T12:03:33.000Z</time>
        <extensions>
          <ns3:TrackPointExtension>
            <ns3:hr>149</ns3:hr>
            <ns3:cad>84</ns3:cad>
          </ns3:TrackPointExtension>
        </extensions>
      </trkpt>
      <trkpt lat="31.02123144082725048065185546875" lon="121.4230802468955516815185546875">
        <ele>6.80000019073486328125</ele>
        <time>2026-06-02T12:03:34.000Z</time>
        <extensions>
          <ns3:TrackPointExtension>
            <ns3:hr>148</ns3:hr>
            <ns3:cad>84</ns3:cad>
          </ns3:TrackPointExtension>
        </extensions>
      </trkpt>
      <trkpt lat="31.02120612747967243194580078125" lon="121.42309424467384815216064453125">
        <ele>6.80000019073486328125</ele>
        <time>2026-06-02T12:03:35.000Z</time>
        <extensions>
          <ns3:TrackPointExtension>
            <ns3:hr>149</ns3:hr>
            <ns3:cad>84</ns3:cad>
          </ns3:TrackPointExtension>
        </extensions>
      </trkpt>
      <trkpt lat="31.02118148468434810638427734375" lon="121.42311117611825466156005859375">
        <ele>7</ele>
        <time>2026-06-02T12:03:36.000Z</time>
        <extensions>
          <ns3:TrackPointExtension>
            <ns3:hr>149</ns3:hr>
            <ns3:cad>84</ns3:cad>
          </ns3:TrackPointExtension>
        </extensions>
      </trkpt>
      <trkpt lat="31.02114996872842311859130859375" lon="121.423116959631443023681640625">
        <ele>7</ele>
        <time>2026-06-02T12:03:37.000Z</time>
        <extensions>
          <ns3:TrackPointExtension>
            <ns3:hr>149</ns3:hr>
            <ns3:cad>84</ns3:cad>
          </ns3:TrackPointExtension>
        </extensions>
      </trkpt>
      <trkpt lat="31.02112817578017711639404296875" lon="121.423126347362995147705078125">
        <ele>7</ele>
        <time>2026-06-02T12:03:38.000Z</time>
        <extensions>
          <ns3:TrackPointExtension>
            <ns3:hr>150</ns3:hr>
            <ns3:cad>84</ns3:cad>
          </ns3:TrackPointExtension>
        </extensions>
      </trkpt>
      <trkpt lat="31.021096073091030120849609375" lon="121.4231375791132450103759765625">
        <ele>7</ele>
        <time>2026-06-02T12:03:39.000Z</time>
        <extensions>
          <ns3:TrackPointExtension>
            <ns3:hr>150</ns3:hr>
            <ns3:cad>84</ns3:cad>
          </ns3:TrackPointExtension>
        </extensions>
      </trkpt>
      <trkpt lat="31.021074950695037841796875" lon="121.4231469668447971343994140625">
        <ele>7</ele>
        <time>2026-06-02T12:03:40.000Z</time>
        <extensions>
          <ns3:TrackPointExtension>
            <ns3:hr>150</ns3:hr>
            <ns3:cad>84</ns3:cad>
          </ns3:TrackPointExtension>
        </extensions>
      </trkpt>
      <trkpt lat="31.0210529901087284088134765625" lon="121.42316247336566448211669921875">
        <ele>7</ele>
        <time>2026-06-02T12:03:41.000Z</time>
        <extensions>
          <ns3:TrackPointExtension>
            <ns3:hr>150</ns3:hr>
            <ns3:cad>85</ns3:cad>
          </ns3:TrackPointExtension>
        </extensions>
      </trkpt>
      <trkpt lat="31.0210275091230869293212890625" lon="121.42316917888820171356201171875">
        <ele>7</ele>
        <time>2026-06-02T12:03:42.000Z</time>
        <extensions>
          <ns3:TrackPointExtension>
            <ns3:hr>151</ns3:hr>
            <ns3:cad>85</ns3:cad>
          </ns3:TrackPointExtension>
        </extensions>
      </trkpt>
      <trkpt lat="31.02100454270839691162109375" lon="121.4231818355619907379150390625">
        <ele>7</ele>
        <time>2026-06-02T12:03:43.000Z</time>
        <extensions>
          <ns3:TrackPointExtension>
            <ns3:hr>151</ns3:hr>
            <ns3:cad>85</ns3:cad>
          </ns3:TrackPointExtension>
        </extensions>
      </trkpt>
      <trkpt lat="31.020972691476345062255859375" lon="121.423186697065830230712890625">
        <ele>7</ele>
        <time>2026-06-02T12:03:44.000Z</time>
        <extensions>
          <ns3:TrackPointExtension>
            <ns3:hr>151</ns3:hr>
            <ns3:cad>85</ns3:cad>
          </ns3:TrackPointExtension>
        </extensions>
      </trkpt>
      <trkpt lat="31.0209500603377819061279296875" lon="121.42319968901574611663818359375">
        <ele>7</ele>
        <time>2026-06-02T12:03:45.000Z</time>
        <extensions>
          <ns3:TrackPointExtension>
            <ns3:hr>151</ns3:hr>
            <ns3:cad>85</ns3:cad>
          </ns3:TrackPointExtension>
        </extensions>
      </trkpt>
      <trkpt lat="31.0209172032773494720458984375" lon="121.42321812920272350311279296875">
        <ele>7</ele>
        <time>2026-06-02T12:03:46.000Z</time>
        <extensions>
          <ns3:TrackPointExtension>
            <ns3:hr>152</ns3:hr>
            <ns3:cad>85</ns3:cad>
          </ns3:TrackPointExtension>
        </extensions>
      </trkpt>
      <trkpt lat="31.02089448831975460052490234375" lon="121.42323103733360767364501953125">
        <ele>7</ele>
        <time>2026-06-02T12:03:47.000Z</time>
        <extensions>
          <ns3:TrackPointExtension>
            <ns3:hr>152</ns3:hr>
            <ns3:cad>85</ns3:cad>
          </ns3:TrackPointExtension>
        </extensions>
      </trkpt>
      <trkpt lat="31.02087118662893772125244140625" lon="121.42324847169220447540283203125">
        <ele>7</ele>
        <time>2026-06-02T12:03:48.000Z</time>
        <extensions>
          <ns3:TrackPointExtension>
            <ns3:hr>152</ns3:hr>
            <ns3:cad>85</ns3:cad>
          </ns3:TrackPointExtension>
        </extensions>
      </trkpt>
      <trkpt lat="31.0208429396152496337890625" lon="121.4232512377202510833740234375">
        <ele>7</ele>
        <time>2026-06-02T12:03:49.000Z</time>
        <extensions>
          <ns3:TrackPointExtension>
            <ns3:hr>152</ns3:hr>
            <ns3:cad>85</ns3:cad>
          </ns3:TrackPointExtension>
        </extensions>
      </trkpt>
      <trkpt lat="31.02082039229571819305419921875" lon="121.42326288856565952301025390625">
        <ele>7</ele>
        <time>2026-06-02T12:03:50.000Z</time>
        <extensions>
          <ns3:TrackPointExtension>
            <ns3:hr>153</ns3:hr>
            <ns3:cad>85</ns3:cad>
          </ns3:TrackPointExtension>
        </extensions>
      </trkpt>
      <trkpt lat="31.02078820578753948211669921875" lon="121.4232710190117359161376953125">
        <ele>7</ele>
        <time>2026-06-02T12:03:51.000Z</time>
        <extensions>
          <ns3:TrackPointExtension>
            <ns3:hr>153</ns3:hr>
            <ns3:cad>85</ns3:cad>
          </ns3:TrackPointExtension>
        </extensions>
      </trkpt>
      <trkpt lat="31.020761467516422271728515625" lon="121.423279903829097747802734375">
        <ele>7</ele>
        <time>2026-06-02T12:03:52.000Z</time>
        <extensions>
          <ns3:TrackPointExtension>
            <ns3:hr>153</ns3:hr>
            <ns3:cad>85</ns3:cad>
          </ns3:TrackPointExtension>
        </extensions>
      </trkpt>
      <trkpt lat="31.02073498070240020751953125" lon="121.42329256050288677215576171875">
        <ele>7</ele>
        <time>2026-06-02T12:03:53.000Z</time>
        <extensions>
          <ns3:TrackPointExtension>
            <ns3:hr>153</ns3:hr>
            <ns3:cad>85</ns3:cad>
          </ns3:TrackPointExtension>
        </extensions>
      </trkpt>
      <trkpt lat="31.02070891298353672027587890625" lon="121.42330362461507320404052734375">
        <ele>7</ele>
        <time>2026-06-02T12:03:54.000Z</time>
        <extensions>
          <ns3:TrackPointExtension>
            <ns3:hr>153</ns3:hr>
            <ns3:cad>85</ns3:cad>
          </ns3:TrackPointExtension>
        </extensions>
      </trkpt>
      <trkpt lat="31.02068259380757808685302734375" lon="121.42331787385046482086181640625">
        <ele>6.80000019073486328125</ele>
        <time>2026-06-02T12:03:55.000Z</time>
        <extensions>
          <ns3:TrackPointExtension>
            <ns3:hr>153</ns3:hr>
            <ns3:cad>84</ns3:cad>
          </ns3:TrackPointExtension>
        </extensions>
      </trkpt>
      <trkpt lat="31.02064873091876506805419921875" lon="121.42332122661173343658447265625">
        <ele>6.80000019073486328125</ele>
        <time>2026-06-02T12:03:56.000Z</time>
        <extensions>
          <ns3:TrackPointExtension>
            <ns3:hr>153</ns3:hr>
            <ns3:cad>84</ns3:cad>
          </ns3:TrackPointExtension>
        </extensions>
      </trkpt>
      <trkpt lat="31.0206258483231067657470703125" lon="121.4233298599720001220703125">
        <ele>6.80000019073486328125</ele>
        <time>2026-06-02T12:03:57.000Z</time>
        <extensions>
          <ns3:TrackPointExtension>
            <ns3:hr>153</ns3:hr>
            <ns3:cad>85</ns3:cad>
          </ns3:TrackPointExtension>
        </extensions>
      </trkpt>
      <trkpt lat="31.02059894241392612457275390625" lon="121.4233524911105632781982421875">
        <ele>7</ele>
        <time>2026-06-02T12:03:58.000Z</time>
        <extensions>
          <ns3:TrackPointExtension>
            <ns3:hr>153</ns3:hr>
            <ns3:cad>85</ns3:cad>
          </ns3:TrackPointExtension>
        </extensions>
      </trkpt>
      <trkpt lat="31.02058016695082187652587890625" lon="121.42337101511657238006591796875">
        <ele>7</ele>
        <time>2026-06-02T12:03:59.000Z</time>
        <extensions>
          <ns3:TrackPointExtension>
            <ns3:hr>153</ns3:hr>
            <ns3:cad>85</ns3:cad>
          </ns3:TrackPointExtension>
        </extensions>
      </trkpt>
      <trkpt lat="31.020560301840305328369140625" lon="121.423395909368991851806640625">
        <ele>7</ele>
        <time>2026-06-02T12:04:00.000Z</time>
        <extensions>
          <ns3:TrackPointExtension>
            <ns3:hr>153</ns3:hr>
            <ns3:cad>85</ns3:cad>
          </ns3:TrackPointExtension>
        </extensions>
      </trkpt>
      <trkpt lat="31.02053389884531497955322265625" lon="121.42341342754662036895751953125">
        <ele>7</ele>
        <time>2026-06-02T12:04:01.000Z</time>
        <extensions>
          <ns3:TrackPointExtension>
            <ns3:hr>154</ns3:hr>
            <ns3:cad>85</ns3:cad>
          </ns3:TrackPointExtension>
        </extensions>
      </trkpt>
      <trkpt lat="31.02051814086735248565673828125" lon="121.42343320883810520172119140625">
        <ele>7</ele>
        <time>2026-06-02T12:04:02.000Z</time>
        <extensions>
          <ns3:TrackPointExtension>
            <ns3:hr>153</ns3:hr>
            <ns3:cad>85</ns3:cad>
          </ns3:TrackPointExtension>
        </extensions>
      </trkpt>
      <trkpt lat="31.02049198932945728302001953125" lon="121.42346355132758617401123046875">
        <ele>7</ele>
        <time>2026-06-02T12:04:03.000Z</time>
        <extensions>
          <ns3:TrackPointExtension>
            <ns3:hr>153</ns3:hr>
            <ns3:cad>85</ns3:cad>
          </ns3:TrackPointExtension>
        </extensions>
      </trkpt>
      <trkpt lat="31.0204789973795413970947265625" lon="121.42348433844745159149169921875">
        <ele>7</ele>
        <time>2026-06-02T12:04:04.000Z</time>
        <extensions>
          <ns3:TrackPointExtension>
            <ns3:hr>153</ns3:hr>
            <ns3:cad>85</ns3:cad>
          </ns3:TrackPointExtension>
        </extensions>
      </trkpt>
      <trkpt lat="31.02046139538288116455078125" lon="121.42351836897432804107666015625">
        <ele>6.80000019073486328125</ele>
        <time>2026-06-02T12:04:05.000Z</time>
        <extensions>
          <ns3:TrackPointExtension>
            <ns3:hr>154</ns3:hr>
            <ns3:cad>85</ns3:cad>
          </ns3:TrackPointExtension>
        </extensions>
      </trkpt>
      <trkpt lat="31.02044722996652126312255859375" lon="121.42354334704577922821044921875">
        <ele>7</ele>
        <time>2026-06-02T12:04:06.000Z</time>
        <extensions>
          <ns3:TrackPointExtension>
            <ns3:hr>153</ns3:hr>
            <ns3:cad>85</ns3:cad>
          </ns3:TrackPointExtension>
        </extensions>
      </trkpt>
      <trkpt lat="31.02043926715850830078125" lon="121.42356916330754756927490234375">
        <ele>7</ele>
        <time>2026-06-02T12:04:07.000Z</time>
        <extensions>
          <ns3:TrackPointExtension>
            <ns3:hr>153</ns3:hr>
            <ns3:cad>85</ns3:cad>
          </ns3:TrackPointExtension>
        </extensions>
      </trkpt>
      <trkpt lat="31.02042258717119693756103515625" lon="121.42359967343509197235107421875">
        <ele>7</ele>
        <time>2026-06-02T12:04:08.000Z</time>
        <extensions>
          <ns3:TrackPointExtension>
            <ns3:hr>153</ns3:hr>
            <ns3:cad>85</ns3:cad>
          </ns3:TrackPointExtension>
        </extensions>
      </trkpt>
      <trkpt lat="31.02041940204799175262451171875" lon="121.4236220531165599822998046875">
        <ele>7</ele>
        <time>2026-06-02T12:04:09.000Z</time>
        <extensions>
          <ns3:TrackPointExtension>
            <ns3:hr>154</ns3:hr>
            <ns3:cad>85</ns3:cad>
          </ns3:TrackPointExtension>
        </extensions>
      </trkpt>
      <trkpt lat="31.02041051723062992095947265625" lon="121.4236629568040370941162109375">
        <ele>7</ele>
        <time>2026-06-02T12:04:10.000Z</time>
        <extensions>
          <ns3:TrackPointExtension>
            <ns3:hr>153</ns3:hr>
            <ns3:cad>85</ns3:cad>
          </ns3:TrackPointExtension>
        </extensions>
      </trkpt>
      <trkpt lat="31.02040917612612247467041015625" lon="121.423689611256122589111328125">
        <ele>7</ele>
        <time>2026-06-02T12:04:11.000Z</time>
        <extensions>
          <ns3:TrackPointExtension>
            <ns3:hr>153</ns3:hr>
            <ns3:cad>85</ns3:cad>
          </ns3:TrackPointExtension>
        </extensions>
      </trkpt>
      <trkpt lat="31.0204085893929004669189453125" lon="121.4237196184694766998291015625">
        <ele>6.80000019073486328125</ele>
        <time>2026-06-02T12:04:12.000Z</time>
        <extensions>
          <ns3:TrackPointExtension>
            <ns3:hr>153</ns3:hr>
            <ns3:cad>84</ns3:cad>
          </ns3:TrackPointExtension>
        </extensions>
      </trkpt>
      <trkpt lat="31.020404063165187835693359375" lon="121.42375297844409942626953125">
        <ele>6.80000019073486328125</ele>
        <time>2026-06-02T12:04:13.000Z</time>
        <extensions>
          <ns3:TrackPointExtension>
            <ns3:hr>153</ns3:hr>
            <ns3:cad>85</ns3:cad>
          </ns3:TrackPointExtension>
        </extensions>
      </trkpt>
      <trkpt lat="31.02040708065032958984375" lon="121.4237769506871700286865234375">
        <ele>6.80000019073486328125</ele>
        <time>2026-06-02T12:04:14.000Z</time>
        <extensions>
          <ns3:TrackPointExtension>
            <ns3:hr>153</ns3:hr>
            <ns3:cad>85</ns3:cad>
          </ns3:TrackPointExtension>
        </extensions>
      </trkpt>
      <trkpt lat="31.0204095952212810516357421875" lon="121.423813663423061370849609375">
        <ele>6.80000019073486328125</ele>
        <time>2026-06-02T12:04:15.000Z</time>
        <extensions>
          <ns3:TrackPointExtension>
            <ns3:hr>154</ns3:hr>
            <ns3:cad>85</ns3:cad>
          </ns3:TrackPointExtension>
        </extensions>
      </trkpt>
      <trkpt lat="31.02041068486869335174560546875" lon="121.42383872531354427337646484375">
        <ele>7</ele>
        <time>2026-06-02T12:04:16.000Z</time>
        <extensions>
          <ns3:TrackPointExtension>
            <ns3:hr>153</ns3:hr>
            <ns3:cad>84</ns3:cad>
          </ns3:TrackPointExtension>
        </extensions>
      </trkpt>
      <trkpt lat="31.02041604928672313690185546875" lon="121.4238663017749786376953125">
        <ele>7</ele>
        <time>2026-06-02T12:04:17.000Z</time>
        <extensions>
          <ns3:TrackPointExtension>
            <ns3:hr>153</ns3:hr>
            <ns3:cad>84</ns3:cad>
          </ns3:TrackPointExtension>
        </extensions>
      </trkpt>
      <trkpt lat="31.02041956968605518341064453125" lon="121.4238979853689670562744140625">
        <ele>7</ele>
        <time>2026-06-02T12:04:18.000Z</time>
        <extensions>
          <ns3:TrackPointExtension>
            <ns3:hr>153</ns3:hr>
            <ns3:cad>84</ns3:cad>
          </ns3:TrackPointExtension>
        </extensions>
      </trkpt>
      <trkpt lat="31.02042962796986103057861328125" lon="121.42392187379300594329833984375">
        <ele>7</ele>
        <time>2026-06-02T12:04:19.000Z</time>
        <extensions>
          <ns3:TrackPointExtension>
            <ns3:hr>153</ns3:hr>
            <ns3:cad>84</ns3:cad>
          </ns3:TrackPointExtension>
        </extensions>
      </trkpt>
      <trkpt lat="31.02044052444398403167724609375" lon="121.42395724542438983917236328125">
        <ele>7</ele>
        <time>2026-06-02T12:04:20.000Z</time>
        <extensions>
          <ns3:TrackPointExtension>
            <ns3:hr>153</ns3:hr>
            <ns3:cad>84</ns3:cad>
          </ns3:TrackPointExtension>
        </extensions>
      </trkpt>
      <trkpt lat="31.020450331270694732666015625" lon="121.4239791221916675567626953125">
        <ele>7</ele>
        <time>2026-06-02T12:04:21.000Z</time>
        <extensions>
          <ns3:TrackPointExtension>
            <ns3:hr>153</ns3:hr>
            <ns3:cad>84</ns3:cad>
          </ns3:TrackPointExtension>
        </extensions>
      </trkpt>
      <trkpt lat="31.02046265266835689544677734375" lon="121.42401449382305145263671875">
        <ele>7</ele>
        <time>2026-06-02T12:04:22.000Z</time>
        <extensions>
          <ns3:TrackPointExtension>
            <ns3:hr>153</ns3:hr>
            <ns3:cad>84</ns3:cad>
          </ns3:TrackPointExtension>
        </extensions>
      </trkpt>
      <trkpt lat="31.020483188331127166748046875" lon="121.42403821460902690887451171875">
        <ele>7.19999980926513671875</ele>
        <time>2026-06-02T12:04:23.000Z</time>
        <extensions>
          <ns3:TrackPointExtension>
            <ns3:hr>153</ns3:hr>
            <ns3:cad>84</ns3:cad>
          </ns3:TrackPointExtension>
        </extensions>
      </trkpt>
      <trkpt lat="31.02050439454615116119384765625" lon="121.4240585826337337493896484375">
        <ele>7</ele>
        <time>2026-06-02T12:04:24.000Z</time>
        <extensions>
          <ns3:TrackPointExtension>
            <ns3:hr>153</ns3:hr>
            <ns3:cad>86</ns3:cad>
          </ns3:TrackPointExtension>
        </extensions>
      </trkpt>
      <trkpt lat="31.02052032016217708587646484375" lon="121.4240867458283901214599609375">
        <ele>7.19999980926513671875</ele>
        <time>2026-06-02T12:04:25.000Z</time>
        <extensions>
          <ns3:TrackPointExtension>
            <ns3:hr>153</ns3:hr>
            <ns3:cad>86</ns3:cad>
          </ns3:TrackPointExtension>
        </extensions>
      </trkpt>
      <trkpt lat="31.0205380059778690338134765625" lon="121.4241011627018451690673828125">
        <ele>7.19999980926513671875</ele>
        <time>2026-06-02T12:04:26.000Z</time>
        <extensions>
          <ns3:TrackPointExtension>
            <ns3:hr>154</ns3:hr>
            <ns3:cad>86</ns3:cad>
          </ns3:TrackPointExtension>
        </extensions>
      </trkpt>
      <trkpt lat="31.02056197822093963623046875" lon="121.42412639223039150238037109375">
        <ele>7.19999980926513671875</ele>
        <time>2026-06-02T12:04:27.000Z</time>
        <extensions>
          <ns3:TrackPointExtension>
            <ns3:hr>154</ns3:hr>
            <ns3:cad>85</ns3:cad>
          </ns3:TrackPointExtension>
        </extensions>
      </trkpt>
      <trkpt lat="31.02058075368404388427734375" lon="121.42414265312254428863525390625">
        <ele>7.19999980926513671875</ele>
        <time>2026-06-02T12:04:28.000Z</time>
        <extensions>
          <ns3:TrackPointExtension>
            <ns3:hr>154</ns3:hr>
            <ns3:cad>85</ns3:cad>
          </ns3:TrackPointExtension>
        </extensions>
      </trkpt>
      <trkpt lat="31.02060598321259021759033203125" lon="121.42415396869182586669921875">
        <ele>7.19999980926513671875</ele>
        <time>2026-06-02T12:04:29.000Z</time>
        <extensions>
          <ns3:TrackPointExtension>
            <ns3:hr>154</ns3:hr>
            <ns3:cad>85</ns3:cad>
          </ns3:TrackPointExtension>
        </extensions>
      </trkpt>
      <trkpt lat="31.02062911726534366607666015625" lon="121.42417299561202526092529296875">
        <ele>7.19999980926513671875</ele>
        <time>2026-06-02T12:04:30.000Z</time>
        <extensions>
          <ns3:TrackPointExtension>
            <ns3:hr>154</ns3:hr>
            <ns3:cad>84</ns3:cad>
          </ns3:TrackPointExtension>
        </extensions>
      </trkpt>
      <trkpt lat="31.0206530056893825531005859375" lon="121.4241792820394039154052734375">
        <ele>7.19999980926513671875</ele>
        <time>2026-06-02T12:04:31.000Z</time>
        <extensions>
          <ns3:TrackPointExtension>
            <ns3:hr>155</ns3:hr>
            <ns3:cad>84</ns3:cad>
          </ns3:TrackPointExtension>
        </extensions>
      </trkpt>
      <trkpt lat="31.02068292908370494842529296875" lon="121.4241962134838104248046875">
        <ele>7.19999980926513671875</ele>
        <time>2026-06-02T12:04:32.000Z</time>
        <extensions>
          <ns3:TrackPointExtension>
            <ns3:hr>154</ns3:hr>
            <ns3:cad>84</ns3:cad>
          </ns3:TrackPointExtension>
        </extensions>
      </trkpt>
      <trkpt lat="31.020703129470348358154296875" lon="121.4241993986070156097412109375">
        <ele>7.19999980926513671875</ele>
        <time>2026-06-02T12:04:33.000Z</time>
        <extensions>
          <ns3:TrackPointExtension>
            <ns3:hr>154</ns3:hr>
            <ns3:cad>84</ns3:cad>
          </ns3:TrackPointExtension>
        </extensions>
      </trkpt>
      <trkpt lat="31.020732633769512176513671875" lon="121.42420551739633083343505859375">
        <ele>7.19999980926513671875</ele>
        <time>2026-06-02T12:04:34.000Z</time>
        <extensions>
          <ns3:TrackPointExtension>
            <ns3:hr>154</ns3:hr>
            <ns3:cad>84</ns3:cad>
          </ns3:TrackPointExtension>
        </extensions>
      </trkpt>
      <trkpt lat="31.0207572765648365020751953125" lon="121.4242114685475826263427734375">
        <ele>7.19999980926513671875</ele>
        <time>2026-06-02T12:04:35.000Z</time>
        <extensions>
          <ns3:TrackPointExtension>
            <ns3:hr>154</ns3:hr>
            <ns3:cad>85</ns3:cad>
          </ns3:TrackPointExtension>
        </extensions>
      </trkpt>
      <trkpt lat="31.0207810811698436737060546875" lon="121.42420987598598003387451171875">
        <ele>7.400000095367431640625</ele>
        <time>2026-06-02T12:04:36.000Z</time>
        <extensions>
          <ns3:TrackPointExtension>
            <ns3:hr>154</ns3:hr>
            <ns3:cad>85</ns3:cad>
          </ns3:TrackPointExtension>
        </extensions>
      </trkpt>
      <trkpt lat="31.02081201039254665374755859375" lon="121.424216330051422119140625">
        <ele>7.400000095367431640625</ele>
        <time>2026-06-02T12:04:37.000Z</time>
        <extensions>
          <ns3:TrackPointExtension>
            <ns3:hr>155</ns3:hr>
            <ns3:cad>85</ns3:cad>
          </ns3:TrackPointExtension>
        </extensions>
      </trkpt>
      <trkpt lat="31.02083447389304637908935546875" lon="121.424211300909519195556640625">
        <ele>7.400000095367431640625</ele>
        <time>2026-06-02T12:04:38.000Z</time>
        <extensions>
          <ns3:TrackPointExtension>
            <ns3:hr>154</ns3:hr>
            <ns3:cad>85</ns3:cad>
          </ns3:TrackPointExtension>
        </extensions>
      </trkpt>
      <trkpt lat="31.02086699567735195159912109375" lon="121.4242050983011722564697265625">
        <ele>7.400000095367431640625</ele>
        <time>2026-06-02T12:04:39.000Z</time>
        <extensions>
          <ns3:TrackPointExtension>
            <ns3:hr>154</ns3:hr>
            <ns3:cad>85</ns3:cad>
          </ns3:TrackPointExtension>
        </extensions>
      </trkpt>
      <trkpt lat="31.02088744752109050750732421875" lon="121.42420551739633083343505859375">
        <ele>7.400000095367431640625</ele>
        <time>2026-06-02T12:04:40.000Z</time>
        <extensions>
          <ns3:TrackPointExtension>
            <ns3:hr>154</ns3:hr>
            <ns3:cad>85</ns3:cad>
          </ns3:TrackPointExtension>
        </extensions>
      </trkpt>
      <trkpt lat="31.02090907283127307891845703125" lon="121.4241977222263813018798828125">
        <ele>7.19999980926513671875</ele>
        <time>2026-06-02T12:04:41.000Z</time>
        <extensions>
          <ns3:TrackPointExtension>
            <ns3:hr>153</ns3:hr>
            <ns3:cad>84</ns3:cad>
          </ns3:TrackPointExtension>
        </extensions>
      </trkpt>
      <trkpt lat="31.02093555964529514312744140625" lon="121.4241910167038440704345703125">
        <ele>7.19999980926513671875</ele>
        <time>2026-06-02T12:04:42.000Z</time>
        <extensions>
          <ns3:TrackPointExtension>
            <ns3:hr>153</ns3:hr>
            <ns3:cad>84</ns3:cad>
          </ns3:TrackPointExtension>
        </extensions>
      </trkpt>
      <trkpt lat="31.0209567658603191375732421875" lon="121.424178443849086761474609375">
        <ele>7.19999980926513671875</ele>
        <time>2026-06-02T12:04:43.000Z</time>
        <extensions>
          <ns3:TrackPointExtension>
            <ns3:hr>153</ns3:hr>
            <ns3:cad>85</ns3:cad>
          </ns3:TrackPointExtension>
        </extensions>
      </trkpt>
      <trkpt lat="31.020984761416912078857421875" lon="121.4241668768227100372314453125">
        <ele>7.19999980926513671875</ele>
        <time>2026-06-02T12:04:44.000Z</time>
        <extensions>
          <ns3:TrackPointExtension>
            <ns3:hr>153</ns3:hr>
            <ns3:cad>85</ns3:cad>
          </ns3:TrackPointExtension>
        </extensions>
      </trkpt>
      <trkpt lat="31.021004207432270050048828125" lon="121.4241561479866504669189453125">
        <ele>7.19999980926513671875</ele>
        <time>2026-06-02T12:04:45.000Z</time>
        <extensions>
          <ns3:TrackPointExtension>
            <ns3:hr>153</ns3:hr>
            <ns3:cad>85</ns3:cad>
          </ns3:TrackPointExtension>
        </extensions>
      </trkpt>
      <trkpt lat="31.0210318677127361297607421875" lon="121.4241398870944976806640625">
        <ele>7.19999980926513671875</ele>
        <time>2026-06-02T12:04:46.000Z</time>
        <extensions>
          <ns3:TrackPointExtension>
            <ns3:hr>154</ns3:hr>
            <ns3:cad>85</ns3:cad>
          </ns3:TrackPointExtension>
        </extensions>
      </trkpt>
      <trkpt lat="31.021053828299045562744140625" lon="121.42413251101970672607421875">
        <ele>7.19999980926513671875</ele>
        <time>2026-06-02T12:04:47.000Z</time>
        <extensions>
          <ns3:TrackPointExtension>
            <ns3:hr>153</ns3:hr>
            <ns3:cad>85</ns3:cad>
          </ns3:TrackPointExtension>
        </extensions>
      </trkpt>
      <trkpt lat="31.0210764594376087188720703125" lon="121.424119770526885986328125">
        <ele>7.19999980926513671875</ele>
        <time>2026-06-02T12:04:48.000Z</time>
        <extensions>
          <ns3:TrackPointExtension>
            <ns3:hr>154</ns3:hr>
            <ns3:cad>85</ns3:cad>
          </ns3:TrackPointExtension>
        </extensions>
      </trkpt>
      <trkpt lat="31.021103449165821075439453125" lon="121.4241112209856510162353515625">
        <ele>7.19999980926513671875</ele>
        <time>2026-06-02T12:04:49.000Z</time>
        <extensions>
          <ns3:TrackPointExtension>
            <ns3:hr>154</ns3:hr>
            <ns3:cad>85</ns3:cad>
          </ns3:TrackPointExtension>
        </extensions>
      </trkpt>
      <trkpt lat="31.0211257450282573699951171875" lon="121.4240994863212108612060546875">
        <ele>7.19999980926513671875</ele>
        <time>2026-06-02T12:04:50.000Z</time>
        <extensions>
          <ns3:TrackPointExtension>
            <ns3:hr>154</ns3:hr>
            <ns3:cad>85</ns3:cad>
          </ns3:TrackPointExtension>
        </extensions>
      </trkpt>
      <trkpt lat="31.02115432731807231903076171875" lon="121.42408515326678752899169921875">
        <ele>7.19999980926513671875</ele>
        <time>2026-06-02T12:04:51.000Z</time>
        <extensions>
          <ns3:TrackPointExtension>
            <ns3:hr>154</ns3:hr>
            <ns3:cad>85</ns3:cad>
          </ns3:TrackPointExtension>
        </extensions>
      </trkpt>
      <trkpt lat="31.02117192931473255157470703125" lon="121.42408062703907489776611328125">
        <ele>7.400000095367431640625</ele>
        <time>2026-06-02T12:04:52.000Z</time>
        <extensions>
          <ns3:TrackPointExtension>
            <ns3:hr>154</ns3:hr>
            <ns3:cad>85</ns3:cad>
          </ns3:TrackPointExtension>
        </extensions>
      </trkpt>
      <trkpt lat="31.021197326481342315673828125" lon="121.42406721599400043487548828125">
        <ele>7.400000095367431640625</ele>
        <time>2026-06-02T12:04:53.000Z</time>
        <extensions>
          <ns3:TrackPointExtension>
            <ns3:hr>153</ns3:hr>
            <ns3:cad>85</ns3:cad>
          </ns3:TrackPointExtension>
        </extensions>
      </trkpt>
      <trkpt lat="31.02122440002858638763427734375" lon="121.424061097204685211181640625">
        <ele>7.19999980926513671875</ele>
        <time>2026-06-02T12:04:54.000Z</time>
        <extensions>
          <ns3:TrackPointExtension>
            <ns3:hr>153</ns3:hr>
            <ns3:cad>85</ns3:cad>
          </ns3:TrackPointExtension>
        </extensions>
      </trkpt>
      <trkpt lat="31.02124686352908611297607421875" lon="121.4240481890738010406494140625">
        <ele>7.19999980926513671875</ele>
        <time>2026-06-02T12:04:55.000Z</time>
        <extensions>
          <ns3:TrackPointExtension>
            <ns3:hr>153</ns3:hr>
            <ns3:cad>85</ns3:cad>
          </ns3:TrackPointExtension>
        </extensions>
      </trkpt>
      <trkpt lat="31.02127603255212306976318359375" lon="121.424035616219043731689453125">
        <ele>7.19999980926513671875</ele>
        <time>2026-06-02T12:04:56.000Z</time>
        <extensions>
          <ns3:TrackPointExtension>
            <ns3:hr>153</ns3:hr>
            <ns3:cad>85</ns3:cad>
          </ns3:TrackPointExtension>
        </extensions>
      </trkpt>
      <trkpt lat="31.0212960653007030487060546875" lon="121.424023211002349853515625">
        <ele>7.19999980926513671875</ele>
        <time>2026-06-02T12:04:57.000Z</time>
        <extensions>
          <ns3:TrackPointExtension>
            <ns3:hr>153</ns3:hr>
            <ns3:cad>85</ns3:cad>
          </ns3:TrackPointExtension>
        </extensions>
      </trkpt>
      <trkpt lat="31.0213265754282474517822265625" lon="121.4240089617669582366943359375">
        <ele>7.19999980926513671875</ele>
        <time>2026-06-02T12:04:58.000Z</time>
        <extensions>
          <ns3:TrackPointExtension>
            <ns3:hr>153</ns3:hr>
            <ns3:cad>85</ns3:cad>
          </ns3:TrackPointExtension>
        </extensions>
      </trkpt>
      <trkpt lat="31.02134677581489086151123046875" lon="121.42400820739567279815673828125">
        <ele>7</ele>
        <time>2026-06-02T12:04:59.000Z</time>
        <extensions>
          <ns3:TrackPointExtension>
            <ns3:hr>153</ns3:hr>
            <ns3:cad>85</ns3:cad>
          </ns3:TrackPointExtension>
        </extensions>
      </trkpt>
      <trkpt lat="31.021368987858295440673828125" lon="121.4239958859980106353759765625">
        <ele>7</ele>
        <time>2026-06-02T12:05:00.000Z</time>
        <extensions>
          <ns3:TrackPointExtension>
            <ns3:hr>153</ns3:hr>
            <ns3:cad>85</ns3:cad>
          </ns3:TrackPointExtension>
        </extensions>
      </trkpt>
      <trkpt lat="31.02139522321522235870361328125" lon="121.42398834228515625">
        <ele>7.19999980926513671875</ele>
        <time>2026-06-02T12:05:01.000Z</time>
        <extensions>
          <ns3:TrackPointExtension>
            <ns3:hr>153</ns3:hr>
            <ns3:cad>85</ns3:cad>
          </ns3:TrackPointExtension>
        </extensions>
      </trkpt>
      <trkpt lat="31.02141760289669036865234375" lon="121.42397484742105007171630859375">
        <ele>7.19999980926513671875</ele>
        <time>2026-06-02T12:05:02.000Z</time>
        <extensions>
          <ns3:TrackPointExtension>
            <ns3:hr>153</ns3:hr>
            <ns3:cad>85</ns3:cad>
          </ns3:TrackPointExtension>
        </extensions>
      </trkpt>
      <trkpt lat="31.021446101367473602294921875" lon="121.42396353185176849365234375">
        <ele>7.19999980926513671875</ele>
        <time>2026-06-02T12:05:03.000Z</time>
        <extensions>
          <ns3:TrackPointExtension>
            <ns3:hr>153</ns3:hr>
            <ns3:cad>85</ns3:cad>
          </ns3:TrackPointExtension>
        </extensions>
      </trkpt>
      <trkpt lat="31.02146713994443416595458984375" lon="121.42395338974893093109130859375">
        <ele>7.19999980926513671875</ele>
        <time>2026-06-02T12:05:04.000Z</time>
        <extensions>
          <ns3:TrackPointExtension>
            <ns3:hr>153</ns3:hr>
            <ns3:cad>85</ns3:cad>
          </ns3:TrackPointExtension>
        </extensions>
      </trkpt>
      <trkpt lat="31.02149496786296367645263671875" lon="121.42393964342772960662841796875">
        <ele>7.19999980926513671875</ele>
        <time>2026-06-02T12:05:05.000Z</time>
        <extensions>
          <ns3:TrackPointExtension>
            <ns3:hr>153</ns3:hr>
            <ns3:cad>85</ns3:cad>
          </ns3:TrackPointExtension>
        </extensions>
      </trkpt>
      <trkpt lat="31.0215230472385883331298828125" lon="121.42393243499100208282470703125">
        <ele>7.19999980926513671875</ele>
        <time>2026-06-02T12:05:06.000Z</time>
        <extensions>
          <ns3:TrackPointExtension>
            <ns3:hr>153</ns3:hr>
            <ns3:cad>85</ns3:cad>
          </ns3:TrackPointExtension>
        </extensions>
      </trkpt>
      <trkpt lat="31.02154794149100780487060546875" lon="121.42391868866980075836181640625">
        <ele>7.19999980926513671875</ele>
        <time>2026-06-02T12:05:07.000Z</time>
        <extensions>
          <ns3:TrackPointExtension>
            <ns3:hr>153</ns3:hr>
            <ns3:cad>85</ns3:cad>
          </ns3:TrackPointExtension>
        </extensions>
      </trkpt>
      <trkpt lat="31.02157979272305965423583984375" lon="121.4239087142050266265869140625">
        <ele>7</ele>
        <time>2026-06-02T12:05:08.000Z</time>
        <extensions>
          <ns3:TrackPointExtension>
            <ns3:hr>153</ns3:hr>
            <ns3:cad>84</ns3:cad>
          </ns3:TrackPointExtension>
        </extensions>
      </trkpt>
      <trkpt lat="31.0216046869754791259765625" lon="121.42389756627380847930908203125">
        <ele>7</ele>
        <time>2026-06-02T12:05:09.000Z</time>
        <extensions>
          <ns3:TrackPointExtension>
            <ns3:hr>153</ns3:hr>
            <ns3:cad>84</ns3:cad>
          </ns3:TrackPointExtension>
        </extensions>
      </trkpt>
      <trkpt lat="31.02163310162723064422607421875" lon="121.42388951964676380157470703125">
        <ele>7.19999980926513671875</ele>
        <time>2026-06-02T12:05:10.000Z</time>
        <extensions>
          <ns3:TrackPointExtension>
            <ns3:hr>153</ns3:hr>
            <ns3:cad>84</ns3:cad>
          </ns3:TrackPointExtension>
        </extensions>
      </trkpt>
      <trkpt lat="31.0216568224132061004638671875" lon="121.42388432286679744720458984375">
        <ele>7</ele>
        <time>2026-06-02T12:05:11.000Z</time>
        <extensions>
          <ns3:TrackPointExtension>
            <ns3:hr>153</ns3:hr>
            <ns3:cad>84</ns3:cad>
          </ns3:TrackPointExtension>
        </extensions>
      </trkpt>
      <trkpt lat="31.02168087847530841827392578125" lon="121.42386605031788349151611328125">
        <ele>7</ele>
        <time>2026-06-02T12:05:12.000Z</time>
        <extensions>
          <ns3:TrackPointExtension>
            <ns3:hr>153</ns3:hr>
            <ns3:cad>84</ns3:cad>
          </ns3:TrackPointExtension>
        </extensions>
      </trkpt>
      <trkpt lat="31.02170753292739391326904296875" lon="121.42384811304509639739990234375">
        <ele>7</ele>
        <time>2026-06-02T12:05:13.000Z</time>
        <extensions>
          <ns3:TrackPointExtension>
            <ns3:hr>153</ns3:hr>
            <ns3:cad>84</ns3:cad>
          </ns3:TrackPointExtension>
        </extensions>
      </trkpt>
      <trkpt lat="31.0217242129147052764892578125" lon="121.42382799647748470306396484375">
        <ele>7</ele>
        <time>2026-06-02T12:05:14.000Z</time>
        <extensions>
          <ns3:TrackPointExtension>
            <ns3:hr>153</ns3:hr>
            <ns3:cad>85</ns3:cad>
          </ns3:TrackPointExtension>
        </extensions>
      </trkpt>
      <trkpt lat="31.0217506997287273406982421875" lon="121.42380117438733577728271484375">
        <ele>7</ele>
        <time>2026-06-02T12:05:15.000Z</time>
        <extensions>
          <ns3:TrackPointExtension>
            <ns3:hr>153</ns3:hr>
            <ns3:cad>85</ns3:cad>
          </ns3:TrackPointExtension>
        </extensions>
      </trkpt>
      <trkpt lat="31.0217708162963390350341796875" lon="121.423781476914882659912109375">
        <ele>7</ele>
        <time>2026-06-02T12:05:16.000Z</time>
        <extensions>
          <ns3:TrackPointExtension>
            <ns3:hr>153</ns3:hr>
            <ns3:cad>85</ns3:cad>
          </ns3:TrackPointExtension>
        </extensions>
      </trkpt>
      <trkpt lat="31.0217872448265552520751953125" lon="121.4237531460821628570556640625">
        <ele>7</ele>
        <time>2026-06-02T12:05:17.000Z</time>
        <extensions>
          <ns3:TrackPointExtension>
            <ns3:hr>153</ns3:hr>
            <ns3:cad>85</ns3:cad>
          </ns3:TrackPointExtension>
        </extensions>
      </trkpt>
      <trkpt lat="31.02180560119450092315673828125" lon="121.42372741363942623138427734375">
        <ele>7</ele>
        <time>2026-06-02T12:05:18.000Z</time>
        <extensions>
          <ns3:TrackPointExtension>
            <ns3:hr>153</ns3:hr>
            <ns3:cad>85</ns3:cad>
          </ns3:TrackPointExtension>
        </extensions>
      </trkpt>
      <trkpt lat="31.0218170844018459320068359375" lon="121.4237031899392604827880859375">
        <ele>7</ele>
        <time>2026-06-02T12:05:19.000Z</time>
        <extensions>
          <ns3:TrackPointExtension>
            <ns3:hr>153</ns3:hr>
            <ns3:cad>85</ns3:cad>
          </ns3:TrackPointExtension>
        </extensions>
      </trkpt>
      <trkpt lat="31.02184097282588481903076171875" lon="121.42367460764944553375244140625">
        <ele>7</ele>
        <time>2026-06-02T12:05:20.000Z</time>
        <extensions>
          <ns3:TrackPointExtension>
            <ns3:hr>153</ns3:hr>
            <ns3:cad>85</ns3:cad>
          </ns3:TrackPointExtension>
        </extensions>
      </trkpt>
      <trkpt lat="31.02184935472905635833740234375" lon="121.423650719225406646728515625">
        <ele>7</ele>
        <time>2026-06-02T12:05:21.000Z</time>
        <extensions>
          <ns3:TrackPointExtension>
            <ns3:hr>152</ns3:hr>
            <ns3:cad>85</ns3:cad>
          </ns3:TrackPointExtension>
        </extensions>
      </trkpt>
      <trkpt lat="31.021858155727386474609375" lon="121.42361710779368877410888671875">
        <ele>7</ele>
        <time>2026-06-02T12:05:22.000Z</time>
        <extensions>
          <ns3:TrackPointExtension>
            <ns3:hr>153</ns3:hr>
            <ns3:cad>84</ns3:cad>
          </ns3:TrackPointExtension>
        </extensions>
      </trkpt>
      <trkpt lat="31.0218660347163677215576171875" lon="121.42358844168484210968017578125">
        <ele>7</ele>
        <time>2026-06-02T12:05:23.000Z</time>
        <extensions>
          <ns3:TrackPointExtension>
            <ns3:hr>153</ns3:hr>
            <ns3:cad>84</ns3:cad>
          </ns3:TrackPointExtension>
        </extensions>
      </trkpt>
      <trkpt lat="31.02186779491603374481201171875" lon="121.42355508171021938323974609375">
        <ele>7</ele>
        <time>2026-06-02T12:05:24.000Z</time>
        <extensions>
          <ns3:TrackPointExtension>
            <ns3:hr>153</ns3:hr>
            <ns3:cad>84</ns3:cad>
          </ns3:TrackPointExtension>
        </extensions>
      </trkpt>
      <trkpt lat="31.021876595914363861083984375" lon="121.42352071590721607208251953125">
        <ele>7</ele>
        <time>2026-06-02T12:05:25.000Z</time>
        <extensions>
          <ns3:TrackPointExtension>
            <ns3:hr>153</ns3:hr>
            <ns3:cad>84</ns3:cad>
          </ns3:TrackPointExtension>
        </extensions>
      </trkpt>
      <trkpt lat="31.0218794457614421844482421875" lon="121.4234912954270839691162109375">
        <ele>7</ele>
        <time>2026-06-02T12:05:26.000Z</time>
        <extensions>
          <ns3:TrackPointExtension>
            <ns3:hr>153</ns3:hr>
            <ns3:cad>84</ns3:cad>
          </ns3:TrackPointExtension>
        </extensions>
      </trkpt>
      <trkpt lat="31.0218838043510913848876953125" lon="121.4234487153589725494384765625">
        <ele>7</ele>
        <time>2026-06-02T12:05:27.000Z</time>
        <extensions>
          <ns3:TrackPointExtension>
            <ns3:hr>153</ns3:hr>
            <ns3:cad>85</ns3:cad>
          </ns3:TrackPointExtension>
        </extensions>
      </trkpt>
      <trkpt lat="31.0218784399330615997314453125" lon="121.42342130653560161590576171875">
        <ele>7</ele>
        <time>2026-06-02T12:05:28.000Z</time>
        <extensions>
          <ns3:TrackPointExtension>
            <ns3:hr>153</ns3:hr>
            <ns3:cad>85</ns3:cad>
          </ns3:TrackPointExtension>
        </extensions>
      </trkpt>
      <trkpt lat="31.021871902048587799072265625" lon="121.42338526435196399688720703125">
        <ele>7</ele>
        <time>2026-06-02T12:05:29.000Z</time>
        <extensions>
          <ns3:TrackPointExtension>
            <ns3:hr>152</ns3:hr>
            <ns3:cad>85</ns3:cad>
          </ns3:TrackPointExtension>
        </extensions>
      </trkpt>
      <trkpt lat="31.02186762727797031402587890625" lon="121.4233545027673244476318359375">
        <ele>7.19999980926513671875</ele>
        <time>2026-06-02T12:05:30.000Z</time>
        <extensions>
          <ns3:TrackPointExtension>
            <ns3:hr>152</ns3:hr>
            <ns3:cad>85</ns3:cad>
          </ns3:TrackPointExtension>
        </extensions>
      </trkpt>
      <trkpt lat="31.02185723371803760528564453125" lon="121.4233253337442874908447265625">
        <ele>7.19999980926513671875</ele>
        <time>2026-06-02T12:05:31.000Z</time>
        <extensions>
          <ns3:TrackPointExtension>
            <ns3:hr>152</ns3:hr>
            <ns3:cad>86</ns3:cad>
          </ns3:TrackPointExtension>
        </extensions>
      </trkpt>
      <trkpt lat="31.02185103110969066619873046875" lon="121.4232901297509670257568359375">
        <ele>7</ele>
        <time>2026-06-02T12:05:32.000Z</time>
        <extensions>
          <ns3:TrackPointExtension>
            <ns3:hr>152</ns3:hr>
            <ns3:cad>86</ns3:cad>
          </ns3:TrackPointExtension>
        </extensions>
      </trkpt>
      <trkpt lat="31.02184331975877285003662109375" lon="121.42326909117400646209716796875">
        <ele>7</ele>
        <time>2026-06-02T12:05:33.000Z</time>
        <extensions>
          <ns3:TrackPointExtension>
            <ns3:hr>151</ns3:hr>
            <ns3:cad>86</ns3:cad>
          </ns3:TrackPointExtension>
        </extensions>
      </trkpt>
      <trkpt lat="31.021830327808856964111328125" lon="121.423231624066829681396484375">
        <ele>7</ele>
        <time>2026-06-02T12:05:34.000Z</time>
        <extensions>
          <ns3:TrackPointExtension>
            <ns3:hr>151</ns3:hr>
            <ns3:cad>85</ns3:cad>
          </ns3:TrackPointExtension>
        </extensions>
      </trkpt>
      <trkpt lat="31.021818257868289947509765625" lon="121.42320622690021991729736328125">
        <ele>7</ele>
        <time>2026-06-02T12:05:35.000Z</time>
        <extensions>
          <ns3:TrackPointExtension>
            <ns3:hr>151</ns3:hr>
            <ns3:cad>85</ns3:cad>
          </ns3:TrackPointExtension>
        </extensions>
      </trkpt>
      <trkpt lat="31.02180241607129573822021484375" lon="121.4231815002858638763427734375">
        <ele>7</ele>
        <time>2026-06-02T12:05:36.000Z</time>
        <extensions>
          <ns3:TrackPointExtension>
            <ns3:hr>151</ns3:hr>
            <ns3:cad>85</ns3:cad>
          </ns3:TrackPointExtension>
        </extensions>
      </trkpt>
      <trkpt lat="31.0217862389981746673583984375" lon="121.42315224744379520416259765625">
        <ele>7</ele>
        <time>2026-06-02T12:05:37.000Z</time>
        <extensions>
          <ns3:TrackPointExtension>
            <ns3:hr>150</ns3:hr>
            <ns3:cad>85</ns3:cad>
          </ns3:TrackPointExtension>
        </extensions>
      </trkpt>
      <trkpt lat="31.021766960620880126953125" lon="121.42313028685748577117919921875">
        <ele>7</ele>
        <time>2026-06-02T12:05:38.000Z</time>
        <extensions>
          <ns3:TrackPointExtension>
            <ns3:hr>150</ns3:hr>
            <ns3:cad>84</ns3:cad>
          </ns3:TrackPointExtension>
        </extensions>
      </trkpt>
      <trkpt lat="31.0217439942061901092529296875" lon="121.4231020398437976837158203125">
        <ele>7</ele>
        <time>2026-06-02T12:05:39.000Z</time>
        <extensions>
          <ns3:TrackPointExtension>
            <ns3:hr>150</ns3:hr>
            <ns3:cad>84</ns3:cad>
          </ns3:TrackPointExtension>
        </extensions>
      </trkpt>
      <trkpt lat="31.0217215307056903839111328125" lon="121.42308871261775493621826171875">
        <ele>7</ele>
        <time>2026-06-02T12:05:40.000Z</time>
        <extensions>
          <ns3:TrackPointExtension>
            <ns3:hr>150</ns3:hr>
            <ns3:cad>84</ns3:cad>
          </ns3:TrackPointExtension>
        </extensions>
      </trkpt>
      <trkpt lat="31.02169546298682689666748046875" lon="121.42306926660239696502685546875">
        <ele>7</ele>
        <time>2026-06-02T12:05:41.000Z</time>
        <extensions>
          <ns3:TrackPointExtension>
            <ns3:hr>150</ns3:hr>
            <ns3:cad>84</ns3:cad>
          </ns3:TrackPointExtension>
        </extensions>
      </trkpt>
      <trkpt lat="31.02167149074375629425048828125" lon="121.42304982058703899383544921875">
        <ele>7</ele>
        <time>2026-06-02T12:05:42.000Z</time>
        <extensions>
          <ns3:TrackPointExtension>
            <ns3:hr>150</ns3:hr>
            <ns3:cad>85</ns3:cad>
          </ns3:TrackPointExtension>
        </extensions>
      </trkpt>
      <trkpt lat="31.02164617739617824554443359375" lon="121.423037834465503692626953125">
        <ele>6.80000019073486328125</ele>
        <time>2026-06-02T12:05:43.000Z</time>
        <extensions>
          <ns3:TrackPointExtension>
            <ns3:hr>150</ns3:hr>
            <ns3:cad>85</ns3:cad>
          </ns3:TrackPointExtension>
        </extensions>
      </trkpt>
      <trkpt lat="31.02161549963057041168212890625" lon="121.423018388450145721435546875">
        <ele>6.80000019073486328125</ele>
        <time>2026-06-02T12:05:44.000Z</time>
        <extensions>
          <ns3:TrackPointExtension>
            <ns3:hr>150</ns3:hr>
            <ns3:cad>85</ns3:cad>
          </ns3:TrackPointExtension>
        </extensions>
      </trkpt>
      <trkpt lat="31.02159236557781696319580078125" lon="121.42300774343311786651611328125">
        <ele>6.80000019073486328125</ele>
        <time>2026-06-02T12:05:45.000Z</time>
        <extensions>
          <ns3:TrackPointExtension>
            <ns3:hr>150</ns3:hr>
            <ns3:cad>85</ns3:cad>
          </ns3:TrackPointExtension>
        </extensions>
      </trkpt>
      <trkpt lat="31.02156135253608226776123046875" lon="121.42299667932093143463134765625">
        <ele>6.80000019073486328125</ele>
        <time>2026-06-02T12:05:46.000Z</time>
        <extensions>
          <ns3:TrackPointExtension>
            <ns3:hr>150</ns3:hr>
            <ns3:cad>85</ns3:cad>
          </ns3:TrackPointExtension>
        </extensions>
      </trkpt>
      <trkpt lat="31.02153687737882137298583984375" lon="121.42299651168286800384521484375">
        <ele>6.80000019073486328125</ele>
        <time>2026-06-02T12:05:47.000Z</time>
        <extensions>
          <ns3:TrackPointExtension>
            <ns3:hr>150</ns3:hr>
            <ns3:cad>85</ns3:cad>
          </ns3:TrackPointExtension>
        </extensions>
      </trkpt>
      <trkpt lat="31.0215106420218944549560546875" lon="121.42300061881542205810546875">
        <ele>6.80000019073486328125</ele>
        <time>2026-06-02T12:05:48.000Z</time>
        <extensions>
          <ns3:TrackPointExtension>
            <ns3:hr>150</ns3:hr>
            <ns3:cad>85</ns3:cad>
          </ns3:TrackPointExtension>
        </extensions>
      </trkpt>
      <trkpt lat="31.02148373611271381378173828125" lon="121.42299785278737545013427734375">
        <ele>6.80000019073486328125</ele>
        <time>2026-06-02T12:05:49.000Z</time>
        <extensions>
          <ns3:TrackPointExtension>
            <ns3:hr>150</ns3:hr>
            <ns3:cad>85</ns3:cad>
          </ns3:TrackPointExtension>
        </extensions>
      </trkpt>
      <trkpt lat="31.02145850658416748046875" lon="121.423006318509578704833984375">
        <ele>6.80000019073486328125</ele>
        <time>2026-06-02T12:05:50.000Z</time>
        <extensions>
          <ns3:TrackPointExtension>
            <ns3:hr>150</ns3:hr>
            <ns3:cad>85</ns3:cad>
          </ns3:TrackPointExtension>
        </extensions>
      </trkpt>
      <trkpt lat="31.02142439223825931549072265625" lon="121.42300673760473728179931640625">
        <ele>6.599999904632568359375</ele>
        <time>2026-06-02T12:05:51.000Z</time>
        <extensions>
          <ns3:TrackPointExtension>
            <ns3:hr>150</ns3:hr>
            <ns3:cad>85</ns3:cad>
          </ns3:TrackPointExtension>
        </extensions>
      </trkpt>
      <trkpt lat="31.02139991708099842071533203125" lon="121.42301176674664020538330078125">
        <ele>6.599999904632568359375</ele>
        <time>2026-06-02T12:05:52.000Z</time>
        <extensions>
          <ns3:TrackPointExtension>
            <ns3:hr>150</ns3:hr>
            <ns3:cad>85</ns3:cad>
          </ns3:TrackPointExtension>
        </extensions>
      </trkpt>
      <trkpt lat="31.0213694907724857330322265625" lon="121.42301939427852630615234375">
        <ele>6.599999904632568359375</ele>
        <time>2026-06-02T12:05:53.000Z</time>
        <extensions>
          <ns3:TrackPointExtension>
            <ns3:hr>150</ns3:hr>
            <ns3:cad>85</ns3:cad>
          </ns3:TrackPointExtension>
        </extensions>
      </trkpt>
      <trkpt lat="31.02134711109101772308349609375" lon="121.4230302907526493072509765625">
        <ele>6.80000019073486328125</ele>
        <time>2026-06-02T12:05:54.000Z</time>
        <extensions>
          <ns3:TrackPointExtension>
            <ns3:hr>150</ns3:hr>
            <ns3:cad>85</ns3:cad>
          </ns3:TrackPointExtension>
        </extensions>
      </trkpt>
      <trkpt lat="31.02132146246731281280517578125" lon="121.4230455458164215087890625">
        <ele>6.80000019073486328125</ele>
        <time>2026-06-02T12:05:55.000Z</time>
        <extensions>
          <ns3:TrackPointExtension>
            <ns3:hr>150</ns3:hr>
            <ns3:cad>85</ns3:cad>
          </ns3:TrackPointExtension>
        </extensions>
      </trkpt>
      <trkpt lat="31.0212917067110538482666015625" lon="121.423050574958324432373046875">
        <ele>6.80000019073486328125</ele>
        <time>2026-06-02T12:05:56.000Z</time>
        <extensions>
          <ns3:TrackPointExtension>
            <ns3:hr>150</ns3:hr>
            <ns3:cad>85</ns3:cad>
          </ns3:TrackPointExtension>
        </extensions>
      </trkpt>
      <trkpt lat="31.02127016521990299224853515625" lon="121.4230643212795257568359375">
        <ele>6.80000019073486328125</ele>
        <time>2026-06-02T12:05:57.000Z</time>
        <extensions>
          <ns3:TrackPointExtension>
            <ns3:hr>151</ns3:hr>
            <ns3:cad>85</ns3:cad>
          </ns3:TrackPointExtension>
        </extensions>
      </trkpt>
      <trkpt lat="31.02123747579753398895263671875" lon="121.42308175563812255859375">
        <ele>6.80000019073486328125</ele>
        <time>2026-06-02T12:05:58.000Z</time>
        <extensions>
          <ns3:TrackPointExtension>
            <ns3:hr>150</ns3:hr>
            <ns3:cad>85</ns3:cad>
          </ns3:TrackPointExtension>
        </extensions>
      </trkpt>
      <trkpt lat="31.0212206281721591949462890625" lon="121.42309977672994136810302734375">
        <ele>6.80000019073486328125</ele>
        <time>2026-06-02T12:05:59.000Z</time>
        <extensions>
          <ns3:TrackPointExtension>
            <ns3:hr>150</ns3:hr>
            <ns3:cad>85</ns3:cad>
          </ns3:TrackPointExtension>
        </extensions>
      </trkpt>
      <trkpt lat="31.02119707502424716949462890625" lon="121.4231234975159168243408203125">
        <ele>6.80000019073486328125</ele>
        <time>2026-06-02T12:06:00.000Z</time>
        <extensions>
          <ns3:TrackPointExtension>
            <ns3:hr>151</ns3:hr>
            <ns3:cad>85</ns3:cad>
          </ns3:TrackPointExtension>
        </extensions>
      </trkpt>
      <trkpt lat="31.02116824127733707427978515625" lon="121.42313682474195957183837890625">
        <ele>6.80000019073486328125</ele>
        <time>2026-06-02T12:06:01.000Z</time>
        <extensions>
          <ns3:TrackPointExtension>
            <ns3:hr>151</ns3:hr>
            <ns3:cad>85</ns3:cad>
          </ns3:TrackPointExtension>
        </extensions>
      </trkpt>
      <trkpt lat="31.0211478732526302337646484375" lon="121.42314688302576541900634765625">
        <ele>6.80000019073486328125</ele>
        <time>2026-06-02T12:06:02.000Z</time>
        <extensions>
          <ns3:TrackPointExtension>
            <ns3:hr>152</ns3:hr>
            <ns3:cad>85</ns3:cad>
          </ns3:TrackPointExtension>
        </extensions>
      </trkpt>
      <trkpt lat="31.02111610583961009979248046875" lon="121.42315526492893695831298828125">
        <ele>6.80000019073486328125</ele>
        <time>2026-06-02T12:06:03.000Z</time>
        <extensions>
          <ns3:TrackPointExtension>
            <ns3:hr>152</ns3:hr>
            <ns3:cad>85</ns3:cad>
          </ns3:TrackPointExtension>
        </extensions>
      </trkpt>
      <trkpt lat="31.0210965760052204132080078125" lon="121.42316398210823535919189453125">
        <ele>6.80000019073486328125</ele>
        <time>2026-06-02T12:06:04.000Z</time>
        <extensions>
          <ns3:TrackPointExtension>
            <ns3:hr>152</ns3:hr>
            <ns3:cad>84</ns3:cad>
          </ns3:TrackPointExtension>
        </extensions>
      </trkpt>
      <trkpt lat="31.0210754536092281341552734375" lon="121.42317890189588069915771484375">
        <ele>6.599999904632568359375</ele>
        <time>2026-06-02T12:06:05.000Z</time>
        <extensions>
          <ns3:TrackPointExtension>
            <ns3:hr>153</ns3:hr>
            <ns3:cad>84</ns3:cad>
          </ns3:TrackPointExtension>
        </extensions>
      </trkpt>
      <trkpt lat="31.0210482962429523468017578125" lon="121.42318879254162311553955078125">
        <ele>6.599999904632568359375</ele>
        <time>2026-06-02T12:06:06.000Z</time>
        <extensions>
          <ns3:TrackPointExtension>
            <ns3:hr>153</ns3:hr>
            <ns3:cad>84</ns3:cad>
          </ns3:TrackPointExtension>
        </extensions>
      </trkpt>
      <trkpt lat="31.021026335656642913818359375" lon="121.42320069484412670135498046875">
        <ele>6.599999904632568359375</ele>
        <time>2026-06-02T12:06:07.000Z</time>
        <extensions>
          <ns3:TrackPointExtension>
            <ns3:hr>154</ns3:hr>
            <ns3:cad>84</ns3:cad>
          </ns3:TrackPointExtension>
        </extensions>
      </trkpt>
      <trkpt lat="31.02099649608135223388671875" lon="121.4232002757489681243896484375">
        <ele>6.599999904632568359375</ele>
        <time>2026-06-02T12:06:08.000Z</time>
        <extensions>
          <ns3:TrackPointExtension>
            <ns3:hr>154</ns3:hr>
            <ns3:cad>84</ns3:cad>
          </ns3:TrackPointExtension>
        </extensions>
      </trkpt>
      <trkpt lat="31.02097596041858196258544921875" lon="121.42320957966148853302001953125">
        <ele>6.599999904632568359375</ele>
        <time>2026-06-02T12:06:09.000Z</time>
        <extensions>
          <ns3:TrackPointExtension>
            <ns3:hr>154</ns3:hr>
            <ns3:cad>84</ns3:cad>
          </ns3:TrackPointExtension>
        </extensions>
      </trkpt>
      <trkpt lat="31.020948886871337890625" lon="121.42322382889688014984130859375">
        <ele>6.599999904632568359375</ele>
        <time>2026-06-02T12:06:10.000Z</time>
        <extensions>
          <ns3:TrackPointExtension>
            <ns3:hr>154</ns3:hr>
            <ns3:cad>84</ns3:cad>
          </ns3:TrackPointExtension>
        </extensions>
      </trkpt>
      <trkpt lat="31.020921729505062103271484375" lon="121.42323271371424198150634765625">
        <ele>6.400000095367431640625</ele>
        <time>2026-06-02T12:06:11.000Z</time>
        <extensions>
          <ns3:TrackPointExtension>
            <ns3:hr>154</ns3:hr>
            <ns3:cad>84</ns3:cad>
          </ns3:TrackPointExtension>
        </extensions>
      </trkpt>
      <trkpt lat="31.02089549414813518524169921875" lon="121.4232492260634899139404296875">
        <ele>6.400000095367431640625</ele>
        <time>2026-06-02T12:06:12.000Z</time>
        <extensions>
          <ns3:TrackPointExtension>
            <ns3:hr>155</ns3:hr>
            <ns3:cad>84</ns3:cad>
          </ns3:TrackPointExtension>
        </extensions>
      </trkpt>
      <trkpt lat="31.020865403115749359130859375" lon="121.42325702123343944549560546875">
        <ele>6.400000095367431640625</ele>
        <time>2026-06-02T12:06:13.000Z</time>
        <extensions>
          <ns3:TrackPointExtension>
            <ns3:hr>154</ns3:hr>
            <ns3:cad>84</ns3:cad>
          </ns3:TrackPointExtension>
        </extensions>
      </trkpt>
      <trkpt lat="31.0208414308726787567138671875" lon="121.42326883971691131591796875">
        <ele>6.400000095367431640625</ele>
        <time>2026-06-02T12:06:14.000Z</time>
        <extensions>
          <ns3:TrackPointExtension>
            <ns3:hr>154</ns3:hr>
            <ns3:cad>84</ns3:cad>
          </ns3:TrackPointExtension>
        </extensions>
      </trkpt>
      <trkpt lat="31.02080740034580230712890625" lon="121.42327562905848026275634765625">
        <ele>6.599999904632568359375</ele>
        <time>2026-06-02T12:06:15.000Z</time>
        <extensions>
          <ns3:TrackPointExtension>
            <ns3:hr>155</ns3:hr>
            <ns3:cad>84</ns3:cad>
          </ns3:TrackPointExtension>
        </extensions>
      </trkpt>
      <trkpt lat="31.02078585885465145111083984375" lon="121.42328468151390552520751953125">
        <ele>6.599999904632568359375</ele>
        <time>2026-06-02T12:06:16.000Z</time>
        <extensions>
          <ns3:TrackPointExtension>
            <ns3:hr>155</ns3:hr>
            <ns3:cad>84</ns3:cad>
          </ns3:TrackPointExtension>
        </extensions>
      </trkpt>
      <trkpt lat="31.020760796964168548583984375" lon="121.4233058877289295196533203125">
        <ele>6.599999904632568359375</ele>
        <time>2026-06-02T12:06:17.000Z</time>
        <extensions>
          <ns3:TrackPointExtension>
            <ns3:hr>156</ns3:hr>
            <ns3:cad>86</ns3:cad>
          </ns3:TrackPointExtension>
        </extensions>
      </trkpt>
      <trkpt lat="31.020733304321765899658203125" lon="121.4233146049082279205322265625">
        <ele>6.80000019073486328125</ele>
        <time>2026-06-02T12:06:18.000Z</time>
        <extensions>
          <ns3:TrackPointExtension>
            <ns3:hr>156</ns3:hr>
            <ns3:cad>85</ns3:cad>
          </ns3:TrackPointExtension>
        </extensions>
      </trkpt>
      <trkpt lat="31.02070723660290241241455078125" lon="121.4233298599720001220703125">
        <ele>6.80000019073486328125</ele>
        <time>2026-06-02T12:06:19.000Z</time>
        <extensions>
          <ns3:TrackPointExtension>
            <ns3:hr>156</ns3:hr>
            <ns3:cad>85</ns3:cad>
          </ns3:TrackPointExtension>
        </extensions>
      </trkpt>
      <trkpt lat="31.02067471481859683990478515625" lon="121.42333321273326873779296875">
        <ele>6.80000019073486328125</ele>
        <time>2026-06-02T12:06:20.000Z</time>
        <extensions>
          <ns3:TrackPointExtension>
            <ns3:hr>156</ns3:hr>
            <ns3:cad>85</ns3:cad>
          </ns3:TrackPointExtension>
        </extensions>
      </trkpt>
      <trkpt lat="31.02065241895616054534912109375" lon="121.423341594636440277099609375">
        <ele>6.80000019073486328125</ele>
        <time>2026-06-02T12:06:21.000Z</time>
        <extensions>
          <ns3:TrackPointExtension>
            <ns3:hr>156</ns3:hr>
            <ns3:cad>85</ns3:cad>
          </ns3:TrackPointExtension>
        </extensions>
      </trkpt>
      <trkpt lat="31.0206248424947261810302734375" lon="121.42336145974695682525634765625">
        <ele>6.80000019073486328125</ele>
        <time>2026-06-02T12:06:22.000Z</time>
        <extensions>
          <ns3:TrackPointExtension>
            <ns3:hr>157</ns3:hr>
            <ns3:cad>85</ns3:cad>
          </ns3:TrackPointExtension>
        </extensions>
      </trkpt>
      <trkpt lat="31.02060413919389247894287109375" lon="121.42337369732558727264404296875">
        <ele>6.80000019073486328125</ele>
        <time>2026-06-02T12:06:23.000Z</time>
        <extensions>
          <ns3:TrackPointExtension>
            <ns3:hr>157</ns3:hr>
            <ns3:cad>85</ns3:cad>
          </ns3:TrackPointExtension>
        </extensions>
      </trkpt>
      <trkpt lat="31.0205846093595027923583984375" lon="121.423392556607723236083984375">
        <ele>6.599999904632568359375</ele>
        <time>2026-06-02T12:06:24.000Z</time>
        <extensions>
          <ns3:TrackPointExtension>
            <ns3:hr>157</ns3:hr>
            <ns3:cad>85</ns3:cad>
          </ns3:TrackPointExtension>
        </extensions>
      </trkpt>
      <trkpt lat="31.020559631288051605224609375" lon="121.4234049618244171142578125">
        <ele>6.599999904632568359375</ele>
        <time>2026-06-02T12:06:25.000Z</time>
        <extensions>
          <ns3:TrackPointExtension>
            <ns3:hr>157</ns3:hr>
            <ns3:cad>85</ns3:cad>
          </ns3:TrackPointExtension>
        </extensions>
      </trkpt>
      <trkpt lat="31.020543538033962249755859375" lon="121.4234202168881893157958984375">
        <ele>6.599999904632568359375</ele>
        <time>2026-06-02T12:06:26.000Z</time>
        <extensions>
          <ns3:TrackPointExtension>
            <ns3:hr>158</ns3:hr>
            <ns3:cad>85</ns3:cad>
          </ns3:TrackPointExtension>
        </extensions>
      </trkpt>
      <trkpt lat="31.02052040398120880126953125" lon="121.42344159074127674102783203125">
        <ele>6.400000095367431640625</ele>
        <time>2026-06-02T12:06:27.000Z</time>
        <extensions>
          <ns3:TrackPointExtension>
            <ns3:hr>158</ns3:hr>
            <ns3:cad>85</ns3:cad>
          </ns3:TrackPointExtension>
        </extensions>
      </trkpt>
      <trkpt lat="31.02050875313580036163330078125" lon="121.42346053384244441986083984375">
        <ele>6.400000095367431640625</ele>
        <time>2026-06-02T12:06:28.000Z</time>
        <extensions>
          <ns3:TrackPointExtension>
            <ns3:hr>158</ns3:hr>
            <ns3:cad>84</ns3:cad>
          </ns3:TrackPointExtension>
        </extensions>
      </trkpt>
      <trkpt lat="31.02048913948237895965576171875" lon="121.42348953522741794586181640625">
        <ele>6.400000095367431640625</ele>
        <time>2026-06-02T12:06:29.000Z</time>
        <extensions>
          <ns3:TrackPointExtension>
            <ns3:hr>157</ns3:hr>
            <ns3:cad>84</ns3:cad>
          </ns3:TrackPointExtension>
        </extensions>
      </trkpt>
      <trkpt lat="31.02047455497086048126220703125" lon="121.42351669259369373321533203125">
        <ele>6.400000095367431640625</ele>
        <time>2026-06-02T12:06:30.000Z</time>
        <extensions>
          <ns3:TrackPointExtension>
            <ns3:hr>157</ns3:hr>
            <ns3:cad>85</ns3:cad>
          </ns3:TrackPointExtension>
        </extensions>
      </trkpt>
      <trkpt lat="31.02046131156384944915771484375" lon="121.423547454178333282470703125">
        <ele>6.400000095367431640625</ele>
        <time>2026-06-02T12:06:31.000Z</time>
        <extensions>
          <ns3:TrackPointExtension>
            <ns3:hr>157</ns3:hr>
            <ns3:cad>85</ns3:cad>
          </ns3:TrackPointExtension>
        </extensions>
      </trkpt>
      <trkpt lat="31.0204431228339672088623046875" lon="121.42357720993459224700927734375">
        <ele>6.400000095367431640625</ele>
        <time>2026-06-02T12:06:32.000Z</time>
        <extensions>
          <ns3:TrackPointExtension>
            <ns3:hr>157</ns3:hr>
            <ns3:cad>86</ns3:cad>
          </ns3:TrackPointExtension>
        </extensions>
      </trkpt>
      <trkpt lat="31.02043683640658855438232421875" lon="121.42360000871121883392333984375">
        <ele>6.599999904632568359375</ele>
        <time>2026-06-02T12:06:33.000Z</time>
        <extensions>
          <ns3:TrackPointExtension>
            <ns3:hr>158</ns3:hr>
            <ns3:cad>85</ns3:cad>
          </ns3:TrackPointExtension>
        </extensions>
      </trkpt>
      <trkpt lat="31.0204220004379749298095703125" lon="121.423633955419063568115234375">
        <ele>6.599999904632568359375</ele>
        <time>2026-06-02T12:06:34.000Z</time>
        <extensions>
          <ns3:TrackPointExtension>
            <ns3:hr>157</ns3:hr>
            <ns3:cad>85</ns3:cad>
          </ns3:TrackPointExtension>
        </extensions>
      </trkpt>
      <trkpt lat="31.0204179771244525909423828125" lon="121.423658765852451324462890625">
        <ele>6.80000019073486328125</ele>
        <time>2026-06-02T12:06:35.000Z</time>
        <extensions>
          <ns3:TrackPointExtension>
            <ns3:hr>157</ns3:hr>
            <ns3:cad>85</ns3:cad>
          </ns3:TrackPointExtension>
        </extensions>
      </trkpt>
      <trkpt lat="31.020413450896739959716796875" lon="121.42369137145578861236572265625">
        <ele>6.80000019073486328125</ele>
        <time>2026-06-02T12:06:36.000Z</time>
        <extensions>
          <ns3:TrackPointExtension>
            <ns3:hr>157</ns3:hr>
            <ns3:cad>85</ns3:cad>
          </ns3:TrackPointExtension>
        </extensions>
      </trkpt>
      <trkpt lat="31.02040716446936130523681640625" lon="121.423722803592681884765625">
        <ele>6.80000019073486328125</ele>
        <time>2026-06-02T12:06:37.000Z</time>
        <extensions>
          <ns3:TrackPointExtension>
            <ns3:hr>157</ns3:hr>
            <ns3:cad>85</ns3:cad>
          </ns3:TrackPointExtension>
        </extensions>
      </trkpt>
      <trkpt lat="31.02041034959256649017333984375" lon="121.42375021241605281829833984375">
        <ele>6.80000019073486328125</ele>
        <time>2026-06-02T12:06:38.000Z</time>
        <extensions>
          <ns3:TrackPointExtension>
            <ns3:hr>157</ns3:hr>
            <ns3:cad>86</ns3:cad>
          </ns3:TrackPointExtension>
        </extensions>
      </trkpt>
      <trkpt lat="31.0204092599451541900634765625" lon="121.42378625459969043731689453125">
        <ele>6.80000019073486328125</ele>
        <time>2026-06-02T12:06:39.000Z</time>
        <extensions>
          <ns3:TrackPointExtension>
            <ns3:hr>157</ns3:hr>
            <ns3:cad>86</ns3:cad>
          </ns3:TrackPointExtension>
        </extensions>
      </trkpt>
      <trkpt lat="31.02041504345834255218505859375" lon="121.42380905337631702423095703125">
        <ele>6.80000019073486328125</ele>
        <time>2026-06-02T12:06:40.000Z</time>
        <extensions>
          <ns3:TrackPointExtension>
            <ns3:hr>157</ns3:hr>
            <ns3:cad>85</ns3:cad>
          </ns3:TrackPointExtension>
        </extensions>
      </trkpt>
      <trkpt lat="31.02041990496218204498291015625" lon="121.42384551465511322021484375">
        <ele>6.80000019073486328125</ele>
        <time>2026-06-02T12:06:41.000Z</time>
        <extensions>
          <ns3:TrackPointExtension>
            <ns3:hr>156</ns3:hr>
            <ns3:cad>85</ns3:cad>
          </ns3:TrackPointExtension>
        </extensions>
      </trkpt>
      <trkpt lat="31.0204256884753704071044921875" lon="121.423875354230403900146484375">
        <ele>6.80000019073486328125</ele>
        <time>2026-06-02T12:06:42.000Z</time>
        <extensions>
          <ns3:TrackPointExtension>
            <ns3:hr>156</ns3:hr>
            <ns3:cad>85</ns3:cad>
          </ns3:TrackPointExtension>
        </extensions>
      </trkpt>
      <trkpt lat="31.020436584949493408203125" lon="121.4239011704921722412109375">
        <ele>6.80000019073486328125</ele>
        <time>2026-06-02T12:06:43.000Z</time>
        <extensions>
          <ns3:TrackPointExtension>
            <ns3:hr>156</ns3:hr>
            <ns3:cad>84</ns3:cad>
          </ns3:TrackPointExtension>
        </extensions>
      </trkpt>
      <trkpt lat="31.02044521830976009368896484375" lon="121.4239372126758098602294921875">
        <ele>6.80000019073486328125</ele>
        <time>2026-06-02T12:06:44.000Z</time>
        <extensions>
          <ns3:TrackPointExtension>
            <ns3:hr>156</ns3:hr>
            <ns3:cad>84</ns3:cad>
          </ns3:TrackPointExtension>
        </extensions>
      </trkpt>
      <trkpt lat="31.02045728825032711029052734375" lon="121.4239576645195484161376953125">
        <ele>6.80000019073486328125</ele>
        <time>2026-06-02T12:06:45.000Z</time>
        <extensions>
          <ns3:TrackPointExtension>
            <ns3:hr>156</ns3:hr>
            <ns3:cad>85</ns3:cad>
          </ns3:TrackPointExtension>
        </extensions>
      </trkpt>
      <trkpt lat="31.0204736329615116119384765625" lon="121.42399161122739315032958984375">
        <ele>6.80000019073486328125</ele>
        <time>2026-06-02T12:06:46.000Z</time>
        <extensions>
          <ns3:TrackPointExtension>
            <ns3:hr>156</ns3:hr>
            <ns3:cad>85</ns3:cad>
          </ns3:TrackPointExtension>
        </extensions>
      </trkpt>
      <trkpt lat="31.02048545144498348236083984375" lon="121.4240186847746372222900390625">
        <ele>6.80000019073486328125</ele>
        <time>2026-06-02T12:06:47.000Z</time>
        <extensions>
          <ns3:TrackPointExtension>
            <ns3:hr>156</ns3:hr>
            <ns3:cad>85</ns3:cad>
          </ns3:TrackPointExtension>
        </extensions>
      </trkpt>
      <trkpt lat="31.0205061547458171844482421875" lon="121.4240421541035175323486328125">
        <ele>6.80000019073486328125</ele>
        <time>2026-06-02T12:06:48.000Z</time>
        <extensions>
          <ns3:TrackPointExtension>
            <ns3:hr>156</ns3:hr>
            <ns3:cad>85</ns3:cad>
          </ns3:TrackPointExtension>
        </extensions>
      </trkpt>
      <trkpt lat="31.02052501402795314788818359375" lon="121.42406805418431758880615234375">
        <ele>6.80000019073486328125</ele>
        <time>2026-06-02T12:06:49.000Z</time>
        <extensions>
          <ns3:TrackPointExtension>
            <ns3:hr>156</ns3:hr>
            <ns3:cad>84</ns3:cad>
          </ns3:TrackPointExtension>
        </extensions>
      </trkpt>
      <trkpt lat="31.02054378949105739593505859375" lon="121.42408582381904125213623046875">
        <ele>6.80000019073486328125</ele>
        <time>2026-06-02T12:06:50.000Z</time>
        <extensions>
          <ns3:TrackPointExtension>
            <ns3:hr>156</ns3:hr>
            <ns3:cad>84</ns3:cad>
          </ns3:TrackPointExtension>
        </extensions>
      </trkpt>
      <trkpt lat="31.02056893520057201385498046875" lon="121.4241130650043487548828125">
        <ele>6.599999904632568359375</ele>
        <time>2026-06-02T12:06:51.000Z</time>
        <extensions>
          <ns3:TrackPointExtension>
            <ns3:hr>155</ns3:hr>
            <ns3:cad>84</ns3:cad>
          </ns3:TrackPointExtension>
        </extensions>
      </trkpt>
      <trkpt lat="31.02058636955916881561279296875" lon="121.424130834639072418212890625">
        <ele>6.599999904632568359375</ele>
        <time>2026-06-02T12:06:52.000Z</time>
        <extensions>
          <ns3:TrackPointExtension>
            <ns3:hr>155</ns3:hr>
            <ns3:cad>85</ns3:cad>
          </ns3:TrackPointExtension>
        </extensions>
      </trkpt>
      <trkpt lat="31.020611263811588287353515625" lon="121.42414726316928863525390625">
        <ele>6.599999904632568359375</ele>
        <time>2026-06-02T12:06:53.000Z</time>
        <extensions>
          <ns3:TrackPointExtension>
            <ns3:hr>155</ns3:hr>
            <ns3:cad>85</ns3:cad>
          </ns3:TrackPointExtension>
        </extensions>
      </trkpt>
      <trkpt lat="31.0206355713307857513427734375" lon="121.42416335642337799072265625">
        <ele>6.599999904632568359375</ele>
        <time>2026-06-02T12:06:54.000Z</time>
        <extensions>
          <ns3:TrackPointExtension>
            <ns3:hr>155</ns3:hr>
            <ns3:cad>85</ns3:cad>
          </ns3:TrackPointExtension>
        </extensions>
      </trkpt>
      <trkpt lat="31.02065996266901493072509765625" lon="121.4241729117929935455322265625">
        <ele>6.599999904632568359375</ele>
        <time>2026-06-02T12:06:55.000Z</time>
        <extensions>
          <ns3:TrackPointExtension>
            <ns3:hr>155</ns3:hr>
            <ns3:cad>85</ns3:cad>
          </ns3:TrackPointExtension>
        </extensions>
      </trkpt>
      <trkpt lat="31.02068829350173473358154296875" lon="121.42419151961803436279296875">
        <ele>6.599999904632568359375</ele>
        <time>2026-06-02T12:06:56.000Z</time>
        <extensions>
          <ns3:TrackPointExtension>
            <ns3:hr>155</ns3:hr>
            <ns3:cad>85</ns3:cad>
          </ns3:TrackPointExtension>
        </extensions>
      </trkpt>
      <trkpt lat="31.02071343921124935150146484375" lon="121.42419847659766674041748046875">
        <ele>6.80000019073486328125</ele>
        <time>2026-06-02T12:06:57.000Z</time>
        <extensions>
          <ns3:TrackPointExtension>
            <ns3:hr>155</ns3:hr>
            <ns3:cad>85</ns3:cad>
          </ns3:TrackPointExtension>
        </extensions>
      </trkpt>
      <trkpt lat="31.02074428461492061614990234375" lon="121.424206607043743133544921875">
        <ele>6.80000019073486328125</ele>
        <time>2026-06-02T12:06:58.000Z</time>
        <extensions>
          <ns3:TrackPointExtension>
            <ns3:hr>155</ns3:hr>
            <ns3:cad>85</ns3:cad>
          </ns3:TrackPointExtension>
        </extensions>
      </trkpt>
      <trkpt lat="31.0207656584680080413818359375" lon="121.42421708442270755767822265625">
        <ele>6.80000019073486328125</ele>
        <time>2026-06-02T12:06:59.000Z</time>
        <extensions>
          <ns3:TrackPointExtension>
            <ns3:hr>155</ns3:hr>
            <ns3:cad>85</ns3:cad>
          </ns3:TrackPointExtension>
        </extensions>
      </trkpt>
      <trkpt lat="31.0207921452820301055908203125" lon="121.42421993426978588104248046875">
        <ele>6.80000019073486328125</ele>
        <time>2026-06-02T12:07:00.000Z</time>
        <extensions>
          <ns3:TrackPointExtension>
            <ns3:hr>155</ns3:hr>
            <ns3:cad>85</ns3:cad>
          </ns3:TrackPointExtension>
        </extensions>
      </trkpt>
      <trkpt lat="31.02082139812409877777099609375" lon="121.42422680743038654327392578125">
        <ele>6.80000019073486328125</ele>
        <time>2026-06-02T12:07:01.000Z</time>
        <extensions>
          <ns3:TrackPointExtension>
            <ns3:hr>155</ns3:hr>
            <ns3:cad>85</ns3:cad>
          </ns3:TrackPointExtension>
        </extensions>
      </trkpt>
      <trkpt lat="31.02084738202393054962158203125" lon="121.4242149889469146728515625">
        <ele>6.80000019073486328125</ele>
        <time>2026-06-02T12:07:02.000Z</time>
        <extensions>
          <ns3:TrackPointExtension>
            <ns3:hr>156</ns3:hr>
            <ns3:cad>85</ns3:cad>
          </ns3:TrackPointExtension>
        </extensions>
      </trkpt>
      <trkpt lat="31.02087990380823612213134765625" lon="121.42420534975826740264892578125">
        <ele>6.80000019073486328125</ele>
        <time>2026-06-02T12:07:03.000Z</time>
        <extensions>
          <ns3:TrackPointExtension>
            <ns3:hr>156</ns3:hr>
            <ns3:cad>85</ns3:cad>
          </ns3:TrackPointExtension>
        </extensions>
      </trkpt>
      <trkpt lat="31.020904965698719024658203125" lon="121.42419646494090557098388671875">
        <ele>6.80000019073486328125</ele>
        <time>2026-06-02T12:07:04.000Z</time>
        <extensions>
          <ns3:TrackPointExtension>
            <ns3:hr>156</ns3:hr>
            <ns3:cad>85</ns3:cad>
          </ns3:TrackPointExtension>
        </extensions>
      </trkpt>
      <trkpt lat="31.0209363140165805816650390625" lon="121.42418456263840198516845703125">
        <ele>6.80000019073486328125</ele>
        <time>2026-06-02T12:07:05.000Z</time>
        <extensions>
          <ns3:TrackPointExtension>
            <ns3:hr>156</ns3:hr>
            <ns3:cad>85</ns3:cad>
          </ns3:TrackPointExtension>
        </extensions>
      </trkpt>
      <trkpt lat="31.0209609568119049072265625" lon="121.424179784953594207763671875">
        <ele>7</ele>
        <time>2026-06-02T12:07:06.000Z</time>
        <extensions>
          <ns3:TrackPointExtension>
            <ns3:hr>156</ns3:hr>
            <ns3:cad>85</ns3:cad>
          </ns3:TrackPointExtension>
        </extensions>
      </trkpt>
      <trkpt lat="31.02098786272108554840087890625" lon="121.42416444607079029083251953125">
        <ele>7</ele>
        <time>2026-06-02T12:07:07.000Z</time>
        <extensions>
          <ns3:TrackPointExtension>
            <ns3:hr>156</ns3:hr>
            <ns3:cad>85</ns3:cad>
          </ns3:TrackPointExtension>
        </extensions>
      </trkpt>
      <trkpt lat="31.0210184566676616668701171875" lon="121.42415740527212619781494140625">
        <ele>7</ele>
        <time>2026-06-02T12:07:08.000Z</time>
        <extensions>
          <ns3:TrackPointExtension>
            <ns3:hr>156</ns3:hr>
            <ns3:cad>85</ns3:cad>
          </ns3:TrackPointExtension>
        </extensions>
      </trkpt>
      <trkpt lat="31.0210452787578105926513671875" lon="121.4241424016654491424560546875">
        <ele>7</ele>
        <time>2026-06-02T12:07:09.000Z</time>
        <extensions>
          <ns3:TrackPointExtension>
            <ns3:hr>156</ns3:hr>
            <ns3:cad>85</ns3:cad>
          </ns3:TrackPointExtension>
        </extensions>
      </trkpt>
      <trkpt lat="31.02107453159987926483154296875" lon="121.4241306670010089874267578125">
        <ele>7</ele>
        <time>2026-06-02T12:07:10.000Z</time>
        <extensions>
          <ns3:TrackPointExtension>
            <ns3:hr>156</ns3:hr>
            <ns3:cad>86</ns3:cad>
          </ns3:TrackPointExtension>
        </extensions>
      </trkpt>
      <trkpt lat="31.02109682746231555938720703125" lon="121.42411566339433193206787109375">
        <ele>7</ele>
        <time>2026-06-02T12:07:11.000Z</time>
        <extensions>
          <ns3:TrackPointExtension>
            <ns3:hr>156</ns3:hr>
            <ns3:cad>86</ns3:cad>
          </ns3:TrackPointExtension>
        </extensions>
      </trkpt>
      <trkpt lat="31.02112616412341594696044921875" lon="121.42410174943506717681884765625">
        <ele>7</ele>
        <time>2026-06-02T12:07:12.000Z</time>
        <extensions>
          <ns3:TrackPointExtension>
            <ns3:hr>156</ns3:hr>
            <ns3:cad>86</ns3:cad>
          </ns3:TrackPointExtension>
        </extensions>
      </trkpt>
      <trkpt lat="31.02114728651940822601318359375" lon="121.42408959567546844482421875">
        <ele>7</ele>
        <time>2026-06-02T12:07:13.000Z</time>
        <extensions>
          <ns3:TrackPointExtension>
            <ns3:hr>156</ns3:hr>
            <ns3:cad>86</ns3:cad>
          </ns3:TrackPointExtension>
        </extensions>
      </trkpt>
      <trkpt lat="31.02117829956114292144775390625" lon="121.42407610081136226654052734375">
        <ele>7</ele>
        <time>2026-06-02T12:07:14.000Z</time>
        <extensions>
          <ns3:TrackPointExtension>
            <ns3:hr>156</ns3:hr>
            <ns3:cad>86</ns3:cad>
          </ns3:TrackPointExtension>
        </extensions>
      </trkpt>
      <trkpt lat="31.021197997033596038818359375" lon="121.42407073639333248138427734375">
        <ele>7</ele>
        <time>2026-06-02T12:07:15.000Z</time>
        <extensions>
          <ns3:TrackPointExtension>
            <ns3:hr>156</ns3:hr>
            <ns3:cad>87</ns3:cad>
          </ns3:TrackPointExtension>
        </extensions>
      </trkpt>
      <trkpt lat="31.02122372947633266448974609375" lon="121.4240595884621143341064453125">
        <ele>6.80000019073486328125</ele>
        <time>2026-06-02T12:07:16.000Z</time>
        <extensions>
          <ns3:TrackPointExtension>
            <ns3:hr>156</ns3:hr>
            <ns3:cad>87</ns3:cad>
          </ns3:TrackPointExtension>
        </extensions>
      </trkpt>
      <trkpt lat="31.02124937810003757476806640625" lon="121.4240525476634502410888671875">
        <ele>6.80000019073486328125</ele>
        <time>2026-06-02T12:07:17.000Z</time>
        <extensions>
          <ns3:TrackPointExtension>
            <ns3:hr>155</ns3:hr>
            <ns3:cad>87</ns3:cad>
          </ns3:TrackPointExtension>
        </extensions>
      </trkpt>
      <trkpt lat="31.02127351798117160797119140625" lon="121.424039304256439208984375">
        <ele>6.80000019073486328125</ele>
        <time>2026-06-02T12:07:18.000Z</time>
        <extensions>
          <ns3:TrackPointExtension>
            <ns3:hr>155</ns3:hr>
            <ns3:cad>87</ns3:cad>
          </ns3:TrackPointExtension>
        </extensions>
      </trkpt>
      <trkpt lat="31.02130226790904998779296875" lon="121.4240334369242191314697265625">
        <ele>6.80000019073486328125</ele>
        <time>2026-06-02T12:07:19.000Z</time>
        <extensions>
          <ns3:TrackPointExtension>
            <ns3:hr>155</ns3:hr>
            <ns3:cad>87</ns3:cad>
          </ns3:TrackPointExtension>
        </extensions>
      </trkpt>
      <trkpt lat="31.02132716216146945953369140625" lon="121.42402119934558868408203125">
        <ele>6.80000019073486328125</ele>
        <time>2026-06-02T12:07:20.000Z</time>
        <extensions>
          <ns3:TrackPointExtension>
            <ns3:hr>154</ns3:hr>
            <ns3:cad>87</ns3:cad>
          </ns3:TrackPointExtension>
        </extensions>
      </trkpt>
      <trkpt lat="31.02135599590837955474853515625" lon="121.424012146890163421630859375">
        <ele>7</ele>
        <time>2026-06-02T12:07:21.000Z</time>
        <extensions>
          <ns3:TrackPointExtension>
            <ns3:hr>154</ns3:hr>
            <ns3:cad>87</ns3:cad>
          </ns3:TrackPointExtension>
        </extensions>
      </trkpt>
      <trkpt lat="31.0213795490562915802001953125" lon="121.42400049604475498199462890625">
        <ele>7</ele>
        <time>2026-06-02T12:07:22.000Z</time>
        <extensions>
          <ns3:TrackPointExtension>
            <ns3:hr>154</ns3:hr>
            <ns3:cad>87</ns3:cad>
          </ns3:TrackPointExtension>
        </extensions>
      </trkpt>
      <trkpt lat="31.0214050300419330596923828125" lon="121.4239878393709659576416015625">
        <ele>7</ele>
        <time>2026-06-02T12:07:23.000Z</time>
        <extensions>
          <ns3:TrackPointExtension>
            <ns3:hr>153</ns3:hr>
            <ns3:cad>87</ns3:cad>
          </ns3:TrackPointExtension>
        </extensions>
      </trkpt>
      <trkpt lat="31.02143042720854282379150390625" lon="121.42398004420101642608642578125">
        <ele>7</ele>
        <time>2026-06-02T12:07:24.000Z</time>
        <extensions>
          <ns3:TrackPointExtension>
            <ns3:hr>153</ns3:hr>
            <ns3:cad>85</ns3:cad>
          </ns3:TrackPointExtension>
        </extensions>
      </trkpt>
      <trkpt lat="31.02145054377615451812744140625" lon="121.42396495677530765533447265625">
        <ele>6.80000019073486328125</ele>
        <time>2026-06-02T12:07:25.000Z</time>
        <extensions>
          <ns3:TrackPointExtension>
            <ns3:hr>153</ns3:hr>
            <ns3:cad>85</ns3:cad>
          </ns3:TrackPointExtension>
        </extensions>
      </trkpt>
      <trkpt lat="31.02147753350436687469482421875" lon="121.423952467739582061767578125">
        <ele>6.80000019073486328125</ele>
        <time>2026-06-02T12:07:26.000Z</time>
        <extensions>
          <ns3:TrackPointExtension>
            <ns3:hr>153</ns3:hr>
            <ns3:cad>85</ns3:cad>
          </ns3:TrackPointExtension>
        </extensions>
      </trkpt>
      <trkpt lat="31.021497733891010284423828125" lon="121.42393830232322216033935546875">
        <ele>6.599999904632568359375</ele>
        <time>2026-06-02T12:07:27.000Z</time>
        <extensions>
          <ns3:TrackPointExtension>
            <ns3:hr>153</ns3:hr>
            <ns3:cad>85</ns3:cad>
          </ns3:TrackPointExtension>
        </extensions>
      </trkpt>
      <trkpt lat="31.02152782492339611053466796875" lon="121.423919610679149627685546875">
        <ele>6.599999904632568359375</ele>
        <time>2026-06-02T12:07:28.000Z</time>
        <extensions>
          <ns3:TrackPointExtension>
            <ns3:hr>153</ns3:hr>
            <ns3:cad>85</ns3:cad>
          </ns3:TrackPointExtension>
        </extensions>
      </trkpt>
      <trkpt lat="31.02155146189033985137939453125" lon="121.423912905156612396240234375">
        <ele>6.80000019073486328125</ele>
        <time>2026-06-02T12:07:29.000Z</time>
        <extensions>
          <ns3:TrackPointExtension>
            <ns3:hr>153</ns3:hr>
            <ns3:cad>85</ns3:cad>
          </ns3:TrackPointExtension>
        </extensions>
      </trkpt>
      <trkpt lat="31.0215750150382518768310546875" lon="121.42389823682606220245361328125">
        <ele>6.80000019073486328125</ele>
        <time>2026-06-02T12:07:30.000Z</time>
        <extensions>
          <ns3:TrackPointExtension>
            <ns3:hr>153</ns3:hr>
            <ns3:cad>85</ns3:cad>
          </ns3:TrackPointExtension>
        </extensions>
      </trkpt>
      <trkpt lat="31.0216011665761470794677734375" lon="121.423890106379985809326171875">
        <ele>6.80000019073486328125</ele>
        <time>2026-06-02T12:07:31.000Z</time>
        <extensions>
          <ns3:TrackPointExtension>
            <ns3:hr>153</ns3:hr>
            <ns3:cad>85</ns3:cad>
          </ns3:TrackPointExtension>
        </extensions>
      </trkpt>
      <trkpt lat="31.02162203751504421234130859375" lon="121.4238765276968479156494140625">
        <ele>6.80000019073486328125</ele>
        <time>2026-06-02T12:07:32.000Z</time>
        <extensions>
          <ns3:TrackPointExtension>
            <ns3:hr>153</ns3:hr>
            <ns3:cad>85</ns3:cad>
          </ns3:TrackPointExtension>
        </extensions>
      </trkpt>
      <trkpt lat="31.02165204472839832305908203125" lon="121.4238611049950122833251953125">
        <ele>6.80000019073486328125</ele>
        <time>2026-06-02T12:07:33.000Z</time>
        <extensions>
          <ns3:TrackPointExtension>
            <ns3:hr>154</ns3:hr>
            <ns3:cad>85</ns3:cad>
          </ns3:TrackPointExtension>
        </extensions>
      </trkpt>
      <trkpt lat="31.021670065820217132568359375" lon="121.42385247163474559783935546875">
        <ele>6.599999904632568359375</ele>
        <time>2026-06-02T12:07:34.000Z</time>
        <extensions>
          <ns3:TrackPointExtension>
            <ns3:hr>154</ns3:hr>
            <ns3:cad>85</ns3:cad>
          </ns3:TrackPointExtension>
        </extensions>
      </trkpt>
      <trkpt lat="31.02169713936746120452880859375" lon="121.4238342829048633575439453125">
        <ele>6.599999904632568359375</ele>
        <time>2026-06-02T12:07:35.000Z</time>
        <extensions>
          <ns3:TrackPointExtension>
            <ns3:hr>155</ns3:hr>
            <ns3:cad>85</ns3:cad>
          </ns3:TrackPointExtension>
        </extensions>
      </trkpt>
      <trkpt lat="31.02172060869634151458740234375" lon="121.4238178543746471405029296875">
        <ele>6.80000019073486328125</ele>
        <time>2026-06-02T12:07:36.000Z</time>
        <extensions>
          <ns3:TrackPointExtension>
            <ns3:hr>155</ns3:hr>
            <ns3:cad>84</ns3:cad>
          </ns3:TrackPointExtension>
        </extensions>
      </trkpt>
      <trkpt lat="31.02174106054008007049560546875" lon="121.4237963967025279998779296875">
        <ele>6.80000019073486328125</ele>
        <time>2026-06-02T12:07:37.000Z</time>
        <extensions>
          <ns3:TrackPointExtension>
            <ns3:hr>155</ns3:hr>
            <ns3:cad>84</ns3:cad>
          </ns3:TrackPointExtension>
        </extensions>
      </trkpt>
      <trkpt lat="31.02176838554441928863525390625" lon="121.42377200536429882049560546875">
        <ele>7</ele>
        <time>2026-06-02T12:07:38.000Z</time>
        <extensions>
          <ns3:TrackPointExtension>
            <ns3:hr>155</ns3:hr>
            <ns3:cad>84</ns3:cad>
          </ns3:TrackPointExtension>
        </extensions>
      </trkpt>
      <trkpt lat="31.02178531698882579803466796875" lon="121.42374970950186252593994140625">
        <ele>7</ele>
        <time>2026-06-02T12:07:39.000Z</time>
        <extensions>
          <ns3:TrackPointExtension>
            <ns3:hr>156</ns3:hr>
            <ns3:cad>85</ns3:cad>
          </ns3:TrackPointExtension>
        </extensions>
      </trkpt>
      <trkpt lat="31.02181096561253070831298828125" lon="121.42371953465044498443603515625">
        <ele>7</ele>
        <time>2026-06-02T12:07:40.000Z</time>
        <extensions>
          <ns3:TrackPointExtension>
            <ns3:hr>156</ns3:hr>
            <ns3:cad>85</ns3:cad>
          </ns3:TrackPointExtension>
        </extensions>
      </trkpt>
      <trkpt lat="31.02182538248598575592041015625" lon="121.4236938022077083587646484375">
        <ele>6.80000019073486328125</ele>
        <time>2026-06-02T12:07:41.000Z</time>
        <extensions>
          <ns3:TrackPointExtension>
            <ns3:hr>156</ns3:hr>
            <ns3:cad>85</ns3:cad>
          </ns3:TrackPointExtension>
        </extensions>
      </trkpt>
      <trkpt lat="31.0218348540365695953369140625" lon="121.42366505227982997894287109375">
        <ele>6.80000019073486328125</ele>
        <time>2026-06-02T12:07:42.000Z</time>
        <extensions>
          <ns3:TrackPointExtension>
            <ns3:hr>156</ns3:hr>
            <ns3:cad>85</ns3:cad>
          </ns3:TrackPointExtension>
        </extensions>
      </trkpt>
      <trkpt lat="31.0218514502048492431640625" lon="121.42364024184644222259521484375">
        <ele>6.599999904632568359375</ele>
        <time>2026-06-02T12:07:43.000Z</time>
        <extensions>
          <ns3:TrackPointExtension>
            <ns3:hr>156</ns3:hr>
            <ns3:cad>84</ns3:cad>
          </ns3:TrackPointExtension>
        </extensions>
      </trkpt>
      <trkpt lat="31.021857149899005889892578125" lon="121.4236170239746570587158203125">
        <ele>6.599999904632568359375</ele>
        <time>2026-06-02T12:07:44.000Z</time>
        <extensions>
          <ns3:TrackPointExtension>
            <ns3:hr>156</ns3:hr>
            <ns3:cad>85</ns3:cad>
          </ns3:TrackPointExtension>
        </extensions>
      </trkpt>
      <trkpt lat="31.02187064476311206817626953125" lon="121.42358726821839809417724609375">
        <ele>6.80000019073486328125</ele>
        <time>2026-06-02T12:07:45.000Z</time>
        <extensions>
          <ns3:TrackPointExtension>
            <ns3:hr>156</ns3:hr>
            <ns3:cad>85</ns3:cad>
          </ns3:TrackPointExtension>
        </extensions>
      </trkpt>
      <trkpt lat="31.02187349461019039154052734375" lon="121.4235623739659786224365234375">
        <ele>6.80000019073486328125</ele>
        <time>2026-06-02T12:07:46.000Z</time>
        <extensions>
          <ns3:TrackPointExtension>
            <ns3:hr>157</ns3:hr>
            <ns3:cad>85</ns3:cad>
          </ns3:TrackPointExtension>
        </extensions>
      </trkpt>
      <trkpt lat="31.02187491953372955322265625" lon="121.42352742142975330352783203125">
        <ele>6.80000019073486328125</ele>
        <time>2026-06-02T12:07:47.000Z</time>
        <extensions>
          <ns3:TrackPointExtension>
            <ns3:hr>157</ns3:hr>
            <ns3:cad>85</ns3:cad>
          </ns3:TrackPointExtension>
        </extensions>
      </trkpt>
      <trkpt lat="31.0218781046569347381591796875" lon="121.423499174416065216064453125">
        <ele>6.80000019073486328125</ele>
        <time>2026-06-02T12:07:48.000Z</time>
        <extensions>
          <ns3:TrackPointExtension>
            <ns3:hr>157</ns3:hr>
            <ns3:cad>86</ns3:cad>
          </ns3:TrackPointExtension>
        </extensions>
      </trkpt>
      <trkpt lat="31.02187735028564929962158203125" lon="121.42346723936498165130615234375">
        <ele>6.599999904632568359375</ele>
        <time>2026-06-02T12:07:49.000Z</time>
        <extensions>
          <ns3:TrackPointExtension>
            <ns3:hr>157</ns3:hr>
            <ns3:cad>86</ns3:cad>
          </ns3:TrackPointExtension>
        </extensions>
      </trkpt>
      <trkpt lat="31.0218811221420764923095703125" lon="121.423432119190692901611328125">
        <ele>6.599999904632568359375</ele>
        <time>2026-06-02T12:07:50.000Z</time>
        <extensions>
          <ns3:TrackPointExtension>
            <ns3:hr>157</ns3:hr>
            <ns3:cad>86</ns3:cad>
          </ns3:TrackPointExtension>
        </extensions>
      </trkpt>
      <trkpt lat="31.02187684737145900726318359375" lon="121.42340437509119510650634765625">
        <ele>6.599999904632568359375</ele>
        <time>2026-06-02T12:07:51.000Z</time>
        <extensions>
          <ns3:TrackPointExtension>
            <ns3:hr>157</ns3:hr>
            <ns3:cad>86</ns3:cad>
          </ns3:TrackPointExtension>
        </extensions>
      </trkpt>
      <trkpt lat="31.0218713991343975067138671875" lon="121.42336447723209857940673828125">
        <ele>6.599999904632568359375</ele>
        <time>2026-06-02T12:07:52.000Z</time>
        <extensions>
          <ns3:TrackPointExtension>
            <ns3:hr>157</ns3:hr>
            <ns3:cad>86</ns3:cad>
          </ns3:TrackPointExtension>
        </extensions>
      </trkpt>
      <trkpt lat="31.0218670405447483062744140625" lon="121.4233360625803470611572265625">
        <ele>6.599999904632568359375</ele>
        <time>2026-06-02T12:07:53.000Z</time>
        <extensions>
          <ns3:TrackPointExtension>
            <ns3:hr>157</ns3:hr>
            <ns3:cad>86</ns3:cad>
          </ns3:TrackPointExtension>
        </extensions>
      </trkpt>
      <trkpt lat="31.02185689844191074371337890625" lon="121.4233057200908660888671875">
        <ele>6.80000019073486328125</ele>
        <time>2026-06-02T12:07:54.000Z</time>
        <extensions>
          <ns3:TrackPointExtension>
            <ns3:hr>157</ns3:hr>
            <ns3:cad>85</ns3:cad>
          </ns3:TrackPointExtension>
        </extensions>
      </trkpt>
      <trkpt lat="31.02184943854808807373046875" lon="121.423273198306560516357421875">
        <ele>6.80000019073486328125</ele>
        <time>2026-06-02T12:07:55.000Z</time>
        <extensions>
          <ns3:TrackPointExtension>
            <ns3:hr>158</ns3:hr>
            <ns3:cad>85</ns3:cad>
          </ns3:TrackPointExtension>
        </extensions>
      </trkpt>
      <trkpt lat="31.0218380391597747802734375" lon="121.4232472144067287445068359375">
        <ele>6.80000019073486328125</ele>
        <time>2026-06-02T12:07:56.000Z</time>
        <extensions>
          <ns3:TrackPointExtension>
            <ns3:hr>157</ns3:hr>
            <ns3:cad>85</ns3:cad>
          </ns3:TrackPointExtension>
        </extensions>
      </trkpt>
      <trkpt lat="31.021822281181812286376953125" lon="121.42320974729955196380615234375">
        <ele>6.80000019073486328125</ele>
        <time>2026-06-02T12:07:57.000Z</time>
        <extensions>
          <ns3:TrackPointExtension>
            <ns3:hr>157</ns3:hr>
            <ns3:cad>85</ns3:cad>
          </ns3:TrackPointExtension>
        </extensions>
      </trkpt>
      <trkpt lat="31.0218087024986743927001953125" lon="121.423187367618083953857421875">
        <ele>6.80000019073486328125</ele>
        <time>2026-06-02T12:07:58.000Z</time>
        <extensions>
          <ns3:TrackPointExtension>
            <ns3:hr>158</ns3:hr>
            <ns3:cad>85</ns3:cad>
          </ns3:TrackPointExtension>
        </extensions>
      </trkpt>
      <trkpt lat="31.0217919386923313140869140625" lon="121.42316230572760105133056640625">
        <ele>6.80000019073486328125</ele>
        <time>2026-06-02T12:07:59.000Z</time>
        <extensions>
          <ns3:TrackPointExtension>
            <ns3:hr>157</ns3:hr>
            <ns3:cad>84</ns3:cad>
          </ns3:TrackPointExtension>
        </extensions>
      </trkpt>
      <trkpt lat="31.02177827619016170501708984375" lon="121.42313246615231037139892578125">
        <ele>6.80000019073486328125</ele>
        <time>2026-06-02T12:08:00.000Z</time>
        <extensions>
          <ns3:TrackPointExtension>
            <ns3:hr>157</ns3:hr>
            <ns3:cad>84</ns3:cad>
          </ns3:TrackPointExtension>
        </extensions>
      </trkpt>
      <trkpt lat="31.021760590374469757080078125" lon="121.4231134392321109771728515625">
        <ele>6.80000019073486328125</ele>
        <time>2026-06-02T12:08:01.000Z</time>
        <extensions>
          <ns3:TrackPointExtension>
            <ns3:hr>156</ns3:hr>
            <ns3:cad>85</ns3:cad>
          </ns3:TrackPointExtension>
        </extensions>
      </trkpt>
      <trkpt lat="31.02173745632171630859375" lon="121.42308510839939117431640625">
        <ele>6.80000019073486328125</ele>
        <time>2026-06-02T12:08:02.000Z</time>
        <extensions>
          <ns3:TrackPointExtension>
            <ns3:hr>156</ns3:hr>
            <ns3:cad>85</ns3:cad>
          </ns3:TrackPointExtension>
        </extensions>
      </trkpt>
      <trkpt lat="31.0217146575450897216796875" lon="121.42307245172560214996337890625">
        <ele>6.80000019073486328125</ele>
        <time>2026-06-02T12:08:03.000Z</time>
        <extensions>
          <ns3:TrackPointExtension>
            <ns3:hr>156</ns3:hr>
            <ns3:cad>85</ns3:cad>
          </ns3:TrackPointExtension>
        </extensions>
      </trkpt>
      <trkpt lat="31.02168339304625988006591796875" lon="121.4230520837008953094482421875">
        <ele>6.80000019073486328125</ele>
        <time>2026-06-02T12:08:04.000Z</time>
        <extensions>
          <ns3:TrackPointExtension>
            <ns3:hr>156</ns3:hr>
            <ns3:cad>84</ns3:cad>
          </ns3:TrackPointExtension>
        </extensions>
      </trkpt>
      <trkpt lat="31.02165699005126953125" lon="121.42303657718002796173095703125">
        <ele>6.599999904632568359375</ele>
        <time>2026-06-02T12:08:05.000Z</time>
        <extensions>
          <ns3:TrackPointExtension>
            <ns3:hr>156</ns3:hr>
            <ns3:cad>84</ns3:cad>
          </ns3:TrackPointExtension>
        </extensions>
      </trkpt>
      <trkpt lat="31.0216293297708034515380859375" lon="121.42302383668720722198486328125">
        <ele>6.599999904632568359375</ele>
        <time>2026-06-02T12:08:06.000Z</time>
        <extensions>
          <ns3:TrackPointExtension>
            <ns3:hr>156</ns3:hr>
            <ns3:cad>84</ns3:cad>
          </ns3:TrackPointExtension>
        </extensions>
      </trkpt>
      <trkpt lat="31.0215994901955127716064453125" lon="121.4230074919760227203369140625">
        <ele>6.400000095367431640625</ele>
        <time>2026-06-02T12:08:07.000Z</time>
        <extensions>
          <ns3:TrackPointExtension>
            <ns3:hr>156</ns3:hr>
            <ns3:cad>85</ns3:cad>
          </ns3:TrackPointExtension>
        </extensions>
      </trkpt>
      <trkpt lat="31.02157208137214183807373046875" lon="121.42300355248153209686279296875">
        <ele>6.400000095367431640625</ele>
        <time>2026-06-02T12:08:08.000Z</time>
        <extensions>
          <ns3:TrackPointExtension>
            <ns3:hr>155</ns3:hr>
            <ns3:cad>85</ns3:cad>
          </ns3:TrackPointExtension>
        </extensions>
      </trkpt>
      <trkpt lat="31.02153754793107509613037109375" lon="121.4229890517890453338623046875">
        <ele>6.19999980926513671875</ele>
        <time>2026-06-02T12:08:09.000Z</time>
        <extensions>
          <ns3:TrackPointExtension>
            <ns3:hr>156</ns3:hr>
            <ns3:cad>85</ns3:cad>
          </ns3:TrackPointExtension>
        </extensions>
      </trkpt>
      <trkpt lat="31.021511815488338470458984375" lon="121.42298628576099872589111328125">
        <ele>6.19999980926513671875</ele>
        <time>2026-06-02T12:08:10.000Z</time>
        <extensions>
          <ns3:TrackPointExtension>
            <ns3:hr>156</ns3:hr>
            <ns3:cad>85</ns3:cad>
          </ns3:TrackPointExtension>
        </extensions>
      </trkpt>
      <trkpt lat="31.02147795259952545166015625" lon="121.4229893870651721954345703125">
        <ele>6.19999980926513671875</ele>
        <time>2026-06-02T12:08:11.000Z</time>
        <extensions>
          <ns3:TrackPointExtension>
            <ns3:hr>155</ns3:hr>
            <ns3:cad>86</ns3:cad>
          </ns3:TrackPointExtension>
        </extensions>
      </trkpt>
      <trkpt lat="31.02145113050937652587890625" lon="121.4229917339980602264404296875">
        <ele>6.19999980926513671875</ele>
        <time>2026-06-02T12:08:12.000Z</time>
        <extensions>
          <ns3:TrackPointExtension>
            <ns3:hr>155</ns3:hr>
            <ns3:cad>86</ns3:cad>
          </ns3:TrackPointExtension>
        </extensions>
      </trkpt>
      <trkpt lat="31.02142489515244960784912109375" lon="121.42300087027251720428466796875">
        <ele>6.19999980926513671875</ele>
        <time>2026-06-02T12:08:13.000Z</time>
        <extensions>
          <ns3:TrackPointExtension>
            <ns3:hr>155</ns3:hr>
            <ns3:cad>86</ns3:cad>
          </ns3:TrackPointExtension>
        </extensions>
      </trkpt>
      <trkpt lat="31.02139237336814403533935546875" lon="121.42300187610089778900146484375">
        <ele>6.400000095367431640625</ele>
        <time>2026-06-02T12:08:14.000Z</time>
        <extensions>
          <ns3:TrackPointExtension>
            <ns3:hr>155</ns3:hr>
            <ns3:cad>85</ns3:cad>
          </ns3:TrackPointExtension>
        </extensions>
      </trkpt>
      <trkpt lat="31.02136605419218540191650390625" lon="121.423008330166339874267578125">
        <ele>6.400000095367431640625</ele>
        <time>2026-06-02T12:08:15.000Z</time>
        <extensions>
          <ns3:TrackPointExtension>
            <ns3:hr>155</ns3:hr>
            <ns3:cad>85</ns3:cad>
          </ns3:TrackPointExtension>
        </extensions>
      </trkpt>
      <trkpt lat="31.02133755572140216827392578125" lon="121.42301914282143115997314453125">
        <ele>6.400000095367431640625</ele>
        <time>2026-06-02T12:08:16.000Z</time>
        <extensions>
          <ns3:TrackPointExtension>
            <ns3:hr>155</ns3:hr>
            <ns3:cad>85</ns3:cad>
          </ns3:TrackPointExtension>
        </extensions>
      </trkpt>
      <trkpt lat="31.021316349506378173828125" lon="121.42303146421909332275390625">
        <ele>6.400000095367431640625</ele>
        <time>2026-06-02T12:08:17.000Z</time>
        <extensions>
          <ns3:TrackPointExtension>
            <ns3:hr>155</ns3:hr>
            <ns3:cad>85</ns3:cad>
          </ns3:TrackPointExtension>
        </extensions>
      </trkpt>
      <trkpt lat="31.02129497565329074859619140625" lon="121.423046886920928955078125">
        <ele>6.599999904632568359375</ele>
        <time>2026-06-02T12:08:18.000Z</time>
        <extensions>
          <ns3:TrackPointExtension>
            <ns3:hr>154</ns3:hr>
            <ns3:cad>85</ns3:cad>
          </ns3:TrackPointExtension>
        </extensions>
      </trkpt>
      <trkpt lat="31.02126547135412693023681640625" lon="121.42305535264313220977783203125">
        <ele>6.599999904632568359375</ele>
        <time>2026-06-02T12:08:19.000Z</time>
        <extensions>
          <ns3:TrackPointExtension>
            <ns3:hr>155</ns3:hr>
            <ns3:cad>84</ns3:cad>
          </ns3:TrackPointExtension>
        </extensions>
      </trkpt>
      <trkpt lat="31.0212464444339275360107421875" lon="121.42306767404079437255859375">
        <ele>6.599999904632568359375</ele>
        <time>2026-06-02T12:08:20.000Z</time>
        <extensions>
          <ns3:TrackPointExtension>
            <ns3:hr>155</ns3:hr>
            <ns3:cad>84</ns3:cad>
          </ns3:TrackPointExtension>
        </extensions>
      </trkpt>
      <trkpt lat="31.0212142579257488250732421875" lon="121.42307999543845653533935546875">
        <ele>6.599999904632568359375</ele>
        <time>2026-06-02T12:08:21.000Z</time>
        <extensions>
          <ns3:TrackPointExtension>
            <ns3:hr>154</ns3:hr>
            <ns3:cad>84</ns3:cad>
          </ns3:TrackPointExtension>
        </extensions>
      </trkpt>
      <trkpt lat="31.02119690738618373870849609375" lon="121.4230911433696746826171875">
        <ele>6.599999904632568359375</ele>
        <time>2026-06-02T12:08:22.000Z</time>
        <extensions>
          <ns3:TrackPointExtension>
            <ns3:hr>155</ns3:hr>
            <ns3:cad>84</ns3:cad>
          </ns3:TrackPointExtension>
        </extensions>
      </trkpt>
      <trkpt lat="31.0211755335330963134765625" lon="121.42310765571892261505126953125">
        <ele>6.599999904632568359375</ele>
        <time>2026-06-02T12:08:23.000Z</time>
        <extensions>
          <ns3:TrackPointExtension>
            <ns3:hr>155</ns3:hr>
            <ns3:cad>85</ns3:cad>
          </ns3:TrackPointExtension>
        </extensions>
      </trkpt>
      <trkpt lat="31.02115114219486713409423828125" lon="121.4231194742023944854736328125">
        <ele>6.400000095367431640625</ele>
        <time>2026-06-02T12:08:24.000Z</time>
        <extensions>
          <ns3:TrackPointExtension>
            <ns3:hr>155</ns3:hr>
            <ns3:cad>85</ns3:cad>
          </ns3:TrackPointExtension>
        </extensions>
      </trkpt>
      <trkpt lat="31.02113018743693828582763671875" lon="121.4231302030384540557861328125">
        <ele>6.400000095367431640625</ele>
        <time>2026-06-02T12:08:25.000Z</time>
        <extensions>
          <ns3:TrackPointExtension>
            <ns3:hr>155</ns3:hr>
            <ns3:cad>85</ns3:cad>
          </ns3:TrackPointExtension>
        </extensions>
      </trkpt>
      <trkpt lat="31.0211004316806793212890625" lon="121.42313313670456409454345703125">
        <ele>6.400000095367431640625</ele>
        <time>2026-06-02T12:08:26.000Z</time>
        <extensions>
          <ns3:TrackPointExtension>
            <ns3:hr>155</ns3:hr>
            <ns3:cad>85</ns3:cad>
          </ns3:TrackPointExtension>
        </extensions>
      </trkpt>
      <trkpt lat="31.0210848413407802581787109375" lon="121.42314503900706768035888671875">
        <ele>6.599999904632568359375</ele>
        <time>2026-06-02T12:08:27.000Z</time>
        <extensions>
          <ns3:TrackPointExtension>
            <ns3:hr>155</ns3:hr>
            <ns3:cad>85</ns3:cad>
          </ns3:TrackPointExtension>
        </extensions>
      </trkpt>
      <trkpt lat="31.02105776779353618621826171875" lon="121.42316180281341075897216796875">
        <ele>6.599999904632568359375</ele>
        <time>2026-06-02T12:08:28.000Z</time>
        <extensions>
          <ns3:TrackPointExtension>
            <ns3:hr>155</ns3:hr>
            <ns3:cad>85</ns3:cad>
          </ns3:TrackPointExtension>
        </extensions>
      </trkpt>
      <trkpt lat="31.021037064492702484130859375" lon="121.42317253164947032928466796875">
        <ele>6.599999904632568359375</ele>
        <time>2026-06-02T12:08:29.000Z</time>
        <extensions>
          <ns3:TrackPointExtension>
            <ns3:hr>156</ns3:hr>
            <ns3:cad>85</ns3:cad>
          </ns3:TrackPointExtension>
        </extensions>
      </trkpt>
      <trkpt lat="31.0210147686302661895751953125" lon="121.423186697065830230712890625">
        <ele>6.599999904632568359375</ele>
        <time>2026-06-02T12:08:30.000Z</time>
        <extensions>
          <ns3:TrackPointExtension>
            <ns3:hr>156</ns3:hr>
            <ns3:cad>84</ns3:cad>
          </ns3:TrackPointExtension>
        </extensions>
      </trkpt>
      <trkpt lat="31.02098568342626094818115234375" lon="121.42319248057901859283447265625">
        <ele>6.599999904632568359375</ele>
        <time>2026-06-02T12:08:31.000Z</time>
        <extensions>
          <ns3:TrackPointExtension>
            <ns3:hr>156</ns3:hr>
            <ns3:cad>84</ns3:cad>
          </ns3:TrackPointExtension>
        </extensions>
      </trkpt>
      <trkpt lat="31.0209648124873638153076171875" lon="121.42320312559604644775390625">
        <ele>6.599999904632568359375</ele>
        <time>2026-06-02T12:08:32.000Z</time>
        <extensions>
          <ns3:TrackPointExtension>
            <ns3:hr>156</ns3:hr>
            <ns3:cad>85</ns3:cad>
          </ns3:TrackPointExtension>
        </extensions>
      </trkpt>
      <trkpt lat="31.02093421854078769683837890625" lon="121.42321519553661346435546875">
        <ele>6.599999904632568359375</ele>
        <time>2026-06-02T12:08:33.000Z</time>
        <extensions>
          <ns3:TrackPointExtension>
            <ns3:hr>156</ns3:hr>
            <ns3:cad>85</ns3:cad>
          </ns3:TrackPointExtension>
        </extensions>
      </trkpt>
      <trkpt lat="31.02091309614479541778564453125" lon="121.4232257567346096038818359375">
        <ele>6.599999904632568359375</ele>
        <time>2026-06-02T12:08:34.000Z</time>
        <extensions>
          <ns3:TrackPointExtension>
            <ns3:hr>156</ns3:hr>
            <ns3:cad>85</ns3:cad>
          </ns3:TrackPointExtension>
        </extensions>
      </trkpt>
      <trkpt lat="31.020887531340122222900390625" lon="121.42324268817901611328125">
        <ele>6.599999904632568359375</ele>
        <time>2026-06-02T12:08:35.000Z</time>
        <extensions>
          <ns3:TrackPointExtension>
            <ns3:hr>156</ns3:hr>
            <ns3:cad>85</ns3:cad>
          </ns3:TrackPointExtension>
        </extensions>
      </trkpt>
      <trkpt lat="31.02086297236382961273193359375" lon="121.42325232736766338348388671875">
        <ele>6.599999904632568359375</ele>
        <time>2026-06-02T12:08:36.000Z</time>
        <extensions>
          <ns3:TrackPointExtension>
            <ns3:hr>156</ns3:hr>
            <ns3:cad>85</ns3:cad>
          </ns3:TrackPointExtension>
        </extensions>
      </trkpt>
      <trkpt lat="31.02084335871040821075439453125" lon="121.423265151679515838623046875">
        <ele>6.599999904632568359375</ele>
        <time>2026-06-02T12:08:37.000Z</time>
        <extensions>
          <ns3:TrackPointExtension>
            <ns3:hr>156</ns3:hr>
            <ns3:cad>85</ns3:cad>
          </ns3:TrackPointExtension>
        </extensions>
      </trkpt>
      <trkpt lat="31.020814441144466400146484375" lon="121.4232696779072284698486328125">
        <ele>6.599999904632568359375</ele>
        <time>2026-06-02T12:08:38.000Z</time>
        <extensions>
          <ns3:TrackPointExtension>
            <ns3:hr>156</ns3:hr>
            <ns3:cad>85</ns3:cad>
          </ns3:TrackPointExtension>
        </extensions>
      </trkpt>
      <trkpt lat="31.02079331874847412109375" lon="121.42327613197267055511474609375">
        <ele>6.599999904632568359375</ele>
        <time>2026-06-02T12:08:39.000Z</time>
        <extensions>
          <ns3:TrackPointExtension>
            <ns3:hr>156</ns3:hr>
            <ns3:cad>85</ns3:cad>
          </ns3:TrackPointExtension>
        </extensions>
      </trkpt>
      <trkpt lat="31.02076892741024494171142578125" lon="121.423285268247127532958984375">
        <ele>6.599999904632568359375</ele>
        <time>2026-06-02T12:08:40.000Z</time>
        <extensions>
          <ns3:TrackPointExtension>
            <ns3:hr>156</ns3:hr>
            <ns3:cad>85</ns3:cad>
          </ns3:TrackPointExtension>
        </extensions>
      </trkpt>
      <trkpt lat="31.0207478888332843780517578125" lon="121.42329758964478969573974609375">
        <ele>6.599999904632568359375</ele>
        <time>2026-06-02T12:08:41.000Z</time>
        <extensions>
          <ns3:TrackPointExtension>
            <ns3:hr>156</ns3:hr>
            <ns3:cad>85</ns3:cad>
          </ns3:TrackPointExtension>
        </extensions>
      </trkpt>
      <trkpt lat="31.020727939903736114501953125" lon="121.423311419785022735595703125">
        <ele>6.599999904632568359375</ele>
        <time>2026-06-02T12:08:42.000Z</time>
        <extensions>
          <ns3:TrackPointExtension>
            <ns3:hr>156</ns3:hr>
            <ns3:cad>85</ns3:cad>
          </ns3:TrackPointExtension>
        </extensions>
      </trkpt>
      <trkpt lat="31.0207016207277774810791015625" lon="121.423316784203052520751953125">
        <ele>6.599999904632568359375</ele>
        <time>2026-06-02T12:08:43.000Z</time>
        <extensions>
          <ns3:TrackPointExtension>
            <ns3:hr>156</ns3:hr>
            <ns3:cad>84</ns3:cad>
          </ns3:TrackPointExtension>
        </extensions>
      </trkpt>
      <trkpt lat="31.020678989589214324951171875" lon="121.42332650721073150634765625">
        <ele>6.80000019073486328125</ele>
        <time>2026-06-02T12:08:44.000Z</time>
        <extensions>
          <ns3:TrackPointExtension>
            <ns3:hr>156</ns3:hr>
            <ns3:cad>84</ns3:cad>
          </ns3:TrackPointExtension>
        </extensions>
      </trkpt>
      <trkpt lat="31.02064688690006732940673828125" lon="121.4233327098190784454345703125">
        <ele>6.599999904632568359375</ele>
        <time>2026-06-02T12:08:45.000Z</time>
        <extensions>
          <ns3:TrackPointExtension>
            <ns3:hr>156</ns3:hr>
            <ns3:cad>84</ns3:cad>
          </ns3:TrackPointExtension>
        </extensions>
      </trkpt>
      <trkpt lat="31.020626686513423919677734375" lon="121.4233424328267574310302734375">
        <ele>6.599999904632568359375</ele>
        <time>2026-06-02T12:08:46.000Z</time>
        <extensions>
          <ns3:TrackPointExtension>
            <ns3:hr>156</ns3:hr>
            <ns3:cad>85</ns3:cad>
          </ns3:TrackPointExtension>
        </extensions>
      </trkpt>
      <trkpt lat="31.0206023789942264556884765625" lon="121.42336648888885974884033203125">
        <ele>6.80000019073486328125</ele>
        <time>2026-06-02T12:08:47.000Z</time>
        <extensions>
          <ns3:TrackPointExtension>
            <ns3:hr>155</ns3:hr>
            <ns3:cad>85</ns3:cad>
          </ns3:TrackPointExtension>
        </extensions>
      </trkpt>
      <trkpt lat="31.0205819271504878997802734375" lon="121.42338459379971027374267578125">
        <ele>6.80000019073486328125</ele>
        <time>2026-06-02T12:08:48.000Z</time>
        <extensions>
          <ns3:TrackPointExtension>
            <ns3:hr>155</ns3:hr>
            <ns3:cad>85</ns3:cad>
          </ns3:TrackPointExtension>
        </extensions>
      </trkpt>
      <trkpt lat="31.02056524716317653656005859375" lon="121.423401944339275360107421875">
        <ele>6.80000019073486328125</ele>
        <time>2026-06-02T12:08:49.000Z</time>
        <extensions>
          <ns3:TrackPointExtension>
            <ns3:hr>155</ns3:hr>
            <ns3:cad>85</ns3:cad>
          </ns3:TrackPointExtension>
        </extensions>
      </trkpt>
      <trkpt lat="31.02053842507302761077880859375" lon="121.423418708145618438720703125">
        <ele>6.80000019073486328125</ele>
        <time>2026-06-02T12:08:50.000Z</time>
        <extensions>
          <ns3:TrackPointExtension>
            <ns3:hr>155</ns3:hr>
            <ns3:cad>85</ns3:cad>
          </ns3:TrackPointExtension>
        </extensions>
      </trkpt>
      <trkpt lat="31.020522080361843109130859375" lon="121.42343672923743724822998046875">
        <ele>6.80000019073486328125</ele>
        <time>2026-06-02T12:08:51.000Z</time>
        <extensions>
          <ns3:TrackPointExtension>
            <ns3:hr>155</ns3:hr>
            <ns3:cad>85</ns3:cad>
          </ns3:TrackPointExtension>
        </extensions>
      </trkpt>
      <trkpt lat="31.0205031372606754302978515625" lon="121.42345734871923923492431640625">
        <ele>6.80000019073486328125</ele>
        <time>2026-06-02T12:08:52.000Z</time>
        <extensions>
          <ns3:TrackPointExtension>
            <ns3:hr>155</ns3:hr>
            <ns3:cad>85</ns3:cad>
          </ns3:TrackPointExtension>
        </extensions>
      </trkpt>
      <trkpt lat="31.0204870440065860748291015625" lon="121.42347897402942180633544921875">
        <ele>6.80000019073486328125</ele>
        <time>2026-06-02T12:08:53.000Z</time>
        <extensions>
          <ns3:TrackPointExtension>
            <ns3:hr>154</ns3:hr>
            <ns3:cad>85</ns3:cad>
          </ns3:TrackPointExtension>
        </extensions>
      </trkpt>
      <trkpt lat="31.0204743035137653350830078125" lon="121.42350487411022186279296875">
        <ele>6.80000019073486328125</ele>
        <time>2026-06-02T12:08:54.000Z</time>
        <extensions>
          <ns3:TrackPointExtension>
            <ns3:hr>155</ns3:hr>
            <ns3:cad>85</ns3:cad>
          </ns3:TrackPointExtension>
        </extensions>
      </trkpt>
      <trkpt lat="31.02045343257486820220947265625" lon="121.4235283434391021728515625">
        <ele>6.80000019073486328125</ele>
        <time>2026-06-02T12:08:55.000Z</time>
        <extensions>
          <ns3:TrackPointExtension>
            <ns3:hr>155</ns3:hr>
            <ns3:cad>85</ns3:cad>
          </ns3:TrackPointExtension>
        </extensions>
      </trkpt>
      <trkpt lat="31.020444966852664947509765625" lon="121.42354904673993587493896484375">
        <ele>6.80000019073486328125</ele>
        <time>2026-06-02T12:08:56.000Z</time>
        <extensions>
          <ns3:TrackPointExtension>
            <ns3:hr>154</ns3:hr>
            <ns3:cad>85</ns3:cad>
          </ns3:TrackPointExtension>
        </extensions>
      </trkpt>
      <trkpt lat="31.02042912505567073822021484375" lon="121.42358022741973400115966796875">
        <ele>6.80000019073486328125</ele>
        <time>2026-06-02T12:08:57.000Z</time>
        <extensions>
          <ns3:TrackPointExtension>
            <ns3:hr>154</ns3:hr>
            <ns3:cad>85</ns3:cad>
          </ns3:TrackPointExtension>
        </extensions>
      </trkpt>
      <trkpt lat="31.020420491695404052734375" lon="121.4236049540340900421142578125">
        <ele>6.80000019073486328125</ele>
        <time>2026-06-02T12:08:58.000Z</time>
        <extensions>
          <ns3:TrackPointExtension>
            <ns3:hr>154</ns3:hr>
            <ns3:cad>85</ns3:cad>
          </ns3:TrackPointExtension>
        </extensions>
      </trkpt>
      <trkpt lat="31.02041169069707393646240234375" lon="121.42363605089485645294189453125">
        <ele>7</ele>
        <time>2026-06-02T12:08:59.000Z</time>
        <extensions>
          <ns3:TrackPointExtension>
            <ns3:hr>154</ns3:hr>
            <ns3:cad>85</ns3:cad>
          </ns3:TrackPointExtension>
        </extensions>
      </trkpt>
      <trkpt lat="31.02040364407002925872802734375" lon="121.42366471700370311737060546875">
        <ele>7</ele>
        <time>2026-06-02T12:09:00.000Z</time>
        <extensions>
          <ns3:TrackPointExtension>
            <ns3:hr>155</ns3:hr>
            <ns3:cad>85</ns3:cad>
          </ns3:TrackPointExtension>
        </extensions>
      </trkpt>
      <trkpt lat="31.0203995369374752044677734375" lon="121.423694305121898651123046875">
        <ele>6.80000019073486328125</ele>
        <time>2026-06-02T12:09:01.000Z</time>
        <extensions>
          <ns3:TrackPointExtension>
            <ns3:hr>154</ns3:hr>
            <ns3:cad>85</ns3:cad>
          </ns3:TrackPointExtension>
        </extensions>
      </trkpt>
      <trkpt lat="31.0203950107097625732421875" lon="121.42372271977365016937255859375">
        <ele>7</ele>
        <time>2026-06-02T12:09:02.000Z</time>
        <extensions>
          <ns3:TrackPointExtension>
            <ns3:hr>154</ns3:hr>
            <ns3:cad>85</ns3:cad>
          </ns3:TrackPointExtension>
        </extensions>
      </trkpt>
      <trkpt lat="31.02040230296552181243896484375" lon="121.423747278749942779541015625">
        <ele>7</ele>
        <time>2026-06-02T12:09:03.000Z</time>
        <extensions>
          <ns3:TrackPointExtension>
            <ns3:hr>155</ns3:hr>
            <ns3:cad>85</ns3:cad>
          </ns3:TrackPointExtension>
        </extensions>
      </trkpt>
      <trkpt lat="31.02040515281260013580322265625" lon="121.42377485521137714385986328125">
        <ele>7</ele>
        <time>2026-06-02T12:09:04.000Z</time>
        <extensions>
          <ns3:TrackPointExtension>
            <ns3:hr>155</ns3:hr>
            <ns3:cad>85</ns3:cad>
          </ns3:TrackPointExtension>
        </extensions>
      </trkpt>
      <trkpt lat="31.02040632627904415130615234375" lon="121.423803605139255523681640625">
        <ele>7</ele>
        <time>2026-06-02T12:09:05.000Z</time>
        <extensions>
          <ns3:TrackPointExtension>
            <ns3:hr>155</ns3:hr>
            <ns3:cad>85</ns3:cad>
          </ns3:TrackPointExtension>
        </extensions>
      </trkpt>
      <trkpt lat="31.020412445068359375" lon="121.42383134923875331878662109375">
        <ele>7</ele>
        <time>2026-06-02T12:09:06.000Z</time>
        <extensions>
          <ns3:TrackPointExtension>
            <ns3:hr>155</ns3:hr>
            <ns3:cad>84</ns3:cad>
          </ns3:TrackPointExtension>
        </extensions>
      </trkpt>
      <trkpt lat="31.0204136185348033905029296875" lon="121.423868648707866668701171875">
        <ele>7</ele>
        <time>2026-06-02T12:09:07.000Z</time>
        <extensions>
          <ns3:TrackPointExtension>
            <ns3:hr>154</ns3:hr>
            <ns3:cad>84</ns3:cad>
          </ns3:TrackPointExtension>
        </extensions>
      </trkpt>
      <trkpt lat="31.0204203240573406219482421875" lon="121.4238993264734745025634765625">
        <ele>7</ele>
        <time>2026-06-02T12:09:08.000Z</time>
        <extensions>
          <ns3:TrackPointExtension>
            <ns3:hr>155</ns3:hr>
            <ns3:cad>84</ns3:cad>
          </ns3:TrackPointExtension>
        </extensions>
      </trkpt>
      <trkpt lat="31.02043029852211475372314453125" lon="121.423930339515209197998046875">
        <ele>7</ele>
        <time>2026-06-02T12:09:09.000Z</time>
        <extensions>
          <ns3:TrackPointExtension>
            <ns3:hr>154</ns3:hr>
            <ns3:cad>84</ns3:cad>
          </ns3:TrackPointExtension>
        </extensions>
      </trkpt>
      <trkpt lat="31.0204384289681911468505859375" lon="121.42395908944308757781982421875">
        <ele>7</ele>
        <time>2026-06-02T12:09:10.000Z</time>
        <extensions>
          <ns3:TrackPointExtension>
            <ns3:hr>154</ns3:hr>
            <ns3:cad>84</ns3:cad>
          </ns3:TrackPointExtension>
        </extensions>
      </trkpt>
      <trkpt lat="31.0204548574984073638916015625" lon="121.42398457042872905731201171875">
        <ele>7</ele>
        <time>2026-06-02T12:09:11.000Z</time>
        <extensions>
          <ns3:TrackPointExtension>
            <ns3:hr>154</ns3:hr>
            <ns3:cad>84</ns3:cad>
          </ns3:TrackPointExtension>
        </extensions>
      </trkpt>
      <trkpt lat="31.020467765629291534423828125" lon="121.42401725985109806060791015625">
        <ele>7</ele>
        <time>2026-06-02T12:09:12.000Z</time>
        <extensions>
          <ns3:TrackPointExtension>
            <ns3:hr>155</ns3:hr>
            <ns3:cad>84</ns3:cad>
          </ns3:TrackPointExtension>
        </extensions>
      </trkpt>
      <trkpt lat="31.02048176340758800506591796875" lon="121.4240361191332340240478515625">
        <ele>7</ele>
        <time>2026-06-02T12:09:13.000Z</time>
        <extensions>
          <ns3:TrackPointExtension>
            <ns3:hr>155</ns3:hr>
            <ns3:cad>84</ns3:cad>
          </ns3:TrackPointExtension>
        </extensions>
      </trkpt>
      <trkpt lat="31.02050171233713626861572265625" lon="121.4240621030330657958984375">
        <ele>6.80000019073486328125</ele>
        <time>2026-06-02T12:09:14.000Z</time>
        <extensions>
          <ns3:TrackPointExtension>
            <ns3:hr>155</ns3:hr>
            <ns3:cad>84</ns3:cad>
          </ns3:TrackPointExtension>
        </extensions>
      </trkpt>
      <trkpt lat="31.02051906287670135498046875" lon="121.42408129759132862091064453125">
        <ele>7</ele>
        <time>2026-06-02T12:09:15.000Z</time>
        <extensions>
          <ns3:TrackPointExtension>
            <ns3:hr>155</ns3:hr>
            <ns3:cad>84</ns3:cad>
          </ns3:TrackPointExtension>
        </extensions>
      </trkpt>
      <trkpt lat="31.02054177783429622650146484375" lon="121.424105353653430938720703125">
        <ele>7</ele>
        <time>2026-06-02T12:09:16.000Z</time>
        <extensions>
          <ns3:TrackPointExtension>
            <ns3:hr>154</ns3:hr>
            <ns3:cad>84</ns3:cad>
          </ns3:TrackPointExtension>
        </extensions>
      </trkpt>
      <trkpt lat="31.020560301840305328369140625" lon="121.42412689514458179473876953125">
        <ele>7</ele>
        <time>2026-06-02T12:09:17.000Z</time>
        <extensions>
          <ns3:TrackPointExtension>
            <ns3:hr>155</ns3:hr>
            <ns3:cad>85</ns3:cad>
          </ns3:TrackPointExtension>
        </extensions>
      </trkpt>
      <trkpt lat="31.02058603428304195404052734375" lon="121.424143575131893157958984375">
        <ele>7</ele>
        <time>2026-06-02T12:09:18.000Z</time>
        <extensions>
          <ns3:TrackPointExtension>
            <ns3:hr>154</ns3:hr>
            <ns3:cad>85</ns3:cad>
          </ns3:TrackPointExtension>
        </extensions>
      </trkpt>
      <trkpt lat="31.020609922707080841064453125" lon="121.4241652004420757293701171875">
        <ele>7</ele>
        <time>2026-06-02T12:09:19.000Z</time>
        <extensions>
          <ns3:TrackPointExtension>
            <ns3:hr>154</ns3:hr>
            <ns3:cad>85</ns3:cad>
          </ns3:TrackPointExtension>
        </extensions>
      </trkpt>
      <trkpt lat="31.02063364349305629730224609375" lon="121.4241725765168666839599609375">
        <ele>7</ele>
        <time>2026-06-02T12:09:20.000Z</time>
        <extensions>
          <ns3:TrackPointExtension>
            <ns3:hr>154</ns3:hr>
            <ns3:cad>86</ns3:cad>
          </ns3:TrackPointExtension>
        </extensions>
      </trkpt>
      <trkpt lat="31.02066482417285442352294921875" lon="121.4241881668567657470703125">
        <ele>7</ele>
        <time>2026-06-02T12:09:21.000Z</time>
        <extensions>
          <ns3:TrackPointExtension>
            <ns3:hr>155</ns3:hr>
            <ns3:cad>86</ns3:cad>
          </ns3:TrackPointExtension>
        </extensions>
      </trkpt>
      <trkpt lat="31.02068695239722728729248046875" lon="121.42419545911252498626708984375">
        <ele>7</ele>
        <time>2026-06-02T12:09:22.000Z</time>
        <extensions>
          <ns3:TrackPointExtension>
            <ns3:hr>155</ns3:hr>
            <ns3:cad>86</ns3:cad>
          </ns3:TrackPointExtension>
        </extensions>
      </trkpt>
      <trkpt lat="31.0207146964967250823974609375" lon="121.42420216463506221771240234375">
        <ele>7</ele>
        <time>2026-06-02T12:09:23.000Z</time>
        <extensions>
          <ns3:TrackPointExtension>
            <ns3:hr>154</ns3:hr>
            <ns3:cad>86</ns3:cad>
          </ns3:TrackPointExtension>
        </extensions>
      </trkpt>
      <trkpt lat="31.02074210532009601593017578125" lon="121.4242136478424072265625">
        <ele>7</ele>
        <time>2026-06-02T12:09:24.000Z</time>
        <extensions>
          <ns3:TrackPointExtension>
            <ns3:hr>154</ns3:hr>
            <ns3:cad>85</ns3:cad>
          </ns3:TrackPointExtension>
        </extensions>
      </trkpt>
      <trkpt lat="31.02076775394380092620849609375" lon="121.424216665327548980712890625">
        <ele>7</ele>
        <time>2026-06-02T12:09:25.000Z</time>
        <extensions>
          <ns3:TrackPointExtension>
            <ns3:hr>154</ns3:hr>
            <ns3:cad>85</ns3:cad>
          </ns3:TrackPointExtension>
        </extensions>
      </trkpt>
      <trkpt lat="31.0208000242710113525390625" lon="121.424224711954593658447265625">
        <ele>7</ele>
        <time>2026-06-02T12:09:26.000Z</time>
        <extensions>
          <ns3:TrackPointExtension>
            <ns3:hr>154</ns3:hr>
            <ns3:cad>84</ns3:cad>
          </ns3:TrackPointExtension>
        </extensions>
      </trkpt>
      <trkpt lat="31.020824499428272247314453125" lon="121.42421892844140529632568359375">
        <ele>7</ele>
        <time>2026-06-02T12:09:27.000Z</time>
        <extensions>
          <ns3:TrackPointExtension>
            <ns3:hr>154</ns3:hr>
            <ns3:cad>84</ns3:cad>
          </ns3:TrackPointExtension>
        </extensions>
      </trkpt>
      <trkpt lat="31.02085844613611698150634765625" lon="121.4242144860327243804931640625">
        <ele>7</ele>
        <time>2026-06-02T12:09:28.000Z</time>
        <extensions>
          <ns3:TrackPointExtension>
            <ns3:hr>154</ns3:hr>
            <ns3:cad>84</ns3:cad>
          </ns3:TrackPointExtension>
        </extensions>
      </trkpt>
      <trkpt lat="31.02088225074112415313720703125" lon="121.4242171682417392730712890625">
        <ele>7</ele>
        <time>2026-06-02T12:09:29.000Z</time>
        <extensions>
          <ns3:TrackPointExtension>
            <ns3:hr>154</ns3:hr>
            <ns3:cad>85</ns3:cad>
          </ns3:TrackPointExtension>
        </extensions>
      </trkpt>
      <trkpt lat="31.020908989012241363525390625" lon="121.42420828342437744140625">
        <ele>7</ele>
        <time>2026-06-02T12:09:30.000Z</time>
        <extensions>
          <ns3:TrackPointExtension>
            <ns3:hr>155</ns3:hr>
            <ns3:cad>85</ns3:cad>
          </ns3:TrackPointExtension>
        </extensions>
      </trkpt>
      <trkpt lat="31.02093656547367572784423828125" lon="121.4241993986070156097412109375">
        <ele>7</ele>
        <time>2026-06-02T12:09:31.000Z</time>
        <extensions>
          <ns3:TrackPointExtension>
            <ns3:hr>154</ns3:hr>
            <ns3:cad>85</ns3:cad>
          </ns3:TrackPointExtension>
        </extensions>
      </trkpt>
      <trkpt lat="31.02095651440322399139404296875" lon="121.4241863228380680084228515625">
        <ele>7</ele>
        <time>2026-06-02T12:09:32.000Z</time>
        <extensions>
          <ns3:TrackPointExtension>
            <ns3:hr>154</ns3:hr>
            <ns3:cad>85</ns3:cad>
          </ns3:TrackPointExtension>
        </extensions>
      </trkpt>
      <trkpt lat="31.020984090864658355712890625" lon="121.4241732470691204071044921875">
        <ele>7</ele>
        <time>2026-06-02T12:09:33.000Z</time>
        <extensions>
          <ns3:TrackPointExtension>
            <ns3:hr>155</ns3:hr>
            <ns3:cad>85</ns3:cad>
          </ns3:TrackPointExtension>
        </extensions>
      </trkpt>
      <trkpt lat="31.02100881747901439666748046875" lon="121.42416092567145824432373046875">
        <ele>7</ele>
        <time>2026-06-02T12:09:34.000Z</time>
        <extensions>
          <ns3:TrackPointExtension>
            <ns3:hr>154</ns3:hr>
            <ns3:cad>85</ns3:cad>
          </ns3:TrackPointExtension>
        </extensions>
      </trkpt>
      <trkpt lat="31.02103563956916332244873046875" lon="121.424146257340908050537109375">
        <ele>7</ele>
        <time>2026-06-02T12:09:35.000Z</time>
        <extensions>
          <ns3:TrackPointExtension>
            <ns3:hr>154</ns3:hr>
            <ns3:cad>85</ns3:cad>
          </ns3:TrackPointExtension>
        </extensions>
      </trkpt>
      <trkpt lat="31.02106162346899509429931640625" lon="121.42413896508514881134033203125">
        <ele>7</ele>
        <time>2026-06-02T12:09:36.000Z</time>
        <extensions>
          <ns3:TrackPointExtension>
            <ns3:hr>155</ns3:hr>
            <ns3:cad>85</ns3:cad>
          </ns3:TrackPointExtension>
        </extensions>
      </trkpt>
      <trkpt lat="31.0210841707885265350341796875" lon="121.4241279847919940948486328125">
        <ele>7</ele>
        <time>2026-06-02T12:09:37.000Z</time>
        <extensions>
          <ns3:TrackPointExtension>
            <ns3:hr>155</ns3:hr>
            <ns3:cad>85</ns3:cad>
          </ns3:TrackPointExtension>
        </extensions>
      </trkpt>
      <trkpt lat="31.02111208252608776092529296875" lon="121.42411516048014163970947265625">
        <ele>7</ele>
        <time>2026-06-02T12:09:38.000Z</time>
        <extensions>
          <ns3:TrackPointExtension>
            <ns3:hr>155</ns3:hr>
            <ns3:cad>85</ns3:cad>
          </ns3:TrackPointExtension>
        </extensions>
      </trkpt>
      <trkpt lat="31.0211321152746677398681640625" lon="121.42410677857697010040283203125">
        <ele>7</ele>
        <time>2026-06-02T12:09:39.000Z</time>
        <extensions>
          <ns3:TrackPointExtension>
            <ns3:hr>155</ns3:hr>
            <ns3:cad>85</ns3:cad>
          </ns3:TrackPointExtension>
        </extensions>
      </trkpt>
      <trkpt lat="31.02116086520254611968994140625" lon="121.42409361898899078369140625">
        <ele>7.19999980926513671875</ele>
        <time>2026-06-02T12:09:40.000Z</time>
        <extensions>
          <ns3:TrackPointExtension>
            <ns3:hr>154</ns3:hr>
            <ns3:cad>85</ns3:cad>
          </ns3:TrackPointExtension>
        </extensions>
      </trkpt>
      <trkpt lat="31.02118416689336299896240234375" lon="121.42408833838999271392822265625">
        <ele>7</ele>
        <time>2026-06-02T12:09:41.000Z</time>
        <extensions>
          <ns3:TrackPointExtension>
            <ns3:hr>155</ns3:hr>
            <ns3:cad>84</ns3:cad>
          </ns3:TrackPointExtension>
        </extensions>
      </trkpt>
      <trkpt lat="31.0212058760225772857666015625" lon="121.42407492734491825103759765625">
        <ele>7</ele>
        <time>2026-06-02T12:09:42.000Z</time>
        <extensions>
          <ns3:TrackPointExtension>
            <ns3:hr>155</ns3:hr>
            <ns3:cad>85</ns3:cad>
          </ns3:TrackPointExtension>
        </extensions>
      </trkpt>
      <trkpt lat="31.02123387157917022705078125" lon="121.424065791070461273193359375">
        <ele>7</ele>
        <time>2026-06-02T12:09:43.000Z</time>
        <extensions>
          <ns3:TrackPointExtension>
            <ns3:hr>155</ns3:hr>
            <ns3:cad>85</ns3:cad>
          </ns3:TrackPointExtension>
        </extensions>
      </trkpt>
      <trkpt lat="31.02125641889870166778564453125" lon="121.42405179329216480255126953125">
        <ele>7</ele>
        <time>2026-06-02T12:09:44.000Z</time>
        <extensions>
          <ns3:TrackPointExtension>
            <ns3:hr>154</ns3:hr>
            <ns3:cad>85</ns3:cad>
          </ns3:TrackPointExtension>
        </extensions>
      </trkpt>
      <trkpt lat="31.02128751575946807861328125" lon="121.42403586767613887786865234375">
        <ele>7</ele>
        <time>2026-06-02T12:09:45.000Z</time>
        <extensions>
          <ns3:TrackPointExtension>
            <ns3:hr>155</ns3:hr>
            <ns3:cad>86</ns3:cad>
          </ns3:TrackPointExtension>
        </extensions>
      </trkpt>
      <trkpt lat="31.02131056599318981170654296875" lon="121.4240260608494281768798828125">
        <ele>7</ele>
        <time>2026-06-02T12:09:46.000Z</time>
        <extensions>
          <ns3:TrackPointExtension>
            <ns3:hr>155</ns3:hr>
            <ns3:cad>86</ns3:cad>
          </ns3:TrackPointExtension>
        </extensions>
      </trkpt>
      <trkpt lat="31.02133889682590961456298828125" lon="121.42401306889951229095458984375">
        <ele>7</ele>
        <time>2026-06-02T12:09:47.000Z</time>
        <extensions>
          <ns3:TrackPointExtension>
            <ns3:hr>154</ns3:hr>
            <ns3:cad>86</ns3:cad>
          </ns3:TrackPointExtension>
        </extensions>
      </trkpt>
      <trkpt lat="31.0213671438395977020263671875" lon="121.42400317825376987457275390625">
        <ele>7</ele>
        <time>2026-06-02T12:09:48.000Z</time>
        <extensions>
          <ns3:TrackPointExtension>
            <ns3:hr>155</ns3:hr>
            <ns3:cad>86</ns3:cad>
          </ns3:TrackPointExtension>
        </extensions>
      </trkpt>
      <trkpt lat="31.02139371447265148162841796875" lon="121.42398976720869541168212890625">
        <ele>7</ele>
        <time>2026-06-02T12:09:49.000Z</time>
        <extensions>
          <ns3:TrackPointExtension>
            <ns3:hr>155</ns3:hr>
            <ns3:cad>85</ns3:cad>
          </ns3:TrackPointExtension>
        </extensions>
      </trkpt>
      <trkpt lat="31.02142506279051303863525390625" lon="121.4239794574677944183349609375">
        <ele>7</ele>
        <time>2026-06-02T12:09:50.000Z</time>
        <extensions>
          <ns3:TrackPointExtension>
            <ns3:hr>154</ns3:hr>
            <ns3:cad>85</ns3:cad>
          </ns3:TrackPointExtension>
        </extensions>
      </trkpt>
      <trkpt lat="31.02144853211939334869384765625" lon="121.42396898008882999420166015625">
        <ele>7</ele>
        <time>2026-06-02T12:09:51.000Z</time>
        <extensions>
          <ns3:TrackPointExtension>
            <ns3:hr>155</ns3:hr>
            <ns3:cad>85</ns3:cad>
          </ns3:TrackPointExtension>
        </extensions>
      </trkpt>
      <trkpt lat="31.02148088626563549041748046875" lon="121.4239549823105335235595703125">
        <ele>7</ele>
        <time>2026-06-02T12:09:52.000Z</time>
        <extensions>
          <ns3:TrackPointExtension>
            <ns3:hr>155</ns3:hr>
            <ns3:cad>85</ns3:cad>
          </ns3:TrackPointExtension>
        </extensions>
      </trkpt>
      <trkpt lat="31.02150502614676952362060546875" lon="121.4239492826163768768310546875">
        <ele>7</ele>
        <time>2026-06-02T12:09:53.000Z</time>
        <extensions>
          <ns3:TrackPointExtension>
            <ns3:hr>154</ns3:hr>
            <ns3:cad>85</ns3:cad>
          </ns3:TrackPointExtension>
        </extensions>
      </trkpt>
      <trkpt lat="31.02153335697948932647705078125" lon="121.42393159680068492889404296875">
        <ele>7</ele>
        <time>2026-06-02T12:09:54.000Z</time>
        <extensions>
          <ns3:TrackPointExtension>
            <ns3:hr>155</ns3:hr>
            <ns3:cad>85</ns3:cad>
          </ns3:TrackPointExtension>
        </extensions>
      </trkpt>
      <trkpt lat="31.02156051434576511383056640625" lon="121.42392321489751338958740234375">
        <ele>7</ele>
        <time>2026-06-02T12:09:55.000Z</time>
        <extensions>
          <ns3:TrackPointExtension>
            <ns3:hr>155</ns3:hr>
            <ns3:cad>85</ns3:cad>
          </ns3:TrackPointExtension>
        </extensions>
      </trkpt>
      <trkpt lat="31.0215867497026920318603515625" lon="121.42390988767147064208984375">
        <ele>7</ele>
        <time>2026-06-02T12:09:56.000Z</time>
        <extensions>
          <ns3:TrackPointExtension>
            <ns3:hr>155</ns3:hr>
            <ns3:cad>85</ns3:cad>
          </ns3:TrackPointExtension>
        </extensions>
      </trkpt>
      <trkpt lat="31.02161600254476070404052734375" lon="121.42389873974025249481201171875">
        <ele>7</ele>
        <time>2026-06-02T12:09:57.000Z</time>
        <extensions>
          <ns3:TrackPointExtension>
            <ns3:hr>154</ns3:hr>
            <ns3:cad>85</ns3:cad>
          </ns3:TrackPointExtension>
        </extensions>
      </trkpt>
      <trkpt lat="31.0216377116739749908447265625" lon="121.42388616688549518585205078125">
        <ele>7</ele>
        <time>2026-06-02T12:09:58.000Z</time>
        <extensions>
          <ns3:TrackPointExtension>
            <ns3:hr>155</ns3:hr>
            <ns3:cad>85</ns3:cad>
          </ns3:TrackPointExtension>
        </extensions>
      </trkpt>
      <trkpt lat="31.02166713215410709381103515625" lon="121.42386638559401035308837890625">
        <ele>7</ele>
        <time>2026-06-02T12:09:59.000Z</time>
        <extensions>
          <ns3:TrackPointExtension>
            <ns3:hr>155</ns3:hr>
            <ns3:cad>85</ns3:cad>
          </ns3:TrackPointExtension>
        </extensions>
      </trkpt>
      <trkpt lat="31.0216859914362430572509765625" lon="121.4238582551479339599609375">
        <ele>7</ele>
        <time>2026-06-02T12:10:00.000Z</time>
        <extensions>
          <ns3:TrackPointExtension>
            <ns3:hr>154</ns3:hr>
            <ns3:cad>86</ns3:cad>
          </ns3:TrackPointExtension>
        </extensions>
      </trkpt>
      <trkpt lat="31.02170753292739391326904296875" lon="121.4238379709422588348388671875">
        <ele>7</ele>
        <time>2026-06-02T12:10:01.000Z</time>
        <extensions>
          <ns3:TrackPointExtension>
            <ns3:hr>155</ns3:hr>
            <ns3:cad>86</ns3:cad>
          </ns3:TrackPointExtension>
        </extensions>
      </trkpt>
      <trkpt lat="31.02173217572271823883056640625" lon="121.42382095567882061004638671875">
        <ele>7</ele>
        <time>2026-06-02T12:10:02.000Z</time>
        <extensions>
          <ns3:TrackPointExtension>
            <ns3:hr>155</ns3:hr>
            <ns3:cad>86</ns3:cad>
          </ns3:TrackPointExtension>
        </extensions>
      </trkpt>
      <trkpt lat="31.02174961008131504058837890625" lon="121.42380125820636749267578125">
        <ele>7</ele>
        <time>2026-06-02T12:10:03.000Z</time>
        <extensions>
          <ns3:TrackPointExtension>
            <ns3:hr>154</ns3:hr>
            <ns3:cad>86</ns3:cad>
          </ns3:TrackPointExtension>
        </extensions>
      </trkpt>
      <trkpt lat="31.02177509106695652008056640625" lon="121.423778794705867767333984375">
        <ele>7</ele>
        <time>2026-06-02T12:10:04.000Z</time>
        <extensions>
          <ns3:TrackPointExtension>
            <ns3:hr>154</ns3:hr>
            <ns3:cad>86</ns3:cad>
          </ns3:TrackPointExtension>
        </extensions>
      </trkpt>
      <trkpt lat="31.0217922739684581756591796875" lon="121.4237563312053680419921875">
        <ele>7</ele>
        <time>2026-06-02T12:10:05.000Z</time>
        <extensions>
          <ns3:TrackPointExtension>
            <ns3:hr>154</ns3:hr>
            <ns3:cad>85</ns3:cad>
          </ns3:TrackPointExtension>
        </extensions>
      </trkpt>
      <trkpt lat="31.02181213907897472381591796875" lon="121.4237256534397602081298828125">
        <ele>7</ele>
        <time>2026-06-02T12:10:06.000Z</time>
        <extensions>
          <ns3:TrackPointExtension>
            <ns3:hr>153</ns3:hr>
            <ns3:cad>85</ns3:cad>
          </ns3:TrackPointExtension>
        </extensions>
      </trkpt>
      <trkpt lat="31.02182202972471714019775390625" lon="121.42370738089084625244140625">
        <ele>7</ele>
        <time>2026-06-02T12:10:07.000Z</time>
        <extensions>
          <ns3:TrackPointExtension>
            <ns3:hr>153</ns3:hr>
            <ns3:cad>85</ns3:cad>
          </ns3:TrackPointExtension>
        </extensions>
      </trkpt>
      <trkpt lat="31.021838374435901641845703125" lon="121.42367494292557239532470703125">
        <ele>7</ele>
        <time>2026-06-02T12:10:08.000Z</time>
        <extensions>
          <ns3:TrackPointExtension>
            <ns3:hr>153</ns3:hr>
            <ns3:cad>86</ns3:cad>
          </ns3:TrackPointExtension>
        </extensions>
      </trkpt>
      <trkpt lat="31.02184969000518321990966796875" lon="121.42364845611155033111572265625">
        <ele>7.19999980926513671875</ele>
        <time>2026-06-02T12:10:09.000Z</time>
        <extensions>
          <ns3:TrackPointExtension>
            <ns3:hr>153</ns3:hr>
            <ns3:cad>86</ns3:cad>
          </ns3:TrackPointExtension>
        </extensions>
      </trkpt>
      <trkpt lat="31.0218603350222110748291015625" lon="121.42361761070787906646728515625">
        <ele>7.19999980926513671875</ele>
        <time>2026-06-02T12:10:10.000Z</time>
        <extensions>
          <ns3:TrackPointExtension>
            <ns3:hr>152</ns3:hr>
            <ns3:cad>86</ns3:cad>
          </ns3:TrackPointExtension>
        </extensions>
      </trkpt>
      <trkpt lat="31.02186779491603374481201171875" lon="121.42358559183776378631591796875">
        <ele>7.19999980926513671875</ele>
        <time>2026-06-02T12:10:11.000Z</time>
        <extensions>
          <ns3:TrackPointExtension>
            <ns3:hr>153</ns3:hr>
            <ns3:cad>87</ns3:cad>
          </ns3:TrackPointExtension>
        </extensions>
      </trkpt>
      <trkpt lat="31.02187282405793666839599609375" lon="121.42355491407215595245361328125">
        <ele>7.19999980926513671875</ele>
        <time>2026-06-02T12:10:12.000Z</time>
        <extensions>
          <ns3:TrackPointExtension>
            <ns3:hr>153</ns3:hr>
            <ns3:cad>86</ns3:cad>
          </ns3:TrackPointExtension>
        </extensions>
      </trkpt>
      <trkpt lat="31.021884642541408538818359375" lon="121.423524320125579833984375">
        <ele>7.19999980926513671875</ele>
        <time>2026-06-02T12:10:13.000Z</time>
        <extensions>
          <ns3:TrackPointExtension>
            <ns3:hr>153</ns3:hr>
            <ns3:cad>88</ns3:cad>
          </ns3:TrackPointExtension>
        </extensions>
      </trkpt>
      <trkpt lat="31.021886654198169708251953125" lon="121.42349875532090663909912109375">
        <ele>7.19999980926513671875</ele>
        <time>2026-06-02T12:10:14.000Z</time>
        <extensions>
          <ns3:TrackPointExtension>
            <ns3:hr>153</ns3:hr>
            <ns3:cad>88</ns3:cad>
          </ns3:TrackPointExtension>
        </extensions>
      </trkpt>
      <trkpt lat="31.02189159952104091644287109375" lon="121.423465646803379058837890625">
        <ele>7.19999980926513671875</ele>
        <time>2026-06-02T12:10:15.000Z</time>
        <extensions>
          <ns3:TrackPointExtension>
            <ns3:hr>152</ns3:hr>
            <ns3:cad>88</ns3:cad>
          </ns3:TrackPointExtension>
        </extensions>
      </trkpt>
      <trkpt lat="31.02189176715910434722900390625" lon="121.42344125546514987945556640625">
        <ele>7.19999980926513671875</ele>
        <time>2026-06-02T12:10:16.000Z</time>
        <extensions>
          <ns3:TrackPointExtension>
            <ns3:hr>153</ns3:hr>
            <ns3:cad>87</ns3:cad>
          </ns3:TrackPointExtension>
        </extensions>
      </trkpt>
      <trkpt lat="31.02188640274107456207275390625" lon="121.42340839840471744537353515625">
        <ele>7.19999980926513671875</ele>
        <time>2026-06-02T12:10:17.000Z</time>
        <extensions>
          <ns3:TrackPointExtension>
            <ns3:hr>153</ns3:hr>
            <ns3:cad>86</ns3:cad>
          </ns3:TrackPointExtension>
        </extensions>
      </trkpt>
      <trkpt lat="31.0218831337988376617431640625" lon="121.42337855882942676544189453125">
        <ele>7.19999980926513671875</ele>
        <time>2026-06-02T12:10:18.000Z</time>
        <extensions>
          <ns3:TrackPointExtension>
            <ns3:hr>153</ns3:hr>
            <ns3:cad>86</ns3:cad>
          </ns3:TrackPointExtension>
        </extensions>
      </trkpt>
      <trkpt lat="31.02187450043857097625732421875" lon="121.42335441894829273223876953125">
        <ele>7.19999980926513671875</ele>
        <time>2026-06-02T12:10:19.000Z</time>
        <extensions>
          <ns3:TrackPointExtension>
            <ns3:hr>153</ns3:hr>
            <ns3:cad>86</ns3:cad>
          </ns3:TrackPointExtension>
        </extensions>
      </trkpt>
      <trkpt lat="31.0218693874776363372802734375" lon="121.42332340590655803680419921875">
        <ele>7.19999980926513671875</ele>
        <time>2026-06-02T12:10:20.000Z</time>
        <extensions>
          <ns3:TrackPointExtension>
            <ns3:hr>153</ns3:hr>
            <ns3:cad>85</ns3:cad>
          </ns3:TrackPointExtension>
        </extensions>
      </trkpt>
      <trkpt lat="31.0218603350222110748291015625" lon="121.42330043949186801910400390625">
        <ele>7.19999980926513671875</ele>
        <time>2026-06-02T12:10:21.000Z</time>
        <extensions>
          <ns3:TrackPointExtension>
            <ns3:hr>153</ns3:hr>
            <ns3:cad>85</ns3:cad>
          </ns3:TrackPointExtension>
        </extensions>
      </trkpt>
      <trkpt lat="31.02184717543423175811767578125" lon="121.42326691187918186187744140625">
        <ele>7.19999980926513671875</ele>
        <time>2026-06-02T12:10:22.000Z</time>
        <extensions>
          <ns3:TrackPointExtension>
            <ns3:hr>153</ns3:hr>
            <ns3:cad>85</ns3:cad>
          </ns3:TrackPointExtension>
        </extensions>
      </trkpt>
      <trkpt lat="31.0218353569507598876953125" lon="121.42324361018836498260498046875">
        <ele>7.19999980926513671875</ele>
        <time>2026-06-02T12:10:23.000Z</time>
        <extensions>
          <ns3:TrackPointExtension>
            <ns3:hr>152</ns3:hr>
            <ns3:cad>84</ns3:cad>
          </ns3:TrackPointExtension>
        </extensions>
      </trkpt>
      <trkpt lat="31.0218197666108608245849609375" lon="121.4232172071933746337890625">
        <ele>7.19999980926513671875</ele>
        <time>2026-06-02T12:10:24.000Z</time>
        <extensions>
          <ns3:TrackPointExtension>
            <ns3:hr>153</ns3:hr>
            <ns3:cad>85</ns3:cad>
          </ns3:TrackPointExtension>
        </extensions>
      </trkpt>
      <trkpt lat="31.02180526591837406158447265625" lon="121.42318627797067165374755859375">
        <ele>7.19999980926513671875</ele>
        <time>2026-06-02T12:10:25.000Z</time>
        <extensions>
          <ns3:TrackPointExtension>
            <ns3:hr>153</ns3:hr>
            <ns3:cad>85</ns3:cad>
          </ns3:TrackPointExtension>
        </extensions>
      </trkpt>
      <trkpt lat="31.02178749628365039825439453125" lon="121.42316465266048908233642578125">
        <ele>7.19999980926513671875</ele>
        <time>2026-06-02T12:10:26.000Z</time>
        <extensions>
          <ns3:TrackPointExtension>
            <ns3:hr>152</ns3:hr>
            <ns3:cad>85</ns3:cad>
          </ns3:TrackPointExtension>
        </extensions>
      </trkpt>
      <trkpt lat="31.021766960620880126953125" lon="121.42313095740973949432373046875">
        <ele>7</ele>
        <time>2026-06-02T12:10:27.000Z</time>
        <extensions>
          <ns3:TrackPointExtension>
            <ns3:hr>152</ns3:hr>
            <ns3:cad>85</ns3:cad>
          </ns3:TrackPointExtension>
        </extensions>
      </trkpt>
      <trkpt lat="31.0217456705868244171142578125" lon="121.42311318777501583099365234375">
        <ele>7</ele>
        <time>2026-06-02T12:10:28.000Z</time>
        <extensions>
          <ns3:TrackPointExtension>
            <ns3:hr>152</ns3:hr>
            <ns3:cad>85</ns3:cad>
          </ns3:TrackPointExtension>
        </extensions>
      </trkpt>
      <trkpt lat="31.021719686686992645263671875" lon="121.423092819750308990478515625">
        <ele>7</ele>
        <time>2026-06-02T12:10:29.000Z</time>
        <extensions>
          <ns3:TrackPointExtension>
            <ns3:hr>152</ns3:hr>
            <ns3:cad>85</ns3:cad>
          </ns3:TrackPointExtension>
        </extensions>
      </trkpt>
      <trkpt lat="31.0216937027871608734130859375" lon="121.42307144589722156524658203125">
        <ele>7</ele>
        <time>2026-06-02T12:10:30.000Z</time>
        <extensions>
          <ns3:TrackPointExtension>
            <ns3:hr>152</ns3:hr>
            <ns3:cad>85</ns3:cad>
          </ns3:TrackPointExtension>
        </extensions>
      </trkpt>
      <trkpt lat="31.02166780270636081695556640625" lon="121.42305786721408367156982421875">
        <ele>6.80000019073486328125</ele>
        <time>2026-06-02T12:10:31.000Z</time>
        <extensions>
          <ns3:TrackPointExtension>
            <ns3:hr>152</ns3:hr>
            <ns3:cad>85</ns3:cad>
          </ns3:TrackPointExtension>
        </extensions>
      </trkpt>
      <trkpt lat="31.0216393880546092987060546875" lon="121.42303406260907649993896484375">
        <ele>6.80000019073486328125</ele>
        <time>2026-06-02T12:10:32.000Z</time>
        <extensions>
          <ns3:TrackPointExtension>
            <ns3:hr>152</ns3:hr>
            <ns3:cad>85</ns3:cad>
          </ns3:TrackPointExtension>
        </extensions>
      </trkpt>
      <trkpt lat="31.0216142423450946807861328125" lon="121.4230252616107463836669921875">
        <ele>6.80000019073486328125</ele>
        <time>2026-06-02T12:10:33.000Z</time>
        <extensions>
          <ns3:TrackPointExtension>
            <ns3:hr>152</ns3:hr>
            <ns3:cad>85</ns3:cad>
          </ns3:TrackPointExtension>
        </extensions>
      </trkpt>
      <trkpt lat="31.02158364839851856231689453125" lon="121.42300791107118129730224609375">
        <ele>6.80000019073486328125</ele>
        <time>2026-06-02T12:10:34.000Z</time>
        <extensions>
          <ns3:TrackPointExtension>
            <ns3:hr>153</ns3:hr>
            <ns3:cad>85</ns3:cad>
          </ns3:TrackPointExtension>
        </extensions>
      </trkpt>
      <trkpt lat="31.021562106907367706298828125" lon="121.4229937456548213958740234375">
        <ele>6.80000019073486328125</ele>
        <time>2026-06-02T12:10:35.000Z</time>
        <extensions>
          <ns3:TrackPointExtension>
            <ns3:hr>153</ns3:hr>
            <ns3:cad>85</ns3:cad>
          </ns3:TrackPointExtension>
        </extensions>
      </trkpt>
      <trkpt lat="31.02153486572206020355224609375" lon="121.42298963852226734161376953125">
        <ele>6.80000019073486328125</ele>
        <time>2026-06-02T12:10:36.000Z</time>
        <extensions>
          <ns3:TrackPointExtension>
            <ns3:hr>153</ns3:hr>
            <ns3:cad>85</ns3:cad>
          </ns3:TrackPointExtension>
        </extensions>
      </trkpt>
      <trkpt lat="31.02150955237448215484619140625" lon="121.422984860837459564208984375">
        <ele>6.80000019073486328125</ele>
        <time>2026-06-02T12:10:37.000Z</time>
        <extensions>
          <ns3:TrackPointExtension>
            <ns3:hr>153</ns3:hr>
            <ns3:cad>85</ns3:cad>
          </ns3:TrackPointExtension>
        </extensions>
      </trkpt>
      <trkpt lat="31.0214839875698089599609375" lon="121.42299114726483821868896484375">
        <ele>6.80000019073486328125</ele>
        <time>2026-06-02T12:10:38.000Z</time>
        <extensions>
          <ns3:TrackPointExtension>
            <ns3:hr>153</ns3:hr>
            <ns3:cad>85</ns3:cad>
          </ns3:TrackPointExtension>
        </extensions>
      </trkpt>
      <trkpt lat="31.0214549861848354339599609375" lon="121.42299483530223369598388671875">
        <ele>6.80000019073486328125</ele>
        <time>2026-06-02T12:10:39.000Z</time>
        <extensions>
          <ns3:TrackPointExtension>
            <ns3:hr>153</ns3:hr>
            <ns3:cad>85</ns3:cad>
          </ns3:TrackPointExtension>
        </extensions>
      </trkpt>
      <trkpt lat="31.02143277414143085479736328125" lon="121.42300321720540523529052734375">
        <ele>6.80000019073486328125</ele>
        <time>2026-06-02T12:10:40.000Z</time>
        <extensions>
          <ns3:TrackPointExtension>
            <ns3:hr>153</ns3:hr>
            <ns3:cad>84</ns3:cad>
          </ns3:TrackPointExtension>
        </extensions>
      </trkpt>
      <trkpt lat="31.02140343748033046722412109375" lon="121.423026435077190399169921875">
        <ele>6.80000019073486328125</ele>
        <time>2026-06-02T12:10:41.000Z</time>
        <extensions>
          <ns3:TrackPointExtension>
            <ns3:hr>153</ns3:hr>
            <ns3:cad>84</ns3:cad>
          </ns3:TrackPointExtension>
        </extensions>
      </trkpt>
      <trkpt lat="31.0213793814182281494140625" lon="121.42304160632193088531494140625">
        <ele>6.80000019073486328125</ele>
        <time>2026-06-02T12:10:42.000Z</time>
        <extensions>
          <ns3:TrackPointExtension>
            <ns3:hr>153</ns3:hr>
            <ns3:cad>84</ns3:cad>
          </ns3:TrackPointExtension>
        </extensions>
      </trkpt>
      <trkpt lat="31.021355576813220977783203125" lon="121.42306172288954257965087890625">
        <ele>6.80000019073486328125</ele>
        <time>2026-06-02T12:10:43.000Z</time>
        <extensions>
          <ns3:TrackPointExtension>
            <ns3:hr>153</ns3:hr>
            <ns3:cad>84</ns3:cad>
          </ns3:TrackPointExtension>
        </extensions>
      </trkpt>
      <trkpt lat="31.02132481522858142852783203125" lon="121.42307027243077754974365234375">
        <ele>6.80000019073486328125</ele>
        <time>2026-06-02T12:10:44.000Z</time>
        <extensions>
          <ns3:TrackPointExtension>
            <ns3:hr>153</ns3:hr>
            <ns3:cad>85</ns3:cad>
          </ns3:TrackPointExtension>
        </extensions>
      </trkpt>
      <trkpt lat="31.02130360901355743408203125" lon="121.42308401875197887420654296875">
        <ele>6.80000019073486328125</ele>
        <time>2026-06-02T12:10:45.000Z</time>
        <extensions>
          <ns3:TrackPointExtension>
            <ns3:hr>153</ns3:hr>
            <ns3:cad>85</ns3:cad>
          </ns3:TrackPointExtension>
        </extensions>
      </trkpt>
      <trkpt lat="31.02127385325729846954345703125" lon="121.4230913110077381134033203125">
        <ele>6.80000019073486328125</ele>
        <time>2026-06-02T12:10:46.000Z</time>
        <extensions>
          <ns3:TrackPointExtension>
            <ns3:hr>153</ns3:hr>
            <ns3:cad>85</ns3:cad>
          </ns3:TrackPointExtension>
        </extensions>
      </trkpt>
      <trkpt lat="31.0212538205087184906005859375" lon="121.4231010340154170989990234375">
        <ele>6.80000019073486328125</ele>
        <time>2026-06-02T12:10:47.000Z</time>
        <extensions>
          <ns3:TrackPointExtension>
            <ns3:hr>153</ns3:hr>
            <ns3:cad>86</ns3:cad>
          </ns3:TrackPointExtension>
        </extensions>
      </trkpt>
      <trkpt lat="31.02122716605663299560546875" lon="121.4231218211352825164794921875">
        <ele>6.80000019073486328125</ele>
        <time>2026-06-02T12:10:48.000Z</time>
        <extensions>
          <ns3:TrackPointExtension>
            <ns3:hr>153</ns3:hr>
            <ns3:cad>85</ns3:cad>
          </ns3:TrackPointExtension>
        </extensions>
      </trkpt>
      <trkpt lat="31.02120294235646724700927734375" lon="121.42313565127551555633544921875">
        <ele>6.80000019073486328125</ele>
        <time>2026-06-02T12:10:49.000Z</time>
        <extensions>
          <ns3:TrackPointExtension>
            <ns3:hr>153</ns3:hr>
            <ns3:cad>85</ns3:cad>
          </ns3:TrackPointExtension>
        </extensions>
      </trkpt>
      <trkpt lat="31.021179892122745513916015625" lon="121.423149146139621734619140625">
        <ele>6.80000019073486328125</ele>
        <time>2026-06-02T12:10:50.000Z</time>
        <extensions>
          <ns3:TrackPointExtension>
            <ns3:hr>153</ns3:hr>
            <ns3:cad>85</ns3:cad>
          </ns3:TrackPointExtension>
        </extensions>
      </trkpt>
      <trkpt lat="31.0211518965661525726318359375" lon="121.42315576784312725067138671875">
        <ele>6.80000019073486328125</ele>
        <time>2026-06-02T12:10:51.000Z</time>
        <extensions>
          <ns3:TrackPointExtension>
            <ns3:hr>153</ns3:hr>
            <ns3:cad>86</ns3:cad>
          </ns3:TrackPointExtension>
        </extensions>
      </trkpt>
      <trkpt lat="31.0211294330656528472900390625" lon="121.42316465266048908233642578125">
        <ele>7</ele>
        <time>2026-06-02T12:10:52.000Z</time>
        <extensions>
          <ns3:TrackPointExtension>
            <ns3:hr>153</ns3:hr>
            <ns3:cad>86</ns3:cad>
          </ns3:TrackPointExtension>
        </extensions>
      </trkpt>
      <trkpt lat="31.0210985876619815826416015625" lon="121.42316767014563083648681640625">
        <ele>7</ele>
        <time>2026-06-02T12:10:53.000Z</time>
        <extensions>
          <ns3:TrackPointExtension>
            <ns3:hr>153</ns3:hr>
            <ns3:cad>86</ns3:cad>
          </ns3:TrackPointExtension>
        </extensions>
      </trkpt>
      <trkpt lat="31.021076627075672149658203125" lon="121.423180662095546722412109375">
        <ele>7</ele>
        <time>2026-06-02T12:10:54.000Z</time>
        <extensions>
          <ns3:TrackPointExtension>
            <ns3:hr>153</ns3:hr>
            <ns3:cad>86</ns3:cad>
          </ns3:TrackPointExtension>
        </extensions>
      </trkpt>
      <trkpt lat="31.02104787714779376983642578125" lon="121.42319642007350921630859375">
        <ele>7</ele>
        <time>2026-06-02T12:10:55.000Z</time>
        <extensions>
          <ns3:TrackPointExtension>
            <ns3:hr>154</ns3:hr>
            <ns3:cad>86</ns3:cad>
          </ns3:TrackPointExtension>
        </extensions>
      </trkpt>
      <trkpt lat="31.02102524600923061370849609375" lon="121.42320840619504451751708984375">
        <ele>7</ele>
        <time>2026-06-02T12:10:56.000Z</time>
        <extensions>
          <ns3:TrackPointExtension>
            <ns3:hr>154</ns3:hr>
            <ns3:cad>86</ns3:cad>
          </ns3:TrackPointExtension>
        </extensions>
      </trkpt>
      <trkpt lat="31.02100412361323833465576171875" lon="121.4232237450778484344482421875">
        <ele>7</ele>
        <time>2026-06-02T12:10:57.000Z</time>
        <extensions>
          <ns3:TrackPointExtension>
            <ns3:hr>154</ns3:hr>
            <ns3:cad>85</ns3:cad>
          </ns3:TrackPointExtension>
        </extensions>
      </trkpt>
      <trkpt lat="31.0209802351891994476318359375" lon="121.4232311211526393890380859375">
        <ele>7</ele>
        <time>2026-06-02T12:10:58.000Z</time>
        <extensions>
          <ns3:TrackPointExtension>
            <ns3:hr>154</ns3:hr>
            <ns3:cad>85</ns3:cad>
          </ns3:TrackPointExtension>
        </extensions>
      </trkpt>
      <trkpt lat="31.0209621302783489227294921875" lon="121.4232421852648258209228515625">
        <ele>7</ele>
        <time>2026-06-02T12:10:59.000Z</time>
        <extensions>
          <ns3:TrackPointExtension>
            <ns3:hr>155</ns3:hr>
            <ns3:cad>86</ns3:cad>
          </ns3:TrackPointExtension>
        </extensions>
      </trkpt>
      <trkpt lat="31.020935811102390289306640625" lon="121.42324461601674556732177734375">
        <ele>7</ele>
        <time>2026-06-02T12:11:00.000Z</time>
        <extensions>
          <ns3:TrackPointExtension>
            <ns3:hr>155</ns3:hr>
            <ns3:cad>86</ns3:cad>
          </ns3:TrackPointExtension>
        </extensions>
      </trkpt>
      <trkpt lat="31.02091644890606403350830078125" lon="121.4232545904815196990966796875">
        <ele>7</ele>
        <time>2026-06-02T12:11:01.000Z</time>
        <extensions>
          <ns3:TrackPointExtension>
            <ns3:hr>155</ns3:hr>
            <ns3:cad>86</ns3:cad>
          </ns3:TrackPointExtension>
        </extensions>
      </trkpt>
      <trkpt lat="31.02088828571140766143798828125" lon="121.42326070927083492279052734375">
        <ele>7</ele>
        <time>2026-06-02T12:11:02.000Z</time>
        <extensions>
          <ns3:TrackPointExtension>
            <ns3:hr>155</ns3:hr>
            <ns3:cad>86</ns3:cad>
          </ns3:TrackPointExtension>
        </extensions>
      </trkpt>
      <trkpt lat="31.0208697617053985595703125" lon="121.42327160574495792388916015625">
        <ele>7</ele>
        <time>2026-06-02T12:11:03.000Z</time>
        <extensions>
          <ns3:TrackPointExtension>
            <ns3:hr>155</ns3:hr>
            <ns3:cad>87</ns3:cad>
          </ns3:TrackPointExtension>
        </extensions>
      </trkpt>
      <trkpt lat="31.02084151469171047210693359375" lon="121.4232871122658252716064453125">
        <ele>7</ele>
        <time>2026-06-02T12:11:04.000Z</time>
        <extensions>
          <ns3:TrackPointExtension>
            <ns3:hr>155</ns3:hr>
            <ns3:cad>87</ns3:cad>
          </ns3:TrackPointExtension>
        </extensions>
      </trkpt>
      <trkpt lat="31.02082072757184505462646484375" lon="121.423296667635440826416015625">
        <ele>7</ele>
        <time>2026-06-02T12:11:05.000Z</time>
        <extensions>
          <ns3:TrackPointExtension>
            <ns3:hr>155</ns3:hr>
            <ns3:cad>87</ns3:cad>
          </ns3:TrackPointExtension>
        </extensions>
      </trkpt>
      <trkpt lat="31.02079868316650390625" lon="121.4233095757663249969482421875">
        <ele>7</ele>
        <time>2026-06-02T12:11:06.000Z</time>
        <extensions>
          <ns3:TrackPointExtension>
            <ns3:hr>155</ns3:hr>
            <ns3:cad>87</ns3:cad>
          </ns3:TrackPointExtension>
        </extensions>
      </trkpt>
      <trkpt lat="31.020770855247974395751953125" lon="121.42331435345113277435302734375">
        <ele>7</ele>
        <time>2026-06-02T12:11:07.000Z</time>
        <extensions>
          <ns3:TrackPointExtension>
            <ns3:hr>155</ns3:hr>
            <ns3:cad>87</ns3:cad>
          </ns3:TrackPointExtension>
        </extensions>
      </trkpt>
      <trkpt lat="31.02074914611876010894775390625" lon="121.4233276806771755218505859375">
        <ele>7.19999980926513671875</ele>
        <time>2026-06-02T12:11:08.000Z</time>
        <extensions>
          <ns3:TrackPointExtension>
            <ns3:hr>155</ns3:hr>
            <ns3:cad>87</ns3:cad>
          </ns3:TrackPointExtension>
        </extensions>
      </trkpt>
      <trkpt lat="31.0207173787057399749755859375" lon="121.42333455383777618408203125">
        <ele>7.19999980926513671875</ele>
        <time>2026-06-02T12:11:09.000Z</time>
        <extensions>
          <ns3:TrackPointExtension>
            <ns3:hr>154</ns3:hr>
            <ns3:cad>86</ns3:cad>
          </ns3:TrackPointExtension>
        </extensions>
      </trkpt>
      <trkpt lat="31.02069382555782794952392578125" lon="121.42334268428385257720947265625">
        <ele>7.19999980926513671875</ele>
        <time>2026-06-02T12:11:10.000Z</time>
        <extensions>
          <ns3:TrackPointExtension>
            <ns3:hr>155</ns3:hr>
            <ns3:cad>86</ns3:cad>
          </ns3:TrackPointExtension>
        </extensions>
      </trkpt>
      <trkpt lat="31.0206690989434719085693359375" lon="121.4233565144240856170654296875">
        <ele>7.19999980926513671875</ele>
        <time>2026-06-02T12:11:11.000Z</time>
        <extensions>
          <ns3:TrackPointExtension>
            <ns3:hr>154</ns3:hr>
            <ns3:cad>85</ns3:cad>
          </ns3:TrackPointExtension>
        </extensions>
      </trkpt>
      <trkpt lat="31.020640097558498382568359375" lon="121.42336414195597171783447265625">
        <ele>7.19999980926513671875</ele>
        <time>2026-06-02T12:11:12.000Z</time>
        <extensions>
          <ns3:TrackPointExtension>
            <ns3:hr>154</ns3:hr>
            <ns3:cad>85</ns3:cad>
          </ns3:TrackPointExtension>
        </extensions>
      </trkpt>
      <trkpt lat="31.02062090300023555755615234375" lon="121.42338057048618793487548828125">
        <ele>7.19999980926513671875</ele>
        <time>2026-06-02T12:11:13.000Z</time>
        <extensions>
          <ns3:TrackPointExtension>
            <ns3:hr>154</ns3:hr>
            <ns3:cad>85</ns3:cad>
          </ns3:TrackPointExtension>
        </extensions>
      </trkpt>
      <trkpt lat="31.02059206925332546234130859375" lon="121.42339490354061126708984375">
        <ele>7.19999980926513671875</ele>
        <time>2026-06-02T12:11:14.000Z</time>
        <extensions>
          <ns3:TrackPointExtension>
            <ns3:hr>155</ns3:hr>
            <ns3:cad>85</ns3:cad>
          </ns3:TrackPointExtension>
        </extensions>
      </trkpt>
      <trkpt lat="31.02057413198053836822509765625" lon="121.42341141588985919952392578125">
        <ele>7.19999980926513671875</ele>
        <time>2026-06-02T12:11:15.000Z</time>
        <extensions>
          <ns3:TrackPointExtension>
            <ns3:hr>154</ns3:hr>
            <ns3:cad>85</ns3:cad>
          </ns3:TrackPointExtension>
        </extensions>
      </trkpt>
      <trkpt lat="31.02055083028972148895263671875" lon="121.42343941144645214080810546875">
        <ele>7.19999980926513671875</ele>
        <time>2026-06-02T12:11:16.000Z</time>
        <extensions>
          <ns3:TrackPointExtension>
            <ns3:hr>154</ns3:hr>
            <ns3:cad>85</ns3:cad>
          </ns3:TrackPointExtension>
        </extensions>
      </trkpt>
      <trkpt lat="31.02053339593112468719482421875" lon="121.423457600176334381103515625">
        <ele>7.19999980926513671875</ele>
        <time>2026-06-02T12:11:17.000Z</time>
        <extensions>
          <ns3:TrackPointExtension>
            <ns3:hr>154</ns3:hr>
            <ns3:cad>85</ns3:cad>
          </ns3:TrackPointExtension>
        </extensions>
      </trkpt>
      <trkpt lat="31.0205155424773693084716796875" lon="121.42348350025713443756103515625">
        <ele>7</ele>
        <time>2026-06-02T12:11:18.000Z</time>
        <extensions>
          <ns3:TrackPointExtension>
            <ns3:hr>155</ns3:hr>
            <ns3:cad>85</ns3:cad>
          </ns3:TrackPointExtension>
        </extensions>
      </trkpt>
      <trkpt lat="31.02049634791910648345947265625" lon="121.42350596375763416290283203125">
        <ele>7</ele>
        <time>2026-06-02T12:11:19.000Z</time>
        <extensions>
          <ns3:TrackPointExtension>
            <ns3:hr>154</ns3:hr>
            <ns3:cad>85</ns3:cad>
          </ns3:TrackPointExtension>
        </extensions>
      </trkpt>
      <trkpt lat="31.02048285305500030517578125" lon="121.42352792434394359588623046875">
        <ele>7</ele>
        <time>2026-06-02T12:11:20.000Z</time>
        <extensions>
          <ns3:TrackPointExtension>
            <ns3:hr>154</ns3:hr>
            <ns3:cad>85</ns3:cad>
          </ns3:TrackPointExtension>
        </extensions>
      </trkpt>
      <trkpt lat="31.0204622335731983184814453125" lon="121.42355726100504398345947265625">
        <ele>7</ele>
        <time>2026-06-02T12:11:21.000Z</time>
        <extensions>
          <ns3:TrackPointExtension>
            <ns3:hr>154</ns3:hr>
            <ns3:cad>85</ns3:cad>
          </ns3:TrackPointExtension>
        </extensions>
      </trkpt>
      <trkpt lat="31.02045494131743907928466796875" lon="121.42358131706714630126953125">
        <ele>7</ele>
        <time>2026-06-02T12:11:22.000Z</time>
        <extensions>
          <ns3:TrackPointExtension>
            <ns3:hr>155</ns3:hr>
            <ns3:cad>85</ns3:cad>
          </ns3:TrackPointExtension>
        </extensions>
      </trkpt>
      <trkpt lat="31.02044236846268177032470703125" lon="121.4236193709075450897216796875">
        <ele>7.19999980926513671875</ele>
        <time>2026-06-02T12:11:23.000Z</time>
        <extensions>
          <ns3:TrackPointExtension>
            <ns3:hr>154</ns3:hr>
            <ns3:cad>86</ns3:cad>
          </ns3:TrackPointExtension>
        </extensions>
      </trkpt>
      <trkpt lat="31.020436920225620269775390625" lon="121.423647701740264892578125">
        <ele>7.19999980926513671875</ele>
        <time>2026-06-02T12:11:24.000Z</time>
        <extensions>
          <ns3:TrackPointExtension>
            <ns3:hr>154</ns3:hr>
            <ns3:cad>86</ns3:cad>
          </ns3:TrackPointExtension>
        </extensions>
      </trkpt>
      <trkpt lat="31.0204320587217807769775390625" lon="121.42367594875395298004150390625">
        <ele>7.19999980926513671875</ele>
        <time>2026-06-02T12:11:25.000Z</time>
        <extensions>
          <ns3:TrackPointExtension>
            <ns3:hr>155</ns3:hr>
            <ns3:cad>86</ns3:cad>
          </ns3:TrackPointExtension>
        </extensions>
      </trkpt>
      <trkpt lat="31.0204209946095943450927734375" lon="121.423712074756622314453125">
        <ele>7.19999980926513671875</ele>
        <time>2026-06-02T12:11:26.000Z</time>
        <extensions>
          <ns3:TrackPointExtension>
            <ns3:hr>154</ns3:hr>
            <ns3:cad>85</ns3:cad>
          </ns3:TrackPointExtension>
        </extensions>
      </trkpt>
      <trkpt lat="31.0204218327999114990234375" lon="121.42373646609485149383544921875">
        <ele>7.19999980926513671875</ele>
        <time>2026-06-02T12:11:27.000Z</time>
        <extensions>
          <ns3:TrackPointExtension>
            <ns3:hr>155</ns3:hr>
            <ns3:cad>85</ns3:cad>
          </ns3:TrackPointExtension>
        </extensions>
      </trkpt>
      <trkpt lat="31.02041521109640598297119140625" lon="121.42377384938299655914306640625">
        <ele>7.19999980926513671875</ele>
        <time>2026-06-02T12:11:28.000Z</time>
        <extensions>
          <ns3:TrackPointExtension>
            <ns3:hr>155</ns3:hr>
            <ns3:cad>85</ns3:cad>
          </ns3:TrackPointExtension>
        </extensions>
      </trkpt>
      <trkpt lat="31.02041990496218204498291015625" lon="121.42380285076797008514404296875">
        <ele>7.19999980926513671875</ele>
        <time>2026-06-02T12:11:29.000Z</time>
        <extensions>
          <ns3:TrackPointExtension>
            <ns3:hr>155</ns3:hr>
            <ns3:cad>84</ns3:cad>
          </ns3:TrackPointExtension>
        </extensions>
      </trkpt>
      <trkpt lat="31.02042292244732379913330078125" lon="121.42383419908583164215087890625">
        <ele>7.19999980926513671875</ele>
        <time>2026-06-02T12:11:30.000Z</time>
        <extensions>
          <ns3:TrackPointExtension>
            <ns3:hr>154</ns3:hr>
            <ns3:cad>84</ns3:cad>
          </ns3:TrackPointExtension>
        </extensions>
      </trkpt>
      <trkpt lat="31.0204263590276241302490234375" lon="121.42386504448950290679931640625">
        <ele>7.400000095367431640625</ele>
        <time>2026-06-02T12:11:31.000Z</time>
        <extensions>
          <ns3:TrackPointExtension>
            <ns3:hr>154</ns3:hr>
            <ns3:cad>84</ns3:cad>
          </ns3:TrackPointExtension>
        </extensions>
      </trkpt>
      <trkpt lat="31.02043725550174713134765625" lon="121.4238919503986835479736328125">
        <ele>7.400000095367431640625</ele>
        <time>2026-06-02T12:11:32.000Z</time>
        <extensions>
          <ns3:TrackPointExtension>
            <ns3:hr>154</ns3:hr>
            <ns3:cad>84</ns3:cad>
          </ns3:TrackPointExtension>
        </extensions>
      </trkpt>
      <trkpt lat="31.02044622413814067840576171875" lon="121.423927657306194305419921875">
        <ele>7.400000095367431640625</ele>
        <time>2026-06-02T12:11:33.000Z</time>
        <extensions>
          <ns3:TrackPointExtension>
            <ns3:hr>154</ns3:hr>
            <ns3:cad>85</ns3:cad>
          </ns3:TrackPointExtension>
        </extensions>
      </trkpt>
      <trkpt lat="31.02045477367937564849853515625" lon="121.4239512942731380462646484375">
        <ele>7.400000095367431640625</ele>
        <time>2026-06-02T12:11:34.000Z</time>
        <extensions>
          <ns3:TrackPointExtension>
            <ns3:hr>155</ns3:hr>
            <ns3:cad>85</ns3:cad>
          </ns3:TrackPointExtension>
        </extensions>
      </trkpt>
      <trkpt lat="31.02046801708638668060302734375" lon="121.42398004420101642608642578125">
        <ele>7.19999980926513671875</ele>
        <time>2026-06-02T12:11:35.000Z</time>
        <extensions>
          <ns3:TrackPointExtension>
            <ns3:hr>154</ns3:hr>
            <ns3:cad>85</ns3:cad>
          </ns3:TrackPointExtension>
        </extensions>
      </trkpt>
      <trkpt lat="31.02048176340758800506591796875" lon="121.4240079559385776519775390625">
        <ele>7.19999980926513671875</ele>
        <time>2026-06-02T12:11:36.000Z</time>
        <extensions>
          <ns3:TrackPointExtension>
            <ns3:hr>154</ns3:hr>
            <ns3:cad>85</ns3:cad>
          </ns3:TrackPointExtension>
        </extensions>
      </trkpt>
      <trkpt lat="31.02050028741359710693359375" lon="121.42402949742972850799560546875">
        <ele>7.19999980926513671875</ele>
        <time>2026-06-02T12:11:37.000Z</time>
        <extensions>
          <ns3:TrackPointExtension>
            <ns3:hr>155</ns3:hr>
            <ns3:cad>85</ns3:cad>
          </ns3:TrackPointExtension>
        </extensions>
      </trkpt>
      <trkpt lat="31.0205165483057498931884765625" lon="121.42405883409082889556884765625">
        <ele>7.19999980926513671875</ele>
        <time>2026-06-02T12:11:38.000Z</time>
        <extensions>
          <ns3:TrackPointExtension>
            <ns3:hr>154</ns3:hr>
            <ns3:cad>85</ns3:cad>
          </ns3:TrackPointExtension>
        </extensions>
      </trkpt>
      <trkpt lat="31.02053607814013957977294921875" lon="121.4240755140781402587890625">
        <ele>7.19999980926513671875</ele>
        <time>2026-06-02T12:11:39.000Z</time>
        <extensions>
          <ns3:TrackPointExtension>
            <ns3:hr>154</ns3:hr>
            <ns3:cad>85</ns3:cad>
          </ns3:TrackPointExtension>
        </extensions>
      </trkpt>
      <trkpt lat="31.02055837400257587432861328125" lon="121.42410174943506717681884765625">
        <ele>7.19999980926513671875</ele>
        <time>2026-06-02T12:11:40.000Z</time>
        <extensions>
          <ns3:TrackPointExtension>
            <ns3:hr>155</ns3:hr>
            <ns3:cad>85</ns3:cad>
          </ns3:TrackPointExtension>
        </extensions>
      </trkpt>
      <trkpt lat="31.0205733776092529296875" lon="121.4241206087172031402587890625">
        <ele>7.19999980926513671875</ele>
        <time>2026-06-02T12:11:41.000Z</time>
        <extensions>
          <ns3:TrackPointExtension>
            <ns3:hr>155</ns3:hr>
            <ns3:cad>85</ns3:cad>
          </ns3:TrackPointExtension>
        </extensions>
      </trkpt>
      <trkpt lat="31.0205961763858795166015625" lon="121.42413376830518245697021484375">
        <ele>7.400000095367431640625</ele>
        <time>2026-06-02T12:11:42.000Z</time>
        <extensions>
          <ns3:TrackPointExtension>
            <ns3:hr>155</ns3:hr>
            <ns3:cad>85</ns3:cad>
          </ns3:TrackPointExtension>
        </extensions>
      </trkpt>
      <trkpt lat="31.02061872370541095733642578125" lon="121.42415262758731842041015625">
        <ele>7.400000095367431640625</ele>
        <time>2026-06-02T12:11:43.000Z</time>
        <extensions>
          <ns3:TrackPointExtension>
            <ns3:hr>155</ns3:hr>
            <ns3:cad>85</ns3:cad>
          </ns3:TrackPointExtension>
        </extensions>
      </trkpt>
      <trkpt lat="31.02063951082527637481689453125" lon="121.424163691699504852294921875">
        <ele>7.400000095367431640625</ele>
        <time>2026-06-02T12:11:44.000Z</time>
        <extensions>
          <ns3:TrackPointExtension>
            <ns3:hr>155</ns3:hr>
            <ns3:cad>85</ns3:cad>
          </ns3:TrackPointExtension>
        </extensions>
      </trkpt>
      <trkpt lat="31.02066792547702789306640625" lon="121.42417953349649906158447265625">
        <ele>7.400000095367431640625</ele>
        <time>2026-06-02T12:11:45.000Z</time>
        <extensions>
          <ns3:TrackPointExtension>
            <ns3:hr>156</ns3:hr>
            <ns3:cad>85</ns3:cad>
          </ns3:TrackPointExtension>
        </extensions>
      </trkpt>
      <trkpt lat="31.02069013752043247222900390625" lon="121.4241910167038440704345703125">
        <ele>7.400000095367431640625</ele>
        <time>2026-06-02T12:11:46.000Z</time>
        <extensions>
          <ns3:TrackPointExtension>
            <ns3:hr>156</ns3:hr>
            <ns3:cad>83</ns3:cad>
          </ns3:TrackPointExtension>
        </extensions>
      </trkpt>
      <trkpt lat="31.02071561850607395172119140625" lon="121.42419579438865184783935546875">
        <ele>7.400000095367431640625</ele>
        <time>2026-06-02T12:11:47.000Z</time>
        <extensions>
          <ns3:TrackPointExtension>
            <ns3:hr>156</ns3:hr>
            <ns3:cad>83</ns3:cad>
          </ns3:TrackPointExtension>
        </extensions>
      </trkpt>
      <trkpt lat="31.0207425244152545928955078125" lon="121.4242071099579334259033203125">
        <ele>7.400000095367431640625</ele>
        <time>2026-06-02T12:11:48.000Z</time>
        <extensions>
          <ns3:TrackPointExtension>
            <ns3:hr>155</ns3:hr>
            <ns3:cad>83</ns3:cad>
          </ns3:TrackPointExtension>
        </extensions>
      </trkpt>
      <trkpt lat="31.0207659937441349029541015625" lon="121.42420493066310882568359375">
        <ele>7.400000095367431640625</ele>
        <time>2026-06-02T12:11:49.000Z</time>
        <extensions>
          <ns3:TrackPointExtension>
            <ns3:hr>156</ns3:hr>
            <ns3:cad>83</ns3:cad>
          </ns3:TrackPointExtension>
        </extensions>
      </trkpt>
      <trkpt lat="31.02079692296683788299560546875" lon="121.4242118038237094879150390625">
        <ele>7.19999980926513671875</ele>
        <time>2026-06-02T12:11:50.000Z</time>
        <extensions>
          <ns3:TrackPointExtension>
            <ns3:hr>156</ns3:hr>
            <ns3:cad>85</ns3:cad>
          </ns3:TrackPointExtension>
        </extensions>
      </trkpt>
      <trkpt lat="31.02082190103828907012939453125" lon="121.42420635558664798736572265625">
        <ele>7.19999980926513671875</ele>
        <time>2026-06-02T12:11:51.000Z</time>
        <extensions>
          <ns3:TrackPointExtension>
            <ns3:hr>156</ns3:hr>
            <ns3:cad>85</ns3:cad>
          </ns3:TrackPointExtension>
        </extensions>
      </trkpt>
      <trkpt lat="31.020854003727436065673828125" lon="121.4242020808160305023193359375">
        <ele>7.400000095367431640625</ele>
        <time>2026-06-02T12:11:52.000Z</time>
        <extensions>
          <ns3:TrackPointExtension>
            <ns3:hr>155</ns3:hr>
            <ns3:cad>85</ns3:cad>
          </ns3:TrackPointExtension>
        </extensions>
      </trkpt>
      <trkpt lat="31.0208776406943798065185546875" lon="121.42419948242604732513427734375">
        <ele>7.400000095367431640625</ele>
        <time>2026-06-02T12:11:53.000Z</time>
        <extensions>
          <ns3:TrackPointExtension>
            <ns3:hr>156</ns3:hr>
            <ns3:cad>86</ns3:cad>
          </ns3:TrackPointExtension>
        </extensions>
      </trkpt>
      <trkpt lat="31.02090261876583099365234375" lon="121.42418615520000457763671875">
        <ele>7.400000095367431640625</ele>
        <time>2026-06-02T12:11:54.000Z</time>
        <extensions>
          <ns3:TrackPointExtension>
            <ns3:hr>156</ns3:hr>
            <ns3:cad>86</ns3:cad>
          </ns3:TrackPointExtension>
        </extensions>
      </trkpt>
      <trkpt lat="31.02092952467501163482666015625" lon="121.4241779409348964691162109375">
        <ele>7.400000095367431640625</ele>
        <time>2026-06-02T12:11:55.000Z</time>
        <extensions>
          <ns3:TrackPointExtension>
            <ns3:hr>156</ns3:hr>
            <ns3:cad>86</ns3:cad>
          </ns3:TrackPointExtension>
        </extensions>
      </trkpt>
      <trkpt lat="31.020952574908733367919921875" lon="121.4241675473749637603759765625">
        <ele>7.400000095367431640625</ele>
        <time>2026-06-02T12:11:56.000Z</time>
        <extensions>
          <ns3:TrackPointExtension>
            <ns3:hr>156</ns3:hr>
            <ns3:cad>86</ns3:cad>
          </ns3:TrackPointExtension>
        </extensions>
      </trkpt>
      <trkpt lat="31.02098450995981693267822265625" lon="121.4241561479866504669189453125">
        <ele>7.400000095367431640625</ele>
        <time>2026-06-02T12:11:57.000Z</time>
        <extensions>
          <ns3:TrackPointExtension>
            <ns3:hr>156</ns3:hr>
            <ns3:cad>86</ns3:cad>
          </ns3:TrackPointExtension>
        </extensions>
      </trkpt>
      <trkpt lat="31.02100663818418979644775390625" lon="121.4241501130163669586181640625">
        <ele>7.400000095367431640625</ele>
        <time>2026-06-02T12:11:58.000Z</time>
        <extensions>
          <ns3:TrackPointExtension>
            <ns3:hr>156</ns3:hr>
            <ns3:cad>84</ns3:cad>
          </ns3:TrackPointExtension>
        </extensions>
      </trkpt>
      <trkpt lat="31.021034717559814453125" lon="121.42413519322872161865234375">
        <ele>7.400000095367431640625</ele>
        <time>2026-06-02T12:11:59.000Z</time>
        <extensions>
          <ns3:TrackPointExtension>
            <ns3:hr>156</ns3:hr>
            <ns3:cad>84</ns3:cad>
          </ns3:TrackPointExtension>
        </extensions>
      </trkpt>
      <trkpt lat="31.0210603661835193634033203125" lon="121.42412756569683551788330078125">
        <ele>7.400000095367431640625</ele>
        <time>2026-06-02T12:12:00.000Z</time>
        <extensions>
          <ns3:TrackPointExtension>
            <ns3:hr>156</ns3:hr>
            <ns3:cad>84</ns3:cad>
          </ns3:TrackPointExtension>
        </extensions>
      </trkpt>
      <trkpt lat="31.02108257822692394256591796875" lon="121.424112729728221893310546875">
        <ele>7.400000095367431640625</ele>
        <time>2026-06-02T12:12:01.000Z</time>
        <extensions>
          <ns3:TrackPointExtension>
            <ns3:hr>156</ns3:hr>
            <ns3:cad>85</ns3:cad>
          </ns3:TrackPointExtension>
        </extensions>
      </trkpt>
      <trkpt lat="31.0211089812219142913818359375" lon="121.4241001568734645843505859375">
        <ele>7.400000095367431640625</ele>
        <time>2026-06-02T12:12:02.000Z</time>
        <extensions>
          <ns3:TrackPointExtension>
            <ns3:hr>156</ns3:hr>
            <ns3:cad>85</ns3:cad>
          </ns3:TrackPointExtension>
        </extensions>
      </trkpt>
      <trkpt lat="31.021129600703716278076171875" lon="121.42409051768481731414794921875">
        <ele>7.400000095367431640625</ele>
        <time>2026-06-02T12:12:03.000Z</time>
        <extensions>
          <ns3:TrackPointExtension>
            <ns3:hr>156</ns3:hr>
            <ns3:cad>85</ns3:cad>
          </ns3:TrackPointExtension>
        </extensions>
      </trkpt>
      <trkpt lat="31.021157093346118927001953125" lon="121.424078531563282012939453125">
        <ele>7.400000095367431640625</ele>
        <time>2026-06-02T12:12:04.000Z</time>
        <extensions>
          <ns3:TrackPointExtension>
            <ns3:hr>156</ns3:hr>
            <ns3:cad>85</ns3:cad>
          </ns3:TrackPointExtension>
        </extensions>
      </trkpt>
      <trkpt lat="31.02117796428501605987548828125" lon="121.42407509498298168182373046875">
        <ele>7.400000095367431640625</ele>
        <time>2026-06-02T12:12:05.000Z</time>
        <extensions>
          <ns3:TrackPointExtension>
            <ns3:hr>156</ns3:hr>
            <ns3:cad>84</ns3:cad>
          </ns3:TrackPointExtension>
        </extensions>
      </trkpt>
      <trkpt lat="31.021200008690357208251953125" lon="121.424062438309192657470703125">
        <ele>7.400000095367431640625</ele>
        <time>2026-06-02T12:12:06.000Z</time>
        <extensions>
          <ns3:TrackPointExtension>
            <ns3:hr>156</ns3:hr>
            <ns3:cad>84</ns3:cad>
          </ns3:TrackPointExtension>
        </extensions>
      </trkpt>
      <trkpt lat="31.0212253220379352569580078125" lon="121.42405296675860881805419921875">
        <ele>7.400000095367431640625</ele>
        <time>2026-06-02T12:12:07.000Z</time>
        <extensions>
          <ns3:TrackPointExtension>
            <ns3:hr>156</ns3:hr>
            <ns3:cad>84</ns3:cad>
          </ns3:TrackPointExtension>
        </extensions>
      </trkpt>
      <trkpt lat="31.021246276795864105224609375" lon="121.4240384660661220550537109375">
        <ele>7.400000095367431640625</ele>
        <time>2026-06-02T12:12:08.000Z</time>
        <extensions>
          <ns3:TrackPointExtension>
            <ns3:hr>156</ns3:hr>
            <ns3:cad>84</ns3:cad>
          </ns3:TrackPointExtension>
        </extensions>
      </trkpt>
      <trkpt lat="31.0212756134569644927978515625" lon="121.424028910696506500244140625">
        <ele>7.400000095367431640625</ele>
        <time>2026-06-02T12:12:09.000Z</time>
        <extensions>
          <ns3:TrackPointExtension>
            <ns3:hr>156</ns3:hr>
            <ns3:cad>85</ns3:cad>
          </ns3:TrackPointExtension>
        </extensions>
      </trkpt>
      <trkpt lat="31.02129514329135417938232421875" lon="121.4240203611552715301513671875">
        <ele>7.400000095367431640625</ele>
        <time>2026-06-02T12:12:10.000Z</time>
        <extensions>
          <ns3:TrackPointExtension>
            <ns3:hr>156</ns3:hr>
            <ns3:cad>85</ns3:cad>
          </ns3:TrackPointExtension>
        </extensions>
      </trkpt>
      <trkpt lat="31.021325401961803436279296875" lon="121.42400451935827732086181640625">
        <ele>7.400000095367431640625</ele>
        <time>2026-06-02T12:12:11.000Z</time>
        <extensions>
          <ns3:TrackPointExtension>
            <ns3:hr>156</ns3:hr>
            <ns3:cad>85</ns3:cad>
          </ns3:TrackPointExtension>
        </extensions>
      </trkpt>
      <trkpt lat="31.02134677581489086151123046875" lon="121.4239978976547718048095703125">
        <ele>7.599999904632568359375</ele>
        <time>2026-06-02T12:12:12.000Z</time>
        <extensions>
          <ns3:TrackPointExtension>
            <ns3:hr>156</ns3:hr>
            <ns3:cad>85</ns3:cad>
          </ns3:TrackPointExtension>
        </extensions>
      </trkpt>
      <trkpt lat="31.02136706002056598663330078125" lon="121.42398356460034847259521484375">
        <ele>7.599999904632568359375</ele>
        <time>2026-06-02T12:12:13.000Z</time>
        <extensions>
          <ns3:TrackPointExtension>
            <ns3:hr>156</ns3:hr>
            <ns3:cad>86</ns3:cad>
          </ns3:TrackPointExtension>
        </extensions>
      </trkpt>
      <trkpt lat="31.02139078080654144287109375" lon="121.42397786490619182586669921875">
        <ele>7.599999904632568359375</ele>
        <time>2026-06-02T12:12:14.000Z</time>
        <extensions>
          <ns3:TrackPointExtension>
            <ns3:hr>156</ns3:hr>
            <ns3:cad>86</ns3:cad>
          </ns3:TrackPointExtension>
        </extensions>
      </trkpt>
      <trkpt lat="31.0214114002883434295654296875" lon="121.423966549336910247802734375">
        <ele>7.599999904632568359375</ele>
        <time>2026-06-02T12:12:15.000Z</time>
        <extensions>
          <ns3:TrackPointExtension>
            <ns3:hr>155</ns3:hr>
            <ns3:cad>86</ns3:cad>
          </ns3:TrackPointExtension>
        </extensions>
      </trkpt>
      <trkpt lat="31.02143998257815837860107421875" lon="121.42395892180502414703369140625">
        <ele>7.400000095367431640625</ele>
        <time>2026-06-02T12:12:16.000Z</time>
        <extensions>
          <ns3:TrackPointExtension>
            <ns3:hr>155</ns3:hr>
            <ns3:cad>86</ns3:cad>
          </ns3:TrackPointExtension>
        </extensions>
      </trkpt>
      <trkpt lat="31.02146177552640438079833984375" lon="121.42394634895026683807373046875">
        <ele>7.400000095367431640625</ele>
        <time>2026-06-02T12:12:17.000Z</time>
        <extensions>
          <ns3:TrackPointExtension>
            <ns3:hr>155</ns3:hr>
            <ns3:cad>86</ns3:cad>
          </ns3:TrackPointExtension>
        </extensions>
      </trkpt>
      <trkpt lat="31.0214885137975215911865234375" lon="121.423933021724224090576171875">
        <ele>7.400000095367431640625</ele>
        <time>2026-06-02T12:12:18.000Z</time>
        <extensions>
          <ns3:TrackPointExtension>
            <ns3:hr>155</ns3:hr>
            <ns3:cad>86</ns3:cad>
          </ns3:TrackPointExtension>
        </extensions>
      </trkpt>
      <trkpt lat="31.02151022292673587799072265625" lon="121.4239253103733062744140625">
        <ele>7.400000095367431640625</ele>
        <time>2026-06-02T12:12:19.000Z</time>
        <extensions>
          <ns3:TrackPointExtension>
            <ns3:hr>154</ns3:hr>
            <ns3:cad>86</ns3:cad>
          </ns3:TrackPointExtension>
        </extensions>
      </trkpt>
      <trkpt lat="31.0215357877314090728759765625" lon="121.423914916813373565673828125">
        <ele>7.400000095367431640625</ele>
        <time>2026-06-02T12:12:20.000Z</time>
        <extensions>
          <ns3:TrackPointExtension>
            <ns3:hr>154</ns3:hr>
            <ns3:cad>86</ns3:cad>
          </ns3:TrackPointExtension>
        </extensions>
      </trkpt>
      <trkpt lat="31.02156353183090686798095703125" lon="121.42390787601470947265625">
        <ele>7.400000095367431640625</ele>
        <time>2026-06-02T12:12:21.000Z</time>
        <extensions>
          <ns3:TrackPointExtension>
            <ns3:hr>154</ns3:hr>
            <ns3:cad>85</ns3:cad>
          </ns3:TrackPointExtension>
        </extensions>
      </trkpt>
      <trkpt lat="31.0215854085981845855712890625" lon="121.423895470798015594482421875">
        <ele>7.400000095367431640625</ele>
        <time>2026-06-02T12:12:22.000Z</time>
        <extensions>
          <ns3:TrackPointExtension>
            <ns3:hr>155</ns3:hr>
            <ns3:cad>85</ns3:cad>
          </ns3:TrackPointExtension>
        </extensions>
      </trkpt>
      <trkpt lat="31.02161834947764873504638671875" lon="121.423882059752941131591796875">
        <ele>7.400000095367431640625</ele>
        <time>2026-06-02T12:12:23.000Z</time>
        <extensions>
          <ns3:TrackPointExtension>
            <ns3:hr>154</ns3:hr>
            <ns3:cad>85</ns3:cad>
          </ns3:TrackPointExtension>
        </extensions>
      </trkpt>
      <trkpt lat="31.021638549864292144775390625" lon="121.42387367784976959228515625">
        <ele>7.400000095367431640625</ele>
        <time>2026-06-02T12:12:24.000Z</time>
        <extensions>
          <ns3:TrackPointExtension>
            <ns3:hr>154</ns3:hr>
            <ns3:cad>85</ns3:cad>
          </ns3:TrackPointExtension>
        </extensions>
      </trkpt>
      <trkpt lat="31.0216732509434223175048828125" lon="121.42385532148182392120361328125">
        <ele>7.400000095367431640625</ele>
        <time>2026-06-02T12:12:25.000Z</time>
        <extensions>
          <ns3:TrackPointExtension>
            <ns3:hr>154</ns3:hr>
            <ns3:cad>85</ns3:cad>
          </ns3:TrackPointExtension>
        </extensions>
      </trkpt>
      <trkpt lat="31.021697558462619781494140625" lon="121.4238423295319080352783203125">
        <ele>7.400000095367431640625</ele>
        <time>2026-06-02T12:12:26.000Z</time>
        <extensions>
          <ns3:TrackPointExtension>
            <ns3:hr>155</ns3:hr>
            <ns3:cad>85</ns3:cad>
          </ns3:TrackPointExtension>
        </extensions>
      </trkpt>
      <trkpt lat="31.0217222012579441070556640625" lon="121.423820368945598602294921875">
        <ele>7.400000095367431640625</ele>
        <time>2026-06-02T12:12:27.000Z</time>
        <extensions>
          <ns3:TrackPointExtension>
            <ns3:hr>154</ns3:hr>
            <ns3:cad>85</ns3:cad>
          </ns3:TrackPointExtension>
        </extensions>
      </trkpt>
      <trkpt lat="31.02174441330134868621826171875" lon="121.4238027669489383697509765625">
        <ele>7.599999904632568359375</ele>
        <time>2026-06-02T12:12:28.000Z</time>
        <extensions>
          <ns3:TrackPointExtension>
            <ns3:hr>154</ns3:hr>
            <ns3:cad>86</ns3:cad>
          </ns3:TrackPointExtension>
        </extensions>
      </trkpt>
      <trkpt lat="31.02176369167864322662353515625" lon="121.42377770505845546722412109375">
        <ele>7.599999904632568359375</ele>
        <time>2026-06-02T12:12:29.000Z</time>
        <extensions>
          <ns3:TrackPointExtension>
            <ns3:hr>154</ns3:hr>
            <ns3:cad>86</ns3:cad>
          </ns3:TrackPointExtension>
        </extensions>
      </trkpt>
      <trkpt lat="31.02178364060819149017333984375" lon="121.42375390045344829559326171875">
        <ele>7.599999904632568359375</ele>
        <time>2026-06-02T12:12:30.000Z</time>
        <extensions>
          <ns3:TrackPointExtension>
            <ns3:hr>154</ns3:hr>
            <ns3:cad>86</ns3:cad>
          </ns3:TrackPointExtension>
        </extensions>
      </trkpt>
      <trkpt lat="31.02179638110101222991943359375" lon="121.4237313531339168548583984375">
        <ele>7.599999904632568359375</ele>
        <time>2026-06-02T12:12:31.000Z</time>
        <extensions>
          <ns3:TrackPointExtension>
            <ns3:hr>154</ns3:hr>
            <ns3:cad>87</ns3:cad>
          </ns3:TrackPointExtension>
        </extensions>
      </trkpt>
      <trkpt lat="31.02181783877313137054443359375" lon="121.42370360903441905975341796875">
        <ele>7.599999904632568359375</ele>
        <time>2026-06-02T12:12:32.000Z</time>
        <extensions>
          <ns3:TrackPointExtension>
            <ns3:hr>154</ns3:hr>
            <ns3:cad>87</ns3:cad>
          </ns3:TrackPointExtension>
        </extensions>
      </trkpt>
      <trkpt lat="31.0218254663050174713134765625" lon="121.42368181608617305755615234375">
        <ele>7.599999904632568359375</ele>
        <time>2026-06-02T12:12:33.000Z</time>
        <extensions>
          <ns3:TrackPointExtension>
            <ns3:hr>155</ns3:hr>
            <ns3:cad>89</ns3:cad>
          </ns3:TrackPointExtension>
        </extensions>
      </trkpt>
      <trkpt lat="31.02184147574007511138916015625" lon="121.423650048673152923583984375">
        <ele>7.599999904632568359375</ele>
        <time>2026-06-02T12:12:34.000Z</time>
        <extensions>
          <ns3:TrackPointExtension>
            <ns3:hr>154</ns3:hr>
            <ns3:cad>89</ns3:cad>
          </ns3:TrackPointExtension>
        </extensions>
      </trkpt>
      <trkpt lat="31.02184684015810489654541015625" lon="121.423625238239765167236328125">
        <ele>7.599999904632568359375</ele>
        <time>2026-06-02T12:12:35.000Z</time>
        <extensions>
          <ns3:TrackPointExtension>
            <ns3:hr>154</ns3:hr>
            <ns3:cad>89</ns3:cad>
          </ns3:TrackPointExtension>
        </extensions>
      </trkpt>
      <trkpt lat="31.02185354568064212799072265625" lon="121.4235900342464447021484375">
        <ele>7.599999904632568359375</ele>
        <time>2026-06-02T12:12:36.000Z</time>
        <extensions>
          <ns3:TrackPointExtension>
            <ns3:hr>155</ns3:hr>
            <ns3:cad>88</ns3:cad>
          </ns3:TrackPointExtension>
        </extensions>
      </trkpt>
      <trkpt lat="31.0218599997460842132568359375" lon="121.4235591888427734375">
        <ele>7.599999904632568359375</ele>
        <time>2026-06-02T12:12:37.000Z</time>
        <extensions>
          <ns3:TrackPointExtension>
            <ns3:hr>154</ns3:hr>
            <ns3:cad>86</ns3:cad>
          </ns3:TrackPointExtension>
        </extensions>
      </trkpt>
      <trkpt lat="31.0218603350222110748291015625" lon="121.4235291816294193267822265625">
        <ele>7.599999904632568359375</ele>
        <time>2026-06-02T12:12:38.000Z</time>
        <extensions>
          <ns3:TrackPointExtension>
            <ns3:hr>155</ns3:hr>
            <ns3:cad>86</ns3:cad>
          </ns3:TrackPointExtension>
        </extensions>
      </trkpt>
      <trkpt lat="31.021868884563446044921875" lon="121.4234949834644794464111328125">
        <ele>7.599999904632568359375</ele>
        <time>2026-06-02T12:12:39.000Z</time>
        <extensions>
          <ns3:TrackPointExtension>
            <ns3:hr>155</ns3:hr>
            <ns3:cad>86</ns3:cad>
          </ns3:TrackPointExtension>
        </extensions>
      </trkpt>
      <trkpt lat="31.02186544798314571380615234375" lon="121.42346640117466449737548828125">
        <ele>7.80000019073486328125</ele>
        <time>2026-06-02T12:12:40.000Z</time>
        <extensions>
          <ns3:TrackPointExtension>
            <ns3:hr>155</ns3:hr>
            <ns3:cad>86</ns3:cad>
          </ns3:TrackPointExtension>
        </extensions>
      </trkpt>
      <trkpt lat="31.021870560944080352783203125" lon="121.42342633567750453948974609375">
        <ele>7.80000019073486328125</ele>
        <time>2026-06-02T12:12:41.000Z</time>
        <extensions>
          <ns3:TrackPointExtension>
            <ns3:hr>154</ns3:hr>
            <ns3:cad>86</ns3:cad>
          </ns3:TrackPointExtension>
        </extensions>
      </trkpt>
      <trkpt lat="31.02186343632638454437255859375" lon="121.423399262130260467529296875">
        <ele>7.80000019073486328125</ele>
        <time>2026-06-02T12:12:42.000Z</time>
        <extensions>
          <ns3:TrackPointExtension>
            <ns3:hr>154</ns3:hr>
            <ns3:cad>86</ns3:cad>
          </ns3:TrackPointExtension>
        </extensions>
      </trkpt>
      <trkpt lat="31.0218556411564350128173828125" lon="121.42335928045213222503662109375">
        <ele>7.599999904632568359375</ele>
        <time>2026-06-02T12:12:43.000Z</time>
        <extensions>
          <ns3:TrackPointExtension>
            <ns3:hr>154</ns3:hr>
            <ns3:cad>86</ns3:cad>
          </ns3:TrackPointExtension>
        </extensions>
      </trkpt>
      <trkpt lat="31.02184901945292949676513671875" lon="121.4233320392668247222900390625">
        <ele>7.599999904632568359375</ele>
        <time>2026-06-02T12:12:44.000Z</time>
        <extensions>
          <ns3:TrackPointExtension>
            <ns3:hr>154</ns3:hr>
            <ns3:cad>86</ns3:cad>
          </ns3:TrackPointExtension>
        </extensions>
      </trkpt>
      <trkpt lat="31.0218348540365695953369140625" lon="121.4232951588928699493408203125">
        <ele>7.599999904632568359375</ele>
        <time>2026-06-02T12:12:45.000Z</time>
        <extensions>
          <ns3:TrackPointExtension>
            <ns3:hr>155</ns3:hr>
            <ns3:cad>87</ns3:cad>
          </ns3:TrackPointExtension>
        </extensions>
      </trkpt>
      <trkpt lat="31.02182253263890743255615234375" lon="121.42326992936432361602783203125">
        <ele>7.599999904632568359375</ele>
        <time>2026-06-02T12:12:46.000Z</time>
        <extensions>
          <ns3:TrackPointExtension>
            <ns3:hr>154</ns3:hr>
            <ns3:cad>87</ns3:cad>
          </ns3:TrackPointExtension>
        </extensions>
      </trkpt>
      <trkpt lat="31.02180920541286468505859375" lon="121.423234976828098297119140625">
        <ele>7.599999904632568359375</ele>
        <time>2026-06-02T12:12:47.000Z</time>
        <extensions>
          <ns3:TrackPointExtension>
            <ns3:hr>155</ns3:hr>
            <ns3:cad>87</ns3:cad>
          </ns3:TrackPointExtension>
        </extensions>
      </trkpt>
      <trkpt lat="31.021799482405185699462890625" lon="121.42320924438536167144775390625">
        <ele>7.599999904632568359375</ele>
        <time>2026-06-02T12:12:48.000Z</time>
        <extensions>
          <ns3:TrackPointExtension>
            <ns3:hr>155</ns3:hr>
            <ns3:cad>87</ns3:cad>
          </ns3:TrackPointExtension>
        </extensions>
      </trkpt>
      <trkpt lat="31.02178129367530345916748046875" lon="121.42318703234195709228515625">
        <ele>7.80000019073486328125</ele>
        <time>2026-06-02T12:12:49.000Z</time>
        <extensions>
          <ns3:TrackPointExtension>
            <ns3:hr>155</ns3:hr>
            <ns3:cad>88</ns3:cad>
          </ns3:TrackPointExtension>
        </extensions>
      </trkpt>
      <trkpt lat="31.02176503278315067291259765625" lon="121.42316096462309360504150390625">
        <ele>7.80000019073486328125</ele>
        <time>2026-06-02T12:12:50.000Z</time>
        <extensions>
          <ns3:TrackPointExtension>
            <ns3:hr>154</ns3:hr>
            <ns3:cad>88</ns3:cad>
          </ns3:TrackPointExtension>
        </extensions>
      </trkpt>
      <trkpt lat="31.0217453353106975555419921875" lon="121.4231459610164165496826171875">
        <ele>7.80000019073486328125</ele>
        <time>2026-06-02T12:12:51.000Z</time>
        <extensions>
          <ns3:TrackPointExtension>
            <ns3:hr>155</ns3:hr>
            <ns3:cad>88</ns3:cad>
          </ns3:TrackPointExtension>
        </extensions>
      </trkpt>
      <trkpt lat="31.02172312326729297637939453125" lon="121.42311788164079189300537109375">
        <ele>7.80000019073486328125</ele>
        <time>2026-06-02T12:12:52.000Z</time>
        <extensions>
          <ns3:TrackPointExtension>
            <ns3:hr>155</ns3:hr>
            <ns3:cad>88</ns3:cad>
          </ns3:TrackPointExtension>
        </extensions>
      </trkpt>
      <trkpt lat="31.0217020846903324127197265625" lon="121.42310312949120998382568359375">
        <ele>7.80000019073486328125</ele>
        <time>2026-06-02T12:12:53.000Z</time>
        <extensions>
          <ns3:TrackPointExtension>
            <ns3:hr>155</ns3:hr>
            <ns3:cad>87</ns3:cad>
          </ns3:TrackPointExtension>
        </extensions>
      </trkpt>
      <trkpt lat="31.02167635224759578704833984375" lon="121.423075385391712188720703125">
        <ele>7.599999904632568359375</ele>
        <time>2026-06-02T12:12:54.000Z</time>
        <extensions>
          <ns3:TrackPointExtension>
            <ns3:hr>154</ns3:hr>
            <ns3:cad>87</ns3:cad>
          </ns3:TrackPointExtension>
        </extensions>
      </trkpt>
      <trkpt lat="31.0216534696519374847412109375" lon="121.42306323163211345672607421875">
        <ele>7.599999904632568359375</ele>
        <time>2026-06-02T12:12:55.000Z</time>
        <extensions>
          <ns3:TrackPointExtension>
            <ns3:hr>155</ns3:hr>
            <ns3:cad>87</ns3:cad>
          </ns3:TrackPointExtension>
        </extensions>
      </trkpt>
      <trkpt lat="31.021624468266963958740234375" lon="121.42303884029388427734375">
        <ele>7.599999904632568359375</ele>
        <time>2026-06-02T12:12:56.000Z</time>
        <extensions>
          <ns3:TrackPointExtension>
            <ns3:hr>155</ns3:hr>
            <ns3:cad>87</ns3:cad>
          </ns3:TrackPointExtension>
        </extensions>
      </trkpt>
      <trkpt lat="31.02160074748098850250244140625" lon="121.4230306260287761688232421875">
        <ele>7.599999904632568359375</ele>
        <time>2026-06-02T12:12:57.000Z</time>
        <extensions>
          <ns3:TrackPointExtension>
            <ns3:hr>154</ns3:hr>
            <ns3:cad>87</ns3:cad>
          </ns3:TrackPointExtension>
        </extensions>
      </trkpt>
      <trkpt lat="31.02157006971538066864013671875" lon="121.423018388450145721435546875">
        <ele>7.599999904632568359375</ele>
        <time>2026-06-02T12:12:58.000Z</time>
        <extensions>
          <ns3:TrackPointExtension>
            <ns3:hr>154</ns3:hr>
            <ns3:cad>87</ns3:cad>
          </ns3:TrackPointExtension>
        </extensions>
      </trkpt>
      <trkpt lat="31.0215461812913417816162109375" lon="121.423012353479862213134765625">
        <ele>7.599999904632568359375</ele>
        <time>2026-06-02T12:12:59.000Z</time>
        <extensions>
          <ns3:TrackPointExtension>
            <ns3:hr>154</ns3:hr>
            <ns3:cad>87</ns3:cad>
          </ns3:TrackPointExtension>
        </extensions>
      </trkpt>
      <trkpt lat="31.02152011357247829437255859375" lon="121.42301076091825962066650390625">
        <ele>7.599999904632568359375</ele>
        <time>2026-06-02T12:13:00.000Z</time>
        <extensions>
          <ns3:TrackPointExtension>
            <ns3:hr>154</ns3:hr>
            <ns3:cad>87</ns3:cad>
          </ns3:TrackPointExtension>
        </extensions>
      </trkpt>
      <trkpt lat="31.0214935429394245147705078125" lon="121.423009671270847320556640625">
        <ele>7.599999904632568359375</ele>
        <time>2026-06-02T12:13:01.000Z</time>
        <extensions>
          <ns3:TrackPointExtension>
            <ns3:hr>154</ns3:hr>
            <ns3:cad>88</ns3:cad>
          </ns3:TrackPointExtension>
        </extensions>
      </trkpt>
      <trkpt lat="31.02146923542022705078125" lon="121.4230138622224330902099609375">
        <ele>7.599999904632568359375</ele>
        <time>2026-06-02T12:13:02.000Z</time>
        <extensions>
          <ns3:TrackPointExtension>
            <ns3:hr>154</ns3:hr>
            <ns3:cad>88</ns3:cad>
          </ns3:TrackPointExtension>
        </extensions>
      </trkpt>
      <trkpt lat="31.0214415751397609710693359375" lon="121.4230088330805301666259765625">
        <ele>7.599999904632568359375</ele>
        <time>2026-06-02T12:13:03.000Z</time>
        <extensions>
          <ns3:TrackPointExtension>
            <ns3:hr>154</ns3:hr>
            <ns3:cad>88</ns3:cad>
          </ns3:TrackPointExtension>
        </extensions>
      </trkpt>
      <trkpt lat="31.021412909030914306640625" lon="121.42301377840340137481689453125">
        <ele>7.599999904632568359375</ele>
        <time>2026-06-02T12:13:04.000Z</time>
        <extensions>
          <ns3:TrackPointExtension>
            <ns3:hr>154</ns3:hr>
            <ns3:cad>88</ns3:cad>
          </ns3:TrackPointExtension>
        </extensions>
      </trkpt>
      <trkpt lat="31.021386086940765380859375" lon="121.42301662825047969818115234375">
        <ele>7.599999904632568359375</ele>
        <time>2026-06-02T12:13:05.000Z</time>
        <extensions>
          <ns3:TrackPointExtension>
            <ns3:hr>154</ns3:hr>
            <ns3:cad>87</ns3:cad>
          </ns3:TrackPointExtension>
        </extensions>
      </trkpt>
      <trkpt lat="31.0213634558022022247314453125" lon="121.4230343140661716461181640625">
        <ele>7.599999904632568359375</ele>
        <time>2026-06-02T12:13:06.000Z</time>
        <extensions>
          <ns3:TrackPointExtension>
            <ns3:hr>154</ns3:hr>
            <ns3:cad>87</ns3:cad>
          </ns3:TrackPointExtension>
        </extensions>
      </trkpt>
      <trkpt lat="31.021343171596527099609375" lon="121.42304764129221439361572265625">
        <ele>7.599999904632568359375</ele>
        <time>2026-06-02T12:13:07.000Z</time>
        <extensions>
          <ns3:TrackPointExtension>
            <ns3:hr>155</ns3:hr>
            <ns3:cad>86</ns3:cad>
          </ns3:TrackPointExtension>
        </extensions>
      </trkpt>
      <trkpt lat="31.0213195346295833587646484375" lon="121.423053257167339324951171875">
        <ele>7.599999904632568359375</ele>
        <time>2026-06-02T12:13:08.000Z</time>
        <extensions>
          <ns3:TrackPointExtension>
            <ns3:hr>154</ns3:hr>
            <ns3:cad>85</ns3:cad>
          </ns3:TrackPointExtension>
        </extensions>
      </trkpt>
      <trkpt lat="31.0212984122335910797119140625" lon="121.42306675203144550323486328125">
        <ele>7.599999904632568359375</ele>
        <time>2026-06-02T12:13:09.000Z</time>
        <extensions>
          <ns3:TrackPointExtension>
            <ns3:hr>154</ns3:hr>
            <ns3:cad>85</ns3:cad>
          </ns3:TrackPointExtension>
        </extensions>
      </trkpt>
      <trkpt lat="31.02127217687666416168212890625" lon="121.42307245172560214996337890625">
        <ele>7.599999904632568359375</ele>
        <time>2026-06-02T12:13:10.000Z</time>
        <extensions>
          <ns3:TrackPointExtension>
            <ns3:hr>154</ns3:hr>
            <ns3:cad>85</ns3:cad>
          </ns3:TrackPointExtension>
        </extensions>
      </trkpt>
      <trkpt lat="31.0212521441280841827392578125" lon="121.42308452166616916656494140625">
        <ele>7.599999904632568359375</ele>
        <time>2026-06-02T12:13:11.000Z</time>
        <extensions>
          <ns3:TrackPointExtension>
            <ns3:hr>154</ns3:hr>
            <ns3:cad>85</ns3:cad>
          </ns3:TrackPointExtension>
        </extensions>
      </trkpt>
      <trkpt lat="31.02122289128601551055908203125" lon="121.42309390939772129058837890625">
        <ele>7.599999904632568359375</ele>
        <time>2026-06-02T12:13:12.000Z</time>
        <extensions>
          <ns3:TrackPointExtension>
            <ns3:hr>154</ns3:hr>
            <ns3:cad>86</ns3:cad>
          </ns3:TrackPointExtension>
        </extensions>
      </trkpt>
      <trkpt lat="31.02120076306164264678955078125" lon="121.42310581170022487640380859375">
        <ele>7.599999904632568359375</ele>
        <time>2026-06-02T12:13:13.000Z</time>
        <extensions>
          <ns3:TrackPointExtension>
            <ns3:hr>154</ns3:hr>
            <ns3:cad>86</ns3:cad>
          </ns3:TrackPointExtension>
        </extensions>
      </trkpt>
      <trkpt lat="31.02116874419152736663818359375" lon="121.4231110922992229461669921875">
        <ele>7.599999904632568359375</ele>
        <time>2026-06-02T12:13:14.000Z</time>
        <extensions>
          <ns3:TrackPointExtension>
            <ns3:hr>154</ns3:hr>
            <ns3:cad>87</ns3:cad>
          </ns3:TrackPointExtension>
        </extensions>
      </trkpt>
      <trkpt lat="31.0211478732526302337646484375" lon="121.423120982944965362548828125">
        <ele>7.599999904632568359375</ele>
        <time>2026-06-02T12:13:15.000Z</time>
        <extensions>
          <ns3:TrackPointExtension>
            <ns3:hr>155</ns3:hr>
            <ns3:cad>88</ns3:cad>
          </ns3:TrackPointExtension>
        </extensions>
      </trkpt>
      <trkpt lat="31.021117866039276123046875" lon="121.423137076199054718017578125">
        <ele>7.599999904632568359375</ele>
        <time>2026-06-02T12:13:16.000Z</time>
        <extensions>
          <ns3:TrackPointExtension>
            <ns3:hr>154</ns3:hr>
            <ns3:cad>88</ns3:cad>
          </ns3:TrackPointExtension>
        </extensions>
      </trkpt>
      <trkpt lat="31.02109842002391815185546875" lon="121.42314822413027286529541015625">
        <ele>7.599999904632568359375</ele>
        <time>2026-06-02T12:13:17.000Z</time>
        <extensions>
          <ns3:TrackPointExtension>
            <ns3:hr>155</ns3:hr>
            <ns3:cad>88</ns3:cad>
          </ns3:TrackPointExtension>
        </extensions>
      </trkpt>
      <trkpt lat="31.02107570506632328033447265625" lon="121.423164904117584228515625">
        <ele>7.599999904632568359375</ele>
        <time>2026-06-02T12:13:18.000Z</time>
        <extensions>
          <ns3:TrackPointExtension>
            <ns3:hr>155</ns3:hr>
            <ns3:cad>88</ns3:cad>
          </ns3:TrackPointExtension>
        </extensions>
      </trkpt>
      <trkpt lat="31.021051816642284393310546875" lon="121.423177309334278106689453125">
        <ele>7.599999904632568359375</ele>
        <time>2026-06-02T12:13:19.000Z</time>
        <extensions>
          <ns3:TrackPointExtension>
            <ns3:hr>155</ns3:hr>
            <ns3:cad>88</ns3:cad>
          </ns3:TrackPointExtension>
        </extensions>
      </trkpt>
      <trkpt lat="31.02103295736014842987060546875" lon="121.42318694852292537689208984375">
        <ele>7.599999904632568359375</ele>
        <time>2026-06-02T12:13:20.000Z</time>
        <extensions>
          <ns3:TrackPointExtension>
            <ns3:hr>154</ns3:hr>
            <ns3:cad>86</ns3:cad>
          </ns3:TrackPointExtension>
        </extensions>
      </trkpt>
      <trkpt lat="31.02100378833711147308349609375" lon="121.423192061483860015869140625">
        <ele>7.599999904632568359375</ele>
        <time>2026-06-02T12:13:21.000Z</time>
        <extensions>
          <ns3:TrackPointExtension>
            <ns3:hr>155</ns3:hr>
            <ns3:cad>86</ns3:cad>
          </ns3:TrackPointExtension>
        </extensions>
      </trkpt>
      <trkpt lat="31.02098249830305576324462890625" lon="121.42320220358669757843017578125">
        <ele>7.599999904632568359375</ele>
        <time>2026-06-02T12:13:22.000Z</time>
        <extensions>
          <ns3:TrackPointExtension>
            <ns3:hr>155</ns3:hr>
            <ns3:cad>86</ns3:cad>
          </ns3:TrackPointExtension>
        </extensions>
      </trkpt>
      <trkpt lat="31.0209529101848602294921875" lon="121.423210836946964263916015625">
        <ele>7.599999904632568359375</ele>
        <time>2026-06-02T12:13:23.000Z</time>
        <extensions>
          <ns3:TrackPointExtension>
            <ns3:hr>154</ns3:hr>
            <ns3:cad>86</ns3:cad>
          </ns3:TrackPointExtension>
        </extensions>
      </trkpt>
      <trkpt lat="31.02093002758920192718505859375" lon="121.4232198894023895263671875">
        <ele>7.599999904632568359375</ele>
        <time>2026-06-02T12:13:24.000Z</time>
        <extensions>
          <ns3:TrackPointExtension>
            <ns3:hr>154</ns3:hr>
            <ns3:cad>85</ns3:cad>
          </ns3:TrackPointExtension>
        </extensions>
      </trkpt>
      <trkpt lat="31.02090773172676563262939453125" lon="121.4232333004474639892578125">
        <ele>7.599999904632568359375</ele>
        <time>2026-06-02T12:13:25.000Z</time>
        <extensions>
          <ns3:TrackPointExtension>
            <ns3:hr>154</ns3:hr>
            <ns3:cad>85</ns3:cad>
          </ns3:TrackPointExtension>
        </extensions>
      </trkpt>
      <trkpt lat="31.0208830051124095916748046875" lon="121.4232386648654937744140625">
        <ele>7.80000019073486328125</ele>
        <time>2026-06-02T12:13:26.000Z</time>
        <extensions>
          <ns3:TrackPointExtension>
            <ns3:hr>154</ns3:hr>
            <ns3:cad>85</ns3:cad>
          </ns3:TrackPointExtension>
        </extensions>
      </trkpt>
      <trkpt lat="31.0208595357835292816162109375" lon="121.42324662767350673675537109375">
        <ele>7.80000019073486328125</ele>
        <time>2026-06-02T12:13:27.000Z</time>
        <extensions>
          <ns3:TrackPointExtension>
            <ns3:hr>154</ns3:hr>
            <ns3:cad>84</ns3:cad>
          </ns3:TrackPointExtension>
        </extensions>
      </trkpt>
      <trkpt lat="31.0208333842456340789794921875" lon="121.423261798918247222900390625">
        <ele>7.80000019073486328125</ele>
        <time>2026-06-02T12:13:28.000Z</time>
        <extensions>
          <ns3:TrackPointExtension>
            <ns3:hr>154</ns3:hr>
            <ns3:cad>84</ns3:cad>
          </ns3:TrackPointExtension>
        </extensions>
      </trkpt>
      <trkpt lat="31.020813770592212677001953125" lon="121.42327462323009967803955078125">
        <ele>7.599999904632568359375</ele>
        <time>2026-06-02T12:13:29.000Z</time>
        <extensions>
          <ns3:TrackPointExtension>
            <ns3:hr>154</ns3:hr>
            <ns3:cad>84</ns3:cad>
          </ns3:TrackPointExtension>
        </extensions>
      </trkpt>
      <trkpt lat="31.020792312920093536376953125" lon="121.4232851006090641021728515625">
        <ele>7.80000019073486328125</ele>
        <time>2026-06-02T12:13:30.000Z</time>
        <extensions>
          <ns3:TrackPointExtension>
            <ns3:hr>153</ns3:hr>
            <ns3:cad>84</ns3:cad>
          </ns3:TrackPointExtension>
        </extensions>
      </trkpt>
      <trkpt lat="31.020769178867340087890625" lon="121.42329138703644275665283203125">
        <ele>7.80000019073486328125</ele>
        <time>2026-06-02T12:13:31.000Z</time>
        <extensions>
          <ns3:TrackPointExtension>
            <ns3:hr>153</ns3:hr>
            <ns3:cad>84</ns3:cad>
          </ns3:TrackPointExtension>
        </extensions>
      </trkpt>
      <trkpt lat="31.020750068128108978271484375" lon="121.42330236732959747314453125">
        <ele>7.80000019073486328125</ele>
        <time>2026-06-02T12:13:32.000Z</time>
        <extensions>
          <ns3:TrackPointExtension>
            <ns3:hr>152</ns3:hr>
            <ns3:cad>84</ns3:cad>
          </ns3:TrackPointExtension>
        </extensions>
      </trkpt>
      <trkpt lat="31.0207197256386280059814453125" lon="121.42330848611891269683837890625">
        <ele>7.80000019073486328125</ele>
        <time>2026-06-02T12:13:33.000Z</time>
        <extensions>
          <ns3:TrackPointExtension>
            <ns3:hr>152</ns3:hr>
            <ns3:cad>85</ns3:cad>
          </ns3:TrackPointExtension>
        </extensions>
      </trkpt>
      <trkpt lat="31.02069835178554058074951171875" lon="121.4233137667179107666015625">
        <ele>8</ele>
        <time>2026-06-02T12:13:34.000Z</time>
        <extensions>
          <ns3:TrackPointExtension>
            <ns3:hr>152</ns3:hr>
            <ns3:cad>85</ns3:cad>
          </ns3:TrackPointExtension>
        </extensions>
      </trkpt>
      <trkpt lat="31.0206724517047405242919921875" lon="121.423328854143619537353515625">
        <ele>8</ele>
        <time>2026-06-02T12:13:35.000Z</time>
        <extensions>
          <ns3:TrackPointExtension>
            <ns3:hr>152</ns3:hr>
            <ns3:cad>85</ns3:cad>
          </ns3:TrackPointExtension>
        </extensions>
      </trkpt>
      <trkpt lat="31.02064705453813076019287109375" lon="121.42333815805613994598388671875">
        <ele>8</ele>
        <time>2026-06-02T12:13:36.000Z</time>
        <extensions>
          <ns3:TrackPointExtension>
            <ns3:hr>152</ns3:hr>
            <ns3:cad>85</ns3:cad>
          </ns3:TrackPointExtension>
        </extensions>
      </trkpt>
      <trkpt lat="31.0206251777708530426025390625" lon="121.42335441894829273223876953125">
        <ele>8</ele>
        <time>2026-06-02T12:13:37.000Z</time>
        <extensions>
          <ns3:TrackPointExtension>
            <ns3:hr>152</ns3:hr>
            <ns3:cad>85</ns3:cad>
          </ns3:TrackPointExtension>
        </extensions>
      </trkpt>
      <trkpt lat="31.02059709839522838592529296875" lon="121.42336539924144744873046875">
        <ele>7.80000019073486328125</ele>
        <time>2026-06-02T12:13:38.000Z</time>
        <extensions>
          <ns3:TrackPointExtension>
            <ns3:hr>153</ns3:hr>
            <ns3:cad>85</ns3:cad>
          </ns3:TrackPointExtension>
        </extensions>
      </trkpt>
      <trkpt lat="31.02057698182761669158935546875" lon="121.4233826659619808197021484375">
        <ele>7.80000019073486328125</ele>
        <time>2026-06-02T12:13:39.000Z</time>
        <extensions>
          <ns3:TrackPointExtension>
            <ns3:hr>153</ns3:hr>
            <ns3:cad>85</ns3:cad>
          </ns3:TrackPointExtension>
        </extensions>
      </trkpt>
      <trkpt lat="31.0205519199371337890625" lon="121.42339984886348247528076171875">
        <ele>7.80000019073486328125</ele>
        <time>2026-06-02T12:13:40.000Z</time>
        <extensions>
          <ns3:TrackPointExtension>
            <ns3:hr>153</ns3:hr>
            <ns3:cad>85</ns3:cad>
          </ns3:TrackPointExtension>
        </extensions>
      </trkpt>
      <trkpt lat="31.02053423412144184112548828125" lon="121.42342281527817249298095703125">
        <ele>7.80000019073486328125</ele>
        <time>2026-06-02T12:13:41.000Z</time>
        <extensions>
          <ns3:TrackPointExtension>
            <ns3:hr>153</ns3:hr>
            <ns3:cad>85</ns3:cad>
          </ns3:TrackPointExtension>
        </extensions>
      </trkpt>
      <trkpt lat="31.02051780559122562408447265625" lon="121.42344879917800426483154296875">
        <ele>7.80000019073486328125</ele>
        <time>2026-06-02T12:13:42.000Z</time>
        <extensions>
          <ns3:TrackPointExtension>
            <ns3:hr>153</ns3:hr>
            <ns3:cad>85</ns3:cad>
          </ns3:TrackPointExtension>
        </extensions>
      </trkpt>
      <trkpt lat="31.02049483917653560638427734375" lon="121.423467658460140228271484375">
        <ele>7.80000019073486328125</ele>
        <time>2026-06-02T12:13:43.000Z</time>
        <extensions>
          <ns3:TrackPointExtension>
            <ns3:hr>153</ns3:hr>
            <ns3:cad>85</ns3:cad>
          </ns3:TrackPointExtension>
        </extensions>
      </trkpt>
      <trkpt lat="31.0204830206930637359619140625" lon="121.42348945140838623046875">
        <ele>7.80000019073486328125</ele>
        <time>2026-06-02T12:13:44.000Z</time>
        <extensions>
          <ns3:TrackPointExtension>
            <ns3:hr>153</ns3:hr>
            <ns3:cad>85</ns3:cad>
          </ns3:TrackPointExtension>
        </extensions>
      </trkpt>
      <trkpt lat="31.02046072483062744140625" lon="121.42351887188851833343505859375">
        <ele>7.80000019073486328125</ele>
        <time>2026-06-02T12:13:45.000Z</time>
        <extensions>
          <ns3:TrackPointExtension>
            <ns3:hr>154</ns3:hr>
            <ns3:cad>84</ns3:cad>
          </ns3:TrackPointExtension>
        </extensions>
      </trkpt>
      <trkpt lat="31.0204508341848850250244140625" lon="121.42354242503643035888671875">
        <ele>7.599999904632568359375</ele>
        <time>2026-06-02T12:13:46.000Z</time>
        <extensions>
          <ns3:TrackPointExtension>
            <ns3:hr>154</ns3:hr>
            <ns3:cad>84</ns3:cad>
          </ns3:TrackPointExtension>
        </extensions>
      </trkpt>
      <trkpt lat="31.02043700404465198516845703125" lon="121.4235727675259113311767578125">
        <ele>7.599999904632568359375</ele>
        <time>2026-06-02T12:13:47.000Z</time>
        <extensions>
          <ns3:TrackPointExtension>
            <ns3:hr>154</ns3:hr>
            <ns3:cad>84</ns3:cad>
          </ns3:TrackPointExtension>
        </extensions>
      </trkpt>
      <trkpt lat="31.02042627520859241485595703125" lon="121.42360067926347255706787109375">
        <ele>7.80000019073486328125</ele>
        <time>2026-06-02T12:13:48.000Z</time>
        <extensions>
          <ns3:TrackPointExtension>
            <ns3:hr>155</ns3:hr>
            <ns3:cad>84</ns3:cad>
          </ns3:TrackPointExtension>
        </extensions>
      </trkpt>
      <trkpt lat="31.02042191661894321441650390625" lon="121.42362632788717746734619140625">
        <ele>7.80000019073486328125</ele>
        <time>2026-06-02T12:13:49.000Z</time>
        <extensions>
          <ns3:TrackPointExtension>
            <ns3:hr>154</ns3:hr>
            <ns3:cad>84</ns3:cad>
          </ns3:TrackPointExtension>
        </extensions>
      </trkpt>
      <trkpt lat="31.0204106010496616363525390625" lon="121.42365482635796070098876953125">
        <ele>7.80000019073486328125</ele>
        <time>2026-06-02T12:13:50.000Z</time>
        <extensions>
          <ns3:TrackPointExtension>
            <ns3:hr>155</ns3:hr>
            <ns3:cad>84</ns3:cad>
          </ns3:TrackPointExtension>
        </extensions>
      </trkpt>
      <trkpt lat="31.020412445068359375" lon="121.423678882420063018798828125">
        <ele>8</ele>
        <time>2026-06-02T12:13:51.000Z</time>
        <extensions>
          <ns3:TrackPointExtension>
            <ns3:hr>155</ns3:hr>
            <ns3:cad>84</ns3:cad>
          </ns3:TrackPointExtension>
        </extensions>
      </trkpt>
      <trkpt lat="31.0204139538109302520751953125" lon="121.423709727823734283447265625">
        <ele>8</ele>
        <time>2026-06-02T12:13:52.000Z</time>
        <extensions>
          <ns3:TrackPointExtension>
            <ns3:hr>155</ns3:hr>
            <ns3:cad>84</ns3:cad>
          </ns3:TrackPointExtension>
        </extensions>
      </trkpt>
      <trkpt lat="31.0204111039638519287109375" lon="121.4237430877983570098876953125">
        <ele>8</ele>
        <time>2026-06-02T12:13:53.000Z</time>
        <extensions>
          <ns3:TrackPointExtension>
            <ns3:hr>155</ns3:hr>
            <ns3:cad>84</ns3:cad>
          </ns3:TrackPointExtension>
        </extensions>
      </trkpt>
      <trkpt lat="31.02041319943964481353759765625" lon="121.4237752743065357208251953125">
        <ele>7.80000019073486328125</ele>
        <time>2026-06-02T12:13:54.000Z</time>
        <extensions>
          <ns3:TrackPointExtension>
            <ns3:hr>155</ns3:hr>
            <ns3:cad>84</ns3:cad>
          </ns3:TrackPointExtension>
        </extensions>
      </trkpt>
      <trkpt lat="31.0204163007438182830810546875" lon="121.42380955629050731658935546875">
        <ele>7.80000019073486328125</ele>
        <time>2026-06-02T12:13:55.000Z</time>
        <extensions>
          <ns3:TrackPointExtension>
            <ns3:hr>155</ns3:hr>
            <ns3:cad>84</ns3:cad>
          </ns3:TrackPointExtension>
        </extensions>
      </trkpt>
      <trkpt lat="31.02042677812278270721435546875" lon="121.42383503727614879608154296875">
        <ele>7.80000019073486328125</ele>
        <time>2026-06-02T12:13:56.000Z</time>
        <extensions>
          <ns3:TrackPointExtension>
            <ns3:hr>155</ns3:hr>
            <ns3:cad>84</ns3:cad>
          </ns3:TrackPointExtension>
        </extensions>
      </trkpt>
      <trkpt lat="31.02042912505567073822021484375" lon="121.42387627623975276947021484375">
        <ele>7.80000019073486328125</ele>
        <time>2026-06-02T12:13:57.000Z</time>
        <extensions>
          <ns3:TrackPointExtension>
            <ns3:hr>155</ns3:hr>
            <ns3:cad>84</ns3:cad>
          </ns3:TrackPointExtension>
        </extensions>
      </trkpt>
      <trkpt lat="31.0204360820353031158447265625" lon="121.42390578053891658782958984375">
        <ele>7.80000019073486328125</ele>
        <time>2026-06-02T12:13:58.000Z</time>
        <extensions>
          <ns3:TrackPointExtension>
            <ns3:hr>156</ns3:hr>
            <ns3:cad>84</ns3:cad>
          </ns3:TrackPointExtension>
        </extensions>
      </trkpt>
      <trkpt lat="31.02044756524264812469482421875" lon="121.42393830232322216033935546875">
        <ele>7.80000019073486328125</ele>
        <time>2026-06-02T12:13:59.000Z</time>
        <extensions>
          <ns3:TrackPointExtension>
            <ns3:hr>156</ns3:hr>
            <ns3:cad>85</ns3:cad>
          </ns3:TrackPointExtension>
        </extensions>
      </trkpt>
      <trkpt lat="31.02045896463096141815185546875" lon="121.42397115938365459442138671875">
        <ele>7.80000019073486328125</ele>
        <time>2026-06-02T12:14:00.000Z</time>
        <extensions>
          <ns3:TrackPointExtension>
            <ns3:hr>156</ns3:hr>
            <ns3:cad>85</ns3:cad>
          </ns3:TrackPointExtension>
        </extensions>
      </trkpt>
      <trkpt lat="31.0204759798943996429443359375" lon="121.42399496398866176605224609375">
        <ele>7.80000019073486328125</ele>
        <time>2026-06-02T12:14:01.000Z</time>
        <extensions>
          <ns3:TrackPointExtension>
            <ns3:hr>156</ns3:hr>
            <ns3:cad>85</ns3:cad>
          </ns3:TrackPointExtension>
        </extensions>
      </trkpt>
      <trkpt lat="31.02049064822494983673095703125" lon="121.42402363009750843048095703125">
        <ele>7.80000019073486328125</ele>
        <time>2026-06-02T12:14:02.000Z</time>
        <extensions>
          <ns3:TrackPointExtension>
            <ns3:hr>155</ns3:hr>
            <ns3:cad>85</ns3:cad>
          </ns3:TrackPointExtension>
        </extensions>
      </trkpt>
      <trkpt lat="31.02051042951643466949462890625" lon="121.4240384660661220550537109375">
        <ele>7.80000019073486328125</ele>
        <time>2026-06-02T12:14:03.000Z</time>
        <extensions>
          <ns3:TrackPointExtension>
            <ns3:hr>156</ns3:hr>
            <ns3:cad>85</ns3:cad>
          </ns3:TrackPointExtension>
        </extensions>
      </trkpt>
      <trkpt lat="31.020531468093395233154296875" lon="121.424066126346588134765625">
        <ele>8</ele>
        <time>2026-06-02T12:14:04.000Z</time>
        <extensions>
          <ns3:TrackPointExtension>
            <ns3:hr>156</ns3:hr>
            <ns3:cad>85</ns3:cad>
          </ns3:TrackPointExtension>
        </extensions>
      </trkpt>
      <trkpt lat="31.02054932154715061187744140625" lon="121.42408280633389949798583984375">
        <ele>8</ele>
        <time>2026-06-02T12:14:05.000Z</time>
        <extensions>
          <ns3:TrackPointExtension>
            <ns3:hr>155</ns3:hr>
            <ns3:cad>85</ns3:cad>
          </ns3:TrackPointExtension>
        </extensions>
      </trkpt>
      <trkpt lat="31.02056868374347686767578125" lon="121.4241038449108600616455078125">
        <ele>8</ele>
        <time>2026-06-02T12:14:06.000Z</time>
        <extensions>
          <ns3:TrackPointExtension>
            <ns3:hr>155</ns3:hr>
            <ns3:cad>85</ns3:cad>
          </ns3:TrackPointExtension>
        </extensions>
      </trkpt>
      <trkpt lat="31.02058452554047107696533203125" lon="121.42412723042070865631103515625">
        <ele>8</ele>
        <time>2026-06-02T12:14:07.000Z</time>
        <extensions>
          <ns3:TrackPointExtension>
            <ns3:hr>155</ns3:hr>
            <ns3:cad>85</ns3:cad>
          </ns3:TrackPointExtension>
        </extensions>
      </trkpt>
      <trkpt lat="31.02060195989906787872314453125" lon="121.4241450838744640350341796875">
        <ele>8</ele>
        <time>2026-06-02T12:14:08.000Z</time>
        <extensions>
          <ns3:TrackPointExtension>
            <ns3:hr>155</ns3:hr>
            <ns3:cad>85</ns3:cad>
          </ns3:TrackPointExtension>
        </extensions>
      </trkpt>
      <trkpt lat="31.02062844671308994293212890625" lon="121.4241655357182025909423828125">
        <ele>8</ele>
        <time>2026-06-02T12:14:09.000Z</time>
        <extensions>
          <ns3:TrackPointExtension>
            <ns3:hr>154</ns3:hr>
            <ns3:cad>85</ns3:cad>
          </ns3:TrackPointExtension>
        </extensions>
      </trkpt>
      <trkpt lat="31.020648814737796783447265625" lon="121.42417500726878643035888671875">
        <ele>8</ele>
        <time>2026-06-02T12:14:10.000Z</time>
        <extensions>
          <ns3:TrackPointExtension>
            <ns3:hr>154</ns3:hr>
            <ns3:cad>84</ns3:cad>
          </ns3:TrackPointExtension>
        </extensions>
      </trkpt>
      <trkpt lat="31.02067471481859683990478515625" lon="121.42418372444808483123779296875">
        <ele>8</ele>
        <time>2026-06-02T12:14:11.000Z</time>
        <extensions>
          <ns3:TrackPointExtension>
            <ns3:hr>154</ns3:hr>
            <ns3:cad>84</ns3:cad>
          </ns3:TrackPointExtension>
        </extensions>
      </trkpt>
      <trkpt lat="31.02069742977619171142578125" lon="121.42419579438865184783935546875">
        <ele>8</ele>
        <time>2026-06-02T12:14:12.000Z</time>
        <extensions>
          <ns3:TrackPointExtension>
            <ns3:hr>154</ns3:hr>
            <ns3:cad>84</ns3:cad>
          </ns3:TrackPointExtension>
        </extensions>
      </trkpt>
      <trkpt lat="31.02072014473378658294677734375" lon="121.42419646494090557098388671875">
        <ele>7.80000019073486328125</ele>
        <time>2026-06-02T12:14:13.000Z</time>
        <extensions>
          <ns3:TrackPointExtension>
            <ns3:hr>154</ns3:hr>
            <ns3:cad>84</ns3:cad>
          </ns3:TrackPointExtension>
        </extensions>
      </trkpt>
      <trkpt lat="31.0207505710422992706298828125" lon="121.42420970834791660308837890625">
        <ele>7.80000019073486328125</ele>
        <time>2026-06-02T12:14:14.000Z</time>
        <extensions>
          <ns3:TrackPointExtension>
            <ns3:hr>154</ns3:hr>
            <ns3:cad>85</ns3:cad>
          </ns3:TrackPointExtension>
        </extensions>
      </trkpt>
      <trkpt lat="31.02077412419021129608154296875" lon="121.4242136478424072265625">
        <ele>7.80000019073486328125</ele>
        <time>2026-06-02T12:14:15.000Z</time>
        <extensions>
          <ns3:TrackPointExtension>
            <ns3:hr>154</ns3:hr>
            <ns3:cad>85</ns3:cad>
          </ns3:TrackPointExtension>
        </extensions>
      </trkpt>
      <trkpt lat="31.02080329321324825286865234375" lon="121.4242198504507541656494140625">
        <ele>7.80000019073486328125</ele>
        <time>2026-06-02T12:14:16.000Z</time>
        <extensions>
          <ns3:TrackPointExtension>
            <ns3:hr>154</ns3:hr>
            <ns3:cad>85</ns3:cad>
          </ns3:TrackPointExtension>
        </extensions>
      </trkpt>
      <trkpt lat="31.0208280198276042938232421875" lon="121.4242225326597690582275390625">
        <ele>7.80000019073486328125</ele>
        <time>2026-06-02T12:14:17.000Z</time>
        <extensions>
          <ns3:TrackPointExtension>
            <ns3:hr>155</ns3:hr>
            <ns3:cad>85</ns3:cad>
          </ns3:TrackPointExtension>
        </extensions>
      </trkpt>
      <trkpt lat="31.020856015384197235107421875" lon="121.4242148213088512420654296875">
        <ele>7.80000019073486328125</ele>
        <time>2026-06-02T12:14:18.000Z</time>
        <extensions>
          <ns3:TrackPointExtension>
            <ns3:hr>155</ns3:hr>
            <ns3:cad>85</ns3:cad>
          </ns3:TrackPointExtension>
        </extensions>
      </trkpt>
      <trkpt lat="31.02088577114045619964599609375" lon="121.424208618700504302978515625">
        <ele>7.80000019073486328125</ele>
        <time>2026-06-02T12:14:19.000Z</time>
        <extensions>
          <ns3:TrackPointExtension>
            <ns3:hr>155</ns3:hr>
            <ns3:cad>85</ns3:cad>
          </ns3:TrackPointExtension>
        </extensions>
      </trkpt>
      <trkpt lat="31.02090840227901935577392578125" lon="121.424200236797332763671875">
        <ele>7.80000019073486328125</ele>
        <time>2026-06-02T12:14:20.000Z</time>
        <extensions>
          <ns3:TrackPointExtension>
            <ns3:hr>155</ns3:hr>
            <ns3:cad>85</ns3:cad>
          </ns3:TrackPointExtension>
        </extensions>
      </trkpt>
      <trkpt lat="31.02093857713043689727783203125" lon="121.42418883740901947021484375">
        <ele>7.80000019073486328125</ele>
        <time>2026-06-02T12:14:21.000Z</time>
        <extensions>
          <ns3:TrackPointExtension>
            <ns3:hr>155</ns3:hr>
            <ns3:cad>85</ns3:cad>
          </ns3:TrackPointExtension>
        </extensions>
      </trkpt>
      <trkpt lat="31.02095886133611202239990234375" lon="121.424180455505847930908203125">
        <ele>7.80000019073486328125</ele>
        <time>2026-06-02T12:14:22.000Z</time>
        <extensions>
          <ns3:TrackPointExtension>
            <ns3:hr>156</ns3:hr>
            <ns3:cad>85</ns3:cad>
          </ns3:TrackPointExtension>
        </extensions>
      </trkpt>
      <trkpt lat="31.02098551578819751739501953125" lon="121.4241688884794712066650390625">
        <ele>8</ele>
        <time>2026-06-02T12:14:23.000Z</time>
        <extensions>
          <ns3:TrackPointExtension>
            <ns3:hr>157</ns3:hr>
            <ns3:cad>85</ns3:cad>
          </ns3:TrackPointExtension>
        </extensions>
      </trkpt>
      <trkpt lat="31.0210119187831878662109375" lon="121.4241586625576019287109375">
        <ele>8</ele>
        <time>2026-06-02T12:14:24.000Z</time>
        <extensions>
          <ns3:TrackPointExtension>
            <ns3:hr>157</ns3:hr>
            <ns3:cad>85</ns3:cad>
          </ns3:TrackPointExtension>
        </extensions>
      </trkpt>
      <trkpt lat="31.021035052835941314697265625" lon="121.42414349131286144256591796875">
        <ele>8</ele>
        <time>2026-06-02T12:14:25.000Z</time>
        <extensions>
          <ns3:TrackPointExtension>
            <ns3:hr>157</ns3:hr>
            <ns3:cad>85</ns3:cad>
          </ns3:TrackPointExtension>
        </extensions>
      </trkpt>
      <trkpt lat="31.0210643894970417022705078125" lon="121.42413385212421417236328125">
        <ele>8</ele>
        <time>2026-06-02T12:14:26.000Z</time>
        <extensions>
          <ns3:TrackPointExtension>
            <ns3:hr>157</ns3:hr>
            <ns3:cad>85</ns3:cad>
          </ns3:TrackPointExtension>
        </extensions>
      </trkpt>
      <trkpt lat="31.02108526043593883514404296875" lon="121.4241211116313934326171875">
        <ele>8</ele>
        <time>2026-06-02T12:14:27.000Z</time>
        <extensions>
          <ns3:TrackPointExtension>
            <ns3:hr>158</ns3:hr>
            <ns3:cad>85</ns3:cad>
          </ns3:TrackPointExtension>
        </extensions>
      </trkpt>
      <trkpt lat="31.02111694402992725372314453125" lon="121.4241063594818115234375">
        <ele>8</ele>
        <time>2026-06-02T12:14:28.000Z</time>
        <extensions>
          <ns3:TrackPointExtension>
            <ns3:hr>158</ns3:hr>
            <ns3:cad>85</ns3:cad>
          </ns3:TrackPointExtension>
        </extensions>
      </trkpt>
      <trkpt lat="31.021139323711395263671875" lon="121.4240951277315616607666015625">
        <ele>7.80000019073486328125</ele>
        <time>2026-06-02T12:14:29.000Z</time>
        <extensions>
          <ns3:TrackPointExtension>
            <ns3:hr>158</ns3:hr>
            <ns3:cad>85</ns3:cad>
          </ns3:TrackPointExtension>
        </extensions>
      </trkpt>
      <trkpt lat="31.0211656428873538970947265625" lon="121.42408020794391632080078125">
        <ele>7.80000019073486328125</ele>
        <time>2026-06-02T12:14:30.000Z</time>
        <extensions>
          <ns3:TrackPointExtension>
            <ns3:hr>157</ns3:hr>
            <ns3:cad>85</ns3:cad>
          </ns3:TrackPointExtension>
        </extensions>
      </trkpt>
      <trkpt lat="31.02119087241590023040771484375" lon="121.4240701496601104736328125">
        <ele>8</ele>
        <time>2026-06-02T12:14:31.000Z</time>
        <extensions>
          <ns3:TrackPointExtension>
            <ns3:hr>157</ns3:hr>
            <ns3:cad>85</ns3:cad>
          </ns3:TrackPointExtension>
        </extensions>
      </trkpt>
      <trkpt lat="31.0212149284780025482177734375" lon="121.4240532182157039642333984375">
        <ele>8</ele>
        <time>2026-06-02T12:14:32.000Z</time>
        <extensions>
          <ns3:TrackPointExtension>
            <ns3:hr>157</ns3:hr>
            <ns3:cad>86</ns3:cad>
          </ns3:TrackPointExtension>
        </extensions>
      </trkpt>
      <trkpt lat="31.02124351076781749725341796875" lon="121.42404190264642238616943359375">
        <ele>7.80000019073486328125</ele>
        <time>2026-06-02T12:14:33.000Z</time>
        <extensions>
          <ns3:TrackPointExtension>
            <ns3:hr>158</ns3:hr>
            <ns3:cad>86</ns3:cad>
          </ns3:TrackPointExtension>
        </extensions>
      </trkpt>
      <trkpt lat="31.0212672315537929534912109375" lon="121.42402932979166507720947265625">
        <ele>8</ele>
        <time>2026-06-02T12:14:34.000Z</time>
        <extensions>
          <ns3:TrackPointExtension>
            <ns3:hr>157</ns3:hr>
            <ns3:cad>86</ns3:cad>
          </ns3:TrackPointExtension>
        </extensions>
      </trkpt>
      <trkpt lat="31.02129631675779819488525390625" lon="121.424019522964954376220703125">
        <ele>8</ele>
        <time>2026-06-02T12:14:35.000Z</time>
        <extensions>
          <ns3:TrackPointExtension>
            <ns3:hr>157</ns3:hr>
            <ns3:cad>86</ns3:cad>
          </ns3:TrackPointExtension>
        </extensions>
      </trkpt>
      <trkpt lat="31.02131593041121959686279296875" lon="121.4240103028714656829833984375">
        <ele>8</ele>
        <time>2026-06-02T12:14:36.000Z</time>
        <extensions>
          <ns3:TrackPointExtension>
            <ns3:hr>158</ns3:hr>
            <ns3:cad>85</ns3:cad>
          </ns3:TrackPointExtension>
        </extensions>
      </trkpt>
      <trkpt lat="31.02134292013943195343017578125" lon="121.423992700874805450439453125">
        <ele>8</ele>
        <time>2026-06-02T12:14:37.000Z</time>
        <extensions>
          <ns3:TrackPointExtension>
            <ns3:hr>157</ns3:hr>
            <ns3:cad>86</ns3:cad>
          </ns3:TrackPointExtension>
        </extensions>
      </trkpt>
      <trkpt lat="31.02136605419218540191650390625" lon="121.42398389987647533416748046875">
        <ele>8</ele>
        <time>2026-06-02T12:14:38.000Z</time>
        <extensions>
          <ns3:TrackPointExtension>
            <ns3:hr>157</ns3:hr>
            <ns3:cad>86</ns3:cad>
          </ns3:TrackPointExtension>
        </extensions>
      </trkpt>
      <trkpt lat="31.021390445530414581298828125" lon="121.42396965064108371734619140625">
        <ele>8</ele>
        <time>2026-06-02T12:14:39.000Z</time>
        <extensions>
          <ns3:TrackPointExtension>
            <ns3:hr>156</ns3:hr>
            <ns3:cad>86</ns3:cad>
          </ns3:TrackPointExtension>
        </extensions>
      </trkpt>
      <trkpt lat="31.0214170999825000762939453125" lon="121.42396110109984874725341796875">
        <ele>8</ele>
        <time>2026-06-02T12:14:40.000Z</time>
        <extensions>
          <ns3:TrackPointExtension>
            <ns3:hr>156</ns3:hr>
            <ns3:cad>86</ns3:cad>
          </ns3:TrackPointExtension>
        </extensions>
      </trkpt>
      <trkpt lat="31.02143830619752407073974609375" lon="121.42394769005477428436279296875">
        <ele>8</ele>
        <time>2026-06-02T12:14:41.000Z</time>
        <extensions>
          <ns3:TrackPointExtension>
            <ns3:hr>156</ns3:hr>
            <ns3:cad>86</ns3:cad>
          </ns3:TrackPointExtension>
        </extensions>
      </trkpt>
      <trkpt lat="31.0214683972299098968505859375" lon="121.4239392243325710296630859375">
        <ele>8</ele>
        <time>2026-06-02T12:14:42.000Z</time>
        <extensions>
          <ns3:TrackPointExtension>
            <ns3:hr>156</ns3:hr>
            <ns3:cad>86</ns3:cad>
          </ns3:TrackPointExtension>
        </extensions>
      </trkpt>
      <trkpt lat="31.021487675607204437255859375" lon="121.423929668962955474853515625">
        <ele>8</ele>
        <time>2026-06-02T12:14:43.000Z</time>
        <extensions>
          <ns3:TrackPointExtension>
            <ns3:hr>157</ns3:hr>
            <ns3:cad>86</ns3:cad>
          </ns3:TrackPointExtension>
        </extensions>
      </trkpt>
      <trkpt lat="31.0215190239250659942626953125" lon="121.42391785047948360443115234375">
        <ele>8</ele>
        <time>2026-06-02T12:14:44.000Z</time>
        <extensions>
          <ns3:TrackPointExtension>
            <ns3:hr>157</ns3:hr>
            <ns3:cad>86</ns3:cad>
          </ns3:TrackPointExtension>
        </extensions>
      </trkpt>
      <trkpt lat="31.021538637578487396240234375" lon="121.42390896566212177276611328125">
        <ele>8</ele>
        <time>2026-06-02T12:14:45.000Z</time>
        <extensions>
          <ns3:TrackPointExtension>
            <ns3:hr>157</ns3:hr>
            <ns3:cad>87</ns3:cad>
          </ns3:TrackPointExtension>
        </extensions>
      </trkpt>
      <trkpt lat="31.02156738750636577606201171875" lon="121.423896811902523040771484375">
        <ele>8</ele>
        <time>2026-06-02T12:14:46.000Z</time>
        <extensions>
          <ns3:TrackPointExtension>
            <ns3:hr>157</ns3:hr>
            <ns3:cad>87</ns3:cad>
          </ns3:TrackPointExtension>
        </extensions>
      </trkpt>
      <trkpt lat="31.02159194648265838623046875" lon="121.42389102838933467864990234375">
        <ele>8</ele>
        <time>2026-06-02T12:14:47.000Z</time>
        <extensions>
          <ns3:TrackPointExtension>
            <ns3:hr>157</ns3:hr>
            <ns3:cad>87</ns3:cad>
          </ns3:TrackPointExtension>
        </extensions>
      </trkpt>
      <trkpt lat="31.02161399088799953460693359375" lon="121.42387812025845050811767578125">
        <ele>8</ele>
        <time>2026-06-02T12:14:48.000Z</time>
        <extensions>
          <ns3:TrackPointExtension>
            <ns3:hr>157</ns3:hr>
            <ns3:cad>87</ns3:cad>
          </ns3:TrackPointExtension>
        </extensions>
      </trkpt>
      <trkpt lat="31.0216410644352436065673828125" lon="121.423868648707866668701171875">
        <ele>8</ele>
        <time>2026-06-02T12:14:49.000Z</time>
        <extensions>
          <ns3:TrackPointExtension>
            <ns3:hr>157</ns3:hr>
            <ns3:cad>87</ns3:cad>
          </ns3:TrackPointExtension>
        </extensions>
      </trkpt>
      <trkpt lat="31.02166109718382358551025390625" lon="121.42385758459568023681640625">
        <ele>8</ele>
        <time>2026-06-02T12:14:50.000Z</time>
        <extensions>
          <ns3:TrackPointExtension>
            <ns3:hr>157</ns3:hr>
            <ns3:cad>87</ns3:cad>
          </ns3:TrackPointExtension>
        </extensions>
      </trkpt>
      <trkpt lat="31.02169026620686054229736328125" lon="121.42384149134159088134765625">
        <ele>8</ele>
        <time>2026-06-02T12:14:51.000Z</time>
        <extensions>
          <ns3:TrackPointExtension>
            <ns3:hr>157</ns3:hr>
            <ns3:cad>86</ns3:cad>
          </ns3:TrackPointExtension>
        </extensions>
      </trkpt>
      <trkpt lat="31.0217091254889965057373046875" lon="121.42382866702973842620849609375">
        <ele>8</ele>
        <time>2026-06-02T12:14:52.000Z</time>
        <extensions>
          <ns3:TrackPointExtension>
            <ns3:hr>156</ns3:hr>
            <ns3:cad>86</ns3:cad>
          </ns3:TrackPointExtension>
        </extensions>
      </trkpt>
      <trkpt lat="31.021727733314037322998046875" lon="121.42380704171955585479736328125">
        <ele>8</ele>
        <time>2026-06-02T12:14:53.000Z</time>
        <extensions>
          <ns3:TrackPointExtension>
            <ns3:hr>156</ns3:hr>
            <ns3:cad>86</ns3:cad>
          </ns3:TrackPointExtension>
        </extensions>
      </trkpt>
      <trkpt lat="31.02174843661487102508544921875" lon="121.4237893559038639068603515625">
        <ele>8</ele>
        <time>2026-06-02T12:14:54.000Z</time>
        <extensions>
          <ns3:TrackPointExtension>
            <ns3:hr>156</ns3:hr>
            <ns3:cad>86</ns3:cad>
          </ns3:TrackPointExtension>
        </extensions>
      </trkpt>
      <trkpt lat="31.021764613687992095947265625" lon="121.42376915551722049713134765625">
        <ele>8</ele>
        <time>2026-06-02T12:14:55.000Z</time>
        <extensions>
          <ns3:TrackPointExtension>
            <ns3:hr>156</ns3:hr>
            <ns3:cad>85</ns3:cad>
          </ns3:TrackPointExtension>
        </extensions>
      </trkpt>
      <trkpt lat="31.02178917266428470611572265625" lon="121.42374585382640361785888671875">
        <ele>8</ele>
        <time>2026-06-02T12:14:56.000Z</time>
        <extensions>
          <ns3:TrackPointExtension>
            <ns3:hr>156</ns3:hr>
            <ns3:cad>84</ns3:cad>
          </ns3:TrackPointExtension>
        </extensions>
      </trkpt>
      <trkpt lat="31.02179738692939281463623046875" lon="121.42372590489685535430908203125">
        <ele>8</ele>
        <time>2026-06-02T12:14:57.000Z</time>
        <extensions>
          <ns3:TrackPointExtension>
            <ns3:hr>156</ns3:hr>
            <ns3:cad>84</ns3:cad>
          </ns3:TrackPointExtension>
        </extensions>
      </trkpt>
      <trkpt lat="31.021815575659275054931640625" lon="121.42369874753057956695556640625">
        <ele>8</ele>
        <time>2026-06-02T12:14:58.000Z</time>
        <extensions>
          <ns3:TrackPointExtension>
            <ns3:hr>156</ns3:hr>
            <ns3:cad>84</ns3:cad>
          </ns3:TrackPointExtension>
        </extensions>
      </trkpt>
      <trkpt lat="31.02182437665760517120361328125" lon="121.42367410473525524139404296875">
        <ele>8</ele>
        <time>2026-06-02T12:14:59.000Z</time>
        <extensions>
          <ns3:TrackPointExtension>
            <ns3:hr>156</ns3:hr>
            <ns3:cad>85</ns3:cad>
          </ns3:TrackPointExtension>
        </extensions>
      </trkpt>
      <trkpt lat="31.0218325071036815643310546875" lon="121.423649378120899200439453125">
        <ele>8</ele>
        <time>2026-06-02T12:15:00.000Z</time>
        <extensions>
          <ns3:TrackPointExtension>
            <ns3:hr>156</ns3:hr>
            <ns3:cad>85</ns3:cad>
          </ns3:TrackPointExtension>
        </extensions>
      </trkpt>
      <trkpt lat="31.02184616960585117340087890625" lon="121.4236217178404331207275390625">
        <ele>8</ele>
        <time>2026-06-02T12:15:01.000Z</time>
        <extensions>
          <ns3:TrackPointExtension>
            <ns3:hr>156</ns3:hr>
            <ns3:cad>85</ns3:cad>
          </ns3:TrackPointExtension>
        </extensions>
      </trkpt>
      <trkpt lat="31.021849773824214935302734375" lon="121.42359732650220394134521484375">
        <ele>8</ele>
        <time>2026-06-02T12:15:02.000Z</time>
        <extensions>
          <ns3:TrackPointExtension>
            <ns3:hr>156</ns3:hr>
            <ns3:cad>85</ns3:cad>
          </ns3:TrackPointExtension>
        </extensions>
      </trkpt>
      <trkpt lat="31.0218596644699573516845703125" lon="121.42356296069920063018798828125">
        <ele>8</ele>
        <time>2026-06-02T12:15:03.000Z</time>
        <extensions>
          <ns3:TrackPointExtension>
            <ns3:hr>157</ns3:hr>
            <ns3:cad>85</ns3:cad>
          </ns3:TrackPointExtension>
        </extensions>
      </trkpt>
      <trkpt lat="31.0218620114028453826904296875" lon="121.42353630624711513519287109375">
        <ele>8</ele>
        <time>2026-06-02T12:15:04.000Z</time>
        <extensions>
          <ns3:TrackPointExtension>
            <ns3:hr>157</ns3:hr>
            <ns3:cad>85</ns3:cad>
          </ns3:TrackPointExtension>
        </extensions>
      </trkpt>
      <trkpt lat="31.0218633525073528289794921875" lon="121.4235023595392704010009765625">
        <ele>8.19999980926513671875</ele>
        <time>2026-06-02T12:15:05.000Z</time>
        <extensions>
          <ns3:TrackPointExtension>
            <ns3:hr>157</ns3:hr>
            <ns3:cad>86</ns3:cad>
          </ns3:TrackPointExtension>
        </extensions>
      </trkpt>
      <trkpt lat="31.02186553180217742919921875" lon="121.42347000539302825927734375">
        <ele>8.19999980926513671875</ele>
        <time>2026-06-02T12:15:06.000Z</time>
        <extensions>
          <ns3:TrackPointExtension>
            <ns3:hr>157</ns3:hr>
            <ns3:cad>86</ns3:cad>
          </ns3:TrackPointExtension>
        </extensions>
      </trkpt>
      <trkpt lat="31.021863184869289398193359375" lon="121.42344058491289615631103515625">
        <ele>8</ele>
        <time>2026-06-02T12:15:07.000Z</time>
        <extensions>
          <ns3:TrackPointExtension>
            <ns3:hr>157</ns3:hr>
            <ns3:cad>86</ns3:cad>
          </ns3:TrackPointExtension>
        </extensions>
      </trkpt>
      <trkpt lat="31.0218630172312259674072265625" lon="121.4234049618244171142578125">
        <ele>8</ele>
        <time>2026-06-02T12:15:08.000Z</time>
        <extensions>
          <ns3:TrackPointExtension>
            <ns3:hr>157</ns3:hr>
            <ns3:cad>85</ns3:cad>
          </ns3:TrackPointExtension>
        </extensions>
      </trkpt>
      <trkpt lat="31.021856479346752166748046875" lon="121.423379480838775634765625">
        <ele>8.19999980926513671875</ele>
        <time>2026-06-02T12:15:09.000Z</time>
        <extensions>
          <ns3:TrackPointExtension>
            <ns3:hr>157</ns3:hr>
            <ns3:cad>85</ns3:cad>
          </ns3:TrackPointExtension>
        </extensions>
      </trkpt>
      <trkpt lat="31.0218489356338977813720703125" lon="121.42334301955997943878173828125">
        <ele>8</ele>
        <time>2026-06-02T12:15:10.000Z</time>
        <extensions>
          <ns3:TrackPointExtension>
            <ns3:hr>157</ns3:hr>
            <ns3:cad>85</ns3:cad>
          </ns3:TrackPointExtension>
        </extensions>
      </trkpt>
      <trkpt lat="31.02183996699750423431396484375" lon="121.42331653274595737457275390625">
        <ele>8.19999980926513671875</ele>
        <time>2026-06-02T12:15:11.000Z</time>
        <extensions>
          <ns3:TrackPointExtension>
            <ns3:hr>157</ns3:hr>
            <ns3:cad>84</ns3:cad>
          </ns3:TrackPointExtension>
        </extensions>
      </trkpt>
      <trkpt lat="31.02182538248598575592041015625" lon="121.4232887886464595794677734375">
        <ele>8.19999980926513671875</ele>
        <time>2026-06-02T12:15:12.000Z</time>
        <extensions>
          <ns3:TrackPointExtension>
            <ns3:hr>157</ns3:hr>
            <ns3:cad>84</ns3:cad>
          </ns3:TrackPointExtension>
        </extensions>
      </trkpt>
      <trkpt lat="31.02181591093540191650390625" lon="121.42325676977634429931640625">
        <ele>8</ele>
        <time>2026-06-02T12:15:13.000Z</time>
        <extensions>
          <ns3:TrackPointExtension>
            <ns3:hr>158</ns3:hr>
            <ns3:cad>84</ns3:cad>
          </ns3:TrackPointExtension>
        </extensions>
      </trkpt>
      <trkpt lat="31.02180275134742259979248046875" lon="121.42322994768619537353515625">
        <ele>8.19999980926513671875</ele>
        <time>2026-06-02T12:15:14.000Z</time>
        <extensions>
          <ns3:TrackPointExtension>
            <ns3:hr>158</ns3:hr>
            <ns3:cad>84</ns3:cad>
          </ns3:TrackPointExtension>
        </extensions>
      </trkpt>
      <trkpt lat="31.0217870771884918212890625" lon="121.42319901846349239349365234375">
        <ele>8.19999980926513671875</ele>
        <time>2026-06-02T12:15:15.000Z</time>
        <extensions>
          <ns3:TrackPointExtension>
            <ns3:hr>157</ns3:hr>
            <ns3:cad>85</ns3:cad>
          </ns3:TrackPointExtension>
        </extensions>
      </trkpt>
      <trkpt lat="31.0217751748859882354736328125" lon="121.42317722551524639129638671875">
        <ele>8.19999980926513671875</ele>
        <time>2026-06-02T12:15:16.000Z</time>
        <extensions>
          <ns3:TrackPointExtension>
            <ns3:hr>157</ns3:hr>
            <ns3:cad>85</ns3:cad>
          </ns3:TrackPointExtension>
        </extensions>
      </trkpt>
      <trkpt lat="31.0217600874602794647216796875" lon="121.42315350472927093505859375">
        <ele>8.19999980926513671875</ele>
        <time>2026-06-02T12:15:17.000Z</time>
        <extensions>
          <ns3:TrackPointExtension>
            <ns3:hr>157</ns3:hr>
            <ns3:cad>85</ns3:cad>
          </ns3:TrackPointExtension>
        </extensions>
      </trkpt>
      <trkpt lat="31.0217439942061901092529296875" lon="121.4231308735907077789306640625">
        <ele>8.19999980926513671875</ele>
        <time>2026-06-02T12:15:18.000Z</time>
        <extensions>
          <ns3:TrackPointExtension>
            <ns3:hr>158</ns3:hr>
            <ns3:cad>84</ns3:cad>
          </ns3:TrackPointExtension>
        </extensions>
      </trkpt>
      <trkpt lat="31.0217245481908321380615234375" lon="121.42311821691691875457763671875">
        <ele>8</ele>
        <time>2026-06-02T12:15:19.000Z</time>
        <extensions>
          <ns3:TrackPointExtension>
            <ns3:hr>158</ns3:hr>
            <ns3:cad>85</ns3:cad>
          </ns3:TrackPointExtension>
        </extensions>
      </trkpt>
      <trkpt lat="31.0217064432799816131591796875" lon="121.42309122718870639801025390625">
        <ele>8</ele>
        <time>2026-06-02T12:15:20.000Z</time>
        <extensions>
          <ns3:TrackPointExtension>
            <ns3:hr>158</ns3:hr>
            <ns3:cad>85</ns3:cad>
          </ns3:TrackPointExtension>
        </extensions>
      </trkpt>
      <trkpt lat="31.021687500178813934326171875" lon="121.42307437956333160400390625">
        <ele>8</ele>
        <time>2026-06-02T12:15:21.000Z</time>
        <extensions>
          <ns3:TrackPointExtension>
            <ns3:hr>158</ns3:hr>
            <ns3:cad>85</ns3:cad>
          </ns3:TrackPointExtension>
        </extensions>
      </trkpt>
      <trkpt lat="31.0216638632118701934814453125" lon="121.423056609928607940673828125">
        <ele>8.19999980926513671875</ele>
        <time>2026-06-02T12:15:22.000Z</time>
        <extensions>
          <ns3:TrackPointExtension>
            <ns3:hr>158</ns3:hr>
            <ns3:cad>85</ns3:cad>
          </ns3:TrackPointExtension>
        </extensions>
      </trkpt>
      <trkpt lat="31.02164424955844879150390625" lon="121.42303816974163055419921875">
        <ele>8</ele>
        <time>2026-06-02T12:15:23.000Z</time>
        <extensions>
          <ns3:TrackPointExtension>
            <ns3:hr>159</ns3:hr>
            <ns3:cad>85</ns3:cad>
          </ns3:TrackPointExtension>
        </extensions>
      </trkpt>
      <trkpt lat="31.02162321098148822784423828125" lon="121.423028446733951568603515625">
        <ele>8</ele>
        <time>2026-06-02T12:15:24.000Z</time>
        <extensions>
          <ns3:TrackPointExtension>
            <ns3:hr>159</ns3:hr>
            <ns3:cad>83</ns3:cad>
          </ns3:TrackPointExtension>
        </extensions>
      </trkpt>
      <trkpt lat="31.02159789763391017913818359375" lon="121.4230120182037353515625">
        <ele>8</ele>
        <time>2026-06-02T12:15:25.000Z</time>
        <extensions>
          <ns3:TrackPointExtension>
            <ns3:hr>159</ns3:hr>
            <ns3:cad>83</ns3:cad>
          </ns3:TrackPointExtension>
        </extensions>
      </trkpt>
      <trkpt lat="31.02157593704760074615478515625" lon="121.42300237901508808135986328125">
        <ele>7.80000019073486328125</ele>
        <time>2026-06-02T12:15:26.000Z</time>
        <extensions>
          <ns3:TrackPointExtension>
            <ns3:hr>159</ns3:hr>
            <ns3:cad>83</ns3:cad>
          </ns3:TrackPointExtension>
        </extensions>
      </trkpt>
      <trkpt lat="31.0215505398809909820556640625" lon="121.42299751751124858856201171875">
        <ele>7.599999904632568359375</ele>
        <time>2026-06-02T12:15:27.000Z</time>
        <extensions>
          <ns3:TrackPointExtension>
            <ns3:hr>159</ns3:hr>
            <ns3:cad>84</ns3:cad>
          </ns3:TrackPointExtension>
        </extensions>
      </trkpt>
      <trkpt lat="31.021521873772144317626953125" lon="121.42298561520874500274658203125">
        <ele>7.80000019073486328125</ele>
        <time>2026-06-02T12:15:28.000Z</time>
        <extensions>
          <ns3:TrackPointExtension>
            <ns3:hr>159</ns3:hr>
            <ns3:cad>84</ns3:cad>
          </ns3:TrackPointExtension>
        </extensions>
      </trkpt>
      <trkpt lat="31.02149941027164459228515625" lon="121.42298377119004726409912109375">
        <ele>7.80000019073486328125</ele>
        <time>2026-06-02T12:15:29.000Z</time>
        <extensions>
          <ns3:TrackPointExtension>
            <ns3:hr>159</ns3:hr>
            <ns3:cad>84</ns3:cad>
          </ns3:TrackPointExtension>
        </extensions>
      </trkpt>
      <trkpt lat="31.0214704088866710662841796875" lon="121.4229783229529857635498046875">
        <ele>8</ele>
        <time>2026-06-02T12:15:30.000Z</time>
        <extensions>
          <ns3:TrackPointExtension>
            <ns3:hr>159</ns3:hr>
            <ns3:cad>84</ns3:cad>
          </ns3:TrackPointExtension>
        </extensions>
      </trkpt>
      <trkpt lat="31.02144836448132991790771484375" lon="121.4229786582291126251220703125">
        <ele>8</ele>
        <time>2026-06-02T12:15:31.000Z</time>
        <extensions>
          <ns3:TrackPointExtension>
            <ns3:hr>159</ns3:hr>
            <ns3:cad>83</ns3:cad>
          </ns3:TrackPointExtension>
        </extensions>
      </trkpt>
      <trkpt lat="31.0214217938482761383056640625" lon="121.4229830168187618255615234375">
        <ele>8</ele>
        <time>2026-06-02T12:15:32.000Z</time>
        <extensions>
          <ns3:TrackPointExtension>
            <ns3:hr>159</ns3:hr>
            <ns3:cad>83</ns3:cad>
          </ns3:TrackPointExtension>
        </extensions>
      </trkpt>
      <trkpt lat="31.021396815776824951171875" lon="121.4229865372180938720703125">
        <ele>8</ele>
        <time>2026-06-02T12:15:33.000Z</time>
        <extensions>
          <ns3:TrackPointExtension>
            <ns3:hr>160</ns3:hr>
            <ns3:cad>83</ns3:cad>
          </ns3:TrackPointExtension>
        </extensions>
      </trkpt>
      <trkpt lat="31.02136773057281970977783203125" lon="121.42299718223512172698974609375">
        <ele>8</ele>
        <time>2026-06-02T12:15:34.000Z</time>
        <extensions>
          <ns3:TrackPointExtension>
            <ns3:hr>160</ns3:hr>
            <ns3:cad>83</ns3:cad>
          </ns3:TrackPointExtension>
        </extensions>
      </trkpt>
      <trkpt lat="31.02132380940020084381103515625" lon="121.4230051450431346893310546875">
        <ele>7.599999904632568359375</ele>
        <time>2026-06-02T12:15:35.000Z</time>
        <extensions>
          <ns3:TrackPointExtension>
            <ns3:hr>160</ns3:hr>
            <ns3:cad>83</ns3:cad>
          </ns3:TrackPointExtension>
        </extensions>
      </trkpt>
      <trkpt lat="31.02127133868634700775146484375" lon="121.42302936874330043792724609375">
        <ele>7.599999904632568359375</ele>
        <time>2026-06-02T12:15:36.000Z</time>
        <extensions>
          <ns3:TrackPointExtension>
            <ns3:hr>160</ns3:hr>
            <ns3:cad>83</ns3:cad>
          </ns3:TrackPointExtension>
        </extensions>
      </trkpt>
      <trkpt lat="31.02123177610337734222412109375" lon="121.42304277978837490081787109375">
        <ele>7.400000095367431640625</ele>
        <time>2026-06-02T12:15:37.000Z</time>
        <extensions>
          <ns3:TrackPointExtension>
            <ns3:hr>160</ns3:hr>
            <ns3:cad>83</ns3:cad>
          </ns3:TrackPointExtension>
        </extensions>
      </trkpt>
      <trkpt lat="31.02117997594177722930908203125" lon="121.42306633293628692626953125">
        <ele>7.19999980926513671875</ele>
        <time>2026-06-02T12:15:38.000Z</time>
        <extensions>
          <ns3:TrackPointExtension>
            <ns3:hr>161</ns3:hr>
            <ns3:cad>0</ns3:cad>
          </ns3:TrackPointExtension>
        </extensions>
      </trkpt>
      <trkpt lat="31.02112364955246448516845703125" lon="121.42309558577835559844970703125">
        <ele>7.19999980926513671875</ele>
        <time>2026-06-02T12:15:39.000Z</time>
        <extensions>
          <ns3:TrackPointExtension>
            <ns3:hr>161</ns3:hr>
            <ns3:cad>93</ns3:cad>
          </ns3:TrackPointExtension>
        </extensions>
      </trkpt>
      <trkpt lat="31.0210788063704967498779296875" lon="121.4231218211352825164794921875">
        <ele>7</ele>
        <time>2026-06-02T12:15:40.000Z</time>
        <extensions>
          <ns3:TrackPointExtension>
            <ns3:hr>161</ns3:hr>
            <ns3:cad>93</ns3:cad>
          </ns3:TrackPointExtension>
        </extensions>
      </trkpt>
      <trkpt lat="31.02102859877049922943115234375" lon="121.4231407642364501953125">
        <ele>7</ele>
        <time>2026-06-02T12:15:41.000Z</time>
        <extensions>
          <ns3:TrackPointExtension>
            <ns3:hr>162</ns3:hr>
            <ns3:cad>93</ns3:cad>
          </ns3:TrackPointExtension>
        </extensions>
      </trkpt>
      <trkpt lat="31.02098115719854831695556640625" lon="121.4231680892407894134521484375">
        <ele>7.19999980926513671875</ele>
        <time>2026-06-02T12:15:42.000Z</time>
        <extensions>
          <ns3:TrackPointExtension>
            <ns3:hr>163</ns3:hr>
            <ns3:cad>99</ns3:cad>
          </ns3:TrackPointExtension>
        </extensions>
      </trkpt>
      <trkpt lat="31.0209421813488006591796875" lon="121.4231918938457965850830078125">
        <ele>7.19999980926513671875</ele>
        <time>2026-06-02T12:15:43.000Z</time>
        <extensions>
          <ns3:TrackPointExtension>
            <ns3:hr>163</ns3:hr>
            <ns3:cad>100</ns3:cad>
          </ns3:TrackPointExtension>
        </extensions>
      </trkpt>
      <trkpt lat="31.020899601280689239501953125" lon="121.42321460880339145660400390625">
        <ele>7.19999980926513671875</ele>
        <time>2026-06-02T12:15:44.000Z</time>
        <extensions>
          <ns3:TrackPointExtension>
            <ns3:hr>164</ns3:hr>
            <ns3:cad>100</ns3:cad>
          </ns3:TrackPointExtension>
        </extensions>
      </trkpt>
      <trkpt lat="31.02086666040122509002685546875" lon="121.42323019914329051971435546875">
        <ele>7.400000095367431640625</ele>
        <time>2026-06-02T12:15:45.000Z</time>
        <extensions>
          <ns3:TrackPointExtension>
            <ns3:hr>164</ns3:hr>
            <ns3:cad>100</ns3:cad>
          </ns3:TrackPointExtension>
        </extensions>
      </trkpt>
      <trkpt lat="31.02083095349371433258056640625" lon="121.42323925159871578216552734375">
        <ele>7.599999904632568359375</ele>
        <time>2026-06-02T12:15:46.000Z</time>
        <extensions>
          <ns3:TrackPointExtension>
            <ns3:hr>164</ns3:hr>
            <ns3:cad>100</ns3:cad>
          </ns3:TrackPointExtension>
        </extensions>
      </trkpt>
      <trkpt lat="31.02080647833645343780517578125" lon="121.4232579432427883148193359375">
        <ele>7.80000019073486328125</ele>
        <time>2026-06-02T12:15:47.000Z</time>
        <extensions>
          <ns3:TrackPointExtension>
            <ns3:hr>164</ns3:hr>
            <ns3:cad>100</ns3:cad>
          </ns3:TrackPointExtension>
        </extensions>
      </trkpt>
      <trkpt lat="31.02078585885465145111083984375" lon="121.42327160574495792388916015625">
        <ele>7.80000019073486328125</ele>
        <time>2026-06-02T12:15:48.000Z</time>
        <extensions>
          <ns3:TrackPointExtension>
            <ns3:hr>165</ns3:hr>
            <ns3:cad>100</ns3:cad>
          </ns3:TrackPointExtension>
        </extensions>
      </trkpt>
      <trkpt lat="31.02076004259288311004638671875" lon="121.42327713780105113983154296875">
        <ele>7.80000019073486328125</ele>
        <time>2026-06-02T12:15:49.000Z</time>
        <extensions>
          <ns3:TrackPointExtension>
            <ns3:hr>166</ns3:hr>
            <ns3:cad>100</ns3:cad>
          </ns3:TrackPointExtension>
        </extensions>
      </trkpt>
      <trkpt lat="31.0207411833107471466064453125" lon="121.42328652553260326385498046875">
        <ele>7.80000019073486328125</ele>
        <time>2026-06-02T12:15:50.000Z</time>
        <extensions>
          <ns3:TrackPointExtension>
            <ns3:hr>167</ns3:hr>
            <ns3:cad>100</ns3:cad>
          </ns3:TrackPointExtension>
        </extensions>
      </trkpt>
      <trkpt lat="31.02072131820023059844970703125" lon="121.42329893074929714202880859375">
        <ele>7.80000019073486328125</ele>
        <time>2026-06-02T12:15:51.000Z</time>
        <extensions>
          <ns3:TrackPointExtension>
            <ns3:hr>167</ns3:hr>
            <ns3:cad>85</ns3:cad>
          </ns3:TrackPointExtension>
        </extensions>
      </trkpt>
      <trkpt lat="31.02069734595715999603271484375" lon="121.4233021996915340423583984375">
        <ele>7.80000019073486328125</ele>
        <time>2026-06-02T12:15:52.000Z</time>
        <extensions>
          <ns3:TrackPointExtension>
            <ns3:hr>167</ns3:hr>
            <ns3:cad>85</ns3:cad>
          </ns3:TrackPointExtension>
        </extensions>
      </trkpt>
      <trkpt lat="31.0206766426563262939453125" lon="121.42331250943243503570556640625">
        <ele>7.80000019073486328125</ele>
        <time>2026-06-02T12:15:53.000Z</time>
        <extensions>
          <ns3:TrackPointExtension>
            <ns3:hr>166</ns3:hr>
            <ns3:cad>84</ns3:cad>
          </ns3:TrackPointExtension>
        </extensions>
      </trkpt>
      <trkpt lat="31.02065225131809711456298828125" lon="121.42332642339169979095458984375">
        <ele>7.80000019073486328125</ele>
        <time>2026-06-02T12:15:54.000Z</time>
        <extensions>
          <ns3:TrackPointExtension>
            <ns3:hr>166</ns3:hr>
            <ns3:cad>82</ns3:cad>
          </ns3:TrackPointExtension>
        </extensions>
      </trkpt>
      <trkpt lat="31.02063347585499286651611328125" lon="121.4233377389609813690185546875">
        <ele>7.80000019073486328125</ele>
        <time>2026-06-02T12:15:55.000Z</time>
        <extensions>
          <ns3:TrackPointExtension>
            <ns3:hr>166</ns3:hr>
            <ns3:cad>82</ns3:cad>
          </ns3:TrackPointExtension>
        </extensions>
      </trkpt>
      <trkpt lat="31.0206154547631740570068359375" lon="121.4233545027673244476318359375">
        <ele>7.80000019073486328125</ele>
        <time>2026-06-02T12:15:56.000Z</time>
        <extensions>
          <ns3:TrackPointExtension>
            <ns3:hr>166</ns3:hr>
            <ns3:cad>82</ns3:cad>
          </ns3:TrackPointExtension>
        </extensions>
      </trkpt>
      <trkpt lat="31.02059123106300830841064453125" lon="121.42336179502308368682861328125">
        <ele>7.599999904632568359375</ele>
        <time>2026-06-02T12:15:57.000Z</time>
        <extensions>
          <ns3:TrackPointExtension>
            <ns3:hr>165</ns3:hr>
            <ns3:cad>82</ns3:cad>
          </ns3:TrackPointExtension>
        </extensions>
      </trkpt>
      <trkpt lat="31.020571701228618621826171875" lon="121.42337336204946041107177734375">
        <ele>7.599999904632568359375</ele>
        <time>2026-06-02T12:15:58.000Z</time>
        <extensions>
          <ns3:TrackPointExtension>
            <ns3:hr>165</ns3:hr>
            <ns3:cad>83</ns3:cad>
          </ns3:TrackPointExtension>
        </extensions>
      </trkpt>
      <trkpt lat="31.020552255213260650634765625" lon="121.4233987592160701751708984375">
        <ele>7.599999904632568359375</ele>
        <time>2026-06-02T12:15:59.000Z</time>
        <extensions>
          <ns3:TrackPointExtension>
            <ns3:hr>165</ns3:hr>
            <ns3:cad>83</ns3:cad>
          </ns3:TrackPointExtension>
        </extensions>
      </trkpt>
      <trkpt lat="31.02053574286401271820068359375" lon="121.42341636121273040771484375">
        <ele>7.599999904632568359375</ele>
        <time>2026-06-02T12:16:00.000Z</time>
        <extensions>
          <ns3:TrackPointExtension>
            <ns3:hr>164</ns3:hr>
            <ns3:cad>83</ns3:cad>
          </ns3:TrackPointExtension>
        </extensions>
      </trkpt>
      <trkpt lat="31.02052467875182628631591796875" lon="121.423435471951961517333984375">
        <ele>7.599999904632568359375</ele>
        <time>2026-06-02T12:16:01.000Z</time>
        <extensions>
          <ns3:TrackPointExtension>
            <ns3:hr>163</ns3:hr>
            <ns3:cad>83</ns3:cad>
          </ns3:TrackPointExtension>
        </extensions>
      </trkpt>
      <trkpt lat="31.0205074958503246307373046875" lon="121.42345516942441463470458984375">
        <ele>7.80000019073486328125</ele>
        <time>2026-06-02T12:16:02.000Z</time>
        <extensions>
          <ns3:TrackPointExtension>
            <ns3:hr>162</ns3:hr>
            <ns3:cad>83</ns3:cad>
          </ns3:TrackPointExtension>
        </extensions>
      </trkpt>
      <trkpt lat="31.02049953304231166839599609375" lon="121.4234718494117259979248046875">
        <ele>7.80000019073486328125</ele>
        <time>2026-06-02T12:16:03.000Z</time>
        <extensions>
          <ns3:TrackPointExtension>
            <ns3:hr>160</ns3:hr>
            <ns3:cad>83</ns3:cad>
          </ns3:TrackPointExtension>
        </extensions>
      </trkpt>
      <trkpt lat="31.02048679254949092864990234375" lon="121.4234909601509571075439453125">
        <ele>7.80000019073486328125</ele>
        <time>2026-06-02T12:16:04.000Z</time>
        <extensions>
          <ns3:TrackPointExtension>
            <ns3:hr>158</ns3:hr>
            <ns3:cad>83</ns3:cad>
          </ns3:TrackPointExtension>
        </extensions>
      </trkpt>
      <trkpt lat="31.0204674303531646728515625" lon="121.42348886467516422271728515625">
        <ele>7.80000019073486328125</ele>
        <time>2026-06-02T12:16:05.000Z</time>
        <extensions>
          <ns3:TrackPointExtension>
            <ns3:hr>157</ns3:hr>
            <ns3:cad>83</ns3:cad>
          </ns3:TrackPointExtension>
        </extensions>
      </trkpt>
      <trkpt lat="31.02045292966067790985107421875" lon="121.42348609864711761474609375">
        <ele>8</ele>
        <time>2026-06-02T12:16:06.000Z</time>
        <extensions>
          <ns3:TrackPointExtension>
            <ns3:hr>156</ns3:hr>
            <ns3:cad>83</ns3:cad>
          </ns3:TrackPointExtension>
        </extensions>
      </trkpt>
      <trkpt lat="31.02044018916785717010498046875" lon="121.42348752357065677642822265625">
        <ele>8</ele>
        <time>2026-06-02T12:16:07.000Z</time>
        <extensions>
          <ns3:TrackPointExtension>
            <ns3:hr>156</ns3:hr>
            <ns3:cad>83</ns3:cad>
          </ns3:TrackPointExtension>
        </extensions>
      </trkpt>
      <trkpt lat="31.02042728103697299957275390625" lon="121.42349238507449626922607421875">
        <ele>8.19999980926513671875</ele>
        <time>2026-06-02T12:16:08.000Z</time>
        <extensions>
          <ns3:TrackPointExtension>
            <ns3:hr>156</ns3:hr>
            <ns3:cad>83</ns3:cad>
          </ns3:TrackPointExtension>
        </extensions>
      </trkpt>
      <trkpt lat="31.02041973732411861419677734375" lon="121.4235037006437778472900390625">
        <ele>8.19999980926513671875</ele>
        <time>2026-06-02T12:16:09.000Z</time>
        <extensions>
          <ns3:TrackPointExtension>
            <ns3:hr>156</ns3:hr>
            <ns3:cad>83</ns3:cad>
          </ns3:TrackPointExtension>
        </extensions>
      </trkpt>
      <trkpt lat="31.02041470818221569061279296875" lon="121.42351669259369373321533203125">
        <ele>8</ele>
        <time>2026-06-02T12:16:10.000Z</time>
        <extensions>
          <ns3:TrackPointExtension>
            <ns3:hr>155</ns3:hr>
            <ns3:cad>0</ns3:cad>
          </ns3:TrackPointExtension>
        </extensions>
      </trkpt>
      <trkpt lat="31.02041177451610565185546875" lon="121.42352926544845104217529296875">
        <ele>8</ele>
        <time>2026-06-02T12:16:11.000Z</time>
        <extensions>
          <ns3:TrackPointExtension>
            <ns3:hr>155</ns3:hr>
            <ns3:cad>0</ns3:cad>
          </ns3:TrackPointExtension>
        </extensions>
      </trkpt>
      <trkpt lat="31.02041252888739109039306640625" lon="121.4235385693609714508056640625">
        <ele>8</ele>
        <time>2026-06-02T12:16:12.000Z</time>
        <extensions>
          <ns3:TrackPointExtension>
            <ns3:hr>154</ns3:hr>
            <ns3:cad>0</ns3:cad>
          </ns3:TrackPointExtension>
        </extensions>
      </trkpt>
      <trkpt lat="31.0204152949154376983642578125" lon="121.4235435985028743743896484375">
        <ele>8</ele>
        <time>2026-06-02T12:16:13.000Z</time>
        <extensions>
          <ns3:TrackPointExtension>
            <ns3:hr>153</ns3:hr>
            <ns3:cad>53</ns3:cad>
          </ns3:TrackPointExtension>
        </extensions>
      </trkpt>
      <trkpt lat="31.02041336707770824432373046875" lon="121.42355072312057018280029296875">
        <ele>8</ele>
        <time>2026-06-02T12:16:14.000Z</time>
        <extensions>
          <ns3:TrackPointExtension>
            <ns3:hr>152</ns3:hr>
            <ns3:cad>53</ns3:cad>
          </ns3:TrackPointExtension>
        </extensions>
      </trkpt>
      <trkpt lat="31.02040984667837619781494140625" lon="121.4235658943653106689453125">
        <ele>8</ele>
        <time>2026-06-02T12:16:15.000Z</time>
        <extensions>
          <ns3:TrackPointExtension>
            <ns3:hr>149</ns3:hr>
            <ns3:cad>53</ns3:cad>
          </ns3:TrackPointExtension>
        </extensions>
      </trkpt>
      <trkpt lat="31.020403392612934112548828125" lon="121.42357653938233852386474609375">
        <ele>8</ele>
        <time>2026-06-02T12:16:16.000Z</time>
        <extensions>
          <ns3:TrackPointExtension>
            <ns3:hr>148</ns3:hr>
            <ns3:cad>53</ns3:cad>
          </ns3:TrackPointExtension>
        </extensions>
      </trkpt>
      <trkpt lat="31.02039794437587261199951171875" lon="121.423591710627079010009765625">
        <ele>8</ele>
        <time>2026-06-02T12:16:17.000Z</time>
        <extensions>
          <ns3:TrackPointExtension>
            <ns3:hr>147</ns3:hr>
            <ns3:cad>53</ns3:cad>
          </ns3:TrackPointExtension>
        </extensions>
      </trkpt>
      <trkpt lat="31.02039308287203311920166015625" lon="121.4236099831759929656982421875">
        <ele>8</ele>
        <time>2026-06-02T12:16:18.000Z</time>
        <extensions>
          <ns3:TrackPointExtension>
            <ns3:hr>146</ns3:hr>
            <ns3:cad>53</ns3:cad>
          </ns3:TrackPointExtension>
        </extensions>
      </trkpt>
      <trkpt lat="31.0203911550343036651611328125" lon="121.42362582497298717498779296875">
        <ele>8.19999980926513671875</ele>
        <time>2026-06-02T12:16:19.000Z</time>
        <extensions>
          <ns3:TrackPointExtension>
            <ns3:hr>146</ns3:hr>
            <ns3:cad>53</ns3:cad>
          </ns3:TrackPointExtension>
        </extensions>
      </trkpt>
      <trkpt lat="31.02039056830108165740966796875" lon="121.4236394874751567840576171875">
        <ele>8.19999980926513671875</ele>
        <time>2026-06-02T12:16:20.000Z</time>
        <extensions>
          <ns3:TrackPointExtension>
            <ns3:hr>145</ns3:hr>
            <ns3:cad>53</ns3:cad>
          </ns3:TrackPointExtension>
        </extensions>
      </trkpt>
      <trkpt lat="31.020390987396240234375" lon="121.42365314997732639312744140625">
        <ele>8.19999980926513671875</ele>
        <time>2026-06-02T12:16:21.000Z</time>
        <extensions>
          <ns3:TrackPointExtension>
            <ns3:hr>145</ns3:hr>
            <ns3:cad>53</ns3:cad>
          </ns3:TrackPointExtension>
        </extensions>
      </trkpt>
      <trkpt lat="31.02039308287203311920166015625" lon="121.42366446554660797119140625">
        <ele>8.19999980926513671875</ele>
        <time>2026-06-02T12:16:22.000Z</time>
        <extensions>
          <ns3:TrackPointExtension>
            <ns3:hr>144</ns3:hr>
            <ns3:cad>53</ns3:cad>
          </ns3:TrackPointExtension>
        </extensions>
      </trkpt>
      <trkpt lat="31.0203955136239528656005859375" lon="121.4236743561923503875732421875">
        <ele>8</ele>
        <time>2026-06-02T12:16:23.000Z</time>
        <extensions>
          <ns3:TrackPointExtension>
            <ns3:hr>144</ns3:hr>
            <ns3:cad>53</ns3:cad>
          </ns3:TrackPointExtension>
        </extensions>
      </trkpt>
      <trkpt lat="31.02039710618555545806884765625" lon="121.4236840792000293731689453125">
        <ele>8</ele>
        <time>2026-06-02T12:16:24.000Z</time>
        <extensions>
          <ns3:TrackPointExtension>
            <ns3:hr>144</ns3:hr>
            <ns3:cad>53</ns3:cad>
          </ns3:TrackPointExtension>
        </extensions>
      </trkpt>
      <trkpt lat="31.02039777673780918121337890625" lon="121.42369355075061321258544921875">
        <ele>7.80000019073486328125</ele>
        <time>2026-06-02T12:16:25.000Z</time>
        <extensions>
          <ns3:TrackPointExtension>
            <ns3:hr>144</ns3:hr>
            <ns3:cad>53</ns3:cad>
          </ns3:TrackPointExtension>
        </extensions>
      </trkpt>
      <trkpt lat="31.02039836347103118896484375" lon="121.4237038604915142059326171875">
        <ele>7.80000019073486328125</ele>
        <time>2026-06-02T12:16:26.000Z</time>
        <extensions>
          <ns3:TrackPointExtension>
            <ns3:hr>143</ns3:hr>
            <ns3:cad>58</ns3:cad>
          </ns3:TrackPointExtension>
        </extensions>
      </trkpt>
      <trkpt lat="31.020398698747158050537109375" lon="121.42371752299368381500244140625">
        <ele>7.80000019073486328125</ele>
        <time>2026-06-02T12:16:27.000Z</time>
        <extensions>
          <ns3:TrackPointExtension>
            <ns3:hr>143</ns3:hr>
            <ns3:cad>58</ns3:cad>
          </ns3:TrackPointExtension>
        </extensions>
      </trkpt>
      <trkpt lat="31.02039827965199947357177734375" lon="121.42372992821037769317626953125">
        <ele>7.80000019073486328125</ele>
        <time>2026-06-02T12:16:28.000Z</time>
        <extensions>
          <ns3:TrackPointExtension>
            <ns3:hr>142</ns3:hr>
            <ns3:cad>58</ns3:cad>
          </ns3:TrackPointExtension>
        </extensions>
      </trkpt>
      <trkpt lat="31.0203975252807140350341796875" lon="121.42374233342707157135009765625">
        <ele>7.80000019073486328125</ele>
        <time>2026-06-02T12:16:29.000Z</time>
        <extensions>
          <ns3:TrackPointExtension>
            <ns3:hr>141</ns3:hr>
            <ns3:cad>58</ns3:cad>
          </ns3:TrackPointExtension>
        </extensions>
      </trkpt>
      <trkpt lat="31.0203968547284603118896484375" lon="121.42375691793859004974365234375">
        <ele>7.80000019073486328125</ele>
        <time>2026-06-02T12:16:30.000Z</time>
        <extensions>
          <ns3:TrackPointExtension>
            <ns3:hr>139</ns3:hr>
            <ns3:cad>58</ns3:cad>
          </ns3:TrackPointExtension>
        </extensions>
      </trkpt>
      <trkpt lat="31.0203961841762065887451171875" lon="121.42377016134560108184814453125">
        <ele>7.599999904632568359375</ele>
        <time>2026-06-02T12:16:31.000Z</time>
        <extensions>
          <ns3:TrackPointExtension>
            <ns3:hr>138</ns3:hr>
            <ns3:cad>58</ns3:cad>
          </ns3:TrackPointExtension>
        </extensions>
      </trkpt>
      <trkpt lat="31.02039677090942859649658203125" lon="121.4237863384187221527099609375">
        <ele>7.599999904632568359375</ele>
        <time>2026-06-02T12:16:32.000Z</time>
        <extensions>
          <ns3:TrackPointExtension>
            <ns3:hr>138</ns3:hr>
            <ns3:cad>58</ns3:cad>
          </ns3:TrackPointExtension>
        </extensions>
      </trkpt>
      <trkpt lat="31.02039744146168231964111328125" lon="121.42380528151988983154296875">
        <ele>7.599999904632568359375</ele>
        <time>2026-06-02T12:16:33.000Z</time>
        <extensions>
          <ns3:TrackPointExtension>
            <ns3:hr>137</ns3:hr>
            <ns3:cad>58</ns3:cad>
          </ns3:TrackPointExtension>
        </extensions>
      </trkpt>
      <trkpt lat="31.02039945311844348907470703125" lon="121.423823051154613494873046875">
        <ele>7.599999904632568359375</ele>
        <time>2026-06-02T12:16:34.000Z</time>
        <extensions>
          <ns3:TrackPointExtension>
            <ns3:hr>137</ns3:hr>
            <ns3:cad>58</ns3:cad>
          </ns3:TrackPointExtension>
        </extensions>
      </trkpt>
      <trkpt lat="31.0204008780419826507568359375" lon="121.42383956350386142730712890625">
        <ele>7.599999904632568359375</ele>
        <time>2026-06-02T12:16:35.000Z</time>
        <extensions>
          <ns3:TrackPointExtension>
            <ns3:hr>136</ns3:hr>
            <ns3:cad>58</ns3:cad>
          </ns3:TrackPointExtension>
        </extensions>
      </trkpt>
      <trkpt lat="31.02040381170809268951416015625" lon="121.42385213635861873626708984375">
        <ele>7.599999904632568359375</ele>
        <time>2026-06-02T12:16:36.000Z</time>
        <extensions>
          <ns3:TrackPointExtension>
            <ns3:hr>136</ns3:hr>
            <ns3:cad>56</ns3:cad>
          </ns3:TrackPointExtension>
        </extensions>
      </trkpt>
      <trkpt lat="31.02040372788906097412109375" lon="121.42386470921337604522705078125">
        <ele>7.599999904632568359375</ele>
        <time>2026-06-02T12:16:37.000Z</time>
        <extensions>
          <ns3:TrackPointExtension>
            <ns3:hr>136</ns3:hr>
            <ns3:cad>56</ns3:cad>
          </ns3:TrackPointExtension>
        </extensions>
      </trkpt>
      <trkpt lat="31.02040833793580532073974609375" lon="121.42387191765010356903076171875">
        <ele>7.80000019073486328125</ele>
        <time>2026-06-02T12:16:38.000Z</time>
        <extensions>
          <ns3:TrackPointExtension>
            <ns3:hr>136</ns3:hr>
            <ns3:cad>56</ns3:cad>
          </ns3:TrackPointExtension>
        </extensions>
      </trkpt>
      <trkpt lat="31.02041252888739109039306640625" lon="121.423877365887165069580078125">
        <ele>7.80000019073486328125</ele>
        <time>2026-06-02T12:16:39.000Z</time>
        <extensions>
          <ns3:TrackPointExtension>
            <ns3:hr>136</ns3:hr>
            <ns3:cad>56</ns3:cad>
          </ns3:TrackPointExtension>
        </extensions>
      </trkpt>
      <trkpt lat="31.02041705511510372161865234375" lon="121.42388633452355861663818359375">
        <ele>7.80000019073486328125</ele>
        <time>2026-06-02T12:16:40.000Z</time>
        <extensions>
          <ns3:TrackPointExtension>
            <ns3:hr>135</ns3:hr>
            <ns3:cad>56</ns3:cad>
          </ns3:TrackPointExtension>
        </extensions>
      </trkpt>
      <trkpt lat="31.020420826971530914306640625" lon="121.42389521934092044830322265625">
        <ele>7.80000019073486328125</ele>
        <time>2026-06-02T12:16:41.000Z</time>
        <extensions>
          <ns3:TrackPointExtension>
            <ns3:hr>135</ns3:hr>
            <ns3:cad>55</ns3:cad>
          </ns3:TrackPointExtension>
        </extensions>
      </trkpt>
      <trkpt lat="31.02042376063764095306396484375" lon="121.423904858529567718505859375">
        <ele>7.80000019073486328125</ele>
        <time>2026-06-02T12:16:42.000Z</time>
        <extensions>
          <ns3:TrackPointExtension>
            <ns3:hr>134</ns3:hr>
            <ns3:cad>55</ns3:cad>
          </ns3:TrackPointExtension>
        </extensions>
      </trkpt>
      <trkpt lat="31.02042627520859241485595703125" lon="121.4239170961081981658935546875">
        <ele>7.599999904632568359375</ele>
        <time>2026-06-02T12:16:43.000Z</time>
        <extensions>
          <ns3:TrackPointExtension>
            <ns3:hr>133</ns3:hr>
            <ns3:cad>55</ns3:cad>
          </ns3:TrackPointExtension>
        </extensions>
      </trkpt>
      <trkpt lat="31.020430885255336761474609375" lon="121.4239306747913360595703125">
        <ele>7.599999904632568359375</ele>
        <time>2026-06-02T12:16:44.000Z</time>
        <extensions>
          <ns3:TrackPointExtension>
            <ns3:hr>133</ns3:hr>
            <ns3:cad>55</ns3:cad>
          </ns3:TrackPointExtension>
        </extensions>
      </trkpt>
      <trkpt lat="31.02043616585433483123779296875" lon="121.423945762217044830322265625">
        <ele>7.599999904632568359375</ele>
        <time>2026-06-02T12:16:45.000Z</time>
        <extensions>
          <ns3:TrackPointExtension>
            <ns3:hr>133</ns3:hr>
            <ns3:cad>56</ns3:cad>
          </ns3:TrackPointExtension>
        </extensions>
      </trkpt>
      <trkpt lat="31.0204407759010791778564453125" lon="121.4239628612995147705078125">
        <ele>7.599999904632568359375</ele>
        <time>2026-06-02T12:16:46.000Z</time>
        <extensions>
          <ns3:TrackPointExtension>
            <ns3:hr>132</ns3:hr>
            <ns3:cad>56</ns3:cad>
          </ns3:TrackPointExtension>
        </extensions>
      </trkpt>
      <trkpt lat="31.02044572122395038604736328125" lon="121.42397635616362094879150390625">
        <ele>7.80000019073486328125</ele>
        <time>2026-06-02T12:16:47.000Z</time>
        <extensions>
          <ns3:TrackPointExtension>
            <ns3:hr>133</ns3:hr>
            <ns3:cad>56</ns3:cad>
          </ns3:TrackPointExtension>
        </extensions>
      </trkpt>
      <trkpt lat="31.02045468986034393310546875" lon="121.42399060539901256561279296875">
        <ele>8</ele>
        <time>2026-06-02T12:16:48.000Z</time>
        <extensions>
          <ns3:TrackPointExtension>
            <ns3:hr>132</ns3:hr>
            <ns3:cad>56</ns3:cad>
          </ns3:TrackPointExtension>
        </extensions>
      </trkpt>
      <trkpt lat="31.020460389554500579833984375" lon="121.42400451935827732086181640625">
        <ele>8</ele>
        <time>2026-06-02T12:16:49.000Z</time>
        <extensions>
          <ns3:TrackPointExtension>
            <ns3:hr>132</ns3:hr>
            <ns3:cad>56</ns3:cad>
          </ns3:TrackPointExtension>
        </extensions>
      </trkpt>
      <trkpt lat="31.02046684361994266510009765625" lon="121.424015499651432037353515625">
        <ele>8</ele>
        <time>2026-06-02T12:16:50.000Z</time>
        <extensions>
          <ns3:TrackPointExtension>
            <ns3:hr>131</ns3:hr>
            <ns3:cad>56</ns3:cad>
          </ns3:TrackPointExtension>
        </extensions>
      </trkpt>
      <trkpt lat="31.020473800599575042724609375" lon="121.4240263961255550384521484375">
        <ele>8</ele>
        <time>2026-06-02T12:16:51.000Z</time>
        <extensions>
          <ns3:TrackPointExtension>
            <ns3:hr>130</ns3:hr>
            <ns3:cad>56</ns3:cad>
          </ns3:TrackPointExtension>
        </extensions>
      </trkpt>
      <trkpt lat="31.0204808413982391357421875" lon="121.42403704114258289337158203125">
        <ele>7.80000019073486328125</ele>
        <time>2026-06-02T12:16:52.000Z</time>
        <extensions>
          <ns3:TrackPointExtension>
            <ns3:hr>130</ns3:hr>
            <ns3:cad>0</ns3:cad>
          </ns3:TrackPointExtension>
        </extensions>
      </trkpt>
      <trkpt lat="31.0204880498349666595458984375" lon="121.42404525540769100189208984375">
        <ele>7.599999904632568359375</ele>
        <time>2026-06-02T12:16:53.000Z</time>
        <extensions>
          <ns3:TrackPointExtension>
            <ns3:hr>130</ns3:hr>
            <ns3:cad>0</ns3:cad>
          </ns3:TrackPointExtension>
        </extensions>
      </trkpt>
      <trkpt lat="31.02049450390040874481201171875" lon="121.4240515418350696563720703125">
        <ele>7.599999904632568359375</ele>
        <time>2026-06-02T12:16:54.000Z</time>
        <extensions>
          <ns3:TrackPointExtension>
            <ns3:hr>129</ns3:hr>
            <ns3:cad>0</ns3:cad>
          </ns3:TrackPointExtension>
        </extensions>
      </trkpt>
      <trkpt lat="31.020500957965850830078125" lon="121.42405598424375057220458984375">
        <ele>7.599999904632568359375</ele>
        <time>2026-06-02T12:16:55.000Z</time>
        <extensions>
          <ns3:TrackPointExtension>
            <ns3:hr>127</ns3:hr>
            <ns3:cad>0</ns3:cad>
          </ns3:TrackPointExtension>
        </extensions>
      </trkpt>
      <trkpt lat="31.0205081664025783538818359375" lon="121.42406185157597064971923828125">
        <ele>7.599999904632568359375</ele>
        <time>2026-06-02T12:16:56.000Z</time>
        <extensions>
          <ns3:TrackPointExtension>
            <ns3:hr>126</ns3:hr>
            <ns3:cad>57</ns3:cad>
          </ns3:TrackPointExtension>
        </extensions>
      </trkpt>
      <trkpt lat="31.020514033734798431396484375" lon="121.42406671307981014251708984375">
        <ele>7.599999904632568359375</ele>
        <time>2026-06-02T12:16:57.000Z</time>
        <extensions>
          <ns3:TrackPointExtension>
            <ns3:hr>125</ns3:hr>
            <ns3:cad>57</ns3:cad>
          </ns3:TrackPointExtension>
        </extensions>
      </trkpt>
      <trkpt lat="31.0205199010670185089111328125" lon="121.42407107166945934295654296875">
        <ele>7.599999904632568359375</ele>
        <time>2026-06-02T12:16:58.000Z</time>
        <extensions>
          <ns3:TrackPointExtension>
            <ns3:hr>124</ns3:hr>
            <ns3:cad>57</ns3:cad>
          </ns3:TrackPointExtension>
        </extensions>
      </trkpt>
      <trkpt lat="31.020527780055999755859375" lon="121.4240783639252185821533203125">
        <ele>7.599999904632568359375</ele>
        <time>2026-06-02T12:16:59.000Z</time>
        <extensions>
          <ns3:TrackPointExtension>
            <ns3:hr>124</ns3:hr>
            <ns3:cad>57</ns3:cad>
          </ns3:TrackPointExtension>
        </extensions>
      </trkpt>
      <trkpt lat="31.02053917944431304931640625" lon="121.424089260399341583251953125">
        <ele>7.599999904632568359375</ele>
        <time>2026-06-02T12:17:00.000Z</time>
        <extensions>
          <ns3:TrackPointExtension>
            <ns3:hr>125</ns3:hr>
            <ns3:cad>56</ns3:cad>
          </ns3:TrackPointExtension>
        </extensions>
      </trkpt>
      <trkpt lat="31.02054881863296031951904296875" lon="121.4240971393883228302001953125">
        <ele>7.80000019073486328125</ele>
        <time>2026-06-02T12:17:01.000Z</time>
        <extensions>
          <ns3:TrackPointExtension>
            <ns3:hr>125</ns3:hr>
            <ns3:cad>56</ns3:cad>
          </ns3:TrackPointExtension>
        </extensions>
      </trkpt>
      <trkpt lat="31.02055904455482959747314453125" lon="121.42410744912922382354736328125">
        <ele>7.80000019073486328125</ele>
        <time>2026-06-02T12:17:02.000Z</time>
        <extensions>
          <ns3:TrackPointExtension>
            <ns3:hr>125</ns3:hr>
            <ns3:cad>56</ns3:cad>
          </ns3:TrackPointExtension>
        </extensions>
      </trkpt>
      <trkpt lat="31.020574383437633514404296875" lon="121.42411717213690280914306640625">
        <ele>7.80000019073486328125</ele>
        <time>2026-06-02T12:17:03.000Z</time>
        <extensions>
          <ns3:TrackPointExtension>
            <ns3:hr>125</ns3:hr>
            <ns3:cad>56</ns3:cad>
          </ns3:TrackPointExtension>
        </extensions>
      </trkpt>
      <trkpt lat="31.02058586664497852325439453125" lon="121.424125470221042633056640625">
        <ele>7.80000019073486328125</ele>
        <time>2026-06-02T12:17:04.000Z</time>
        <extensions>
          <ns3:TrackPointExtension>
            <ns3:hr>124</ns3:hr>
            <ns3:cad>56</ns3:cad>
          </ns3:TrackPointExtension>
        </extensions>
      </trkpt>
      <trkpt lat="31.0205988585948944091796875" lon="121.42413360066711902618408203125">
        <ele>7.80000019073486328125</ele>
        <time>2026-06-02T12:17:05.000Z</time>
        <extensions>
          <ns3:TrackPointExtension>
            <ns3:hr>124</ns3:hr>
            <ns3:cad>56</ns3:cad>
          </ns3:TrackPointExtension>
        </extensions>
      </trkpt>
      <trkpt lat="31.02061034180223941802978515625" lon="121.4241403900086879730224609375">
        <ele>7.599999904632568359375</ele>
        <time>2026-06-02T12:17:06.000Z</time>
        <extensions>
          <ns3:TrackPointExtension>
            <ns3:hr>123</ns3:hr>
            <ns3:cad>56</ns3:cad>
          </ns3:TrackPointExtension>
        </extensions>
      </trkpt>
      <trkpt lat="31.02062375284731388092041015625" lon="121.42414835281670093536376953125">
        <ele>7.599999904632568359375</ele>
        <time>2026-06-02T12:17:07.000Z</time>
        <extensions>
          <ns3:TrackPointExtension>
            <ns3:hr>123</ns3:hr>
            <ns3:cad>55</ns3:cad>
          </ns3:TrackPointExtension>
        </extensions>
      </trkpt>
      <trkpt lat="31.02063515223562717437744140625" lon="121.424153633415699005126953125">
        <ele>7.599999904632568359375</ele>
        <time>2026-06-02T12:17:08.000Z</time>
        <extensions>
          <ns3:TrackPointExtension>
            <ns3:hr>122</ns3:hr>
            <ns3:cad>55</ns3:cad>
          </ns3:TrackPointExtension>
        </extensions>
      </trkpt>
      <trkpt lat="31.02064571343362331390380859375" lon="121.42415857873857021331787109375">
        <ele>7.400000095367431640625</ele>
        <time>2026-06-02T12:17:09.000Z</time>
        <extensions>
          <ns3:TrackPointExtension>
            <ns3:hr>122</ns3:hr>
            <ns3:cad>55</ns3:cad>
          </ns3:TrackPointExtension>
        </extensions>
      </trkpt>
      <trkpt lat="31.020658873021602630615234375" lon="121.42416444607079029083251953125">
        <ele>7.400000095367431640625</ele>
        <time>2026-06-02T12:17:10.000Z</time>
        <extensions>
          <ns3:TrackPointExtension>
            <ns3:hr>122</ns3:hr>
            <ns3:cad>55</ns3:cad>
          </ns3:TrackPointExtension>
        </extensions>
      </trkpt>
      <trkpt lat="31.02066951803863048553466796875" lon="121.42417115159332752227783203125">
        <ele>7.599999904632568359375</ele>
        <time>2026-06-02T12:17:11.000Z</time>
        <extensions>
          <ns3:TrackPointExtension>
            <ns3:hr>122</ns3:hr>
            <ns3:cad>56</ns3:cad>
          </ns3:TrackPointExtension>
        </extensions>
      </trkpt>
      <trkpt lat="31.02067957632243633270263671875" lon="121.42417215742170810699462890625">
        <ele>7.599999904632568359375</ele>
        <time>2026-06-02T12:17:12.000Z</time>
        <extensions>
          <ns3:TrackPointExtension>
            <ns3:hr>122</ns3:hr>
            <ns3:cad>57</ns3:cad>
          </ns3:TrackPointExtension>
        </extensions>
      </trkpt>
      <trkpt lat="31.02069030515849590301513671875" lon="121.42417517490684986114501953125">
        <ele>7.599999904632568359375</ele>
        <time>2026-06-02T12:17:13.000Z</time>
        <extensions>
          <ns3:TrackPointExtension>
            <ns3:hr>122</ns3:hr>
            <ns3:cad>57</ns3:cad>
          </ns3:TrackPointExtension>
        </extensions>
      </trkpt>
      <trkpt lat="31.02069885469973087310791015625" lon="121.42417953349649906158447265625">
        <ele>7.599999904632568359375</ele>
        <time>2026-06-02T12:17:14.000Z</time>
        <extensions>
          <ns3:TrackPointExtension>
            <ns3:hr>122</ns3:hr>
            <ns3:cad>57</ns3:cad>
          </ns3:TrackPointExtension>
        </extensions>
      </trkpt>
      <trkpt lat="31.02071008644998073577880859375" lon="121.42418573610484600067138671875">
        <ele>7.599999904632568359375</ele>
        <time>2026-06-02T12:17:15.000Z</time>
        <extensions>
          <ns3:TrackPointExtension>
            <ns3:hr>122</ns3:hr>
            <ns3:cad>57</ns3:cad>
          </ns3:TrackPointExtension>
        </extensions>
      </trkpt>
      <trkpt lat="31.02071913890540599822998046875" lon="121.4241879992187023162841796875">
        <ele>7.599999904632568359375</ele>
        <time>2026-06-02T12:17:16.000Z</time>
        <extensions>
          <ns3:TrackPointExtension>
            <ns3:hr>122</ns3:hr>
            <ns3:cad>57</ns3:cad>
          </ns3:TrackPointExtension>
        </extensions>
      </trkpt>
      <trkpt lat="31.02073095738887786865234375" lon="121.42419059760868549346923828125">
        <ele>7.599999904632568359375</ele>
        <time>2026-06-02T12:17:17.000Z</time>
        <extensions>
          <ns3:TrackPointExtension>
            <ns3:hr>122</ns3:hr>
            <ns3:cad>0</ns3:cad>
          </ns3:TrackPointExtension>
        </extensions>
      </trkpt>
      <trkpt lat="31.0207418538630008697509765625" lon="121.42419311217963695526123046875">
        <ele>7.599999904632568359375</ele>
        <time>2026-06-02T12:17:18.000Z</time>
        <extensions>
          <ns3:TrackPointExtension>
            <ns3:hr>122</ns3:hr>
            <ns3:cad>0</ns3:cad>
          </ns3:TrackPointExtension>
        </extensions>
      </trkpt>
      <trkpt lat="31.02075241506099700927734375" lon="121.42419579438865184783935546875">
        <ele>7.400000095367431640625</ele>
        <time>2026-06-02T12:17:19.000Z</time>
        <extensions>
          <ns3:TrackPointExtension>
            <ns3:hr>122</ns3:hr>
            <ns3:cad>0</ns3:cad>
          </ns3:TrackPointExtension>
        </extensions>
      </trkpt>
      <trkpt lat="31.0207633115351200103759765625" lon="121.4241993986070156097412109375">
        <ele>7.400000095367431640625</ele>
        <time>2026-06-02T12:17:20.000Z</time>
        <extensions>
          <ns3:TrackPointExtension>
            <ns3:hr>121</ns3:hr>
            <ns3:cad>0</ns3:cad>
          </ns3:TrackPointExtension>
        </extensions>
      </trkpt>
      <trkpt lat="31.0207763873040676116943359375" lon="121.42420291900634765625">
        <ele>7.400000095367431640625</ele>
        <time>2026-06-02T12:17:21.000Z</time>
        <extensions>
          <ns3:TrackPointExtension>
            <ns3:hr>121</ns3:hr>
            <ns3:cad>0</ns3:cad>
          </ns3:TrackPointExtension>
        </extensions>
      </trkpt>
      <trkpt lat="31.02079172618687152862548828125" lon="121.42420451156795024871826171875">
        <ele>7.400000095367431640625</ele>
        <time>2026-06-02T12:17:22.000Z</time>
        <extensions>
          <ns3:TrackPointExtension>
            <ns3:hr>120</ns3:hr>
            <ns3:cad>0</ns3:cad>
          </ns3:TrackPointExtension>
        </extensions>
      </trkpt>
      <trkpt lat="31.020803041756153106689453125" lon="121.4242054335772991180419921875">
        <ele>7.400000095367431640625</ele>
        <time>2026-06-02T12:17:23.000Z</time>
        <extensions>
          <ns3:TrackPointExtension>
            <ns3:hr>120</ns3:hr>
            <ns3:cad>59</ns3:cad>
          </ns3:TrackPointExtension>
        </extensions>
      </trkpt>
      <trkpt lat="31.020815782248973846435546875" lon="121.42420627176761627197265625">
        <ele>7.599999904632568359375</ele>
        <time>2026-06-02T12:17:24.000Z</time>
        <extensions>
          <ns3:TrackPointExtension>
            <ns3:hr>120</ns3:hr>
            <ns3:cad>56</ns3:cad>
          </ns3:TrackPointExtension>
        </extensions>
      </trkpt>
      <trkpt lat="31.02083162404596805572509765625" lon="121.4242069423198699951171875">
        <ele>7.599999904632568359375</ele>
        <time>2026-06-02T12:17:25.000Z</time>
        <extensions>
          <ns3:TrackPointExtension>
            <ns3:hr>119</ns3:hr>
            <ns3:cad>56</ns3:cad>
          </ns3:TrackPointExtension>
        </extensions>
      </trkpt>
      <trkpt lat="31.02084855549037456512451171875" lon="121.424205601215362548828125">
        <ele>7.599999904632568359375</ele>
        <time>2026-06-02T12:17:26.000Z</time>
        <extensions>
          <ns3:TrackPointExtension>
            <ns3:hr>120</ns3:hr>
            <ns3:cad>56</ns3:cad>
          </ns3:TrackPointExtension>
        </extensions>
      </trkpt>
      <trkpt lat="31.020864062011241912841796875" lon="121.4242027513682842254638671875">
        <ele>7.599999904632568359375</ele>
        <time>2026-06-02T12:17:27.000Z</time>
        <extensions>
          <ns3:TrackPointExtension>
            <ns3:hr>120</ns3:hr>
            <ns3:cad>56</ns3:cad>
          </ns3:TrackPointExtension>
        </extensions>
      </trkpt>
      <trkpt lat="31.02087856270372867584228515625" lon="121.4241990633308887481689453125">
        <ele>7.400000095367431640625</ele>
        <time>2026-06-02T12:17:28.000Z</time>
        <extensions>
          <ns3:TrackPointExtension>
            <ns3:hr>120</ns3:hr>
            <ns3:cad>56</ns3:cad>
          </ns3:TrackPointExtension>
        </extensions>
      </trkpt>
      <trkpt lat="31.020889542996883392333984375" lon="121.42419445328414440155029296875">
        <ele>7.400000095367431640625</ele>
        <time>2026-06-02T12:17:29.000Z</time>
        <extensions>
          <ns3:TrackPointExtension>
            <ns3:hr>120</ns3:hr>
            <ns3:cad>56</ns3:cad>
          </ns3:TrackPointExtension>
        </extensions>
      </trkpt>
      <trkpt lat="31.02090035565197467803955078125" lon="121.4241896755993366241455078125">
        <ele>7.400000095367431640625</ele>
        <time>2026-06-02T12:17:30.000Z</time>
        <extensions>
          <ns3:TrackPointExtension>
            <ns3:hr>121</ns3:hr>
            <ns3:cad>56</ns3:cad>
          </ns3:TrackPointExtension>
        </extensions>
      </trkpt>
      <trkpt lat="31.02091158740222454071044921875" lon="121.42418623901903629302978515625">
        <ele>7.400000095367431640625</ele>
        <time>2026-06-02T12:17:31.000Z</time>
        <extensions>
          <ns3:TrackPointExtension>
            <ns3:hr>121</ns3:hr>
            <ns3:cad>56</ns3:cad>
          </ns3:TrackPointExtension>
        </extensions>
      </trkpt>
      <trkpt lat="31.0209208913147449493408203125" lon="121.4241826348006725311279296875">
        <ele>7.400000095367431640625</ele>
        <time>2026-06-02T12:17:32.000Z</time>
        <extensions>
          <ns3:TrackPointExtension>
            <ns3:hr>120</ns3:hr>
            <ns3:cad>56</ns3:cad>
          </ns3:TrackPointExtension>
        </extensions>
      </trkpt>
      <trkpt lat="31.0209306143224239349365234375" lon="121.42417919822037220001220703125">
        <ele>7.400000095367431640625</ele>
        <time>2026-06-02T12:17:33.000Z</time>
        <extensions>
          <ns3:TrackPointExtension>
            <ns3:hr>120</ns3:hr>
            <ns3:cad>56</ns3:cad>
          </ns3:TrackPointExtension>
        </extensions>
      </trkpt>
      <trkpt lat="31.0209410078823566436767578125" lon="121.4241759292781352996826171875">
        <ele>7.400000095367431640625</ele>
        <time>2026-06-02T12:17:34.000Z</time>
        <extensions>
          <ns3:TrackPointExtension>
            <ns3:hr>120</ns3:hr>
            <ns3:cad>56</ns3:cad>
          </ns3:TrackPointExtension>
        </extensions>
      </trkpt>
      <trkpt lat="31.0209503956139087677001953125" lon="121.42417299561202526092529296875">
        <ele>7.400000095367431640625</ele>
        <time>2026-06-02T12:17:35.000Z</time>
        <extensions>
          <ns3:TrackPointExtension>
            <ns3:hr>120</ns3:hr>
            <ns3:cad>56</ns3:cad>
          </ns3:TrackPointExtension>
        </extensions>
      </trkpt>
      <trkpt lat="31.02096355520188808441162109375" lon="121.42416880466043949127197265625">
        <ele>7.400000095367431640625</ele>
        <time>2026-06-02T12:17:36.000Z</time>
        <extensions>
          <ns3:TrackPointExtension>
            <ns3:hr>121</ns3:hr>
            <ns3:cad>56</ns3:cad>
          </ns3:TrackPointExtension>
        </extensions>
      </trkpt>
      <trkpt lat="31.0209716856479644775390625" lon="121.4241641946136951446533203125">
        <ele>7.400000095367431640625</ele>
        <time>2026-06-02T12:17:37.000Z</time>
        <extensions>
          <ns3:TrackPointExtension>
            <ns3:hr>120</ns3:hr>
            <ns3:cad>56</ns3:cad>
          </ns3:TrackPointExtension>
        </extensions>
      </trkpt>
      <trkpt lat="31.0209805704653263092041015625" lon="121.42415908165276050567626953125">
        <ele>7.400000095367431640625</ele>
        <time>2026-06-02T12:17:38.000Z</time>
        <extensions>
          <ns3:TrackPointExtension>
            <ns3:hr>120</ns3:hr>
            <ns3:cad>57</ns3:cad>
          </ns3:TrackPointExtension>
        </extensions>
      </trkpt>
      <trkpt lat="31.02099574171006679534912109375" lon="121.4241521246731281280517578125">
        <ele>7.400000095367431640625</ele>
        <time>2026-06-02T12:17:39.000Z</time>
        <extensions>
          <ns3:TrackPointExtension>
            <ns3:hr>119</ns3:hr>
            <ns3:cad>57</ns3:cad>
          </ns3:TrackPointExtension>
        </extensions>
      </trkpt>
      <trkpt lat="31.02101183496415615081787109375" lon="121.42414458096027374267578125">
        <ele>7.400000095367431640625</ele>
        <time>2026-06-02T12:17:40.000Z</time>
        <extensions>
          <ns3:TrackPointExtension>
            <ns3:hr>119</ns3:hr>
            <ns3:cad>57</ns3:cad>
          </ns3:TrackPointExtension>
        </extensions>
      </trkpt>
      <trkpt lat="31.0210261680185794830322265625" lon="121.42413787543773651123046875">
        <ele>7.400000095367431640625</ele>
        <time>2026-06-02T12:17:41.000Z</time>
        <extensions>
          <ns3:TrackPointExtension>
            <ns3:hr>117</ns3:hr>
            <ns3:cad>57</ns3:cad>
          </ns3:TrackPointExtension>
        </extensions>
      </trkpt>
      <trkpt lat="31.0210385732352733612060546875" lon="121.4241306670010089874267578125">
        <ele>7.400000095367431640625</ele>
        <time>2026-06-02T12:17:42.000Z</time>
        <extensions>
          <ns3:TrackPointExtension>
            <ns3:hr>116</ns3:hr>
            <ns3:cad>57</ns3:cad>
          </ns3:TrackPointExtension>
        </extensions>
      </trkpt>
      <trkpt lat="31.0210496373474597930908203125" lon="121.42412471584975719451904296875">
        <ele>7.400000095367431640625</ele>
        <time>2026-06-02T12:17:43.000Z</time>
        <extensions>
          <ns3:TrackPointExtension>
            <ns3:hr>114</ns3:hr>
            <ns3:cad>56</ns3:cad>
          </ns3:TrackPointExtension>
        </extensions>
      </trkpt>
      <trkpt lat="31.02106162346899509429931640625" lon="121.42411784268915653228759765625">
        <ele>7.400000095367431640625</ele>
        <time>2026-06-02T12:17:44.000Z</time>
        <extensions>
          <ns3:TrackPointExtension>
            <ns3:hr>114</ns3:hr>
            <ns3:cad>56</ns3:cad>
          </ns3:TrackPointExtension>
        </extensions>
      </trkpt>
      <trkpt lat="31.02107302285730838775634765625" lon="121.424112059175968170166015625">
        <ele>7.400000095367431640625</ele>
        <time>2026-06-02T12:17:45.000Z</time>
        <extensions>
          <ns3:TrackPointExtension>
            <ns3:hr>115</ns3:hr>
            <ns3:cad>56</ns3:cad>
          </ns3:TrackPointExtension>
        </extensions>
      </trkpt>
      <trkpt lat="31.0210841707885265350341796875" lon="121.42410644330084323883056640625">
        <ele>7.400000095367431640625</ele>
        <time>2026-06-02T12:17:46.000Z</time>
        <extensions>
          <ns3:TrackPointExtension>
            <ns3:hr>115</ns3:hr>
            <ns3:cad>56</ns3:cad>
          </ns3:TrackPointExtension>
        </extensions>
      </trkpt>
      <trkpt lat="31.0210948996245861053466796875" lon="121.42410225234925746917724609375">
        <ele>7.400000095367431640625</ele>
        <time>2026-06-02T12:17:47.000Z</time>
        <extensions>
          <ns3:TrackPointExtension>
            <ns3:hr>115</ns3:hr>
            <ns3:cad>56</ns3:cad>
          </ns3:TrackPointExtension>
        </extensions>
      </trkpt>
      <trkpt lat="31.021107472479343414306640625" lon="121.42409672029316425323486328125">
        <ele>7.400000095367431640625</ele>
        <time>2026-06-02T12:17:48.000Z</time>
        <extensions>
          <ns3:TrackPointExtension>
            <ns3:hr>115</ns3:hr>
            <ns3:cad>56</ns3:cad>
          </ns3:TrackPointExtension>
        </extensions>
      </trkpt>
      <trkpt lat="31.021117530763149261474609375" lon="121.42409001477062702178955078125">
        <ele>7.599999904632568359375</ele>
        <time>2026-06-02T12:17:49.000Z</time>
        <extensions>
          <ns3:TrackPointExtension>
            <ns3:hr>115</ns3:hr>
            <ns3:cad>56</ns3:cad>
          </ns3:TrackPointExtension>
        </extensions>
      </trkpt>
      <trkpt lat="31.02112716995179653167724609375" lon="121.4240827225148677825927734375">
        <ele>7.599999904632568359375</ele>
        <time>2026-06-02T12:17:50.000Z</time>
        <extensions>
          <ns3:TrackPointExtension>
            <ns3:hr>114</ns3:hr>
            <ns3:cad>56</ns3:cad>
          </ns3:TrackPointExtension>
        </extensions>
      </trkpt>
      <trkpt lat="31.0211394913494586944580078125" lon="121.42407660372555255889892578125">
        <ele>7.599999904632568359375</ele>
        <time>2026-06-02T12:17:51.000Z</time>
        <extensions>
          <ns3:TrackPointExtension>
            <ns3:hr>114</ns3:hr>
            <ns3:cad>56</ns3:cad>
          </ns3:TrackPointExtension>
        </extensions>
      </trkpt>
      <trkpt lat="31.02114577777683734893798828125" lon="121.42406973056495189666748046875">
        <ele>7.599999904632568359375</ele>
        <time>2026-06-02T12:17:52.000Z</time>
        <extensions>
          <ns3:TrackPointExtension>
            <ns3:hr>114</ns3:hr>
            <ns3:cad>56</ns3:cad>
          </ns3:TrackPointExtension>
        </extensions>
      </trkpt>
      <trkpt lat="31.0211552493274211883544921875" lon="121.424063108861446380615234375">
        <ele>7.599999904632568359375</ele>
        <time>2026-06-02T12:17:53.000Z</time>
        <extensions>
          <ns3:TrackPointExtension>
            <ns3:hr>114</ns3:hr>
            <ns3:cad>58</ns3:cad>
          </ns3:TrackPointExtension>
        </extensions>
      </trkpt>
      <trkpt lat="31.02117092348635196685791015625" lon="121.42405397258698940277099609375">
        <ele>7.400000095367431640625</ele>
        <time>2026-06-02T12:17:54.000Z</time>
        <extensions>
          <ns3:TrackPointExtension>
            <ns3:hr>114</ns3:hr>
            <ns3:cad>58</ns3:cad>
          </ns3:TrackPointExtension>
        </extensions>
      </trkpt>
      <trkpt lat="31.02119321934878826141357421875" lon="121.424041651189327239990234375">
        <ele>7.400000095367431640625</ele>
        <time>2026-06-02T12:17:55.000Z</time>
        <extensions>
          <ns3:TrackPointExtension>
            <ns3:hr>115</ns3:hr>
            <ns3:cad>59</ns3:cad>
          </ns3:TrackPointExtension>
        </extensions>
      </trkpt>
      <trkpt lat="31.02121517993509769439697265625" lon="121.4240294136106967926025390625">
        <ele>7.400000095367431640625</ele>
        <time>2026-06-02T12:17:56.000Z</time>
        <extensions>
          <ns3:TrackPointExtension>
            <ns3:hr>116</ns3:hr>
            <ns3:cad>59</ns3:cad>
          </ns3:TrackPointExtension>
        </extensions>
      </trkpt>
      <trkpt lat="31.021241582930088043212890625" lon="121.4240149967372417449951171875">
        <ele>7.400000095367431640625</ele>
        <time>2026-06-02T12:17:57.000Z</time>
        <extensions>
          <ns3:TrackPointExtension>
            <ns3:hr>117</ns3:hr>
            <ns3:cad>59</ns3:cad>
          </ns3:TrackPointExtension>
        </extensions>
      </trkpt>
      <trkpt lat="31.021263040602207183837890625" lon="121.42400552518665790557861328125">
        <ele>7.400000095367431640625</ele>
        <time>2026-06-02T12:17:58.000Z</time>
        <extensions>
          <ns3:TrackPointExtension>
            <ns3:hr>117</ns3:hr>
            <ns3:cad>86</ns3:cad>
          </ns3:TrackPointExtension>
        </extensions>
      </trkpt>
      <trkpt lat="31.021289862692356109619140625" lon="121.42399169504642486572265625">
        <ele>7.400000095367431640625</ele>
        <time>2026-06-02T12:17:59.000Z</time>
        <extensions>
          <ns3:TrackPointExtension>
            <ns3:hr>116</ns3:hr>
            <ns3:cad>86</ns3:cad>
          </ns3:TrackPointExtension>
        </extensions>
      </trkpt>
      <trkpt lat="31.0213158465921878814697265625" lon="121.42398088239133358001708984375">
        <ele>7.400000095367431640625</ele>
        <time>2026-06-02T12:18:00.000Z</time>
        <extensions>
          <ns3:TrackPointExtension>
            <ns3:hr>116</ns3:hr>
            <ns3:cad>86</ns3:cad>
          </ns3:TrackPointExtension>
        </extensions>
      </trkpt>
      <trkpt lat="31.02133805863559246063232421875" lon="121.42397032119333744049072265625">
        <ele>7.400000095367431640625</ele>
        <time>2026-06-02T12:18:01.000Z</time>
        <extensions>
          <ns3:TrackPointExtension>
            <ns3:hr>116</ns3:hr>
            <ns3:cad>86</ns3:cad>
          </ns3:TrackPointExtension>
        </extensions>
      </trkpt>
      <trkpt lat="31.02136789821088314056396484375" lon="121.42396219074726104736328125">
        <ele>7.400000095367431640625</ele>
        <time>2026-06-02T12:18:02.000Z</time>
        <extensions>
          <ns3:TrackPointExtension>
            <ns3:hr>116</ns3:hr>
            <ns3:cad>85</ns3:cad>
          </ns3:TrackPointExtension>
        </extensions>
      </trkpt>
      <trkpt lat="31.02139170281589031219482421875" lon="121.42395439557731151580810546875">
        <ele>7.19999980926513671875</ele>
        <time>2026-06-02T12:18:03.000Z</time>
        <extensions>
          <ns3:TrackPointExtension>
            <ns3:hr>117</ns3:hr>
            <ns3:cad>85</ns3:cad>
          </ns3:TrackPointExtension>
        </extensions>
      </trkpt>
      <trkpt lat="31.02142162621021270751953125" lon="121.42394852824509143829345703125">
        <ele>7.19999980926513671875</ele>
        <time>2026-06-02T12:18:04.000Z</time>
        <extensions>
          <ns3:TrackPointExtension>
            <ns3:hr>118</ns3:hr>
            <ns3:cad>85</ns3:cad>
          </ns3:TrackPointExtension>
        </extensions>
      </trkpt>
      <trkpt lat="31.02145054377615451812744140625" lon="121.42394266091287136077880859375">
        <ele>7.19999980926513671875</ele>
        <time>2026-06-02T12:18:05.000Z</time>
        <extensions>
          <ns3:TrackPointExtension>
            <ns3:hr>119</ns3:hr>
            <ns3:cad>85</ns3:cad>
          </ns3:TrackPointExtension>
        </extensions>
      </trkpt>
      <trkpt lat="31.02147636003792285919189453125" lon="121.4239301718771457672119140625">
        <ele>7.19999980926513671875</ele>
        <time>2026-06-02T12:18:06.000Z</time>
        <extensions>
          <ns3:TrackPointExtension>
            <ns3:hr>122</ns3:hr>
            <ns3:cad>85</ns3:cad>
          </ns3:TrackPointExtension>
        </extensions>
      </trkpt>
      <trkpt lat="31.02150536142289638519287109375" lon="121.42391835339367389678955078125">
        <ele>7.400000095367431640625</ele>
        <time>2026-06-02T12:18:07.000Z</time>
        <extensions>
          <ns3:TrackPointExtension>
            <ns3:hr>124</ns3:hr>
            <ns3:cad>85</ns3:cad>
          </ns3:TrackPointExtension>
        </extensions>
      </trkpt>
      <trkpt lat="31.0215300880372524261474609375" lon="121.4239040203392505645751953125">
        <ele>7.400000095367431640625</ele>
        <time>2026-06-02T12:18:08.000Z</time>
        <extensions>
          <ns3:TrackPointExtension>
            <ns3:hr>125</ns3:hr>
            <ns3:cad>85</ns3:cad>
          </ns3:TrackPointExtension>
        </extensions>
      </trkpt>
      <trkpt lat="31.02156638167798519134521484375" lon="121.42388750799000263214111328125">
        <ele>7.400000095367431640625</ele>
        <time>2026-06-02T12:18:09.000Z</time>
        <extensions>
          <ns3:TrackPointExtension>
            <ns3:hr>126</ns3:hr>
            <ns3:cad>85</ns3:cad>
          </ns3:TrackPointExtension>
        </extensions>
      </trkpt>
      <trkpt lat="31.0215914435684680938720703125" lon="121.42387367784976959228515625">
        <ele>7.400000095367431640625</ele>
        <time>2026-06-02T12:18:10.000Z</time>
        <extensions>
          <ns3:TrackPointExtension>
            <ns3:hr>126</ns3:hr>
            <ns3:cad>85</ns3:cad>
          </ns3:TrackPointExtension>
        </extensions>
      </trkpt>
      <trkpt lat="31.0216202773153781890869140625" lon="121.42385347746312618255615234375">
        <ele>7.400000095367431640625</ele>
        <time>2026-06-02T12:18:11.000Z</time>
        <extensions>
          <ns3:TrackPointExtension>
            <ns3:hr>126</ns3:hr>
            <ns3:cad>85</ns3:cad>
          </ns3:TrackPointExtension>
        </extensions>
      </trkpt>
      <trkpt lat="31.02164961397647857666015625" lon="121.42383537255227565765380859375">
        <ele>7.19999980926513671875</ele>
        <time>2026-06-02T12:18:12.000Z</time>
        <extensions>
          <ns3:TrackPointExtension>
            <ns3:hr>127</ns3:hr>
            <ns3:cad>85</ns3:cad>
          </ns3:TrackPointExtension>
        </extensions>
      </trkpt>
      <trkpt lat="31.02167165838181972503662109375" lon="121.42381978221237659454345703125">
        <ele>7.19999980926513671875</ele>
        <time>2026-06-02T12:18:13.000Z</time>
        <extensions>
          <ns3:TrackPointExtension>
            <ns3:hr>127</ns3:hr>
            <ns3:cad>85</ns3:cad>
          </ns3:TrackPointExtension>
        </extensions>
      </trkpt>
      <trkpt lat="31.0217010788619518280029296875" lon="121.42379933036863803863525390625">
        <ele>7.19999980926513671875</ele>
        <time>2026-06-02T12:18:14.000Z</time>
        <extensions>
          <ns3:TrackPointExtension>
            <ns3:hr>128</ns3:hr>
            <ns3:cad>85</ns3:cad>
          </ns3:TrackPointExtension>
        </extensions>
      </trkpt>
      <trkpt lat="31.02171977050602436065673828125" lon="121.4237833209335803985595703125">
        <ele>7.400000095367431640625</ele>
        <time>2026-06-02T12:18:15.000Z</time>
        <extensions>
          <ns3:TrackPointExtension>
            <ns3:hr>129</ns3:hr>
            <ns3:cad>85</ns3:cad>
          </ns3:TrackPointExtension>
        </extensions>
      </trkpt>
      <trkpt lat="31.02174458093941211700439453125" lon="121.4237598516047000885009765625">
        <ele>7.400000095367431640625</ele>
        <time>2026-06-02T12:18:16.000Z</time>
        <extensions>
          <ns3:TrackPointExtension>
            <ns3:hr>131</ns3:hr>
            <ns3:cad>85</ns3:cad>
          </ns3:TrackPointExtension>
        </extensions>
      </trkpt>
      <trkpt lat="31.02176402695477008819580078125" lon="121.42373797483742237091064453125">
        <ele>7.599999904632568359375</ele>
        <time>2026-06-02T12:18:17.000Z</time>
        <extensions>
          <ns3:TrackPointExtension>
            <ns3:hr>133</ns3:hr>
            <ns3:cad>85</ns3:cad>
          </ns3:TrackPointExtension>
        </extensions>
      </trkpt>
      <trkpt lat="31.021780036389827728271484375" lon="121.42371115274727344512939453125">
        <ele>7.599999904632568359375</ele>
        <time>2026-06-02T12:18:18.000Z</time>
        <extensions>
          <ns3:TrackPointExtension>
            <ns3:hr>135</ns3:hr>
            <ns3:cad>85</ns3:cad>
          </ns3:TrackPointExtension>
        </extensions>
      </trkpt>
      <trkpt lat="31.02179470472037792205810546875" lon="121.42368667759001255035400390625">
        <ele>7.400000095367431640625</ele>
        <time>2026-06-02T12:18:19.000Z</time>
        <extensions>
          <ns3:TrackPointExtension>
            <ns3:hr>138</ns3:hr>
            <ns3:cad>85</ns3:cad>
          </ns3:TrackPointExtension>
        </extensions>
      </trkpt>
      <trkpt lat="31.02180786430835723876953125" lon="121.42365700565278530120849609375">
        <ele>7.400000095367431640625</ele>
        <time>2026-06-02T12:18:20.000Z</time>
        <extensions>
          <ns3:TrackPointExtension>
            <ns3:hr>138</ns3:hr>
            <ns3:cad>85</ns3:cad>
          </ns3:TrackPointExtension>
        </extensions>
      </trkpt>
      <trkpt lat="31.0218231193721294403076171875" lon="121.42362632788717746734619140625">
        <ele>7.400000095367431640625</ele>
        <time>2026-06-02T12:18:21.000Z</time>
        <extensions>
          <ns3:TrackPointExtension>
            <ns3:hr>139</ns3:hr>
            <ns3:cad>86</ns3:cad>
          </ns3:TrackPointExtension>
        </extensions>
      </trkpt>
      <trkpt lat="31.02182588540017604827880859375" lon="121.42359933815896511077880859375">
        <ele>7.599999904632568359375</ele>
        <time>2026-06-02T12:18:22.000Z</time>
        <extensions>
          <ns3:TrackPointExtension>
            <ns3:hr>139</ns3:hr>
            <ns3:cad>86</ns3:cad>
          </ns3:TrackPointExtension>
        </extensions>
      </trkpt>
      <trkpt lat="31.02183602750301361083984375" lon="121.42356145195662975311279296875">
        <ele>7.599999904632568359375</ele>
        <time>2026-06-02T12:18:23.000Z</time>
        <extensions>
          <ns3:TrackPointExtension>
            <ns3:hr>140</ns3:hr>
            <ns3:cad>86</ns3:cad>
          </ns3:TrackPointExtension>
        </extensions>
      </trkpt>
      <trkpt lat="31.021838374435901641845703125" lon="121.423534043133258819580078125">
        <ele>7.400000095367431640625</ele>
        <time>2026-06-02T12:18:24.000Z</time>
        <extensions>
          <ns3:TrackPointExtension>
            <ns3:hr>140</ns3:hr>
            <ns3:cad>86</ns3:cad>
          </ns3:TrackPointExtension>
        </extensions>
      </trkpt>
      <trkpt lat="31.02183762006461620330810546875" lon="121.4235080592334270477294921875">
        <ele>7.599999904632568359375</ele>
        <time>2026-06-02T12:18:25.000Z</time>
        <extensions>
          <ns3:TrackPointExtension>
            <ns3:hr>141</ns3:hr>
            <ns3:cad>85</ns3:cad>
          </ns3:TrackPointExtension>
        </extensions>
      </trkpt>
      <trkpt lat="31.0218402184545993804931640625" lon="121.42347813583910465240478515625">
        <ele>7.599999904632568359375</ele>
        <time>2026-06-02T12:18:26.000Z</time>
        <extensions>
          <ns3:TrackPointExtension>
            <ns3:hr>141</ns3:hr>
            <ns3:cad>84</ns3:cad>
          </ns3:TrackPointExtension>
        </extensions>
      </trkpt>
      <trkpt lat="31.0218425653874874114990234375" lon="121.42345416359603404998779296875">
        <ele>7.400000095367431640625</ele>
        <time>2026-06-02T12:18:27.000Z</time>
        <extensions>
          <ns3:TrackPointExtension>
            <ns3:hr>142</ns3:hr>
            <ns3:cad>84</ns3:cad>
          </ns3:TrackPointExtension>
        </extensions>
      </trkpt>
      <trkpt lat="31.02183979935944080352783203125" lon="121.423435471951961517333984375">
        <ele>7.400000095367431640625</ele>
        <time>2026-06-02T12:18:28.000Z</time>
        <extensions>
          <ns3:TrackPointExtension>
            <ns3:hr>142</ns3:hr>
            <ns3:cad>83</ns3:cad>
          </ns3:TrackPointExtension>
        </extensions>
      </trkpt>
      <trkpt lat="31.0218345187604427337646484375" lon="121.4234212227165699005126953125">
        <ele>7.400000095367431640625</ele>
        <time>2026-06-02T12:18:29.000Z</time>
        <extensions>
          <ns3:TrackPointExtension>
            <ns3:hr>142</ns3:hr>
            <ns3:cad>83</ns3:cad>
          </ns3:TrackPointExtension>
        </extensions>
      </trkpt>
      <trkpt lat="31.02183812297880649566650390625" lon="121.42340429127216339111328125">
        <ele>7.400000095367431640625</ele>
        <time>2026-06-02T12:18:30.000Z</time>
        <extensions>
          <ns3:TrackPointExtension>
            <ns3:hr>143</ns3:hr>
            <ns3:cad>83</ns3:cad>
          </ns3:TrackPointExtension>
        </extensions>
      </trkpt>
      <trkpt lat="31.02183728478848934173583984375" lon="121.4233883656561374664306640625">
        <ele>7.400000095367431640625</ele>
        <time>2026-06-02T12:18:31.000Z</time>
        <extensions>
          <ns3:TrackPointExtension>
            <ns3:hr>143</ns3:hr>
            <ns3:cad>83</ns3:cad>
          </ns3:TrackPointExtension>
        </extensions>
      </trkpt>
      <trkpt lat="31.0218355245888233184814453125" lon="121.4233726076781749725341796875">
        <ele>7.400000095367431640625</ele>
        <time>2026-06-02T12:18:32.000Z</time>
        <extensions>
          <ns3:TrackPointExtension>
            <ns3:hr>144</ns3:hr>
            <ns3:cad>83</ns3:cad>
          </ns3:TrackPointExtension>
        </extensions>
      </trkpt>
      <trkpt lat="31.021834351122379302978515625" lon="121.42335928045213222503662109375">
        <ele>7.599999904632568359375</ele>
        <time>2026-06-02T12:18:33.000Z</time>
        <extensions>
          <ns3:TrackPointExtension>
            <ns3:hr>144</ns3:hr>
            <ns3:cad>72</ns3:cad>
          </ns3:TrackPointExtension>
        </extensions>
      </trkpt>
      <trkpt lat="31.02183275856077671051025390625" lon="121.4233434386551380157470703125">
        <ele>7.599999904632568359375</ele>
        <time>2026-06-02T12:18:34.000Z</time>
        <extensions>
          <ns3:TrackPointExtension>
            <ns3:hr>145</ns3:hr>
            <ns3:cad>72</ns3:cad>
          </ns3:TrackPointExtension>
        </extensions>
      </trkpt>
      <trkpt lat="31.02183057926595211029052734375" lon="121.4233283512294292449951171875">
        <ele>7.80000019073486328125</ele>
        <time>2026-06-02T12:18:35.000Z</time>
        <extensions>
          <ns3:TrackPointExtension>
            <ns3:hr>145</ns3:hr>
            <ns3:cad>66</ns3:cad>
          </ns3:TrackPointExtension>
        </extensions>
      </trkpt>
      <trkpt lat="31.02182772941887378692626953125" lon="121.4233146049082279205322265625">
        <ele>7.80000019073486328125</ele>
        <time>2026-06-02T12:18:36.000Z</time>
        <extensions>
          <ns3:TrackPointExtension>
            <ns3:hr>144</ns3:hr>
            <ns3:cad>64</ns3:cad>
          </ns3:TrackPointExtension>
        </extensions>
      </trkpt>
      <trkpt lat="31.02182286791503429412841796875" lon="121.42329842783510684967041015625">
        <ele>7.80000019073486328125</ele>
        <time>2026-06-02T12:18:37.000Z</time>
        <extensions>
          <ns3:TrackPointExtension>
            <ns3:hr>144</ns3:hr>
            <ns3:cad>61</ns3:cad>
          </ns3:TrackPointExtension>
        </extensions>
      </trkpt>
      <trkpt lat="31.02151089347898960113525390625" lon="121.42293264158070087432861328125">
        <ele>7.599999904632568359375</ele>
        <time>2026-06-02T12:19:02.000Z</time>
        <extensions>
          <ns3:TrackPointExtension>
            <ns3:hr>140</ns3:hr>
            <ns3:cad>81</ns3:cad>
          </ns3:TrackPointExtension>
        </extensions>
      </trkpt>
      <trkpt lat="31.0215096361935138702392578125" lon="121.4229317195713520050048828125">
        <ele>7.599999904632568359375</ele>
        <time>2026-06-02T12:19:03.000Z</time>
        <extensions>
          <ns3:TrackPointExtension>
            <ns3:hr>141</ns3:hr>
            <ns3:cad>58</ns3:cad>
          </ns3:TrackPointExtension>
        </extensions>
      </trkpt>
      <trkpt lat="31.0215086303651332855224609375" lon="121.42293381504714488983154296875">
        <ele>7.599999904632568359375</ele>
        <time>2026-06-02T12:19:04.000Z</time>
        <extensions>
          <ns3:TrackPointExtension>
            <ns3:hr>140</ns3:hr>
            <ns3:cad>57</ns3:cad>
          </ns3:TrackPointExtension>
        </extensions>
      </trkpt>
      <trkpt lat="31.02151273749768733978271484375" lon="121.42293599434196949005126953125">
        <ele>7.599999904632568359375</ele>
        <time>2026-06-02T12:19:05.000Z</time>
        <extensions>
          <ns3:TrackPointExtension>
            <ns3:hr>141</ns3:hr>
            <ns3:cad>58</ns3:cad>
          </ns3:TrackPointExtension>
        </extensions>
      </trkpt>
      <trkpt lat="31.021515168249607086181640625" lon="121.42293649725615978240966796875">
        <ele>7.400000095367431640625</ele>
        <time>2026-06-02T12:19:06.000Z</time>
        <extensions>
          <ns3:TrackPointExtension>
            <ns3:hr>140</ns3:hr>
            <ns3:cad>58</ns3:cad>
          </ns3:TrackPointExtension>
        </extensions>
      </trkpt>
      <trkpt lat="31.02151709608733654022216796875" lon="121.4229357428848743438720703125">
        <ele>7.19999980926513671875</ele>
        <time>2026-06-02T12:19:07.000Z</time>
        <extensions>
          <ns3:TrackPointExtension>
            <ns3:hr>139</ns3:hr>
            <ns3:cad>59</ns3:cad>
          </ns3:TrackPointExtension>
        </extensions>
      </trkpt>
      <trkpt lat="31.02149748243391513824462890625" lon="121.42294957302510738372802734375">
        <ele>7.19999980926513671875</ele>
        <time>2026-06-02T12:19:08.000Z</time>
        <extensions>
          <ns3:TrackPointExtension>
            <ns3:hr>139</ns3:hr>
            <ns3:cad>0</ns3:cad>
          </ns3:TrackPointExtension>
        </extensions>
      </trkpt>
      <trkpt lat="31.02147636003792285919189453125" lon="121.42296432517468929290771484375">
        <ele>7</ele>
        <time>2026-06-02T12:19:09.000Z</time>
        <extensions>
          <ns3:TrackPointExtension>
            <ns3:hr>139</ns3:hr>
            <ns3:cad>0</ns3:cad>
          </ns3:TrackPointExtension>
        </extensions>
      </trkpt>
      <trkpt lat="31.02143662981688976287841796875" lon="121.42298947088420391082763671875">
        <ele>6.80000019073486328125</ele>
        <time>2026-06-02T12:19:10.000Z</time>
        <extensions>
          <ns3:TrackPointExtension>
            <ns3:hr>138</ns3:hr>
            <ns3:cad>0</ns3:cad>
          </ns3:TrackPointExtension>
        </extensions>
      </trkpt>
      <trkpt lat="31.02138466201722621917724609375" lon="121.42301444895565509796142578125">
        <ele>6.80000019073486328125</ele>
        <time>2026-06-02T12:19:11.000Z</time>
        <extensions>
          <ns3:TrackPointExtension>
            <ns3:hr>138</ns3:hr>
            <ns3:cad>0</ns3:cad>
          </ns3:TrackPointExtension>
        </extensions>
      </trkpt>
      <trkpt lat="31.021325401961803436279296875" lon="121.4230410195887088775634765625">
        <ele>6.599999904632568359375</ele>
        <time>2026-06-02T12:19:12.000Z</time>
        <extensions>
          <ns3:TrackPointExtension>
            <ns3:hr>138</ns3:hr>
            <ns3:cad>0</ns3:cad>
          </ns3:TrackPointExtension>
        </extensions>
      </trkpt>
      <trkpt lat="31.02126094512641429901123046875" lon="121.423068009316921234130859375">
        <ele>7.19999980926513671875</ele>
        <time>2026-06-02T12:19:13.000Z</time>
        <extensions>
          <ns3:TrackPointExtension>
            <ns3:hr>138</ns3:hr>
            <ns3:cad>0</ns3:cad>
          </ns3:TrackPointExtension>
        </extensions>
      </trkpt>
      <trkpt lat="31.02119673974812030792236328125" lon="121.42309592105448246002197265625">
        <ele>8</ele>
        <time>2026-06-02T12:19:14.000Z</time>
        <extensions>
          <ns3:TrackPointExtension>
            <ns3:hr>138</ns3:hr>
            <ns3:cad>112</ns3:cad>
          </ns3:TrackPointExtension>
        </extensions>
      </trkpt>
      <trkpt lat="31.02113286964595317840576171875" lon="121.42312190495431423187255859375">
        <ele>8.19999980926513671875</ele>
        <time>2026-06-02T12:19:15.000Z</time>
        <extensions>
          <ns3:TrackPointExtension>
            <ns3:hr>140</ns3:hr>
            <ns3:cad>114</ns3:cad>
          </ns3:TrackPointExtension>
        </extensions>
      </trkpt>
      <trkpt lat="31.021069251000881195068359375" lon="121.4231476373970508575439453125">
        <ele>8</ele>
        <time>2026-06-02T12:19:16.000Z</time>
        <extensions>
          <ns3:TrackPointExtension>
            <ns3:hr>140</ns3:hr>
            <ns3:cad>114</ns3:cad>
          </ns3:TrackPointExtension>
        </extensions>
      </trkpt>
      <trkpt lat="31.02100613526999950408935546875" lon="121.42317303456366062164306640625">
        <ele>7.599999904632568359375</ele>
        <time>2026-06-02T12:19:17.000Z</time>
        <extensions>
          <ns3:TrackPointExtension>
            <ns3:hr>141</ns3:hr>
            <ns3:cad>115</ns3:cad>
          </ns3:TrackPointExtension>
        </extensions>
      </trkpt>
      <trkpt lat="31.0209416784346103668212890625" lon="121.4231955818831920623779296875">
        <ele>6.80000019073486328125</ele>
        <time>2026-06-02T12:19:18.000Z</time>
        <extensions>
          <ns3:TrackPointExtension>
            <ns3:hr>142</ns3:hr>
            <ns3:cad>116</ns3:cad>
          </ns3:TrackPointExtension>
        </extensions>
      </trkpt>
      <trkpt lat="31.0208783112466335296630859375" lon="121.4232197217643260955810546875">
        <ele>6</ele>
        <time>2026-06-02T12:19:19.000Z</time>
        <extensions>
          <ns3:TrackPointExtension>
            <ns3:hr>142</ns3:hr>
            <ns3:cad>116</ns3:cad>
          </ns3:TrackPointExtension>
        </extensions>
      </trkpt>
      <trkpt lat="31.02082357741892337799072265625" lon="121.423245370388031005859375">
        <ele>5.599999904632568359375</ele>
        <time>2026-06-02T12:19:20.000Z</time>
        <extensions>
          <ns3:TrackPointExtension>
            <ns3:hr>144</ns3:hr>
            <ns3:cad>115</ns3:cad>
          </ns3:TrackPointExtension>
        </extensions>
      </trkpt>
      <trkpt lat="31.02076859213411808013916015625" lon="121.42326707951724529266357421875">
        <ele>5.80000019073486328125</ele>
        <time>2026-06-02T12:19:21.000Z</time>
        <extensions>
          <ns3:TrackPointExtension>
            <ns3:hr>145</ns3:hr>
            <ns3:cad>115</ns3:cad>
          </ns3:TrackPointExtension>
        </extensions>
      </trkpt>
      <trkpt lat="31.02072467096149921417236328125" lon="121.4232857711613178253173828125">
        <ele>6.19999980926513671875</ele>
        <time>2026-06-02T12:19:22.000Z</time>
        <extensions>
          <ns3:TrackPointExtension>
            <ns3:hr>146</ns3:hr>
            <ns3:cad>115</ns3:cad>
          </ns3:TrackPointExtension>
        </extensions>
      </trkpt>
      <trkpt lat="31.0206846892833709716796875" lon="121.4232998527586460113525390625">
        <ele>6.80000019073486328125</ele>
        <time>2026-06-02T12:19:23.000Z</time>
        <extensions>
          <ns3:TrackPointExtension>
            <ns3:hr>146</ns3:hr>
            <ns3:cad>115</ns3:cad>
          </ns3:TrackPointExtension>
        </extensions>
      </trkpt>
      <trkpt lat="31.0206471383571624755859375" lon="121.42331577837467193603515625">
        <ele>7</ele>
        <time>2026-06-02T12:19:24.000Z</time>
        <extensions>
          <ns3:TrackPointExtension>
            <ns3:hr>147</ns3:hr>
            <ns3:cad>115</ns3:cad>
          </ns3:TrackPointExtension>
        </extensions>
      </trkpt>
      <trkpt lat="31.02061637677252292633056640625" lon="121.42332860268652439117431640625">
        <ele>7</ele>
        <time>2026-06-02T12:19:25.000Z</time>
        <extensions>
          <ns3:TrackPointExtension>
            <ns3:hr>148</ns3:hr>
            <ns3:cad>115</ns3:cad>
          </ns3:TrackPointExtension>
        </extensions>
      </trkpt>
      <trkpt lat="31.02058745920658111572265625" lon="121.42333966679871082305908203125">
        <ele>7.19999980926513671875</ele>
        <time>2026-06-02T12:19:26.000Z</time>
        <extensions>
          <ns3:TrackPointExtension>
            <ns3:hr>149</ns3:hr>
            <ns3:cad>115</ns3:cad>
          </ns3:TrackPointExtension>
        </extensions>
      </trkpt>
      <trkpt lat="31.02056373842060565948486328125" lon="121.42335274256765842437744140625">
        <ele>7.19999980926513671875</ele>
        <time>2026-06-02T12:19:27.000Z</time>
        <extensions>
          <ns3:TrackPointExtension>
            <ns3:hr>151</ns3:hr>
            <ns3:cad>88</ns3:cad>
          </ns3:TrackPointExtension>
        </extensions>
      </trkpt>
      <trkpt lat="31.020552925765514373779296875" lon="121.42337755300104618072509765625">
        <ele>7.400000095367431640625</ele>
        <time>2026-06-02T12:19:28.000Z</time>
        <extensions>
          <ns3:TrackPointExtension>
            <ns3:hr>151</ns3:hr>
            <ns3:cad>88</ns3:cad>
          </ns3:TrackPointExtension>
        </extensions>
      </trkpt>
      <trkpt lat="31.02053021080791950225830078125" lon="121.423392556607723236083984375">
        <ele>7.19999980926513671875</ele>
        <time>2026-06-02T12:19:29.000Z</time>
        <extensions>
          <ns3:TrackPointExtension>
            <ns3:hr>152</ns3:hr>
            <ns3:cad>84</ns3:cad>
          </ns3:TrackPointExtension>
        </extensions>
      </trkpt>
      <trkpt lat="31.020516045391559600830078125" lon="121.4234061352908611297607421875">
        <ele>7.19999980926513671875</ele>
        <time>2026-06-02T12:19:30.000Z</time>
        <extensions>
          <ns3:TrackPointExtension>
            <ns3:hr>154</ns3:hr>
            <ns3:cad>82</ns3:cad>
          </ns3:TrackPointExtension>
        </extensions>
      </trkpt>
      <trkpt lat="31.02050187997519969940185546875" lon="121.42342097125947475433349609375">
        <ele>7.19999980926513671875</ele>
        <time>2026-06-02T12:19:31.000Z</time>
        <extensions>
          <ns3:TrackPointExtension>
            <ns3:hr>156</ns3:hr>
            <ns3:cad>81</ns3:cad>
          </ns3:TrackPointExtension>
        </extensions>
      </trkpt>
      <trkpt lat="31.020490229129791259765625" lon="121.4234339632093906402587890625">
        <ele>7.19999980926513671875</ele>
        <time>2026-06-02T12:19:32.000Z</time>
        <extensions>
          <ns3:TrackPointExtension>
            <ns3:hr>157</ns3:hr>
            <ns3:cad>81</ns3:cad>
          </ns3:TrackPointExtension>
        </extensions>
      </trkpt>
      <trkpt lat="31.020477823913097381591796875" lon="121.423445530235767364501953125">
        <ele>7.19999980926513671875</ele>
        <time>2026-06-02T12:19:33.000Z</time>
        <extensions>
          <ns3:TrackPointExtension>
            <ns3:hr>158</ns3:hr>
            <ns3:cad>80</ns3:cad>
          </ns3:TrackPointExtension>
        </extensions>
      </trkpt>
      <trkpt lat="31.020467765629291534423828125" lon="121.4234564267098903656005859375">
        <ele>7.19999980926513671875</ele>
        <time>2026-06-02T12:19:34.000Z</time>
        <extensions>
          <ns3:TrackPointExtension>
            <ns3:hr>158</ns3:hr>
            <ns3:cad>79</ns3:cad>
          </ns3:TrackPointExtension>
        </extensions>
      </trkpt>
      <trkpt lat="31.0204548574984073638916015625" lon="121.4234658144414424896240234375">
        <ele>7.19999980926513671875</ele>
        <time>2026-06-02T12:19:35.000Z</time>
        <extensions>
          <ns3:TrackPointExtension>
            <ns3:hr>159</ns3:hr>
            <ns3:cad>79</ns3:cad>
          </ns3:TrackPointExtension>
        </extensions>
      </trkpt>
      <trkpt lat="31.02044957689940929412841796875" lon="121.42347813583910465240478515625">
        <ele>7.19999980926513671875</ele>
        <time>2026-06-02T12:19:36.000Z</time>
        <extensions>
          <ns3:TrackPointExtension>
            <ns3:hr>159</ns3:hr>
            <ns3:cad>79</ns3:cad>
          </ns3:TrackPointExtension>
        </extensions>
      </trkpt>
      <trkpt lat="31.020446978509426116943359375" lon="121.4234862662851810455322265625">
        <ele>7.19999980926513671875</ele>
        <time>2026-06-02T12:19:37.000Z</time>
        <extensions>
          <ns3:TrackPointExtension>
            <ns3:hr>159</ns3:hr>
            <ns3:cad>79</ns3:cad>
          </ns3:TrackPointExtension>
        </extensions>
      </trkpt>
      <trkpt lat="31.0204357467591762542724609375" lon="121.423503197729587554931640625">
        <ele>7.400000095367431640625</ele>
        <time>2026-06-02T12:19:38.000Z</time>
        <extensions>
          <ns3:TrackPointExtension>
            <ns3:hr>160</ns3:hr>
            <ns3:cad>64</ns3:cad>
          </ns3:TrackPointExtension>
        </extensions>
      </trkpt>
      <trkpt lat="31.020431220531463623046875" lon="121.4235171116888523101806640625">
        <ele>7.400000095367431640625</ele>
        <time>2026-06-02T12:19:39.000Z</time>
        <extensions>
          <ns3:TrackPointExtension>
            <ns3:hr>159</ns3:hr>
            <ns3:cad>61</ns3:cad>
          </ns3:TrackPointExtension>
        </extensions>
      </trkpt>
      <trkpt lat="31.02042560465633869171142578125" lon="121.42353479750454425811767578125">
        <ele>7.400000095367431640625</ele>
        <time>2026-06-02T12:19:40.000Z</time>
        <extensions>
          <ns3:TrackPointExtension>
            <ns3:hr>159</ns3:hr>
            <ns3:cad>61</ns3:cad>
          </ns3:TrackPointExtension>
        </extensions>
      </trkpt>
      <trkpt lat="31.02041755802929401397705078125" lon="121.42355022020637989044189453125">
        <ele>7.400000095367431640625</ele>
        <time>2026-06-02T12:19:41.000Z</time>
        <extensions>
          <ns3:TrackPointExtension>
            <ns3:hr>158</ns3:hr>
            <ns3:cad>59</ns3:cad>
          </ns3:TrackPointExtension>
        </extensions>
      </trkpt>
      <trkpt lat="31.02041118778288364410400390625" lon="121.42356731928884983062744140625">
        <ele>7.400000095367431640625</ele>
        <time>2026-06-02T12:19:42.000Z</time>
        <extensions>
          <ns3:TrackPointExtension>
            <ns3:hr>157</ns3:hr>
            <ns3:cad>59</ns3:cad>
          </ns3:TrackPointExtension>
        </extensions>
      </trkpt>
      <trkpt lat="31.0204079188406467437744140625" lon="121.42358073033392429351806640625">
        <ele>7.400000095367431640625</ele>
        <time>2026-06-02T12:19:43.000Z</time>
        <extensions>
          <ns3:TrackPointExtension>
            <ns3:hr>155</ns3:hr>
            <ns3:cad>59</ns3:cad>
          </ns3:TrackPointExtension>
        </extensions>
      </trkpt>
      <trkpt lat="31.02040397934615612030029296875" lon="121.42359313555061817169189453125">
        <ele>7.400000095367431640625</ele>
        <time>2026-06-02T12:19:44.000Z</time>
        <extensions>
          <ns3:TrackPointExtension>
            <ns3:hr>154</ns3:hr>
            <ns3:cad>58</ns3:cad>
          </ns3:TrackPointExtension>
        </extensions>
      </trkpt>
      <trkpt lat="31.020401380956172943115234375" lon="121.4236029423773288726806640625">
        <ele>7.400000095367431640625</ele>
        <time>2026-06-02T12:19:45.000Z</time>
        <extensions>
          <ns3:TrackPointExtension>
            <ns3:hr>153</ns3:hr>
            <ns3:cad>56</ns3:cad>
          </ns3:TrackPointExtension>
        </extensions>
      </trkpt>
      <trkpt lat="31.0204005427658557891845703125" lon="121.42361157573759555816650390625">
        <ele>7.400000095367431640625</ele>
        <time>2026-06-02T12:19:46.000Z</time>
        <extensions>
          <ns3:TrackPointExtension>
            <ns3:hr>153</ns3:hr>
            <ns3:cad>58</ns3:cad>
          </ns3:TrackPointExtension>
        </extensions>
      </trkpt>
      <trkpt lat="31.02040112949907779693603515625" lon="121.4236190356314182281494140625">
        <ele>7.400000095367431640625</ele>
        <time>2026-06-02T12:19:47.000Z</time>
        <extensions>
          <ns3:TrackPointExtension>
            <ns3:hr>152</ns3:hr>
            <ns3:cad>58</ns3:cad>
          </ns3:TrackPointExtension>
        </extensions>
      </trkpt>
      <trkpt lat="31.0204015485942363739013671875" lon="121.42362632788717746734619140625">
        <ele>7.19999980926513671875</ele>
        <time>2026-06-02T12:19:48.000Z</time>
        <extensions>
          <ns3:TrackPointExtension>
            <ns3:hr>152</ns3:hr>
            <ns3:cad>58</ns3:cad>
          </ns3:TrackPointExtension>
        </extensions>
      </trkpt>
      <trkpt lat="31.02040062658488750457763671875" lon="121.42363554798066616058349609375">
        <ele>7</ele>
        <time>2026-06-02T12:19:49.000Z</time>
        <extensions>
          <ns3:TrackPointExtension>
            <ns3:hr>150</ns3:hr>
            <ns3:cad>57</ns3:cad>
          </ns3:TrackPointExtension>
        </extensions>
      </trkpt>
      <trkpt lat="31.020398028194904327392578125" lon="121.42364644445478916168212890625">
        <ele>7</ele>
        <time>2026-06-02T12:19:50.000Z</time>
        <extensions>
          <ns3:TrackPointExtension>
            <ns3:hr>150</ns3:hr>
            <ns3:cad>57</ns3:cad>
          </ns3:TrackPointExtension>
        </extensions>
      </trkpt>
      <trkpt lat="31.02039274759590625762939453125" lon="121.4236622862517833709716796875">
        <ele>7</ele>
        <time>2026-06-02T12:19:51.000Z</time>
        <extensions>
          <ns3:TrackPointExtension>
            <ns3:hr>150</ns3:hr>
            <ns3:cad>57</ns3:cad>
          </ns3:TrackPointExtension>
        </extensions>
      </trkpt>
      <trkpt lat="31.02039090357720851898193359375" lon="121.42367846332490444183349609375">
        <ele>7.19999980926513671875</ele>
        <time>2026-06-02T12:19:52.000Z</time>
        <extensions>
          <ns3:TrackPointExtension>
            <ns3:hr>149</ns3:hr>
            <ns3:cad>57</ns3:cad>
          </ns3:TrackPointExtension>
        </extensions>
      </trkpt>
      <trkpt lat="31.02038620971143245697021484375" lon="121.42369355075061321258544921875">
        <ele>7.19999980926513671875</ele>
        <time>2026-06-02T12:19:53.000Z</time>
        <extensions>
          <ns3:TrackPointExtension>
            <ns3:hr>148</ns3:hr>
            <ns3:cad>56</ns3:cad>
          </ns3:TrackPointExtension>
        </extensions>
      </trkpt>
      <trkpt lat="31.020379923284053802490234375" lon="121.4237085543572902679443359375">
        <ele>7.400000095367431640625</ele>
        <time>2026-06-02T12:19:54.000Z</time>
        <extensions>
          <ns3:TrackPointExtension>
            <ns3:hr>147</ns3:hr>
            <ns3:cad>56</ns3:cad>
          </ns3:TrackPointExtension>
        </extensions>
      </trkpt>
      <trkpt lat="31.02037883363664150238037109375" lon="121.4237233065068721771240234375">
        <ele>7.400000095367431640625</ele>
        <time>2026-06-02T12:19:55.000Z</time>
        <extensions>
          <ns3:TrackPointExtension>
            <ns3:hr>146</ns3:hr>
            <ns3:cad>56</ns3:cad>
          </ns3:TrackPointExtension>
        </extensions>
      </trkpt>
      <trkpt lat="31.02037883363664150238037109375" lon="121.4237367175519466400146484375">
        <ele>7.599999904632568359375</ele>
        <time>2026-06-02T12:19:56.000Z</time>
        <extensions>
          <ns3:TrackPointExtension>
            <ns3:hr>146</ns3:hr>
            <ns3:cad>56</ns3:cad>
          </ns3:TrackPointExtension>
        </extensions>
      </trkpt>
      <trkpt lat="31.0203800909221172332763671875" lon="121.42375205643475055694580078125">
        <ele>7.599999904632568359375</ele>
        <time>2026-06-02T12:19:57.000Z</time>
        <extensions>
          <ns3:TrackPointExtension>
            <ns3:hr>145</ns3:hr>
            <ns3:cad>56</ns3:cad>
          </ns3:TrackPointExtension>
        </extensions>
      </trkpt>
      <trkpt lat="31.02038034237921237945556640625" lon="121.423770748078823089599609375">
        <ele>7.599999904632568359375</ele>
        <time>2026-06-02T12:19:58.000Z</time>
        <extensions>
          <ns3:TrackPointExtension>
            <ns3:hr>143</ns3:hr>
            <ns3:cad>56</ns3:cad>
          </ns3:TrackPointExtension>
        </extensions>
      </trkpt>
      <trkpt lat="31.02037916891276836395263671875" lon="121.42378457821905612945556640625">
        <ele>7.400000095367431640625</ele>
        <time>2026-06-02T12:19:59.000Z</time>
        <extensions>
          <ns3:TrackPointExtension>
            <ns3:hr>143</ns3:hr>
            <ns3:cad>56</ns3:cad>
          </ns3:TrackPointExtension>
        </extensions>
      </trkpt>
      <trkpt lat="31.020376570522785186767578125" lon="121.42379664815962314605712890625">
        <ele>7.400000095367431640625</ele>
        <time>2026-06-02T12:20:00.000Z</time>
        <extensions>
          <ns3:TrackPointExtension>
            <ns3:hr>143</ns3:hr>
            <ns3:cad>56</ns3:cad>
          </ns3:TrackPointExtension>
        </extensions>
      </trkpt>
      <trkpt lat="31.0203764028847217559814453125" lon="121.42381106503307819366455078125">
        <ele>7.400000095367431640625</ele>
        <time>2026-06-02T12:20:01.000Z</time>
        <extensions>
          <ns3:TrackPointExtension>
            <ns3:hr>143</ns3:hr>
            <ns3:cad>56</ns3:cad>
          </ns3:TrackPointExtension>
        </extensions>
      </trkpt>
      <trkpt lat="31.02037749253213405609130859375" lon="121.423825062811374664306640625">
        <ele>7.19999980926513671875</ele>
        <time>2026-06-02T12:20:02.000Z</time>
        <extensions>
          <ns3:TrackPointExtension>
            <ns3:hr>144</ns3:hr>
            <ns3:cad>56</ns3:cad>
          </ns3:TrackPointExtension>
        </extensions>
      </trkpt>
      <trkpt lat="31.02037958800792694091796875" lon="121.42383520491421222686767578125">
        <ele>7.19999980926513671875</ele>
        <time>2026-06-02T12:20:03.000Z</time>
        <extensions>
          <ns3:TrackPointExtension>
            <ns3:hr>143</ns3:hr>
            <ns3:cad>56</ns3:cad>
          </ns3:TrackPointExtension>
        </extensions>
      </trkpt>
      <trkpt lat="31.0203821025788784027099609375" lon="121.42384559847414493560791015625">
        <ele>7.19999980926513671875</ele>
        <time>2026-06-02T12:20:04.000Z</time>
        <extensions>
          <ns3:TrackPointExtension>
            <ns3:hr>143</ns3:hr>
            <ns3:cad>56</ns3:cad>
          </ns3:TrackPointExtension>
        </extensions>
      </trkpt>
      <trkpt lat="31.02038537152111530303955078125" lon="121.42385490238666534423828125">
        <ele>7.19999980926513671875</ele>
        <time>2026-06-02T12:20:05.000Z</time>
        <extensions>
          <ns3:TrackPointExtension>
            <ns3:hr>142</ns3:hr>
            <ns3:cad>55</ns3:cad>
          </ns3:TrackPointExtension>
        </extensions>
      </trkpt>
      <trkpt lat="31.02038822136819362640380859375" lon="121.4238681457936763763427734375">
        <ele>7</ele>
        <time>2026-06-02T12:20:06.000Z</time>
        <extensions>
          <ns3:TrackPointExtension>
            <ns3:hr>142</ns3:hr>
            <ns3:cad>55</ns3:cad>
          </ns3:TrackPointExtension>
        </extensions>
      </trkpt>
      <trkpt lat="31.02039123885333538055419921875" lon="121.42388298176229000091552734375">
        <ele>7</ele>
        <time>2026-06-02T12:20:07.000Z</time>
        <extensions>
          <ns3:TrackPointExtension>
            <ns3:hr>142</ns3:hr>
            <ns3:cad>53</ns3:cad>
          </ns3:TrackPointExtension>
        </extensions>
      </trkpt>
      <trkpt lat="31.020395345985889434814453125" lon="121.42389957793056964874267578125">
        <ele>7</ele>
        <time>2026-06-02T12:20:08.000Z</time>
        <extensions>
          <ns3:TrackPointExtension>
            <ns3:hr>141</ns3:hr>
            <ns3:cad>53</ns3:cad>
          </ns3:TrackPointExtension>
        </extensions>
      </trkpt>
      <trkpt lat="31.0203992016613483428955078125" lon="121.4239157550036907196044921875">
        <ele>7</ele>
        <time>2026-06-02T12:20:09.000Z</time>
        <extensions>
          <ns3:TrackPointExtension>
            <ns3:hr>140</ns3:hr>
            <ns3:cad>55</ns3:cad>
          </ns3:TrackPointExtension>
        </extensions>
      </trkpt>
      <trkpt lat="31.020402722060680389404296875" lon="121.42392891459167003631591796875">
        <ele>7</ele>
        <time>2026-06-02T12:20:10.000Z</time>
        <extensions>
          <ns3:TrackPointExtension>
            <ns3:hr>140</ns3:hr>
            <ns3:cad>55</ns3:cad>
          </ns3:TrackPointExtension>
        </extensions>
      </trkpt>
      <trkpt lat="31.02040716446936130523681640625" lon="121.4239466004073619842529296875">
        <ele>7</ele>
        <time>2026-06-02T12:20:11.000Z</time>
        <extensions>
          <ns3:TrackPointExtension>
            <ns3:hr>140</ns3:hr>
            <ns3:cad>55</ns3:cad>
          </ns3:TrackPointExtension>
        </extensions>
      </trkpt>
      <trkpt lat="31.02041252888739109039306640625" lon="121.42396328039467334747314453125">
        <ele>7.19999980926513671875</ele>
        <time>2026-06-02T12:20:12.000Z</time>
        <extensions>
          <ns3:TrackPointExtension>
            <ns3:hr>139</ns3:hr>
            <ns3:cad>55</ns3:cad>
          </ns3:TrackPointExtension>
        </extensions>
      </trkpt>
      <trkpt lat="31.02041856385767459869384765625" lon="121.4239776134490966796875">
        <ele>7.19999980926513671875</ele>
        <time>2026-06-02T12:20:13.000Z</time>
        <extensions>
          <ns3:TrackPointExtension>
            <ns3:hr>139</ns3:hr>
            <ns3:cad>55</ns3:cad>
          </ns3:TrackPointExtension>
        </extensions>
      </trkpt>
      <trkpt lat="31.02042392827570438385009765625" lon="121.42398959957063198089599609375">
        <ele>7.19999980926513671875</ele>
        <time>2026-06-02T12:20:14.000Z</time>
        <extensions>
          <ns3:TrackPointExtension>
            <ns3:hr>138</ns3:hr>
            <ns3:cad>55</ns3:cad>
          </ns3:TrackPointExtension>
        </extensions>
      </trkpt>
      <trkpt lat="31.02043013088405132293701171875" lon="121.42399999313056468963623046875">
        <ele>7.19999980926513671875</ele>
        <time>2026-06-02T12:20:15.000Z</time>
        <extensions>
          <ns3:TrackPointExtension>
            <ns3:hr>138</ns3:hr>
            <ns3:cad>55</ns3:cad>
          </ns3:TrackPointExtension>
        </extensions>
      </trkpt>
      <trkpt lat="31.0204354114830493927001953125" lon="121.424010135233402252197265625">
        <ele>7.19999980926513671875</ele>
        <time>2026-06-02T12:20:16.000Z</time>
        <extensions>
          <ns3:TrackPointExtension>
            <ns3:hr>138</ns3:hr>
            <ns3:cad>55</ns3:cad>
          </ns3:TrackPointExtension>
        </extensions>
      </trkpt>
      <trkpt lat="31.02044085972011089324951171875" lon="121.4240193553268909454345703125">
        <ele>7</ele>
        <time>2026-06-02T12:20:17.000Z</time>
        <extensions>
          <ns3:TrackPointExtension>
            <ns3:hr>137</ns3:hr>
            <ns3:cad>55</ns3:cad>
          </ns3:TrackPointExtension>
        </extensions>
      </trkpt>
      <trkpt lat="31.0204464755952358245849609375" lon="121.42402547411620616912841796875">
        <ele>7</ele>
        <time>2026-06-02T12:20:18.000Z</time>
        <extensions>
          <ns3:TrackPointExtension>
            <ns3:hr>137</ns3:hr>
            <ns3:cad>56</ns3:cad>
          </ns3:TrackPointExtension>
        </extensions>
      </trkpt>
      <trkpt lat="31.02045326493680477142333984375" lon="121.42403326928615570068359375">
        <ele>7</ele>
        <time>2026-06-02T12:20:19.000Z</time>
        <extensions>
          <ns3:TrackPointExtension>
            <ns3:hr>138</ns3:hr>
            <ns3:cad>56</ns3:cad>
          </ns3:TrackPointExtension>
        </extensions>
      </trkpt>
      <trkpt lat="31.0204592160880565643310546875" lon="121.42403905279934406280517578125">
        <ele>7</ele>
        <time>2026-06-02T12:20:20.000Z</time>
        <extensions>
          <ns3:TrackPointExtension>
            <ns3:hr>138</ns3:hr>
            <ns3:cad>56</ns3:cad>
          </ns3:TrackPointExtension>
        </extensions>
      </trkpt>
      <trkpt lat="31.0204674303531646728515625" lon="121.42404810525476932525634765625">
        <ele>7</ele>
        <time>2026-06-02T12:20:21.000Z</time>
        <extensions>
          <ns3:TrackPointExtension>
            <ns3:hr>138</ns3:hr>
            <ns3:cad>56</ns3:cad>
          </ns3:TrackPointExtension>
        </extensions>
      </trkpt>
      <trkpt lat="31.0204763151705265045166015625" lon="121.42405866645276546478271484375">
        <ele>7</ele>
        <time>2026-06-02T12:20:22.000Z</time>
        <extensions>
          <ns3:TrackPointExtension>
            <ns3:hr>138</ns3:hr>
            <ns3:cad>56</ns3:cad>
          </ns3:TrackPointExtension>
        </extensions>
      </trkpt>
      <trkpt lat="31.020485199987888336181640625" lon="121.4240701496601104736328125">
        <ele>7</ele>
        <time>2026-06-02T12:20:23.000Z</time>
        <extensions>
          <ns3:TrackPointExtension>
            <ns3:hr>137</ns3:hr>
            <ns3:cad>56</ns3:cad>
          </ns3:TrackPointExtension>
        </extensions>
      </trkpt>
      <trkpt lat="31.02049517445266246795654296875" lon="121.424082554876804351806640625">
        <ele>7</ele>
        <time>2026-06-02T12:20:24.000Z</time>
        <extensions>
          <ns3:TrackPointExtension>
            <ns3:hr>137</ns3:hr>
            <ns3:cad>57</ns3:cad>
          </ns3:TrackPointExtension>
        </extensions>
      </trkpt>
      <trkpt lat="31.02050573565065860748291015625" lon="121.42409630119800567626953125">
        <ele>7</ele>
        <time>2026-06-02T12:20:25.000Z</time>
        <extensions>
          <ns3:TrackPointExtension>
            <ns3:hr>136</ns3:hr>
            <ns3:cad>57</ns3:cad>
          </ns3:TrackPointExtension>
        </extensions>
      </trkpt>
      <trkpt lat="31.0205165483057498931884765625" lon="121.42410879023373126983642578125">
        <ele>7</ele>
        <time>2026-06-02T12:20:26.000Z</time>
        <extensions>
          <ns3:TrackPointExtension>
            <ns3:hr>136</ns3:hr>
            <ns3:cad>57</ns3:cad>
          </ns3:TrackPointExtension>
        </extensions>
      </trkpt>
      <trkpt lat="31.0205276124179363250732421875" lon="121.424119770526885986328125">
        <ele>7</ele>
        <time>2026-06-02T12:20:27.000Z</time>
        <extensions>
          <ns3:TrackPointExtension>
            <ns3:hr>135</ns3:hr>
            <ns3:cad>57</ns3:cad>
          </ns3:TrackPointExtension>
        </extensions>
      </trkpt>
      <trkpt lat="31.0205386765301227569580078125" lon="121.4241303317248821258544921875">
        <ele>7</ele>
        <time>2026-06-02T12:20:28.000Z</time>
        <extensions>
          <ns3:TrackPointExtension>
            <ns3:hr>133</ns3:hr>
            <ns3:cad>57</ns3:cad>
          </ns3:TrackPointExtension>
        </extensions>
      </trkpt>
      <trkpt lat="31.02054563350975513458251953125" lon="121.42413812689483165740966796875">
        <ele>7</ele>
        <time>2026-06-02T12:20:29.000Z</time>
        <extensions>
          <ns3:TrackPointExtension>
            <ns3:hr>132</ns3:hr>
            <ns3:cad>57</ns3:cad>
          </ns3:TrackPointExtension>
        </extensions>
      </trkpt>
      <trkpt lat="31.02055602706968784332275390625" lon="121.4241479337215423583984375">
        <ele>7</ele>
        <time>2026-06-02T12:20:30.000Z</time>
        <extensions>
          <ns3:TrackPointExtension>
            <ns3:hr>132</ns3:hr>
            <ns3:cad>57</ns3:cad>
          </ns3:TrackPointExtension>
        </extensions>
      </trkpt>
      <trkpt lat="31.0205666720867156982421875" lon="121.424157656729221343994140625">
        <ele>7</ele>
        <time>2026-06-02T12:20:31.000Z</time>
        <extensions>
          <ns3:TrackPointExtension>
            <ns3:hr>131</ns3:hr>
            <ns3:cad>57</ns3:cad>
          </ns3:TrackPointExtension>
        </extensions>
      </trkpt>
      <trkpt lat="31.0205779038369655609130859375" lon="121.42416696064174175262451171875">
        <ele>7</ele>
        <time>2026-06-02T12:20:32.000Z</time>
        <extensions>
          <ns3:TrackPointExtension>
            <ns3:hr>131</ns3:hr>
            <ns3:cad>57</ns3:cad>
          </ns3:TrackPointExtension>
        </extensions>
      </trkpt>
      <trkpt lat="31.0205899737775325775146484375" lon="121.42417609691619873046875">
        <ele>7</ele>
        <time>2026-06-02T12:20:33.000Z</time>
        <extensions>
          <ns3:TrackPointExtension>
            <ns3:hr>131</ns3:hr>
            <ns3:cad>57</ns3:cad>
          </ns3:TrackPointExtension>
        </extensions>
      </trkpt>
      <trkpt lat="31.02060397155582904815673828125" lon="121.42418439500033855438232421875">
        <ele>7</ele>
        <time>2026-06-02T12:20:34.000Z</time>
        <extensions>
          <ns3:TrackPointExtension>
            <ns3:hr>130</ns3:hr>
            <ns3:cad>57</ns3:cad>
          </ns3:TrackPointExtension>
        </extensions>
      </trkpt>
      <trkpt lat="31.02061537094414234161376953125" lon="121.42419311217963695526123046875">
        <ele>7</ele>
        <time>2026-06-02T12:20:35.000Z</time>
        <extensions>
          <ns3:TrackPointExtension>
            <ns3:hr>129</ns3:hr>
            <ns3:cad>58</ns3:cad>
          </ns3:TrackPointExtension>
        </extensions>
      </trkpt>
      <trkpt lat="31.0206241719424724578857421875" lon="121.424198560416698455810546875">
        <ele>7.19999980926513671875</ele>
        <time>2026-06-02T12:20:36.000Z</time>
        <extensions>
          <ns3:TrackPointExtension>
            <ns3:hr>128</ns3:hr>
            <ns3:cad>58</ns3:cad>
          </ns3:TrackPointExtension>
        </extensions>
      </trkpt>
      <trkpt lat="31.02063531987369060516357421875" lon="121.42420501448214054107666015625">
        <ele>7.19999980926513671875</ele>
        <time>2026-06-02T12:20:37.000Z</time>
        <extensions>
          <ns3:TrackPointExtension>
            <ns3:hr>127</ns3:hr>
            <ns3:cad>58</ns3:cad>
          </ns3:TrackPointExtension>
        </extensions>
      </trkpt>
      <trkpt lat="31.02064671926200389862060546875" lon="121.42420954070985317230224609375">
        <ele>7.400000095367431640625</ele>
        <time>2026-06-02T12:20:38.000Z</time>
        <extensions>
          <ns3:TrackPointExtension>
            <ns3:hr>127</ns3:hr>
            <ns3:cad>58</ns3:cad>
          </ns3:TrackPointExtension>
        </extensions>
      </trkpt>
      <trkpt lat="31.0206610523164272308349609375" lon="121.424216330051422119140625">
        <ele>7.400000095367431640625</ele>
        <time>2026-06-02T12:20:39.000Z</time>
        <extensions>
          <ns3:TrackPointExtension>
            <ns3:hr>126</ns3:hr>
            <ns3:cad>58</ns3:cad>
          </ns3:TrackPointExtension>
        </extensions>
      </trkpt>
      <trkpt lat="31.02067270316183567047119140625" lon="121.4242185093462467193603515625">
        <ele>7.400000095367431640625</ele>
        <time>2026-06-02T12:20:40.000Z</time>
        <extensions>
          <ns3:TrackPointExtension>
            <ns3:hr>126</ns3:hr>
            <ns3:cad>59</ns3:cad>
          </ns3:TrackPointExtension>
        </extensions>
      </trkpt>
      <trkpt lat="31.02068410255014896392822265625" lon="121.42422043718397617340087890625">
        <ele>7.400000095367431640625</ele>
        <time>2026-06-02T12:20:41.000Z</time>
        <extensions>
          <ns3:TrackPointExtension>
            <ns3:hr>126</ns3:hr>
            <ns3:cad>59</ns3:cad>
          </ns3:TrackPointExtension>
        </extensions>
      </trkpt>
      <trkpt lat="31.0206945799291133880615234375" lon="121.4242208562791347503662109375">
        <ele>7.19999980926513671875</ele>
        <time>2026-06-02T12:20:42.000Z</time>
        <extensions>
          <ns3:TrackPointExtension>
            <ns3:hr>126</ns3:hr>
            <ns3:cad>59</ns3:cad>
          </ns3:TrackPointExtension>
        </extensions>
      </trkpt>
      <trkpt lat="31.0207021236419677734375" lon="121.42421901226043701171875">
        <ele>7.19999980926513671875</ele>
        <time>2026-06-02T12:20:43.000Z</time>
        <extensions>
          <ns3:TrackPointExtension>
            <ns3:hr>126</ns3:hr>
            <ns3:cad>58</ns3:cad>
          </ns3:TrackPointExtension>
        </extensions>
      </trkpt>
      <trkpt lat="31.02070924825966358184814453125" lon="121.42421959899365901947021484375">
        <ele>7</ele>
        <time>2026-06-02T12:20:44.000Z</time>
        <extensions>
          <ns3:TrackPointExtension>
            <ns3:hr>126</ns3:hr>
            <ns3:cad>58</ns3:cad>
          </ns3:TrackPointExtension>
        </extensions>
      </trkpt>
      <trkpt lat="31.02071863599121570587158203125" lon="121.4242201857268810272216796875">
        <ele>7</ele>
        <time>2026-06-02T12:20:45.000Z</time>
        <extensions>
          <ns3:TrackPointExtension>
            <ns3:hr>126</ns3:hr>
            <ns3:cad>58</ns3:cad>
          </ns3:TrackPointExtension>
        </extensions>
      </trkpt>
      <trkpt lat="31.02073020301759243011474609375" lon="121.424220688641071319580078125">
        <ele>7</ele>
        <time>2026-06-02T12:20:46.000Z</time>
        <extensions>
          <ns3:TrackPointExtension>
            <ns3:hr>125</ns3:hr>
            <ns3:cad>57</ns3:cad>
          </ns3:TrackPointExtension>
        </extensions>
      </trkpt>
      <trkpt lat="31.02074294351041316986083984375" lon="121.4242225326597690582275390625">
        <ele>7</ele>
        <time>2026-06-02T12:20:47.000Z</time>
        <extensions>
          <ns3:TrackPointExtension>
            <ns3:hr>124</ns3:hr>
            <ns3:cad>57</ns3:cad>
          </ns3:TrackPointExtension>
        </extensions>
      </trkpt>
      <trkpt lat="31.02075769565999507904052734375" lon="121.42422697506844997406005859375">
        <ele>7</ele>
        <time>2026-06-02T12:20:48.000Z</time>
        <extensions>
          <ns3:TrackPointExtension>
            <ns3:hr>124</ns3:hr>
            <ns3:cad>57</ns3:cad>
          </ns3:TrackPointExtension>
        </extensions>
      </trkpt>
      <trkpt lat="31.02077119052410125732421875" lon="121.42423049546778202056884765625">
        <ele>7</ele>
        <time>2026-06-02T12:20:49.000Z</time>
        <extensions>
          <ns3:TrackPointExtension>
            <ns3:hr>124</ns3:hr>
            <ns3:cad>57</ns3:cad>
          </ns3:TrackPointExtension>
        </extensions>
      </trkpt>
      <trkpt lat="31.02078820578753948211669921875" lon="121.42423200421035289764404296875">
        <ele>7</ele>
        <time>2026-06-02T12:20:50.000Z</time>
        <extensions>
          <ns3:TrackPointExtension>
            <ns3:hr>123</ns3:hr>
            <ns3:cad>57</ns3:cad>
          </ns3:TrackPointExtension>
        </extensions>
      </trkpt>
      <trkpt lat="31.02080245502293109893798828125" lon="121.4242292381823062896728515625">
        <ele>7</ele>
        <time>2026-06-02T12:20:51.000Z</time>
        <extensions>
          <ns3:TrackPointExtension>
            <ns3:hr>123</ns3:hr>
            <ns3:cad>55</ns3:cad>
          </ns3:TrackPointExtension>
        </extensions>
      </trkpt>
      <trkpt lat="31.02081703953444957733154296875" lon="121.42422647215425968170166015625">
        <ele>7</ele>
        <time>2026-06-02T12:20:52.000Z</time>
        <extensions>
          <ns3:TrackPointExtension>
            <ns3:hr>123</ns3:hr>
            <ns3:cad>55</ns3:cad>
          </ns3:TrackPointExtension>
        </extensions>
      </trkpt>
      <trkpt lat="31.02082961238920688629150390625" lon="121.424222700297832489013671875">
        <ele>7</ele>
        <time>2026-06-02T12:20:53.000Z</time>
        <extensions>
          <ns3:TrackPointExtension>
            <ns3:hr>124</ns3:hr>
            <ns3:cad>55</ns3:cad>
          </ns3:TrackPointExtension>
        </extensions>
      </trkpt>
      <trkpt lat="31.02083866484463214874267578125" lon="121.4242185093462467193603515625">
        <ele>7</ele>
        <time>2026-06-02T12:20:54.000Z</time>
        <extensions>
          <ns3:TrackPointExtension>
            <ns3:hr>123</ns3:hr>
            <ns3:cad>55</ns3:cad>
          </ns3:TrackPointExtension>
        </extensions>
      </trkpt>
      <trkpt lat="31.020845286548137664794921875" lon="121.42421641387045383453369140625">
        <ele>7</ele>
        <time>2026-06-02T12:20:55.000Z</time>
        <extensions>
          <ns3:TrackPointExtension>
            <ns3:hr>123</ns3:hr>
            <ns3:cad>55</ns3:cad>
          </ns3:TrackPointExtension>
        </extensions>
      </trkpt>
      <trkpt lat="31.02085165679454803466796875" lon="121.4242136478424072265625">
        <ele>7</ele>
        <time>2026-06-02T12:20:56.000Z</time>
        <extensions>
          <ns3:TrackPointExtension>
            <ns3:hr>123</ns3:hr>
            <ns3:cad>55</ns3:cad>
          </ns3:TrackPointExtension>
        </extensions>
      </trkpt>
      <trkpt lat="31.02085769176483154296875" lon="121.42421172000467777252197265625">
        <ele>7</ele>
        <time>2026-06-02T12:20:57.000Z</time>
        <extensions>
          <ns3:TrackPointExtension>
            <ns3:hr>123</ns3:hr>
            <ns3:cad>55</ns3:cad>
          </ns3:TrackPointExtension>
        </extensions>
      </trkpt>
      <trkpt lat="31.020868755877017974853515625" lon="121.42421004362404346466064453125">
        <ele>7</ele>
        <time>2026-06-02T12:20:58.000Z</time>
        <extensions>
          <ns3:TrackPointExtension>
            <ns3:hr>123</ns3:hr>
            <ns3:cad>55</ns3:cad>
          </ns3:TrackPointExtension>
        </extensions>
      </trkpt>
      <trkpt lat="31.020879484713077545166015625" lon="121.42420819960534572601318359375">
        <ele>7</ele>
        <time>2026-06-02T12:20:59.000Z</time>
        <extensions>
          <ns3:TrackPointExtension>
            <ns3:hr>123</ns3:hr>
            <ns3:cad>54</ns3:cad>
          </ns3:TrackPointExtension>
        </extensions>
      </trkpt>
      <trkpt lat="31.02089281193912029266357421875" lon="121.42420484684407711029052734375">
        <ele>7.19999980926513671875</ele>
        <time>2026-06-02T12:21:00.000Z</time>
        <extensions>
          <ns3:TrackPointExtension>
            <ns3:hr>122</ns3:hr>
            <ns3:cad>54</ns3:cad>
          </ns3:TrackPointExtension>
        </extensions>
      </trkpt>
      <trkpt lat="31.02090136148035526275634765625" lon="121.42420224845409393310546875">
        <ele>7.400000095367431640625</ele>
        <time>2026-06-02T12:21:01.000Z</time>
        <extensions>
          <ns3:TrackPointExtension>
            <ns3:hr>121</ns3:hr>
            <ns3:cad>54</ns3:cad>
          </ns3:TrackPointExtension>
        </extensions>
      </trkpt>
      <trkpt lat="31.02091410197317600250244140625" lon="121.42419696785509586334228515625">
        <ele>7.400000095367431640625</ele>
        <time>2026-06-02T12:21:02.000Z</time>
        <extensions>
          <ns3:TrackPointExtension>
            <ns3:hr>120</ns3:hr>
            <ns3:cad>0</ns3:cad>
          </ns3:TrackPointExtension>
        </extensions>
      </trkpt>
      <trkpt lat="31.02092784829437732696533203125" lon="121.424190513789653778076171875">
        <ele>7.400000095367431640625</ele>
        <time>2026-06-02T12:21:03.000Z</time>
        <extensions>
          <ns3:TrackPointExtension>
            <ns3:hr>119</ns3:hr>
            <ns3:cad>0</ns3:cad>
          </ns3:TrackPointExtension>
        </extensions>
      </trkpt>
      <trkpt lat="31.02093924768269062042236328125" lon="121.42418590374290943145751953125">
        <ele>7.400000095367431640625</ele>
        <time>2026-06-02T12:21:04.000Z</time>
        <extensions>
          <ns3:TrackPointExtension>
            <ns3:hr>119</ns3:hr>
            <ns3:cad>0</ns3:cad>
          </ns3:TrackPointExtension>
        </extensions>
      </trkpt>
      <trkpt lat="31.02094846777617931365966796875" lon="121.4241839759051799774169921875">
        <ele>7.400000095367431640625</ele>
        <time>2026-06-02T12:21:05.000Z</time>
        <extensions>
          <ns3:TrackPointExtension>
            <ns3:hr>119</ns3:hr>
            <ns3:cad>0</ns3:cad>
          </ns3:TrackPointExtension>
        </extensions>
      </trkpt>
      <trkpt lat="31.02095500566065311431884765625" lon="121.42418020404875278472900390625">
        <ele>7.19999980926513671875</ele>
        <time>2026-06-02T12:21:06.000Z</time>
        <extensions>
          <ns3:TrackPointExtension>
            <ns3:hr>118</ns3:hr>
            <ns3:cad>0</ns3:cad>
          </ns3:TrackPointExtension>
        </extensions>
      </trkpt>
      <trkpt lat="31.0209544189274311065673828125" lon="121.42418556846678256988525390625">
        <ele>7.19999980926513671875</ele>
        <time>2026-06-02T12:21:07.000Z</time>
        <extensions>
          <ns3:TrackPointExtension>
            <ns3:hr>119</ns3:hr>
            <ns3:cad>0</ns3:cad>
          </ns3:TrackPointExtension>
        </extensions>
      </trkpt>
      <trkpt lat="31.02094897069036960601806640625" lon="121.42419110052287578582763671875">
        <ele>7.19999980926513671875</ele>
        <time>2026-06-02T12:21:08.000Z</time>
        <extensions>
          <ns3:TrackPointExtension>
            <ns3:hr>118</ns3:hr>
            <ns3:cad>0</ns3:cad>
          </ns3:TrackPointExtension>
        </extensions>
      </trkpt>
      <trkpt lat="31.02094260044395923614501953125" lon="121.42419445328414440155029296875">
        <ele>7.19999980926513671875</ele>
        <time>2026-06-02T12:21:09.000Z</time>
        <extensions>
          <ns3:TrackPointExtension>
            <ns3:hr>118</ns3:hr>
            <ns3:cad>0</ns3:cad>
          </ns3:TrackPointExtension>
        </extensions>
      </trkpt>
      <trkpt lat="31.02093706838786602020263671875" lon="121.42419227398931980133056640625">
        <ele>7.19999980926513671875</ele>
        <time>2026-06-02T12:21:10.000Z</time>
        <extensions>
          <ns3:TrackPointExtension>
            <ns3:hr>118</ns3:hr>
            <ns3:cad>0</ns3:cad>
          </ns3:TrackPointExtension>
        </extensions>
      </trkpt>
      <trkpt lat="31.0209329612553119659423828125" lon="121.4241940341889858245849609375">
        <ele>7</ele>
        <time>2026-06-02T12:21:11.000Z</time>
        <extensions>
          <ns3:TrackPointExtension>
            <ns3:hr>118</ns3:hr>
            <ns3:cad>0</ns3:cad>
          </ns3:TrackPointExtension>
        </extensions>
      </trkpt>
      <trkpt lat="31.0209329612553119659423828125" lon="121.42419881187379360198974609375">
        <ele>7</ele>
        <time>2026-06-02T12:21:12.000Z</time>
        <extensions>
          <ns3:TrackPointExtension>
            <ns3:hr>117</ns3:hr>
            <ns3:cad>0</ns3:cad>
          </ns3:TrackPointExtension>
        </extensions>
      </trkpt>
      <trkpt lat="31.02092742919921875" lon="121.42420551739633083343505859375">
        <ele>7</ele>
        <time>2026-06-02T12:21:13.000Z</time>
        <extensions>
          <ns3:TrackPointExtension>
            <ns3:hr>117</ns3:hr>
            <ns3:cad>0</ns3:cad>
          </ns3:TrackPointExtension>
        </extensions>
      </trkpt>
      <trkpt lat="31.0209205560386180877685546875" lon="121.424213983118534088134765625">
        <ele>7</ele>
        <time>2026-06-02T12:21:14.000Z</time>
        <extensions>
          <ns3:TrackPointExtension>
            <ns3:hr>117</ns3:hr>
            <ns3:cad>0</ns3:cad>
          </ns3:TrackPointExtension>
        </extensions>
      </trkpt>
      <trkpt lat="31.020915694534778594970703125" lon="121.42422060482203960418701171875">
        <ele>7</ele>
        <time>2026-06-02T12:21:15.000Z</time>
        <extensions>
          <ns3:TrackPointExtension>
            <ns3:hr>118</ns3:hr>
            <ns3:cad>0</ns3:cad>
          </ns3:TrackPointExtension>
        </extensions>
      </trkpt>
      <trkpt lat="31.02091410197317600250244140625" lon="121.42421993426978588104248046875">
        <ele>7</ele>
        <time>2026-06-02T12:21:16.000Z</time>
        <extensions>
          <ns3:TrackPointExtension>
            <ns3:hr>118</ns3:hr>
            <ns3:cad>0</ns3:cad>
          </ns3:TrackPointExtension>
        </extensions>
      </trkpt>
      <trkpt lat="31.02090957574546337127685546875" lon="121.4242208562791347503662109375">
        <ele>7.19999980926513671875</ele>
        <time>2026-06-02T12:21:17.000Z</time>
        <extensions>
          <ns3:TrackPointExtension>
            <ns3:hr>118</ns3:hr>
            <ns3:cad>0</ns3:cad>
          </ns3:TrackPointExtension>
        </extensions>
      </trkpt>
      <trkpt lat="31.02090823464095592498779296875" lon="121.42421741969883441925048828125">
        <ele>7.19999980926513671875</ele>
        <time>2026-06-02T12:21:18.000Z</time>
        <extensions>
          <ns3:TrackPointExtension>
            <ns3:hr>118</ns3:hr>
            <ns3:cad>57</ns3:cad>
          </ns3:TrackPointExtension>
        </extensions>
      </trkpt>
      <trkpt lat="31.02091762237250804901123046875" lon="121.42421138472855091094970703125">
        <ele>7.19999980926513671875</ele>
        <time>2026-06-02T12:21:19.000Z</time>
        <extensions>
          <ns3:TrackPointExtension>
            <ns3:hr>118</ns3:hr>
            <ns3:cad>57</ns3:cad>
          </ns3:TrackPointExtension>
        </extensions>
      </trkpt>
      <trkpt lat="31.0209260880947113037109375" lon="121.4242042601108551025390625">
        <ele>7.19999980926513671875</ele>
        <time>2026-06-02T12:21:20.000Z</time>
        <extensions>
          <ns3:TrackPointExtension>
            <ns3:hr>118</ns3:hr>
            <ns3:cad>57</ns3:cad>
          </ns3:TrackPointExtension>
        </extensions>
      </trkpt>
      <trkpt lat="31.02093555964529514312744140625" lon="121.42419696785509586334228515625">
        <ele>7</ele>
        <time>2026-06-02T12:21:21.000Z</time>
        <extensions>
          <ns3:TrackPointExtension>
            <ns3:hr>117</ns3:hr>
            <ns3:cad>0</ns3:cad>
          </ns3:TrackPointExtension>
        </extensions>
      </trkpt>
      <trkpt lat="31.0209423489868640899658203125" lon="121.42419277690351009368896484375">
        <ele>7</ele>
        <time>2026-06-02T12:21:22.000Z</time>
        <extensions>
          <ns3:TrackPointExtension>
            <ns3:hr>117</ns3:hr>
            <ns3:cad>0</ns3:cad>
          </ns3:TrackPointExtension>
        </extensions>
      </trkpt>
      <trkpt lat="31.02094494737684726715087890625" lon="121.42419512383639812469482421875">
        <ele>7</ele>
        <time>2026-06-02T12:21:23.000Z</time>
        <extensions>
          <ns3:TrackPointExtension>
            <ns3:hr>117</ns3:hr>
            <ns3:cad>0</ns3:cad>
          </ns3:TrackPointExtension>
        </extensions>
      </trkpt>
      <trkpt lat="31.020944528281688690185546875" lon="121.42419747076928615570068359375">
        <ele>7.19999980926513671875</ele>
        <time>2026-06-02T12:21:24.000Z</time>
        <extensions>
          <ns3:TrackPointExtension>
            <ns3:hr>118</ns3:hr>
            <ns3:cad>0</ns3:cad>
          </ns3:TrackPointExtension>
        </extensions>
      </trkpt>
      <trkpt lat="31.02093673311173915863037109375" lon="121.42420082353055477142333984375">
        <ele>7.19999980926513671875</ele>
        <time>2026-06-02T12:21:25.000Z</time>
        <extensions>
          <ns3:TrackPointExtension>
            <ns3:hr>118</ns3:hr>
            <ns3:cad>0</ns3:cad>
          </ns3:TrackPointExtension>
        </extensions>
      </trkpt>
      <trkpt lat="31.0209275968372821807861328125" lon="121.42420627176761627197265625">
        <ele>7.400000095367431640625</ele>
        <time>2026-06-02T12:21:26.000Z</time>
        <extensions>
          <ns3:TrackPointExtension>
            <ns3:hr>118</ns3:hr>
            <ns3:cad>50</ns3:cad>
          </ns3:TrackPointExtension>
        </extensions>
      </trkpt>
      <trkpt lat="31.02091980166733264923095703125" lon="121.4242118038237094879150390625">
        <ele>7.400000095367431640625</ele>
        <time>2026-06-02T12:21:27.000Z</time>
        <extensions>
          <ns3:TrackPointExtension>
            <ns3:hr>119</ns3:hr>
            <ns3:cad>50</ns3:cad>
          </ns3:TrackPointExtension>
        </extensions>
      </trkpt>
      <trkpt lat="31.02090940810739994049072265625" lon="121.4242178387939929962158203125">
        <ele>7.400000095367431640625</ele>
        <time>2026-06-02T12:21:28.000Z</time>
        <extensions>
          <ns3:TrackPointExtension>
            <ns3:hr>119</ns3:hr>
            <ns3:cad>50</ns3:cad>
          </ns3:TrackPointExtension>
        </extensions>
      </trkpt>
      <trkpt lat="31.02090454660356044769287109375" lon="121.424213983118534088134765625">
        <ele>7.400000095367431640625</ele>
        <time>2026-06-02T12:21:29.000Z</time>
        <extensions>
          <ns3:TrackPointExtension>
            <ns3:hr>119</ns3:hr>
            <ns3:cad>49</ns3:cad>
          </ns3:TrackPointExtension>
        </extensions>
      </trkpt>
      <trkpt lat="31.02090722881257534027099609375" lon="121.42420819960534572601318359375">
        <ele>7.19999980926513671875</ele>
        <time>2026-06-02T12:21:30.000Z</time>
        <extensions>
          <ns3:TrackPointExtension>
            <ns3:hr>118</ns3:hr>
            <ns3:cad>49</ns3:cad>
          </ns3:TrackPointExtension>
        </extensions>
      </trkpt>
      <trkpt lat="31.02091343142092227935791015625" lon="121.42420367337763309478759765625">
        <ele>7.19999980926513671875</ele>
        <time>2026-06-02T12:21:31.000Z</time>
        <extensions>
          <ns3:TrackPointExtension>
            <ns3:hr>118</ns3:hr>
            <ns3:cad>49</ns3:cad>
          </ns3:TrackPointExtension>
        </extensions>
      </trkpt>
      <trkpt lat="31.0209180414676666259765625" lon="121.42419981770217418670654296875">
        <ele>7.19999980926513671875</ele>
        <time>2026-06-02T12:21:32.000Z</time>
        <extensions>
          <ns3:TrackPointExtension>
            <ns3:hr>118</ns3:hr>
            <ns3:cad>49</ns3:cad>
          </ns3:TrackPointExtension>
        </extensions>
      </trkpt>
      <trkpt lat="31.02092298679053783416748046875" lon="121.4241962134838104248046875">
        <ele>7.19999980926513671875</ele>
        <time>2026-06-02T12:21:33.000Z</time>
        <extensions>
          <ns3:TrackPointExtension>
            <ns3:hr>118</ns3:hr>
            <ns3:cad>49</ns3:cad>
          </ns3:TrackPointExtension>
        </extensions>
      </trkpt>
      <trkpt lat="31.02093053050339221954345703125" lon="121.42419512383639812469482421875">
        <ele>7.19999980926513671875</ele>
        <time>2026-06-02T12:21:34.000Z</time>
        <extensions>
          <ns3:TrackPointExtension>
            <ns3:hr>119</ns3:hr>
            <ns3:cad>50</ns3:cad>
          </ns3:TrackPointExtension>
        </extensions>
      </trkpt>
      <trkpt lat="31.02093304507434368133544921875" lon="121.42418992705643177032470703125">
        <ele>7.19999980926513671875</ele>
        <time>2026-06-02T12:21:35.000Z</time>
        <extensions>
          <ns3:TrackPointExtension>
            <ns3:hr>118</ns3:hr>
            <ns3:cad>50</ns3:cad>
          </ns3:TrackPointExtension>
        </extensions>
      </trkpt>
      <trkpt lat="31.0209289379417896270751953125" lon="121.42418825067579746246337890625">
        <ele>7.400000095367431640625</ele>
        <time>2026-06-02T12:21:36.000Z</time>
        <extensions>
          <ns3:TrackPointExtension>
            <ns3:hr>118</ns3:hr>
            <ns3:cad>99</ns3:cad>
          </ns3:TrackPointExtension>
        </extensions>
      </trkpt>
      <trkpt lat="31.02093036286532878875732421875" lon="121.42419059760868549346923828125">
        <ele>7.400000095367431640625</ele>
        <time>2026-06-02T12:21:37.000Z</time>
        <extensions>
          <ns3:TrackPointExtension>
            <ns3:hr>118</ns3:hr>
            <ns3:cad>49</ns3:cad>
          </ns3:TrackPointExtension>
        </extensions>
      </trkpt>
      <trkpt lat="31.02092600427567958831787109375" lon="121.4241906814277172088623046875">
        <ele>7.400000095367431640625</ele>
        <time>2026-06-02T12:21:38.000Z</time>
        <extensions>
          <ns3:TrackPointExtension>
            <ns3:hr>117</ns3:hr>
            <ns3:cad>0</ns3:cad>
          </ns3:TrackPointExtension>
        </extensions>
      </trkpt>
      <trkpt lat="31.020917035639286041259765625" lon="121.4241896755993366241455078125">
        <ele>7.400000095367431640625</ele>
        <time>2026-06-02T12:21:39.000Z</time>
        <extensions>
          <ns3:TrackPointExtension>
            <ns3:hr>117</ns3:hr>
            <ns3:cad>0</ns3:cad>
          </ns3:TrackPointExtension>
        </extensions>
      </trkpt>
      <trkpt lat="31.02091913111507892608642578125" lon="121.4241886697709560394287109375">
        <ele>7.400000095367431640625</ele>
        <time>2026-06-02T12:21:40.000Z</time>
        <extensions>
          <ns3:TrackPointExtension>
            <ns3:hr>117</ns3:hr>
            <ns3:cad>0</ns3:cad>
          </ns3:TrackPointExtension>
        </extensions>
      </trkpt>
      <trkpt lat="31.02092701010406017303466796875" lon="121.42419126816093921661376953125">
        <ele>7.400000095367431640625</ele>
        <time>2026-06-02T12:21:41.000Z</time>
        <extensions>
          <ns3:TrackPointExtension>
            <ns3:hr>116</ns3:hr>
            <ns3:cad>0</ns3:cad>
          </ns3:TrackPointExtension>
        </extensions>
      </trkpt>
      <trkpt lat="31.02093053050339221954345703125" lon="121.42419294454157352447509765625">
        <ele>7.400000095367431640625</ele>
        <time>2026-06-02T12:21:42.000Z</time>
        <extensions>
          <ns3:TrackPointExtension>
            <ns3:hr>115</ns3:hr>
            <ns3:cad>0</ns3:cad>
          </ns3:TrackPointExtension>
        </extensions>
      </trkpt>
      <trkpt lat="31.02093673311173915863037109375" lon="121.42419445328414440155029296875">
        <ele>7.400000095367431640625</ele>
        <time>2026-06-02T12:21:43.000Z</time>
        <extensions>
          <ns3:TrackPointExtension>
            <ns3:hr>114</ns3:hr>
            <ns3:cad>0</ns3:cad>
          </ns3:TrackPointExtension>
        </extensions>
      </trkpt>
      <trkpt lat="31.0209436900913715362548828125" lon="121.42419663257896900177001953125">
        <ele>7.400000095367431640625</ele>
        <time>2026-06-02T12:21:44.000Z</time>
        <extensions>
          <ns3:TrackPointExtension>
            <ns3:hr>114</ns3:hr>
            <ns3:cad>0</ns3:cad>
          </ns3:TrackPointExtension>
        </extensions>
      </trkpt>
      <trkpt lat="31.0209436900913715362548828125" lon="121.42420065589249134063720703125">
        <ele>7.400000095367431640625</ele>
        <time>2026-06-02T12:21:45.000Z</time>
        <extensions>
          <ns3:TrackPointExtension>
            <ns3:hr>113</ns3:hr>
            <ns3:cad>0</ns3:cad>
          </ns3:TrackPointExtension>
        </extensions>
      </trkpt>
      <trkpt lat="31.02094092406332492828369140625" lon="121.4242015779018402099609375">
        <ele>7.400000095367431640625</ele>
        <time>2026-06-02T12:21:46.000Z</time>
        <extensions>
          <ns3:TrackPointExtension>
            <ns3:hr>113</ns3:hr>
            <ns3:cad>0</ns3:cad>
          </ns3:TrackPointExtension>
        </extensions>
      </trkpt>
      <trkpt lat="31.02093279361724853515625" lon="121.42420032061636447906494140625">
        <ele>7.19999980926513671875</ele>
        <time>2026-06-02T12:21:47.000Z</time>
        <extensions>
          <ns3:TrackPointExtension>
            <ns3:hr>114</ns3:hr>
            <ns3:cad>0</ns3:cad>
          </ns3:TrackPointExtension>
        </extensions>
      </trkpt>
      <trkpt lat="31.0209259204566478729248046875" lon="121.4241990633308887481689453125">
        <ele>7.400000095367431640625</ele>
        <time>2026-06-02T12:21:48.000Z</time>
        <extensions>
          <ns3:TrackPointExtension>
            <ns3:hr>114</ns3:hr>
            <ns3:cad>0</ns3:cad>
          </ns3:TrackPointExtension>
        </extensions>
      </trkpt>
      <trkpt lat="31.02092382498085498809814453125" lon="121.42420358955860137939453125">
        <ele>7.400000095367431640625</ele>
        <time>2026-06-02T12:21:49.000Z</time>
        <extensions>
          <ns3:TrackPointExtension>
            <ns3:hr>114</ns3:hr>
            <ns3:cad>0</ns3:cad>
          </ns3:TrackPointExtension>
        </extensions>
      </trkpt>
      <trkpt lat="31.02091896347701549530029296875" lon="121.42421004362404346466064453125">
        <ele>7.400000095367431640625</ele>
        <time>2026-06-02T12:21:50.000Z</time>
        <extensions>
          <ns3:TrackPointExtension>
            <ns3:hr>114</ns3:hr>
            <ns3:cad>0</ns3:cad>
          </ns3:TrackPointExtension>
        </extensions>
      </trkpt>
      <trkpt lat="31.02091334760189056396484375" lon="121.42421155236661434173583984375">
        <ele>7.400000095367431640625</ele>
        <time>2026-06-02T12:21:51.000Z</time>
        <extensions>
          <ns3:TrackPointExtension>
            <ns3:hr>114</ns3:hr>
            <ns3:cad>0</ns3:cad>
          </ns3:TrackPointExtension>
        </extensions>
      </trkpt>
      <trkpt lat="31.02091577835381031036376953125" lon="121.4242114685475826263427734375">
        <ele>7.400000095367431640625</ele>
        <time>2026-06-02T12:21:52.000Z</time>
        <extensions>
          <ns3:TrackPointExtension>
            <ns3:hr>114</ns3:hr>
            <ns3:cad>0</ns3:cad>
          </ns3:TrackPointExtension>
        </extensions>
      </trkpt>
      <trkpt lat="31.02092281915247440338134765625" lon="121.4242111332714557647705078125">
        <ele>7.400000095367431640625</ele>
        <time>2026-06-02T12:21:53.000Z</time>
        <extensions>
          <ns3:TrackPointExtension>
            <ns3:hr>114</ns3:hr>
            <ns3:cad>0</ns3:cad>
          </ns3:TrackPointExtension>
        </extensions>
      </trkpt>
      <trkpt lat="31.02092868648469448089599609375" lon="121.42420836724340915679931640625">
        <ele>7.400000095367431640625</ele>
        <time>2026-06-02T12:21:54.000Z</time>
        <extensions>
          <ns3:TrackPointExtension>
            <ns3:hr>113</ns3:hr>
            <ns3:cad>0</ns3:cad>
          </ns3:TrackPointExtension>
        </extensions>
      </trkpt>
      <trkpt lat="31.02093371562659740447998046875" lon="121.4242047630250453948974609375">
        <ele>7.400000095367431640625</ele>
        <time>2026-06-02T12:21:55.000Z</time>
        <extensions>
          <ns3:TrackPointExtension>
            <ns3:hr>113</ns3:hr>
            <ns3:cad>0</ns3:cad>
          </ns3:TrackPointExtension>
        </extensions>
      </trkpt>
      <trkpt lat="31.02093623019754886627197265625" lon="121.42420358955860137939453125">
        <ele>7.400000095367431640625</ele>
        <time>2026-06-02T12:21:56.000Z</time>
        <extensions>
          <ns3:TrackPointExtension>
            <ns3:hr>112</ns3:hr>
            <ns3:cad>0</ns3:cad>
          </ns3:TrackPointExtension>
        </extensions>
      </trkpt>
      <trkpt lat="31.02093757130205631256103515625" lon="121.42420048825442790985107421875">
        <ele>7.400000095367431640625</ele>
        <time>2026-06-02T12:21:57.000Z</time>
        <extensions>
          <ns3:TrackPointExtension>
            <ns3:hr>112</ns3:hr>
            <ns3:cad>0</ns3:cad>
          </ns3:TrackPointExtension>
        </extensions>
      </trkpt>
      <trkpt lat="31.0209349729120731353759765625" lon="121.42420300282537937164306640625">
        <ele>7.400000095367431640625</ele>
        <time>2026-06-02T12:21:58.000Z</time>
        <extensions>
          <ns3:TrackPointExtension>
            <ns3:hr>112</ns3:hr>
            <ns3:cad>0</ns3:cad>
          </ns3:TrackPointExtension>
        </extensions>
      </trkpt>
      <trkpt lat="31.02093472145497798919677734375" lon="121.4242027513682842254638671875">
        <ele>7.400000095367431640625</ele>
        <time>2026-06-02T12:21:59.000Z</time>
        <extensions>
          <ns3:TrackPointExtension>
            <ns3:hr>113</ns3:hr>
            <ns3:cad>0</ns3:cad>
          </ns3:TrackPointExtension>
        </extensions>
      </trkpt>
      <trkpt lat="31.02093472145497798919677734375" lon="121.4242027513682842254638671875">
        <ele>7.400000095367431640625</ele>
        <time>2026-06-02T12:22:00.000Z</time>
        <extensions>
          <ns3:TrackPointExtension>
            <ns3:hr>112</ns3:hr>
            <ns3:cad>0</ns3:cad>
          </ns3:TrackPointExtension>
        </extensions>
      </trkpt>
      <trkpt lat="31.02093438617885112762451171875" lon="121.42420266754925251007080078125">
        <ele>7.19999980926513671875</ele>
        <time>2026-06-02T12:22:01.000Z</time>
        <extensions>
          <ns3:TrackPointExtension>
            <ns3:hr>112</ns3:hr>
            <ns3:cad>0</ns3:cad>
          </ns3:TrackPointExtension>
        </extensions>
      </trkpt>
      <trkpt lat="31.02092382498085498809814453125" lon="121.42420149408280849456787109375">
        <ele>7.19999980926513671875</ele>
        <time>2026-06-02T12:22:02.000Z</time>
        <extensions>
          <ns3:TrackPointExtension>
            <ns3:hr>112</ns3:hr>
            <ns3:cad>0</ns3:cad>
          </ns3:TrackPointExtension>
        </extensions>
      </trkpt>
      <trkpt lat="31.0209239087998867034912109375" lon="121.4242037571966648101806640625">
        <ele>7.19999980926513671875</ele>
        <time>2026-06-02T12:22:03.000Z</time>
        <extensions>
          <ns3:TrackPointExtension>
            <ns3:hr>112</ns3:hr>
            <ns3:cad>0</ns3:cad>
          </ns3:TrackPointExtension>
        </extensions>
      </trkpt>
      <trkpt lat="31.02092399261891841888427734375" lon="121.4242010749876499176025390625">
        <ele>7.19999980926513671875</ele>
        <time>2026-06-02T12:22:04.000Z</time>
        <extensions>
          <ns3:TrackPointExtension>
            <ns3:hr>111</ns3:hr>
            <ns3:cad>0</ns3:cad>
          </ns3:TrackPointExtension>
        </extensions>
      </trkpt>
      <trkpt lat="31.02092742919921875" lon="121.424202583730220794677734375">
        <ele>7.19999980926513671875</ele>
        <time>2026-06-02T12:22:05.000Z</time>
        <extensions>
          <ns3:TrackPointExtension>
            <ns3:hr>111</ns3:hr>
            <ns3:cad>0</ns3:cad>
          </ns3:TrackPointExtension>
        </extensions>
      </trkpt>
      <trkpt lat="31.02092918939888477325439453125" lon="121.42419822514057159423828125">
        <ele>7.400000095367431640625</ele>
        <time>2026-06-02T12:22:06.000Z</time>
        <extensions>
          <ns3:TrackPointExtension>
            <ns3:hr>110</ns3:hr>
            <ns3:cad>0</ns3:cad>
          </ns3:TrackPointExtension>
        </extensions>
      </trkpt>
      <trkpt lat="31.0209309495985507965087890625" lon="121.4241950400173664093017578125">
        <ele>7.400000095367431640625</ele>
        <time>2026-06-02T12:22:07.000Z</time>
        <extensions>
          <ns3:TrackPointExtension>
            <ns3:hr>110</ns3:hr>
            <ns3:cad>0</ns3:cad>
          </ns3:TrackPointExtension>
        </extensions>
      </trkpt>
      <trkpt lat="31.02092768065631389617919921875" lon="121.42419763840734958648681640625">
        <ele>7.400000095367431640625</ele>
        <time>2026-06-02T12:22:08.000Z</time>
        <extensions>
          <ns3:TrackPointExtension>
            <ns3:hr>110</ns3:hr>
            <ns3:cad>0</ns3:cad>
          </ns3:TrackPointExtension>
        </extensions>
      </trkpt>
      <trkpt lat="31.0209242440760135650634765625" lon="121.42419562675058841705322265625">
        <ele>7.400000095367431640625</ele>
        <time>2026-06-02T12:22:09.000Z</time>
        <extensions>
          <ns3:TrackPointExtension>
            <ns3:hr>110</ns3:hr>
            <ns3:cad>0</ns3:cad>
          </ns3:TrackPointExtension>
        </extensions>
      </trkpt>
      <trkpt lat="31.02093103341758251190185546875" lon="121.4241935312747955322265625">
        <ele>7.400000095367431640625</ele>
        <time>2026-06-02T12:22:10.000Z</time>
        <extensions>
          <ns3:TrackPointExtension>
            <ns3:hr>109</ns3:hr>
            <ns3:cad>0</ns3:cad>
          </ns3:TrackPointExtension>
        </extensions>
      </trkpt>
      <trkpt lat="31.0209393315017223358154296875" lon="121.42418892122805118560791015625">
        <ele>7.19999980926513671875</ele>
        <time>2026-06-02T12:22:11.000Z</time>
        <extensions>
          <ns3:TrackPointExtension>
            <ns3:hr>108</ns3:hr>
            <ns3:cad>0</ns3:cad>
          </ns3:TrackPointExtension>
        </extensions>
      </trkpt>
      <trkpt lat="31.0209393315017223358154296875" lon="121.424186490476131439208984375">
        <ele>7.19999980926513671875</ele>
        <time>2026-06-02T12:22:12.000Z</time>
        <extensions>
          <ns3:TrackPointExtension>
            <ns3:hr>108</ns3:hr>
            <ns3:cad>0</ns3:cad>
          </ns3:TrackPointExtension>
        </extensions>
      </trkpt>
      <trkpt lat="31.02093187160789966583251953125" lon="121.424193866550922393798828125">
        <ele>7.19999980926513671875</ele>
        <time>2026-06-02T12:22:13.000Z</time>
        <extensions>
          <ns3:TrackPointExtension>
            <ns3:hr>108</ns3:hr>
            <ns3:cad>0</ns3:cad>
          </ns3:TrackPointExtension>
        </extensions>
      </trkpt>
      <trkpt lat="31.020927764475345611572265625" lon="121.4241906814277172088623046875">
        <ele>7.19999980926513671875</ele>
        <time>2026-06-02T12:22:14.000Z</time>
        <extensions>
          <ns3:TrackPointExtension>
            <ns3:hr>109</ns3:hr>
            <ns3:cad>62</ns3:cad>
          </ns3:TrackPointExtension>
        </extensions>
      </trkpt>
      <trkpt lat="31.02092818357050418853759765625" lon="121.42419428564608097076416015625">
        <ele>7.19999980926513671875</ele>
        <time>2026-06-02T12:22:15.000Z</time>
        <extensions>
          <ns3:TrackPointExtension>
            <ns3:hr>109</ns3:hr>
            <ns3:cad>62</ns3:cad>
          </ns3:TrackPointExtension>
        </extensions>
      </trkpt>
      <trkpt lat="31.02092835120856761932373046875" lon="121.42419277690351009368896484375">
        <ele>7.19999980926513671875</ele>
        <time>2026-06-02T12:22:16.000Z</time>
        <extensions>
          <ns3:TrackPointExtension>
            <ns3:hr>112</ns3:hr>
            <ns3:cad>0</ns3:cad>
          </ns3:TrackPointExtension>
        </extensions>
      </trkpt>
      <trkpt lat="31.02093103341758251190185546875" lon="121.424190513789653778076171875">
        <ele>7.19999980926513671875</ele>
        <time>2026-06-02T12:22:17.000Z</time>
        <extensions>
          <ns3:TrackPointExtension>
            <ns3:hr>114</ns3:hr>
            <ns3:cad>0</ns3:cad>
          </ns3:TrackPointExtension>
        </extensions>
      </trkpt>
      <trkpt lat="31.02094863541424274444580078125" lon="121.4241863228380680084228515625">
        <ele>7</ele>
        <time>2026-06-02T12:22:18.000Z</time>
        <extensions>
          <ns3:TrackPointExtension>
            <ns3:hr>115</ns3:hr>
            <ns3:cad>0</ns3:cad>
          </ns3:TrackPointExtension>
        </extensions>
      </trkpt>
      <trkpt lat="31.02098300121724605560302734375" lon="121.42417701892554759979248046875">
        <ele>7.19999980926513671875</ele>
        <time>2026-06-02T12:22:19.000Z</time>
        <extensions>
          <ns3:TrackPointExtension>
            <ns3:hr>116</ns3:hr>
            <ns3:cad>0</ns3:cad>
          </ns3:TrackPointExtension>
        </extensions>
      </trkpt>
      <trkpt lat="31.02102935314178466796875" lon="121.4241611771285533905029296875">
        <ele>7.19999980926513671875</ele>
        <time>2026-06-02T12:22:20.000Z</time>
        <extensions>
          <ns3:TrackPointExtension>
            <ns3:hr>116</ns3:hr>
            <ns3:cad>0</ns3:cad>
          </ns3:TrackPointExtension>
        </extensions>
      </trkpt>
      <trkpt lat="31.02108140476047992706298828125" lon="121.42414231784641742706298828125">
        <ele>7.400000095367431640625</ele>
        <time>2026-06-02T12:22:21.000Z</time>
        <extensions>
          <ns3:TrackPointExtension>
            <ns3:hr>116</ns3:hr>
            <ns3:cad>0</ns3:cad>
          </ns3:TrackPointExtension>
        </extensions>
      </trkpt>
      <trkpt lat="31.02113806642591953277587890625" lon="121.42412044107913970947265625">
        <ele>7.599999904632568359375</ele>
        <time>2026-06-02T12:22:22.000Z</time>
        <extensions>
          <ns3:TrackPointExtension>
            <ns3:hr>115</ns3:hr>
            <ns3:cad>0</ns3:cad>
          </ns3:TrackPointExtension>
        </extensions>
      </trkpt>
      <trkpt lat="31.02120461873710155487060546875" lon="121.42409370280802249908447265625">
        <ele>7.599999904632568359375</ele>
        <time>2026-06-02T12:22:23.000Z</time>
        <extensions>
          <ns3:TrackPointExtension>
            <ns3:hr>115</ns3:hr>
            <ns3:cad>115</ns3:cad>
          </ns3:TrackPointExtension>
        </extensions>
      </trkpt>
      <trkpt lat="31.02126899175345897674560546875" lon="121.42406553961336612701416015625">
        <ele>7.80000019073486328125</ele>
        <time>2026-06-02T12:22:24.000Z</time>
        <extensions>
          <ns3:TrackPointExtension>
            <ns3:hr>116</ns3:hr>
            <ns3:cad>115</ns3:cad>
          </ns3:TrackPointExtension>
        </extensions>
      </trkpt>
      <trkpt lat="31.02133470587432384490966796875" lon="121.42403821460902690887451171875">
        <ele>7.19999980926513671875</ele>
        <time>2026-06-02T12:22:25.000Z</time>
        <extensions>
          <ns3:TrackPointExtension>
            <ns3:hr>117</ns3:hr>
            <ns3:cad>115</ns3:cad>
          </ns3:TrackPointExtension>
        </extensions>
      </trkpt>
      <trkpt lat="31.02140427567064762115478515625" lon="121.42400912940502166748046875">
        <ele>6.400000095367431640625</ele>
        <time>2026-06-02T12:22:26.000Z</time>
        <extensions>
          <ns3:TrackPointExtension>
            <ns3:hr>118</ns3:hr>
            <ns3:cad>115</ns3:cad>
          </ns3:TrackPointExtension>
        </extensions>
      </trkpt>
      <trkpt lat="31.02147200144827365875244140625" lon="121.4239784516394138336181640625">
        <ele>6.19999980926513671875</ele>
        <time>2026-06-02T12:22:27.000Z</time>
        <extensions>
          <ns3:TrackPointExtension>
            <ns3:hr>119</ns3:hr>
            <ns3:cad>118</ns3:cad>
          </ns3:TrackPointExtension>
        </extensions>
      </trkpt>
      <trkpt lat="31.02154006250202655792236328125" lon="121.42394877970218658447265625">
        <ele>6.599999904632568359375</ele>
        <time>2026-06-02T12:22:28.000Z</time>
        <extensions>
          <ns3:TrackPointExtension>
            <ns3:hr>120</ns3:hr>
            <ns3:cad>118</ns3:cad>
          </ns3:TrackPointExtension>
        </extensions>
      </trkpt>
      <trkpt lat="31.02159588597714900970458984375" lon="121.4239211194217205047607421875">
        <ele>6.599999904632568359375</ele>
        <time>2026-06-02T12:22:29.000Z</time>
        <extensions>
          <ns3:TrackPointExtension>
            <ns3:hr>120</ns3:hr>
            <ns3:cad>118</ns3:cad>
          </ns3:TrackPointExtension>
        </extensions>
      </trkpt>
      <trkpt lat="31.021645255386829376220703125" lon="121.42389220185577869415283203125">
        <ele>6.80000019073486328125</ele>
        <time>2026-06-02T12:22:30.000Z</time>
        <extensions>
          <ns3:TrackPointExtension>
            <ns3:hr>121</ns3:hr>
            <ns3:cad>118</ns3:cad>
          </ns3:TrackPointExtension>
        </extensions>
      </trkpt>
      <trkpt lat="31.02169680409133434295654296875" lon="121.4238574169576168060302734375">
        <ele>7</ele>
        <time>2026-06-02T12:22:31.000Z</time>
        <extensions>
          <ns3:TrackPointExtension>
            <ns3:hr>122</ns3:hr>
            <ns3:cad>118</ns3:cad>
          </ns3:TrackPointExtension>
        </extensions>
      </trkpt>
      <trkpt lat="31.02173946797847747802734375" lon="121.4238262362778186798095703125">
        <ele>7.19999980926513671875</ele>
        <time>2026-06-02T12:22:32.000Z</time>
        <extensions>
          <ns3:TrackPointExtension>
            <ns3:hr>123</ns3:hr>
            <ns3:cad>118</ns3:cad>
          </ns3:TrackPointExtension>
        </extensions>
      </trkpt>
      <trkpt lat="31.02177031338214874267578125" lon="121.423796229064464569091796875">
        <ele>7.19999980926513671875</ele>
        <time>2026-06-02T12:22:33.000Z</time>
        <extensions>
          <ns3:TrackPointExtension>
            <ns3:hr>125</ns3:hr>
            <ns3:cad>118</ns3:cad>
          </ns3:TrackPointExtension>
        </extensions>
      </trkpt>
      <trkpt lat="31.0217986442148685455322265625" lon="121.42376429401338100433349609375">
        <ele>7.19999980926513671875</ele>
        <time>2026-06-02T12:22:34.000Z</time>
        <extensions>
          <ns3:TrackPointExtension>
            <ns3:hr>126</ns3:hr>
            <ns3:cad>118</ns3:cad>
          </ns3:TrackPointExtension>
        </extensions>
      </trkpt>
      <trkpt lat="31.02182437665760517120361328125" lon="121.42373361624777317047119140625">
        <ele>7.400000095367431640625</ele>
        <time>2026-06-02T12:22:35.000Z</time>
        <extensions>
          <ns3:TrackPointExtension>
            <ns3:hr>128</ns3:hr>
            <ns3:cad>88</ns3:cad>
          </ns3:TrackPointExtension>
        </extensions>
      </trkpt>
      <trkpt lat="31.02184063754975795745849609375" lon="121.4237078838050365447998046875">
        <ele>7.400000095367431640625</ele>
        <time>2026-06-02T12:22:36.000Z</time>
        <extensions>
          <ns3:TrackPointExtension>
            <ns3:hr>129</ns3:hr>
            <ns3:cad>87</ns3:cad>
          </ns3:TrackPointExtension>
        </extensions>
      </trkpt>
      <trkpt lat="31.02185723371803760528564453125" lon="121.4236785471439361572265625">
        <ele>7.400000095367431640625</ele>
        <time>2026-06-02T12:22:37.000Z</time>
        <extensions>
          <ns3:TrackPointExtension>
            <ns3:hr>130</ns3:hr>
            <ns3:cad>87</ns3:cad>
          </ns3:TrackPointExtension>
        </extensions>
      </trkpt>
      <trkpt lat="31.0218633525073528289794921875" lon="121.4236488752067089080810546875">
        <ele>7.599999904632568359375</ele>
        <time>2026-06-02T12:22:38.000Z</time>
        <extensions>
          <ns3:TrackPointExtension>
            <ns3:hr>131</ns3:hr>
            <ns3:cad>85</ns3:cad>
          </ns3:TrackPointExtension>
        </extensions>
      </trkpt>
      <trkpt lat="31.02186662144958972930908203125" lon="121.4236190356314182281494140625">
        <ele>7.599999904632568359375</ele>
        <time>2026-06-02T12:22:39.000Z</time>
        <extensions>
          <ns3:TrackPointExtension>
            <ns3:hr>132</ns3:hr>
            <ns3:cad>83</ns3:cad>
          </ns3:TrackPointExtension>
        </extensions>
      </trkpt>
      <trkpt lat="31.0218784399330615997314453125" lon="121.423587687313556671142578125">
        <ele>7.599999904632568359375</ele>
        <time>2026-06-02T12:22:40.000Z</time>
        <extensions>
          <ns3:TrackPointExtension>
            <ns3:hr>133</ns3:hr>
            <ns3:cad>83</ns3:cad>
          </ns3:TrackPointExtension>
        </extensions>
      </trkpt>
      <trkpt lat="31.021882630884647369384765625" lon="121.4235640503466129302978515625">
        <ele>7.599999904632568359375</ele>
        <time>2026-06-02T12:22:41.000Z</time>
        <extensions>
          <ns3:TrackPointExtension>
            <ns3:hr>134</ns3:hr>
            <ns3:cad>81</ns3:cad>
          </ns3:TrackPointExtension>
        </extensions>
      </trkpt>
      <trkpt lat="31.02188170887529850006103515625" lon="121.42354485578835010528564453125">
        <ele>7.599999904632568359375</ele>
        <time>2026-06-02T12:22:42.000Z</time>
        <extensions>
          <ns3:TrackPointExtension>
            <ns3:hr>135</ns3:hr>
            <ns3:cad>81</ns3:cad>
          </ns3:TrackPointExtension>
        </extensions>
      </trkpt>
      <trkpt lat="31.02187617681920528411865234375" lon="121.423536054790019989013671875">
        <ele>7.400000095367431640625</ele>
        <time>2026-06-02T12:22:43.000Z</time>
        <extensions>
          <ns3:TrackPointExtension>
            <ns3:hr>135</ns3:hr>
            <ns3:cad>80</ns3:cad>
          </ns3:TrackPointExtension>
        </extensions>
      </trkpt>
      <trkpt lat="31.02187148295342922210693359375" lon="121.4235278405249118804931640625">
        <ele>7.400000095367431640625</ele>
        <time>2026-06-02T12:22:44.000Z</time>
        <extensions>
          <ns3:TrackPointExtension>
            <ns3:hr>136</ns3:hr>
            <ns3:cad>80</ns3:cad>
          </ns3:TrackPointExtension>
        </extensions>
      </trkpt>
      <trkpt lat="31.021866537630558013916015625" lon="121.42352004535496234893798828125">
        <ele>7.400000095367431640625</ele>
        <time>2026-06-02T12:22:45.000Z</time>
        <extensions>
          <ns3:TrackPointExtension>
            <ns3:hr>136</ns3:hr>
            <ns3:cad>80</ns3:cad>
          </ns3:TrackPointExtension>
        </extensions>
      </trkpt>
      <trkpt lat="31.02186343632638454437255859375" lon="121.423507891595363616943359375">
        <ele>7.400000095367431640625</ele>
        <time>2026-06-02T12:22:46.000Z</time>
        <extensions>
          <ns3:TrackPointExtension>
            <ns3:hr>136</ns3:hr>
            <ns3:cad>80</ns3:cad>
          </ns3:TrackPointExtension>
        </extensions>
      </trkpt>
      <trkpt lat="31.02186276577413082122802734375" lon="121.423492468893527984619140625">
        <ele>7.599999904632568359375</ele>
        <time>2026-06-02T12:22:47.000Z</time>
        <extensions>
          <ns3:TrackPointExtension>
            <ns3:hr>136</ns3:hr>
            <ns3:cad>80</ns3:cad>
          </ns3:TrackPointExtension>
        </extensions>
      </trkpt>
      <trkpt lat="31.02186863310635089874267578125" lon="121.4234765432775020599365234375">
        <ele>7.599999904632568359375</ele>
        <time>2026-06-02T12:22:48.000Z</time>
        <extensions>
          <ns3:TrackPointExtension>
            <ns3:hr>136</ns3:hr>
            <ns3:cad>61</ns3:cad>
          </ns3:TrackPointExtension>
        </extensions>
      </trkpt>
      <trkpt lat="31.02186880074441432952880859375" lon="121.423466987907886505126953125">
        <ele>7.599999904632568359375</ele>
        <time>2026-06-02T12:22:49.000Z</time>
        <extensions>
          <ns3:TrackPointExtension>
            <ns3:hr>137</ns3:hr>
            <ns3:cad>59</ns3:cad>
          </ns3:TrackPointExtension>
        </extensions>
      </trkpt>
      <trkpt lat="31.02186955511569976806640625" lon="121.42345257103443145751953125">
        <ele>7.599999904632568359375</ele>
        <time>2026-06-02T12:22:50.000Z</time>
        <extensions>
          <ns3:TrackPointExtension>
            <ns3:hr>136</ns3:hr>
            <ns3:cad>58</ns3:cad>
          </ns3:TrackPointExtension>
        </extensions>
      </trkpt>
      <trkpt lat="31.02186980657279491424560546875" lon="121.42343723215162754058837890625">
        <ele>7.599999904632568359375</ele>
        <time>2026-06-02T12:22:51.000Z</time>
        <extensions>
          <ns3:TrackPointExtension>
            <ns3:hr>136</ns3:hr>
            <ns3:cad>57</ns3:cad>
          </ns3:TrackPointExtension>
        </extensions>
      </trkpt>
      <trkpt lat="31.02187089622020721435546875" lon="121.4234239049255847930908203125">
        <ele>7.599999904632568359375</ele>
        <time>2026-06-02T12:22:52.000Z</time>
        <extensions>
          <ns3:TrackPointExtension>
            <ns3:hr>136</ns3:hr>
            <ns3:cad>57</ns3:cad>
          </ns3:TrackPointExtension>
        </extensions>
      </trkpt>
      <trkpt lat="31.02187735028564929962158203125" lon="121.42340756021440029144287109375">
        <ele>7.599999904632568359375</ele>
        <time>2026-06-02T12:22:53.000Z</time>
        <extensions>
          <ns3:TrackPointExtension>
            <ns3:hr>136</ns3:hr>
            <ns3:cad>57</ns3:cad>
          </ns3:TrackPointExtension>
        </extensions>
      </trkpt>
      <trkpt lat="31.021881289780139923095703125" lon="121.42339180223643779754638671875">
        <ele>7.599999904632568359375</ele>
        <time>2026-06-02T12:22:54.000Z</time>
        <extensions>
          <ns3:TrackPointExtension>
            <ns3:hr>135</ns3:hr>
            <ns3:cad>58</ns3:cad>
          </ns3:TrackPointExtension>
        </extensions>
      </trkpt>
      <trkpt lat="31.02188539691269397735595703125" lon="121.4233783073723316192626953125">
        <ele>7.599999904632568359375</ele>
        <time>2026-06-02T12:22:55.000Z</time>
        <extensions>
          <ns3:TrackPointExtension>
            <ns3:hr>134</ns3:hr>
            <ns3:cad>57</ns3:cad>
          </ns3:TrackPointExtension>
        </extensions>
      </trkpt>
      <trkpt lat="31.02188858203589916229248046875" lon="121.42336514778435230255126953125">
        <ele>7.400000095367431640625</ele>
        <time>2026-06-02T12:22:56.000Z</time>
        <extensions>
          <ns3:TrackPointExtension>
            <ns3:hr>134</ns3:hr>
            <ns3:cad>57</ns3:cad>
          </ns3:TrackPointExtension>
        </extensions>
      </trkpt>
      <trkpt lat="31.02188992314040660858154296875" lon="121.4233534969389438629150390625">
        <ele>7.400000095367431640625</ele>
        <time>2026-06-02T12:22:57.000Z</time>
        <extensions>
          <ns3:TrackPointExtension>
            <ns3:hr>136</ns3:hr>
            <ns3:cad>57</ns3:cad>
          </ns3:TrackPointExtension>
        </extensions>
      </trkpt>
      <trkpt lat="31.0218884982168674468994140625" lon="121.42334503121674060821533203125">
        <ele>7.599999904632568359375</ele>
        <time>2026-06-02T12:22:58.000Z</time>
        <extensions>
          <ns3:TrackPointExtension>
            <ns3:hr>137</ns3:hr>
            <ns3:cad>56</ns3:cad>
          </ns3:TrackPointExtension>
        </extensions>
      </trkpt>
      <trkpt lat="31.02188766002655029296875" lon="121.4233357273042201995849609375">
        <ele>7.599999904632568359375</ele>
        <time>2026-06-02T12:22:59.000Z</time>
        <extensions>
          <ns3:TrackPointExtension>
            <ns3:hr>142</ns3:hr>
            <ns3:cad>56</ns3:cad>
          </ns3:TrackPointExtension>
        </extensions>
      </trkpt>
      <trkpt lat="31.02188472636044025421142578125" lon="121.4233266748487949371337890625">
        <ele>7.599999904632568359375</ele>
        <time>2026-06-02T12:23:00.000Z</time>
        <extensions>
          <ns3:TrackPointExtension>
            <ns3:hr>147</ns3:hr>
            <ns3:cad>56</ns3:cad>
          </ns3:TrackPointExtension>
        </extensions>
      </trkpt>
      <trkpt lat="31.02188170887529850006103515625" lon="121.423318125307559967041015625">
        <ele>7.599999904632568359375</ele>
        <time>2026-06-02T12:23:01.000Z</time>
        <extensions>
          <ns3:TrackPointExtension>
            <ns3:hr>150</ns3:hr>
            <ns3:cad>56</ns3:cad>
          </ns3:TrackPointExtension>
        </extensions>
      </trkpt>
      <trkpt lat="31.02187760174274444580078125" lon="121.42330815084278583526611328125">
        <ele>7.599999904632568359375</ele>
        <time>2026-06-02T12:23:02.000Z</time>
        <extensions>
          <ns3:TrackPointExtension>
            <ns3:hr>149</ns3:hr>
            <ns3:cad>55</ns3:cad>
          </ns3:TrackPointExtension>
        </extensions>
      </trkpt>
      <trkpt lat="31.0218730755150318145751953125" lon="121.423295326530933380126953125">
        <ele>7.599999904632568359375</ele>
        <time>2026-06-02T12:23:03.000Z</time>
        <extensions>
          <ns3:TrackPointExtension>
            <ns3:hr>148</ns3:hr>
            <ns3:cad>55</ns3:cad>
          </ns3:TrackPointExtension>
        </extensions>
      </trkpt>
      <trkpt lat="31.021867878735065460205078125" lon="121.42328032292425632476806640625">
        <ele>7.599999904632568359375</ele>
        <time>2026-06-02T12:23:04.000Z</time>
        <extensions>
          <ns3:TrackPointExtension>
            <ns3:hr>146</ns3:hr>
            <ns3:cad>55</ns3:cad>
          </ns3:TrackPointExtension>
        </extensions>
      </trkpt>
      <trkpt lat="31.0218613408505916595458984375" lon="121.42326456494629383087158203125">
        <ele>7.599999904632568359375</ele>
        <time>2026-06-02T12:23:05.000Z</time>
        <extensions>
          <ns3:TrackPointExtension>
            <ns3:hr>145</ns3:hr>
            <ns3:cad>55</ns3:cad>
          </ns3:TrackPointExtension>
        </extensions>
      </trkpt>
      <trkpt lat="31.02185471914708614349365234375" lon="121.4232465438544750213623046875">
        <ele>7.599999904632568359375</ele>
        <time>2026-06-02T12:23:06.000Z</time>
        <extensions>
          <ns3:TrackPointExtension>
            <ns3:hr>144</ns3:hr>
            <ns3:cad>54</ns3:cad>
          </ns3:TrackPointExtension>
        </extensions>
      </trkpt>
      <trkpt lat="31.02184935472905635833740234375" lon="121.42323422245681285858154296875">
        <ele>7.599999904632568359375</ele>
        <time>2026-06-02T12:23:07.000Z</time>
        <extensions>
          <ns3:TrackPointExtension>
            <ns3:hr>143</ns3:hr>
            <ns3:cad>54</ns3:cad>
          </ns3:TrackPointExtension>
        </extensions>
      </trkpt>
      <trkpt lat="31.0218432359397411346435546875" lon="121.42321980558335781097412109375">
        <ele>7.599999904632568359375</ele>
        <time>2026-06-02T12:23:08.000Z</time>
        <extensions>
          <ns3:TrackPointExtension>
            <ns3:hr>143</ns3:hr>
            <ns3:cad>54</ns3:cad>
          </ns3:TrackPointExtension>
        </extensions>
      </trkpt>
      <trkpt lat="31.021837033331394195556640625" lon="121.42320840619504451751708984375">
        <ele>7.599999904632568359375</ele>
        <time>2026-06-02T12:23:09.000Z</time>
        <extensions>
          <ns3:TrackPointExtension>
            <ns3:hr>142</ns3:hr>
            <ns3:cad>55</ns3:cad>
          </ns3:TrackPointExtension>
        </extensions>
      </trkpt>
      <trkpt lat="31.0218304954469203948974609375" lon="121.42319834791123867034912109375">
        <ele>7.400000095367431640625</ele>
        <time>2026-06-02T12:23:10.000Z</time>
        <extensions>
          <ns3:TrackPointExtension>
            <ns3:hr>142</ns3:hr>
            <ns3:cad>56</ns3:cad>
          </ns3:TrackPointExtension>
        </extensions>
      </trkpt>
      <trkpt lat="31.02182454429566860198974609375" lon="121.42319030128419399261474609375">
        <ele>7.400000095367431640625</ele>
        <time>2026-06-02T12:23:11.000Z</time>
        <extensions>
          <ns3:TrackPointExtension>
            <ns3:hr>142</ns3:hr>
            <ns3:cad>56</ns3:cad>
          </ns3:TrackPointExtension>
        </extensions>
      </trkpt>
      <trkpt lat="31.02181716822087764739990234375" lon="121.423182003200054168701171875">
        <ele>7.400000095367431640625</ele>
        <time>2026-06-02T12:23:12.000Z</time>
        <extensions>
          <ns3:TrackPointExtension>
            <ns3:hr>142</ns3:hr>
            <ns3:cad>56</ns3:cad>
          </ns3:TrackPointExtension>
        </extensions>
      </trkpt>
      <trkpt lat="31.021810211241245269775390625" lon="121.4231742918491363525390625">
        <ele>7.400000095367431640625</ele>
        <time>2026-06-02T12:23:13.000Z</time>
        <extensions>
          <ns3:TrackPointExtension>
            <ns3:hr>141</ns3:hr>
            <ns3:cad>56</ns3:cad>
          </ns3:TrackPointExtension>
        </extensions>
      </trkpt>
      <trkpt lat="31.0218030028045177459716796875" lon="121.4231677539646625518798828125">
        <ele>7.400000095367431640625</ele>
        <time>2026-06-02T12:23:14.000Z</time>
        <extensions>
          <ns3:TrackPointExtension>
            <ns3:hr>141</ns3:hr>
            <ns3:cad>56</ns3:cad>
          </ns3:TrackPointExtension>
        </extensions>
      </trkpt>
      <trkpt lat="31.0217973031103610992431640625" lon="121.42316331155598163604736328125">
        <ele>7.400000095367431640625</ele>
        <time>2026-06-02T12:23:15.000Z</time>
        <extensions>
          <ns3:TrackPointExtension>
            <ns3:hr>141</ns3:hr>
            <ns3:cad>56</ns3:cad>
          </ns3:TrackPointExtension>
        </extensions>
      </trkpt>
      <trkpt lat="31.021790765225887298583984375" lon="121.4231563545763492584228515625">
        <ele>7.400000095367431640625</ele>
        <time>2026-06-02T12:23:16.000Z</time>
        <extensions>
          <ns3:TrackPointExtension>
            <ns3:hr>141</ns3:hr>
            <ns3:cad>56</ns3:cad>
          </ns3:TrackPointExtension>
        </extensions>
      </trkpt>
      <trkpt lat="31.02178213186562061309814453125" lon="121.42314587719738483428955078125">
        <ele>7.400000095367431640625</ele>
        <time>2026-06-02T12:23:17.000Z</time>
        <extensions>
          <ns3:TrackPointExtension>
            <ns3:hr>141</ns3:hr>
            <ns3:cad>55</ns3:cad>
          </ns3:TrackPointExtension>
        </extensions>
      </trkpt>
      <trkpt lat="31.02177257649600505828857421875" lon="121.4231338910758495330810546875">
        <ele>7.400000095367431640625</ele>
        <time>2026-06-02T12:23:18.000Z</time>
        <extensions>
          <ns3:TrackPointExtension>
            <ns3:hr>141</ns3:hr>
            <ns3:cad>55</ns3:cad>
          </ns3:TrackPointExtension>
        </extensions>
      </trkpt>
      <trkpt lat="31.0217610932886600494384765625" lon="121.42312056384980678558349609375">
        <ele>7.400000095367431640625</ele>
        <time>2026-06-02T12:23:19.000Z</time>
        <extensions>
          <ns3:TrackPointExtension>
            <ns3:hr>141</ns3:hr>
            <ns3:cad>55</ns3:cad>
          </ns3:TrackPointExtension>
        </extensions>
      </trkpt>
      <trkpt lat="31.0217476822435855865478515625" lon="121.42310581170022487640380859375">
        <ele>7.400000095367431640625</ele>
        <time>2026-06-02T12:23:20.000Z</time>
        <extensions>
          <ns3:TrackPointExtension>
            <ns3:hr>141</ns3:hr>
            <ns3:cad>55</ns3:cad>
          </ns3:TrackPointExtension>
        </extensions>
      </trkpt>
      <trkpt lat="31.02173670195043087005615234375" lon="121.42308955080807209014892578125">
        <ele>7.400000095367431640625</ele>
        <time>2026-06-02T12:23:21.000Z</time>
        <extensions>
          <ns3:TrackPointExtension>
            <ns3:hr>140</ns3:hr>
            <ns3:cad>55</ns3:cad>
          </ns3:TrackPointExtension>
        </extensions>
      </trkpt>
      <trkpt lat="31.02172781713306903839111328125" lon="121.42308133654296398162841796875">
        <ele>7.400000095367431640625</ele>
        <time>2026-06-02T12:23:22.000Z</time>
        <extensions>
          <ns3:TrackPointExtension>
            <ns3:hr>140</ns3:hr>
            <ns3:cad>55</ns3:cad>
          </ns3:TrackPointExtension>
        </extensions>
      </trkpt>
      <trkpt lat="31.0217181779444217681884765625" lon="121.4230722002685070037841796875">
        <ele>7.400000095367431640625</ele>
        <time>2026-06-02T12:23:23.000Z</time>
        <extensions>
          <ns3:TrackPointExtension>
            <ns3:hr>140</ns3:hr>
            <ns3:cad>55</ns3:cad>
          </ns3:TrackPointExtension>
        </extensions>
      </trkpt>
      <trkpt lat="31.02170920930802822113037109375" lon="121.42306608147919178009033203125">
        <ele>7.400000095367431640625</ele>
        <time>2026-06-02T12:23:24.000Z</time>
        <extensions>
          <ns3:TrackPointExtension>
            <ns3:hr>140</ns3:hr>
            <ns3:cad>56</ns3:cad>
          </ns3:TrackPointExtension>
        </extensions>
      </trkpt>
      <trkpt lat="31.02170099504292011260986328125" lon="121.42306038178503513336181640625">
        <ele>7.400000095367431640625</ele>
        <time>2026-06-02T12:23:25.000Z</time>
        <extensions>
          <ns3:TrackPointExtension>
            <ns3:hr>139</ns3:hr>
            <ns3:cad>55</ns3:cad>
          </ns3:TrackPointExtension>
        </extensions>
      </trkpt>
      <trkpt lat="31.02169387042522430419921875" lon="121.42305501736700534820556640625">
        <ele>7.400000095367431640625</ele>
        <time>2026-06-02T12:23:26.000Z</time>
        <extensions>
          <ns3:TrackPointExtension>
            <ns3:hr>139</ns3:hr>
            <ns3:cad>55</ns3:cad>
          </ns3:TrackPointExtension>
        </extensions>
      </trkpt>
      <trkpt lat="31.021684817969799041748046875" lon="121.42304562963545322418212890625">
        <ele>7.400000095367431640625</ele>
        <time>2026-06-02T12:23:27.000Z</time>
        <extensions>
          <ns3:TrackPointExtension>
            <ns3:hr>139</ns3:hr>
            <ns3:cad>55</ns3:cad>
          </ns3:TrackPointExtension>
        </extensions>
      </trkpt>
      <trkpt lat="31.021675765514373779296875" lon="121.42303808592259883880615234375">
        <ele>7.400000095367431640625</ele>
        <time>2026-06-02T12:23:28.000Z</time>
        <extensions>
          <ns3:TrackPointExtension>
            <ns3:hr>139</ns3:hr>
            <ns3:cad>56</ns3:cad>
          </ns3:TrackPointExtension>
        </extensions>
      </trkpt>
      <trkpt lat="31.02166729979217052459716796875" lon="121.4230316318571567535400390625">
        <ele>7.599999904632568359375</ele>
        <time>2026-06-02T12:23:29.000Z</time>
        <extensions>
          <ns3:TrackPointExtension>
            <ns3:hr>138</ns3:hr>
            <ns3:cad>56</ns3:cad>
          </ns3:TrackPointExtension>
        </extensions>
      </trkpt>
      <trkpt lat="31.02165631949901580810546875" lon="121.42302417196333408355712890625">
        <ele>7.599999904632568359375</ele>
        <time>2026-06-02T12:23:30.000Z</time>
        <extensions>
          <ns3:TrackPointExtension>
            <ns3:hr>138</ns3:hr>
            <ns3:cad>56</ns3:cad>
          </ns3:TrackPointExtension>
        </extensions>
      </trkpt>
      <trkpt lat="31.02164366282522678375244140625" lon="121.4230160415172576904296875">
        <ele>7.599999904632568359375</ele>
        <time>2026-06-02T12:23:31.000Z</time>
        <extensions>
          <ns3:TrackPointExtension>
            <ns3:hr>137</ns3:hr>
            <ns3:cad>56</ns3:cad>
          </ns3:TrackPointExtension>
        </extensions>
      </trkpt>
      <trkpt lat="31.021632850170135498046875" lon="121.423009000718593597412109375">
        <ele>7.599999904632568359375</ele>
        <time>2026-06-02T12:23:32.000Z</time>
        <extensions>
          <ns3:TrackPointExtension>
            <ns3:hr>137</ns3:hr>
            <ns3:cad>55</ns3:cad>
          </ns3:TrackPointExtension>
        </extensions>
      </trkpt>
      <trkpt lat="31.021623127162456512451171875" lon="121.4230027981102466583251953125">
        <ele>7.400000095367431640625</ele>
        <time>2026-06-02T12:23:33.000Z</time>
        <extensions>
          <ns3:TrackPointExtension>
            <ns3:hr>136</ns3:hr>
            <ns3:cad>0</ns3:cad>
          </ns3:TrackPointExtension>
        </extensions>
      </trkpt>
      <trkpt lat="31.0216145776212215423583984375" lon="121.4229972660541534423828125">
        <ele>7.400000095367431640625</ele>
        <time>2026-06-02T12:23:34.000Z</time>
        <extensions>
          <ns3:TrackPointExtension>
            <ns3:hr>135</ns3:hr>
            <ns3:cad>0</ns3:cad>
          </ns3:TrackPointExtension>
        </extensions>
      </trkpt>
      <trkpt lat="31.02160728536546230316162109375" lon="121.42299097962677478790283203125">
        <ele>7.400000095367431640625</ele>
        <time>2026-06-02T12:23:35.000Z</time>
        <extensions>
          <ns3:TrackPointExtension>
            <ns3:hr>134</ns3:hr>
            <ns3:cad>0</ns3:cad>
          </ns3:TrackPointExtension>
        </extensions>
      </trkpt>
      <trkpt lat="31.0216031782329082489013671875" lon="121.42298444174230098724365234375">
        <ele>7.400000095367431640625</ele>
        <time>2026-06-02T12:23:36.000Z</time>
        <extensions>
          <ns3:TrackPointExtension>
            <ns3:hr>133</ns3:hr>
            <ns3:cad>0</ns3:cad>
          </ns3:TrackPointExtension>
        </extensions>
      </trkpt>
      <trkpt lat="31.02160074748098850250244140625" lon="121.422976143658161163330078125">
        <ele>7.400000095367431640625</ele>
        <time>2026-06-02T12:23:37.000Z</time>
        <extensions>
          <ns3:TrackPointExtension>
            <ns3:hr>133</ns3:hr>
            <ns3:cad>0</ns3:cad>
          </ns3:TrackPointExtension>
        </extensions>
      </trkpt>
      <trkpt lat="31.02159890346229076385498046875" lon="121.42296616919338703155517578125">
        <ele>7.400000095367431640625</ele>
        <time>2026-06-02T12:23:38.000Z</time>
        <extensions>
          <ns3:TrackPointExtension>
            <ns3:hr>133</ns3:hr>
            <ns3:cad>0</ns3:cad>
          </ns3:TrackPointExtension>
        </extensions>
      </trkpt>
      <trkpt lat="31.02159471251070499420166015625" lon="121.422954015433788299560546875">
        <ele>7.400000095367431640625</ele>
        <time>2026-06-02T12:23:39.000Z</time>
        <extensions>
          <ns3:TrackPointExtension>
            <ns3:hr>132</ns3:hr>
            <ns3:cad>54</ns3:cad>
          </ns3:TrackPointExtension>
        </extensions>
      </trkpt>
      <trkpt lat="31.02158985100686550140380859375" lon="121.4229397661983966827392578125">
        <ele>7.400000095367431640625</ele>
        <time>2026-06-02T12:23:40.000Z</time>
        <extensions>
          <ns3:TrackPointExtension>
            <ns3:hr>131</ns3:hr>
            <ns3:cad>54</ns3:cad>
          </ns3:TrackPointExtension>
        </extensions>
      </trkpt>
      <trkpt lat="31.02158566005527973175048828125" lon="121.42292643897235393524169921875">
        <ele>7.400000095367431640625</ele>
        <time>2026-06-02T12:23:41.000Z</time>
        <extensions>
          <ns3:TrackPointExtension>
            <ns3:hr>131</ns3:hr>
            <ns3:cad>54</ns3:cad>
          </ns3:TrackPointExtension>
        </extensions>
      </trkpt>
      <trkpt lat="31.02158163674175739288330078125" lon="121.42291939817368984222412109375">
        <ele>7.599999904632568359375</ele>
        <time>2026-06-02T12:23:42.000Z</time>
        <extensions>
          <ns3:TrackPointExtension>
            <ns3:hr>130</ns3:hr>
            <ns3:cad>54</ns3:cad>
          </ns3:TrackPointExtension>
        </extensions>
      </trkpt>
      <trkpt lat="31.0215770266950130462646484375" lon="121.42291151918470859527587890625">
        <ele>7.599999904632568359375</ele>
        <time>2026-06-02T12:23:43.000Z</time>
        <extensions>
          <ns3:TrackPointExtension>
            <ns3:hr>130</ns3:hr>
            <ns3:cad>53</ns3:cad>
          </ns3:TrackPointExtension>
        </extensions>
      </trkpt>
      <trkpt lat="31.021573841571807861328125" lon="121.42290347255766391754150390625">
        <ele>7.599999904632568359375</ele>
        <time>2026-06-02T12:23:44.000Z</time>
        <extensions>
          <ns3:TrackPointExtension>
            <ns3:hr>129</ns3:hr>
            <ns3:cad>51</ns3:cad>
          </ns3:TrackPointExtension>
        </extensions>
      </trkpt>
      <trkpt lat="31.02157090790569782257080078125" lon="121.422896683216094970703125">
        <ele>7.599999904632568359375</ele>
        <time>2026-06-02T12:23:45.000Z</time>
        <extensions>
          <ns3:TrackPointExtension>
            <ns3:hr>129</ns3:hr>
            <ns3:cad>51</ns3:cad>
          </ns3:TrackPointExtension>
        </extensions>
      </trkpt>
      <trkpt lat="31.02156403474509716033935546875" lon="121.42289006151258945465087890625">
        <ele>7.80000019073486328125</ele>
        <time>2026-06-02T12:23:46.000Z</time>
        <extensions>
          <ns3:TrackPointExtension>
            <ns3:hr>128</ns3:hr>
            <ns3:cad>51</ns3:cad>
          </ns3:TrackPointExtension>
        </extensions>
      </trkpt>
      <trkpt lat="31.0215616039931774139404296875" lon="121.422891654074192047119140625">
        <ele>7.80000019073486328125</ele>
        <time>2026-06-02T12:23:47.000Z</time>
        <extensions>
          <ns3:TrackPointExtension>
            <ns3:hr>128</ns3:hr>
            <ns3:cad>51</ns3:cad>
          </ns3:TrackPointExtension>
        </extensions>
      </trkpt>
      <trkpt lat="31.0215632803738117218017578125" lon="121.42290137708187103271484375">
        <ele>8</ele>
        <time>2026-06-02T12:23:48.000Z</time>
        <extensions>
          <ns3:TrackPointExtension>
            <ns3:hr>127</ns3:hr>
            <ns3:cad>51</ns3:cad>
          </ns3:TrackPointExtension>
        </extensions>
      </trkpt>
      <trkpt lat="31.021566800773143768310546875" lon="121.42290900461375713348388671875">
        <ele>8</ele>
        <time>2026-06-02T12:23:49.000Z</time>
        <extensions>
          <ns3:TrackPointExtension>
            <ns3:hr>127</ns3:hr>
            <ns3:cad>51</ns3:cad>
          </ns3:TrackPointExtension>
        </extensions>
      </trkpt>
      <trkpt lat="31.02157141081988811492919921875" lon="121.4229119382798671722412109375">
        <ele>8</ele>
        <time>2026-06-02T12:23:50.000Z</time>
        <extensions>
          <ns3:TrackPointExtension>
            <ns3:hr>127</ns3:hr>
            <ns3:cad>51</ns3:cad>
          </ns3:TrackPointExtension>
        </extensions>
      </trkpt>
      <trkpt lat="31.0215743444859981536865234375" lon="121.42290833406150341033935546875">
        <ele>7.80000019073486328125</ele>
        <time>2026-06-02T12:23:51.000Z</time>
        <extensions>
          <ns3:TrackPointExtension>
            <ns3:hr>127</ns3:hr>
            <ns3:cad>51</ns3:cad>
          </ns3:TrackPointExtension>
        </extensions>
      </trkpt>
      <trkpt lat="31.02157727815210819244384765625" lon="121.422901712357997894287109375">
        <ele>7.80000019073486328125</ele>
        <time>2026-06-02T12:23:52.000Z</time>
        <extensions>
          <ns3:TrackPointExtension>
            <ns3:hr>127</ns3:hr>
            <ns3:cad>51</ns3:cad>
          </ns3:TrackPointExtension>
        </extensions>
      </trkpt>
      <trkpt lat="31.0215793736279010772705078125" lon="121.42289089970290660858154296875">
        <ele>7.599999904632568359375</ele>
        <time>2026-06-02T12:23:53.000Z</time>
        <extensions>
          <ns3:TrackPointExtension>
            <ns3:hr>128</ns3:hr>
            <ns3:cad>51</ns3:cad>
          </ns3:TrackPointExtension>
        </extensions>
      </trkpt>
      <trkpt lat="31.0215783677995204925537109375" lon="121.422880254685878753662109375">
        <ele>7.599999904632568359375</ele>
        <time>2026-06-02T12:23:54.000Z</time>
        <extensions>
          <ns3:TrackPointExtension>
            <ns3:hr>128</ns3:hr>
            <ns3:cad>51</ns3:cad>
          </ns3:TrackPointExtension>
        </extensions>
      </trkpt>
      <trkpt lat="31.02157451212406158447265625" lon="121.4228814281523227691650390625">
        <ele>7.80000019073486328125</ele>
        <time>2026-06-02T12:23:55.000Z</time>
        <extensions>
          <ns3:TrackPointExtension>
            <ns3:hr>128</ns3:hr>
            <ns3:cad>51</ns3:cad>
          </ns3:TrackPointExtension>
        </extensions>
      </trkpt>
      <trkpt lat="31.021569482982158660888671875" lon="121.42288369126617908477783203125">
        <ele>7.599999904632568359375</ele>
        <time>2026-06-02T12:23:56.000Z</time>
        <extensions>
          <ns3:TrackPointExtension>
            <ns3:hr>128</ns3:hr>
            <ns3:cad>0</ns3:cad>
          </ns3:TrackPointExtension>
        </extensions>
      </trkpt>
      <trkpt lat="31.0215652920305728912353515625" lon="121.42289039678871631622314453125">
        <ele>7.599999904632568359375</ele>
        <time>2026-06-02T12:23:57.000Z</time>
        <extensions>
          <ns3:TrackPointExtension>
            <ns3:hr>127</ns3:hr>
            <ns3:cad>0</ns3:cad>
          </ns3:TrackPointExtension>
        </extensions>
      </trkpt>
      <trkpt lat="31.0215605981647968292236328125" lon="121.42289643175899982452392578125">
        <ele>7.599999904632568359375</ele>
        <time>2026-06-02T12:23:58.000Z</time>
        <extensions>
          <ns3:TrackPointExtension>
            <ns3:hr>127</ns3:hr>
            <ns3:cad>0</ns3:cad>
          </ns3:TrackPointExtension>
        </extensions>
      </trkpt>
      <trkpt lat="31.02155447937548160552978515625" lon="121.4229007065296173095703125">
        <ele>7.400000095367431640625</ele>
        <time>2026-06-02T12:23:59.000Z</time>
        <extensions>
          <ns3:TrackPointExtension>
            <ns3:hr>126</ns3:hr>
            <ns3:cad>0</ns3:cad>
          </ns3:TrackPointExtension>
        </extensions>
      </trkpt>
      <trkpt lat="31.02154743857681751251220703125" lon="121.422902382910251617431640625">
        <ele>7.19999980926513671875</ele>
        <time>2026-06-02T12:24:00.000Z</time>
        <extensions>
          <ns3:TrackPointExtension>
            <ns3:hr>126</ns3:hr>
            <ns3:cad>0</ns3:cad>
          </ns3:TrackPointExtension>
        </extensions>
      </trkpt>
      <trkpt lat="31.0215401463210582733154296875" lon="121.422903724014759063720703125">
        <ele>7.19999980926513671875</ele>
        <time>2026-06-02T12:24:01.000Z</time>
        <extensions>
          <ns3:TrackPointExtension>
            <ns3:hr>126</ns3:hr>
            <ns3:cad>0</ns3:cad>
          </ns3:TrackPointExtension>
        </extensions>
      </trkpt>
      <trkpt lat="31.0215337760746479034423828125" lon="121.42290498130023479461669921875">
        <ele>7</ele>
        <time>2026-06-02T12:24:02.000Z</time>
        <extensions>
          <ns3:TrackPointExtension>
            <ns3:hr>126</ns3:hr>
            <ns3:cad>0</ns3:cad>
          </ns3:TrackPointExtension>
        </extensions>
      </trkpt>
      <trkpt lat="31.021529249846935272216796875" lon="121.42290565185248851776123046875">
        <ele>7</ele>
        <time>2026-06-02T12:24:03.000Z</time>
        <extensions>
          <ns3:TrackPointExtension>
            <ns3:hr>126</ns3:hr>
            <ns3:cad>47</ns3:cad>
          </ns3:TrackPointExtension>
        </extensions>
      </trkpt>
      <trkpt lat="31.0215220414102077484130859375" lon="121.422906406223773956298828125">
        <ele>7</ele>
        <time>2026-06-02T12:24:04.000Z</time>
        <extensions>
          <ns3:TrackPointExtension>
            <ns3:hr>125</ns3:hr>
            <ns3:cad>47</ns3:cad>
          </ns3:TrackPointExtension>
        </extensions>
      </trkpt>
      <trkpt lat="31.021513156592845916748046875" lon="121.42290799878537654876708984375">
        <ele>7</ele>
        <time>2026-06-02T12:24:05.000Z</time>
        <extensions>
          <ns3:TrackPointExtension>
            <ns3:hr>125</ns3:hr>
            <ns3:cad>47</ns3:cad>
          </ns3:TrackPointExtension>
        </extensions>
      </trkpt>
      <trkpt lat="31.021505109965801239013671875" lon="121.422909088432788848876953125">
        <ele>7</ele>
        <time>2026-06-02T12:24:06.000Z</time>
        <extensions>
          <ns3:TrackPointExtension>
            <ns3:hr>124</ns3:hr>
            <ns3:cad>46</ns3:cad>
          </ns3:TrackPointExtension>
        </extensions>
      </trkpt>
      <trkpt lat="31.02149672806262969970703125" lon="121.42290917225182056427001953125">
        <ele>7</ele>
        <time>2026-06-02T12:24:07.000Z</time>
        <extensions>
          <ns3:TrackPointExtension>
            <ns3:hr>124</ns3:hr>
            <ns3:cad>45</ns3:cad>
          </ns3:TrackPointExtension>
        </extensions>
      </trkpt>
      <trkpt lat="31.0214895196259021759033203125" lon="121.4229089207947254180908203125">
        <ele>7.19999980926513671875</ele>
        <time>2026-06-02T12:24:08.000Z</time>
        <extensions>
          <ns3:TrackPointExtension>
            <ns3:hr>124</ns3:hr>
            <ns3:cad>45</ns3:cad>
          </ns3:TrackPointExtension>
        </extensions>
      </trkpt>
      <trkpt lat="31.02149614132940769195556640625" lon="121.4229033887386322021484375">
        <ele>7.19999980926513671875</ele>
        <time>2026-06-02T12:24:09.000Z</time>
        <extensions>
          <ns3:TrackPointExtension>
            <ns3:hr>123</ns3:hr>
            <ns3:cad>45</ns3:cad>
          </ns3:TrackPointExtension>
        </extensions>
      </trkpt>
      <trkpt lat="31.0214962251484394073486328125" lon="121.4229072444140911102294921875">
        <ele>7.400000095367431640625</ele>
        <time>2026-06-02T12:24:10.000Z</time>
        <extensions>
          <ns3:TrackPointExtension>
            <ns3:hr>123</ns3:hr>
            <ns3:cad>45</ns3:cad>
          </ns3:TrackPointExtension>
        </extensions>
      </trkpt>
      <trkpt lat="31.0215036012232303619384765625" lon="121.42290682531893253326416015625">
        <ele>7.400000095367431640625</ele>
        <time>2026-06-02T12:24:11.000Z</time>
        <extensions>
          <ns3:TrackPointExtension>
            <ns3:hr>122</ns3:hr>
            <ns3:cad>45</ns3:cad>
          </ns3:TrackPointExtension>
        </extensions>
      </trkpt>
      <trkpt lat="31.021507792174816131591796875" lon="121.42290799878537654876708984375">
        <ele>7.400000095367431640625</ele>
        <time>2026-06-02T12:24:12.000Z</time>
        <extensions>
          <ns3:TrackPointExtension>
            <ns3:hr>122</ns3:hr>
            <ns3:cad>45</ns3:cad>
          </ns3:TrackPointExtension>
        </extensions>
      </trkpt>
      <trkpt lat="31.021511815488338470458984375" lon="121.4229065738618373870849609375">
        <ele>7.599999904632568359375</ele>
        <time>2026-06-02T12:24:13.000Z</time>
        <extensions>
          <ns3:TrackPointExtension>
            <ns3:hr>121</ns3:hr>
            <ns3:cad>45</ns3:cad>
          </ns3:TrackPointExtension>
        </extensions>
      </trkpt>
      <trkpt lat="31.0215183533728122711181640625" lon="121.42290531657636165618896484375">
        <ele>7.80000019073486328125</ele>
        <time>2026-06-02T12:24:14.000Z</time>
        <extensions>
          <ns3:TrackPointExtension>
            <ns3:hr>121</ns3:hr>
            <ns3:cad>44</ns3:cad>
          </ns3:TrackPointExtension>
        </extensions>
      </trkpt>
      <trkpt lat="31.0215277411043643951416015625" lon="121.422905735671520233154296875">
        <ele>7.80000019073486328125</ele>
        <time>2026-06-02T12:24:15.000Z</time>
        <extensions>
          <ns3:TrackPointExtension>
            <ns3:hr>121</ns3:hr>
            <ns3:cad>40</ns3:cad>
          </ns3:TrackPointExtension>
        </extensions>
      </trkpt>
      <trkpt lat="31.0215377993881702423095703125" lon="121.422902382910251617431640625">
        <ele>7.80000019073486328125</ele>
        <time>2026-06-02T12:24:16.000Z</time>
        <extensions>
          <ns3:TrackPointExtension>
            <ns3:hr>120</ns3:hr>
            <ns3:cad>40</ns3:cad>
          </ns3:TrackPointExtension>
        </extensions>
      </trkpt>
      <trkpt lat="31.0215461812913417816162109375" lon="121.42290045507252216339111328125">
        <ele>7.80000019073486328125</ele>
        <time>2026-06-02T12:24:17.000Z</time>
        <extensions>
          <ns3:TrackPointExtension>
            <ns3:hr>119</ns3:hr>
            <ns3:cad>40</ns3:cad>
          </ns3:TrackPointExtension>
        </extensions>
      </trkpt>
      <trkpt lat="31.02153964340686798095703125" lon="121.42290062271058559417724609375">
        <ele>7.80000019073486328125</ele>
        <time>2026-06-02T12:24:18.000Z</time>
        <extensions>
          <ns3:TrackPointExtension>
            <ns3:hr>119</ns3:hr>
            <ns3:cad>47</ns3:cad>
          </ns3:TrackPointExtension>
        </extensions>
      </trkpt>
      <trkpt lat="31.02153536863625049591064453125" lon="121.42290296964347362518310546875">
        <ele>7.599999904632568359375</ele>
        <time>2026-06-02T12:24:19.000Z</time>
        <extensions>
          <ns3:TrackPointExtension>
            <ns3:hr>118</ns3:hr>
            <ns3:cad>0</ns3:cad>
          </ns3:TrackPointExtension>
        </extensions>
      </trkpt>
      <trkpt lat="31.0215277411043643951416015625" lon="121.4229052327573299407958984375">
        <ele>7.599999904632568359375</ele>
        <time>2026-06-02T12:24:20.000Z</time>
        <extensions>
          <ns3:TrackPointExtension>
            <ns3:hr>118</ns3:hr>
            <ns3:cad>0</ns3:cad>
          </ns3:TrackPointExtension>
        </extensions>
      </trkpt>
      <trkpt lat="31.0215282440185546875" lon="121.4229095913469791412353515625">
        <ele>7.599999904632568359375</ele>
        <time>2026-06-02T12:24:21.000Z</time>
        <extensions>
          <ns3:TrackPointExtension>
            <ns3:hr>118</ns3:hr>
            <ns3:cad>0</ns3:cad>
          </ns3:TrackPointExtension>
        </extensions>
      </trkpt>
      <trkpt lat="31.02152547799050807952880859375" lon="121.422915123403072357177734375">
        <ele>7.599999904632568359375</ele>
        <time>2026-06-02T12:24:22.000Z</time>
        <extensions>
          <ns3:TrackPointExtension>
            <ns3:hr>118</ns3:hr>
            <ns3:cad>0</ns3:cad>
          </ns3:TrackPointExtension>
        </extensions>
      </trkpt>
      <trkpt lat="31.0215166769921779632568359375" lon="121.422918140888214111328125">
        <ele>7.599999904632568359375</ele>
        <time>2026-06-02T12:24:23.000Z</time>
        <extensions>
          <ns3:TrackPointExtension>
            <ns3:hr>119</ns3:hr>
            <ns3:cad>0</ns3:cad>
          </ns3:TrackPointExtension>
        </extensions>
      </trkpt>
      <trkpt lat="31.02150754071772098541259765625" lon="121.4229233376681804656982421875">
        <ele>7.400000095367431640625</ele>
        <time>2026-06-02T12:24:24.000Z</time>
        <extensions>
          <ns3:TrackPointExtension>
            <ns3:hr>119</ns3:hr>
            <ns3:cad>0</ns3:cad>
          </ns3:TrackPointExtension>
        </extensions>
      </trkpt>
      <trkpt lat="31.021501757204532623291015625" lon="121.42292794771492481231689453125">
        <ele>7.400000095367431640625</ele>
        <time>2026-06-02T12:24:25.000Z</time>
        <extensions>
          <ns3:TrackPointExtension>
            <ns3:hr>119</ns3:hr>
            <ns3:cad>0</ns3:cad>
          </ns3:TrackPointExtension>
        </extensions>
      </trkpt>
      <trkpt lat="31.0214973986148834228515625" lon="121.42293079756200313568115234375">
        <ele>7.400000095367431640625</ele>
        <time>2026-06-02T12:24:26.000Z</time>
        <extensions>
          <ns3:TrackPointExtension>
            <ns3:hr>119</ns3:hr>
            <ns3:cad>0</ns3:cad>
          </ns3:TrackPointExtension>
        </extensions>
      </trkpt>
      <trkpt lat="31.02149412967264652252197265625" lon="121.42293297685682773590087890625">
        <ele>7.19999980926513671875</ele>
        <time>2026-06-02T12:24:27.000Z</time>
        <extensions>
          <ns3:TrackPointExtension>
            <ns3:hr>120</ns3:hr>
            <ns3:cad>0</ns3:cad>
          </ns3:TrackPointExtension>
        </extensions>
      </trkpt>
      <trkpt lat="31.021493710577487945556640625" lon="121.4229370839893817901611328125">
        <ele>7.19999980926513671875</ele>
        <time>2026-06-02T12:24:28.000Z</time>
        <extensions>
          <ns3:TrackPointExtension>
            <ns3:hr>120</ns3:hr>
            <ns3:cad>0</ns3:cad>
          </ns3:TrackPointExtension>
        </extensions>
      </trkpt>
      <trkpt lat="31.021490357816219329833984375" lon="121.42292174510657787322998046875">
        <ele>7.19999980926513671875</ele>
        <time>2026-06-02T12:24:29.000Z</time>
        <extensions>
          <ns3:TrackPointExtension>
            <ns3:hr>120</ns3:hr>
            <ns3:cad>0</ns3:cad>
          </ns3:TrackPointExtension>
        </extensions>
      </trkpt>
      <trkpt lat="31.02149228565394878387451171875" lon="121.42291671596467494964599609375">
        <ele>7.400000095367431640625</ele>
        <time>2026-06-02T12:24:30.000Z</time>
        <extensions>
          <ns3:TrackPointExtension>
            <ns3:hr>122</ns3:hr>
            <ns3:cad>0</ns3:cad>
          </ns3:TrackPointExtension>
        </extensions>
      </trkpt>
      <trkpt lat="31.02149982936680316925048828125" lon="121.42291168682277202606201171875">
        <ele>7.400000095367431640625</ele>
        <time>2026-06-02T12:24:31.000Z</time>
        <extensions>
          <ns3:TrackPointExtension>
            <ns3:hr>123</ns3:hr>
            <ns3:cad>0</ns3:cad>
          </ns3:TrackPointExtension>
        </extensions>
      </trkpt>
      <trkpt lat="31.02150452323257923126220703125" lon="121.4229087531566619873046875">
        <ele>7.400000095367431640625</ele>
        <time>2026-06-02T12:24:32.000Z</time>
        <extensions>
          <ns3:TrackPointExtension>
            <ns3:hr>123</ns3:hr>
            <ns3:cad>0</ns3:cad>
          </ns3:TrackPointExtension>
        </extensions>
      </trkpt>
      <trkpt lat="31.02151592262089252471923828125" lon="121.42290799878537654876708984375">
        <ele>7.599999904632568359375</ele>
        <time>2026-06-02T12:24:33.000Z</time>
        <extensions>
          <ns3:TrackPointExtension>
            <ns3:hr>122</ns3:hr>
            <ns3:cad>0</ns3:cad>
          </ns3:TrackPointExtension>
        </extensions>
      </trkpt>
      <trkpt lat="31.0215203650295734405517578125" lon="121.42291386611759662628173828125">
        <ele>7.599999904632568359375</ele>
        <time>2026-06-02T12:24:34.000Z</time>
        <extensions>
          <ns3:TrackPointExtension>
            <ns3:hr>120</ns3:hr>
            <ns3:cad>0</ns3:cad>
          </ns3:TrackPointExtension>
        </extensions>
      </trkpt>
      <trkpt lat="31.0215213708579540252685546875" lon="121.42291210591793060302734375">
        <ele>7.599999904632568359375</ele>
        <time>2026-06-02T12:24:35.000Z</time>
        <extensions>
          <ns3:TrackPointExtension>
            <ns3:hr>120</ns3:hr>
            <ns3:cad>0</ns3:cad>
          </ns3:TrackPointExtension>
        </extensions>
      </trkpt>
      <trkpt lat="31.02152111940085887908935546875" lon="121.4229126088321208953857421875">
        <ele>7.400000095367431640625</ele>
        <time>2026-06-02T12:24:36.000Z</time>
        <extensions>
          <ns3:TrackPointExtension>
            <ns3:hr>119</ns3:hr>
            <ns3:cad>0</ns3:cad>
          </ns3:TrackPointExtension>
        </extensions>
      </trkpt>
      <trkpt lat="31.02152095176279544830322265625" lon="121.42291269265115261077880859375">
        <ele>7.400000095367431640625</ele>
        <time>2026-06-02T12:24:37.000Z</time>
        <extensions>
          <ns3:TrackPointExtension>
            <ns3:hr>119</ns3:hr>
            <ns3:cad>0</ns3:cad>
          </ns3:TrackPointExtension>
        </extensions>
      </trkpt>
      <trkpt lat="31.02152111940085887908935546875" lon="121.4229126088321208953857421875">
        <ele>7.400000095367431640625</ele>
        <time>2026-06-02T12:24:38.000Z</time>
        <extensions>
          <ns3:TrackPointExtension>
            <ns3:hr>119</ns3:hr>
            <ns3:cad>0</ns3:cad>
          </ns3:TrackPointExtension>
        </extensions>
      </trkpt>
      <trkpt lat="31.02152111940085887908935546875" lon="121.4229126088321208953857421875">
        <ele>7.400000095367431640625</ele>
        <time>2026-06-02T12:24:39.000Z</time>
        <extensions>
          <ns3:TrackPointExtension>
            <ns3:hr>119</ns3:hr>
            <ns3:cad>0</ns3:cad>
          </ns3:TrackPointExtension>
        </extensions>
      </trkpt>
      <trkpt lat="31.02151910774409770965576171875" lon="121.42290984280407428741455078125">
        <ele>7.400000095367431640625</ele>
        <time>2026-06-02T12:24:40.000Z</time>
        <extensions>
          <ns3:TrackPointExtension>
            <ns3:hr>120</ns3:hr>
            <ns3:cad>0</ns3:cad>
          </ns3:TrackPointExtension>
        </extensions>
      </trkpt>
      <trkpt lat="31.02152111940085887908935546875" lon="121.4229126088321208953857421875">
        <ele>7.400000095367431640625</ele>
        <time>2026-06-02T12:24:41.000Z</time>
        <extensions>
          <ns3:TrackPointExtension>
            <ns3:hr>120</ns3:hr>
            <ns3:cad>0</ns3:cad>
          </ns3:TrackPointExtension>
        </extensions>
      </trkpt>
      <trkpt lat="31.02152111940085887908935546875" lon="121.4229126088321208953857421875">
        <ele>7.599999904632568359375</ele>
        <time>2026-06-02T12:24:42.000Z</time>
        <extensions>
          <ns3:TrackPointExtension>
            <ns3:hr>120</ns3:hr>
            <ns3:cad>0</ns3:cad>
          </ns3:TrackPointExtension>
        </extensions>
      </trkpt>
      <trkpt lat="31.0215188562870025634765625" lon="121.4229126088321208953857421875">
        <ele>7.599999904632568359375</ele>
        <time>2026-06-02T12:24:43.000Z</time>
        <extensions>
          <ns3:TrackPointExtension>
            <ns3:hr>120</ns3:hr>
            <ns3:cad>0</ns3:cad>
          </ns3:TrackPointExtension>
        </extensions>
      </trkpt>
      <trkpt lat="31.0215233825147151947021484375" lon="121.42291068099439144134521484375">
        <ele>7.80000019073486328125</ele>
        <time>2026-06-02T12:24:44.000Z</time>
        <extensions>
          <ns3:TrackPointExtension>
            <ns3:hr>119</ns3:hr>
            <ns3:cad>0</ns3:cad>
          </ns3:TrackPointExtension>
        </extensions>
      </trkpt>
      <trkpt lat="31.02152111940085887908935546875" lon="121.4229126088321208953857421875">
        <ele>7.80000019073486328125</ele>
        <time>2026-06-02T12:24:45.000Z</time>
        <extensions>
          <ns3:TrackPointExtension>
            <ns3:hr>119</ns3:hr>
            <ns3:cad>0</ns3:cad>
          </ns3:TrackPointExtension>
        </extensions>
      </trkpt>
      <trkpt lat="31.02152497507631778717041015625" lon="121.42290699295699596405029296875">
        <ele>7.80000019073486328125</ele>
        <time>2026-06-02T12:24:46.000Z</time>
        <extensions>
          <ns3:TrackPointExtension>
            <ns3:hr>119</ns3:hr>
            <ns3:cad>0</ns3:cad>
          </ns3:TrackPointExtension>
        </extensions>
      </trkpt>
      <trkpt lat="31.02152212522923946380615234375" lon="121.42290808260440826416015625">
        <ele>7.80000019073486328125</ele>
        <time>2026-06-02T12:24:47.000Z</time>
        <extensions>
          <ns3:TrackPointExtension>
            <ns3:hr>118</ns3:hr>
            <ns3:cad>0</ns3:cad>
          </ns3:TrackPointExtension>
        </extensions>
      </trkpt>
      <trkpt lat="31.02152111940085887908935546875" lon="121.4229126088321208953857421875">
        <ele>7.80000019073486328125</ele>
        <time>2026-06-02T12:24:48.000Z</time>
        <extensions>
          <ns3:TrackPointExtension>
            <ns3:hr>118</ns3:hr>
            <ns3:cad>0</ns3:cad>
          </ns3:TrackPointExtension>
        </extensions>
      </trkpt>
      <trkpt lat="31.02151818573474884033203125" lon="121.4229102618992328643798828125">
        <ele>7.599999904632568359375</ele>
        <time>2026-06-02T12:24:49.000Z</time>
        <extensions>
          <ns3:TrackPointExtension>
            <ns3:hr>118</ns3:hr>
            <ns3:cad>0</ns3:cad>
          </ns3:TrackPointExtension>
        </extensions>
      </trkpt>
      <trkpt lat="31.02151441387832164764404296875" lon="121.42291436903178691864013671875">
        <ele>7.400000095367431640625</ele>
        <time>2026-06-02T12:24:50.000Z</time>
        <extensions>
          <ns3:TrackPointExtension>
            <ns3:hr>118</ns3:hr>
            <ns3:cad>0</ns3:cad>
          </ns3:TrackPointExtension>
        </extensions>
      </trkpt>
      <trkpt lat="31.02151307277381420135498046875" lon="121.42292015254497528076171875">
        <ele>7.400000095367431640625</ele>
        <time>2026-06-02T12:24:51.000Z</time>
        <extensions>
          <ns3:TrackPointExtension>
            <ns3:hr>118</ns3:hr>
            <ns3:cad>0</ns3:cad>
          </ns3:TrackPointExtension>
        </extensions>
      </trkpt>
      <trkpt lat="31.02151910774409770965576171875" lon="121.4229219965636730194091796875">
        <ele>7.400000095367431640625</ele>
        <time>2026-06-02T12:24:52.000Z</time>
        <extensions>
          <ns3:TrackPointExtension>
            <ns3:hr>118</ns3:hr>
            <ns3:cad>0</ns3:cad>
          </ns3:TrackPointExtension>
        </extensions>
      </trkpt>
      <trkpt lat="31.0215233825147151947021484375" lon="121.42292023636400699615478515625">
        <ele>7.400000095367431640625</ele>
        <time>2026-06-02T12:24:53.000Z</time>
        <extensions>
          <ns3:TrackPointExtension>
            <ns3:hr>118</ns3:hr>
            <ns3:cad>0</ns3:cad>
          </ns3:TrackPointExtension>
        </extensions>
      </trkpt>
      <trkpt lat="31.0215243883430957794189453125" lon="121.42291755415499210357666015625">
        <ele>7.400000095367431640625</ele>
        <time>2026-06-02T12:24:54.000Z</time>
        <extensions>
          <ns3:TrackPointExtension>
            <ns3:hr>117</ns3:hr>
            <ns3:cad>0</ns3:cad>
          </ns3:TrackPointExtension>
        </extensions>
      </trkpt>
      <trkpt lat="31.0215269029140472412109375" lon="121.42292660661041736602783203125">
        <ele>7.400000095367431640625</ele>
        <time>2026-06-02T12:24:55.000Z</time>
        <extensions>
          <ns3:TrackPointExtension>
            <ns3:hr>117</ns3:hr>
            <ns3:cad>0</ns3:cad>
          </ns3:TrackPointExtension>
        </extensions>
      </trkpt>
      <trkpt lat="31.02152195759117603302001953125" lon="121.42292845062911510467529296875">
        <ele>7.400000095367431640625</ele>
        <time>2026-06-02T12:24:56.000Z</time>
        <extensions>
          <ns3:TrackPointExtension>
            <ns3:hr>117</ns3:hr>
            <ns3:cad>0</ns3:cad>
          </ns3:TrackPointExtension>
        </extensions>
      </trkpt>
      <trkpt lat="31.02151609025895595550537109375" lon="121.42292778007686138153076171875">
        <ele>7.400000095367431640625</ele>
        <time>2026-06-02T12:24:57.000Z</time>
        <extensions>
          <ns3:TrackPointExtension>
            <ns3:hr>117</ns3:hr>
            <ns3:cad>58</ns3:cad>
          </ns3:TrackPointExtension>
        </extensions>
      </trkpt>
      <trkpt lat="31.02151106111705303192138671875" lon="121.4229209907352924346923828125">
        <ele>7.400000095367431640625</ele>
        <time>2026-06-02T12:24:58.000Z</time>
        <extensions>
          <ns3:TrackPointExtension>
            <ns3:hr>118</ns3:hr>
            <ns3:cad>58</ns3:cad>
          </ns3:TrackPointExtension>
        </extensions>
      </trkpt>
      <trkpt lat="31.0215093009173870086669921875" lon="121.42291755415499210357666015625">
        <ele>7.599999904632568359375</ele>
        <time>2026-06-02T12:24:59.000Z</time>
        <extensions>
          <ns3:TrackPointExtension>
            <ns3:hr>118</ns3:hr>
            <ns3:cad>58</ns3:cad>
          </ns3:TrackPointExtension>
        </extensions>
      </trkpt>
      <trkpt lat="31.021509468555450439453125" lon="121.4229176379740238189697265625">
        <ele>7.599999904632568359375</ele>
        <time>2026-06-02T12:25:00.000Z</time>
        <extensions>
          <ns3:TrackPointExtension>
            <ns3:hr>118</ns3:hr>
            <ns3:cad>0</ns3:cad>
          </ns3:TrackPointExtension>
        </extensions>
      </trkpt>
      <trkpt lat="31.02152111940085887908935546875" lon="121.4229126088321208953857421875">
        <ele>7.599999904632568359375</ele>
        <time>2026-06-02T12:25:01.000Z</time>
        <extensions>
          <ns3:TrackPointExtension>
            <ns3:hr>119</ns3:hr>
            <ns3:cad>0</ns3:cad>
          </ns3:TrackPointExtension>
        </extensions>
      </trkpt>
      <trkpt lat="31.02152111940085887908935546875" lon="121.4229126088321208953857421875">
        <ele>7.599999904632568359375</ele>
        <time>2026-06-02T12:25:02.000Z</time>
        <extensions>
          <ns3:TrackPointExtension>
            <ns3:hr>119</ns3:hr>
            <ns3:cad>0</ns3:cad>
          </ns3:TrackPointExtension>
        </extensions>
      </trkpt>
      <trkpt lat="31.02151256985962390899658203125" lon="121.42291956581175327301025390625">
        <ele>7.80000019073486328125</ele>
        <time>2026-06-02T12:25:03.000Z</time>
        <extensions>
          <ns3:TrackPointExtension>
            <ns3:hr>118</ns3:hr>
            <ns3:cad>0</ns3:cad>
          </ns3:TrackPointExtension>
        </extensions>
      </trkpt>
      <trkpt lat="31.02152111940085887908935546875" lon="121.4229126088321208953857421875">
        <ele>7.80000019073486328125</ele>
        <time>2026-06-02T12:25:04.000Z</time>
        <extensions>
          <ns3:TrackPointExtension>
            <ns3:hr>118</ns3:hr>
            <ns3:cad>0</ns3:cad>
          </ns3:TrackPointExtension>
        </extensions>
      </trkpt>
      <trkpt lat="31.02152111940085887908935546875" lon="121.4229126088321208953857421875">
        <ele>7.599999904632568359375</ele>
        <time>2026-06-02T12:25:05.000Z</time>
        <extensions>
          <ns3:TrackPointExtension>
            <ns3:hr>117</ns3:hr>
            <ns3:cad>0</ns3:cad>
          </ns3:TrackPointExtension>
        </extensions>
      </trkpt>
      <trkpt lat="31.02151374332606792449951171875" lon="121.422923505306243896484375">
        <ele>7.599999904632568359375</ele>
        <time>2026-06-02T12:25:06.000Z</time>
        <extensions>
          <ns3:TrackPointExtension>
            <ns3:hr>117</ns3:hr>
            <ns3:cad>0</ns3:cad>
          </ns3:TrackPointExtension>
        </extensions>
      </trkpt>
      <trkpt lat="31.02151550352573394775390625" lon="121.42293012700974941253662109375">
        <ele>7.599999904632568359375</ele>
        <time>2026-06-02T12:25:07.000Z</time>
        <extensions>
          <ns3:TrackPointExtension>
            <ns3:hr>118</ns3:hr>
            <ns3:cad>0</ns3:cad>
          </ns3:TrackPointExtension>
        </extensions>
      </trkpt>
      <trkpt lat="31.02151407860219478607177734375" lon="121.4229307137429714202880859375">
        <ele>7.599999904632568359375</ele>
        <time>2026-06-02T12:25:08.000Z</time>
        <extensions>
          <ns3:TrackPointExtension>
            <ns3:hr>117</ns3:hr>
            <ns3:cad>0</ns3:cad>
          </ns3:TrackPointExtension>
        </extensions>
      </trkpt>
      <trkpt lat="31.0215139947831630706787109375" lon="121.42293062992393970489501953125">
        <ele>7.599999904632568359375</ele>
        <time>2026-06-02T12:25:09.000Z</time>
        <extensions>
          <ns3:TrackPointExtension>
            <ns3:hr>117</ns3:hr>
            <ns3:cad>0</ns3:cad>
          </ns3:TrackPointExtension>
        </extensions>
      </trkpt>
      <trkpt lat="31.02151156403124332427978515625" lon="121.42292509786784648895263671875">
        <ele>7.599999904632568359375</ele>
        <time>2026-06-02T12:25:10.000Z</time>
        <extensions>
          <ns3:TrackPointExtension>
            <ns3:hr>117</ns3:hr>
            <ns3:cad>0</ns3:cad>
          </ns3:TrackPointExtension>
        </extensions>
      </trkpt>
      <trkpt lat="31.02151039056479930877685546875" lon="121.42292409203946590423583984375">
        <ele>7.599999904632568359375</ele>
        <time>2026-06-02T12:25:11.000Z</time>
        <extensions>
          <ns3:TrackPointExtension>
            <ns3:hr>117</ns3:hr>
            <ns3:cad>0</ns3:cad>
          </ns3:TrackPointExtension>
        </extensions>
      </trkpt>
      <trkpt lat="31.02151039056479930877685546875" lon="121.42292409203946590423583984375">
        <ele>7.599999904632568359375</ele>
        <time>2026-06-02T12:25:12.000Z</time>
        <extensions>
          <ns3:TrackPointExtension>
            <ns3:hr>117</ns3:hr>
            <ns3:cad>0</ns3:cad>
          </ns3:TrackPointExtension>
        </extensions>
      </trkpt>
      <trkpt lat="31.02151039056479930877685546875" lon="121.42292409203946590423583984375">
        <ele>7.599999904632568359375</ele>
        <time>2026-06-02T12:25:13.000Z</time>
        <extensions>
          <ns3:TrackPointExtension>
            <ns3:hr>117</ns3:hr>
            <ns3:cad>0</ns3:cad>
          </ns3:TrackPointExtension>
        </extensions>
      </trkpt>
      <trkpt lat="31.02151039056479930877685546875" lon="121.42292409203946590423583984375">
        <ele>7.599999904632568359375</ele>
        <time>2026-06-02T12:25:14.000Z</time>
        <extensions>
          <ns3:TrackPointExtension>
            <ns3:hr>116</ns3:hr>
            <ns3:cad>0</ns3:cad>
          </ns3:TrackPointExtension>
        </extensions>
      </trkpt>
      <trkpt lat="31.02151039056479930877685546875" lon="121.42292409203946590423583984375">
        <ele>7.599999904632568359375</ele>
        <time>2026-06-02T12:25:15.000Z</time>
        <extensions>
          <ns3:TrackPointExtension>
            <ns3:hr>117</ns3:hr>
            <ns3:cad>0</ns3:cad>
          </ns3:TrackPointExtension>
        </extensions>
      </trkpt>
      <trkpt lat="31.02151039056479930877685546875" lon="121.42292409203946590423583984375">
        <ele>7.599999904632568359375</ele>
        <time>2026-06-02T12:25:16.000Z</time>
        <extensions>
          <ns3:TrackPointExtension>
            <ns3:hr>117</ns3:hr>
            <ns3:cad>0</ns3:cad>
          </ns3:TrackPointExtension>
        </extensions>
      </trkpt>
      <trkpt lat="31.02151039056479930877685546875" lon="121.42292409203946590423583984375">
        <ele>7.599999904632568359375</ele>
        <time>2026-06-02T12:25:17.000Z</time>
        <extensions>
          <ns3:TrackPointExtension>
            <ns3:hr>117</ns3:hr>
            <ns3:cad>0</ns3:cad>
          </ns3:TrackPointExtension>
        </extensions>
      </trkpt>
      <trkpt lat="31.02151039056479930877685546875" lon="121.42292409203946590423583984375">
        <ele>7.599999904632568359375</ele>
        <time>2026-06-02T12:25:18.000Z</time>
        <extensions>
          <ns3:TrackPointExtension>
            <ns3:hr>116</ns3:hr>
            <ns3:cad>0</ns3:cad>
          </ns3:TrackPointExtension>
        </extensions>
      </trkpt>
      <trkpt lat="31.02151550352573394775390625" lon="121.4229159615933895111083984375">
        <ele>7.599999904632568359375</ele>
        <time>2026-06-02T12:25:27.000Z</time>
        <extensions>
          <ns3:TrackPointExtension>
            <ns3:hr>116</ns3:hr>
            <ns3:cad>0</ns3:cad>
          </ns3:TrackPointExtension>
        </extensions>
      </trkpt>
      <trkpt lat="31.02151039056479930877685546875" lon="121.42292409203946590423583984375">
        <ele>7.599999904632568359375</ele>
        <time>2026-06-02T12:25:28.000Z</time>
        <extensions>
          <ns3:TrackPointExtension>
            <ns3:hr>117</ns3:hr>
            <ns3:cad>0</ns3:cad>
          </ns3:TrackPointExtension>
        </extensions>
      </trkpt>
      <trkpt lat="31.02151039056479930877685546875" lon="121.42292409203946590423583984375">
        <ele>7.599999904632568359375</ele>
        <time>2026-06-02T12:25:29.000Z</time>
        <extensions>
          <ns3:TrackPointExtension>
            <ns3:hr>117</ns3:hr>
            <ns3:cad>0</ns3:cad>
          </ns3:TrackPointExtension>
        </extensions>
      </trkpt>
      <trkpt lat="31.02151039056479930877685546875" lon="121.42292409203946590423583984375">
        <ele>7.599999904632568359375</ele>
        <time>2026-06-02T12:25:30.000Z</time>
        <extensions>
          <ns3:TrackPointExtension>
            <ns3:hr>117</ns3:hr>
            <ns3:cad>0</ns3:cad>
          </ns3:TrackPointExtension>
        </extensions>
      </trkpt>
      <trkpt lat="31.02151039056479930877685546875" lon="121.42292409203946590423583984375">
        <ele>7.599999904632568359375</ele>
        <time>2026-06-02T12:25:31.000Z</time>
        <extensions>
          <ns3:TrackPointExtension>
            <ns3:hr>117</ns3:hr>
            <ns3:cad>0</ns3:cad>
          </ns3:TrackPointExtension>
        </extensions>
      </trkpt>
      <trkpt lat="31.0215160064399242401123046875" lon="121.42291822470724582672119140625">
        <ele>7.599999904632568359375</ele>
        <time>2026-06-02T12:25:32.000Z</time>
        <extensions>
          <ns3:TrackPointExtension>
            <ns3:hr>119</ns3:hr>
            <ns3:cad>0</ns3:cad>
          </ns3:TrackPointExtension>
        </extensions>
      </trkpt>
      <trkpt lat="31.0215161740779876708984375" lon="121.42292174510657787322998046875">
        <ele>7.400000095367431640625</ele>
        <time>2026-06-02T12:25:33.000Z</time>
        <extensions>
          <ns3:TrackPointExtension>
            <ns3:hr>120</ns3:hr>
            <ns3:cad>0</ns3:cad>
          </ns3:TrackPointExtension>
        </extensions>
      </trkpt>
      <trkpt lat="31.0215210355818271636962890625" lon="121.422925181686878204345703125">
        <ele>7.400000095367431640625</ele>
        <time>2026-06-02T12:25:34.000Z</time>
        <extensions>
          <ns3:TrackPointExtension>
            <ns3:hr>121</ns3:hr>
            <ns3:cad>0</ns3:cad>
          </ns3:TrackPointExtension>
        </extensions>
      </trkpt>
      <trkpt lat="31.021521873772144317626953125" lon="121.4229287020862102508544921875">
        <ele>7.19999980926513671875</ele>
        <time>2026-06-02T12:25:35.000Z</time>
        <extensions>
          <ns3:TrackPointExtension>
            <ns3:hr>121</ns3:hr>
            <ns3:cad>0</ns3:cad>
          </ns3:TrackPointExtension>
        </extensions>
      </trkpt>
      <trkpt lat="31.0214972309768199920654296875" lon="121.422945298254489898681640625">
        <ele>7.19999980926513671875</ele>
        <time>2026-06-02T12:25:36.000Z</time>
        <extensions>
          <ns3:TrackPointExtension>
            <ns3:hr>121</ns3:hr>
            <ns3:cad>0</ns3:cad>
          </ns3:TrackPointExtension>
        </extensions>
      </trkpt>
      <trkpt lat="31.021452806890010833740234375" lon="121.42296046949923038482666015625">
        <ele>7</ele>
        <time>2026-06-02T12:25:37.000Z</time>
        <extensions>
          <ns3:TrackPointExtension>
            <ns3:hr>122</ns3:hr>
            <ns3:cad>0</ns3:cad>
          </ns3:TrackPointExtension>
        </extensions>
      </trkpt>
      <trkpt lat="31.02139455266296863555908203125" lon="121.4229784905910491943359375">
        <ele>7</ele>
        <time>2026-06-02T12:25:38.000Z</time>
        <extensions>
          <ns3:TrackPointExtension>
            <ns3:hr>122</ns3:hr>
            <ns3:cad>0</ns3:cad>
          </ns3:TrackPointExtension>
        </extensions>
      </trkpt>
      <trkpt lat="31.02132716216146945953369140625" lon="121.42300724051892757415771484375">
        <ele>6.80000019073486328125</ele>
        <time>2026-06-02T12:25:39.000Z</time>
        <extensions>
          <ns3:TrackPointExtension>
            <ns3:hr>123</ns3:hr>
            <ns3:cad>0</ns3:cad>
          </ns3:TrackPointExtension>
        </extensions>
      </trkpt>
      <trkpt lat="31.02125977165997028350830078125" lon="121.42303339205682277679443359375">
        <ele>7</ele>
        <time>2026-06-02T12:25:40.000Z</time>
        <extensions>
          <ns3:TrackPointExtension>
            <ns3:hr>123</ns3:hr>
            <ns3:cad>0</ns3:cad>
          </ns3:TrackPointExtension>
        </extensions>
      </trkpt>
      <trkpt lat="31.0211871005594730377197265625" lon="121.42306138761341571807861328125">
        <ele>7</ele>
        <time>2026-06-02T12:25:41.000Z</time>
        <extensions>
          <ns3:TrackPointExtension>
            <ns3:hr>123</ns3:hr>
            <ns3:cad>115</ns3:cad>
          </ns3:TrackPointExtension>
        </extensions>
      </trkpt>
      <trkpt lat="31.02111208252608776092529296875" lon="121.42308653332293033599853515625">
        <ele>7.400000095367431640625</ele>
        <time>2026-06-02T12:25:42.000Z</time>
        <extensions>
          <ns3:TrackPointExtension>
            <ns3:hr>124</ns3:hr>
            <ns3:cad>115</ns3:cad>
          </ns3:TrackPointExtension>
        </extensions>
      </trkpt>
      <trkpt lat="31.021036393940448760986328125" lon="121.4231100864708423614501953125">
        <ele>7.19999980926513671875</ele>
        <time>2026-06-02T12:25:43.000Z</time>
        <extensions>
          <ns3:TrackPointExtension>
            <ns3:hr>124</ns3:hr>
            <ns3:cad>118</ns3:cad>
          </ns3:TrackPointExtension>
        </extensions>
      </trkpt>
      <trkpt lat="31.02096875198185443878173828125" lon="121.42313246615231037139892578125">
        <ele>7</ele>
        <time>2026-06-02T12:25:44.000Z</time>
        <extensions>
          <ns3:TrackPointExtension>
            <ns3:hr>123</ns3:hr>
            <ns3:cad>118</ns3:cad>
          </ns3:TrackPointExtension>
        </extensions>
      </trkpt>
      <trkpt lat="31.0209073126316070556640625" lon="121.42315526492893695831298828125">
        <ele>6.400000095367431640625</ele>
        <time>2026-06-02T12:25:45.000Z</time>
        <extensions>
          <ns3:TrackPointExtension>
            <ns3:hr>123</ns3:hr>
            <ns3:cad>118</ns3:cad>
          </ns3:TrackPointExtension>
        </extensions>
      </trkpt>
      <trkpt lat="31.02084805257618427276611328125" lon="121.4231781475245952606201171875">
        <ele>7</ele>
        <time>2026-06-02T12:25:46.000Z</time>
        <extensions>
          <ns3:TrackPointExtension>
            <ns3:hr>123</ns3:hr>
            <ns3:cad>118</ns3:cad>
          </ns3:TrackPointExtension>
        </extensions>
      </trkpt>
      <trkpt lat="31.020800359547138214111328125" lon="121.42320404760539531707763671875">
        <ele>7</ele>
        <time>2026-06-02T12:25:47.000Z</time>
        <extensions>
          <ns3:TrackPointExtension>
            <ns3:hr>123</ns3:hr>
            <ns3:cad>118</ns3:cad>
          </ns3:TrackPointExtension>
        </extensions>
      </trkpt>
      <trkpt lat="31.0207468830049037933349609375" lon="121.42323371954262256622314453125">
        <ele>7</ele>
        <time>2026-06-02T12:25:48.000Z</time>
        <extensions>
          <ns3:TrackPointExtension>
            <ns3:hr>124</ns3:hr>
            <ns3:cad>115</ns3:cad>
          </ns3:TrackPointExtension>
        </extensions>
      </trkpt>
      <trkpt lat="31.02070556022226810455322265625" lon="121.42325811088085174560546875">
        <ele>7</ele>
        <time>2026-06-02T12:25:49.000Z</time>
        <extensions>
          <ns3:TrackPointExtension>
            <ns3:hr>125</ns3:hr>
            <ns3:cad>115</ns3:cad>
          </ns3:TrackPointExtension>
        </extensions>
      </trkpt>
      <trkpt lat="31.020663566887378692626953125" lon="121.4232837595045566558837890625">
        <ele>7.19999980926513671875</ele>
        <time>2026-06-02T12:25:50.000Z</time>
        <extensions>
          <ns3:TrackPointExtension>
            <ns3:hr>127</ns3:hr>
            <ns3:cad>115</ns3:cad>
          </ns3:TrackPointExtension>
        </extensions>
      </trkpt>
      <trkpt lat="31.02062660269439220428466796875" lon="121.42330597154796123504638671875">
        <ele>7</ele>
        <time>2026-06-02T12:25:51.000Z</time>
        <extensions>
          <ns3:TrackPointExtension>
            <ns3:hr>128</ns3:hr>
            <ns3:cad>104</ns3:cad>
          </ns3:TrackPointExtension>
        </extensions>
      </trkpt>
      <trkpt lat="31.0205976851284503936767578125" lon="121.4233260042965412139892578125">
        <ele>7</ele>
        <time>2026-06-02T12:25:52.000Z</time>
        <extensions>
          <ns3:TrackPointExtension>
            <ns3:hr>129</ns3:hr>
            <ns3:cad>104</ns3:cad>
          </ns3:TrackPointExtension>
        </extensions>
      </trkpt>
      <trkpt lat="31.02057195268571376800537109375" lon="121.42334452830255031585693359375">
        <ele>7.19999980926513671875</ele>
        <time>2026-06-02T12:25:53.000Z</time>
        <extensions>
          <ns3:TrackPointExtension>
            <ns3:hr>130</ns3:hr>
            <ns3:cad>104</ns3:cad>
          </ns3:TrackPointExtension>
        </extensions>
      </trkpt>
      <trkpt lat="31.02054613642394542694091796875" lon="121.42336296848952770233154296875">
        <ele>7.400000095367431640625</ele>
        <time>2026-06-02T12:25:54.000Z</time>
        <extensions>
          <ns3:TrackPointExtension>
            <ns3:hr>131</ns3:hr>
            <ns3:cad>104</ns3:cad>
          </ns3:TrackPointExtension>
        </extensions>
      </trkpt>
      <trkpt lat="31.02052434347569942474365234375" lon="121.42338040284812450408935546875">
        <ele>7.599999904632568359375</ele>
        <time>2026-06-02T12:25:55.000Z</time>
        <extensions>
          <ns3:TrackPointExtension>
            <ns3:hr>133</ns3:hr>
            <ns3:cad>104</ns3:cad>
          </ns3:TrackPointExtension>
        </extensions>
      </trkpt>
      <trkpt lat="31.0205001197755336761474609375" lon="121.4233964122831821441650390625">
        <ele>7.599999904632568359375</ele>
        <time>2026-06-02T12:25:56.000Z</time>
        <extensions>
          <ns3:TrackPointExtension>
            <ns3:hr>134</ns3:hr>
            <ns3:cad>104</ns3:cad>
          </ns3:TrackPointExtension>
        </extensions>
      </trkpt>
      <trkpt lat="31.02048394270241260528564453125" lon="121.42341694794595241546630859375">
        <ele>7.599999904632568359375</ele>
        <time>2026-06-02T12:25:57.000Z</time>
        <extensions>
          <ns3:TrackPointExtension>
            <ns3:hr>135</ns3:hr>
            <ns3:cad>104</ns3:cad>
          </ns3:TrackPointExtension>
        </extensions>
      </trkpt>
      <trkpt lat="31.0204729624092578887939453125" lon="121.42343890853226184844970703125">
        <ele>7.599999904632568359375</ele>
        <time>2026-06-02T12:25:58.000Z</time>
        <extensions>
          <ns3:TrackPointExtension>
            <ns3:hr>135</ns3:hr>
            <ns3:cad>82</ns3:cad>
          </ns3:TrackPointExtension>
        </extensions>
      </trkpt>
      <trkpt lat="31.02045812644064426422119140625" lon="121.4234550856053829193115234375">
        <ele>7.400000095367431640625</ele>
        <time>2026-06-02T12:25:59.000Z</time>
        <extensions>
          <ns3:TrackPointExtension>
            <ns3:hr>136</ns3:hr>
            <ns3:cad>80</ns3:cad>
          </ns3:TrackPointExtension>
        </extensions>
      </trkpt>
      <trkpt lat="31.0204525105655193328857421875" lon="121.4234691672027111053466796875">
        <ele>7.400000095367431640625</ele>
        <time>2026-06-02T12:26:00.000Z</time>
        <extensions>
          <ns3:TrackPointExtension>
            <ns3:hr>137</ns3:hr>
            <ns3:cad>80</ns3:cad>
          </ns3:TrackPointExtension>
        </extensions>
      </trkpt>
      <trkpt lat="31.02044505067169666290283203125" lon="121.4234869368374347686767578125">
        <ele>7.400000095367431640625</ele>
        <time>2026-06-02T12:26:01.000Z</time>
        <extensions>
          <ns3:TrackPointExtension>
            <ns3:hr>137</ns3:hr>
            <ns3:cad>80</ns3:cad>
          </ns3:TrackPointExtension>
        </extensions>
      </trkpt>
      <trkpt lat="31.02044722996652126312255859375" lon="121.42350026406347751617431640625">
        <ele>7.400000095367431640625</ele>
        <time>2026-06-02T12:26:02.000Z</time>
        <extensions>
          <ns3:TrackPointExtension>
            <ns3:hr>137</ns3:hr>
            <ns3:cad>80</ns3:cad>
          </ns3:TrackPointExtension>
        </extensions>
      </trkpt>
      <trkpt lat="31.0204484872519969940185546875" lon="121.42351317219436168670654296875">
        <ele>7.400000095367431640625</ele>
        <time>2026-06-02T12:26:03.000Z</time>
        <extensions>
          <ns3:TrackPointExtension>
            <ns3:hr>138</ns3:hr>
            <ns3:cad>78</ns3:cad>
          </ns3:TrackPointExtension>
        </extensions>
      </trkpt>
      <trkpt lat="31.02044320665299892425537109375" lon="121.42352306284010410308837890625">
        <ele>7.400000095367431640625</ele>
        <time>2026-06-02T12:26:04.000Z</time>
        <extensions>
          <ns3:TrackPointExtension>
            <ns3:hr>138</ns3:hr>
            <ns3:cad>78</ns3:cad>
          </ns3:TrackPointExtension>
        </extensions>
      </trkpt>
      <trkpt lat="31.0204357467591762542724609375" lon="121.42353236675262451171875">
        <ele>7.400000095367431640625</ele>
        <time>2026-06-02T12:26:05.000Z</time>
        <extensions>
          <ns3:TrackPointExtension>
            <ns3:hr>137</ns3:hr>
            <ns3:cad>59</ns3:cad>
          </ns3:TrackPointExtension>
        </extensions>
      </trkpt>
      <trkpt lat="31.0204287059605121612548828125" lon="121.42354200594127178192138671875">
        <ele>7.400000095367431640625</ele>
        <time>2026-06-02T12:26:06.000Z</time>
        <extensions>
          <ns3:TrackPointExtension>
            <ns3:hr>137</ns3:hr>
            <ns3:cad>59</ns3:cad>
          </ns3:TrackPointExtension>
        </extensions>
      </trkpt>
      <trkpt lat="31.02042040787637233734130859375" lon="121.42355139367282390594482421875">
        <ele>7.400000095367431640625</ele>
        <time>2026-06-02T12:26:07.000Z</time>
        <extensions>
          <ns3:TrackPointExtension>
            <ns3:hr>137</ns3:hr>
            <ns3:cad>59</ns3:cad>
          </ns3:TrackPointExtension>
        </extensions>
      </trkpt>
      <trkpt lat="31.02041420526802539825439453125" lon="121.423562206327915191650390625">
        <ele>7.400000095367431640625</ele>
        <time>2026-06-02T12:26:08.000Z</time>
        <extensions>
          <ns3:TrackPointExtension>
            <ns3:hr>137</ns3:hr>
            <ns3:cad>59</ns3:cad>
          </ns3:TrackPointExtension>
        </extensions>
      </trkpt>
      <trkpt lat="31.02040699683129787445068359375" lon="121.4235757850110530853271484375">
        <ele>7.400000095367431640625</ele>
        <time>2026-06-02T12:26:09.000Z</time>
        <extensions>
          <ns3:TrackPointExtension>
            <ns3:hr>137</ns3:hr>
            <ns3:cad>58</ns3:cad>
          </ns3:TrackPointExtension>
        </extensions>
      </trkpt>
      <trkpt lat="31.02040112949907779693603515625" lon="121.4235871843993663787841796875">
        <ele>7.400000095367431640625</ele>
        <time>2026-06-02T12:26:10.000Z</time>
        <extensions>
          <ns3:TrackPointExtension>
            <ns3:hr>137</ns3:hr>
            <ns3:cad>57</ns3:cad>
          </ns3:TrackPointExtension>
        </extensions>
      </trkpt>
      <trkpt lat="31.02039568126201629638671875" lon="121.42359849996864795684814453125">
        <ele>7.400000095367431640625</ele>
        <time>2026-06-02T12:26:11.000Z</time>
        <extensions>
          <ns3:TrackPointExtension>
            <ns3:hr>137</ns3:hr>
            <ns3:cad>57</ns3:cad>
          </ns3:TrackPointExtension>
        </extensions>
      </trkpt>
      <trkpt lat="31.02039224468171596527099609375" lon="121.42360855825245380401611328125">
        <ele>7.599999904632568359375</ele>
        <time>2026-06-02T12:26:12.000Z</time>
        <extensions>
          <ns3:TrackPointExtension>
            <ns3:hr>138</ns3:hr>
            <ns3:cad>57</ns3:cad>
          </ns3:TrackPointExtension>
        </extensions>
      </trkpt>
      <trkpt lat="31.02038922719657421112060546875" lon="121.423620879650115966796875">
        <ele>7.599999904632568359375</ele>
        <time>2026-06-02T12:26:13.000Z</time>
        <extensions>
          <ns3:TrackPointExtension>
            <ns3:hr>138</ns3:hr>
            <ns3:cad>57</ns3:cad>
          </ns3:TrackPointExtension>
        </extensions>
      </trkpt>
      <trkpt lat="31.02038419805467128753662109375" lon="121.423633284866809844970703125">
        <ele>7.599999904632568359375</ele>
        <time>2026-06-02T12:26:14.000Z</time>
        <extensions>
          <ns3:TrackPointExtension>
            <ns3:hr>138</ns3:hr>
            <ns3:cad>57</ns3:cad>
          </ns3:TrackPointExtension>
        </extensions>
      </trkpt>
      <trkpt lat="31.02038067765533924102783203125" lon="121.42364577390253543853759765625">
        <ele>7.599999904632568359375</ele>
        <time>2026-06-02T12:26:15.000Z</time>
        <extensions>
          <ns3:TrackPointExtension>
            <ns3:hr>138</ns3:hr>
            <ns3:cad>57</ns3:cad>
          </ns3:TrackPointExtension>
        </extensions>
      </trkpt>
      <trkpt lat="31.02037749253213405609130859375" lon="121.42365767620503902435302734375">
        <ele>7.599999904632568359375</ele>
        <time>2026-06-02T12:26:16.000Z</time>
        <extensions>
          <ns3:TrackPointExtension>
            <ns3:hr>140</ns3:hr>
            <ns3:cad>56</ns3:cad>
          </ns3:TrackPointExtension>
        </extensions>
      </trkpt>
      <trkpt lat="31.02037514559924602508544921875" lon="121.423667483031749725341796875">
        <ele>7.599999904632568359375</ele>
        <time>2026-06-02T12:26:17.000Z</time>
        <extensions>
          <ns3:TrackPointExtension>
            <ns3:hr>146</ns3:hr>
            <ns3:cad>56</ns3:cad>
          </ns3:TrackPointExtension>
        </extensions>
      </trkpt>
      <trkpt lat="31.02037296630442142486572265625" lon="121.42367846332490444183349609375">
        <ele>7.599999904632568359375</ele>
        <time>2026-06-02T12:26:18.000Z</time>
        <extensions>
          <ns3:TrackPointExtension>
            <ns3:hr>152</ns3:hr>
            <ns3:cad>54</ns3:cad>
          </ns3:TrackPointExtension>
        </extensions>
      </trkpt>
      <trkpt lat="31.0203707031905651092529296875" lon="121.4236897788941860198974609375">
        <ele>7.599999904632568359375</ele>
        <time>2026-06-02T12:26:19.000Z</time>
        <extensions>
          <ns3:TrackPointExtension>
            <ns3:hr>154</ns3:hr>
            <ns3:cad>54</ns3:cad>
          </ns3:TrackPointExtension>
        </extensions>
      </trkpt>
      <trkpt lat="31.020368523895740509033203125" lon="121.42370159737765789031982421875">
        <ele>7.599999904632568359375</ele>
        <time>2026-06-02T12:26:20.000Z</time>
        <extensions>
          <ns3:TrackPointExtension>
            <ns3:hr>155</ns3:hr>
            <ns3:cad>53</ns3:cad>
          </ns3:TrackPointExtension>
        </extensions>
      </trkpt>
      <trkpt lat="31.02036760188639163970947265625" lon="121.42371282912790775299072265625">
        <ele>7.599999904632568359375</ele>
        <time>2026-06-02T12:26:21.000Z</time>
        <extensions>
          <ns3:TrackPointExtension>
            <ns3:hr>154</ns3:hr>
            <ns3:cad>53</ns3:cad>
          </ns3:TrackPointExtension>
        </extensions>
      </trkpt>
      <trkpt lat="31.02036743424832820892333984375" lon="121.4237239770591259002685546875">
        <ele>7.599999904632568359375</ele>
        <time>2026-06-02T12:26:22.000Z</time>
        <extensions>
          <ns3:TrackPointExtension>
            <ns3:hr>153</ns3:hr>
            <ns3:cad>53</ns3:cad>
          </ns3:TrackPointExtension>
        </extensions>
      </trkpt>
      <trkpt lat="31.0203676857054233551025390625" lon="121.4237367175519466400146484375">
        <ele>7.599999904632568359375</ele>
        <time>2026-06-02T12:26:23.000Z</time>
        <extensions>
          <ns3:TrackPointExtension>
            <ns3:hr>152</ns3:hr>
            <ns3:cad>53</ns3:cad>
          </ns3:TrackPointExtension>
        </extensions>
      </trkpt>
      <trkpt lat="31.02036751806735992431640625" lon="121.4237491227686405181884765625">
        <ele>7.599999904632568359375</ele>
        <time>2026-06-02T12:26:24.000Z</time>
        <extensions>
          <ns3:TrackPointExtension>
            <ns3:hr>151</ns3:hr>
            <ns3:cad>53</ns3:cad>
          </ns3:TrackPointExtension>
        </extensions>
      </trkpt>
      <trkpt lat="31.0203656740486621856689453125" lon="121.423762030899524688720703125">
        <ele>7.599999904632568359375</ele>
        <time>2026-06-02T12:26:25.000Z</time>
        <extensions>
          <ns3:TrackPointExtension>
            <ns3:hr>150</ns3:hr>
            <ns3:cad>53</ns3:cad>
          </ns3:TrackPointExtension>
        </extensions>
      </trkpt>
      <trkpt lat="31.02036609314382076263427734375" lon="121.423774100840091705322265625">
        <ele>7.599999904632568359375</ele>
        <time>2026-06-02T12:26:26.000Z</time>
        <extensions>
          <ns3:TrackPointExtension>
            <ns3:hr>149</ns3:hr>
            <ns3:cad>54</ns3:cad>
          </ns3:TrackPointExtension>
        </extensions>
      </trkpt>
      <trkpt lat="31.0203656740486621856689453125" lon="121.42378776334226131439208984375">
        <ele>7.599999904632568359375</ele>
        <time>2026-06-02T12:26:27.000Z</time>
        <extensions>
          <ns3:TrackPointExtension>
            <ns3:hr>148</ns3:hr>
            <ns3:cad>54</ns3:cad>
          </ns3:TrackPointExtension>
        </extensions>
      </trkpt>
      <trkpt lat="31.02036525495350360870361328125" lon="121.42379832454025745391845703125">
        <ele>7.599999904632568359375</ele>
        <time>2026-06-02T12:26:28.000Z</time>
        <extensions>
          <ns3:TrackPointExtension>
            <ns3:hr>147</ns3:hr>
            <ns3:cad>55</ns3:cad>
          </ns3:TrackPointExtension>
        </extensions>
      </trkpt>
      <trkpt lat="31.020365841686725616455078125" lon="121.42381290905177593231201171875">
        <ele>7.599999904632568359375</ele>
        <time>2026-06-02T12:26:29.000Z</time>
        <extensions>
          <ns3:TrackPointExtension>
            <ns3:hr>146</ns3:hr>
            <ns3:cad>55</ns3:cad>
          </ns3:TrackPointExtension>
        </extensions>
      </trkpt>
      <trkpt lat="31.0203700326383113861083984375" lon="121.42382347024977207183837890625">
        <ele>7.599999904632568359375</ele>
        <time>2026-06-02T12:26:30.000Z</time>
        <extensions>
          <ns3:TrackPointExtension>
            <ns3:hr>145</ns3:hr>
            <ns3:cad>55</ns3:cad>
          </ns3:TrackPointExtension>
        </extensions>
      </trkpt>
      <trkpt lat="31.020371876657009124755859375" lon="121.423833779990673065185546875">
        <ele>7.599999904632568359375</ele>
        <time>2026-06-02T12:26:31.000Z</time>
        <extensions>
          <ns3:TrackPointExtension>
            <ns3:hr>144</ns3:hr>
            <ns3:cad>55</ns3:cad>
          </ns3:TrackPointExtension>
        </extensions>
      </trkpt>
      <trkpt lat="31.02037380449473857879638671875" lon="121.42384283244609832763671875">
        <ele>7.599999904632568359375</ele>
        <time>2026-06-02T12:26:32.000Z</time>
        <extensions>
          <ns3:TrackPointExtension>
            <ns3:hr>144</ns3:hr>
            <ns3:cad>55</ns3:cad>
          </ns3:TrackPointExtension>
        </extensions>
      </trkpt>
      <trkpt lat="31.0203737206757068634033203125" lon="121.42385213635861873626708984375">
        <ele>7.599999904632568359375</ele>
        <time>2026-06-02T12:26:33.000Z</time>
        <extensions>
          <ns3:TrackPointExtension>
            <ns3:hr>143</ns3:hr>
            <ns3:cad>53</ns3:cad>
          </ns3:TrackPointExtension>
        </extensions>
      </trkpt>
      <trkpt lat="31.0203750617802143096923828125" lon="121.423862613737583160400390625">
        <ele>7.599999904632568359375</ele>
        <time>2026-06-02T12:26:34.000Z</time>
        <extensions>
          <ns3:TrackPointExtension>
            <ns3:hr>143</ns3:hr>
            <ns3:cad>53</ns3:cad>
          </ns3:TrackPointExtension>
        </extensions>
      </trkpt>
      <trkpt lat="31.0203762352466583251953125" lon="121.42387409694492816925048828125">
        <ele>7.599999904632568359375</ele>
        <time>2026-06-02T12:26:35.000Z</time>
        <extensions>
          <ns3:TrackPointExtension>
            <ns3:hr>143</ns3:hr>
            <ns3:cad>53</ns3:cad>
          </ns3:TrackPointExtension>
        </extensions>
      </trkpt>
      <trkpt lat="31.0203797556459903717041015625" lon="121.42388750799000263214111328125">
        <ele>7.599999904632568359375</ele>
        <time>2026-06-02T12:26:36.000Z</time>
        <extensions>
          <ns3:TrackPointExtension>
            <ns3:hr>142</ns3:hr>
            <ns3:cad>54</ns3:cad>
          </ns3:TrackPointExtension>
        </extensions>
      </trkpt>
      <trkpt lat="31.0203814320266246795654296875" lon="121.42390024848282337188720703125">
        <ele>7.599999904632568359375</ele>
        <time>2026-06-02T12:26:37.000Z</time>
        <extensions>
          <ns3:TrackPointExtension>
            <ns3:hr>142</ns3:hr>
            <ns3:cad>52</ns3:cad>
          </ns3:TrackPointExtension>
        </extensions>
      </trkpt>
      <trkpt lat="31.02038369514048099517822265625" lon="121.4239118993282318115234375">
        <ele>7.400000095367431640625</ele>
        <time>2026-06-02T12:26:38.000Z</time>
        <extensions>
          <ns3:TrackPointExtension>
            <ns3:hr>142</ns3:hr>
            <ns3:cad>52</ns3:cad>
          </ns3:TrackPointExtension>
        </extensions>
      </trkpt>
      <trkpt lat="31.02038671262562274932861328125" lon="121.4239231310784816741943359375">
        <ele>7.400000095367431640625</ele>
        <time>2026-06-02T12:26:39.000Z</time>
        <extensions>
          <ns3:TrackPointExtension>
            <ns3:hr>142</ns3:hr>
            <ns3:cad>52</ns3:cad>
          </ns3:TrackPointExtension>
        </extensions>
      </trkpt>
      <trkpt lat="31.02038956247270107269287109375" lon="121.42393059097230434417724609375">
        <ele>7.400000095367431640625</ele>
        <time>2026-06-02T12:26:40.000Z</time>
        <extensions>
          <ns3:TrackPointExtension>
            <ns3:hr>142</ns3:hr>
            <ns3:cad>0</ns3:cad>
          </ns3:TrackPointExtension>
        </extensions>
      </trkpt>
      <trkpt lat="31.020394004881381988525390625" lon="121.4239355362951755523681640625">
        <ele>7.19999980926513671875</ele>
        <time>2026-06-02T12:26:41.000Z</time>
        <extensions>
          <ns3:TrackPointExtension>
            <ns3:hr>142</ns3:hr>
            <ns3:cad>0</ns3:cad>
          </ns3:TrackPointExtension>
        </extensions>
      </trkpt>
      <trkpt lat="31.0204003751277923583984375" lon="121.42394249327480792999267578125">
        <ele>7.19999980926513671875</ele>
        <time>2026-06-02T12:26:42.000Z</time>
        <extensions>
          <ns3:TrackPointExtension>
            <ns3:hr>141</ns3:hr>
            <ns3:cad>0</ns3:cad>
          </ns3:TrackPointExtension>
        </extensions>
      </trkpt>
      <trkpt lat="31.020406074821949005126953125" lon="121.423951126635074615478515625">
        <ele>7.19999980926513671875</ele>
        <time>2026-06-02T12:26:43.000Z</time>
        <extensions>
          <ns3:TrackPointExtension>
            <ns3:hr>141</ns3:hr>
            <ns3:cad>50</ns3:cad>
          </ns3:TrackPointExtension>
        </extensions>
      </trkpt>
      <trkpt lat="31.0204111039638519287109375" lon="121.42396344803273677825927734375">
        <ele>7.19999980926513671875</ele>
        <time>2026-06-02T12:26:44.000Z</time>
        <extensions>
          <ns3:TrackPointExtension>
            <ns3:hr>141</ns3:hr>
            <ns3:cad>50</ns3:cad>
          </ns3:TrackPointExtension>
        </extensions>
      </trkpt>
      <trkpt lat="31.0204164683818817138671875" lon="121.4239771105349063873291015625">
        <ele>7.19999980926513671875</ele>
        <time>2026-06-02T12:26:45.000Z</time>
        <extensions>
          <ns3:TrackPointExtension>
            <ns3:hr>141</ns3:hr>
            <ns3:cad>51</ns3:cad>
          </ns3:TrackPointExtension>
        </extensions>
      </trkpt>
      <trkpt lat="31.02042258717119693756103515625" lon="121.42399110831320285797119140625">
        <ele>7.19999980926513671875</ele>
        <time>2026-06-02T12:26:46.000Z</time>
        <extensions>
          <ns3:TrackPointExtension>
            <ns3:hr>140</ns3:hr>
            <ns3:cad>51</ns3:cad>
          </ns3:TrackPointExtension>
        </extensions>
      </trkpt>
      <trkpt lat="31.0204277001321315765380859375" lon="121.42400166951119899749755859375">
        <ele>7.19999980926513671875</ele>
        <time>2026-06-02T12:26:47.000Z</time>
        <extensions>
          <ns3:TrackPointExtension>
            <ns3:hr>140</ns3:hr>
            <ns3:cad>51</ns3:cad>
          </ns3:TrackPointExtension>
        </extensions>
      </trkpt>
      <trkpt lat="31.02043457329273223876953125" lon="121.42401407472789287567138671875">
        <ele>7.19999980926513671875</ele>
        <time>2026-06-02T12:26:48.000Z</time>
        <extensions>
          <ns3:TrackPointExtension>
            <ns3:hr>140</ns3:hr>
            <ns3:cad>51</ns3:cad>
          </ns3:TrackPointExtension>
        </extensions>
      </trkpt>
      <trkpt lat="31.020441614091396331787109375" lon="121.42402446828782558441162109375">
        <ele>7.19999980926513671875</ele>
        <time>2026-06-02T12:26:49.000Z</time>
        <extensions>
          <ns3:TrackPointExtension>
            <ns3:hr>139</ns3:hr>
            <ns3:cad>54</ns3:cad>
          </ns3:TrackPointExtension>
        </extensions>
      </trkpt>
      <trkpt lat="31.02044664323329925537109375" lon="121.42403804697096347808837890625">
        <ele>7.19999980926513671875</ele>
        <time>2026-06-02T12:26:50.000Z</time>
        <extensions>
          <ns3:TrackPointExtension>
            <ns3:hr>137</ns3:hr>
            <ns3:cad>54</ns3:cad>
          </ns3:TrackPointExtension>
        </extensions>
      </trkpt>
      <trkpt lat="31.02045200765132904052734375" lon="121.424045003950595855712890625">
        <ele>7.19999980926513671875</ele>
        <time>2026-06-02T12:26:51.000Z</time>
        <extensions>
          <ns3:TrackPointExtension>
            <ns3:hr>136</ns3:hr>
            <ns3:cad>54</ns3:cad>
          </ns3:TrackPointExtension>
        </extensions>
      </trkpt>
      <trkpt lat="31.02045871317386627197265625" lon="121.42405346967279911041259765625">
        <ele>7.19999980926513671875</ele>
        <time>2026-06-02T12:26:52.000Z</time>
        <extensions>
          <ns3:TrackPointExtension>
            <ns3:hr>136</ns3:hr>
            <ns3:cad>54</ns3:cad>
          </ns3:TrackPointExtension>
        </extensions>
      </trkpt>
      <trkpt lat="31.02046483196318149566650390625" lon="121.42405916936695575714111328125">
        <ele>7.19999980926513671875</ele>
        <time>2026-06-02T12:26:53.000Z</time>
        <extensions>
          <ns3:TrackPointExtension>
            <ns3:hr>135</ns3:hr>
            <ns3:cad>54</ns3:cad>
          </ns3:TrackPointExtension>
        </extensions>
      </trkpt>
      <trkpt lat="31.02047287859022617340087890625" lon="121.42406604252755641937255859375">
        <ele>7.19999980926513671875</ele>
        <time>2026-06-02T12:26:54.000Z</time>
        <extensions>
          <ns3:TrackPointExtension>
            <ns3:hr>135</ns3:hr>
            <ns3:cad>54</ns3:cad>
          </ns3:TrackPointExtension>
        </extensions>
      </trkpt>
      <trkpt lat="31.02048092521727085113525390625" lon="121.4240755140781402587890625">
        <ele>7.19999980926513671875</ele>
        <time>2026-06-02T12:26:55.000Z</time>
        <extensions>
          <ns3:TrackPointExtension>
            <ns3:hr>135</ns3:hr>
            <ns3:cad>0</ns3:cad>
          </ns3:TrackPointExtension>
        </extensions>
      </trkpt>
      <trkpt lat="31.02048930712044239044189453125" lon="121.424089260399341583251953125">
        <ele>7.19999980926513671875</ele>
        <time>2026-06-02T12:26:56.000Z</time>
        <extensions>
          <ns3:TrackPointExtension>
            <ns3:hr>134</ns3:hr>
            <ns3:cad>0</ns3:cad>
          </ns3:TrackPointExtension>
        </extensions>
      </trkpt>
      <trkpt lat="31.0204987786710262298583984375" lon="121.4241025038063526153564453125">
        <ele>7.19999980926513671875</ele>
        <time>2026-06-02T12:26:57.000Z</time>
        <extensions>
          <ns3:TrackPointExtension>
            <ns3:hr>135</ns3:hr>
            <ns3:cad>0</ns3:cad>
          </ns3:TrackPointExtension>
        </extensions>
      </trkpt>
      <trkpt lat="31.02050959132611751556396484375" lon="121.424114741384983062744140625">
        <ele>7</ele>
        <time>2026-06-02T12:26:58.000Z</time>
        <extensions>
          <ns3:TrackPointExtension>
            <ns3:hr>134</ns3:hr>
            <ns3:cad>0</ns3:cad>
          </ns3:TrackPointExtension>
        </extensions>
      </trkpt>
      <trkpt lat="31.020522415637969970703125" lon="121.424126140773296356201171875">
        <ele>7</ele>
        <time>2026-06-02T12:26:59.000Z</time>
        <extensions>
          <ns3:TrackPointExtension>
            <ns3:hr>134</ns3:hr>
            <ns3:cad>0</ns3:cad>
          </ns3:TrackPointExtension>
        </extensions>
      </trkpt>
      <trkpt lat="31.02053222246468067169189453125" lon="121.4241356961429119110107421875">
        <ele>7</ele>
        <time>2026-06-02T12:27:00.000Z</time>
        <extensions>
          <ns3:TrackPointExtension>
            <ns3:hr>134</ns3:hr>
            <ns3:cad>0</ns3:cad>
          </ns3:TrackPointExtension>
        </extensions>
      </trkpt>
      <trkpt lat="31.0205413587391376495361328125" lon="121.42414449714124202728271484375">
        <ele>7</ele>
        <time>2026-06-02T12:27:01.000Z</time>
        <extensions>
          <ns3:TrackPointExtension>
            <ns3:hr>134</ns3:hr>
            <ns3:cad>53</ns3:cad>
          </ns3:TrackPointExtension>
        </extensions>
      </trkpt>
      <trkpt lat="31.020549573004245758056640625" lon="121.42415204085409641265869140625">
        <ele>7</ele>
        <time>2026-06-02T12:27:02.000Z</time>
        <extensions>
          <ns3:TrackPointExtension>
            <ns3:hr>134</ns3:hr>
            <ns3:cad>53</ns3:cad>
          </ns3:TrackPointExtension>
        </extensions>
      </trkpt>
      <trkpt lat="31.020556949079036712646484375" lon="121.4241578243672847747802734375">
        <ele>7</ele>
        <time>2026-06-02T12:27:03.000Z</time>
        <extensions>
          <ns3:TrackPointExtension>
            <ns3:hr>134</ns3:hr>
            <ns3:cad>53</ns3:cad>
          </ns3:TrackPointExtension>
        </extensions>
      </trkpt>
      <trkpt lat="31.02056357078254222869873046875" lon="121.424162685871124267578125">
        <ele>7</ele>
        <time>2026-06-02T12:27:04.000Z</time>
        <extensions>
          <ns3:TrackPointExtension>
            <ns3:hr>133</ns3:hr>
            <ns3:cad>54</ns3:cad>
          </ns3:TrackPointExtension>
        </extensions>
      </trkpt>
      <trkpt lat="31.02057379670441150665283203125" lon="121.42417165450751781463623046875">
        <ele>7</ele>
        <time>2026-06-02T12:27:05.000Z</time>
        <extensions>
          <ns3:TrackPointExtension>
            <ns3:hr>133</ns3:hr>
            <ns3:cad>55</ns3:cad>
          </ns3:TrackPointExtension>
        </extensions>
      </trkpt>
      <trkpt lat="31.02058016695082187652587890625" lon="121.42417500726878643035888671875">
        <ele>7.19999980926513671875</ele>
        <time>2026-06-02T12:27:06.000Z</time>
        <extensions>
          <ns3:TrackPointExtension>
            <ns3:hr>133</ns3:hr>
            <ns3:cad>55</ns3:cad>
          </ns3:TrackPointExtension>
        </extensions>
      </trkpt>
      <trkpt lat="31.0205896385014057159423828125" lon="121.424179784953594207763671875">
        <ele>7.19999980926513671875</ele>
        <time>2026-06-02T12:27:07.000Z</time>
        <extensions>
          <ns3:TrackPointExtension>
            <ns3:hr>133</ns3:hr>
            <ns3:cad>55</ns3:cad>
          </ns3:TrackPointExtension>
        </extensions>
      </trkpt>
      <trkpt lat="31.02060045115649700164794921875" lon="121.42418556846678256988525390625">
        <ele>7.19999980926513671875</ele>
        <time>2026-06-02T12:27:08.000Z</time>
        <extensions>
          <ns3:TrackPointExtension>
            <ns3:hr>134</ns3:hr>
            <ns3:cad>56</ns3:cad>
          </ns3:TrackPointExtension>
        </extensions>
      </trkpt>
      <trkpt lat="31.02061268873512744903564453125" lon="121.424191854894161224365234375">
        <ele>7.19999980926513671875</ele>
        <time>2026-06-02T12:27:09.000Z</time>
        <extensions>
          <ns3:TrackPointExtension>
            <ns3:hr>133</ns3:hr>
            <ns3:cad>56</ns3:cad>
          </ns3:TrackPointExtension>
        </extensions>
      </trkpt>
      <trkpt lat="31.02062308229506015777587890625" lon="121.4241988956928253173828125">
        <ele>7.19999980926513671875</ele>
        <time>2026-06-02T12:27:10.000Z</time>
        <extensions>
          <ns3:TrackPointExtension>
            <ns3:hr>133</ns3:hr>
            <ns3:cad>55</ns3:cad>
          </ns3:TrackPointExtension>
        </extensions>
      </trkpt>
      <trkpt lat="31.02063531987369060516357421875" lon="121.4242081157863140106201171875">
        <ele>7</ele>
        <time>2026-06-02T12:27:11.000Z</time>
        <extensions>
          <ns3:TrackPointExtension>
            <ns3:hr>133</ns3:hr>
            <ns3:cad>55</ns3:cad>
          </ns3:TrackPointExtension>
        </extensions>
      </trkpt>
      <trkpt lat="31.02064772509038448333740234375" lon="121.4242144860327243804931640625">
        <ele>7</ele>
        <time>2026-06-02T12:27:12.000Z</time>
        <extensions>
          <ns3:TrackPointExtension>
            <ns3:hr>134</ns3:hr>
            <ns3:cad>55</ns3:cad>
          </ns3:TrackPointExtension>
        </extensions>
      </trkpt>
      <trkpt lat="31.0206593759357929229736328125" lon="121.42422026954591274261474609375">
        <ele>7</ele>
        <time>2026-06-02T12:27:13.000Z</time>
        <extensions>
          <ns3:TrackPointExtension>
            <ns3:hr>133</ns3:hr>
            <ns3:cad>55</ns3:cad>
          </ns3:TrackPointExtension>
        </extensions>
      </trkpt>
      <trkpt lat="31.0206699371337890625" lon="121.42422529868781566619873046875">
        <ele>7.19999980926513671875</ele>
        <time>2026-06-02T12:27:14.000Z</time>
        <extensions>
          <ns3:TrackPointExtension>
            <ns3:hr>133</ns3:hr>
            <ns3:cad>55</ns3:cad>
          </ns3:TrackPointExtension>
        </extensions>
      </trkpt>
      <trkpt lat="31.02068058215081691741943359375" lon="121.42423083074390888214111328125">
        <ele>7.19999980926513671875</ele>
        <time>2026-06-02T12:27:15.000Z</time>
        <extensions>
          <ns3:TrackPointExtension>
            <ns3:hr>133</ns3:hr>
            <ns3:cad>55</ns3:cad>
          </ns3:TrackPointExtension>
        </extensions>
      </trkpt>
      <trkpt lat="31.02068712003529071807861328125" lon="121.4242309145629405975341796875">
        <ele>7.400000095367431640625</ele>
        <time>2026-06-02T12:27:16.000Z</time>
        <extensions>
          <ns3:TrackPointExtension>
            <ns3:hr>132</ns3:hr>
            <ns3:cad>55</ns3:cad>
          </ns3:TrackPointExtension>
        </extensions>
      </trkpt>
      <trkpt lat="31.02069583721458911895751953125" lon="121.4242322556674480438232421875">
        <ele>7.400000095367431640625</ele>
        <time>2026-06-02T12:27:17.000Z</time>
        <extensions>
          <ns3:TrackPointExtension>
            <ns3:hr>131</ns3:hr>
            <ns3:cad>55</ns3:cad>
          </ns3:TrackPointExtension>
        </extensions>
      </trkpt>
      <trkpt lat="31.02070354856550693511962890625" lon="121.424232758581638336181640625">
        <ele>7.400000095367431640625</ele>
        <time>2026-06-02T12:27:18.000Z</time>
        <extensions>
          <ns3:TrackPointExtension>
            <ns3:hr>130</ns3:hr>
            <ns3:cad>55</ns3:cad>
          </ns3:TrackPointExtension>
        </extensions>
      </trkpt>
      <trkpt lat="31.02071260102093219757080078125" lon="121.42423569224774837493896484375">
        <ele>7.19999980926513671875</ele>
        <time>2026-06-02T12:27:19.000Z</time>
        <extensions>
          <ns3:TrackPointExtension>
            <ns3:hr>129</ns3:hr>
            <ns3:cad>55</ns3:cad>
          </ns3:TrackPointExtension>
        </extensions>
      </trkpt>
      <trkpt lat="31.02072416804730892181396484375" lon="121.424237452447414398193359375">
        <ele>7.19999980926513671875</ele>
        <time>2026-06-02T12:27:20.000Z</time>
        <extensions>
          <ns3:TrackPointExtension>
            <ns3:hr>129</ns3:hr>
            <ns3:cad>53</ns3:cad>
          </ns3:TrackPointExtension>
        </extensions>
      </trkpt>
      <trkpt lat="31.020735986530780792236328125" lon="121.42424046993255615234375">
        <ele>7</ele>
        <time>2026-06-02T12:27:21.000Z</time>
        <extensions>
          <ns3:TrackPointExtension>
            <ns3:hr>129</ns3:hr>
            <ns3:cad>53</ns3:cad>
          </ns3:TrackPointExtension>
        </extensions>
      </trkpt>
      <trkpt lat="31.0207465477287769317626953125" lon="121.4242403022944927215576171875">
        <ele>7</ele>
        <time>2026-06-02T12:27:22.000Z</time>
        <extensions>
          <ns3:TrackPointExtension>
            <ns3:hr>129</ns3:hr>
            <ns3:cad>53</ns3:cad>
          </ns3:TrackPointExtension>
        </extensions>
      </trkpt>
      <trkpt lat="31.0207597911357879638671875" lon="121.42424005083739757537841796875">
        <ele>7</ele>
        <time>2026-06-02T12:27:23.000Z</time>
        <extensions>
          <ns3:TrackPointExtension>
            <ns3:hr>129</ns3:hr>
            <ns3:cad>53</ns3:cad>
          </ns3:TrackPointExtension>
        </extensions>
      </trkpt>
      <trkpt lat="31.02077110670506954193115234375" lon="121.424239464104175567626953125">
        <ele>7</ele>
        <time>2026-06-02T12:27:24.000Z</time>
        <extensions>
          <ns3:TrackPointExtension>
            <ns3:hr>129</ns3:hr>
            <ns3:cad>55</ns3:cad>
          </ns3:TrackPointExtension>
        </extensions>
      </trkpt>
      <trkpt lat="31.02078032679855823516845703125" lon="121.42423787154257297515869140625">
        <ele>7</ele>
        <time>2026-06-02T12:27:25.000Z</time>
        <extensions>
          <ns3:TrackPointExtension>
            <ns3:hr>129</ns3:hr>
            <ns3:cad>55</ns3:cad>
          </ns3:TrackPointExtension>
        </extensions>
      </trkpt>
      <trkpt lat="31.02078937925398349761962890625" lon="121.42423736862838268280029296875">
        <ele>7</ele>
        <time>2026-06-02T12:27:26.000Z</time>
        <extensions>
          <ns3:TrackPointExtension>
            <ns3:hr>128</ns3:hr>
            <ns3:cad>55</ns3:cad>
          </ns3:TrackPointExtension>
        </extensions>
      </trkpt>
      <trkpt lat="31.02079868316650390625" lon="121.4242379553616046905517578125">
        <ele>7</ele>
        <time>2026-06-02T12:27:27.000Z</time>
        <extensions>
          <ns3:TrackPointExtension>
            <ns3:hr>127</ns3:hr>
            <ns3:cad>55</ns3:cad>
          </ns3:TrackPointExtension>
        </extensions>
      </trkpt>
      <trkpt lat="31.0208058916032314300537109375" lon="121.42423845827579498291015625">
        <ele>7</ele>
        <time>2026-06-02T12:27:28.000Z</time>
        <extensions>
          <ns3:TrackPointExtension>
            <ns3:hr>127</ns3:hr>
            <ns3:cad>55</ns3:cad>
          </ns3:TrackPointExtension>
        </extensions>
      </trkpt>
      <trkpt lat="31.02081771008670330047607421875" lon="121.42423954792320728302001953125">
        <ele>7</ele>
        <time>2026-06-02T12:27:29.000Z</time>
        <extensions>
          <ns3:TrackPointExtension>
            <ns3:hr>127</ns3:hr>
            <ns3:cad>55</ns3:cad>
          </ns3:TrackPointExtension>
        </extensions>
      </trkpt>
      <trkpt lat="31.020833216607570648193359375" lon="121.42423938028514385223388671875">
        <ele>7</ele>
        <time>2026-06-02T12:27:30.000Z</time>
        <extensions>
          <ns3:TrackPointExtension>
            <ns3:hr>128</ns3:hr>
            <ns3:cad>55</ns3:cad>
          </ns3:TrackPointExtension>
        </extensions>
      </trkpt>
      <trkpt lat="31.020846627652645111083984375" lon="121.42423753626644611358642578125">
        <ele>7</ele>
        <time>2026-06-02T12:27:31.000Z</time>
        <extensions>
          <ns3:TrackPointExtension>
            <ns3:hr>127</ns3:hr>
            <ns3:cad>54</ns3:cad>
          </ns3:TrackPointExtension>
        </extensions>
      </trkpt>
      <trkpt lat="31.02086012251675128936767578125" lon="121.42423485405743122100830078125">
        <ele>7</ele>
        <time>2026-06-02T12:27:32.000Z</time>
        <extensions>
          <ns3:TrackPointExtension>
            <ns3:hr>127</ns3:hr>
            <ns3:cad>54</ns3:cad>
          </ns3:TrackPointExtension>
        </extensions>
      </trkpt>
      <trkpt lat="31.02087286300957202911376953125" lon="121.42423183657228946685791015625">
        <ele>7</ele>
        <time>2026-06-02T12:27:33.000Z</time>
        <extensions>
          <ns3:TrackPointExtension>
            <ns3:hr>127</ns3:hr>
            <ns3:cad>54</ns3:cad>
          </ns3:TrackPointExtension>
        </extensions>
      </trkpt>
      <trkpt lat="31.02088174782693386077880859375" lon="121.42422974109649658203125">
        <ele>7</ele>
        <time>2026-06-02T12:27:34.000Z</time>
        <extensions>
          <ns3:TrackPointExtension>
            <ns3:hr>128</ns3:hr>
            <ns3:cad>54</ns3:cad>
          </ns3:TrackPointExtension>
        </extensions>
      </trkpt>
      <trkpt lat="31.020888201892375946044921875" lon="121.4242275618016719818115234375">
        <ele>7</ele>
        <time>2026-06-02T12:27:35.000Z</time>
        <extensions>
          <ns3:TrackPointExtension>
            <ns3:hr>128</ns3:hr>
            <ns3:cad>53</ns3:cad>
          </ns3:TrackPointExtension>
        </extensions>
      </trkpt>
      <trkpt lat="31.0208927281200885772705078125" lon="121.42422446049749851226806640625">
        <ele>7</ele>
        <time>2026-06-02T12:27:36.000Z</time>
        <extensions>
          <ns3:TrackPointExtension>
            <ns3:hr>129</ns3:hr>
            <ns3:cad>53</ns3:cad>
          </ns3:TrackPointExtension>
        </extensions>
      </trkpt>
      <trkpt lat="31.02089918218553066253662109375" lon="121.4242221973836421966552734375">
        <ele>7</ele>
        <time>2026-06-02T12:27:37.000Z</time>
        <extensions>
          <ns3:TrackPointExtension>
            <ns3:hr>129</ns3:hr>
            <ns3:cad>53</ns3:cad>
          </ns3:TrackPointExtension>
        </extensions>
      </trkpt>
      <trkpt lat="31.0209054686129093170166015625" lon="121.42422110773622989654541015625">
        <ele>7</ele>
        <time>2026-06-02T12:27:38.000Z</time>
        <extensions>
          <ns3:TrackPointExtension>
            <ns3:hr>129</ns3:hr>
            <ns3:cad>53</ns3:cad>
          </ns3:TrackPointExtension>
        </extensions>
      </trkpt>
      <trkpt lat="31.0209145210683345794677734375" lon="121.42422177828848361968994140625">
        <ele>7</ele>
        <time>2026-06-02T12:27:39.000Z</time>
        <extensions>
          <ns3:TrackPointExtension>
            <ns3:hr>129</ns3:hr>
            <ns3:cad>53</ns3:cad>
          </ns3:TrackPointExtension>
        </extensions>
      </trkpt>
      <trkpt lat="31.0209260880947113037109375" lon="121.42421741969883441925048828125">
        <ele>7</ele>
        <time>2026-06-02T12:27:40.000Z</time>
        <extensions>
          <ns3:TrackPointExtension>
            <ns3:hr>128</ns3:hr>
            <ns3:cad>53</ns3:cad>
          </ns3:TrackPointExtension>
        </extensions>
      </trkpt>
      <trkpt lat="31.02093539200723171234130859375" lon="121.4242141507565975189208984375">
        <ele>7</ele>
        <time>2026-06-02T12:27:41.000Z</time>
        <extensions>
          <ns3:TrackPointExtension>
            <ns3:hr>127</ns3:hr>
            <ns3:cad>53</ns3:cad>
          </ns3:TrackPointExtension>
        </extensions>
      </trkpt>
      <trkpt lat="31.0209416784346103668212890625" lon="121.42421356402337551116943359375">
        <ele>7</ele>
        <time>2026-06-02T12:27:42.000Z</time>
        <extensions>
          <ns3:TrackPointExtension>
            <ns3:hr>127</ns3:hr>
            <ns3:cad>52</ns3:cad>
          </ns3:TrackPointExtension>
        </extensions>
      </trkpt>
      <trkpt lat="31.02094427682459354400634765625" lon="121.42421524040400981903076171875">
        <ele>7</ele>
        <time>2026-06-02T12:27:43.000Z</time>
        <extensions>
          <ns3:TrackPointExtension>
            <ns3:hr>127</ns3:hr>
            <ns3:cad>52</ns3:cad>
          </ns3:TrackPointExtension>
        </extensions>
      </trkpt>
      <trkpt lat="31.02094545029103755950927734375" lon="121.4242134802043437957763671875">
        <ele>7.19999980926513671875</ele>
        <time>2026-06-02T12:27:44.000Z</time>
        <extensions>
          <ns3:TrackPointExtension>
            <ns3:hr>126</ns3:hr>
            <ns3:cad>52</ns3:cad>
          </ns3:TrackPointExtension>
        </extensions>
      </trkpt>
      <trkpt lat="31.0209460370242595672607421875" lon="121.42421222291886806488037109375">
        <ele>7</ele>
        <time>2026-06-02T12:27:45.000Z</time>
        <extensions>
          <ns3:TrackPointExtension>
            <ns3:hr>125</ns3:hr>
            <ns3:cad>52</ns3:cad>
          </ns3:TrackPointExtension>
        </extensions>
      </trkpt>
      <trkpt lat="31.02094712667167186737060546875" lon="121.42420970834791660308837890625">
        <ele>6.80000019073486328125</ele>
        <time>2026-06-02T12:27:46.000Z</time>
        <extensions>
          <ns3:TrackPointExtension>
            <ns3:hr>124</ns3:hr>
            <ns3:cad>52</ns3:cad>
          </ns3:TrackPointExtension>
        </extensions>
      </trkpt>
      <trkpt lat="31.0209470428526401519775390625" lon="121.42421071417629718780517578125">
        <ele>6.599999904632568359375</ele>
        <time>2026-06-02T12:27:47.000Z</time>
        <extensions>
          <ns3:TrackPointExtension>
            <ns3:hr>124</ns3:hr>
            <ns3:cad>0</ns3:cad>
          </ns3:TrackPointExtension>
        </extensions>
      </trkpt>
      <trkpt lat="31.0209443606436252593994140625" lon="121.42420970834791660308837890625">
        <ele>6.19999980926513671875</ele>
        <time>2026-06-02T12:27:48.000Z</time>
        <extensions>
          <ns3:TrackPointExtension>
            <ns3:hr>123</ns3:hr>
            <ns3:cad>0</ns3:cad>
          </ns3:TrackPointExtension>
        </extensions>
      </trkpt>
      <trkpt lat="31.02094058878719806671142578125" lon="121.424213312566280364990234375">
        <ele>6</ele>
        <time>2026-06-02T12:27:49.000Z</time>
        <extensions>
          <ns3:TrackPointExtension>
            <ns3:hr>123</ns3:hr>
            <ns3:cad>0</ns3:cad>
          </ns3:TrackPointExtension>
        </extensions>
      </trkpt>
      <trkpt lat="31.02093807421624660491943359375" lon="121.4242148213088512420654296875">
        <ele>5.80000019073486328125</ele>
        <time>2026-06-02T12:27:50.000Z</time>
        <extensions>
          <ns3:TrackPointExtension>
            <ns3:hr>123</ns3:hr>
            <ns3:cad>0</ns3:cad>
          </ns3:TrackPointExtension>
        </extensions>
      </trkpt>
      <trkpt lat="31.02093807421624660491943359375" lon="121.42421490512788295745849609375">
        <ele>5.80000019073486328125</ele>
        <time>2026-06-02T12:27:51.000Z</time>
        <extensions>
          <ns3:TrackPointExtension>
            <ns3:hr>124</ns3:hr>
            <ns3:cad>0</ns3:cad>
          </ns3:TrackPointExtension>
        </extensions>
      </trkpt>
      <trkpt lat="31.02093941532075405120849609375" lon="121.42421490512788295745849609375">
        <ele>6</ele>
        <time>2026-06-02T12:27:52.000Z</time>
        <extensions>
          <ns3:TrackPointExtension>
            <ns3:hr>124</ns3:hr>
            <ns3:cad>0</ns3:cad>
          </ns3:TrackPointExtension>
        </extensions>
      </trkpt>
      <trkpt lat="31.02094243280589580535888671875" lon="121.4242175035178661346435546875">
        <ele>6</ele>
        <time>2026-06-02T12:27:53.000Z</time>
        <extensions>
          <ns3:TrackPointExtension>
            <ns3:hr>124</ns3:hr>
            <ns3:cad>0</ns3:cad>
          </ns3:TrackPointExtension>
        </extensions>
      </trkpt>
      <trkpt lat="31.020944528281688690185546875" lon="121.4242195151746273040771484375">
        <ele>6</ele>
        <time>2026-06-02T12:27:54.000Z</time>
        <extensions>
          <ns3:TrackPointExtension>
            <ns3:hr>125</ns3:hr>
            <ns3:cad>0</ns3:cad>
          </ns3:TrackPointExtension>
        </extensions>
      </trkpt>
      <trkpt lat="31.02094545029103755950927734375" lon="121.424215994775295257568359375">
        <ele>6</ele>
        <time>2026-06-02T12:27:55.000Z</time>
        <extensions>
          <ns3:TrackPointExtension>
            <ns3:hr>126</ns3:hr>
            <ns3:cad>0</ns3:cad>
          </ns3:TrackPointExtension>
        </extensions>
      </trkpt>
      <trkpt lat="31.02094545029103755950927734375" lon="121.4242158271372318267822265625">
        <ele>6</ele>
        <time>2026-06-02T12:27:56.000Z</time>
        <extensions>
          <ns3:TrackPointExtension>
            <ns3:hr>126</ns3:hr>
            <ns3:cad>0</ns3:cad>
          </ns3:TrackPointExtension>
        </extensions>
      </trkpt>
      <trkpt lat="31.02094545029103755950927734375" lon="121.4242158271372318267822265625">
        <ele>6</ele>
        <time>2026-06-02T12:27:57.000Z</time>
        <extensions>
          <ns3:TrackPointExtension>
            <ns3:hr>126</ns3:hr>
            <ns3:cad>0</ns3:cad>
          </ns3:TrackPointExtension>
        </extensions>
      </trkpt>
      <trkpt lat="31.02094545029103755950927734375" lon="121.4242158271372318267822265625">
        <ele>6</ele>
        <time>2026-06-02T12:27:58.000Z</time>
        <extensions>
          <ns3:TrackPointExtension>
            <ns3:hr>126</ns3:hr>
            <ns3:cad>0</ns3:cad>
          </ns3:TrackPointExtension>
        </extensions>
      </trkpt>
      <trkpt lat="31.02094545029103755950927734375" lon="121.4242158271372318267822265625">
        <ele>6.19999980926513671875</ele>
        <time>2026-06-02T12:27:59.000Z</time>
        <extensions>
          <ns3:TrackPointExtension>
            <ns3:hr>126</ns3:hr>
            <ns3:cad>0</ns3:cad>
          </ns3:TrackPointExtension>
        </extensions>
      </trkpt>
      <trkpt lat="31.02094628848135471343994140625" lon="121.4242151565849781036376953125">
        <ele>6.400000095367431640625</ele>
        <time>2026-06-02T12:28:00.000Z</time>
        <extensions>
          <ns3:TrackPointExtension>
            <ns3:hr>126</ns3:hr>
            <ns3:cad>0</ns3:cad>
          </ns3:TrackPointExtension>
        </extensions>
      </trkpt>
      <trkpt lat="31.02094427682459354400634765625" lon="121.4242138154804706573486328125">
        <ele>6.599999904632568359375</ele>
        <time>2026-06-02T12:28:01.000Z</time>
        <extensions>
          <ns3:TrackPointExtension>
            <ns3:hr>126</ns3:hr>
            <ns3:cad>0</ns3:cad>
          </ns3:TrackPointExtension>
        </extensions>
      </trkpt>
      <trkpt lat="31.02094444446265697479248046875" lon="121.424218676984310150146484375">
        <ele>7</ele>
        <time>2026-06-02T12:28:02.000Z</time>
        <extensions>
          <ns3:TrackPointExtension>
            <ns3:hr>125</ns3:hr>
            <ns3:cad>0</ns3:cad>
          </ns3:TrackPointExtension>
        </extensions>
      </trkpt>
      <trkpt lat="31.02094293572008609771728515625" lon="121.4242208562791347503662109375">
        <ele>7</ele>
        <time>2026-06-02T12:28:03.000Z</time>
        <extensions>
          <ns3:TrackPointExtension>
            <ns3:hr>125</ns3:hr>
            <ns3:cad>0</ns3:cad>
          </ns3:TrackPointExtension>
        </extensions>
      </trkpt>
      <trkpt lat="31.02093882858753204345703125" lon="121.42422094009816646575927734375">
        <ele>7</ele>
        <time>2026-06-02T12:28:04.000Z</time>
        <extensions>
          <ns3:TrackPointExtension>
            <ns3:hr>125</ns3:hr>
            <ns3:cad>0</ns3:cad>
          </ns3:TrackPointExtension>
        </extensions>
      </trkpt>
      <trkpt lat="31.0209341347217559814453125" lon="121.42422077246010303497314453125">
        <ele>7</ele>
        <time>2026-06-02T12:28:05.000Z</time>
        <extensions>
          <ns3:TrackPointExtension>
            <ns3:hr>126</ns3:hr>
            <ns3:cad>0</ns3:cad>
          </ns3:TrackPointExtension>
        </extensions>
      </trkpt>
      <trkpt lat="31.020930446684360504150390625" lon="121.42421825788915157318115234375">
        <ele>7</ele>
        <time>2026-06-02T12:28:06.000Z</time>
        <extensions>
          <ns3:TrackPointExtension>
            <ns3:hr>126</ns3:hr>
            <ns3:cad>0</ns3:cad>
          </ns3:TrackPointExtension>
        </extensions>
      </trkpt>
      <trkpt lat="31.020930446684360504150390625" lon="121.4242131449282169342041015625">
        <ele>7</ele>
        <time>2026-06-02T12:28:07.000Z</time>
        <extensions>
          <ns3:TrackPointExtension>
            <ns3:hr>126</ns3:hr>
            <ns3:cad>0</ns3:cad>
          </ns3:TrackPointExtension>
        </extensions>
      </trkpt>
      <trkpt lat="31.02092935703694820404052734375" lon="121.42421255819499492645263671875">
        <ele>7</ele>
        <time>2026-06-02T12:28:08.000Z</time>
        <extensions>
          <ns3:TrackPointExtension>
            <ns3:hr>126</ns3:hr>
            <ns3:cad>0</ns3:cad>
          </ns3:TrackPointExtension>
        </extensions>
      </trkpt>
      <trkpt lat="31.0209292732179164886474609375" lon="121.42421255819499492645263671875">
        <ele>7</ele>
        <time>2026-06-02T12:28:09.000Z</time>
        <extensions>
          <ns3:TrackPointExtension>
            <ns3:hr>125</ns3:hr>
            <ns3:cad>0</ns3:cad>
          </ns3:TrackPointExtension>
        </extensions>
      </trkpt>
      <trkpt lat="31.0209292732179164886474609375" lon="121.42421255819499492645263671875">
        <ele>7</ele>
        <time>2026-06-02T12:28:10.000Z</time>
        <extensions>
          <ns3:TrackPointExtension>
            <ns3:hr>123</ns3:hr>
            <ns3:cad>0</ns3:cad>
          </ns3:TrackPointExtension>
        </extensions>
      </trkpt>
      <trkpt lat="31.02093270979821681976318359375" lon="121.42421431839466094970703125">
        <ele>7</ele>
        <time>2026-06-02T12:28:11.000Z</time>
        <extensions>
          <ns3:TrackPointExtension>
            <ns3:hr>124</ns3:hr>
            <ns3:cad>0</ns3:cad>
          </ns3:TrackPointExtension>
        </extensions>
      </trkpt>
      <trkpt lat="31.02094109170138835906982421875" lon="121.424210965633392333984375">
        <ele>7</ele>
        <time>2026-06-02T12:28:12.000Z</time>
        <extensions>
          <ns3:TrackPointExtension>
            <ns3:hr>124</ns3:hr>
            <ns3:cad>0</ns3:cad>
          </ns3:TrackPointExtension>
        </extensions>
      </trkpt>
      <trkpt lat="31.02094394154846668243408203125" lon="121.42420618794858455657958984375">
        <ele>7</ele>
        <time>2026-06-02T12:28:13.000Z</time>
        <extensions>
          <ns3:TrackPointExtension>
            <ns3:hr>125</ns3:hr>
            <ns3:cad>0</ns3:cad>
          </ns3:TrackPointExtension>
        </extensions>
      </trkpt>
      <trkpt lat="31.0209520719945430755615234375" lon="121.424209289252758026123046875">
        <ele>6.80000019073486328125</ele>
        <time>2026-06-02T12:28:14.000Z</time>
        <extensions>
          <ns3:TrackPointExtension>
            <ns3:hr>125</ns3:hr>
            <ns3:cad>44</ns3:cad>
          </ns3:TrackPointExtension>
        </extensions>
      </trkpt>
      <trkpt lat="31.02095626294612884521484375" lon="121.424202583730220794677734375">
        <ele>6.80000019073486328125</ele>
        <time>2026-06-02T12:28:15.000Z</time>
        <extensions>
          <ns3:TrackPointExtension>
            <ns3:hr>126</ns3:hr>
            <ns3:cad>44</ns3:cad>
          </ns3:TrackPointExtension>
        </extensions>
      </trkpt>
      <trkpt lat="31.0209517367184162139892578125" lon="121.4241997338831424713134765625">
        <ele>6.80000019073486328125</ele>
        <time>2026-06-02T12:28:16.000Z</time>
        <extensions>
          <ns3:TrackPointExtension>
            <ns3:hr>126</ns3:hr>
            <ns3:cad>0</ns3:cad>
          </ns3:TrackPointExtension>
        </extensions>
      </trkpt>
      <trkpt lat="31.02095148526132106781005859375" lon="121.42419680021703243255615234375">
        <ele>6.80000019073486328125</ele>
        <time>2026-06-02T12:28:17.000Z</time>
        <extensions>
          <ns3:TrackPointExtension>
            <ns3:hr>126</ns3:hr>
            <ns3:cad>0</ns3:cad>
          </ns3:TrackPointExtension>
        </extensions>
      </trkpt>
      <trkpt lat="31.02094880305230617523193359375" lon="121.42419797368347644805908203125">
        <ele>6.80000019073486328125</ele>
        <time>2026-06-02T12:28:18.000Z</time>
        <extensions>
          <ns3:TrackPointExtension>
            <ns3:hr>126</ns3:hr>
            <ns3:cad>0</ns3:cad>
          </ns3:TrackPointExtension>
        </extensions>
      </trkpt>
      <trkpt lat="31.0209470428526401519775390625" lon="121.42420836724340915679931640625">
        <ele>6.599999904632568359375</ele>
        <time>2026-06-02T12:28:19.000Z</time>
        <extensions>
          <ns3:TrackPointExtension>
            <ns3:hr>126</ns3:hr>
            <ns3:cad>0</ns3:cad>
          </ns3:TrackPointExtension>
        </extensions>
      </trkpt>
      <trkpt lat="31.0209473781287670135498046875" lon="121.4242096245288848876953125">
        <ele>6.599999904632568359375</ele>
        <time>2026-06-02T12:28:20.000Z</time>
        <extensions>
          <ns3:TrackPointExtension>
            <ns3:hr>126</ns3:hr>
            <ns3:cad>47</ns3:cad>
          </ns3:TrackPointExtension>
        </extensions>
      </trkpt>
      <trkpt lat="31.020949892699718475341796875" lon="121.4242149889469146728515625">
        <ele>6.400000095367431640625</ele>
        <time>2026-06-02T12:28:21.000Z</time>
        <extensions>
          <ns3:TrackPointExtension>
            <ns3:hr>127</ns3:hr>
            <ns3:cad>47</ns3:cad>
          </ns3:TrackPointExtension>
        </extensions>
      </trkpt>
      <trkpt lat="31.02095265872776508331298828125" lon="121.42421842552721500396728515625">
        <ele>6.599999904632568359375</ele>
        <time>2026-06-02T12:28:22.000Z</time>
        <extensions>
          <ns3:TrackPointExtension>
            <ns3:hr>127</ns3:hr>
            <ns3:cad>47</ns3:cad>
          </ns3:TrackPointExtension>
        </extensions>
      </trkpt>
      <trkpt lat="31.02095626294612884521484375" lon="121.4242148213088512420654296875">
        <ele>6.599999904632568359375</ele>
        <time>2026-06-02T12:28:23.000Z</time>
        <extensions>
          <ns3:TrackPointExtension>
            <ns3:hr>128</ns3:hr>
            <ns3:cad>0</ns3:cad>
          </ns3:TrackPointExtension>
        </extensions>
      </trkpt>
      <trkpt lat="31.02095701731741428375244140625" lon="121.42420819960534572601318359375">
        <ele>6.80000019073486328125</ele>
        <time>2026-06-02T12:28:24.000Z</time>
        <extensions>
          <ns3:TrackPointExtension>
            <ns3:hr>128</ns3:hr>
            <ns3:cad>0</ns3:cad>
          </ns3:TrackPointExtension>
        </extensions>
      </trkpt>
      <trkpt lat="31.0209527425467967987060546875" lon="121.42420358955860137939453125">
        <ele>6.80000019073486328125</ele>
        <time>2026-06-02T12:28:25.000Z</time>
        <extensions>
          <ns3:TrackPointExtension>
            <ns3:hr>127</ns3:hr>
            <ns3:cad>0</ns3:cad>
          </ns3:TrackPointExtension>
        </extensions>
      </trkpt>
      <trkpt lat="31.02094746194779872894287109375" lon="121.42420358955860137939453125">
        <ele>6.80000019073486328125</ele>
        <time>2026-06-02T12:28:26.000Z</time>
        <extensions>
          <ns3:TrackPointExtension>
            <ns3:hr>127</ns3:hr>
            <ns3:cad>0</ns3:cad>
          </ns3:TrackPointExtension>
        </extensions>
      </trkpt>
      <trkpt lat="31.020939834415912628173828125" lon="121.424205265939235687255859375">
        <ele>6.80000019073486328125</ele>
        <time>2026-06-02T12:28:27.000Z</time>
        <extensions>
          <ns3:TrackPointExtension>
            <ns3:hr>127</ns3:hr>
            <ns3:cad>0</ns3:cad>
          </ns3:TrackPointExtension>
        </extensions>
      </trkpt>
      <trkpt lat="31.02093421854078769683837890625" lon="121.4242067746818065643310546875">
        <ele>6.80000019073486328125</ele>
        <time>2026-06-02T12:28:28.000Z</time>
        <extensions>
          <ns3:TrackPointExtension>
            <ns3:hr>126</ns3:hr>
            <ns3:cad>0</ns3:cad>
          </ns3:TrackPointExtension>
        </extensions>
      </trkpt>
      <trkpt lat="31.02092952467501163482666015625" lon="121.4242050983011722564697265625">
        <ele>6.80000019073486328125</ele>
        <time>2026-06-02T12:28:29.000Z</time>
        <extensions>
          <ns3:TrackPointExtension>
            <ns3:hr>125</ns3:hr>
            <ns3:cad>0</ns3:cad>
          </ns3:TrackPointExtension>
        </extensions>
      </trkpt>
      <trkpt lat="31.020925752818584442138671875" lon="121.424205936491489410400390625">
        <ele>6.80000019073486328125</ele>
        <time>2026-06-02T12:28:30.000Z</time>
        <extensions>
          <ns3:TrackPointExtension>
            <ns3:hr>125</ns3:hr>
            <ns3:cad>0</ns3:cad>
          </ns3:TrackPointExtension>
        </extensions>
      </trkpt>
      <trkpt lat="31.02092784829437732696533203125" lon="121.42421373166143894195556640625">
        <ele>6.80000019073486328125</ele>
        <time>2026-06-02T12:28:31.000Z</time>
        <extensions>
          <ns3:TrackPointExtension>
            <ns3:hr>124</ns3:hr>
            <ns3:cad>0</ns3:cad>
          </ns3:TrackPointExtension>
        </extensions>
      </trkpt>
      <trkpt lat="31.0209329612553119659423828125" lon="121.42422010190784931182861328125">
        <ele>6.80000019073486328125</ele>
        <time>2026-06-02T12:28:32.000Z</time>
        <extensions>
          <ns3:TrackPointExtension>
            <ns3:hr>123</ns3:hr>
            <ns3:cad>0</ns3:cad>
          </ns3:TrackPointExtension>
        </extensions>
      </trkpt>
      <trkpt lat="31.0209383256733417510986328125" lon="121.4242185093462467193603515625">
        <ele>6.80000019073486328125</ele>
        <time>2026-06-02T12:28:33.000Z</time>
        <extensions>
          <ns3:TrackPointExtension>
            <ns3:hr>123</ns3:hr>
            <ns3:cad>0</ns3:cad>
          </ns3:TrackPointExtension>
        </extensions>
      </trkpt>
      <trkpt lat="31.0209329612553119659423828125" lon="121.42421373166143894195556640625">
        <ele>6.80000019073486328125</ele>
        <time>2026-06-02T12:28:34.000Z</time>
        <extensions>
          <ns3:TrackPointExtension>
            <ns3:hr>123</ns3:hr>
            <ns3:cad>0</ns3:cad>
          </ns3:TrackPointExtension>
        </extensions>
      </trkpt>
      <trkpt lat="31.02093807421624660491943359375" lon="121.4242123067378997802734375">
        <ele>6.80000019073486328125</ele>
        <time>2026-06-02T12:28:35.000Z</time>
        <extensions>
          <ns3:TrackPointExtension>
            <ns3:hr>122</ns3:hr>
            <ns3:cad>0</ns3:cad>
          </ns3:TrackPointExtension>
        </extensions>
      </trkpt>
      <trkpt lat="31.0209421813488006591796875" lon="121.42421205528080463409423828125">
        <ele>6.80000019073486328125</ele>
        <time>2026-06-02T12:28:36.000Z</time>
        <extensions>
          <ns3:TrackPointExtension>
            <ns3:hr>121</ns3:hr>
            <ns3:cad>0</ns3:cad>
          </ns3:TrackPointExtension>
        </extensions>
      </trkpt>
      <trkpt lat="31.02094377391040325164794921875" lon="121.4242101274430751800537109375">
        <ele>6.599999904632568359375</ele>
        <time>2026-06-02T12:28:37.000Z</time>
        <extensions>
          <ns3:TrackPointExtension>
            <ns3:hr>121</ns3:hr>
            <ns3:cad>0</ns3:cad>
          </ns3:TrackPointExtension>
        </extensions>
      </trkpt>
      <trkpt lat="31.0209426842629909515380859375" lon="121.42420903779566287994384765625">
        <ele>6.599999904632568359375</ele>
        <time>2026-06-02T12:28:38.000Z</time>
        <extensions>
          <ns3:TrackPointExtension>
            <ns3:hr>120</ns3:hr>
            <ns3:cad>0</ns3:cad>
          </ns3:TrackPointExtension>
        </extensions>
      </trkpt>
      <trkpt lat="31.020942516624927520751953125" lon="121.42420903779566287994384765625">
        <ele>6.400000095367431640625</ele>
        <time>2026-06-02T12:28:39.000Z</time>
        <extensions>
          <ns3:TrackPointExtension>
            <ns3:hr>120</ns3:hr>
            <ns3:cad>0</ns3:cad>
          </ns3:TrackPointExtension>
        </extensions>
      </trkpt>
      <trkpt lat="31.020942516624927520751953125" lon="121.4242091216146945953369140625">
        <ele>6.400000095367431640625</ele>
        <time>2026-06-02T12:28:40.000Z</time>
        <extensions>
          <ns3:TrackPointExtension>
            <ns3:hr>121</ns3:hr>
            <ns3:cad>0</ns3:cad>
          </ns3:TrackPointExtension>
        </extensions>
      </trkpt>
      <trkpt lat="31.020942516624927520751953125" lon="121.42420903779566287994384765625">
        <ele>6.400000095367431640625</ele>
        <time>2026-06-02T12:28:41.000Z</time>
        <extensions>
          <ns3:TrackPointExtension>
            <ns3:hr>121</ns3:hr>
            <ns3:cad>0</ns3:cad>
          </ns3:TrackPointExtension>
        </extensions>
      </trkpt>
      <trkpt lat="31.020942516624927520751953125" lon="121.42420903779566287994384765625">
        <ele>6.599999904632568359375</ele>
        <time>2026-06-02T12:28:42.000Z</time>
        <extensions>
          <ns3:TrackPointExtension>
            <ns3:hr>121</ns3:hr>
            <ns3:cad>0</ns3:cad>
          </ns3:TrackPointExtension>
        </extensions>
      </trkpt>
      <trkpt lat="31.020942516624927520751953125" lon="121.42420903779566287994384765625">
        <ele>6.400000095367431640625</ele>
        <time>2026-06-02T12:28:43.000Z</time>
        <extensions>
          <ns3:TrackPointExtension>
            <ns3:hr>121</ns3:hr>
            <ns3:cad>0</ns3:cad>
          </ns3:TrackPointExtension>
        </extensions>
      </trkpt>
      <trkpt lat="31.020942516624927520751953125" lon="121.42420903779566287994384765625">
        <ele>6.400000095367431640625</ele>
        <time>2026-06-02T12:28:44.000Z</time>
        <extensions>
          <ns3:TrackPointExtension>
            <ns3:hr>122</ns3:hr>
            <ns3:cad>0</ns3:cad>
          </ns3:TrackPointExtension>
        </extensions>
      </trkpt>
      <trkpt lat="31.020942516624927520751953125" lon="121.42420903779566287994384765625">
        <ele>6.19999980926513671875</ele>
        <time>2026-06-02T12:28:45.000Z</time>
        <extensions>
          <ns3:TrackPointExtension>
            <ns3:hr>122</ns3:hr>
            <ns3:cad>0</ns3:cad>
          </ns3:TrackPointExtension>
        </extensions>
      </trkpt>
      <trkpt lat="31.02094276808202266693115234375" lon="121.42420954070985317230224609375">
        <ele>6.19999980926513671875</ele>
        <time>2026-06-02T12:28:46.000Z</time>
        <extensions>
          <ns3:TrackPointExtension>
            <ns3:hr>122</ns3:hr>
            <ns3:cad>0</ns3:cad>
          </ns3:TrackPointExtension>
        </extensions>
      </trkpt>
      <trkpt lat="31.02098199538886547088623046875" lon="121.4241906814277172088623046875">
        <ele>6</ele>
        <time>2026-06-02T12:28:47.000Z</time>
        <extensions>
          <ns3:TrackPointExtension>
            <ns3:hr>122</ns3:hr>
            <ns3:cad>0</ns3:cad>
          </ns3:TrackPointExtension>
        </extensions>
      </trkpt>
      <trkpt lat="31.02103312499821186065673828125" lon="121.42416712827980518341064453125">
        <ele>5.80000019073486328125</ele>
        <time>2026-06-02T12:28:48.000Z</time>
        <extensions>
          <ns3:TrackPointExtension>
            <ns3:hr>122</ns3:hr>
            <ns3:cad>0</ns3:cad>
          </ns3:TrackPointExtension>
        </extensions>
      </trkpt>
      <trkpt lat="31.021096408367156982421875" lon="121.42414147965610027313232421875">
        <ele>5.400000095367431640625</ele>
        <time>2026-06-02T12:28:49.000Z</time>
        <extensions>
          <ns3:TrackPointExtension>
            <ns3:hr>122</ns3:hr>
            <ns3:cad>0</ns3:cad>
          </ns3:TrackPointExtension>
        </extensions>
      </trkpt>
      <trkpt lat="31.021160781383514404296875" lon="121.42411105334758758544921875">
        <ele>5.19999980926513671875</ele>
        <time>2026-06-02T12:28:50.000Z</time>
        <extensions>
          <ns3:TrackPointExtension>
            <ns3:hr>121</ns3:hr>
            <ns3:cad>0</ns3:cad>
          </ns3:TrackPointExtension>
        </extensions>
      </trkpt>
      <trkpt lat="31.02122314274311065673828125" lon="121.42408330924808979034423828125">
        <ele>5</ele>
        <time>2026-06-02T12:28:51.000Z</time>
        <extensions>
          <ns3:TrackPointExtension>
            <ns3:hr>121</ns3:hr>
            <ns3:cad>0</ns3:cad>
          </ns3:TrackPointExtension>
        </extensions>
      </trkpt>
      <trkpt lat="31.0212856717407703399658203125" lon="121.42405749298632144927978515625">
        <ele>5</ele>
        <time>2026-06-02T12:28:52.000Z</time>
        <extensions>
          <ns3:TrackPointExtension>
            <ns3:hr>122</ns3:hr>
            <ns3:cad>113</ns3:cad>
          </ns3:TrackPointExtension>
        </extensions>
      </trkpt>
      <trkpt lat="31.0213456861674785614013671875" lon="121.4240304194390773773193359375">
        <ele>5.80000019073486328125</ele>
        <time>2026-06-02T12:28:53.000Z</time>
        <extensions>
          <ns3:TrackPointExtension>
            <ns3:hr>123</ns3:hr>
            <ns3:cad>113</ns3:cad>
          </ns3:TrackPointExtension>
        </extensions>
      </trkpt>
      <trkpt lat="31.02139958180487155914306640625" lon="121.4240049384534358978271484375">
        <ele>6</ele>
        <time>2026-06-02T12:28:54.000Z</time>
        <extensions>
          <ns3:TrackPointExtension>
            <ns3:hr>124</ns3:hr>
            <ns3:cad>117</ns3:cad>
          </ns3:TrackPointExtension>
        </extensions>
      </trkpt>
      <trkpt lat="31.02145758457481861114501953125" lon="121.42398105002939701080322265625">
        <ele>5.80000019073486328125</ele>
        <time>2026-06-02T12:28:55.000Z</time>
        <extensions>
          <ns3:TrackPointExtension>
            <ns3:hr>125</ns3:hr>
            <ns3:cad>117</ns3:cad>
          </ns3:TrackPointExtension>
        </extensions>
      </trkpt>
      <trkpt lat="31.0215059481561183929443359375" lon="121.4239603467285633087158203125">
        <ele>6</ele>
        <time>2026-06-02T12:28:56.000Z</time>
        <extensions>
          <ns3:TrackPointExtension>
            <ns3:hr>126</ns3:hr>
            <ns3:cad>117</ns3:cad>
          </ns3:TrackPointExtension>
        </extensions>
      </trkpt>
      <trkpt lat="31.021552383899688720703125" lon="121.4239440858364105224609375">
        <ele>6.19999980926513671875</ele>
        <time>2026-06-02T12:28:57.000Z</time>
        <extensions>
          <ns3:TrackPointExtension>
            <ns3:hr>127</ns3:hr>
            <ns3:cad>117</ns3:cad>
          </ns3:TrackPointExtension>
        </extensions>
      </trkpt>
      <trkpt lat="31.0215924493968486785888671875" lon="121.42392807640135288238525390625">
        <ele>6.19999980926513671875</ele>
        <time>2026-06-02T12:28:58.000Z</time>
        <extensions>
          <ns3:TrackPointExtension>
            <ns3:hr>129</ns3:hr>
            <ns3:cad>117</ns3:cad>
          </ns3:TrackPointExtension>
        </extensions>
      </trkpt>
      <trkpt lat="31.0216316767036914825439453125" lon="121.42391466535627841949462890625">
        <ele>6.19999980926513671875</ele>
        <time>2026-06-02T12:28:59.000Z</time>
        <extensions>
          <ns3:TrackPointExtension>
            <ns3:hr>130</ns3:hr>
            <ns3:cad>117</ns3:cad>
          </ns3:TrackPointExtension>
        </extensions>
      </trkpt>
      <trkpt lat="31.021662689745426177978515625" lon="121.42390226013958454132080078125">
        <ele>6.19999980926513671875</ele>
        <time>2026-06-02T12:29:00.000Z</time>
        <extensions>
          <ns3:TrackPointExtension>
            <ns3:hr>131</ns3:hr>
            <ns3:cad>88</ns3:cad>
          </ns3:TrackPointExtension>
        </extensions>
      </trkpt>
      <trkpt lat="31.02168791927397251129150390625" lon="121.42388977110385894775390625">
        <ele>6.400000095367431640625</ele>
        <time>2026-06-02T12:29:01.000Z</time>
        <extensions>
          <ns3:TrackPointExtension>
            <ns3:hr>133</ns3:hr>
            <ns3:cad>88</ns3:cad>
          </ns3:TrackPointExtension>
        </extensions>
      </trkpt>
      <trkpt lat="31.021712981164455413818359375" lon="121.42387107945978641510009765625">
        <ele>6.599999904632568359375</ele>
        <time>2026-06-02T12:29:02.000Z</time>
        <extensions>
          <ns3:TrackPointExtension>
            <ns3:hr>134</ns3:hr>
            <ns3:cad>88</ns3:cad>
          </ns3:TrackPointExtension>
        </extensions>
      </trkpt>
      <trkpt lat="31.02173217572271823883056640625" lon="121.423853896558284759521484375">
        <ele>6.599999904632568359375</ele>
        <time>2026-06-02T12:29:03.000Z</time>
        <extensions>
          <ns3:TrackPointExtension>
            <ns3:hr>135</ns3:hr>
            <ns3:cad>88</ns3:cad>
          </ns3:TrackPointExtension>
        </extensions>
      </trkpt>
      <trkpt lat="31.02175262756645679473876953125" lon="121.4238295890390872955322265625">
        <ele>6.599999904632568359375</ele>
        <time>2026-06-02T12:29:04.000Z</time>
        <extensions>
          <ns3:TrackPointExtension>
            <ns3:hr>136</ns3:hr>
            <ns3:cad>83</ns3:cad>
          </ns3:TrackPointExtension>
        </extensions>
      </trkpt>
      <trkpt lat="31.02177374996244907379150390625" lon="121.42380653880536556243896484375">
        <ele>6.599999904632568359375</ele>
        <time>2026-06-02T12:29:05.000Z</time>
        <extensions>
          <ns3:TrackPointExtension>
            <ns3:hr>137</ns3:hr>
            <ns3:cad>83</ns3:cad>
          </ns3:TrackPointExtension>
        </extensions>
      </trkpt>
      <trkpt lat="31.0217869095504283905029296875" lon="121.42378340475261211395263671875">
        <ele>6.599999904632568359375</ele>
        <time>2026-06-02T12:29:06.000Z</time>
        <extensions>
          <ns3:TrackPointExtension>
            <ns3:hr>138</ns3:hr>
            <ns3:cad>83</ns3:cad>
          </ns3:TrackPointExtension>
        </extensions>
      </trkpt>
      <trkpt lat="31.021809540688991546630859375" lon="121.4237611927092075347900390625">
        <ele>6.400000095367431640625</ele>
        <time>2026-06-02T12:29:07.000Z</time>
        <extensions>
          <ns3:TrackPointExtension>
            <ns3:hr>139</ns3:hr>
            <ns3:cad>83</ns3:cad>
          </ns3:TrackPointExtension>
        </extensions>
      </trkpt>
      <trkpt lat="31.02181985042989253997802734375" lon="121.42374048940837383270263671875">
        <ele>6.400000095367431640625</ele>
        <time>2026-06-02T12:29:08.000Z</time>
        <extensions>
          <ns3:TrackPointExtension>
            <ns3:hr>139</ns3:hr>
            <ns3:cad>82</ns3:cad>
          </ns3:TrackPointExtension>
        </extensions>
      </trkpt>
      <trkpt lat="31.02183594368398189544677734375" lon="121.42371517606079578399658203125">
        <ele>6.400000095367431640625</ele>
        <time>2026-06-02T12:29:09.000Z</time>
        <extensions>
          <ns3:TrackPointExtension>
            <ns3:hr>140</ns3:hr>
            <ns3:cad>82</ns3:cad>
          </ns3:TrackPointExtension>
        </extensions>
      </trkpt>
      <trkpt lat="31.021850109100341796875" lon="121.42369355075061321258544921875">
        <ele>6.400000095367431640625</ele>
        <time>2026-06-02T12:29:10.000Z</time>
        <extensions>
          <ns3:TrackPointExtension>
            <ns3:hr>141</ns3:hr>
            <ns3:cad>82</ns3:cad>
          </ns3:TrackPointExtension>
        </extensions>
      </trkpt>
      <trkpt lat="31.02185589261353015899658203125" lon="121.423671506345272064208984375">
        <ele>6.599999904632568359375</ele>
        <time>2026-06-02T12:29:11.000Z</time>
        <extensions>
          <ns3:TrackPointExtension>
            <ns3:hr>142</ns3:hr>
            <ns3:cad>82</ns3:cad>
          </ns3:TrackPointExtension>
        </extensions>
      </trkpt>
      <trkpt lat="31.0218693874776363372802734375" lon="121.4236425049602985382080078125">
        <ele>6.599999904632568359375</ele>
        <time>2026-06-02T12:29:12.000Z</time>
        <extensions>
          <ns3:TrackPointExtension>
            <ns3:hr>142</ns3:hr>
            <ns3:cad>81</ns3:cad>
          </ns3:TrackPointExtension>
        </extensions>
      </trkpt>
      <trkpt lat="31.02187835611402988433837890625" lon="121.423613168299198150634765625">
        <ele>6.599999904632568359375</ele>
        <time>2026-06-02T12:29:13.000Z</time>
        <extensions>
          <ns3:TrackPointExtension>
            <ns3:hr>143</ns3:hr>
            <ns3:cad>81</ns3:cad>
          </ns3:TrackPointExtension>
        </extensions>
      </trkpt>
      <trkpt lat="31.02188707329332828521728515625" lon="121.42358810640871524810791015625">
        <ele>6.599999904632568359375</ele>
        <time>2026-06-02T12:29:14.000Z</time>
        <extensions>
          <ns3:TrackPointExtension>
            <ns3:hr>143</ns3:hr>
            <ns3:cad>82</ns3:cad>
          </ns3:TrackPointExtension>
        </extensions>
      </trkpt>
      <trkpt lat="31.02189637720584869384765625" lon="121.4235560037195682525634765625">
        <ele>6.599999904632568359375</ele>
        <time>2026-06-02T12:29:15.000Z</time>
        <extensions>
          <ns3:TrackPointExtension>
            <ns3:hr>144</ns3:hr>
            <ns3:cad>82</ns3:cad>
          </ns3:TrackPointExtension>
        </extensions>
      </trkpt>
      <trkpt lat="31.02189679630100727081298828125" lon="121.42352809198200702667236328125">
        <ele>6.599999904632568359375</ele>
        <time>2026-06-02T12:29:16.000Z</time>
        <extensions>
          <ns3:TrackPointExtension>
            <ns3:hr>144</ns3:hr>
            <ns3:cad>83</ns3:cad>
          </ns3:TrackPointExtension>
        </extensions>
      </trkpt>
      <trkpt lat="31.02190040051937103271484375" lon="121.423492133617401123046875">
        <ele>6.599999904632568359375</ele>
        <time>2026-06-02T12:29:17.000Z</time>
        <extensions>
          <ns3:TrackPointExtension>
            <ns3:hr>145</ns3:hr>
            <ns3:cad>82</ns3:cad>
          </ns3:TrackPointExtension>
        </extensions>
      </trkpt>
      <trkpt lat="31.021901406347751617431640625" lon="121.42346388660371303558349609375">
        <ele>6.80000019073486328125</ele>
        <time>2026-06-02T12:29:18.000Z</time>
        <extensions>
          <ns3:TrackPointExtension>
            <ns3:hr>145</ns3:hr>
            <ns3:cad>82</ns3:cad>
          </ns3:TrackPointExtension>
        </extensions>
      </trkpt>
      <trkpt lat="31.02189847268164157867431640625" lon="121.423434801399707794189453125">
        <ele>6.599999904632568359375</ele>
        <time>2026-06-02T12:29:19.000Z</time>
        <extensions>
          <ns3:TrackPointExtension>
            <ns3:hr>146</ns3:hr>
            <ns3:cad>83</ns3:cad>
          </ns3:TrackPointExtension>
        </extensions>
      </trkpt>
      <trkpt lat="31.0218988917768001556396484375" lon="121.42340504564344882965087890625">
        <ele>6.599999904632568359375</ele>
        <time>2026-06-02T12:29:20.000Z</time>
        <extensions>
          <ns3:TrackPointExtension>
            <ns3:hr>146</ns3:hr>
            <ns3:cad>83</ns3:cad>
          </ns3:TrackPointExtension>
        </extensions>
      </trkpt>
      <trkpt lat="31.02189579047262668609619140625" lon="121.4233816601336002349853515625">
        <ele>6.599999904632568359375</ele>
        <time>2026-06-02T12:29:21.000Z</time>
        <extensions>
          <ns3:TrackPointExtension>
            <ns3:hr>147</ns3:hr>
            <ns3:cad>84</ns3:cad>
          </ns3:TrackPointExtension>
        </extensions>
      </trkpt>
      <trkpt lat="31.02188757620751857757568359375" lon="121.42334871925413608551025390625">
        <ele>6.599999904632568359375</ele>
        <time>2026-06-02T12:29:22.000Z</time>
        <extensions>
          <ns3:TrackPointExtension>
            <ns3:hr>148</ns3:hr>
            <ns3:cad>84</ns3:cad>
          </ns3:TrackPointExtension>
        </extensions>
      </trkpt>
      <trkpt lat="31.02187894284725189208984375" lon="121.4233246631920337677001953125">
        <ele>6.599999904632568359375</ele>
        <time>2026-06-02T12:29:23.000Z</time>
        <extensions>
          <ns3:TrackPointExtension>
            <ns3:hr>148</ns3:hr>
            <ns3:cad>84</ns3:cad>
          </ns3:TrackPointExtension>
        </extensions>
      </trkpt>
      <trkpt lat="31.02186963893473148345947265625" lon="121.42329624854028224945068359375">
        <ele>6.599999904632568359375</ele>
        <time>2026-06-02T12:29:24.000Z</time>
        <extensions>
          <ns3:TrackPointExtension>
            <ns3:hr>149</ns3:hr>
            <ns3:cad>84</ns3:cad>
          </ns3:TrackPointExtension>
        </extensions>
      </trkpt>
      <trkpt lat="31.02186175994575023651123046875" lon="121.423267833888530731201171875">
        <ele>6.599999904632568359375</ele>
        <time>2026-06-02T12:29:25.000Z</time>
        <extensions>
          <ns3:TrackPointExtension>
            <ns3:hr>150</ns3:hr>
            <ns3:cad>84</ns3:cad>
          </ns3:TrackPointExtension>
        </extensions>
      </trkpt>
      <trkpt lat="31.0218516178429126739501953125" lon="121.4232445321977138519287109375">
        <ele>6.599999904632568359375</ele>
        <time>2026-06-02T12:29:26.000Z</time>
        <extensions>
          <ns3:TrackPointExtension>
            <ns3:hr>150</ns3:hr>
            <ns3:cad>84</ns3:cad>
          </ns3:TrackPointExtension>
        </extensions>
      </trkpt>
      <trkpt lat="31.021841056644916534423828125" lon="121.4232143573462963104248046875">
        <ele>6.599999904632568359375</ele>
        <time>2026-06-02T12:29:27.000Z</time>
        <extensions>
          <ns3:TrackPointExtension>
            <ns3:hr>151</ns3:hr>
            <ns3:cad>84</ns3:cad>
          </ns3:TrackPointExtension>
        </extensions>
      </trkpt>
      <trkpt lat="31.0218271426856517791748046875" lon="121.42319315113127231597900390625">
        <ele>6.599999904632568359375</ele>
        <time>2026-06-02T12:29:28.000Z</time>
        <extensions>
          <ns3:TrackPointExtension>
            <ns3:hr>151</ns3:hr>
            <ns3:cad>84</ns3:cad>
          </ns3:TrackPointExtension>
        </extensions>
      </trkpt>
      <trkpt lat="31.02181163616478443145751953125" lon="121.42316817305982112884521484375">
        <ele>6.80000019073486328125</ele>
        <time>2026-06-02T12:29:29.000Z</time>
        <extensions>
          <ns3:TrackPointExtension>
            <ns3:hr>152</ns3:hr>
            <ns3:cad>84</ns3:cad>
          </ns3:TrackPointExtension>
        </extensions>
      </trkpt>
      <trkpt lat="31.0217969678342342376708984375" lon="121.4231412671506404876708984375">
        <ele>6.599999904632568359375</ele>
        <time>2026-06-02T12:29:30.000Z</time>
        <extensions>
          <ns3:TrackPointExtension>
            <ns3:hr>155</ns3:hr>
            <ns3:cad>84</ns3:cad>
          </ns3:TrackPointExtension>
        </extensions>
      </trkpt>
      <trkpt lat="31.0217805393040180206298828125" lon="121.42312140204012393951416015625">
        <ele>6.599999904632568359375</ele>
        <time>2026-06-02T12:29:31.000Z</time>
        <extensions>
          <ns3:TrackPointExtension>
            <ns3:hr>159</ns3:hr>
            <ns3:cad>84</ns3:cad>
          </ns3:TrackPointExtension>
        </extensions>
      </trkpt>
      <trkpt lat="31.0217614285647869110107421875" lon="121.4230956695973873138427734375">
        <ele>6.599999904632568359375</ele>
        <time>2026-06-02T12:29:32.000Z</time>
        <extensions>
          <ns3:TrackPointExtension>
            <ns3:hr>161</ns3:hr>
            <ns3:cad>84</ns3:cad>
          </ns3:TrackPointExtension>
        </extensions>
      </trkpt>
      <trkpt lat="31.0217466764152050018310546875" lon="121.42307982780039310455322265625">
        <ele>6.599999904632568359375</ele>
        <time>2026-06-02T12:29:33.000Z</time>
        <extensions>
          <ns3:TrackPointExtension>
            <ns3:hr>161</ns3:hr>
            <ns3:cad>84</ns3:cad>
          </ns3:TrackPointExtension>
        </extensions>
      </trkpt>
      <trkpt lat="31.0217242129147052764892578125" lon="121.4230584539473056793212890625">
        <ele>6.599999904632568359375</ele>
        <time>2026-06-02T12:29:34.000Z</time>
        <extensions>
          <ns3:TrackPointExtension>
            <ns3:hr>162</ns3:hr>
            <ns3:cad>84</ns3:cad>
          </ns3:TrackPointExtension>
        </extensions>
      </trkpt>
      <trkpt lat="31.0217064432799816131591796875" lon="121.42304311506450176239013671875">
        <ele>6.599999904632568359375</ele>
        <time>2026-06-02T12:29:35.000Z</time>
        <extensions>
          <ns3:TrackPointExtension>
            <ns3:hr>162</ns3:hr>
            <ns3:cad>86</ns3:cad>
          </ns3:TrackPointExtension>
        </extensions>
      </trkpt>
      <trkpt lat="31.0216863267123699188232421875" lon="121.423024423420429229736328125">
        <ele>6.400000095367431640625</ele>
        <time>2026-06-02T12:29:36.000Z</time>
        <extensions>
          <ns3:TrackPointExtension>
            <ns3:hr>161</ns3:hr>
            <ns3:cad>86</ns3:cad>
          </ns3:TrackPointExtension>
        </extensions>
      </trkpt>
      <trkpt lat="31.02166361175477504730224609375" lon="121.4230053126811981201171875">
        <ele>6.400000095367431640625</ele>
        <time>2026-06-02T12:29:37.000Z</time>
        <extensions>
          <ns3:TrackPointExtension>
            <ns3:hr>161</ns3:hr>
            <ns3:cad>86</ns3:cad>
          </ns3:TrackPointExtension>
        </extensions>
      </trkpt>
      <trkpt lat="31.0216422379016876220703125" lon="121.42299332655966281890869140625">
        <ele>6.400000095367431640625</ele>
        <time>2026-06-02T12:29:38.000Z</time>
        <extensions>
          <ns3:TrackPointExtension>
            <ns3:hr>161</ns3:hr>
            <ns3:cad>85</ns3:cad>
          </ns3:TrackPointExtension>
        </extensions>
      </trkpt>
      <trkpt lat="31.0216115601360797882080078125" lon="121.4229799993336200714111328125">
        <ele>6.400000095367431640625</ele>
        <time>2026-06-02T12:29:39.000Z</time>
        <extensions>
          <ns3:TrackPointExtension>
            <ns3:hr>162</ns3:hr>
            <ns3:cad>85</ns3:cad>
          </ns3:TrackPointExtension>
        </extensions>
      </trkpt>
      <trkpt lat="31.0215867497026920318603515625" lon="121.42297572456300258636474609375">
        <ele>6.400000095367431640625</ele>
        <time>2026-06-02T12:29:40.000Z</time>
        <extensions>
          <ns3:TrackPointExtension>
            <ns3:hr>161</ns3:hr>
            <ns3:cad>85</ns3:cad>
          </ns3:TrackPointExtension>
        </extensions>
      </trkpt>
      <trkpt lat="31.0215555690228939056396484375" lon="121.422969438135623931884765625">
        <ele>6.400000095367431640625</ele>
        <time>2026-06-02T12:29:41.000Z</time>
        <extensions>
          <ns3:TrackPointExtension>
            <ns3:hr>161</ns3:hr>
            <ns3:cad>85</ns3:cad>
          </ns3:TrackPointExtension>
        </extensions>
      </trkpt>
      <trkpt lat="31.02152891457080841064453125" lon="121.42296633683145046234130859375">
        <ele>6.400000095367431640625</ele>
        <time>2026-06-02T12:29:42.000Z</time>
        <extensions>
          <ns3:TrackPointExtension>
            <ns3:hr>161</ns3:hr>
            <ns3:cad>85</ns3:cad>
          </ns3:TrackPointExtension>
        </extensions>
      </trkpt>
      <trkpt lat="31.02149999700486660003662109375" lon="121.42296767793595790863037109375">
        <ele>6.400000095367431640625</ele>
        <time>2026-06-02T12:29:43.000Z</time>
        <extensions>
          <ns3:TrackPointExtension>
            <ns3:hr>162</ns3:hr>
            <ns3:cad>86</ns3:cad>
          </ns3:TrackPointExtension>
        </extensions>
      </trkpt>
      <trkpt lat="31.02146797813475131988525390625" lon="121.4229677617549896240234375">
        <ele>6.400000095367431640625</ele>
        <time>2026-06-02T12:29:44.000Z</time>
        <extensions>
          <ns3:TrackPointExtension>
            <ns3:hr>162</ns3:hr>
            <ns3:cad>86</ns3:cad>
          </ns3:TrackPointExtension>
        </extensions>
      </trkpt>
      <trkpt lat="31.02144333533942699432373046875" lon="121.4229739643633365631103515625">
        <ele>6.400000095367431640625</ele>
        <time>2026-06-02T12:29:45.000Z</time>
        <extensions>
          <ns3:TrackPointExtension>
            <ns3:hr>161</ns3:hr>
            <ns3:cad>86</ns3:cad>
          </ns3:TrackPointExtension>
        </extensions>
      </trkpt>
      <trkpt lat="31.02140846662223339080810546875" lon="121.42297388054430484771728515625">
        <ele>6.400000095367431640625</ele>
        <time>2026-06-02T12:29:46.000Z</time>
        <extensions>
          <ns3:TrackPointExtension>
            <ns3:hr>161</ns3:hr>
            <ns3:cad>85</ns3:cad>
          </ns3:TrackPointExtension>
        </extensions>
      </trkpt>
      <trkpt lat="31.02138399146497249603271484375" lon="121.422982849180698394775390625">
        <ele>6.599999904632568359375</ele>
        <time>2026-06-02T12:29:47.000Z</time>
        <extensions>
          <ns3:TrackPointExtension>
            <ns3:hr>161</ns3:hr>
            <ns3:cad>85</ns3:cad>
          </ns3:TrackPointExtension>
        </extensions>
      </trkpt>
      <trkpt lat="31.0213624499738216400146484375" lon="121.422996930778026580810546875">
        <ele>6.80000019073486328125</ele>
        <time>2026-06-02T12:29:48.000Z</time>
        <extensions>
          <ns3:TrackPointExtension>
            <ns3:hr>161</ns3:hr>
            <ns3:cad>85</ns3:cad>
          </ns3:TrackPointExtension>
        </extensions>
      </trkpt>
      <trkpt lat="31.02133386768400669097900390625" lon="121.42300707288086414337158203125">
        <ele>6.80000019073486328125</ele>
        <time>2026-06-02T12:29:49.000Z</time>
        <extensions>
          <ns3:TrackPointExtension>
            <ns3:hr>161</ns3:hr>
            <ns3:cad>85</ns3:cad>
          </ns3:TrackPointExtension>
        </extensions>
      </trkpt>
      <trkpt lat="31.021313332021236419677734375" lon="121.42302098684012889862060546875">
        <ele>6.599999904632568359375</ele>
        <time>2026-06-02T12:29:50.000Z</time>
        <extensions>
          <ns3:TrackPointExtension>
            <ns3:hr>161</ns3:hr>
            <ns3:cad>84</ns3:cad>
          </ns3:TrackPointExtension>
        </extensions>
      </trkpt>
      <trkpt lat="31.02128684520721435546875" lon="121.4230346493422985076904296875">
        <ele>6.599999904632568359375</ele>
        <time>2026-06-02T12:29:51.000Z</time>
        <extensions>
          <ns3:TrackPointExtension>
            <ns3:hr>161</ns3:hr>
            <ns3:cad>84</ns3:cad>
          </ns3:TrackPointExtension>
        </extensions>
      </trkpt>
      <trkpt lat="31.0212672315537929534912109375" lon="121.423044539988040924072265625">
        <ele>6.400000095367431640625</ele>
        <time>2026-06-02T12:29:52.000Z</time>
        <extensions>
          <ns3:TrackPointExtension>
            <ns3:hr>161</ns3:hr>
            <ns3:cad>84</ns3:cad>
          </ns3:TrackPointExtension>
        </extensions>
      </trkpt>
      <trkpt lat="31.021245606243610382080078125" lon="121.423057615756988525390625">
        <ele>6.19999980926513671875</ele>
        <time>2026-06-02T12:29:53.000Z</time>
        <extensions>
          <ns3:TrackPointExtension>
            <ns3:hr>161</ns3:hr>
            <ns3:cad>84</ns3:cad>
          </ns3:TrackPointExtension>
        </extensions>
      </trkpt>
      <trkpt lat="31.02122155018150806427001953125" lon="121.4230691827833652496337890625">
        <ele>6.19999980926513671875</ele>
        <time>2026-06-02T12:29:54.000Z</time>
        <extensions>
          <ns3:TrackPointExtension>
            <ns3:hr>161</ns3:hr>
            <ns3:cad>84</ns3:cad>
          </ns3:TrackPointExtension>
        </extensions>
      </trkpt>
      <trkpt lat="31.0212031938135623931884765625" lon="121.42308066599071025848388671875">
        <ele>6.19999980926513671875</ele>
        <time>2026-06-02T12:29:55.000Z</time>
        <extensions>
          <ns3:TrackPointExtension>
            <ns3:hr>161</ns3:hr>
            <ns3:cad>84</ns3:cad>
          </ns3:TrackPointExtension>
        </extensions>
      </trkpt>
      <trkpt lat="31.02117729373276233673095703125" lon="121.42308686859905719757080078125">
        <ele>6.400000095367431640625</ele>
        <time>2026-06-02T12:29:56.000Z</time>
        <extensions>
          <ns3:TrackPointExtension>
            <ns3:hr>162</ns3:hr>
            <ns3:cad>84</ns3:cad>
          </ns3:TrackPointExtension>
        </extensions>
      </trkpt>
      <trkpt lat="31.02115533314645290374755859375" lon="121.423095501959323883056640625">
        <ele>6.400000095367431640625</ele>
        <time>2026-06-02T12:29:57.000Z</time>
        <extensions>
          <ns3:TrackPointExtension>
            <ns3:hr>161</ns3:hr>
            <ns3:cad>84</ns3:cad>
          </ns3:TrackPointExtension>
        </extensions>
      </trkpt>
      <trkpt lat="31.021127589046955108642578125" lon="121.4231023751199245452880859375">
        <ele>6.400000095367431640625</ele>
        <time>2026-06-02T12:29:58.000Z</time>
        <extensions>
          <ns3:TrackPointExtension>
            <ns3:hr>161</ns3:hr>
            <ns3:cad>85</ns3:cad>
          </ns3:TrackPointExtension>
        </extensions>
      </trkpt>
      <trkpt lat="31.02110336534678936004638671875" lon="121.4231117628514766693115234375">
        <ele>6.400000095367431640625</ele>
        <time>2026-06-02T12:29:59.000Z</time>
        <extensions>
          <ns3:TrackPointExtension>
            <ns3:hr>161</ns3:hr>
            <ns3:cad>85</ns3:cad>
          </ns3:TrackPointExtension>
        </extensions>
      </trkpt>
      <trkpt lat="31.021081991493701934814453125" lon="121.42312400043010711669921875">
        <ele>6.19999980926513671875</ele>
        <time>2026-06-02T12:30:00.000Z</time>
        <extensions>
          <ns3:TrackPointExtension>
            <ns3:hr>161</ns3:hr>
            <ns3:cad>85</ns3:cad>
          </ns3:TrackPointExtension>
        </extensions>
      </trkpt>
      <trkpt lat="31.02105726487934589385986328125" lon="121.423135064542293548583984375">
        <ele>6.19999980926513671875</ele>
        <time>2026-06-02T12:30:01.000Z</time>
        <extensions>
          <ns3:TrackPointExtension>
            <ns3:hr>160</ns3:hr>
            <ns3:cad>85</ns3:cad>
          </ns3:TrackPointExtension>
        </extensions>
      </trkpt>
      <trkpt lat="31.02103597484529018402099609375" lon="121.423146463930606842041015625">
        <ele>6.19999980926513671875</ele>
        <time>2026-06-02T12:30:02.000Z</time>
        <extensions>
          <ns3:TrackPointExtension>
            <ns3:hr>161</ns3:hr>
            <ns3:cad>85</ns3:cad>
          </ns3:TrackPointExtension>
        </extensions>
      </trkpt>
      <trkpt lat="31.0210070572793483734130859375" lon="121.4231553487479686737060546875">
        <ele>6.19999980926513671875</ele>
        <time>2026-06-02T12:30:03.000Z</time>
        <extensions>
          <ns3:TrackPointExtension>
            <ns3:hr>160</ns3:hr>
            <ns3:cad>86</ns3:cad>
          </ns3:TrackPointExtension>
        </extensions>
      </trkpt>
      <trkpt lat="31.02098450995981693267822265625" lon="121.4231690950691699981689453125">
        <ele>6.19999980926513671875</ele>
        <time>2026-06-02T12:30:04.000Z</time>
        <extensions>
          <ns3:TrackPointExtension>
            <ns3:hr>160</ns3:hr>
            <ns3:cad>86</ns3:cad>
          </ns3:TrackPointExtension>
        </extensions>
      </trkpt>
      <trkpt lat="31.02095735259354114532470703125" lon="121.4231784828007221221923828125">
        <ele>6.400000095367431640625</ele>
        <time>2026-06-02T12:30:05.000Z</time>
        <extensions>
          <ns3:TrackPointExtension>
            <ns3:hr>160</ns3:hr>
            <ns3:cad>85</ns3:cad>
          </ns3:TrackPointExtension>
        </extensions>
      </trkpt>
      <trkpt lat="31.02093220688402652740478515625" lon="121.4231871999800205230712890625">
        <ele>6.400000095367431640625</ele>
        <time>2026-06-02T12:30:06.000Z</time>
        <extensions>
          <ns3:TrackPointExtension>
            <ns3:hr>160</ns3:hr>
            <ns3:cad>85</ns3:cad>
          </ns3:TrackPointExtension>
        </extensions>
      </trkpt>
      <trkpt lat="31.0209101624786853790283203125" lon="121.42320052720606327056884765625">
        <ele>6.400000095367431640625</ele>
        <time>2026-06-02T12:30:07.000Z</time>
        <extensions>
          <ns3:TrackPointExtension>
            <ns3:hr>161</ns3:hr>
            <ns3:cad>85</ns3:cad>
          </ns3:TrackPointExtension>
        </extensions>
      </trkpt>
      <trkpt lat="31.0208803229033946990966796875" lon="121.42321393825113773345947265625">
        <ele>6.400000095367431640625</ele>
        <time>2026-06-02T12:30:08.000Z</time>
        <extensions>
          <ns3:TrackPointExtension>
            <ns3:hr>161</ns3:hr>
            <ns3:cad>85</ns3:cad>
          </ns3:TrackPointExtension>
        </extensions>
      </trkpt>
      <trkpt lat="31.02085609920322895050048828125" lon="121.42322969622910022735595703125">
        <ele>6.400000095367431640625</ele>
        <time>2026-06-02T12:30:09.000Z</time>
        <extensions>
          <ns3:TrackPointExtension>
            <ns3:hr>161</ns3:hr>
            <ns3:cad>85</ns3:cad>
          </ns3:TrackPointExtension>
        </extensions>
      </trkpt>
      <trkpt lat="31.02085609920322895050048828125" lon="121.42322969622910022735595703125">
        <ele>6.400000095367431640625</ele>
        <time>2026-06-02T12:30:10.000Z</time>
        <extensions>
          <ns3:TrackPointExtension>
            <ns3:hr>161</ns3:hr>
            <ns3:cad>85</ns3:cad>
          </ns3:TrackPointExtension>
        </extensions>
      </trkpt>
      <trkpt lat="31.020801365375518798828125" lon="121.423261463642120361328125">
        <ele>6.19999980926513671875</ele>
        <time>2026-06-02T12:30:11.000Z</time>
        <extensions>
          <ns3:TrackPointExtension>
            <ns3:hr>160</ns3:hr>
            <ns3:cad>85</ns3:cad>
          </ns3:TrackPointExtension>
        </extensions>
      </trkpt>
      <trkpt lat="31.02077915333211421966552734375" lon="121.42327479086816310882568359375">
        <ele>6.19999980926513671875</ele>
        <time>2026-06-02T12:30:12.000Z</time>
        <extensions>
          <ns3:TrackPointExtension>
            <ns3:hr>161</ns3:hr>
            <ns3:cad>85</ns3:cad>
          </ns3:TrackPointExtension>
        </extensions>
      </trkpt>
      <trkpt lat="31.02075099013745784759521484375" lon="121.423282921314239501953125">
        <ele>6.19999980926513671875</ele>
        <time>2026-06-02T12:30:13.000Z</time>
        <extensions>
          <ns3:TrackPointExtension>
            <ns3:hr>161</ns3:hr>
            <ns3:cad>84</ns3:cad>
          </ns3:TrackPointExtension>
        </extensions>
      </trkpt>
      <trkpt lat="31.020731963217258453369140625" lon="121.42329029738903045654296875">
        <ele>6.19999980926513671875</ele>
        <time>2026-06-02T12:30:14.000Z</time>
        <extensions>
          <ns3:TrackPointExtension>
            <ns3:hr>161</ns3:hr>
            <ns3:cad>84</ns3:cad>
          </ns3:TrackPointExtension>
        </extensions>
      </trkpt>
      <trkpt lat="31.0207053087651729583740234375" lon="121.42330027185380458831787109375">
        <ele>6.19999980926513671875</ele>
        <time>2026-06-02T12:30:15.000Z</time>
        <extensions>
          <ns3:TrackPointExtension>
            <ns3:hr>160</ns3:hr>
            <ns3:cad>84</ns3:cad>
          </ns3:TrackPointExtension>
        </extensions>
      </trkpt>
      <trkpt lat="31.0206838510930538177490234375" lon="121.42330882139503955841064453125">
        <ele>6.400000095367431640625</ele>
        <time>2026-06-02T12:30:16.000Z</time>
        <extensions>
          <ns3:TrackPointExtension>
            <ns3:hr>160</ns3:hr>
            <ns3:cad>84</ns3:cad>
          </ns3:TrackPointExtension>
        </extensions>
      </trkpt>
      <trkpt lat="31.02066147141158580780029296875" lon="121.4233191311359405517578125">
        <ele>6.400000095367431640625</ele>
        <time>2026-06-02T12:30:17.000Z</time>
        <extensions>
          <ns3:TrackPointExtension>
            <ns3:hr>160</ns3:hr>
            <ns3:cad>85</ns3:cad>
          </ns3:TrackPointExtension>
        </extensions>
      </trkpt>
      <trkpt lat="31.02063230238854885101318359375" lon="121.42332927323877811431884765625">
        <ele>6.400000095367431640625</ele>
        <time>2026-06-02T12:30:18.000Z</time>
        <extensions>
          <ns3:TrackPointExtension>
            <ns3:hr>160</ns3:hr>
            <ns3:cad>85</ns3:cad>
          </ns3:TrackPointExtension>
        </extensions>
      </trkpt>
      <trkpt lat="31.02061294019222259521484375" lon="121.42334436066448688507080078125">
        <ele>6.400000095367431640625</ele>
        <time>2026-06-02T12:30:19.000Z</time>
        <extensions>
          <ns3:TrackPointExtension>
            <ns3:hr>160</ns3:hr>
            <ns3:cad>84</ns3:cad>
          </ns3:TrackPointExtension>
        </extensions>
      </trkpt>
      <trkpt lat="31.0205936618149280548095703125" lon="121.42335391603410243988037109375">
        <ele>6.400000095367431640625</ele>
        <time>2026-06-02T12:30:20.000Z</time>
        <extensions>
          <ns3:TrackPointExtension>
            <ns3:hr>159</ns3:hr>
            <ns3:cad>84</ns3:cad>
          </ns3:TrackPointExtension>
        </extensions>
      </trkpt>
      <trkpt lat="31.02057513780891895294189453125" lon="121.4233591966331005096435546875">
        <ele>6.400000095367431640625</ele>
        <time>2026-06-02T12:30:21.000Z</time>
        <extensions>
          <ns3:TrackPointExtension>
            <ns3:hr>160</ns3:hr>
            <ns3:cad>84</ns3:cad>
          </ns3:TrackPointExtension>
        </extensions>
      </trkpt>
      <trkpt lat="31.0205621458590030670166015625" lon="121.42336414195597171783447265625">
        <ele>6.400000095367431640625</ele>
        <time>2026-06-02T12:30:22.000Z</time>
        <extensions>
          <ns3:TrackPointExtension>
            <ns3:hr>159</ns3:hr>
            <ns3:cad>84</ns3:cad>
          </ns3:TrackPointExtension>
        </extensions>
      </trkpt>
      <trkpt lat="31.02055166848003864288330078125" lon="121.423370428383350372314453125">
        <ele>6.400000095367431640625</ele>
        <time>2026-06-02T12:30:23.000Z</time>
        <extensions>
          <ns3:TrackPointExtension>
            <ns3:hr>159</ns3:hr>
            <ns3:cad>83</ns3:cad>
          </ns3:TrackPointExtension>
        </extensions>
      </trkpt>
      <trkpt lat="31.02054060436785221099853515625" lon="121.42337604425847530364990234375">
        <ele>6.400000095367431640625</ele>
        <time>2026-06-02T12:30:24.000Z</time>
        <extensions>
          <ns3:TrackPointExtension>
            <ns3:hr>159</ns3:hr>
            <ns3:cad>83</ns3:cad>
          </ns3:TrackPointExtension>
        </extensions>
      </trkpt>
      <trkpt lat="31.0205316357314586639404296875" lon="121.42338191159069538116455078125">
        <ele>6.400000095367431640625</ele>
        <time>2026-06-02T12:30:25.000Z</time>
        <extensions>
          <ns3:TrackPointExtension>
            <ns3:hr>160</ns3:hr>
            <ns3:cad>83</ns3:cad>
          </ns3:TrackPointExtension>
        </extensions>
      </trkpt>
      <trkpt lat="31.02051638066768646240234375" lon="121.42338744364678859710693359375">
        <ele>6.400000095367431640625</ele>
        <time>2026-06-02T12:30:26.000Z</time>
        <extensions>
          <ns3:TrackPointExtension>
            <ns3:hr>160</ns3:hr>
            <ns3:cad>83</ns3:cad>
          </ns3:TrackPointExtension>
        </extensions>
      </trkpt>
      <trkpt lat="31.02050405927002429962158203125" lon="121.4233933947980403900146484375">
        <ele>6.400000095367431640625</ele>
        <time>2026-06-02T12:30:27.000Z</time>
        <extensions>
          <ns3:TrackPointExtension>
            <ns3:hr>160</ns3:hr>
            <ns3:cad>66</ns3:cad>
          </ns3:TrackPointExtension>
        </extensions>
      </trkpt>
      <trkpt lat="31.0204917378723621368408203125" lon="121.4234001003205776214599609375">
        <ele>6.400000095367431640625</ele>
        <time>2026-06-02T12:30:28.000Z</time>
        <extensions>
          <ns3:TrackPointExtension>
            <ns3:hr>159</ns3:hr>
            <ns3:cad>66</ns3:cad>
          </ns3:TrackPointExtension>
        </extensions>
      </trkpt>
      <trkpt lat="31.02048260159790515899658203125" lon="121.42340705730020999908447265625">
        <ele>6.400000095367431640625</ele>
        <time>2026-06-02T12:30:29.000Z</time>
        <extensions>
          <ns3:TrackPointExtension>
            <ns3:hr>159</ns3:hr>
            <ns3:cad>68</ns3:cad>
          </ns3:TrackPointExtension>
        </extensions>
      </trkpt>
      <trkpt lat="31.02047656662762165069580078125" lon="121.42341225408017635345458984375">
        <ele>6.19999980926513671875</ele>
        <time>2026-06-02T12:30:30.000Z</time>
        <extensions>
          <ns3:TrackPointExtension>
            <ns3:hr>159</ns3:hr>
            <ns3:cad>68</ns3:cad>
          </ns3:TrackPointExtension>
        </extensions>
      </trkpt>
      <trkpt lat="31.0204696096479892730712890625" lon="121.42341711558401584625244140625">
        <ele>6.19999980926513671875</ele>
        <time>2026-06-02T12:30:31.000Z</time>
        <extensions>
          <ns3:TrackPointExtension>
            <ns3:hr>158</ns3:hr>
            <ns3:cad>68</ns3:cad>
          </ns3:TrackPointExtension>
        </extensions>
      </trkpt>
      <trkpt lat="31.02046416141092777252197265625" lon="121.423417031764984130859375">
        <ele>6.19999980926513671875</ele>
        <time>2026-06-02T12:30:32.000Z</time>
        <extensions>
          <ns3:TrackPointExtension>
            <ns3:hr>158</ns3:hr>
            <ns3:cad>68</ns3:cad>
          </ns3:TrackPointExtension>
        </extensions>
      </trkpt>
      <trkpt lat="31.0204567015171051025390625" lon="121.4234197139739990234375">
        <ele>6.400000095367431640625</ele>
        <time>2026-06-02T12:30:33.000Z</time>
        <extensions>
          <ns3:TrackPointExtension>
            <ns3:hr>157</ns3:hr>
            <ns3:cad>68</ns3:cad>
          </ns3:TrackPointExtension>
        </extensions>
      </trkpt>
      <trkpt lat="31.02045108564198017120361328125" lon="121.42342331819236278533935546875">
        <ele>6.599999904632568359375</ele>
        <time>2026-06-02T12:30:34.000Z</time>
        <extensions>
          <ns3:TrackPointExtension>
            <ns3:hr>156</ns3:hr>
            <ns3:cad>53</ns3:cad>
          </ns3:TrackPointExtension>
        </extensions>
      </trkpt>
      <trkpt lat="31.02044857107102870941162109375" lon="121.42342382110655307769775390625">
        <ele>6.599999904632568359375</ele>
        <time>2026-06-02T12:30:35.000Z</time>
        <extensions>
          <ns3:TrackPointExtension>
            <ns3:hr>156</ns3:hr>
            <ns3:cad>53</ns3:cad>
          </ns3:TrackPointExtension>
        </extensions>
      </trkpt>
      <trkpt lat="31.02043834514915943145751953125" lon="121.4234279282391071319580078125">
        <ele>6.80000019073486328125</ele>
        <time>2026-06-02T12:30:36.000Z</time>
        <extensions>
          <ns3:TrackPointExtension>
            <ns3:hr>155</ns3:hr>
            <ns3:cad>0</ns3:cad>
          </ns3:TrackPointExtension>
        </extensions>
      </trkpt>
      <trkpt lat="31.02043365128338336944580078125" lon="121.423430778086185455322265625">
        <ele>6.599999904632568359375</ele>
        <time>2026-06-02T12:30:37.000Z</time>
        <extensions>
          <ns3:TrackPointExtension>
            <ns3:hr>155</ns3:hr>
            <ns3:cad>0</ns3:cad>
          </ns3:TrackPointExtension>
        </extensions>
      </trkpt>
      <trkpt lat="31.02042845450341701507568359375" lon="121.42343337647616863250732421875">
        <ele>6.400000095367431640625</ele>
        <time>2026-06-02T12:30:38.000Z</time>
        <extensions>
          <ns3:TrackPointExtension>
            <ns3:hr>155</ns3:hr>
            <ns3:cad>0</ns3:cad>
          </ns3:TrackPointExtension>
        </extensions>
      </trkpt>
      <trkpt lat="31.0204226709902286529541015625" lon="121.423437483608722686767578125">
        <ele>6.400000095367431640625</ele>
        <time>2026-06-02T12:30:39.000Z</time>
        <extensions>
          <ns3:TrackPointExtension>
            <ns3:hr>154</ns3:hr>
            <ns3:cad>0</ns3:cad>
          </ns3:TrackPointExtension>
        </extensions>
      </trkpt>
      <trkpt lat="31.02041236124932765960693359375" lon="121.423442177474498748779296875">
        <ele>6.19999980926513671875</ele>
        <time>2026-06-02T12:30:40.000Z</time>
        <extensions>
          <ns3:TrackPointExtension>
            <ns3:hr>153</ns3:hr>
            <ns3:cad>0</ns3:cad>
          </ns3:TrackPointExtension>
        </extensions>
      </trkpt>
      <trkpt lat="31.0204092599451541900634765625" lon="121.42344184219837188720703125">
        <ele>6.19999980926513671875</ele>
        <time>2026-06-02T12:30:41.000Z</time>
        <extensions>
          <ns3:TrackPointExtension>
            <ns3:hr>153</ns3:hr>
            <ns3:cad>0</ns3:cad>
          </ns3:TrackPointExtension>
        </extensions>
      </trkpt>
      <trkpt lat="31.0204099304974079132080078125" lon="121.42344192601740360260009765625">
        <ele>6.19999980926513671875</ele>
        <time>2026-06-02T12:30:42.000Z</time>
        <extensions>
          <ns3:TrackPointExtension>
            <ns3:hr>151</ns3:hr>
            <ns3:cad>0</ns3:cad>
          </ns3:TrackPointExtension>
        </extensions>
      </trkpt>
      <trkpt lat="31.0204102657735347747802734375" lon="121.42344544641673564910888671875">
        <ele>6.400000095367431640625</ele>
        <time>2026-06-02T12:30:43.000Z</time>
        <extensions>
          <ns3:TrackPointExtension>
            <ns3:hr>149</ns3:hr>
            <ns3:cad>0</ns3:cad>
          </ns3:TrackPointExtension>
        </extensions>
      </trkpt>
      <trkpt lat="31.020416133105754852294921875" lon="121.4234478771686553955078125">
        <ele>6.400000095367431640625</ele>
        <time>2026-06-02T12:30:44.000Z</time>
        <extensions>
          <ns3:TrackPointExtension>
            <ns3:hr>148</ns3:hr>
            <ns3:cad>0</ns3:cad>
          </ns3:TrackPointExtension>
        </extensions>
      </trkpt>
      <trkpt lat="31.02041889913380146026611328125" lon="121.42345248721539974212646484375">
        <ele>6.400000095367431640625</ele>
        <time>2026-06-02T12:30:45.000Z</time>
        <extensions>
          <ns3:TrackPointExtension>
            <ns3:hr>147</ns3:hr>
            <ns3:cad>0</ns3:cad>
          </ns3:TrackPointExtension>
        </extensions>
      </trkpt>
      <trkpt lat="31.02042074315249919891357421875" lon="121.423460952937602996826171875">
        <ele>6.400000095367431640625</ele>
        <time>2026-06-02T12:30:46.000Z</time>
        <extensions>
          <ns3:TrackPointExtension>
            <ns3:hr>146</ns3:hr>
            <ns3:cad>0</ns3:cad>
          </ns3:TrackPointExtension>
        </extensions>
      </trkpt>
      <trkpt lat="31.02042409591376781463623046875" lon="121.42347092740237712860107421875">
        <ele>6.400000095367431640625</ele>
        <time>2026-06-02T12:30:47.000Z</time>
        <extensions>
          <ns3:TrackPointExtension>
            <ns3:hr>145</ns3:hr>
            <ns3:cad>0</ns3:cad>
          </ns3:TrackPointExtension>
        </extensions>
      </trkpt>
      <trkpt lat="31.02042711339890956878662109375" lon="121.42347947694361209869384765625">
        <ele>6.400000095367431640625</ele>
        <time>2026-06-02T12:30:48.000Z</time>
        <extensions>
          <ns3:TrackPointExtension>
            <ns3:hr>145</ns3:hr>
            <ns3:cad>0</ns3:cad>
          </ns3:TrackPointExtension>
        </extensions>
      </trkpt>
      <trkpt lat="31.02042946033179759979248046875" lon="121.423491127789020538330078125">
        <ele>6.400000095367431640625</ele>
        <time>2026-06-02T12:30:49.000Z</time>
        <extensions>
          <ns3:TrackPointExtension>
            <ns3:hr>144</ns3:hr>
            <ns3:cad>0</ns3:cad>
          </ns3:TrackPointExtension>
        </extensions>
      </trkpt>
      <trkpt lat="31.02042661048471927642822265625" lon="121.42349875532090663909912109375">
        <ele>6.599999904632568359375</ele>
        <time>2026-06-02T12:30:50.000Z</time>
        <extensions>
          <ns3:TrackPointExtension>
            <ns3:hr>144</ns3:hr>
            <ns3:cad>0</ns3:cad>
          </ns3:TrackPointExtension>
        </extensions>
      </trkpt>
      <trkpt lat="31.02042476646602153778076171875" lon="121.4235095679759979248046875">
        <ele>6.599999904632568359375</ele>
        <time>2026-06-02T12:30:51.000Z</time>
        <extensions>
          <ns3:TrackPointExtension>
            <ns3:hr>143</ns3:hr>
            <ns3:cad>0</ns3:cad>
          </ns3:TrackPointExtension>
        </extensions>
      </trkpt>
      <trkpt lat="31.02042384445667266845703125" lon="121.4235181175172328948974609375">
        <ele>6.599999904632568359375</ele>
        <time>2026-06-02T12:30:52.000Z</time>
        <extensions>
          <ns3:TrackPointExtension>
            <ns3:hr>143</ns3:hr>
            <ns3:cad>0</ns3:cad>
          </ns3:TrackPointExtension>
        </extensions>
      </trkpt>
      <trkpt lat="31.02042040787637233734130859375" lon="121.42352842725813388824462890625">
        <ele>6.400000095367431640625</ele>
        <time>2026-06-02T12:30:53.000Z</time>
        <extensions>
          <ns3:TrackPointExtension>
            <ns3:hr>142</ns3:hr>
            <ns3:cad>51</ns3:cad>
          </ns3:TrackPointExtension>
        </extensions>
      </trkpt>
      <trkpt lat="31.02041739039123058319091796875" lon="121.423538066446781158447265625">
        <ele>6.400000095367431640625</ele>
        <time>2026-06-02T12:30:54.000Z</time>
        <extensions>
          <ns3:TrackPointExtension>
            <ns3:hr>141</ns3:hr>
            <ns3:cad>53</ns3:cad>
          </ns3:TrackPointExtension>
        </extensions>
      </trkpt>
      <trkpt lat="31.02041336707770824432373046875" lon="121.42354820854961872100830078125">
        <ele>6.400000095367431640625</ele>
        <time>2026-06-02T12:30:55.000Z</time>
        <extensions>
          <ns3:TrackPointExtension>
            <ns3:hr>140</ns3:hr>
            <ns3:cad>53</ns3:cad>
          </ns3:TrackPointExtension>
        </extensions>
      </trkpt>
      <trkpt lat="31.02040917612612247467041015625" lon="121.4235593564808368682861328125">
        <ele>6.400000095367431640625</ele>
        <time>2026-06-02T12:30:56.000Z</time>
        <extensions>
          <ns3:TrackPointExtension>
            <ns3:hr>138</ns3:hr>
            <ns3:cad>54</ns3:cad>
          </ns3:TrackPointExtension>
        </extensions>
      </trkpt>
      <trkpt lat="31.0204052366316318511962890625" lon="121.42356815747916698455810546875">
        <ele>6.400000095367431640625</ele>
        <time>2026-06-02T12:30:57.000Z</time>
        <extensions>
          <ns3:TrackPointExtension>
            <ns3:hr>138</ns3:hr>
            <ns3:cad>54</ns3:cad>
          </ns3:TrackPointExtension>
        </extensions>
      </trkpt>
      <trkpt lat="31.02040112949907779693603515625" lon="121.423577629029750823974609375">
        <ele>6.400000095367431640625</ele>
        <time>2026-06-02T12:30:58.000Z</time>
        <extensions>
          <ns3:TrackPointExtension>
            <ns3:hr>137</ns3:hr>
            <ns3:cad>53</ns3:cad>
          </ns3:TrackPointExtension>
        </extensions>
      </trkpt>
      <trkpt lat="31.0203978605568408966064453125" lon="121.42358777113258838653564453125">
        <ele>6.400000095367431640625</ele>
        <time>2026-06-02T12:30:59.000Z</time>
        <extensions>
          <ns3:TrackPointExtension>
            <ns3:hr>136</ns3:hr>
            <ns3:cad>52</ns3:cad>
          </ns3:TrackPointExtension>
        </extensions>
      </trkpt>
      <trkpt lat="31.02039542980492115020751953125" lon="121.42359673976898193359375">
        <ele>6.400000095367431640625</ele>
        <time>2026-06-02T12:31:00.000Z</time>
        <extensions>
          <ns3:TrackPointExtension>
            <ns3:hr>136</ns3:hr>
            <ns3:cad>52</ns3:cad>
          </ns3:TrackPointExtension>
        </extensions>
      </trkpt>
      <trkpt lat="31.020392663776874542236328125" lon="121.423607133328914642333984375">
        <ele>6.400000095367431640625</ele>
        <time>2026-06-02T12:31:01.000Z</time>
        <extensions>
          <ns3:TrackPointExtension>
            <ns3:hr>135</ns3:hr>
            <ns3:cad>52</ns3:cad>
          </ns3:TrackPointExtension>
        </extensions>
      </trkpt>
      <trkpt lat="31.02039006538689136505126953125" lon="121.4236168563365936279296875">
        <ele>6.400000095367431640625</ele>
        <time>2026-06-02T12:31:02.000Z</time>
        <extensions>
          <ns3:TrackPointExtension>
            <ns3:hr>134</ns3:hr>
            <ns3:cad>52</ns3:cad>
          </ns3:TrackPointExtension>
        </extensions>
      </trkpt>
      <trkpt lat="31.02038788609206676483154296875" lon="121.423625238239765167236328125">
        <ele>6.400000095367431640625</ele>
        <time>2026-06-02T12:31:03.000Z</time>
        <extensions>
          <ns3:TrackPointExtension>
            <ns3:hr>133</ns3:hr>
            <ns3:cad>52</ns3:cad>
          </ns3:TrackPointExtension>
        </extensions>
      </trkpt>
      <trkpt lat="31.02038604207336902618408203125" lon="121.42363554798066616058349609375">
        <ele>6.400000095367431640625</ele>
        <time>2026-06-02T12:31:04.000Z</time>
        <extensions>
          <ns3:TrackPointExtension>
            <ns3:hr>131</ns3:hr>
            <ns3:cad>51</ns3:cad>
          </ns3:TrackPointExtension>
        </extensions>
      </trkpt>
      <trkpt lat="31.02038688026368618011474609375" lon="121.42364761792123317718505859375">
        <ele>6.400000095367431640625</ele>
        <time>2026-06-02T12:31:05.000Z</time>
        <extensions>
          <ns3:TrackPointExtension>
            <ns3:hr>130</ns3:hr>
            <ns3:cad>51</ns3:cad>
          </ns3:TrackPointExtension>
        </extensions>
      </trkpt>
      <trkpt lat="31.0203864611685276031494140625" lon="121.4236597716808319091796875">
        <ele>6.400000095367431640625</ele>
        <time>2026-06-02T12:31:06.000Z</time>
        <extensions>
          <ns3:TrackPointExtension>
            <ns3:hr>129</ns3:hr>
            <ns3:cad>51</ns3:cad>
          </ns3:TrackPointExtension>
        </extensions>
      </trkpt>
      <trkpt lat="31.0203854553401470184326171875" lon="121.4236716739833354949951171875">
        <ele>6.400000095367431640625</ele>
        <time>2026-06-02T12:31:07.000Z</time>
        <extensions>
          <ns3:TrackPointExtension>
            <ns3:hr>128</ns3:hr>
            <ns3:cad>50</ns3:cad>
          </ns3:TrackPointExtension>
        </extensions>
      </trkpt>
      <trkpt lat="31.02038403041660785675048828125" lon="121.4236834086477756500244140625">
        <ele>6.400000095367431640625</ele>
        <time>2026-06-02T12:31:08.000Z</time>
        <extensions>
          <ns3:TrackPointExtension>
            <ns3:hr>127</ns3:hr>
            <ns3:cad>50</ns3:cad>
          </ns3:TrackPointExtension>
        </extensions>
      </trkpt>
      <trkpt lat="31.020383946597576141357421875" lon="121.42369422130286693572998046875">
        <ele>6.400000095367431640625</ele>
        <time>2026-06-02T12:31:09.000Z</time>
        <extensions>
          <ns3:TrackPointExtension>
            <ns3:hr>127</ns3:hr>
            <ns3:cad>50</ns3:cad>
          </ns3:TrackPointExtension>
        </extensions>
      </trkpt>
      <trkpt lat="31.02038403041660785675048828125" lon="121.4237041957676410675048828125">
        <ele>6.400000095367431640625</ele>
        <time>2026-06-02T12:31:10.000Z</time>
        <extensions>
          <ns3:TrackPointExtension>
            <ns3:hr>127</ns3:hr>
            <ns3:cad>50</ns3:cad>
          </ns3:TrackPointExtension>
        </extensions>
      </trkpt>
      <trkpt lat="31.02038403041660785675048828125" lon="121.4237155951559543609619140625">
        <ele>6.400000095367431640625</ele>
        <time>2026-06-02T12:31:11.000Z</time>
        <extensions>
          <ns3:TrackPointExtension>
            <ns3:hr>126</ns3:hr>
            <ns3:cad>51</ns3:cad>
          </ns3:TrackPointExtension>
        </extensions>
      </trkpt>
      <trkpt lat="31.02038361132144927978515625" lon="121.423727832734584808349609375">
        <ele>6.599999904632568359375</ele>
        <time>2026-06-02T12:31:12.000Z</time>
        <extensions>
          <ns3:TrackPointExtension>
            <ns3:hr>126</ns3:hr>
            <ns3:cad>51</ns3:cad>
          </ns3:TrackPointExtension>
        </extensions>
      </trkpt>
      <trkpt lat="31.0203834436833858489990234375" lon="121.4237373881042003631591796875">
        <ele>6.599999904632568359375</ele>
        <time>2026-06-02T12:31:13.000Z</time>
        <extensions>
          <ns3:TrackPointExtension>
            <ns3:hr>126</ns3:hr>
            <ns3:cad>51</ns3:cad>
          </ns3:TrackPointExtension>
        </extensions>
      </trkpt>
      <trkpt lat="31.02038227021694183349609375" lon="121.42374769784510135650634765625">
        <ele>6.599999904632568359375</ele>
        <time>2026-06-02T12:31:14.000Z</time>
        <extensions>
          <ns3:TrackPointExtension>
            <ns3:hr>125</ns3:hr>
            <ns3:cad>51</ns3:cad>
          </ns3:TrackPointExtension>
        </extensions>
      </trkpt>
      <trkpt lat="31.02038118056952953338623046875" lon="121.4237571693956851959228515625">
        <ele>6.599999904632568359375</ele>
        <time>2026-06-02T12:31:15.000Z</time>
        <extensions>
          <ns3:TrackPointExtension>
            <ns3:hr>125</ns3:hr>
            <ns3:cad>51</ns3:cad>
          </ns3:TrackPointExtension>
        </extensions>
      </trkpt>
      <trkpt lat="31.0203807614743709564208984375" lon="121.42376781441271305084228515625">
        <ele>6.400000095367431640625</ele>
        <time>2026-06-02T12:31:16.000Z</time>
        <extensions>
          <ns3:TrackPointExtension>
            <ns3:hr>125</ns3:hr>
            <ns3:cad>50</ns3:cad>
          </ns3:TrackPointExtension>
        </extensions>
      </trkpt>
      <trkpt lat="31.02038168348371982574462890625" lon="121.4237789623439311981201171875">
        <ele>6.400000095367431640625</ele>
        <time>2026-06-02T12:31:17.000Z</time>
        <extensions>
          <ns3:TrackPointExtension>
            <ns3:hr>125</ns3:hr>
            <ns3:cad>50</ns3:cad>
          </ns3:TrackPointExtension>
        </extensions>
      </trkpt>
      <trkpt lat="31.020382605493068695068359375" lon="121.42378893680870532989501953125">
        <ele>6.400000095367431640625</ele>
        <time>2026-06-02T12:31:18.000Z</time>
        <extensions>
          <ns3:TrackPointExtension>
            <ns3:hr>124</ns3:hr>
            <ns3:cad>50</ns3:cad>
          </ns3:TrackPointExtension>
        </extensions>
      </trkpt>
      <trkpt lat="31.02038369514048099517822265625" lon="121.42379832454025745391845703125">
        <ele>6.400000095367431640625</ele>
        <time>2026-06-02T12:31:19.000Z</time>
        <extensions>
          <ns3:TrackPointExtension>
            <ns3:hr>124</ns3:hr>
            <ns3:cad>50</ns3:cad>
          </ns3:TrackPointExtension>
        </extensions>
      </trkpt>
      <trkpt lat="31.020385287702083587646484375" lon="121.4238091371953487396240234375">
        <ele>6.400000095367431640625</ele>
        <time>2026-06-02T12:31:20.000Z</time>
        <extensions>
          <ns3:TrackPointExtension>
            <ns3:hr>124</ns3:hr>
            <ns3:cad>50</ns3:cad>
          </ns3:TrackPointExtension>
        </extensions>
      </trkpt>
      <trkpt lat="31.02038503624498844146728515625" lon="121.42382204532623291015625">
        <ele>6.400000095367431640625</ele>
        <time>2026-06-02T12:31:21.000Z</time>
        <extensions>
          <ns3:TrackPointExtension>
            <ns3:hr>124</ns3:hr>
            <ns3:cad>50</ns3:cad>
          </ns3:TrackPointExtension>
        </extensions>
      </trkpt>
      <trkpt lat="31.02038587443530559539794921875" lon="121.42383336089551448822021484375">
        <ele>6.400000095367431640625</ele>
        <time>2026-06-02T12:31:22.000Z</time>
        <extensions>
          <ns3:TrackPointExtension>
            <ns3:hr>124</ns3:hr>
            <ns3:cad>50</ns3:cad>
          </ns3:TrackPointExtension>
        </extensions>
      </trkpt>
      <trkpt lat="31.0203874669969081878662109375" lon="121.4238416589796543121337890625">
        <ele>6.400000095367431640625</ele>
        <time>2026-06-02T12:31:23.000Z</time>
        <extensions>
          <ns3:TrackPointExtension>
            <ns3:hr>123</ns3:hr>
            <ns3:cad>50</ns3:cad>
          </ns3:TrackPointExtension>
        </extensions>
      </trkpt>
      <trkpt lat="31.0203914903104305267333984375" lon="121.42385565675795078277587890625">
        <ele>6.400000095367431640625</ele>
        <time>2026-06-02T12:31:24.000Z</time>
        <extensions>
          <ns3:TrackPointExtension>
            <ns3:hr>123</ns3:hr>
            <ns3:cad>50</ns3:cad>
          </ns3:TrackPointExtension>
        </extensions>
      </trkpt>
      <trkpt lat="31.0203951783478260040283203125" lon="121.42387242056429386138916015625">
        <ele>6.19999980926513671875</ele>
        <time>2026-06-02T12:31:25.000Z</time>
        <extensions>
          <ns3:TrackPointExtension>
            <ns3:hr>123</ns3:hr>
            <ns3:cad>50</ns3:cad>
          </ns3:TrackPointExtension>
        </extensions>
      </trkpt>
      <trkpt lat="31.02039928548038005828857421875" lon="121.42389153130352497100830078125">
        <ele>6.19999980926513671875</ele>
        <time>2026-06-02T12:31:26.000Z</time>
        <extensions>
          <ns3:TrackPointExtension>
            <ns3:hr>123</ns3:hr>
            <ns3:cad>50</ns3:cad>
          </ns3:TrackPointExtension>
        </extensions>
      </trkpt>
      <trkpt lat="31.02040733210742473602294921875" lon="121.4239147491753101348876953125">
        <ele>6.19999980926513671875</ele>
        <time>2026-06-02T12:31:27.000Z</time>
        <extensions>
          <ns3:TrackPointExtension>
            <ns3:hr>122</ns3:hr>
            <ns3:cad>51</ns3:cad>
          </ns3:TrackPointExtension>
        </extensions>
      </trkpt>
      <trkpt lat="31.02041713893413543701171875" lon="121.423933692276477813720703125">
        <ele>6</ele>
        <time>2026-06-02T12:31:28.000Z</time>
        <extensions>
          <ns3:TrackPointExtension>
            <ns3:hr>123</ns3:hr>
            <ns3:cad>51</ns3:cad>
          </ns3:TrackPointExtension>
        </extensions>
      </trkpt>
      <trkpt lat="31.02042644284665584564208984375" lon="121.423963196575641632080078125">
        <ele>6</ele>
        <time>2026-06-02T12:31:29.000Z</time>
        <extensions>
          <ns3:TrackPointExtension>
            <ns3:hr>123</ns3:hr>
            <ns3:cad>0</ns3:cad>
          </ns3:TrackPointExtension>
        </extensions>
      </trkpt>
      <trkpt lat="31.02043457329273223876953125" lon="121.4239868335425853729248046875">
        <ele>6.19999980926513671875</ele>
        <time>2026-06-02T12:31:30.000Z</time>
        <extensions>
          <ns3:TrackPointExtension>
            <ns3:hr>123</ns3:hr>
            <ns3:cad>0</ns3:cad>
          </ns3:TrackPointExtension>
        </extensions>
      </trkpt>
      <trkpt lat="31.02044773288071155548095703125" lon="121.424016840755939483642578125">
        <ele>6.19999980926513671875</ele>
        <time>2026-06-02T12:31:31.000Z</time>
        <extensions>
          <ns3:TrackPointExtension>
            <ns3:hr>123</ns3:hr>
            <ns3:cad>0</ns3:cad>
          </ns3:TrackPointExtension>
        </extensions>
      </trkpt>
      <trkpt lat="31.02046198211610317230224609375" lon="121.424042321741580963134765625">
        <ele>6.19999980926513671875</ele>
        <time>2026-06-02T12:31:32.000Z</time>
        <extensions>
          <ns3:TrackPointExtension>
            <ns3:hr>124</ns3:hr>
            <ns3:cad>85</ns3:cad>
          </ns3:TrackPointExtension>
        </extensions>
      </trkpt>
      <trkpt lat="31.0204796679317951202392578125" lon="121.424067132174968719482421875">
        <ele>6.19999980926513671875</ele>
        <time>2026-06-02T12:31:33.000Z</time>
        <extensions>
          <ns3:TrackPointExtension>
            <ns3:hr>124</ns3:hr>
            <ns3:cad>85</ns3:cad>
          </ns3:TrackPointExtension>
        </extensions>
      </trkpt>
      <trkpt lat="31.02049752138555049896240234375" lon="121.4240951277315616607666015625">
        <ele>6.400000095367431640625</ele>
        <time>2026-06-02T12:31:34.000Z</time>
        <extensions>
          <ns3:TrackPointExtension>
            <ns3:hr>125</ns3:hr>
            <ns3:cad>85</ns3:cad>
          </ns3:TrackPointExtension>
        </extensions>
      </trkpt>
      <trkpt lat="31.0205148719251155853271484375" lon="121.42410828731954097747802734375">
        <ele>6.19999980926513671875</ele>
        <time>2026-06-02T12:31:35.000Z</time>
        <extensions>
          <ns3:TrackPointExtension>
            <ns3:hr>126</ns3:hr>
            <ns3:cad>86</ns3:cad>
          </ns3:TrackPointExtension>
        </extensions>
      </trkpt>
      <trkpt lat="31.0205383412539958953857421875" lon="121.42413142137229442596435546875">
        <ele>6.19999980926513671875</ele>
        <time>2026-06-02T12:31:36.000Z</time>
        <extensions>
          <ns3:TrackPointExtension>
            <ns3:hr>128</ns3:hr>
            <ns3:cad>86</ns3:cad>
          </ns3:TrackPointExtension>
        </extensions>
      </trkpt>
      <trkpt lat="31.02055661380290985107421875" lon="121.4241470955312252044677734375">
        <ele>6.19999980926513671875</ele>
        <time>2026-06-02T12:31:37.000Z</time>
        <extensions>
          <ns3:TrackPointExtension>
            <ns3:hr>129</ns3:hr>
            <ns3:cad>85</ns3:cad>
          </ns3:TrackPointExtension>
        </extensions>
      </trkpt>
      <trkpt lat="31.02058435790240764617919921875" lon="121.42416578717529773712158203125">
        <ele>6.19999980926513671875</ele>
        <time>2026-06-02T12:31:38.000Z</time>
        <extensions>
          <ns3:TrackPointExtension>
            <ns3:hr>131</ns3:hr>
            <ns3:cad>85</ns3:cad>
          </ns3:TrackPointExtension>
        </extensions>
      </trkpt>
      <trkpt lat="31.02060765959322452545166015625" lon="121.42417953349649906158447265625">
        <ele>6.19999980926513671875</ele>
        <time>2026-06-02T12:31:39.000Z</time>
        <extensions>
          <ns3:TrackPointExtension>
            <ns3:hr>133</ns3:hr>
            <ns3:cad>84</ns3:cad>
          </ns3:TrackPointExtension>
        </extensions>
      </trkpt>
      <trkpt lat="31.0206302069127559661865234375" lon="121.4241906814277172088623046875">
        <ele>6.19999980926513671875</ele>
        <time>2026-06-02T12:31:40.000Z</time>
        <extensions>
          <ns3:TrackPointExtension>
            <ns3:hr>133</ns3:hr>
            <ns3:cad>84</ns3:cad>
          </ns3:TrackPointExtension>
        </extensions>
      </trkpt>
      <trkpt lat="31.02065828628838062286376953125" lon="121.42420551739633083343505859375">
        <ele>6</ele>
        <time>2026-06-02T12:31:41.000Z</time>
        <extensions>
          <ns3:TrackPointExtension>
            <ns3:hr>134</ns3:hr>
            <ns3:cad>85</ns3:cad>
          </ns3:TrackPointExtension>
        </extensions>
      </trkpt>
      <trkpt lat="31.02067857049405574798583984375" lon="121.42421054653823375701904296875">
        <ele>6</ele>
        <time>2026-06-02T12:31:42.000Z</time>
        <extensions>
          <ns3:TrackPointExtension>
            <ns3:hr>134</ns3:hr>
            <ns3:cad>86</ns3:cad>
          </ns3:TrackPointExtension>
        </extensions>
      </trkpt>
      <trkpt lat="31.02070740424096584320068359375" lon="121.4242242090404033660888671875">
        <ele>6.19999980926513671875</ele>
        <time>2026-06-02T12:31:43.000Z</time>
        <extensions>
          <ns3:TrackPointExtension>
            <ns3:hr>135</ns3:hr>
            <ns3:cad>86</ns3:cad>
          </ns3:TrackPointExtension>
        </extensions>
      </trkpt>
      <trkpt lat="31.020729281008243560791015625" lon="121.4242275618016719818115234375">
        <ele>6.19999980926513671875</ele>
        <time>2026-06-02T12:31:44.000Z</time>
        <extensions>
          <ns3:TrackPointExtension>
            <ns3:hr>135</ns3:hr>
            <ns3:cad>86</ns3:cad>
          </ns3:TrackPointExtension>
        </extensions>
      </trkpt>
      <trkpt lat="31.02075912058353424072265625" lon="121.4242275618016719818115234375">
        <ele>6.19999980926513671875</ele>
        <time>2026-06-02T12:31:45.000Z</time>
        <extensions>
          <ns3:TrackPointExtension>
            <ns3:hr>135</ns3:hr>
            <ns3:cad>85</ns3:cad>
          </ns3:TrackPointExtension>
        </extensions>
      </trkpt>
      <trkpt lat="31.02078619413077831268310546875" lon="121.4242335967719554901123046875">
        <ele>6.19999980926513671875</ele>
        <time>2026-06-02T12:31:46.000Z</time>
        <extensions>
          <ns3:TrackPointExtension>
            <ns3:hr>136</ns3:hr>
            <ns3:cad>85</ns3:cad>
          </ns3:TrackPointExtension>
        </extensions>
      </trkpt>
      <trkpt lat="31.02081519551575183868408203125" lon="121.424231417477130889892578125">
        <ele>6.19999980926513671875</ele>
        <time>2026-06-02T12:31:47.000Z</time>
        <extensions>
          <ns3:TrackPointExtension>
            <ns3:hr>136</ns3:hr>
            <ns3:cad>85</ns3:cad>
          </ns3:TrackPointExtension>
        </extensions>
      </trkpt>
      <trkpt lat="31.02084419690072536468505859375" lon="121.4242278970777988433837890625">
        <ele>6.19999980926513671875</ele>
        <time>2026-06-02T12:31:48.000Z</time>
        <extensions>
          <ns3:TrackPointExtension>
            <ns3:hr>137</ns3:hr>
            <ns3:cad>85</ns3:cad>
          </ns3:TrackPointExtension>
        </extensions>
      </trkpt>
      <trkpt lat="31.020865403115749359130859375" lon="121.42421834170818328857421875">
        <ele>6.19999980926513671875</ele>
        <time>2026-06-02T12:31:49.000Z</time>
        <extensions>
          <ns3:TrackPointExtension>
            <ns3:hr>137</ns3:hr>
            <ns3:cad>85</ns3:cad>
          </ns3:TrackPointExtension>
        </extensions>
      </trkpt>
      <trkpt lat="31.0208965837955474853515625" lon="121.42420291900634765625">
        <ele>6.19999980926513671875</ele>
        <time>2026-06-02T12:31:50.000Z</time>
        <extensions>
          <ns3:TrackPointExtension>
            <ns3:hr>138</ns3:hr>
            <ns3:cad>84</ns3:cad>
          </ns3:TrackPointExtension>
        </extensions>
      </trkpt>
      <trkpt lat="31.02091871201992034912109375" lon="121.42419612966477870941162109375">
        <ele>6.19999980926513671875</ele>
        <time>2026-06-02T12:31:51.000Z</time>
        <extensions>
          <ns3:TrackPointExtension>
            <ns3:hr>139</ns3:hr>
            <ns3:cad>85</ns3:cad>
          </ns3:TrackPointExtension>
        </extensions>
      </trkpt>
      <trkpt lat="31.0209446959197521209716796875" lon="121.42418070696294307708740234375">
        <ele>6.19999980926513671875</ele>
        <time>2026-06-02T12:31:52.000Z</time>
        <extensions>
          <ns3:TrackPointExtension>
            <ns3:hr>139</ns3:hr>
            <ns3:cad>85</ns3:cad>
          </ns3:TrackPointExtension>
        </extensions>
      </trkpt>
      <trkpt lat="31.02097126655280590057373046875" lon="121.42417266033589839935302734375">
        <ele>6.19999980926513671875</ele>
        <time>2026-06-02T12:31:53.000Z</time>
        <extensions>
          <ns3:TrackPointExtension>
            <ns3:hr>140</ns3:hr>
            <ns3:cad>85</ns3:cad>
          </ns3:TrackPointExtension>
        </extensions>
      </trkpt>
      <trkpt lat="31.02099649608135223388671875" lon="121.42415991984307765960693359375">
        <ele>6.19999980926513671875</ele>
        <time>2026-06-02T12:31:54.000Z</time>
        <extensions>
          <ns3:TrackPointExtension>
            <ns3:hr>140</ns3:hr>
            <ns3:cad>85</ns3:cad>
          </ns3:TrackPointExtension>
        </extensions>
      </trkpt>
      <trkpt lat="31.021027676761150360107421875" lon="121.4241491071879863739013671875">
        <ele>6.19999980926513671875</ele>
        <time>2026-06-02T12:31:55.000Z</time>
        <extensions>
          <ns3:TrackPointExtension>
            <ns3:hr>141</ns3:hr>
            <ns3:cad>85</ns3:cad>
          </ns3:TrackPointExtension>
        </extensions>
      </trkpt>
      <trkpt lat="31.0210486315190792083740234375" lon="121.42413862980902194976806640625">
        <ele>6.19999980926513671875</ele>
        <time>2026-06-02T12:31:56.000Z</time>
        <extensions>
          <ns3:TrackPointExtension>
            <ns3:hr>141</ns3:hr>
            <ns3:cad>85</ns3:cad>
          </ns3:TrackPointExtension>
        </extensions>
      </trkpt>
      <trkpt lat="31.02107226848602294921875" lon="121.4241276495158672332763671875">
        <ele>6.19999980926513671875</ele>
        <time>2026-06-02T12:31:57.000Z</time>
        <extensions>
          <ns3:TrackPointExtension>
            <ns3:hr>142</ns3:hr>
            <ns3:cad>85</ns3:cad>
          </ns3:TrackPointExtension>
        </extensions>
      </trkpt>
      <trkpt lat="31.02109783329069614410400390625" lon="121.42412337474524974822998046875">
        <ele>6.400000095367431640625</ele>
        <time>2026-06-02T12:31:58.000Z</time>
        <extensions>
          <ns3:TrackPointExtension>
            <ns3:hr>143</ns3:hr>
            <ns3:cad>85</ns3:cad>
          </ns3:TrackPointExtension>
        </extensions>
      </trkpt>
      <trkpt lat="31.0211150161921977996826171875" lon="121.42410979606211185455322265625">
        <ele>6.19999980926513671875</ele>
        <time>2026-06-02T12:31:59.000Z</time>
        <extensions>
          <ns3:TrackPointExtension>
            <ns3:hr>143</ns3:hr>
            <ns3:cad>85</ns3:cad>
          </ns3:TrackPointExtension>
        </extensions>
      </trkpt>
      <trkpt lat="31.0211441852152347564697265625" lon="121.4240968041121959686279296875">
        <ele>6.19999980926513671875</ele>
        <time>2026-06-02T12:32:00.000Z</time>
        <extensions>
          <ns3:TrackPointExtension>
            <ns3:hr>143</ns3:hr>
            <ns3:cad>85</ns3:cad>
          </ns3:TrackPointExtension>
        </extensions>
      </trkpt>
      <trkpt lat="31.02116371504962444305419921875" lon="121.424087248742580413818359375">
        <ele>6.19999980926513671875</ele>
        <time>2026-06-02T12:32:01.000Z</time>
        <extensions>
          <ns3:TrackPointExtension>
            <ns3:hr>144</ns3:hr>
            <ns3:cad>84</ns3:cad>
          </ns3:TrackPointExtension>
        </extensions>
      </trkpt>
      <trkpt lat="31.0211938060820102691650390625" lon="121.42407325096428394317626953125">
        <ele>6.19999980926513671875</ele>
        <time>2026-06-02T12:32:02.000Z</time>
        <extensions>
          <ns3:TrackPointExtension>
            <ns3:hr>145</ns3:hr>
            <ns3:cad>84</ns3:cad>
          </ns3:TrackPointExtension>
        </extensions>
      </trkpt>
      <trkpt lat="31.021218113601207733154296875" lon="121.4240676350891590118408203125">
        <ele>6.19999980926513671875</ele>
        <time>2026-06-02T12:32:03.000Z</time>
        <extensions>
          <ns3:TrackPointExtension>
            <ns3:hr>145</ns3:hr>
            <ns3:cad>84</ns3:cad>
          </ns3:TrackPointExtension>
        </extensions>
      </trkpt>
      <trkpt lat="31.02124317549169063568115234375" lon="121.42405464313924312591552734375">
        <ele>6.19999980926513671875</ele>
        <time>2026-06-02T12:32:04.000Z</time>
        <extensions>
          <ns3:TrackPointExtension>
            <ns3:hr>146</ns3:hr>
            <ns3:cad>84</ns3:cad>
          </ns3:TrackPointExtension>
        </extensions>
      </trkpt>
      <trkpt lat="31.0212719254195690155029296875" lon="121.4240468479692935943603515625">
        <ele>6.19999980926513671875</ele>
        <time>2026-06-02T12:32:05.000Z</time>
        <extensions>
          <ns3:TrackPointExtension>
            <ns3:hr>146</ns3:hr>
            <ns3:cad>85</ns3:cad>
          </ns3:TrackPointExtension>
        </extensions>
      </trkpt>
      <trkpt lat="31.02129095233976840972900390625" lon="121.42403486184775829315185546875">
        <ele>6.19999980926513671875</ele>
        <time>2026-06-02T12:32:06.000Z</time>
        <extensions>
          <ns3:TrackPointExtension>
            <ns3:hr>147</ns3:hr>
            <ns3:cad>85</ns3:cad>
          </ns3:TrackPointExtension>
        </extensions>
      </trkpt>
      <trkpt lat="31.0213212110102176666259765625" lon="121.42401759512722492218017578125">
        <ele>6.19999980926513671875</ele>
        <time>2026-06-02T12:32:07.000Z</time>
        <extensions>
          <ns3:TrackPointExtension>
            <ns3:hr>148</ns3:hr>
            <ns3:cad>85</ns3:cad>
          </ns3:TrackPointExtension>
        </extensions>
      </trkpt>
      <trkpt lat="31.0213450156152248382568359375" lon="121.42400535754859447479248046875">
        <ele>6.19999980926513671875</ele>
        <time>2026-06-02T12:32:08.000Z</time>
        <extensions>
          <ns3:TrackPointExtension>
            <ns3:hr>148</ns3:hr>
            <ns3:cad>84</ns3:cad>
          </ns3:TrackPointExtension>
        </extensions>
      </trkpt>
      <trkpt lat="31.02136840112507343292236328125" lon="121.42399043776094913482666015625">
        <ele>6.19999980926513671875</ele>
        <time>2026-06-02T12:32:09.000Z</time>
        <extensions>
          <ns3:TrackPointExtension>
            <ns3:hr>148</ns3:hr>
            <ns3:cad>84</ns3:cad>
          </ns3:TrackPointExtension>
        </extensions>
      </trkpt>
      <trkpt lat="31.02139572612941265106201171875" lon="121.42397752963006496429443359375">
        <ele>6.19999980926513671875</ele>
        <time>2026-06-02T12:32:10.000Z</time>
        <extensions>
          <ns3:TrackPointExtension>
            <ns3:hr>149</ns3:hr>
            <ns3:cad>84</ns3:cad>
          </ns3:TrackPointExtension>
        </extensions>
      </trkpt>
      <trkpt lat="31.0214170999825000762939453125" lon="121.4239655435085296630859375">
        <ele>6</ele>
        <time>2026-06-02T12:32:11.000Z</time>
        <extensions>
          <ns3:TrackPointExtension>
            <ns3:hr>150</ns3:hr>
            <ns3:cad>84</ns3:cad>
          </ns3:TrackPointExtension>
        </extensions>
      </trkpt>
      <trkpt lat="31.02145188488066196441650390625" lon="121.4239566586911678314208984375">
        <ele>6</ele>
        <time>2026-06-02T12:32:12.000Z</time>
        <extensions>
          <ns3:TrackPointExtension>
            <ns3:hr>150</ns3:hr>
            <ns3:cad>84</ns3:cad>
          </ns3:TrackPointExtension>
        </extensions>
      </trkpt>
      <trkpt lat="31.021472252905368804931640625" lon="121.42394869588315486907958984375">
        <ele>6</ele>
        <time>2026-06-02T12:32:13.000Z</time>
        <extensions>
          <ns3:TrackPointExtension>
            <ns3:hr>151</ns3:hr>
            <ns3:cad>84</ns3:cad>
          </ns3:TrackPointExtension>
        </extensions>
      </trkpt>
      <trkpt lat="31.02150049991905689239501953125" lon="121.423933692276477813720703125">
        <ele>6</ele>
        <time>2026-06-02T12:32:14.000Z</time>
        <extensions>
          <ns3:TrackPointExtension>
            <ns3:hr>151</ns3:hr>
            <ns3:cad>84</ns3:cad>
          </ns3:TrackPointExtension>
        </extensions>
      </trkpt>
      <trkpt lat="31.02152715437114238739013671875" lon="121.42392505891621112823486328125">
        <ele>6</ele>
        <time>2026-06-02T12:32:15.000Z</time>
        <extensions>
          <ns3:TrackPointExtension>
            <ns3:hr>151</ns3:hr>
            <ns3:cad>84</ns3:cad>
          </ns3:TrackPointExtension>
        </extensions>
      </trkpt>
      <trkpt lat="31.0215491987764835357666015625" lon="121.423912905156612396240234375">
        <ele>6</ele>
        <time>2026-06-02T12:32:16.000Z</time>
        <extensions>
          <ns3:TrackPointExtension>
            <ns3:hr>151</ns3:hr>
            <ns3:cad>84</ns3:cad>
          </ns3:TrackPointExtension>
        </extensions>
      </trkpt>
      <trkpt lat="31.02157694287598133087158203125" lon="121.42390242777764797210693359375">
        <ele>6</ele>
        <time>2026-06-02T12:32:17.000Z</time>
        <extensions>
          <ns3:TrackPointExtension>
            <ns3:hr>152</ns3:hr>
            <ns3:cad>86</ns3:cad>
          </ns3:TrackPointExtension>
        </extensions>
      </trkpt>
      <trkpt lat="31.0215988196432590484619140625" lon="121.42389153130352497100830078125">
        <ele>6</ele>
        <time>2026-06-02T12:32:18.000Z</time>
        <extensions>
          <ns3:TrackPointExtension>
            <ns3:hr>152</ns3:hr>
            <ns3:cad>86</ns3:cad>
          </ns3:TrackPointExtension>
        </extensions>
      </trkpt>
      <trkpt lat="31.02162974886596202850341796875" lon="121.4238798804581165313720703125">
        <ele>6</ele>
        <time>2026-06-02T12:32:19.000Z</time>
        <extensions>
          <ns3:TrackPointExtension>
            <ns3:hr>152</ns3:hr>
            <ns3:cad>86</ns3:cad>
          </ns3:TrackPointExtension>
        </extensions>
      </trkpt>
      <trkpt lat="31.02164902724325656890869140625" lon="121.423869989812374114990234375">
        <ele>6</ele>
        <time>2026-06-02T12:32:20.000Z</time>
        <extensions>
          <ns3:TrackPointExtension>
            <ns3:hr>152</ns3:hr>
            <ns3:cad>86</ns3:cad>
          </ns3:TrackPointExtension>
        </extensions>
      </trkpt>
      <trkpt lat="31.02167668752372264862060546875" lon="121.42385087907314300537109375">
        <ele>5.80000019073486328125</ele>
        <time>2026-06-02T12:32:21.000Z</time>
        <extensions>
          <ns3:TrackPointExtension>
            <ns3:hr>153</ns3:hr>
            <ns3:cad>86</ns3:cad>
          </ns3:TrackPointExtension>
        </extensions>
      </trkpt>
      <trkpt lat="31.02170032449066638946533203125" lon="121.4238352887332439422607421875">
        <ele>6</ele>
        <time>2026-06-02T12:32:22.000Z</time>
        <extensions>
          <ns3:TrackPointExtension>
            <ns3:hr>153</ns3:hr>
            <ns3:cad>86</ns3:cad>
          </ns3:TrackPointExtension>
        </extensions>
      </trkpt>
      <trkpt lat="31.0217173397541046142578125" lon="121.423815675079822540283203125">
        <ele>6</ele>
        <time>2026-06-02T12:32:23.000Z</time>
        <extensions>
          <ns3:TrackPointExtension>
            <ns3:hr>153</ns3:hr>
            <ns3:cad>86</ns3:cad>
          </ns3:TrackPointExtension>
        </extensions>
      </trkpt>
      <trkpt lat="31.02174407802522182464599609375" lon="121.42379547469317913055419921875">
        <ele>6</ele>
        <time>2026-06-02T12:32:24.000Z</time>
        <extensions>
          <ns3:TrackPointExtension>
            <ns3:hr>154</ns3:hr>
            <ns3:cad>86</ns3:cad>
          </ns3:TrackPointExtension>
        </extensions>
      </trkpt>
      <trkpt lat="31.02176000364124774932861328125" lon="121.42377485521137714385986328125">
        <ele>6</ele>
        <time>2026-06-02T12:32:25.000Z</time>
        <extensions>
          <ns3:TrackPointExtension>
            <ns3:hr>154</ns3:hr>
            <ns3:cad>86</ns3:cad>
          </ns3:TrackPointExtension>
        </extensions>
      </trkpt>
      <trkpt lat="31.0217817127704620361328125" lon="121.42374719493091106414794921875">
        <ele>6</ele>
        <time>2026-06-02T12:32:26.000Z</time>
        <extensions>
          <ns3:TrackPointExtension>
            <ns3:hr>154</ns3:hr>
            <ns3:cad>86</ns3:cad>
          </ns3:TrackPointExtension>
        </extensions>
      </trkpt>
      <trkpt lat="31.02179571054875850677490234375" lon="121.42372548580169677734375">
        <ele>6.19999980926513671875</ele>
        <time>2026-06-02T12:32:27.000Z</time>
        <extensions>
          <ns3:TrackPointExtension>
            <ns3:hr>154</ns3:hr>
            <ns3:cad>86</ns3:cad>
          </ns3:TrackPointExtension>
        </extensions>
      </trkpt>
      <trkpt lat="31.02181063033640384674072265625" lon="121.42369874753057956695556640625">
        <ele>6.19999980926513671875</ele>
        <time>2026-06-02T12:32:28.000Z</time>
        <extensions>
          <ns3:TrackPointExtension>
            <ns3:hr>155</ns3:hr>
            <ns3:cad>85</ns3:cad>
          </ns3:TrackPointExtension>
        </extensions>
      </trkpt>
      <trkpt lat="31.02182437665760517120361328125" lon="121.4236730150878429412841796875">
        <ele>6.19999980926513671875</ele>
        <time>2026-06-02T12:32:29.000Z</time>
        <extensions>
          <ns3:TrackPointExtension>
            <ns3:hr>155</ns3:hr>
            <ns3:cad>85</ns3:cad>
          </ns3:TrackPointExtension>
        </extensions>
      </trkpt>
      <trkpt lat="31.02182823233306407928466796875" lon="121.42365164123475551605224609375">
        <ele>6.19999980926513671875</ele>
        <time>2026-06-02T12:32:30.000Z</time>
        <extensions>
          <ns3:TrackPointExtension>
            <ns3:hr>156</ns3:hr>
            <ns3:cad>85</ns3:cad>
          </ns3:TrackPointExtension>
        </extensions>
      </trkpt>
      <trkpt lat="31.02184097282588481903076171875" lon="121.423619873821735382080078125">
        <ele>6.19999980926513671875</ele>
        <time>2026-06-02T12:32:31.000Z</time>
        <extensions>
          <ns3:TrackPointExtension>
            <ns3:hr>156</ns3:hr>
            <ns3:cad>85</ns3:cad>
          </ns3:TrackPointExtension>
        </extensions>
      </trkpt>
      <trkpt lat="31.02185304276645183563232421875" lon="121.423599086701869964599609375">
        <ele>6.19999980926513671875</ele>
        <time>2026-06-02T12:32:32.000Z</time>
        <extensions>
          <ns3:TrackPointExtension>
            <ns3:hr>156</ns3:hr>
            <ns3:cad>85</ns3:cad>
          </ns3:TrackPointExtension>
        </extensions>
      </trkpt>
      <trkpt lat="31.0218594968318939208984375" lon="121.42356924712657928466796875">
        <ele>6.19999980926513671875</ele>
        <time>2026-06-02T12:32:33.000Z</time>
        <extensions>
          <ns3:TrackPointExtension>
            <ns3:hr>157</ns3:hr>
            <ns3:cad>85</ns3:cad>
          </ns3:TrackPointExtension>
        </extensions>
      </trkpt>
      <trkpt lat="31.02186745963990688323974609375" lon="121.42353764735162258148193359375">
        <ele>6.19999980926513671875</ele>
        <time>2026-06-02T12:32:34.000Z</time>
        <extensions>
          <ns3:TrackPointExtension>
            <ns3:hr>157</ns3:hr>
            <ns3:cad>85</ns3:cad>
          </ns3:TrackPointExtension>
        </extensions>
      </trkpt>
      <trkpt lat="31.02186553180217742919921875" lon="121.42351023852825164794921875">
        <ele>6.19999980926513671875</ele>
        <time>2026-06-02T12:32:35.000Z</time>
        <extensions>
          <ns3:TrackPointExtension>
            <ns3:hr>157</ns3:hr>
            <ns3:cad>85</ns3:cad>
          </ns3:TrackPointExtension>
        </extensions>
      </trkpt>
      <trkpt lat="31.021868884563446044921875" lon="121.42347109504044055938720703125">
        <ele>6.19999980926513671875</ele>
        <time>2026-06-02T12:32:36.000Z</time>
        <extensions>
          <ns3:TrackPointExtension>
            <ns3:hr>157</ns3:hr>
            <ns3:cad>84</ns3:cad>
          </ns3:TrackPointExtension>
        </extensions>
      </trkpt>
      <trkpt lat="31.0218700580298900604248046875" lon="121.42344444058835506439208984375">
        <ele>6.19999980926513671875</ele>
        <time>2026-06-02T12:32:37.000Z</time>
        <extensions>
          <ns3:TrackPointExtension>
            <ns3:hr>156</ns3:hr>
            <ns3:cad>84</ns3:cad>
          </ns3:TrackPointExtension>
        </extensions>
      </trkpt>
      <trkpt lat="31.0218670405447483062744140625" lon="121.42340739257633686065673828125">
        <ele>6.19999980926513671875</ele>
        <time>2026-06-02T12:32:38.000Z</time>
        <extensions>
          <ns3:TrackPointExtension>
            <ns3:hr>157</ns3:hr>
            <ns3:cad>84</ns3:cad>
          </ns3:TrackPointExtension>
        </extensions>
      </trkpt>
      <trkpt lat="31.02186561562120914459228515625" lon="121.42337822355329990386962890625">
        <ele>6.19999980926513671875</ele>
        <time>2026-06-02T12:32:39.000Z</time>
        <extensions>
          <ns3:TrackPointExtension>
            <ns3:hr>157</ns3:hr>
            <ns3:cad>85</ns3:cad>
          </ns3:TrackPointExtension>
        </extensions>
      </trkpt>
      <trkpt lat="31.021857820451259613037109375" lon="121.42335039563477039337158203125">
        <ele>6.19999980926513671875</ele>
        <time>2026-06-02T12:32:40.000Z</time>
        <extensions>
          <ns3:TrackPointExtension>
            <ns3:hr>157</ns3:hr>
            <ns3:cad>85</ns3:cad>
          </ns3:TrackPointExtension>
        </extensions>
      </trkpt>
      <trkpt lat="31.0218516178429126739501953125" lon="121.42331636510789394378662109375">
        <ele>6</ele>
        <time>2026-06-02T12:32:41.000Z</time>
        <extensions>
          <ns3:TrackPointExtension>
            <ns3:hr>157</ns3:hr>
            <ns3:cad>85</ns3:cad>
          </ns3:TrackPointExtension>
        </extensions>
      </trkpt>
      <trkpt lat="31.0218402184545993804931640625" lon="121.423292644321918487548828125">
        <ele>6</ele>
        <time>2026-06-02T12:32:42.000Z</time>
        <extensions>
          <ns3:TrackPointExtension>
            <ns3:hr>157</ns3:hr>
            <ns3:cad>85</ns3:cad>
          </ns3:TrackPointExtension>
        </extensions>
      </trkpt>
      <trkpt lat="31.0218244604766368865966796875" lon="121.4232576079666614532470703125">
        <ele>6</ele>
        <time>2026-06-02T12:32:43.000Z</time>
        <extensions>
          <ns3:TrackPointExtension>
            <ns3:hr>157</ns3:hr>
            <ns3:cad>85</ns3:cad>
          </ns3:TrackPointExtension>
        </extensions>
      </trkpt>
      <trkpt lat="31.02181188762187957763671875" lon="121.42323757521808147430419921875">
        <ele>6</ele>
        <time>2026-06-02T12:32:44.000Z</time>
        <extensions>
          <ns3:TrackPointExtension>
            <ns3:hr>157</ns3:hr>
            <ns3:cad>85</ns3:cad>
          </ns3:TrackPointExtension>
        </extensions>
      </trkpt>
      <trkpt lat="31.02179554291069507598876953125" lon="121.4232046343386173248291015625">
        <ele>6</ele>
        <time>2026-06-02T12:32:45.000Z</time>
        <extensions>
          <ns3:TrackPointExtension>
            <ns3:hr>158</ns3:hr>
            <ns3:cad>85</ns3:cad>
          </ns3:TrackPointExtension>
        </extensions>
      </trkpt>
      <trkpt lat="31.02178179658949375152587890625" lon="121.423177309334278106689453125">
        <ele>6</ele>
        <time>2026-06-02T12:32:46.000Z</time>
        <extensions>
          <ns3:TrackPointExtension>
            <ns3:hr>158</ns3:hr>
            <ns3:cad>85</ns3:cad>
          </ns3:TrackPointExtension>
        </extensions>
      </trkpt>
      <trkpt lat="31.02176360785961151123046875" lon="121.42315476201474666595458984375">
        <ele>6</ele>
        <time>2026-06-02T12:32:47.000Z</time>
        <extensions>
          <ns3:TrackPointExtension>
            <ns3:hr>158</ns3:hr>
            <ns3:cad>85</ns3:cad>
          </ns3:TrackPointExtension>
        </extensions>
      </trkpt>
      <trkpt lat="31.02174458093941211700439453125" lon="121.42312827520072460174560546875">
        <ele>6</ele>
        <time>2026-06-02T12:32:48.000Z</time>
        <extensions>
          <ns3:TrackPointExtension>
            <ns3:hr>157</ns3:hr>
            <ns3:cad>86</ns3:cad>
          </ns3:TrackPointExtension>
        </extensions>
      </trkpt>
      <trkpt lat="31.02172446437180042266845703125" lon="121.42311151139438152313232421875">
        <ele>6</ele>
        <time>2026-06-02T12:32:49.000Z</time>
        <extensions>
          <ns3:TrackPointExtension>
            <ns3:hr>158</ns3:hr>
            <ns3:cad>86</ns3:cad>
          </ns3:TrackPointExtension>
        </extensions>
      </trkpt>
      <trkpt lat="31.0216994024813175201416015625" lon="121.42308737151324748992919921875">
        <ele>6</ele>
        <time>2026-06-02T12:32:50.000Z</time>
        <extensions>
          <ns3:TrackPointExtension>
            <ns3:hr>158</ns3:hr>
            <ns3:cad>86</ns3:cad>
          </ns3:TrackPointExtension>
        </extensions>
      </trkpt>
      <trkpt lat="31.0216755978763103485107421875" lon="121.42307496629655361175537109375">
        <ele>6</ele>
        <time>2026-06-02T12:32:51.000Z</time>
        <extensions>
          <ns3:TrackPointExtension>
            <ns3:hr>158</ns3:hr>
            <ns3:cad>86</ns3:cad>
          </ns3:TrackPointExtension>
        </extensions>
      </trkpt>
      <trkpt lat="31.0216470994055271148681640625" lon="121.4230557717382907867431640625">
        <ele>6</ele>
        <time>2026-06-02T12:32:52.000Z</time>
        <extensions>
          <ns3:TrackPointExtension>
            <ns3:hr>158</ns3:hr>
            <ns3:cad>86</ns3:cad>
          </ns3:TrackPointExtension>
        </extensions>
      </trkpt>
      <trkpt lat="31.02162337861955165863037109375" lon="121.4230426959693431854248046875">
        <ele>6</ele>
        <time>2026-06-02T12:32:53.000Z</time>
        <extensions>
          <ns3:TrackPointExtension>
            <ns3:hr>158</ns3:hr>
            <ns3:cad>87</ns3:cad>
          </ns3:TrackPointExtension>
        </extensions>
      </trkpt>
      <trkpt lat="31.0215964727103710174560546875" lon="121.42302869819104671478271484375">
        <ele>5.80000019073486328125</ele>
        <time>2026-06-02T12:32:54.000Z</time>
        <extensions>
          <ns3:TrackPointExtension>
            <ns3:hr>158</ns3:hr>
            <ns3:cad>87</ns3:cad>
          </ns3:TrackPointExtension>
        </extensions>
      </trkpt>
      <trkpt lat="31.02156872861087322235107421875" lon="121.42301746644079685211181640625">
        <ele>5.80000019073486328125</ele>
        <time>2026-06-02T12:32:55.000Z</time>
        <extensions>
          <ns3:TrackPointExtension>
            <ns3:hr>158</ns3:hr>
            <ns3:cad>87</ns3:cad>
          </ns3:TrackPointExtension>
        </extensions>
      </trkpt>
      <trkpt lat="31.021541655063629150390625" lon="121.42301361076533794403076171875">
        <ele>5.80000019073486328125</ele>
        <time>2026-06-02T12:32:56.000Z</time>
        <extensions>
          <ns3:TrackPointExtension>
            <ns3:hr>158</ns3:hr>
            <ns3:cad>87</ns3:cad>
          </ns3:TrackPointExtension>
        </extensions>
      </trkpt>
      <trkpt lat="31.02150804363191127777099609375" lon="121.4230053126811981201171875">
        <ele>5.80000019073486328125</ele>
        <time>2026-06-02T12:32:57.000Z</time>
        <extensions>
          <ns3:TrackPointExtension>
            <ns3:hr>158</ns3:hr>
            <ns3:cad>87</ns3:cad>
          </ns3:TrackPointExtension>
        </extensions>
      </trkpt>
      <trkpt lat="31.0214814729988574981689453125" lon="121.42300221137702465057373046875">
        <ele>5.80000019073486328125</ele>
        <time>2026-06-02T12:32:58.000Z</time>
        <extensions>
          <ns3:TrackPointExtension>
            <ns3:hr>158</ns3:hr>
            <ns3:cad>87</ns3:cad>
          </ns3:TrackPointExtension>
        </extensions>
      </trkpt>
      <trkpt lat="31.02145356126129627227783203125" lon="121.423004306852817535400390625">
        <ele>6</ele>
        <time>2026-06-02T12:32:59.000Z</time>
        <extensions>
          <ns3:TrackPointExtension>
            <ns3:hr>158</ns3:hr>
            <ns3:cad>86</ns3:cad>
          </ns3:TrackPointExtension>
        </extensions>
      </trkpt>
      <trkpt lat="31.02142833173274993896484375" lon="121.42300757579505443572998046875">
        <ele>6.19999980926513671875</ele>
        <time>2026-06-02T12:33:00.000Z</time>
        <extensions>
          <ns3:TrackPointExtension>
            <ns3:hr>158</ns3:hr>
            <ns3:cad>86</ns3:cad>
          </ns3:TrackPointExtension>
        </extensions>
      </trkpt>
      <trkpt lat="31.0214046947658061981201171875" lon="121.42301713116466999053955078125">
        <ele>6.19999980926513671875</ele>
        <time>2026-06-02T12:33:01.000Z</time>
        <extensions>
          <ns3:TrackPointExtension>
            <ns3:hr>158</ns3:hr>
            <ns3:cad>86</ns3:cad>
          </ns3:TrackPointExtension>
        </extensions>
      </trkpt>
      <trkpt lat="31.02137695066630840301513671875" lon="121.4230249263346195220947265625">
        <ele>6.19999980926513671875</ele>
        <time>2026-06-02T12:33:02.000Z</time>
        <extensions>
          <ns3:TrackPointExtension>
            <ns3:hr>158</ns3:hr>
            <ns3:cad>86</ns3:cad>
          </ns3:TrackPointExtension>
        </extensions>
      </trkpt>
      <trkpt lat="31.0213552415370941162109375" lon="121.4230376668274402618408203125">
        <ele>6</ele>
        <time>2026-06-02T12:33:03.000Z</time>
        <extensions>
          <ns3:TrackPointExtension>
            <ns3:hr>158</ns3:hr>
            <ns3:cad>85</ns3:cad>
          </ns3:TrackPointExtension>
        </extensions>
      </trkpt>
      <trkpt lat="31.0213257372379302978515625" lon="121.42304747365415096282958984375">
        <ele>5.80000019073486328125</ele>
        <time>2026-06-02T12:33:04.000Z</time>
        <extensions>
          <ns3:TrackPointExtension>
            <ns3:hr>158</ns3:hr>
            <ns3:cad>85</ns3:cad>
          </ns3:TrackPointExtension>
        </extensions>
      </trkpt>
      <trkpt lat="31.02130386047065258026123046875" lon="121.423058621585369110107421875">
        <ele>5.80000019073486328125</ele>
        <time>2026-06-02T12:33:05.000Z</time>
        <extensions>
          <ns3:TrackPointExtension>
            <ns3:hr>158</ns3:hr>
            <ns3:cad>85</ns3:cad>
          </ns3:TrackPointExtension>
        </extensions>
      </trkpt>
      <trkpt lat="31.02127351798117160797119140625" lon="121.4230688475072383880615234375">
        <ele>5.80000019073486328125</ele>
        <time>2026-06-02T12:33:06.000Z</time>
        <extensions>
          <ns3:TrackPointExtension>
            <ns3:hr>158</ns3:hr>
            <ns3:cad>86</ns3:cad>
          </ns3:TrackPointExtension>
        </extensions>
      </trkpt>
      <trkpt lat="31.02125206030905246734619140625" lon="121.4230752177536487579345703125">
        <ele>5.80000019073486328125</ele>
        <time>2026-06-02T12:33:07.000Z</time>
        <extensions>
          <ns3:TrackPointExtension>
            <ns3:hr>157</ns3:hr>
            <ns3:cad>86</ns3:cad>
          </ns3:TrackPointExtension>
        </extensions>
      </trkpt>
      <trkpt lat="31.02122641168534755706787109375" lon="121.4230906404554843902587890625">
        <ele>5.80000019073486328125</ele>
        <time>2026-06-02T12:33:08.000Z</time>
        <extensions>
          <ns3:TrackPointExtension>
            <ns3:hr>158</ns3:hr>
            <ns3:cad>86</ns3:cad>
          </ns3:TrackPointExtension>
        </extensions>
      </trkpt>
      <trkpt lat="31.02120042778551578521728515625" lon="121.42310078255832195281982421875">
        <ele>6</ele>
        <time>2026-06-02T12:33:09.000Z</time>
        <extensions>
          <ns3:TrackPointExtension>
            <ns3:hr>158</ns3:hr>
            <ns3:cad>86</ns3:cad>
          </ns3:TrackPointExtension>
        </extensions>
      </trkpt>
      <trkpt lat="31.0211782157421112060546875" lon="121.42311452887952327728271484375">
        <ele>5.80000019073486328125</ele>
        <time>2026-06-02T12:33:10.000Z</time>
        <extensions>
          <ns3:TrackPointExtension>
            <ns3:hr>157</ns3:hr>
            <ns3:cad>86</ns3:cad>
          </ns3:TrackPointExtension>
        </extensions>
      </trkpt>
      <trkpt lat="31.0211525671184062957763671875" lon="121.4231248386204242706298828125">
        <ele>5.80000019073486328125</ele>
        <time>2026-06-02T12:33:11.000Z</time>
        <extensions>
          <ns3:TrackPointExtension>
            <ns3:hr>158</ns3:hr>
            <ns3:cad>86</ns3:cad>
          </ns3:TrackPointExtension>
        </extensions>
      </trkpt>
      <trkpt lat="31.02113236673176288604736328125" lon="121.42313967458903789520263671875">
        <ele>6</ele>
        <time>2026-06-02T12:33:12.000Z</time>
        <extensions>
          <ns3:TrackPointExtension>
            <ns3:hr>158</ns3:hr>
            <ns3:cad>86</ns3:cad>
          </ns3:TrackPointExtension>
        </extensions>
      </trkpt>
      <trkpt lat="31.0211052931845188140869140625" lon="121.42315350472927093505859375">
        <ele>5.80000019073486328125</ele>
        <time>2026-06-02T12:33:13.000Z</time>
        <extensions>
          <ns3:TrackPointExtension>
            <ns3:hr>158</ns3:hr>
            <ns3:cad>86</ns3:cad>
          </ns3:TrackPointExtension>
        </extensions>
      </trkpt>
      <trkpt lat="31.02108475752174854278564453125" lon="121.42316347919404506683349609375">
        <ele>5.80000019073486328125</ele>
        <time>2026-06-02T12:33:14.000Z</time>
        <extensions>
          <ns3:TrackPointExtension>
            <ns3:hr>157</ns3:hr>
            <ns3:cad>86</ns3:cad>
          </ns3:TrackPointExtension>
        </extensions>
      </trkpt>
      <trkpt lat="31.02105743251740932464599609375" lon="121.42317898571491241455078125">
        <ele>5.80000019073486328125</ele>
        <time>2026-06-02T12:33:15.000Z</time>
        <extensions>
          <ns3:TrackPointExtension>
            <ns3:hr>158</ns3:hr>
            <ns3:cad>85</ns3:cad>
          </ns3:TrackPointExtension>
        </extensions>
      </trkpt>
      <trkpt lat="31.02103413082659244537353515625" lon="121.42318912781774997711181640625">
        <ele>5.80000019073486328125</ele>
        <time>2026-06-02T12:33:16.000Z</time>
        <extensions>
          <ns3:TrackPointExtension>
            <ns3:hr>158</ns3:hr>
            <ns3:cad>85</ns3:cad>
          </ns3:TrackPointExtension>
        </extensions>
      </trkpt>
      <trkpt lat="31.02101258933544158935546875" lon="121.42320270650088787078857421875">
        <ele>5.80000019073486328125</ele>
        <time>2026-06-02T12:33:17.000Z</time>
        <extensions>
          <ns3:TrackPointExtension>
            <ns3:hr>158</ns3:hr>
            <ns3:cad>85</ns3:cad>
          </ns3:TrackPointExtension>
        </extensions>
      </trkpt>
      <trkpt lat="31.02098300121724605560302734375" lon="121.42320589162409305572509765625">
        <ele>5.80000019073486328125</ele>
        <time>2026-06-02T12:33:18.000Z</time>
        <extensions>
          <ns3:TrackPointExtension>
            <ns3:hr>159</ns3:hr>
            <ns3:cad>86</ns3:cad>
          </ns3:TrackPointExtension>
        </extensions>
      </trkpt>
      <trkpt lat="31.020962633192539215087890625" lon="121.423218213021755218505859375">
        <ele>5.599999904632568359375</ele>
        <time>2026-06-02T12:33:19.000Z</time>
        <extensions>
          <ns3:TrackPointExtension>
            <ns3:hr>159</ns3:hr>
            <ns3:cad>86</ns3:cad>
          </ns3:TrackPointExtension>
        </extensions>
      </trkpt>
      <trkpt lat="31.02093203924596309661865234375" lon="121.4232307858765125274658203125">
        <ele>5.599999904632568359375</ele>
        <time>2026-06-02T12:33:20.000Z</time>
        <extensions>
          <ns3:TrackPointExtension>
            <ns3:hr>159</ns3:hr>
            <ns3:cad>86</ns3:cad>
          </ns3:TrackPointExtension>
        </extensions>
      </trkpt>
      <trkpt lat="31.020911000669002532958984375" lon="121.4232384972274303436279296875">
        <ele>5.599999904632568359375</ele>
        <time>2026-06-02T12:33:21.000Z</time>
        <extensions>
          <ns3:TrackPointExtension>
            <ns3:hr>159</ns3:hr>
            <ns3:cad>86</ns3:cad>
          </ns3:TrackPointExtension>
        </extensions>
      </trkpt>
      <trkpt lat="31.0208863578736782073974609375" lon="121.423251740634441375732421875">
        <ele>5.599999904632568359375</ele>
        <time>2026-06-02T12:33:22.000Z</time>
        <extensions>
          <ns3:TrackPointExtension>
            <ns3:hr>159</ns3:hr>
            <ns3:cad>85</ns3:cad>
          </ns3:TrackPointExtension>
        </extensions>
      </trkpt>
      <trkpt lat="31.02086146362125873565673828125" lon="121.423259787261486053466796875">
        <ele>5.599999904632568359375</ele>
        <time>2026-06-02T12:33:23.000Z</time>
        <extensions>
          <ns3:TrackPointExtension>
            <ns3:hr>159</ns3:hr>
            <ns3:cad>85</ns3:cad>
          </ns3:TrackPointExtension>
        </extensions>
      </trkpt>
      <trkpt lat="31.020840592682361602783203125" lon="121.4232716895639896392822265625">
        <ele>5.599999904632568359375</ele>
        <time>2026-06-02T12:33:24.000Z</time>
        <extensions>
          <ns3:TrackPointExtension>
            <ns3:hr>159</ns3:hr>
            <ns3:cad>85</ns3:cad>
          </ns3:TrackPointExtension>
        </extensions>
      </trkpt>
      <trkpt lat="31.02081167511641979217529296875" lon="121.4232794009149074554443359375">
        <ele>5.80000019073486328125</ele>
        <time>2026-06-02T12:33:25.000Z</time>
        <extensions>
          <ns3:TrackPointExtension>
            <ns3:hr>160</ns3:hr>
            <ns3:cad>85</ns3:cad>
          </ns3:TrackPointExtension>
        </extensions>
      </trkpt>
      <trkpt lat="31.0207908041775226593017578125" lon="121.42329155467450618743896484375">
        <ele>5.80000019073486328125</ele>
        <time>2026-06-02T12:33:26.000Z</time>
        <extensions>
          <ns3:TrackPointExtension>
            <ns3:hr>160</ns3:hr>
            <ns3:cad>85</ns3:cad>
          </ns3:TrackPointExtension>
        </extensions>
      </trkpt>
      <trkpt lat="31.0207606293261051177978515625" lon="121.42330345697700977325439453125">
        <ele>5.80000019073486328125</ele>
        <time>2026-06-02T12:33:27.000Z</time>
        <extensions>
          <ns3:TrackPointExtension>
            <ns3:hr>160</ns3:hr>
            <ns3:cad>86</ns3:cad>
          </ns3:TrackPointExtension>
        </extensions>
      </trkpt>
      <trkpt lat="31.02073900401592254638671875" lon="121.42331619746983051300048828125">
        <ele>5.80000019073486328125</ele>
        <time>2026-06-02T12:33:28.000Z</time>
        <extensions>
          <ns3:TrackPointExtension>
            <ns3:hr>160</ns3:hr>
            <ns3:cad>86</ns3:cad>
          </ns3:TrackPointExtension>
        </extensions>
      </trkpt>
      <trkpt lat="31.020711176097393035888671875" lon="121.4233293570578098297119140625">
        <ele>5.80000019073486328125</ele>
        <time>2026-06-02T12:33:29.000Z</time>
        <extensions>
          <ns3:TrackPointExtension>
            <ns3:hr>160</ns3:hr>
            <ns3:cad>86</ns3:cad>
          </ns3:TrackPointExtension>
        </extensions>
      </trkpt>
      <trkpt lat="31.020694412291049957275390625" lon="121.4233400858938694000244140625">
        <ele>5.80000019073486328125</ele>
        <time>2026-06-02T12:33:30.000Z</time>
        <extensions>
          <ns3:TrackPointExtension>
            <ns3:hr>160</ns3:hr>
            <ns3:cad>86</ns3:cad>
          </ns3:TrackPointExtension>
        </extensions>
      </trkpt>
      <trkpt lat="31.0206697694957256317138671875" lon="121.42335659824311733245849609375">
        <ele>5.80000019073486328125</ele>
        <time>2026-06-02T12:33:31.000Z</time>
        <extensions>
          <ns3:TrackPointExtension>
            <ns3:hr>160</ns3:hr>
            <ns3:cad>87</ns3:cad>
          </ns3:TrackPointExtension>
        </extensions>
      </trkpt>
      <trkpt lat="31.02064453996717929840087890625" lon="121.42336598597466945648193359375">
        <ele>5.80000019073486328125</ele>
        <time>2026-06-02T12:33:32.000Z</time>
        <extensions>
          <ns3:TrackPointExtension>
            <ns3:hr>160</ns3:hr>
            <ns3:cad>87</ns3:cad>
          </ns3:TrackPointExtension>
        </extensions>
      </trkpt>
      <trkpt lat="31.0206248424947261810302734375" lon="121.42338090576231479644775390625">
        <ele>5.80000019073486328125</ele>
        <time>2026-06-02T12:33:33.000Z</time>
        <extensions>
          <ns3:TrackPointExtension>
            <ns3:hr>160</ns3:hr>
            <ns3:cad>86</ns3:cad>
          </ns3:TrackPointExtension>
        </extensions>
      </trkpt>
      <trkpt lat="31.020597852766513824462890625" lon="121.4233907125890254974365234375">
        <ele>5.80000019073486328125</ele>
        <time>2026-06-02T12:33:34.000Z</time>
        <extensions>
          <ns3:TrackPointExtension>
            <ns3:hr>160</ns3:hr>
            <ns3:cad>86</ns3:cad>
          </ns3:TrackPointExtension>
        </extensions>
      </trkpt>
      <trkpt lat="31.02057782001793384552001953125" lon="121.423405967652797698974609375">
        <ele>6</ele>
        <time>2026-06-02T12:33:35.000Z</time>
        <extensions>
          <ns3:TrackPointExtension>
            <ns3:hr>159</ns3:hr>
            <ns3:cad>87</ns3:cad>
          </ns3:TrackPointExtension>
        </extensions>
      </trkpt>
      <trkpt lat="31.0205483995378017425537109375" lon="121.423426084220409393310546875">
        <ele>6</ele>
        <time>2026-06-02T12:33:36.000Z</time>
        <extensions>
          <ns3:TrackPointExtension>
            <ns3:hr>159</ns3:hr>
            <ns3:cad>87</ns3:cad>
          </ns3:TrackPointExtension>
        </extensions>
      </trkpt>
      <trkpt lat="31.020527444779872894287109375" lon="121.423439495265483856201171875">
        <ele>6</ele>
        <time>2026-06-02T12:33:37.000Z</time>
        <extensions>
          <ns3:TrackPointExtension>
            <ns3:hr>159</ns3:hr>
            <ns3:cad>87</ns3:cad>
          </ns3:TrackPointExtension>
        </extensions>
      </trkpt>
      <trkpt lat="31.02050296962261199951171875" lon="121.42346061766147613525390625">
        <ele>6</ele>
        <time>2026-06-02T12:33:38.000Z</time>
        <extensions>
          <ns3:TrackPointExtension>
            <ns3:hr>159</ns3:hr>
            <ns3:cad>86</ns3:cad>
          </ns3:TrackPointExtension>
        </extensions>
      </trkpt>
      <trkpt lat="31.020479165017604827880859375" lon="121.42347478307783603668212890625">
        <ele>6</ele>
        <time>2026-06-02T12:33:39.000Z</time>
        <extensions>
          <ns3:TrackPointExtension>
            <ns3:hr>159</ns3:hr>
            <ns3:cad>86</ns3:cad>
          </ns3:TrackPointExtension>
        </extensions>
      </trkpt>
      <trkpt lat="31.0204639099538326263427734375" lon="121.42349557019770145416259765625">
        <ele>6</ele>
        <time>2026-06-02T12:33:40.000Z</time>
        <extensions>
          <ns3:TrackPointExtension>
            <ns3:hr>159</ns3:hr>
            <ns3:cad>86</ns3:cad>
          </ns3:TrackPointExtension>
        </extensions>
      </trkpt>
      <trkpt lat="31.0204432904720306396484375" lon="121.4235174469649791717529296875">
        <ele>6</ele>
        <time>2026-06-02T12:33:41.000Z</time>
        <extensions>
          <ns3:TrackPointExtension>
            <ns3:hr>159</ns3:hr>
            <ns3:cad>86</ns3:cad>
          </ns3:TrackPointExtension>
        </extensions>
      </trkpt>
      <trkpt lat="31.02043591439723968505859375" lon="121.42353706061840057373046875">
        <ele>6</ele>
        <time>2026-06-02T12:33:42.000Z</time>
        <extensions>
          <ns3:TrackPointExtension>
            <ns3:hr>159</ns3:hr>
            <ns3:cad>86</ns3:cad>
          </ns3:TrackPointExtension>
        </extensions>
      </trkpt>
      <trkpt lat="31.02041839621961116790771484375" lon="121.42357167787849903106689453125">
        <ele>6</ele>
        <time>2026-06-02T12:33:43.000Z</time>
        <extensions>
          <ns3:TrackPointExtension>
            <ns3:hr>159</ns3:hr>
            <ns3:cad>85</ns3:cad>
          </ns3:TrackPointExtension>
        </extensions>
      </trkpt>
      <trkpt lat="31.02041286416351795196533203125" lon="121.42359514720737934112548828125">
        <ele>6</ele>
        <time>2026-06-02T12:33:44.000Z</time>
        <extensions>
          <ns3:TrackPointExtension>
            <ns3:hr>159</ns3:hr>
            <ns3:cad>85</ns3:cad>
          </ns3:TrackPointExtension>
        </extensions>
      </trkpt>
      <trkpt lat="31.0204069130122661590576171875" lon="121.4236274175345897674560546875">
        <ele>6</ele>
        <time>2026-06-02T12:33:45.000Z</time>
        <extensions>
          <ns3:TrackPointExtension>
            <ns3:hr>160</ns3:hr>
            <ns3:cad>85</ns3:cad>
          </ns3:TrackPointExtension>
        </extensions>
      </trkpt>
      <trkpt lat="31.02039970457553863525390625" lon="121.4236535690724849700927734375">
        <ele>6</ele>
        <time>2026-06-02T12:33:46.000Z</time>
        <extensions>
          <ns3:TrackPointExtension>
            <ns3:hr>159</ns3:hr>
            <ns3:cad>85</ns3:cad>
          </ns3:TrackPointExtension>
        </extensions>
      </trkpt>
      <trkpt lat="31.02039836347103118896484375" lon="121.4236797206103801727294921875">
        <ele>6.19999980926513671875</ele>
        <time>2026-06-02T12:33:47.000Z</time>
        <extensions>
          <ns3:TrackPointExtension>
            <ns3:hr>159</ns3:hr>
            <ns3:cad>85</ns3:cad>
          </ns3:TrackPointExtension>
        </extensions>
      </trkpt>
      <trkpt lat="31.0203867964446544647216796875" lon="121.42371676862239837646484375">
        <ele>6</ele>
        <time>2026-06-02T12:33:48.000Z</time>
        <extensions>
          <ns3:TrackPointExtension>
            <ns3:hr>159</ns3:hr>
            <ns3:cad>85</ns3:cad>
          </ns3:TrackPointExtension>
        </extensions>
      </trkpt>
      <trkpt lat="31.02038620971143245697021484375" lon="121.423745937645435333251953125">
        <ele>6.19999980926513671875</ele>
        <time>2026-06-02T12:33:49.000Z</time>
        <extensions>
          <ns3:TrackPointExtension>
            <ns3:hr>159</ns3:hr>
            <ns3:cad>85</ns3:cad>
          </ns3:TrackPointExtension>
        </extensions>
      </trkpt>
      <trkpt lat="31.02038620971143245697021484375" lon="121.4237809740006923675537109375">
        <ele>6.19999980926513671875</ele>
        <time>2026-06-02T12:33:50.000Z</time>
        <extensions>
          <ns3:TrackPointExtension>
            <ns3:hr>159</ns3:hr>
            <ns3:cad>86</ns3:cad>
          </ns3:TrackPointExtension>
        </extensions>
      </trkpt>
      <trkpt lat="31.02038973011076450347900390625" lon="121.42380922101438045501708984375">
        <ele>6.19999980926513671875</ele>
        <time>2026-06-02T12:33:51.000Z</time>
        <extensions>
          <ns3:TrackPointExtension>
            <ns3:hr>159</ns3:hr>
            <ns3:cad>86</ns3:cad>
          </ns3:TrackPointExtension>
        </extensions>
      </trkpt>
      <trkpt lat="31.0203976929187774658203125" lon="121.42383788712322711944580078125">
        <ele>6</ele>
        <time>2026-06-02T12:33:52.000Z</time>
        <extensions>
          <ns3:TrackPointExtension>
            <ns3:hr>160</ns3:hr>
            <ns3:cad>86</ns3:cad>
          </ns3:TrackPointExtension>
        </extensions>
      </trkpt>
      <trkpt lat="31.02039978839457035064697265625" lon="121.4238735102117061614990234375">
        <ele>6</ele>
        <time>2026-06-02T12:33:53.000Z</time>
        <extensions>
          <ns3:TrackPointExtension>
            <ns3:hr>160</ns3:hr>
            <ns3:cad>85</ns3:cad>
          </ns3:TrackPointExtension>
        </extensions>
      </trkpt>
      <trkpt lat="31.0204045660793781280517578125" lon="121.4238963089883327484130859375">
        <ele>6</ele>
        <time>2026-06-02T12:33:54.000Z</time>
        <extensions>
          <ns3:TrackPointExtension>
            <ns3:hr>160</ns3:hr>
            <ns3:cad>84</ns3:cad>
          </ns3:TrackPointExtension>
        </extensions>
      </trkpt>
      <trkpt lat="31.0204159654676914215087890625" lon="121.4239328540861606597900390625">
        <ele>5.80000019073486328125</ele>
        <time>2026-06-02T12:33:55.000Z</time>
        <extensions>
          <ns3:TrackPointExtension>
            <ns3:hr>160</ns3:hr>
            <ns3:cad>84</ns3:cad>
          </ns3:TrackPointExtension>
        </extensions>
      </trkpt>
      <trkpt lat="31.02042384445667266845703125" lon="121.42395875416696071624755859375">
        <ele>5.80000019073486328125</ele>
        <time>2026-06-02T12:33:56.000Z</time>
        <extensions>
          <ns3:TrackPointExtension>
            <ns3:hr>161</ns3:hr>
            <ns3:cad>84</ns3:cad>
          </ns3:TrackPointExtension>
        </extensions>
      </trkpt>
      <trkpt lat="31.02043868042528629302978515625" lon="121.42398607917129993438720703125">
        <ele>6</ele>
        <time>2026-06-02T12:33:57.000Z</time>
        <extensions>
          <ns3:TrackPointExtension>
            <ns3:hr>161</ns3:hr>
            <ns3:cad>84</ns3:cad>
          </ns3:TrackPointExtension>
        </extensions>
      </trkpt>
      <trkpt lat="31.02045091800391674041748046875" lon="121.42401725985109806060791015625">
        <ele>6</ele>
        <time>2026-06-02T12:33:58.000Z</time>
        <extensions>
          <ns3:TrackPointExtension>
            <ns3:hr>161</ns3:hr>
            <ns3:cad>84</ns3:cad>
          </ns3:TrackPointExtension>
        </extensions>
      </trkpt>
      <trkpt lat="31.02046416141092777252197265625" lon="121.42403620295226573944091796875">
        <ele>6</ele>
        <time>2026-06-02T12:33:59.000Z</time>
        <extensions>
          <ns3:TrackPointExtension>
            <ns3:hr>161</ns3:hr>
            <ns3:cad>84</ns3:cad>
          </ns3:TrackPointExtension>
        </extensions>
      </trkpt>
      <trkpt lat="31.02048494853079319000244140625" lon="121.4240662939846515655517578125">
        <ele>6.19999980926513671875</ele>
        <time>2026-06-02T12:34:00.000Z</time>
        <extensions>
          <ns3:TrackPointExtension>
            <ns3:hr>162</ns3:hr>
            <ns3:cad>84</ns3:cad>
          </ns3:TrackPointExtension>
        </extensions>
      </trkpt>
      <trkpt lat="31.02050221525132656097412109375" lon="121.42408096231520175933837890625">
        <ele>6.19999980926513671875</ele>
        <time>2026-06-02T12:34:01.000Z</time>
        <extensions>
          <ns3:TrackPointExtension>
            <ns3:hr>162</ns3:hr>
            <ns3:cad>84</ns3:cad>
          </ns3:TrackPointExtension>
        </extensions>
      </trkpt>
      <trkpt lat="31.02052987553179264068603515625" lon="121.42410309053957462310791015625">
        <ele>6.19999980926513671875</ele>
        <time>2026-06-02T12:34:02.000Z</time>
        <extensions>
          <ns3:TrackPointExtension>
            <ns3:hr>162</ns3:hr>
            <ns3:cad>85</ns3:cad>
          </ns3:TrackPointExtension>
        </extensions>
      </trkpt>
      <trkpt lat="31.02055124938488006591796875" lon="121.4241199381649494171142578125">
        <ele>6.19999980926513671875</ele>
        <time>2026-06-02T12:34:03.000Z</time>
        <extensions>
          <ns3:TrackPointExtension>
            <ns3:hr>162</ns3:hr>
            <ns3:cad>85</ns3:cad>
          </ns3:TrackPointExtension>
        </extensions>
      </trkpt>
      <trkpt lat="31.02057463489472866058349609375" lon="121.42413293011486530303955078125">
        <ele>6.19999980926513671875</ele>
        <time>2026-06-02T12:34:04.000Z</time>
        <extensions>
          <ns3:TrackPointExtension>
            <ns3:hr>162</ns3:hr>
            <ns3:cad>85</ns3:cad>
          </ns3:TrackPointExtension>
        </extensions>
      </trkpt>
      <trkpt lat="31.0206010378897190093994140625" lon="121.424156315624713897705078125">
        <ele>6.19999980926513671875</ele>
        <time>2026-06-02T12:34:05.000Z</time>
        <extensions>
          <ns3:TrackPointExtension>
            <ns3:hr>162</ns3:hr>
            <ns3:cad>85</ns3:cad>
          </ns3:TrackPointExtension>
        </extensions>
      </trkpt>
      <trkpt lat="31.0206224955618381500244140625" lon="121.42416411079466342926025390625">
        <ele>6.19999980926513671875</ele>
        <time>2026-06-02T12:34:06.000Z</time>
        <extensions>
          <ns3:TrackPointExtension>
            <ns3:hr>162</ns3:hr>
            <ns3:cad>85</ns3:cad>
          </ns3:TrackPointExtension>
        </extensions>
      </trkpt>
      <trkpt lat="31.02065392769873142242431640625" lon="121.4241836406290531158447265625">
        <ele>6.19999980926513671875</ele>
        <time>2026-06-02T12:34:07.000Z</time>
        <extensions>
          <ns3:TrackPointExtension>
            <ns3:hr>162</ns3:hr>
            <ns3:cad>84</ns3:cad>
          </ns3:TrackPointExtension>
        </extensions>
      </trkpt>
      <trkpt lat="31.0206747986376285552978515625" lon="121.42419428564608097076416015625">
        <ele>6</ele>
        <time>2026-06-02T12:34:08.000Z</time>
        <extensions>
          <ns3:TrackPointExtension>
            <ns3:hr>162</ns3:hr>
            <ns3:cad>84</ns3:cad>
          </ns3:TrackPointExtension>
        </extensions>
      </trkpt>
      <trkpt lat="31.0207046382129192352294921875" lon="121.42420568503439426422119140625">
        <ele>6</ele>
        <time>2026-06-02T12:34:09.000Z</time>
        <extensions>
          <ns3:TrackPointExtension>
            <ns3:hr>162</ns3:hr>
            <ns3:cad>85</ns3:cad>
          </ns3:TrackPointExtension>
        </extensions>
      </trkpt>
      <trkpt lat="31.0207274369895458221435546875" lon="121.42421373166143894195556640625">
        <ele>6</ele>
        <time>2026-06-02T12:34:10.000Z</time>
        <extensions>
          <ns3:TrackPointExtension>
            <ns3:hr>162</ns3:hr>
            <ns3:cad>85</ns3:cad>
          </ns3:TrackPointExtension>
        </extensions>
      </trkpt>
      <trkpt lat="31.020752079784870147705078125" lon="121.42421507276594638824462890625">
        <ele>6</ele>
        <time>2026-06-02T12:34:11.000Z</time>
        <extensions>
          <ns3:TrackPointExtension>
            <ns3:hr>162</ns3:hr>
            <ns3:cad>85</ns3:cad>
          </ns3:TrackPointExtension>
        </extensions>
      </trkpt>
      <trkpt lat="31.02078191936016082763671875" lon="121.42422177828848361968994140625">
        <ele>6</ele>
        <time>2026-06-02T12:34:12.000Z</time>
        <extensions>
          <ns3:TrackPointExtension>
            <ns3:hr>162</ns3:hr>
            <ns3:cad>85</ns3:cad>
          </ns3:TrackPointExtension>
        </extensions>
      </trkpt>
      <trkpt lat="31.02080245502293109893798828125" lon="121.4242158271372318267822265625">
        <ele>6</ele>
        <time>2026-06-02T12:34:13.000Z</time>
        <extensions>
          <ns3:TrackPointExtension>
            <ns3:hr>163</ns3:hr>
            <ns3:cad>86</ns3:cad>
          </ns3:TrackPointExtension>
        </extensions>
      </trkpt>
      <trkpt lat="31.02083615027368068695068359375" lon="121.42421205528080463409423828125">
        <ele>6.19999980926513671875</ele>
        <time>2026-06-02T12:34:14.000Z</time>
        <extensions>
          <ns3:TrackPointExtension>
            <ns3:hr>162</ns3:hr>
            <ns3:cad>86</ns3:cad>
          </ns3:TrackPointExtension>
        </extensions>
      </trkpt>
      <trkpt lat="31.02086104452610015869140625" lon="121.4242123067378997802734375">
        <ele>6.19999980926513671875</ele>
        <time>2026-06-02T12:34:15.000Z</time>
        <extensions>
          <ns3:TrackPointExtension>
            <ns3:hr>162</ns3:hr>
            <ns3:cad>86</ns3:cad>
          </ns3:TrackPointExtension>
        </extensions>
      </trkpt>
      <trkpt lat="31.0208863578736782073974609375" lon="121.4242004044353961944580078125">
        <ele>6.19999980926513671875</ele>
        <time>2026-06-02T12:34:16.000Z</time>
        <extensions>
          <ns3:TrackPointExtension>
            <ns3:hr>162</ns3:hr>
            <ns3:cad>85</ns3:cad>
          </ns3:TrackPointExtension>
        </extensions>
      </trkpt>
      <trkpt lat="31.02091644890606403350830078125" lon="121.4241977222263813018798828125">
        <ele>6.19999980926513671875</ele>
        <time>2026-06-02T12:34:17.000Z</time>
        <extensions>
          <ns3:TrackPointExtension>
            <ns3:hr>162</ns3:hr>
            <ns3:cad>85</ns3:cad>
          </ns3:TrackPointExtension>
        </extensions>
      </trkpt>
      <trkpt lat="31.02094092406332492828369140625" lon="121.42419143579900264739990234375">
        <ele>6.19999980926513671875</ele>
        <time>2026-06-02T12:34:18.000Z</time>
        <extensions>
          <ns3:TrackPointExtension>
            <ns3:hr>162</ns3:hr>
            <ns3:cad>84</ns3:cad>
          </ns3:TrackPointExtension>
        </extensions>
      </trkpt>
      <trkpt lat="31.0209748707711696624755859375" lon="121.42418506555259227752685546875">
        <ele>6.19999980926513671875</ele>
        <time>2026-06-02T12:34:19.000Z</time>
        <extensions>
          <ns3:TrackPointExtension>
            <ns3:hr>162</ns3:hr>
            <ns3:cad>84</ns3:cad>
          </ns3:TrackPointExtension>
        </extensions>
      </trkpt>
      <trkpt lat="31.02099624462425708770751953125" lon="121.42418020404875278472900390625">
        <ele>6.19999980926513671875</ele>
        <time>2026-06-02T12:34:20.000Z</time>
        <extensions>
          <ns3:TrackPointExtension>
            <ns3:hr>162</ns3:hr>
            <ns3:cad>84</ns3:cad>
          </ns3:TrackPointExtension>
        </extensions>
      </trkpt>
      <trkpt lat="31.02102122269570827484130859375" lon="121.4241692237555980682373046875">
        <ele>6.19999980926513671875</ele>
        <time>2026-06-02T12:34:21.000Z</time>
        <extensions>
          <ns3:TrackPointExtension>
            <ns3:hr>162</ns3:hr>
            <ns3:cad>84</ns3:cad>
          </ns3:TrackPointExtension>
        </extensions>
      </trkpt>
      <trkpt lat="31.02104620076715946197509765625" lon="121.4241588301956653594970703125">
        <ele>6.19999980926513671875</ele>
        <time>2026-06-02T12:34:22.000Z</time>
        <extensions>
          <ns3:TrackPointExtension>
            <ns3:hr>162</ns3:hr>
            <ns3:cad>84</ns3:cad>
          </ns3:TrackPointExtension>
        </extensions>
      </trkpt>
      <trkpt lat="31.02106757462024688720703125" lon="121.4241437427699565887451171875">
        <ele>6</ele>
        <time>2026-06-02T12:34:23.000Z</time>
        <extensions>
          <ns3:TrackPointExtension>
            <ns3:hr>162</ns3:hr>
            <ns3:cad>84</ns3:cad>
          </ns3:TrackPointExtension>
        </extensions>
      </trkpt>
      <trkpt lat="31.0210962407290935516357421875" lon="121.42412974499166011810302734375">
        <ele>6</ele>
        <time>2026-06-02T12:34:24.000Z</time>
        <extensions>
          <ns3:TrackPointExtension>
            <ns3:hr>162</ns3:hr>
            <ns3:cad>84</ns3:cad>
          </ns3:TrackPointExtension>
        </extensions>
      </trkpt>
      <trkpt lat="31.02111778222024440765380859375" lon="121.42411616630852222442626953125">
        <ele>6</ele>
        <time>2026-06-02T12:34:25.000Z</time>
        <extensions>
          <ns3:TrackPointExtension>
            <ns3:hr>162</ns3:hr>
            <ns3:cad>85</ns3:cad>
          </ns3:TrackPointExtension>
        </extensions>
      </trkpt>
      <trkpt lat="31.02115063928067684173583984375" lon="121.4240996539592742919921875">
        <ele>6</ele>
        <time>2026-06-02T12:34:26.000Z</time>
        <extensions>
          <ns3:TrackPointExtension>
            <ns3:hr>163</ns3:hr>
            <ns3:cad>85</ns3:cad>
          </ns3:TrackPointExtension>
        </extensions>
      </trkpt>
      <trkpt lat="31.02117444388568401336669921875" lon="121.4240916073322296142578125">
        <ele>6</ele>
        <time>2026-06-02T12:34:27.000Z</time>
        <extensions>
          <ns3:TrackPointExtension>
            <ns3:hr>162</ns3:hr>
            <ns3:cad>86</ns3:cad>
          </ns3:TrackPointExtension>
        </extensions>
      </trkpt>
      <trkpt lat="31.02120160125195980072021484375" lon="121.42407543025910854339599609375">
        <ele>6</ele>
        <time>2026-06-02T12:34:28.000Z</time>
        <extensions>
          <ns3:TrackPointExtension>
            <ns3:hr>162</ns3:hr>
            <ns3:cad>86</ns3:cad>
          </ns3:TrackPointExtension>
        </extensions>
      </trkpt>
      <trkpt lat="31.02122926153242588043212890625" lon="121.42406570725142955780029296875">
        <ele>6</ele>
        <time>2026-06-02T12:34:29.000Z</time>
        <extensions>
          <ns3:TrackPointExtension>
            <ns3:hr>163</ns3:hr>
            <ns3:cad>85</ns3:cad>
          </ns3:TrackPointExtension>
        </extensions>
      </trkpt>
      <trkpt lat="31.02125130593776702880859375" lon="121.4240525476634502410888671875">
        <ele>6</ele>
        <time>2026-06-02T12:34:30.000Z</time>
        <extensions>
          <ns3:TrackPointExtension>
            <ns3:hr>163</ns3:hr>
            <ns3:cad>85</ns3:cad>
          </ns3:TrackPointExtension>
        </extensions>
      </trkpt>
      <trkpt lat="31.0212816484272480010986328125" lon="121.42404156737029552459716796875">
        <ele>6</ele>
        <time>2026-06-02T12:34:31.000Z</time>
        <extensions>
          <ns3:TrackPointExtension>
            <ns3:hr>163</ns3:hr>
            <ns3:cad>85</ns3:cad>
          </ns3:TrackPointExtension>
        </extensions>
      </trkpt>
      <trkpt lat="31.02130117826163768768310546875" lon="121.42402865923941135406494140625">
        <ele>6</ele>
        <time>2026-06-02T12:34:32.000Z</time>
        <extensions>
          <ns3:TrackPointExtension>
            <ns3:hr>164</ns3:hr>
            <ns3:cad>85</ns3:cad>
          </ns3:TrackPointExtension>
        </extensions>
      </trkpt>
      <trkpt lat="31.02133386768400669097900390625" lon="121.4240149967372417449951171875">
        <ele>6</ele>
        <time>2026-06-02T12:34:33.000Z</time>
        <extensions>
          <ns3:TrackPointExtension>
            <ns3:hr>164</ns3:hr>
            <ns3:cad>85</ns3:cad>
          </ns3:TrackPointExtension>
        </extensions>
      </trkpt>
      <trkpt lat="31.02135616354644298553466796875" lon="121.42400837503373622894287109375">
        <ele>6</ele>
        <time>2026-06-02T12:34:34.000Z</time>
        <extensions>
          <ns3:TrackPointExtension>
            <ns3:hr>164</ns3:hr>
            <ns3:cad>85</ns3:cad>
          </ns3:TrackPointExtension>
        </extensions>
      </trkpt>
      <trkpt lat="31.02138617075979709625244140625" lon="121.42399529926478862762451171875">
        <ele>6</ele>
        <time>2026-06-02T12:34:35.000Z</time>
        <extensions>
          <ns3:TrackPointExtension>
            <ns3:hr>163</ns3:hr>
            <ns3:cad>86</ns3:cad>
          </ns3:TrackPointExtension>
        </extensions>
      </trkpt>
      <trkpt lat="31.02141223847866058349609375" lon="121.423986665904521942138671875">
        <ele>6</ele>
        <time>2026-06-02T12:34:36.000Z</time>
        <extensions>
          <ns3:TrackPointExtension>
            <ns3:hr>164</ns3:hr>
            <ns3:cad>86</ns3:cad>
          </ns3:TrackPointExtension>
        </extensions>
      </trkpt>
      <trkpt lat="31.0214382223784923553466796875" lon="121.42397099174559116363525390625">
        <ele>6</ele>
        <time>2026-06-02T12:34:37.000Z</time>
        <extensions>
          <ns3:TrackPointExtension>
            <ns3:hr>164</ns3:hr>
            <ns3:cad>87</ns3:cad>
          </ns3:TrackPointExtension>
        </extensions>
      </trkpt>
      <trkpt lat="31.021468900144100189208984375" lon="121.4239603467285633087158203125">
        <ele>6</ele>
        <time>2026-06-02T12:34:38.000Z</time>
        <extensions>
          <ns3:TrackPointExtension>
            <ns3:hr>163</ns3:hr>
            <ns3:cad>87</ns3:cad>
          </ns3:TrackPointExtension>
        </extensions>
      </trkpt>
      <trkpt lat="31.021493040025234222412109375" lon="121.42394534312188625335693359375">
        <ele>6</ele>
        <time>2026-06-02T12:34:39.000Z</time>
        <extensions>
          <ns3:TrackPointExtension>
            <ns3:hr>164</ns3:hr>
            <ns3:cad>87</ns3:cad>
          </ns3:TrackPointExtension>
        </extensions>
      </trkpt>
      <trkpt lat="31.021522544324398040771484375" lon="121.423934362828731536865234375">
        <ele>6</ele>
        <time>2026-06-02T12:34:40.000Z</time>
        <extensions>
          <ns3:TrackPointExtension>
            <ns3:hr>164</ns3:hr>
            <ns3:cad>87</ns3:cad>
          </ns3:TrackPointExtension>
        </extensions>
      </trkpt>
      <trkpt lat="31.0215429961681365966796875" lon="121.42392195761203765869140625">
        <ele>6</ele>
        <time>2026-06-02T12:34:41.000Z</time>
        <extensions>
          <ns3:TrackPointExtension>
            <ns3:hr>164</ns3:hr>
            <ns3:cad>87</ns3:cad>
          </ns3:TrackPointExtension>
        </extensions>
      </trkpt>
      <trkpt lat="31.02157451212406158447265625" lon="121.423914916813373565673828125">
        <ele>6</ele>
        <time>2026-06-02T12:34:42.000Z</time>
        <extensions>
          <ns3:TrackPointExtension>
            <ns3:hr>164</ns3:hr>
            <ns3:cad>87</ns3:cad>
          </ns3:TrackPointExtension>
        </extensions>
      </trkpt>
      <trkpt lat="31.02159420959651470184326171875" lon="121.42390410415828227996826171875">
        <ele>6</ele>
        <time>2026-06-02T12:34:43.000Z</time>
        <extensions>
          <ns3:TrackPointExtension>
            <ns3:hr>163</ns3:hr>
            <ns3:cad>87</ns3:cad>
          </ns3:TrackPointExtension>
        </extensions>
      </trkpt>
      <trkpt lat="31.02162103168666362762451171875" lon="121.423895470798015594482421875">
        <ele>6</ele>
        <time>2026-06-02T12:34:44.000Z</time>
        <extensions>
          <ns3:TrackPointExtension>
            <ns3:hr>164</ns3:hr>
            <ns3:cad>87</ns3:cad>
          </ns3:TrackPointExtension>
        </extensions>
      </trkpt>
      <trkpt lat="31.02164559066295623779296875" lon="121.42388650216162204742431640625">
        <ele>6</ele>
        <time>2026-06-02T12:34:45.000Z</time>
        <extensions>
          <ns3:TrackPointExtension>
            <ns3:hr>164</ns3:hr>
            <ns3:cad>87</ns3:cad>
          </ns3:TrackPointExtension>
        </extensions>
      </trkpt>
      <trkpt lat="31.021666713058948516845703125" lon="121.42387124709784984588623046875">
        <ele>6</ele>
        <time>2026-06-02T12:34:46.000Z</time>
        <extensions>
          <ns3:TrackPointExtension>
            <ns3:hr>164</ns3:hr>
            <ns3:cad>87</ns3:cad>
          </ns3:TrackPointExtension>
        </extensions>
      </trkpt>
      <trkpt lat="31.02169194258749485015869140625" lon="121.423857919871807098388671875">
        <ele>6</ele>
        <time>2026-06-02T12:34:47.000Z</time>
        <extensions>
          <ns3:TrackPointExtension>
            <ns3:hr>164</ns3:hr>
            <ns3:cad>87</ns3:cad>
          </ns3:TrackPointExtension>
        </extensions>
      </trkpt>
      <trkpt lat="31.021707952022552490234375" lon="121.42384425736963748931884765625">
        <ele>6</ele>
        <time>2026-06-02T12:34:48.000Z</time>
        <extensions>
          <ns3:TrackPointExtension>
            <ns3:hr>164</ns3:hr>
            <ns3:cad>85</ns3:cad>
          </ns3:TrackPointExtension>
        </extensions>
      </trkpt>
      <trkpt lat="31.0217342711985111236572265625" lon="121.42382497899234294891357421875">
        <ele>6</ele>
        <time>2026-06-02T12:34:49.000Z</time>
        <extensions>
          <ns3:TrackPointExtension>
            <ns3:hr>164</ns3:hr>
            <ns3:cad>85</ns3:cad>
          </ns3:TrackPointExtension>
        </extensions>
      </trkpt>
      <trkpt lat="31.02175011299550533294677734375" lon="121.42380905337631702423095703125">
        <ele>6</ele>
        <time>2026-06-02T12:34:50.000Z</time>
        <extensions>
          <ns3:TrackPointExtension>
            <ns3:hr>164</ns3:hr>
            <ns3:cad>85</ns3:cad>
          </ns3:TrackPointExtension>
        </extensions>
      </trkpt>
      <trkpt lat="31.0217694751918315887451171875" lon="121.42378390766680240631103515625">
        <ele>6</ele>
        <time>2026-06-02T12:34:51.000Z</time>
        <extensions>
          <ns3:TrackPointExtension>
            <ns3:hr>164</ns3:hr>
            <ns3:cad>85</ns3:cad>
          </ns3:TrackPointExtension>
        </extensions>
      </trkpt>
      <trkpt lat="31.021786741912364959716796875" lon="121.4237630367279052734375">
        <ele>6</ele>
        <time>2026-06-02T12:34:52.000Z</time>
        <extensions>
          <ns3:TrackPointExtension>
            <ns3:hr>164</ns3:hr>
            <ns3:cad>86</ns3:cad>
          </ns3:TrackPointExtension>
        </extensions>
      </trkpt>
      <trkpt lat="31.02179973386228084564208984375" lon="121.42374065704643726348876953125">
        <ele>6</ele>
        <time>2026-06-02T12:34:53.000Z</time>
        <extensions>
          <ns3:TrackPointExtension>
            <ns3:hr>164</ns3:hr>
            <ns3:cad>86</ns3:cad>
          </ns3:TrackPointExtension>
        </extensions>
      </trkpt>
      <trkpt lat="31.02181867696344852447509765625" lon="121.4237155951559543609619140625">
        <ele>6</ele>
        <time>2026-06-02T12:34:54.000Z</time>
        <extensions>
          <ns3:TrackPointExtension>
            <ns3:hr>164</ns3:hr>
            <ns3:cad>86</ns3:cad>
          </ns3:TrackPointExtension>
        </extensions>
      </trkpt>
      <trkpt lat="31.021826304495334625244140625" lon="121.42369220964610576629638671875">
        <ele>6</ele>
        <time>2026-06-02T12:34:55.000Z</time>
        <extensions>
          <ns3:TrackPointExtension>
            <ns3:hr>164</ns3:hr>
            <ns3:cad>86</ns3:cad>
          </ns3:TrackPointExtension>
        </extensions>
      </trkpt>
      <trkpt lat="31.02183879353106021881103515625" lon="121.42365952022373676300048828125">
        <ele>6</ele>
        <time>2026-06-02T12:34:56.000Z</time>
        <extensions>
          <ns3:TrackPointExtension>
            <ns3:hr>164</ns3:hr>
            <ns3:cad>86</ns3:cad>
          </ns3:TrackPointExtension>
        </extensions>
      </trkpt>
      <trkpt lat="31.021853126585483551025390625" lon="121.42363554798066616058349609375">
        <ele>6</ele>
        <time>2026-06-02T12:34:57.000Z</time>
        <extensions>
          <ns3:TrackPointExtension>
            <ns3:hr>164</ns3:hr>
            <ns3:cad>86</ns3:cad>
          </ns3:TrackPointExtension>
        </extensions>
      </trkpt>
      <trkpt lat="31.02185924537479877471923828125" lon="121.4236059598624706268310546875">
        <ele>6</ele>
        <time>2026-06-02T12:34:58.000Z</time>
        <extensions>
          <ns3:TrackPointExtension>
            <ns3:hr>164</ns3:hr>
            <ns3:cad>85</ns3:cad>
          </ns3:TrackPointExtension>
        </extensions>
      </trkpt>
      <trkpt lat="31.0218707285821437835693359375" lon="121.4235766232013702392578125">
        <ele>6</ele>
        <time>2026-06-02T12:34:59.000Z</time>
        <extensions>
          <ns3:TrackPointExtension>
            <ns3:hr>164</ns3:hr>
            <ns3:cad>85</ns3:cad>
          </ns3:TrackPointExtension>
        </extensions>
      </trkpt>
      <trkpt lat="31.0218703933060169219970703125" lon="121.42355390824377536773681640625">
        <ele>6.19999980926513671875</ele>
        <time>2026-06-02T12:35:00.000Z</time>
        <extensions>
          <ns3:TrackPointExtension>
            <ns3:hr>163</ns3:hr>
            <ns3:cad>85</ns3:cad>
          </ns3:TrackPointExtension>
        </extensions>
      </trkpt>
      <trkpt lat="31.021874248981475830078125" lon="121.42351568676531314849853515625">
        <ele>6</ele>
        <time>2026-06-02T12:35:01.000Z</time>
        <extensions>
          <ns3:TrackPointExtension>
            <ns3:hr>164</ns3:hr>
            <ns3:cad>85</ns3:cad>
          </ns3:TrackPointExtension>
        </extensions>
      </trkpt>
      <trkpt lat="31.0218764282763004302978515625" lon="121.42348987050354480743408203125">
        <ele>6</ele>
        <time>2026-06-02T12:35:02.000Z</time>
        <extensions>
          <ns3:TrackPointExtension>
            <ns3:hr>164</ns3:hr>
            <ns3:cad>85</ns3:cad>
          </ns3:TrackPointExtension>
        </extensions>
      </trkpt>
      <trkpt lat="31.021880619227886199951171875" lon="121.42345600761473178863525390625">
        <ele>6</ele>
        <time>2026-06-02T12:35:03.000Z</time>
        <extensions>
          <ns3:TrackPointExtension>
            <ns3:hr>164</ns3:hr>
            <ns3:cad>84</ns3:cad>
          </ns3:TrackPointExtension>
        </extensions>
      </trkpt>
      <trkpt lat="31.0218817926943302154541015625" lon="121.42342214472591876983642578125">
        <ele>6</ele>
        <time>2026-06-02T12:35:04.000Z</time>
        <extensions>
          <ns3:TrackPointExtension>
            <ns3:hr>164</ns3:hr>
            <ns3:cad>84</ns3:cad>
          </ns3:TrackPointExtension>
        </extensions>
      </trkpt>
      <trkpt lat="31.0218757577240467071533203125" lon="121.423394568264484405517578125">
        <ele>6</ele>
        <time>2026-06-02T12:35:05.000Z</time>
        <extensions>
          <ns3:TrackPointExtension>
            <ns3:hr>164</ns3:hr>
            <ns3:cad>84</ns3:cad>
          </ns3:TrackPointExtension>
        </extensions>
      </trkpt>
      <trkpt lat="31.02186930365860462188720703125" lon="121.42336011864244937896728515625">
        <ele>6</ele>
        <time>2026-06-02T12:35:06.000Z</time>
        <extensions>
          <ns3:TrackPointExtension>
            <ns3:hr>163</ns3:hr>
            <ns3:cad>84</ns3:cad>
          </ns3:TrackPointExtension>
        </extensions>
      </trkpt>
      <trkpt lat="31.0218596644699573516845703125" lon="121.4233377389609813690185546875">
        <ele>6</ele>
        <time>2026-06-02T12:35:07.000Z</time>
        <extensions>
          <ns3:TrackPointExtension>
            <ns3:hr>164</ns3:hr>
            <ns3:cad>85</ns3:cad>
          </ns3:TrackPointExtension>
        </extensions>
      </trkpt>
      <trkpt lat="31.0218499414622783660888671875" lon="121.423300020396709442138671875">
        <ele>6</ele>
        <time>2026-06-02T12:35:08.000Z</time>
        <extensions>
          <ns3:TrackPointExtension>
            <ns3:hr>163</ns3:hr>
            <ns3:cad>85</ns3:cad>
          </ns3:TrackPointExtension>
        </extensions>
      </trkpt>
      <trkpt lat="31.0218439064919948577880859375" lon="121.4232695102691650390625">
        <ele>6</ele>
        <time>2026-06-02T12:35:09.000Z</time>
        <extensions>
          <ns3:TrackPointExtension>
            <ns3:hr>163</ns3:hr>
            <ns3:cad>85</ns3:cad>
          </ns3:TrackPointExtension>
        </extensions>
      </trkpt>
      <trkpt lat="31.02183292619884014129638671875" lon="121.423239000141620635986328125">
        <ele>6</ele>
        <time>2026-06-02T12:35:10.000Z</time>
        <extensions>
          <ns3:TrackPointExtension>
            <ns3:hr>163</ns3:hr>
            <ns3:cad>85</ns3:cad>
          </ns3:TrackPointExtension>
        </extensions>
      </trkpt>
      <trkpt lat="31.02181800641119480133056640625" lon="121.42320823855698108673095703125">
        <ele>5.80000019073486328125</ele>
        <time>2026-06-02T12:35:11.000Z</time>
        <extensions>
          <ns3:TrackPointExtension>
            <ns3:hr>164</ns3:hr>
            <ns3:cad>85</ns3:cad>
          </ns3:TrackPointExtension>
        </extensions>
      </trkpt>
      <trkpt lat="31.02179721929132938385009765625" lon="121.4231905527412891387939453125">
        <ele>6</ele>
        <time>2026-06-02T12:35:12.000Z</time>
        <extensions>
          <ns3:TrackPointExtension>
            <ns3:hr>163</ns3:hr>
            <ns3:cad>85</ns3:cad>
          </ns3:TrackPointExtension>
        </extensions>
      </trkpt>
      <trkpt lat="31.021776683628559112548828125" lon="121.42315459437668323516845703125">
        <ele>6</ele>
        <time>2026-06-02T12:35:13.000Z</time>
        <extensions>
          <ns3:TrackPointExtension>
            <ns3:hr>163</ns3:hr>
            <ns3:cad>85</ns3:cad>
          </ns3:TrackPointExtension>
        </extensions>
      </trkpt>
      <trkpt lat="31.02176235057413578033447265625" lon="121.42313296906650066375732421875">
        <ele>6</ele>
        <time>2026-06-02T12:35:14.000Z</time>
        <extensions>
          <ns3:TrackPointExtension>
            <ns3:hr>162</ns3:hr>
            <ns3:cad>85</ns3:cad>
          </ns3:TrackPointExtension>
        </extensions>
      </trkpt>
      <trkpt lat="31.02174357511103153228759765625" lon="121.42310882918536663055419921875">
        <ele>6</ele>
        <time>2026-06-02T12:35:15.000Z</time>
        <extensions>
          <ns3:TrackPointExtension>
            <ns3:hr>162</ns3:hr>
            <ns3:cad>85</ns3:cad>
          </ns3:TrackPointExtension>
        </extensions>
      </trkpt>
      <trkpt lat="31.02172446437180042266845703125" lon="121.42308418639004230499267578125">
        <ele>6</ele>
        <time>2026-06-02T12:35:16.000Z</time>
        <extensions>
          <ns3:TrackPointExtension>
            <ns3:hr>162</ns3:hr>
            <ns3:cad>85</ns3:cad>
          </ns3:TrackPointExtension>
        </extensions>
      </trkpt>
      <trkpt lat="31.02170233614742755889892578125" lon="121.42307111062109470367431640625">
        <ele>6</ele>
        <time>2026-06-02T12:35:17.000Z</time>
        <extensions>
          <ns3:TrackPointExtension>
            <ns3:hr>162</ns3:hr>
            <ns3:cad>85</ns3:cad>
          </ns3:TrackPointExtension>
        </extensions>
      </trkpt>
      <trkpt lat="31.021675765514373779296875" lon="121.4230443723499774932861328125">
        <ele>5.80000019073486328125</ele>
        <time>2026-06-02T12:35:18.000Z</time>
        <extensions>
          <ns3:TrackPointExtension>
            <ns3:hr>163</ns3:hr>
            <ns3:cad>84</ns3:cad>
          </ns3:TrackPointExtension>
        </extensions>
      </trkpt>
      <trkpt lat="31.02165321819484233856201171875" lon="121.42303523607552051544189453125">
        <ele>5.80000019073486328125</ele>
        <time>2026-06-02T12:35:19.000Z</time>
        <extensions>
          <ns3:TrackPointExtension>
            <ns3:hr>163</ns3:hr>
            <ns3:cad>84</ns3:cad>
          </ns3:TrackPointExtension>
        </extensions>
      </trkpt>
      <trkpt lat="31.02162639610469341278076171875" lon="121.4230252616107463836669921875">
        <ele>5.80000019073486328125</ele>
        <time>2026-06-02T12:35:20.000Z</time>
        <extensions>
          <ns3:TrackPointExtension>
            <ns3:hr>162</ns3:hr>
            <ns3:cad>84</ns3:cad>
          </ns3:TrackPointExtension>
        </extensions>
      </trkpt>
      <trkpt lat="31.02160309441387653350830078125" lon="121.42301268875598907470703125">
        <ele>5.80000019073486328125</ele>
        <time>2026-06-02T12:35:21.000Z</time>
        <extensions>
          <ns3:TrackPointExtension>
            <ns3:hr>162</ns3:hr>
            <ns3:cad>84</ns3:cad>
          </ns3:TrackPointExtension>
        </extensions>
      </trkpt>
      <trkpt lat="31.0215787030756473541259765625" lon="121.42300598323345184326171875">
        <ele>5.80000019073486328125</ele>
        <time>2026-06-02T12:35:22.000Z</time>
        <extensions>
          <ns3:TrackPointExtension>
            <ns3:hr>162</ns3:hr>
            <ns3:cad>85</ns3:cad>
          </ns3:TrackPointExtension>
        </extensions>
      </trkpt>
      <trkpt lat="31.0215508751571178436279296875" lon="121.42299550585448741912841796875">
        <ele>5.80000019073486328125</ele>
        <time>2026-06-02T12:35:23.000Z</time>
        <extensions>
          <ns3:TrackPointExtension>
            <ns3:hr>163</ns3:hr>
            <ns3:cad>85</ns3:cad>
          </ns3:TrackPointExtension>
        </extensions>
      </trkpt>
      <trkpt lat="31.021525897085666656494140625" lon="121.42299517057836055755615234375">
        <ele>5.80000019073486328125</ele>
        <time>2026-06-02T12:35:24.000Z</time>
        <extensions>
          <ns3:TrackPointExtension>
            <ns3:hr>162</ns3:hr>
            <ns3:cad>85</ns3:cad>
          </ns3:TrackPointExtension>
        </extensions>
      </trkpt>
      <trkpt lat="31.02149563841521739959716796875" lon="121.42298586666584014892578125">
        <ele>5.599999904632568359375</ele>
        <time>2026-06-02T12:35:25.000Z</time>
        <extensions>
          <ns3:TrackPointExtension>
            <ns3:hr>162</ns3:hr>
            <ns3:cad>85</ns3:cad>
          </ns3:TrackPointExtension>
        </extensions>
      </trkpt>
      <trkpt lat="31.021471917629241943359375" lon="121.42298829741775989532470703125">
        <ele>5.80000019073486328125</ele>
        <time>2026-06-02T12:35:26.000Z</time>
        <extensions>
          <ns3:TrackPointExtension>
            <ns3:hr>163</ns3:hr>
            <ns3:cad>86</ns3:cad>
          </ns3:TrackPointExtension>
        </extensions>
      </trkpt>
      <trkpt lat="31.02144618518650531768798828125" lon="121.4229937456548213958740234375">
        <ele>5.80000019073486328125</ele>
        <time>2026-06-02T12:35:27.000Z</time>
        <extensions>
          <ns3:TrackPointExtension>
            <ns3:hr>163</ns3:hr>
            <ns3:cad>86</ns3:cad>
          </ns3:TrackPointExtension>
        </extensions>
      </trkpt>
      <trkpt lat="31.021420955657958984375" lon="121.422996930778026580810546875">
        <ele>5.599999904632568359375</ele>
        <time>2026-06-02T12:35:28.000Z</time>
        <extensions>
          <ns3:TrackPointExtension>
            <ns3:hr>163</ns3:hr>
            <ns3:cad>86</ns3:cad>
          </ns3:TrackPointExtension>
        </extensions>
      </trkpt>
      <trkpt lat="31.021396815776824951171875" lon="121.4230061508715152740478515625">
        <ele>5.599999904632568359375</ele>
        <time>2026-06-02T12:35:29.000Z</time>
        <extensions>
          <ns3:TrackPointExtension>
            <ns3:hr>162</ns3:hr>
            <ns3:cad>85</ns3:cad>
          </ns3:TrackPointExtension>
        </extensions>
      </trkpt>
      <trkpt lat="31.02136655710637569427490234375" lon="121.423009671270847320556640625">
        <ele>5.599999904632568359375</ele>
        <time>2026-06-02T12:35:30.000Z</time>
        <extensions>
          <ns3:TrackPointExtension>
            <ns3:hr>163</ns3:hr>
            <ns3:cad>85</ns3:cad>
          </ns3:TrackPointExtension>
        </extensions>
      </trkpt>
      <trkpt lat="31.0213440097868442535400390625" lon="121.42301981337368488311767578125">
        <ele>5.599999904632568359375</ele>
        <time>2026-06-02T12:35:31.000Z</time>
        <extensions>
          <ns3:TrackPointExtension>
            <ns3:hr>163</ns3:hr>
            <ns3:cad>84</ns3:cad>
          </ns3:TrackPointExtension>
        </extensions>
      </trkpt>
      <trkpt lat="31.0213181935250759124755859375" lon="121.42303255386650562286376953125">
        <ele>5.599999904632568359375</ele>
        <time>2026-06-02T12:35:32.000Z</time>
        <extensions>
          <ns3:TrackPointExtension>
            <ns3:hr>163</ns3:hr>
            <ns3:cad>84</ns3:cad>
          </ns3:TrackPointExtension>
        </extensions>
      </trkpt>
      <trkpt lat="31.02129715494811534881591796875" lon="121.42304294742643833160400390625">
        <ele>5.80000019073486328125</ele>
        <time>2026-06-02T12:35:33.000Z</time>
        <extensions>
          <ns3:TrackPointExtension>
            <ns3:hr>163</ns3:hr>
            <ns3:cad>84</ns3:cad>
          </ns3:TrackPointExtension>
        </extensions>
      </trkpt>
      <trkpt lat="31.02127536199986934661865234375" lon="121.42305736429989337921142578125">
        <ele>5.80000019073486328125</ele>
        <time>2026-06-02T12:35:34.000Z</time>
        <extensions>
          <ns3:TrackPointExtension>
            <ns3:hr>163</ns3:hr>
            <ns3:cad>84</ns3:cad>
          </ns3:TrackPointExtension>
        </extensions>
      </trkpt>
      <trkpt lat="31.0212494619190692901611328125" lon="121.42306390218436717987060546875">
        <ele>5.599999904632568359375</ele>
        <time>2026-06-02T12:35:35.000Z</time>
        <extensions>
          <ns3:TrackPointExtension>
            <ns3:hr>163</ns3:hr>
            <ns3:cad>85</ns3:cad>
          </ns3:TrackPointExtension>
        </extensions>
      </trkpt>
      <trkpt lat="31.021231524646282196044921875" lon="121.4230752177536487579345703125">
        <ele>5.599999904632568359375</ele>
        <time>2026-06-02T12:35:36.000Z</time>
        <extensions>
          <ns3:TrackPointExtension>
            <ns3:hr>164</ns3:hr>
            <ns3:cad>85</ns3:cad>
          </ns3:TrackPointExtension>
        </extensions>
      </trkpt>
      <trkpt lat="31.02120394818484783172607421875" lon="121.42308737151324748992919921875">
        <ele>5.599999904632568359375</ele>
        <time>2026-06-02T12:35:37.000Z</time>
        <extensions>
          <ns3:TrackPointExtension>
            <ns3:hr>164</ns3:hr>
            <ns3:cad>85</ns3:cad>
          </ns3:TrackPointExtension>
        </extensions>
      </trkpt>
      <trkpt lat="31.02118399925529956817626953125" lon="121.42309541814029216766357421875">
        <ele>5.599999904632568359375</ele>
        <time>2026-06-02T12:35:38.000Z</time>
        <extensions>
          <ns3:TrackPointExtension>
            <ns3:hr>164</ns3:hr>
            <ns3:cad>85</ns3:cad>
          </ns3:TrackPointExtension>
        </extensions>
      </trkpt>
      <trkpt lat="31.02116153575479984283447265625" lon="121.42311218194663524627685546875">
        <ele>5.599999904632568359375</ele>
        <time>2026-06-02T12:35:39.000Z</time>
        <extensions>
          <ns3:TrackPointExtension>
            <ns3:hr>164</ns3:hr>
            <ns3:cad>85</ns3:cad>
          </ns3:TrackPointExtension>
        </extensions>
      </trkpt>
      <trkpt lat="31.0211374796926975250244140625" lon="121.42312123440206050872802734375">
        <ele>5.80000019073486328125</ele>
        <time>2026-06-02T12:35:40.000Z</time>
        <extensions>
          <ns3:TrackPointExtension>
            <ns3:hr>164</ns3:hr>
            <ns3:cad>85</ns3:cad>
          </ns3:TrackPointExtension>
        </extensions>
      </trkpt>
      <trkpt lat="31.02111392654478549957275390625" lon="121.42313414253294467926025390625">
        <ele>5.80000019073486328125</ele>
        <time>2026-06-02T12:35:41.000Z</time>
        <extensions>
          <ns3:TrackPointExtension>
            <ns3:hr>163</ns3:hr>
            <ns3:cad>85</ns3:cad>
          </ns3:TrackPointExtension>
        </extensions>
      </trkpt>
      <trkpt lat="31.02108391933143138885498046875" lon="121.42313950695097446441650390625">
        <ele>5.80000019073486328125</ele>
        <time>2026-06-02T12:35:42.000Z</time>
        <extensions>
          <ns3:TrackPointExtension>
            <ns3:hr>164</ns3:hr>
            <ns3:cad>85</ns3:cad>
          </ns3:TrackPointExtension>
        </extensions>
      </trkpt>
      <trkpt lat="31.02106179110705852508544921875" lon="121.4231509901583194732666015625">
        <ele>5.80000019073486328125</ele>
        <time>2026-06-02T12:35:43.000Z</time>
        <extensions>
          <ns3:TrackPointExtension>
            <ns3:hr>164</ns3:hr>
            <ns3:cad>85</ns3:cad>
          </ns3:TrackPointExtension>
        </extensions>
      </trkpt>
      <trkpt lat="31.021031700074672698974609375" lon="121.4231660775840282440185546875">
        <ele>5.80000019073486328125</ele>
        <time>2026-06-02T12:35:44.000Z</time>
        <extensions>
          <ns3:TrackPointExtension>
            <ns3:hr>163</ns3:hr>
            <ns3:cad>85</ns3:cad>
          </ns3:TrackPointExtension>
        </extensions>
      </trkpt>
      <trkpt lat="31.02101066149771213531494140625" lon="121.42317806370556354522705078125">
        <ele>6</ele>
        <time>2026-06-02T12:35:45.000Z</time>
        <extensions>
          <ns3:TrackPointExtension>
            <ns3:hr>164</ns3:hr>
            <ns3:cad>85</ns3:cad>
          </ns3:TrackPointExtension>
        </extensions>
      </trkpt>
      <trkpt lat="31.0209876112639904022216796875" lon="121.42319214530289173126220703125">
        <ele>6</ele>
        <time>2026-06-02T12:35:46.000Z</time>
        <extensions>
          <ns3:TrackPointExtension>
            <ns3:hr>164</ns3:hr>
            <ns3:cad>85</ns3:cad>
          </ns3:TrackPointExtension>
        </extensions>
      </trkpt>
      <trkpt lat="31.0209604538977146148681640625" lon="121.42319885082542896270751953125">
        <ele>6</ele>
        <time>2026-06-02T12:35:47.000Z</time>
        <extensions>
          <ns3:TrackPointExtension>
            <ns3:hr>164</ns3:hr>
            <ns3:cad>85</ns3:cad>
          </ns3:TrackPointExtension>
        </extensions>
      </trkpt>
      <trkpt lat="31.0209396667778491973876953125" lon="121.4232110045850276947021484375">
        <ele>6</ele>
        <time>2026-06-02T12:35:48.000Z</time>
        <extensions>
          <ns3:TrackPointExtension>
            <ns3:hr>164</ns3:hr>
            <ns3:cad>85</ns3:cad>
          </ns3:TrackPointExtension>
        </extensions>
      </trkpt>
      <trkpt lat="31.02091024629771709442138671875" lon="121.42322047613561153411865234375">
        <ele>6</ele>
        <time>2026-06-02T12:35:49.000Z</time>
        <extensions>
          <ns3:TrackPointExtension>
            <ns3:hr>164</ns3:hr>
            <ns3:cad>85</ns3:cad>
          </ns3:TrackPointExtension>
        </extensions>
      </trkpt>
      <trkpt lat="31.020888872444629669189453125" lon="121.42322936095297336578369140625">
        <ele>6</ele>
        <time>2026-06-02T12:35:50.000Z</time>
        <extensions>
          <ns3:TrackPointExtension>
            <ns3:hr>164</ns3:hr>
            <ns3:cad>85</ns3:cad>
          </ns3:TrackPointExtension>
        </extensions>
      </trkpt>
      <trkpt lat="31.0208659060299396514892578125" lon="121.42324059270322322845458984375">
        <ele>6</ele>
        <time>2026-06-02T12:35:51.000Z</time>
        <extensions>
          <ns3:TrackPointExtension>
            <ns3:hr>164</ns3:hr>
            <ns3:cad>85</ns3:cad>
          </ns3:TrackPointExtension>
        </extensions>
      </trkpt>
      <trkpt lat="31.020841933786869049072265625" lon="121.42324847169220447540283203125">
        <ele>6</ele>
        <time>2026-06-02T12:35:52.000Z</time>
        <extensions>
          <ns3:TrackPointExtension>
            <ns3:hr>163</ns3:hr>
            <ns3:cad>85</ns3:cad>
          </ns3:TrackPointExtension>
        </extensions>
      </trkpt>
      <trkpt lat="31.0208203084766864776611328125" lon="121.4232601225376129150390625">
        <ele>6</ele>
        <time>2026-06-02T12:35:53.000Z</time>
        <extensions>
          <ns3:TrackPointExtension>
            <ns3:hr>163</ns3:hr>
            <ns3:cad>85</ns3:cad>
          </ns3:TrackPointExtension>
        </extensions>
      </trkpt>
      <trkpt lat="31.0207924805581569671630859375" lon="121.4232643134891986846923828125">
        <ele>6</ele>
        <time>2026-06-02T12:35:54.000Z</time>
        <extensions>
          <ns3:TrackPointExtension>
            <ns3:hr>163</ns3:hr>
            <ns3:cad>85</ns3:cad>
          </ns3:TrackPointExtension>
        </extensions>
      </trkpt>
      <trkpt lat="31.020770184695720672607421875" lon="121.42327328212559223175048828125">
        <ele>6</ele>
        <time>2026-06-02T12:35:55.000Z</time>
        <extensions>
          <ns3:TrackPointExtension>
            <ns3:hr>163</ns3:hr>
            <ns3:cad>85</ns3:cad>
          </ns3:TrackPointExtension>
        </extensions>
      </trkpt>
      <trkpt lat="31.02074177004396915435791015625" lon="121.4232894591987133026123046875">
        <ele>6</ele>
        <time>2026-06-02T12:35:56.000Z</time>
        <extensions>
          <ns3:TrackPointExtension>
            <ns3:hr>163</ns3:hr>
            <ns3:cad>85</ns3:cad>
          </ns3:TrackPointExtension>
        </extensions>
      </trkpt>
      <trkpt lat="31.02072081528604030609130859375" lon="121.42329893074929714202880859375">
        <ele>6</ele>
        <time>2026-06-02T12:35:57.000Z</time>
        <extensions>
          <ns3:TrackPointExtension>
            <ns3:hr>163</ns3:hr>
            <ns3:cad>85</ns3:cad>
          </ns3:TrackPointExtension>
        </extensions>
      </trkpt>
      <trkpt lat="31.02069801650941371917724609375" lon="121.42331452108919620513916015625">
        <ele>6</ele>
        <time>2026-06-02T12:35:58.000Z</time>
        <extensions>
          <ns3:TrackPointExtension>
            <ns3:hr>162</ns3:hr>
            <ns3:cad>85</ns3:cad>
          </ns3:TrackPointExtension>
        </extensions>
      </trkpt>
      <trkpt lat="31.02067060768604278564453125" lon="121.4233203046023845672607421875">
        <ele>6</ele>
        <time>2026-06-02T12:35:59.000Z</time>
        <extensions>
          <ns3:TrackPointExtension>
            <ns3:hr>162</ns3:hr>
            <ns3:cad>85</ns3:cad>
          </ns3:TrackPointExtension>
        </extensions>
      </trkpt>
      <trkpt lat="31.02065208368003368377685546875" lon="121.423332206904888153076171875">
        <ele>6</ele>
        <time>2026-06-02T12:36:00.000Z</time>
        <extensions>
          <ns3:TrackPointExtension>
            <ns3:hr>162</ns3:hr>
            <ns3:cad>85</ns3:cad>
          </ns3:TrackPointExtension>
        </extensions>
      </trkpt>
      <trkpt lat="31.02062090300023555755615234375" lon="121.423342935740947723388671875">
        <ele>5.80000019073486328125</ele>
        <time>2026-06-02T12:36:01.000Z</time>
        <extensions>
          <ns3:TrackPointExtension>
            <ns3:hr>162</ns3:hr>
            <ns3:cad>85</ns3:cad>
          </ns3:TrackPointExtension>
        </extensions>
      </trkpt>
      <trkpt lat="31.0206000320613384246826171875" lon="121.42335467040538787841796875">
        <ele>5.80000019073486328125</ele>
        <time>2026-06-02T12:36:02.000Z</time>
        <extensions>
          <ns3:TrackPointExtension>
            <ns3:hr>162</ns3:hr>
            <ns3:cad>85</ns3:cad>
          </ns3:TrackPointExtension>
        </extensions>
      </trkpt>
      <trkpt lat="31.0205782391130924224853515625" lon="121.423377133905887603759765625">
        <ele>5.80000019073486328125</ele>
        <time>2026-06-02T12:36:03.000Z</time>
        <extensions>
          <ns3:TrackPointExtension>
            <ns3:hr>162</ns3:hr>
            <ns3:cad>85</ns3:cad>
          </ns3:TrackPointExtension>
        </extensions>
      </trkpt>
      <trkpt lat="31.02055636234581470489501953125" lon="121.4233923889696598052978515625">
        <ele>6</ele>
        <time>2026-06-02T12:36:04.000Z</time>
        <extensions>
          <ns3:TrackPointExtension>
            <ns3:hr>162</ns3:hr>
            <ns3:cad>85</ns3:cad>
          </ns3:TrackPointExtension>
        </extensions>
      </trkpt>
      <trkpt lat="31.02054010145366191864013671875" lon="121.42341091297566890716552734375">
        <ele>6</ele>
        <time>2026-06-02T12:36:05.000Z</time>
        <extensions>
          <ns3:TrackPointExtension>
            <ns3:hr>162</ns3:hr>
            <ns3:cad>85</ns3:cad>
          </ns3:TrackPointExtension>
        </extensions>
      </trkpt>
      <trkpt lat="31.020512022078037261962890625" lon="121.42343111336231231689453125">
        <ele>6.19999980926513671875</ele>
        <time>2026-06-02T12:36:06.000Z</time>
        <extensions>
          <ns3:TrackPointExtension>
            <ns3:hr>162</ns3:hr>
            <ns3:cad>85</ns3:cad>
          </ns3:TrackPointExtension>
        </extensions>
      </trkpt>
      <trkpt lat="31.02049718610942363739013671875" lon="121.4234503917396068572998046875">
        <ele>6.19999980926513671875</ele>
        <time>2026-06-02T12:36:07.000Z</time>
        <extensions>
          <ns3:TrackPointExtension>
            <ns3:hr>162</ns3:hr>
            <ns3:cad>85</ns3:cad>
          </ns3:TrackPointExtension>
        </extensions>
      </trkpt>
      <trkpt lat="31.02047723717987537384033203125" lon="121.4234792254865169525146484375">
        <ele>6.19999980926513671875</ele>
        <time>2026-06-02T12:36:08.000Z</time>
        <extensions>
          <ns3:TrackPointExtension>
            <ns3:hr>162</ns3:hr>
            <ns3:cad>84</ns3:cad>
          </ns3:TrackPointExtension>
        </extensions>
      </trkpt>
      <trkpt lat="31.0204629041254520416259765625" lon="121.42350462265312671661376953125">
        <ele>6.19999980926513671875</ele>
        <time>2026-06-02T12:36:09.000Z</time>
        <extensions>
          <ns3:TrackPointExtension>
            <ns3:hr>162</ns3:hr>
            <ns3:cad>84</ns3:cad>
          </ns3:TrackPointExtension>
        </extensions>
      </trkpt>
      <trkpt lat="31.02045292966067790985107421875" lon="121.42353345640003681182861328125">
        <ele>6.19999980926513671875</ele>
        <time>2026-06-02T12:36:10.000Z</time>
        <extensions>
          <ns3:TrackPointExtension>
            <ns3:hr>161</ns3:hr>
            <ns3:cad>84</ns3:cad>
          </ns3:TrackPointExtension>
        </extensions>
      </trkpt>
      <trkpt lat="31.02043381892144680023193359375" lon="121.423560194671154022216796875">
        <ele>6.19999980926513671875</ele>
        <time>2026-06-02T12:36:11.000Z</time>
        <extensions>
          <ns3:TrackPointExtension>
            <ns3:hr>162</ns3:hr>
            <ns3:cad>84</ns3:cad>
          </ns3:TrackPointExtension>
        </extensions>
      </trkpt>
      <trkpt lat="31.02042510174214839935302734375" lon="121.42358324490487575531005859375">
        <ele>6.19999980926513671875</ele>
        <time>2026-06-02T12:36:12.000Z</time>
        <extensions>
          <ns3:TrackPointExtension>
            <ns3:hr>162</ns3:hr>
            <ns3:cad>84</ns3:cad>
          </ns3:TrackPointExtension>
        </extensions>
      </trkpt>
      <trkpt lat="31.0204095952212810516357421875" lon="121.42361886799335479736328125">
        <ele>6.19999980926513671875</ele>
        <time>2026-06-02T12:36:13.000Z</time>
        <extensions>
          <ns3:TrackPointExtension>
            <ns3:hr>162</ns3:hr>
            <ns3:cad>84</ns3:cad>
          </ns3:TrackPointExtension>
        </extensions>
      </trkpt>
      <trkpt lat="31.02040967904031276702880859375" lon="121.42364359460771083831787109375">
        <ele>6</ele>
        <time>2026-06-02T12:36:14.000Z</time>
        <extensions>
          <ns3:TrackPointExtension>
            <ns3:hr>161</ns3:hr>
            <ns3:cad>85</ns3:cad>
          </ns3:TrackPointExtension>
        </extensions>
      </trkpt>
      <trkpt lat="31.0204065777361392974853515625" lon="121.42367611639201641082763671875">
        <ele>6</ele>
        <time>2026-06-02T12:36:15.000Z</time>
        <extensions>
          <ns3:TrackPointExtension>
            <ns3:hr>162</ns3:hr>
            <ns3:cad>85</ns3:cad>
          </ns3:TrackPointExtension>
        </extensions>
      </trkpt>
      <trkpt lat="31.0204017162322998046875" lon="121.42370746470987796783447265625">
        <ele>6</ele>
        <time>2026-06-02T12:36:16.000Z</time>
        <extensions>
          <ns3:TrackPointExtension>
            <ns3:hr>162</ns3:hr>
            <ns3:cad>85</ns3:cad>
          </ns3:TrackPointExtension>
        </extensions>
      </trkpt>
      <trkpt lat="31.020402051508426666259765625" lon="121.4237360469996929168701171875">
        <ele>6</ele>
        <time>2026-06-02T12:36:17.000Z</time>
        <extensions>
          <ns3:TrackPointExtension>
            <ns3:hr>162</ns3:hr>
            <ns3:cad>85</ns3:cad>
          </ns3:TrackPointExtension>
        </extensions>
      </trkpt>
      <trkpt lat="31.020394675433635711669921875" lon="121.42377200536429882049560546875">
        <ele>6</ele>
        <time>2026-06-02T12:36:18.000Z</time>
        <extensions>
          <ns3:TrackPointExtension>
            <ns3:hr>162</ns3:hr>
            <ns3:cad>85</ns3:cad>
          </ns3:TrackPointExtension>
        </extensions>
      </trkpt>
      <trkpt lat="31.02039811201393604278564453125" lon="121.423796229064464569091796875">
        <ele>6</ele>
        <time>2026-06-02T12:36:19.000Z</time>
        <extensions>
          <ns3:TrackPointExtension>
            <ns3:hr>162</ns3:hr>
            <ns3:cad>84</ns3:cad>
          </ns3:TrackPointExtension>
        </extensions>
      </trkpt>
      <trkpt lat="31.02040414698421955108642578125" lon="121.42383218742907047271728515625">
        <ele>6</ele>
        <time>2026-06-02T12:36:20.000Z</time>
        <extensions>
          <ns3:TrackPointExtension>
            <ns3:hr>162</ns3:hr>
            <ns3:cad>84</ns3:cad>
          </ns3:TrackPointExtension>
        </extensions>
      </trkpt>
      <trkpt lat="31.0204095952212810516357421875" lon="121.4238641224801540374755859375">
        <ele>6</ele>
        <time>2026-06-02T12:36:21.000Z</time>
        <extensions>
          <ns3:TrackPointExtension>
            <ns3:hr>161</ns3:hr>
            <ns3:cad>84</ns3:cad>
          </ns3:TrackPointExtension>
        </extensions>
      </trkpt>
      <trkpt lat="31.0204199887812137603759765625" lon="121.42389086075127124786376953125">
        <ele>6</ele>
        <time>2026-06-02T12:36:22.000Z</time>
        <extensions>
          <ns3:TrackPointExtension>
            <ns3:hr>161</ns3:hr>
            <ns3:cad>84</ns3:cad>
          </ns3:TrackPointExtension>
        </extensions>
      </trkpt>
      <trkpt lat="31.02042761631309986114501953125" lon="121.42392489127814769744873046875">
        <ele>6</ele>
        <time>2026-06-02T12:36:23.000Z</time>
        <extensions>
          <ns3:TrackPointExtension>
            <ns3:hr>162</ns3:hr>
            <ns3:cad>84</ns3:cad>
          </ns3:TrackPointExtension>
        </extensions>
      </trkpt>
      <trkpt lat="31.02044018916785717010498046875" lon="121.4239449240267276763916015625">
        <ele>6</ele>
        <time>2026-06-02T12:36:24.000Z</time>
        <extensions>
          <ns3:TrackPointExtension>
            <ns3:hr>162</ns3:hr>
            <ns3:cad>84</ns3:cad>
          </ns3:TrackPointExtension>
        </extensions>
      </trkpt>
      <trkpt lat="31.02045712061226367950439453125" lon="121.4239764399826526641845703125">
        <ele>6</ele>
        <time>2026-06-02T12:36:25.000Z</time>
        <extensions>
          <ns3:TrackPointExtension>
            <ns3:hr>162</ns3:hr>
            <ns3:cad>84</ns3:cad>
          </ns3:TrackPointExtension>
        </extensions>
      </trkpt>
      <trkpt lat="31.020472459495067596435546875" lon="121.42400217242538928985595703125">
        <ele>6</ele>
        <time>2026-06-02T12:36:26.000Z</time>
        <extensions>
          <ns3:TrackPointExtension>
            <ns3:hr>161</ns3:hr>
            <ns3:cad>84</ns3:cad>
          </ns3:TrackPointExtension>
        </extensions>
      </trkpt>
      <trkpt lat="31.02049064822494983673095703125" lon="121.42402329482138156890869140625">
        <ele>6</ele>
        <time>2026-06-02T12:36:27.000Z</time>
        <extensions>
          <ns3:TrackPointExtension>
            <ns3:hr>162</ns3:hr>
            <ns3:cad>84</ns3:cad>
          </ns3:TrackPointExtension>
        </extensions>
      </trkpt>
      <trkpt lat="31.0205058194696903228759765625" lon="121.42405481077730655670166015625">
        <ele>6</ele>
        <time>2026-06-02T12:36:28.000Z</time>
        <extensions>
          <ns3:TrackPointExtension>
            <ns3:hr>161</ns3:hr>
            <ns3:cad>84</ns3:cad>
          </ns3:TrackPointExtension>
        </extensions>
      </trkpt>
      <trkpt lat="31.02052283473312854766845703125" lon="121.42407082021236419677734375">
        <ele>6</ele>
        <time>2026-06-02T12:36:29.000Z</time>
        <extensions>
          <ns3:TrackPointExtension>
            <ns3:hr>161</ns3:hr>
            <ns3:cad>85</ns3:cad>
          </ns3:TrackPointExtension>
        </extensions>
      </trkpt>
      <trkpt lat="31.0205450467765331268310546875" lon="121.4241023361682891845703125">
        <ele>6</ele>
        <time>2026-06-02T12:36:30.000Z</time>
        <extensions>
          <ns3:TrackPointExtension>
            <ns3:hr>161</ns3:hr>
            <ns3:cad>85</ns3:cad>
          </ns3:TrackPointExtension>
        </extensions>
      </trkpt>
      <trkpt lat="31.0205654986202716827392578125" lon="121.42412605695426464080810546875">
        <ele>6</ele>
        <time>2026-06-02T12:36:31.000Z</time>
        <extensions>
          <ns3:TrackPointExtension>
            <ns3:hr>161</ns3:hr>
            <ns3:cad>85</ns3:cad>
          </ns3:TrackPointExtension>
        </extensions>
      </trkpt>
      <trkpt lat="31.02058620192110538482666015625" lon="121.42414097674190998077392578125">
        <ele>6</ele>
        <time>2026-06-02T12:36:32.000Z</time>
        <extensions>
          <ns3:TrackPointExtension>
            <ns3:hr>161</ns3:hr>
            <ns3:cad>84</ns3:cad>
          </ns3:TrackPointExtension>
        </extensions>
      </trkpt>
      <trkpt lat="31.020610593259334564208984375" lon="121.4241641946136951446533203125">
        <ele>6</ele>
        <time>2026-06-02T12:36:33.000Z</time>
        <extensions>
          <ns3:TrackPointExtension>
            <ns3:hr>161</ns3:hr>
            <ns3:cad>83</ns3:cad>
          </ns3:TrackPointExtension>
        </extensions>
      </trkpt>
      <trkpt lat="31.02063079364597797393798828125" lon="121.4241698943078517913818359375">
        <ele>6</ele>
        <time>2026-06-02T12:36:34.000Z</time>
        <extensions>
          <ns3:TrackPointExtension>
            <ns3:hr>160</ns3:hr>
            <ns3:cad>83</ns3:cad>
          </ns3:TrackPointExtension>
        </extensions>
      </trkpt>
      <trkpt lat="31.02066096849739551544189453125" lon="121.4241890050470829010009765625">
        <ele>6</ele>
        <time>2026-06-02T12:36:35.000Z</time>
        <extensions>
          <ns3:TrackPointExtension>
            <ns3:hr>161</ns3:hr>
            <ns3:cad>84</ns3:cad>
          </ns3:TrackPointExtension>
        </extensions>
      </trkpt>
      <trkpt lat="31.02068074978888034820556640625" lon="121.42419956624507904052734375">
        <ele>6</ele>
        <time>2026-06-02T12:36:36.000Z</time>
        <extensions>
          <ns3:TrackPointExtension>
            <ns3:hr>160</ns3:hr>
            <ns3:cad>84</ns3:cad>
          </ns3:TrackPointExtension>
        </extensions>
      </trkpt>
      <trkpt lat="31.02070748805999755859375" lon="121.424205265939235687255859375">
        <ele>6</ele>
        <time>2026-06-02T12:36:37.000Z</time>
        <extensions>
          <ns3:TrackPointExtension>
            <ns3:hr>161</ns3:hr>
            <ns3:cad>85</ns3:cad>
          </ns3:TrackPointExtension>
        </extensions>
      </trkpt>
      <trkpt lat="31.0207291133701801300048828125" lon="121.42421607859432697296142578125">
        <ele>6</ele>
        <time>2026-06-02T12:36:38.000Z</time>
        <extensions>
          <ns3:TrackPointExtension>
            <ns3:hr>161</ns3:hr>
            <ns3:cad>85</ns3:cad>
          </ns3:TrackPointExtension>
        </extensions>
      </trkpt>
      <trkpt lat="31.020752750337123870849609375" lon="121.42421624623239040374755859375">
        <ele>6</ele>
        <time>2026-06-02T12:36:39.000Z</time>
        <extensions>
          <ns3:TrackPointExtension>
            <ns3:hr>161</ns3:hr>
            <ns3:cad>85</ns3:cad>
          </ns3:TrackPointExtension>
        </extensions>
      </trkpt>
      <trkpt lat="31.0207837633788585662841796875" lon="121.4242255501449108123779296875">
        <ele>6</ele>
        <time>2026-06-02T12:36:40.000Z</time>
        <extensions>
          <ns3:TrackPointExtension>
            <ns3:hr>161</ns3:hr>
            <ns3:cad>85</ns3:cad>
          </ns3:TrackPointExtension>
        </extensions>
      </trkpt>
      <trkpt lat="31.0208032093942165374755859375" lon="121.4242195151746273040771484375">
        <ele>6</ele>
        <time>2026-06-02T12:36:41.000Z</time>
        <extensions>
          <ns3:TrackPointExtension>
            <ns3:hr>161</ns3:hr>
            <ns3:cad>85</ns3:cad>
          </ns3:TrackPointExtension>
        </extensions>
      </trkpt>
      <trkpt lat="31.0208327136933803558349609375" lon="121.4242168329656124114990234375">
        <ele>6.19999980926513671875</ele>
        <time>2026-06-02T12:36:42.000Z</time>
        <extensions>
          <ns3:TrackPointExtension>
            <ns3:hr>160</ns3:hr>
            <ns3:cad>85</ns3:cad>
          </ns3:TrackPointExtension>
        </extensions>
      </trkpt>
      <trkpt lat="31.02085459046065807342529296875" lon="121.42421507276594638824462890625">
        <ele>6</ele>
        <time>2026-06-02T12:36:43.000Z</time>
        <extensions>
          <ns3:TrackPointExtension>
            <ns3:hr>161</ns3:hr>
            <ns3:cad>85</ns3:cad>
          </ns3:TrackPointExtension>
        </extensions>
      </trkpt>
      <trkpt lat="31.020880155265331268310546875" lon="121.42420819960534572601318359375">
        <ele>6</ele>
        <time>2026-06-02T12:36:44.000Z</time>
        <extensions>
          <ns3:TrackPointExtension>
            <ns3:hr>161</ns3:hr>
            <ns3:cad>85</ns3:cad>
          </ns3:TrackPointExtension>
        </extensions>
      </trkpt>
      <trkpt lat="31.0209094919264316558837890625" lon="121.42420333810150623321533203125">
        <ele>6</ele>
        <time>2026-06-02T12:36:45.000Z</time>
        <extensions>
          <ns3:TrackPointExtension>
            <ns3:hr>162</ns3:hr>
            <ns3:cad>85</ns3:cad>
          </ns3:TrackPointExtension>
        </extensions>
      </trkpt>
      <trkpt lat="31.0209319554269313812255859375" lon="121.4241900108754634857177734375">
        <ele>6</ele>
        <time>2026-06-02T12:36:46.000Z</time>
        <extensions>
          <ns3:TrackPointExtension>
            <ns3:hr>162</ns3:hr>
            <ns3:cad>85</ns3:cad>
          </ns3:TrackPointExtension>
        </extensions>
      </trkpt>
      <trkpt lat="31.020965315401554107666015625" lon="121.4241802878677845001220703125">
        <ele>6</ele>
        <time>2026-06-02T12:36:47.000Z</time>
        <extensions>
          <ns3:TrackPointExtension>
            <ns3:hr>162</ns3:hr>
            <ns3:cad>85</ns3:cad>
          </ns3:TrackPointExtension>
        </extensions>
      </trkpt>
      <trkpt lat="31.0209852643311023712158203125" lon="121.42416779883205890655517578125">
        <ele>6</ele>
        <time>2026-06-02T12:36:48.000Z</time>
        <extensions>
          <ns3:TrackPointExtension>
            <ns3:hr>162</ns3:hr>
            <ns3:cad>85</ns3:cad>
          </ns3:TrackPointExtension>
        </extensions>
      </trkpt>
      <trkpt lat="31.0210114158689975738525390625" lon="121.42415304668247699737548828125">
        <ele>6</ele>
        <time>2026-06-02T12:36:49.000Z</time>
        <extensions>
          <ns3:TrackPointExtension>
            <ns3:hr>162</ns3:hr>
            <ns3:cad>85</ns3:cad>
          </ns3:TrackPointExtension>
        </extensions>
      </trkpt>
      <trkpt lat="31.02103681303560733795166015625" lon="121.42414500005543231964111328125">
        <ele>6</ele>
        <time>2026-06-02T12:36:50.000Z</time>
        <extensions>
          <ns3:TrackPointExtension>
            <ns3:hr>162</ns3:hr>
            <ns3:cad>85</ns3:cad>
          </ns3:TrackPointExtension>
        </extensions>
      </trkpt>
      <trkpt lat="31.0210601985454559326171875" lon="121.42413410358130931854248046875">
        <ele>6</ele>
        <time>2026-06-02T12:36:51.000Z</time>
        <extensions>
          <ns3:TrackPointExtension>
            <ns3:hr>163</ns3:hr>
            <ns3:cad>85</ns3:cad>
          </ns3:TrackPointExtension>
        </extensions>
      </trkpt>
      <trkpt lat="31.02109012193977832794189453125" lon="121.42412354238331317901611328125">
        <ele>6</ele>
        <time>2026-06-02T12:36:52.000Z</time>
        <extensions>
          <ns3:TrackPointExtension>
            <ns3:hr>162</ns3:hr>
            <ns3:cad>85</ns3:cad>
          </ns3:TrackPointExtension>
        </extensions>
      </trkpt>
      <trkpt lat="31.02111048996448516845703125" lon="121.4241130650043487548828125">
        <ele>6</ele>
        <time>2026-06-02T12:36:53.000Z</time>
        <extensions>
          <ns3:TrackPointExtension>
            <ns3:hr>163</ns3:hr>
            <ns3:cad>85</ns3:cad>
          </ns3:TrackPointExtension>
        </extensions>
      </trkpt>
      <trkpt lat="31.021134965121746063232421875" lon="121.42410275526344776153564453125">
        <ele>6</ele>
        <time>2026-06-02T12:36:54.000Z</time>
        <extensions>
          <ns3:TrackPointExtension>
            <ns3:hr>163</ns3:hr>
            <ns3:cad>85</ns3:cad>
          </ns3:TrackPointExtension>
        </extensions>
      </trkpt>
      <trkpt lat="31.02115474641323089599609375" lon="121.4240927807986736297607421875">
        <ele>6</ele>
        <time>2026-06-02T12:36:55.000Z</time>
        <extensions>
          <ns3:TrackPointExtension>
            <ns3:hr>164</ns3:hr>
            <ns3:cad>84</ns3:cad>
          </ns3:TrackPointExtension>
        </extensions>
      </trkpt>
      <trkpt lat="31.02117930538952350616455078125" lon="121.42408112995326519012451171875">
        <ele>6</ele>
        <time>2026-06-02T12:36:56.000Z</time>
        <extensions>
          <ns3:TrackPointExtension>
            <ns3:hr>164</ns3:hr>
            <ns3:cad>84</ns3:cad>
          </ns3:TrackPointExtension>
        </extensions>
      </trkpt>
      <trkpt lat="31.02120629511773586273193359375" lon="121.42407190985977649688720703125">
        <ele>6</ele>
        <time>2026-06-02T12:36:57.000Z</time>
        <extensions>
          <ns3:TrackPointExtension>
            <ns3:hr>164</ns3:hr>
            <ns3:cad>84</ns3:cad>
          </ns3:TrackPointExtension>
        </extensions>
      </trkpt>
      <trkpt lat="31.02122926153242588043212890625" lon="121.4240621030330657958984375">
        <ele>6</ele>
        <time>2026-06-02T12:36:58.000Z</time>
        <extensions>
          <ns3:TrackPointExtension>
            <ns3:hr>163</ns3:hr>
            <ns3:cad>84</ns3:cad>
          </ns3:TrackPointExtension>
        </extensions>
      </trkpt>
      <trkpt lat="31.02126496843993663787841796875" lon="121.42405061982572078704833984375">
        <ele>6</ele>
        <time>2026-06-02T12:36:59.000Z</time>
        <extensions>
          <ns3:TrackPointExtension>
            <ns3:hr>163</ns3:hr>
            <ns3:cad>84</ns3:cad>
          </ns3:TrackPointExtension>
        </extensions>
      </trkpt>
      <trkpt lat="31.0212856717407703399658203125" lon="121.42403972335159778594970703125">
        <ele>6</ele>
        <time>2026-06-02T12:37:00.000Z</time>
        <extensions>
          <ns3:TrackPointExtension>
            <ns3:hr>163</ns3:hr>
            <ns3:cad>85</ns3:cad>
          </ns3:TrackPointExtension>
        </extensions>
      </trkpt>
      <trkpt lat="31.021313332021236419677734375" lon="121.424023546278476715087890625">
        <ele>6</ele>
        <time>2026-06-02T12:37:01.000Z</time>
        <extensions>
          <ns3:TrackPointExtension>
            <ns3:hr>163</ns3:hr>
            <ns3:cad>85</ns3:cad>
          </ns3:TrackPointExtension>
        </extensions>
      </trkpt>
      <trkpt lat="31.021337807178497314453125" lon="121.42401709221303462982177734375">
        <ele>6</ele>
        <time>2026-06-02T12:37:02.000Z</time>
        <extensions>
          <ns3:TrackPointExtension>
            <ns3:hr>164</ns3:hr>
            <ns3:cad>85</ns3:cad>
          </ns3:TrackPointExtension>
        </extensions>
      </trkpt>
      <trkpt lat="31.0213579237461090087890625" lon="121.424003429710865020751953125">
        <ele>6</ele>
        <time>2026-06-02T12:37:03.000Z</time>
        <extensions>
          <ns3:TrackPointExtension>
            <ns3:hr>164</ns3:hr>
            <ns3:cad>85</ns3:cad>
          </ns3:TrackPointExtension>
        </extensions>
      </trkpt>
      <trkpt lat="31.02138550020754337310791015625" lon="121.42399194650352001190185546875">
        <ele>6</ele>
        <time>2026-06-02T12:37:04.000Z</time>
        <extensions>
          <ns3:TrackPointExtension>
            <ns3:hr>164</ns3:hr>
            <ns3:cad>84</ns3:cad>
          </ns3:TrackPointExtension>
        </extensions>
      </trkpt>
      <trkpt lat="31.021405868232250213623046875" lon="121.4239804632961750030517578125">
        <ele>6</ele>
        <time>2026-06-02T12:37:05.000Z</time>
        <extensions>
          <ns3:TrackPointExtension>
            <ns3:hr>164</ns3:hr>
            <ns3:cad>84</ns3:cad>
          </ns3:TrackPointExtension>
        </extensions>
      </trkpt>
      <trkpt lat="31.0214341990649700164794921875" lon="121.42396763898432254791259765625">
        <ele>6</ele>
        <time>2026-06-02T12:37:06.000Z</time>
        <extensions>
          <ns3:TrackPointExtension>
            <ns3:hr>163</ns3:hr>
            <ns3:cad>85</ns3:cad>
          </ns3:TrackPointExtension>
        </extensions>
      </trkpt>
      <trkpt lat="31.02145674638450145721435546875" lon="121.42395959235727787017822265625">
        <ele>6</ele>
        <time>2026-06-02T12:37:07.000Z</time>
        <extensions>
          <ns3:TrackPointExtension>
            <ns3:hr>164</ns3:hr>
            <ns3:cad>85</ns3:cad>
          </ns3:TrackPointExtension>
        </extensions>
      </trkpt>
      <trkpt lat="31.02147904224693775177001953125" lon="121.42394584603607654571533203125">
        <ele>5.80000019073486328125</ele>
        <time>2026-06-02T12:37:08.000Z</time>
        <extensions>
          <ns3:TrackPointExtension>
            <ns3:hr>164</ns3:hr>
            <ns3:cad>85</ns3:cad>
          </ns3:TrackPointExtension>
        </extensions>
      </trkpt>
      <trkpt lat="31.0215052776038646697998046875" lon="121.42393494956195354461669921875">
        <ele>5.80000019073486328125</ele>
        <time>2026-06-02T12:37:09.000Z</time>
        <extensions>
          <ns3:TrackPointExtension>
            <ns3:hr>163</ns3:hr>
            <ns3:cad>85</ns3:cad>
          </ns3:TrackPointExtension>
        </extensions>
      </trkpt>
      <trkpt lat="31.02152849547564983367919921875" lon="121.42392522655427455902099609375">
        <ele>5.80000019073486328125</ele>
        <time>2026-06-02T12:37:10.000Z</time>
        <extensions>
          <ns3:TrackPointExtension>
            <ns3:hr>163</ns3:hr>
            <ns3:cad>85</ns3:cad>
          </ns3:TrackPointExtension>
        </extensions>
      </trkpt>
      <trkpt lat="31.0215604305267333984375" lon="121.42391231842339038848876953125">
        <ele>5.80000019073486328125</ele>
        <time>2026-06-02T12:37:11.000Z</time>
        <extensions>
          <ns3:TrackPointExtension>
            <ns3:hr>163</ns3:hr>
            <ns3:cad>85</ns3:cad>
          </ns3:TrackPointExtension>
        </extensions>
      </trkpt>
      <trkpt lat="31.02158197201788425445556640625" lon="121.4239011704921722412109375">
        <ele>5.80000019073486328125</ele>
        <time>2026-06-02T12:37:12.000Z</time>
        <extensions>
          <ns3:TrackPointExtension>
            <ns3:hr>163</ns3:hr>
            <ns3:cad>85</ns3:cad>
          </ns3:TrackPointExtension>
        </extensions>
      </trkpt>
      <trkpt lat="31.02161072194576263427734375" lon="121.42388499341905117034912109375">
        <ele>5.80000019073486328125</ele>
        <time>2026-06-02T12:37:13.000Z</time>
        <extensions>
          <ns3:TrackPointExtension>
            <ns3:hr>164</ns3:hr>
            <ns3:cad>85</ns3:cad>
          </ns3:TrackPointExtension>
        </extensions>
      </trkpt>
      <trkpt lat="31.0216380469501018524169921875" lon="121.42387862317264080047607421875">
        <ele>5.80000019073486328125</ele>
        <time>2026-06-02T12:37:14.000Z</time>
        <extensions>
          <ns3:TrackPointExtension>
            <ns3:hr>163</ns3:hr>
            <ns3:cad>85</ns3:cad>
          </ns3:TrackPointExtension>
        </extensions>
      </trkpt>
      <trkpt lat="31.021659672260284423828125" lon="121.4238641224801540374755859375">
        <ele>5.80000019073486328125</ele>
        <time>2026-06-02T12:37:15.000Z</time>
        <extensions>
          <ns3:TrackPointExtension>
            <ns3:hr>163</ns3:hr>
            <ns3:cad>85</ns3:cad>
          </ns3:TrackPointExtension>
        </extensions>
      </trkpt>
      <trkpt lat="31.0216926969587802886962890625" lon="121.4238488674163818359375">
        <ele>5.80000019073486328125</ele>
        <time>2026-06-02T12:37:16.000Z</time>
        <extensions>
          <ns3:TrackPointExtension>
            <ns3:hr>164</ns3:hr>
            <ns3:cad>85</ns3:cad>
          </ns3:TrackPointExtension>
        </extensions>
      </trkpt>
      <trkpt lat="31.0217106342315673828125" lon="121.4238314330577850341796875">
        <ele>6</ele>
        <time>2026-06-02T12:37:17.000Z</time>
        <extensions>
          <ns3:TrackPointExtension>
            <ns3:hr>163</ns3:hr>
            <ns3:cad>85</ns3:cad>
          </ns3:TrackPointExtension>
        </extensions>
      </trkpt>
      <trkpt lat="31.02173946797847747802734375" lon="121.423808299005031585693359375">
        <ele>6</ele>
        <time>2026-06-02T12:37:18.000Z</time>
        <extensions>
          <ns3:TrackPointExtension>
            <ns3:hr>163</ns3:hr>
            <ns3:cad>85</ns3:cad>
          </ns3:TrackPointExtension>
        </extensions>
      </trkpt>
      <trkpt lat="31.0217557288706302642822265625" lon="121.4237880147993564605712890625">
        <ele>6</ele>
        <time>2026-06-02T12:37:19.000Z</time>
        <extensions>
          <ns3:TrackPointExtension>
            <ns3:hr>163</ns3:hr>
            <ns3:cad>85</ns3:cad>
          </ns3:TrackPointExtension>
        </extensions>
      </trkpt>
      <trkpt lat="31.0217765159904956817626953125" lon="121.42375825904309749603271484375">
        <ele>5.80000019073486328125</ele>
        <time>2026-06-02T12:37:20.000Z</time>
        <extensions>
          <ns3:TrackPointExtension>
            <ns3:hr>163</ns3:hr>
            <ns3:cad>85</ns3:cad>
          </ns3:TrackPointExtension>
        </extensions>
      </trkpt>
      <trkpt lat="31.02179470472037792205810546875" lon="121.42373428680002689361572265625">
        <ele>5.80000019073486328125</ele>
        <time>2026-06-02T12:37:21.000Z</time>
        <extensions>
          <ns3:TrackPointExtension>
            <ns3:hr>163</ns3:hr>
            <ns3:cad>85</ns3:cad>
          </ns3:TrackPointExtension>
        </extensions>
      </trkpt>
      <trkpt lat="31.0218066908419132232666015625" lon="121.423707716166973114013671875">
        <ele>5.80000019073486328125</ele>
        <time>2026-06-02T12:37:22.000Z</time>
        <extensions>
          <ns3:TrackPointExtension>
            <ns3:hr>163</ns3:hr>
            <ns3:cad>85</ns3:cad>
          </ns3:TrackPointExtension>
        </extensions>
      </trkpt>
      <trkpt lat="31.02182865142822265625" lon="121.423679552972316741943359375">
        <ele>5.80000019073486328125</ele>
        <time>2026-06-02T12:37:23.000Z</time>
        <extensions>
          <ns3:TrackPointExtension>
            <ns3:hr>162</ns3:hr>
            <ns3:cad>85</ns3:cad>
          </ns3:TrackPointExtension>
        </extensions>
      </trkpt>
      <trkpt lat="31.02183728478848934173583984375" lon="121.42365507781505584716796875">
        <ele>5.80000019073486328125</ele>
        <time>2026-06-02T12:37:24.000Z</time>
        <extensions>
          <ns3:TrackPointExtension>
            <ns3:hr>163</ns3:hr>
            <ns3:cad>86</ns3:cad>
          </ns3:TrackPointExtension>
        </extensions>
      </trkpt>
      <trkpt lat="31.02184969000518321990966796875" lon="121.4236207120120525360107421875">
        <ele>5.80000019073486328125</ele>
        <time>2026-06-02T12:37:25.000Z</time>
        <extensions>
          <ns3:TrackPointExtension>
            <ns3:hr>162</ns3:hr>
            <ns3:cad>86</ns3:cad>
          </ns3:TrackPointExtension>
        </extensions>
      </trkpt>
      <trkpt lat="31.02185790427029132843017578125" lon="121.4235905371606349945068359375">
        <ele>5.80000019073486328125</ele>
        <time>2026-06-02T12:37:26.000Z</time>
        <extensions>
          <ns3:TrackPointExtension>
            <ns3:hr>163</ns3:hr>
            <ns3:cad>86</ns3:cad>
          </ns3:TrackPointExtension>
        </extensions>
      </trkpt>
      <trkpt lat="31.0218608379364013671875" lon="121.4235627092421054840087890625">
        <ele>5.80000019073486328125</ele>
        <time>2026-06-02T12:37:27.000Z</time>
        <extensions>
          <ns3:TrackPointExtension>
            <ns3:hr>163</ns3:hr>
            <ns3:cad>84</ns3:cad>
          </ns3:TrackPointExtension>
        </extensions>
      </trkpt>
      <trkpt lat="31.02187098003923892974853515625" lon="121.4235295169055461883544921875">
        <ele>5.80000019073486328125</ele>
        <time>2026-06-02T12:37:28.000Z</time>
        <extensions>
          <ns3:TrackPointExtension>
            <ns3:hr>163</ns3:hr>
            <ns3:cad>84</ns3:cad>
          </ns3:TrackPointExtension>
        </extensions>
      </trkpt>
      <trkpt lat="31.02187198586761951446533203125" lon="121.4235037006437778472900390625">
        <ele>5.80000019073486328125</ele>
        <time>2026-06-02T12:37:29.000Z</time>
        <extensions>
          <ns3:TrackPointExtension>
            <ns3:hr>163</ns3:hr>
            <ns3:cad>84</ns3:cad>
          </ns3:TrackPointExtension>
        </extensions>
      </trkpt>
      <trkpt lat="31.02187131531536579132080078125" lon="121.423466317355632781982421875">
        <ele>5.80000019073486328125</ele>
        <time>2026-06-02T12:37:30.000Z</time>
        <extensions>
          <ns3:TrackPointExtension>
            <ns3:hr>163</ns3:hr>
            <ns3:cad>84</ns3:cad>
          </ns3:TrackPointExtension>
        </extensions>
      </trkpt>
      <trkpt lat="31.02187014184892177581787109375" lon="121.4234379865229129791259765625">
        <ele>5.80000019073486328125</ele>
        <time>2026-06-02T12:37:31.000Z</time>
        <extensions>
          <ns3:TrackPointExtension>
            <ns3:hr>163</ns3:hr>
            <ns3:cad>84</ns3:cad>
          </ns3:TrackPointExtension>
        </extensions>
      </trkpt>
      <trkpt lat="31.021866537630558013916015625" lon="121.42340688966214656829833984375">
        <ele>5.80000019073486328125</ele>
        <time>2026-06-02T12:37:32.000Z</time>
        <extensions>
          <ns3:TrackPointExtension>
            <ns3:hr>163</ns3:hr>
            <ns3:cad>84</ns3:cad>
          </ns3:TrackPointExtension>
        </extensions>
      </trkpt>
      <trkpt lat="31.02186243049800395965576171875" lon="121.42337487079203128814697265625">
        <ele>5.80000019073486328125</ele>
        <time>2026-06-02T12:37:33.000Z</time>
        <extensions>
          <ns3:TrackPointExtension>
            <ns3:hr>164</ns3:hr>
            <ns3:cad>85</ns3:cad>
          </ns3:TrackPointExtension>
        </extensions>
      </trkpt>
      <trkpt lat="31.0218526236712932586669921875" lon="121.423351652920246124267578125">
        <ele>5.80000019073486328125</ele>
        <time>2026-06-02T12:37:34.000Z</time>
        <extensions>
          <ns3:TrackPointExtension>
            <ns3:hr>163</ns3:hr>
            <ns3:cad>85</ns3:cad>
          </ns3:TrackPointExtension>
        </extensions>
      </trkpt>
      <trkpt lat="31.0218415595591068267822265625" lon="121.42331619746983051300048828125">
        <ele>5.80000019073486328125</ele>
        <time>2026-06-02T12:37:35.000Z</time>
        <extensions>
          <ns3:TrackPointExtension>
            <ns3:hr>163</ns3:hr>
            <ns3:cad>85</ns3:cad>
          </ns3:TrackPointExtension>
        </extensions>
      </trkpt>
      <trkpt lat="31.02183208800852298736572265625" lon="121.42329222522675991058349609375">
        <ele>5.599999904632568359375</ele>
        <time>2026-06-02T12:37:36.000Z</time>
        <extensions>
          <ns3:TrackPointExtension>
            <ns3:hr>163</ns3:hr>
            <ns3:cad>85</ns3:cad>
          </ns3:TrackPointExtension>
        </extensions>
      </trkpt>
      <trkpt lat="31.02182219736278057098388671875" lon="121.4232663251459598541259765625">
        <ele>5.599999904632568359375</ele>
        <time>2026-06-02T12:37:37.000Z</time>
        <extensions>
          <ns3:TrackPointExtension>
            <ns3:hr>163</ns3:hr>
            <ns3:cad>85</ns3:cad>
          </ns3:TrackPointExtension>
        </extensions>
      </trkpt>
      <trkpt lat="31.02180979214608669281005859375" lon="121.42323405481874942779541015625">
        <ele>5.599999904632568359375</ele>
        <time>2026-06-02T12:37:38.000Z</time>
        <extensions>
          <ns3:TrackPointExtension>
            <ns3:hr>163</ns3:hr>
            <ns3:cad>85</ns3:cad>
          </ns3:TrackPointExtension>
        </extensions>
      </trkpt>
      <trkpt lat="31.0217936150729656219482421875" lon="121.4232143573462963104248046875">
        <ele>5.599999904632568359375</ele>
        <time>2026-06-02T12:37:39.000Z</time>
        <extensions>
          <ns3:TrackPointExtension>
            <ns3:hr>163</ns3:hr>
            <ns3:cad>85</ns3:cad>
          </ns3:TrackPointExtension>
        </extensions>
      </trkpt>
      <trkpt lat="31.02177358232438564300537109375" lon="121.42318158410489559173583984375">
        <ele>5.599999904632568359375</ele>
        <time>2026-06-02T12:37:40.000Z</time>
        <extensions>
          <ns3:TrackPointExtension>
            <ns3:hr>164</ns3:hr>
            <ns3:cad>85</ns3:cad>
          </ns3:TrackPointExtension>
        </extensions>
      </trkpt>
      <trkpt lat="31.02175815962255001068115234375" lon="121.42316398210823535919189453125">
        <ele>5.599999904632568359375</ele>
        <time>2026-06-02T12:37:41.000Z</time>
        <extensions>
          <ns3:TrackPointExtension>
            <ns3:hr>164</ns3:hr>
            <ns3:cad>84</ns3:cad>
          </ns3:TrackPointExtension>
        </extensions>
      </trkpt>
      <trkpt lat="31.0217342711985111236572265625" lon="121.423134393990039825439453125">
        <ele>5.599999904632568359375</ele>
        <time>2026-06-02T12:37:42.000Z</time>
        <extensions>
          <ns3:TrackPointExtension>
            <ns3:hr>164</ns3:hr>
            <ns3:cad>84</ns3:cad>
          </ns3:TrackPointExtension>
        </extensions>
      </trkpt>
      <trkpt lat="31.021712981164455413818359375" lon="121.42311151139438152313232421875">
        <ele>5.599999904632568359375</ele>
        <time>2026-06-02T12:37:43.000Z</time>
        <extensions>
          <ns3:TrackPointExtension>
            <ns3:hr>163</ns3:hr>
            <ns3:cad>84</ns3:cad>
          </ns3:TrackPointExtension>
        </extensions>
      </trkpt>
      <trkpt lat="31.02169026620686054229736328125" lon="121.42309541814029216766357421875">
        <ele>5.599999904632568359375</ele>
        <time>2026-06-02T12:37:44.000Z</time>
        <extensions>
          <ns3:TrackPointExtension>
            <ns3:hr>163</ns3:hr>
            <ns3:cad>84</ns3:cad>
          </ns3:TrackPointExtension>
        </extensions>
      </trkpt>
      <trkpt lat="31.021662689745426177978515625" lon="121.423073373734951019287109375">
        <ele>5.400000095367431640625</ele>
        <time>2026-06-02T12:37:45.000Z</time>
        <extensions>
          <ns3:TrackPointExtension>
            <ns3:hr>163</ns3:hr>
            <ns3:cad>84</ns3:cad>
          </ns3:TrackPointExtension>
        </extensions>
      </trkpt>
      <trkpt lat="31.02163511328399181365966796875" lon="121.42306306399405002593994140625">
        <ele>5.400000095367431640625</ele>
        <time>2026-06-02T12:37:46.000Z</time>
        <extensions>
          <ns3:TrackPointExtension>
            <ns3:hr>163</ns3:hr>
            <ns3:cad>85</ns3:cad>
          </ns3:TrackPointExtension>
        </extensions>
      </trkpt>
      <trkpt lat="31.0216035135090351104736328125" lon="121.42305049113929271697998046875">
        <ele>5.400000095367431640625</ele>
        <time>2026-06-02T12:37:47.000Z</time>
        <extensions>
          <ns3:TrackPointExtension>
            <ns3:hr>164</ns3:hr>
            <ns3:cad>85</ns3:cad>
          </ns3:TrackPointExtension>
        </extensions>
      </trkpt>
      <trkpt lat="31.0215793736279010772705078125" lon="121.423041187226772308349609375">
        <ele>5.19999980926513671875</ele>
        <time>2026-06-02T12:37:48.000Z</time>
        <extensions>
          <ns3:TrackPointExtension>
            <ns3:hr>164</ns3:hr>
            <ns3:cad>86</ns3:cad>
          </ns3:TrackPointExtension>
        </extensions>
      </trkpt>
      <trkpt lat="31.02155028842389583587646484375" lon="121.4230299554765224456787109375">
        <ele>5.19999980926513671875</ele>
        <time>2026-06-02T12:37:49.000Z</time>
        <extensions>
          <ns3:TrackPointExtension>
            <ns3:hr>164</ns3:hr>
            <ns3:cad>85</ns3:cad>
          </ns3:TrackPointExtension>
        </extensions>
      </trkpt>
      <trkpt lat="31.0215243883430957794189453125" lon="121.42302115447819232940673828125">
        <ele>5.19999980926513671875</ele>
        <time>2026-06-02T12:37:50.000Z</time>
        <extensions>
          <ns3:TrackPointExtension>
            <ns3:hr>164</ns3:hr>
            <ns3:cad>85</ns3:cad>
          </ns3:TrackPointExtension>
        </extensions>
      </trkpt>
      <trkpt lat="31.0214979015290737152099609375" lon="121.4230219088494777679443359375">
        <ele>5.19999980926513671875</ele>
        <time>2026-06-02T12:37:51.000Z</time>
        <extensions>
          <ns3:TrackPointExtension>
            <ns3:hr>165</ns3:hr>
            <ns3:cad>85</ns3:cad>
          </ns3:TrackPointExtension>
        </extensions>
      </trkpt>
      <trkpt lat="31.02146412245929241180419921875" lon="121.4230168797075748443603515625">
        <ele>5</ele>
        <time>2026-06-02T12:37:52.000Z</time>
        <extensions>
          <ns3:TrackPointExtension>
            <ns3:hr>165</ns3:hr>
            <ns3:cad>85</ns3:cad>
          </ns3:TrackPointExtension>
        </extensions>
      </trkpt>
      <trkpt lat="31.02144149132072925567626953125" lon="121.4230214059352874755859375">
        <ele>5</ele>
        <time>2026-06-02T12:37:53.000Z</time>
        <extensions>
          <ns3:TrackPointExtension>
            <ns3:hr>165</ns3:hr>
            <ns3:cad>85</ns3:cad>
          </ns3:TrackPointExtension>
        </extensions>
      </trkpt>
      <trkpt lat="31.02141215465962886810302734375" lon="121.4230269379913806915283203125">
        <ele>5.19999980926513671875</ele>
        <time>2026-06-02T12:37:54.000Z</time>
        <extensions>
          <ns3:TrackPointExtension>
            <ns3:hr>165</ns3:hr>
            <ns3:cad>84</ns3:cad>
          </ns3:TrackPointExtension>
        </extensions>
      </trkpt>
      <trkpt lat="31.02138533256947994232177734375" lon="121.42303523607552051544189453125">
        <ele>5.19999980926513671875</ele>
        <time>2026-06-02T12:37:55.000Z</time>
        <extensions>
          <ns3:TrackPointExtension>
            <ns3:hr>164</ns3:hr>
            <ns3:cad>84</ns3:cad>
          </ns3:TrackPointExtension>
        </extensions>
      </trkpt>
      <trkpt lat="31.02136706002056598663330078125" lon="121.423052251338958740234375">
        <ele>5.19999980926513671875</ele>
        <time>2026-06-02T12:37:56.000Z</time>
        <extensions>
          <ns3:TrackPointExtension>
            <ns3:hr>164</ns3:hr>
            <ns3:cad>84</ns3:cad>
          </ns3:TrackPointExtension>
        </extensions>
      </trkpt>
      <trkpt lat="31.02133856154978275299072265625" lon="121.42306222580373287200927734375">
        <ele>5.19999980926513671875</ele>
        <time>2026-06-02T12:37:57.000Z</time>
        <extensions>
          <ns3:TrackPointExtension>
            <ns3:hr>165</ns3:hr>
            <ns3:cad>84</ns3:cad>
          </ns3:TrackPointExtension>
        </extensions>
      </trkpt>
      <trkpt lat="31.02131626568734645843505859375" lon="121.4230725355446338653564453125">
        <ele>5.19999980926513671875</ele>
        <time>2026-06-02T12:37:58.000Z</time>
        <extensions>
          <ns3:TrackPointExtension>
            <ns3:hr>165</ns3:hr>
            <ns3:cad>84</ns3:cad>
          </ns3:TrackPointExtension>
        </extensions>
      </trkpt>
      <trkpt lat="31.02128810249269008636474609375" lon="121.42308468930423259735107421875">
        <ele>5.19999980926513671875</ele>
        <time>2026-06-02T12:37:59.000Z</time>
        <extensions>
          <ns3:TrackPointExtension>
            <ns3:hr>165</ns3:hr>
            <ns3:cad>84</ns3:cad>
          </ns3:TrackPointExtension>
        </extensions>
      </trkpt>
      <trkpt lat="31.0212611965835094451904296875" lon="121.4230960048735141754150390625">
        <ele>5.19999980926513671875</ele>
        <time>2026-06-02T12:38:00.000Z</time>
        <extensions>
          <ns3:TrackPointExtension>
            <ns3:hr>165</ns3:hr>
            <ns3:cad>84</ns3:cad>
          </ns3:TrackPointExtension>
        </extensions>
      </trkpt>
      <trkpt lat="31.02123789489269256591796875" lon="121.4231104217469692230224609375">
        <ele>5.19999980926513671875</ele>
        <time>2026-06-02T12:38:01.000Z</time>
        <extensions>
          <ns3:TrackPointExtension>
            <ns3:hr>165</ns3:hr>
            <ns3:cad>84</ns3:cad>
          </ns3:TrackPointExtension>
        </extensions>
      </trkpt>
      <trkpt lat="31.021207384765148162841796875" lon="121.423121988773345947265625">
        <ele>5.400000095367431640625</ele>
        <time>2026-06-02T12:38:02.000Z</time>
        <extensions>
          <ns3:TrackPointExtension>
            <ns3:hr>165</ns3:hr>
            <ns3:cad>85</ns3:cad>
          </ns3:TrackPointExtension>
        </extensions>
      </trkpt>
      <trkpt lat="31.0211862623691558837890625" lon="121.42313598655164241790771484375">
        <ele>5.400000095367431640625</ele>
        <time>2026-06-02T12:38:03.000Z</time>
        <extensions>
          <ns3:TrackPointExtension>
            <ns3:hr>165</ns3:hr>
            <ns3:cad>85</ns3:cad>
          </ns3:TrackPointExtension>
        </extensions>
      </trkpt>
      <trkpt lat="31.02115684188902378082275390625" lon="121.42314403317868709564208984375">
        <ele>5.400000095367431640625</ele>
        <time>2026-06-02T12:38:04.000Z</time>
        <extensions>
          <ns3:TrackPointExtension>
            <ns3:hr>165</ns3:hr>
            <ns3:cad>85</ns3:cad>
          </ns3:TrackPointExtension>
        </extensions>
      </trkpt>
      <trkpt lat="31.02113588713109493255615234375" lon="121.4231536723673343658447265625">
        <ele>5.400000095367431640625</ele>
        <time>2026-06-02T12:38:05.000Z</time>
        <extensions>
          <ns3:TrackPointExtension>
            <ns3:hr>166</ns3:hr>
            <ns3:cad>85</ns3:cad>
          </ns3:TrackPointExtension>
        </extensions>
      </trkpt>
      <trkpt lat="31.02111308835446834564208984375" lon="121.42316465266048908233642578125">
        <ele>5.400000095367431640625</ele>
        <time>2026-06-02T12:38:06.000Z</time>
        <extensions>
          <ns3:TrackPointExtension>
            <ns3:hr>165</ns3:hr>
            <ns3:cad>86</ns3:cad>
          </ns3:TrackPointExtension>
        </extensions>
      </trkpt>
      <trkpt lat="31.0210868529975414276123046875" lon="121.423177979886531829833984375">
        <ele>5.400000095367431640625</ele>
        <time>2026-06-02T12:38:07.000Z</time>
        <extensions>
          <ns3:TrackPointExtension>
            <ns3:hr>165</ns3:hr>
            <ns3:cad>86</ns3:cad>
          </ns3:TrackPointExtension>
        </extensions>
      </trkpt>
      <trkpt lat="31.0210667364299297332763671875" lon="121.4231915585696697235107421875">
        <ele>5.400000095367431640625</ele>
        <time>2026-06-02T12:38:08.000Z</time>
        <extensions>
          <ns3:TrackPointExtension>
            <ns3:hr>165</ns3:hr>
            <ns3:cad>85</ns3:cad>
          </ns3:TrackPointExtension>
        </extensions>
      </trkpt>
      <trkpt lat="31.02103748358786106109619140625" lon="121.423197090625762939453125">
        <ele>5.400000095367431640625</ele>
        <time>2026-06-02T12:38:09.000Z</time>
        <extensions>
          <ns3:TrackPointExtension>
            <ns3:hr>165</ns3:hr>
            <ns3:cad>85</ns3:cad>
          </ns3:TrackPointExtension>
        </extensions>
      </trkpt>
      <trkpt lat="31.02101619355380535125732421875" lon="121.4232099987566471099853515625">
        <ele>5.400000095367431640625</ele>
        <time>2026-06-02T12:38:10.000Z</time>
        <extensions>
          <ns3:TrackPointExtension>
            <ns3:hr>165</ns3:hr>
            <ns3:cad>84</ns3:cad>
          </ns3:TrackPointExtension>
        </extensions>
      </trkpt>
      <trkpt lat="31.02098618634045124053955078125" lon="121.42321310006082057952880859375">
        <ele>5.19999980926513671875</ele>
        <time>2026-06-02T12:38:11.000Z</time>
        <extensions>
          <ns3:TrackPointExtension>
            <ns3:hr>166</ns3:hr>
            <ns3:cad>84</ns3:cad>
          </ns3:TrackPointExtension>
        </extensions>
      </trkpt>
      <trkpt lat="31.02096791379153728485107421875" lon="121.42322131432592868804931640625">
        <ele>5.19999980926513671875</ele>
        <time>2026-06-02T12:38:12.000Z</time>
        <extensions>
          <ns3:TrackPointExtension>
            <ns3:hr>166</ns3:hr>
            <ns3:cad>85</ns3:cad>
          </ns3:TrackPointExtension>
        </extensions>
      </trkpt>
      <trkpt lat="31.02094226516783237457275390625" lon="121.42323606647551059722900390625">
        <ele>5.19999980926513671875</ele>
        <time>2026-06-02T12:38:13.000Z</time>
        <extensions>
          <ns3:TrackPointExtension>
            <ns3:hr>166</ns3:hr>
            <ns3:cad>85</ns3:cad>
          </ns3:TrackPointExtension>
        </extensions>
      </trkpt>
      <trkpt lat="31.020919717848300933837890625" lon="121.4232472144067287445068359375">
        <ele>5.400000095367431640625</ele>
        <time>2026-06-02T12:38:14.000Z</time>
        <extensions>
          <ns3:TrackPointExtension>
            <ns3:hr>166</ns3:hr>
            <ns3:cad>85</ns3:cad>
          </ns3:TrackPointExtension>
        </extensions>
      </trkpt>
      <trkpt lat="31.0208977572619915008544921875" lon="121.42326121218502521514892578125">
        <ele>5.400000095367431640625</ele>
        <time>2026-06-02T12:38:15.000Z</time>
        <extensions>
          <ns3:TrackPointExtension>
            <ns3:hr>166</ns3:hr>
            <ns3:cad>85</ns3:cad>
          </ns3:TrackPointExtension>
        </extensions>
      </trkpt>
      <trkpt lat="31.02086749859154224395751953125" lon="121.42326590605080127716064453125">
        <ele>5.19999980926513671875</ele>
        <time>2026-06-02T12:38:16.000Z</time>
        <extensions>
          <ns3:TrackPointExtension>
            <ns3:hr>166</ns3:hr>
            <ns3:cad>85</ns3:cad>
          </ns3:TrackPointExtension>
        </extensions>
      </trkpt>
      <trkpt lat="31.0208461247384548187255859375" lon="121.42327982001006603240966796875">
        <ele>5.400000095367431640625</ele>
        <time>2026-06-02T12:38:17.000Z</time>
        <extensions>
          <ns3:TrackPointExtension>
            <ns3:hr>166</ns3:hr>
            <ns3:cad>85</ns3:cad>
          </ns3:TrackPointExtension>
        </extensions>
      </trkpt>
      <trkpt lat="31.02081469260156154632568359375" lon="121.4232867769896984100341796875">
        <ele>5.400000095367431640625</ele>
        <time>2026-06-02T12:38:18.000Z</time>
        <extensions>
          <ns3:TrackPointExtension>
            <ns3:hr>166</ns3:hr>
            <ns3:cad>85</ns3:cad>
          </ns3:TrackPointExtension>
        </extensions>
      </trkpt>
      <trkpt lat="31.02079541422426700592041015625" lon="121.42329574562609195709228515625">
        <ele>5.400000095367431640625</ele>
        <time>2026-06-02T12:38:19.000Z</time>
        <extensions>
          <ns3:TrackPointExtension>
            <ns3:hr>165</ns3:hr>
            <ns3:cad>85</ns3:cad>
          </ns3:TrackPointExtension>
        </extensions>
      </trkpt>
      <trkpt lat="31.0207703523337841033935546875" lon="121.42331133596599102020263671875">
        <ele>5.400000095367431640625</ele>
        <time>2026-06-02T12:38:20.000Z</time>
        <extensions>
          <ns3:TrackPointExtension>
            <ns3:hr>165</ns3:hr>
            <ns3:cad>85</ns3:cad>
          </ns3:TrackPointExtension>
        </extensions>
      </trkpt>
      <trkpt lat="31.02074344642460346221923828125" lon="121.423323489725589752197265625">
        <ele>5.400000095367431640625</ele>
        <time>2026-06-02T12:38:21.000Z</time>
        <extensions>
          <ns3:TrackPointExtension>
            <ns3:hr>165</ns3:hr>
            <ns3:cad>85</ns3:cad>
          </ns3:TrackPointExtension>
        </extensions>
      </trkpt>
      <trkpt lat="31.02072265930473804473876953125" lon="121.42333463765680789947509765625">
        <ele>5.400000095367431640625</ele>
        <time>2026-06-02T12:38:22.000Z</time>
        <extensions>
          <ns3:TrackPointExtension>
            <ns3:hr>165</ns3:hr>
            <ns3:cad>85</ns3:cad>
          </ns3:TrackPointExtension>
        </extensions>
      </trkpt>
      <trkpt lat="31.0206922329962253570556640625" lon="121.42334251664578914642333984375">
        <ele>5.400000095367431640625</ele>
        <time>2026-06-02T12:38:23.000Z</time>
        <extensions>
          <ns3:TrackPointExtension>
            <ns3:hr>165</ns3:hr>
            <ns3:cad>85</ns3:cad>
          </ns3:TrackPointExtension>
        </extensions>
      </trkpt>
      <trkpt lat="31.0206697694957256317138671875" lon="121.423354335129261016845703125">
        <ele>5.400000095367431640625</ele>
        <time>2026-06-02T12:38:24.000Z</time>
        <extensions>
          <ns3:TrackPointExtension>
            <ns3:hr>165</ns3:hr>
            <ns3:cad>85</ns3:cad>
          </ns3:TrackPointExtension>
        </extensions>
      </trkpt>
      <trkpt lat="31.02063833735883235931396484375" lon="121.4233712665736675262451171875">
        <ele>5.400000095367431640625</ele>
        <time>2026-06-02T12:38:25.000Z</time>
        <extensions>
          <ns3:TrackPointExtension>
            <ns3:hr>165</ns3:hr>
            <ns3:cad>85</ns3:cad>
          </ns3:TrackPointExtension>
        </extensions>
      </trkpt>
      <trkpt lat="31.02061428129673004150390625" lon="121.42338283360004425048828125">
        <ele>5.400000095367431640625</ele>
        <time>2026-06-02T12:38:26.000Z</time>
        <extensions>
          <ns3:TrackPointExtension>
            <ns3:hr>166</ns3:hr>
            <ns3:cad>85</ns3:cad>
          </ns3:TrackPointExtension>
        </extensions>
      </trkpt>
      <trkpt lat="31.02059307508170604705810546875" lon="121.4233982563018798828125">
        <ele>5.400000095367431640625</ele>
        <time>2026-06-02T12:38:27.000Z</time>
        <extensions>
          <ns3:TrackPointExtension>
            <ns3:hr>166</ns3:hr>
            <ns3:cad>85</ns3:cad>
          </ns3:TrackPointExtension>
        </extensions>
      </trkpt>
      <trkpt lat="31.02056474424898624420166015625" lon="121.42341108061373233795166015625">
        <ele>5.400000095367431640625</ele>
        <time>2026-06-02T12:38:28.000Z</time>
        <extensions>
          <ns3:TrackPointExtension>
            <ns3:hr>166</ns3:hr>
            <ns3:cad>85</ns3:cad>
          </ns3:TrackPointExtension>
        </extensions>
      </trkpt>
      <trkpt lat="31.02054982446134090423583984375" lon="121.4234289340674877166748046875">
        <ele>5.400000095367431640625</ele>
        <time>2026-06-02T12:38:29.000Z</time>
        <extensions>
          <ns3:TrackPointExtension>
            <ns3:hr>166</ns3:hr>
            <ns3:cad>85</ns3:cad>
          </ns3:TrackPointExtension>
        </extensions>
      </trkpt>
      <trkpt lat="31.02052249945700168609619140625" lon="121.42345550470054149627685546875">
        <ele>5.400000095367431640625</ele>
        <time>2026-06-02T12:38:30.000Z</time>
        <extensions>
          <ns3:TrackPointExtension>
            <ns3:hr>165</ns3:hr>
            <ns3:cad>85</ns3:cad>
          </ns3:TrackPointExtension>
        </extensions>
      </trkpt>
      <trkpt lat="31.02050858549773693084716796875" lon="121.42347629182040691375732421875">
        <ele>5.400000095367431640625</ele>
        <time>2026-06-02T12:38:31.000Z</time>
        <extensions>
          <ns3:TrackPointExtension>
            <ns3:hr>165</ns3:hr>
            <ns3:cad>85</ns3:cad>
          </ns3:TrackPointExtension>
        </extensions>
      </trkpt>
      <trkpt lat="31.02049467153847217559814453125" lon="121.423505209386348724365234375">
        <ele>5.400000095367431640625</ele>
        <time>2026-06-02T12:38:32.000Z</time>
        <extensions>
          <ns3:TrackPointExtension>
            <ns3:hr>165</ns3:hr>
            <ns3:cad>85</ns3:cad>
          </ns3:TrackPointExtension>
        </extensions>
      </trkpt>
      <trkpt lat="31.0204779915511608123779296875" lon="121.42353010363876819610595703125">
        <ele>5.400000095367431640625</ele>
        <time>2026-06-02T12:38:33.000Z</time>
        <extensions>
          <ns3:TrackPointExtension>
            <ns3:hr>165</ns3:hr>
            <ns3:cad>85</ns3:cad>
          </ns3:TrackPointExtension>
        </extensions>
      </trkpt>
      <trkpt lat="31.02046935819089412689208984375" lon="121.4235524833202362060546875">
        <ele>5.400000095367431640625</ele>
        <time>2026-06-02T12:38:34.000Z</time>
        <extensions>
          <ns3:TrackPointExtension>
            <ns3:hr>165</ns3:hr>
            <ns3:cad>85</ns3:cad>
          </ns3:TrackPointExtension>
        </extensions>
      </trkpt>
      <trkpt lat="31.02045209147036075592041015625" lon="121.42358190380036830902099609375">
        <ele>5.400000095367431640625</ele>
        <time>2026-06-02T12:38:35.000Z</time>
        <extensions>
          <ns3:TrackPointExtension>
            <ns3:hr>165</ns3:hr>
            <ns3:cad>85</ns3:cad>
          </ns3:TrackPointExtension>
        </extensions>
      </trkpt>
      <trkpt lat="31.02044387720525264739990234375" lon="121.42360813915729522705078125">
        <ele>5.400000095367431640625</ele>
        <time>2026-06-02T12:38:36.000Z</time>
        <extensions>
          <ns3:TrackPointExtension>
            <ns3:hr>165</ns3:hr>
            <ns3:cad>85</ns3:cad>
          </ns3:TrackPointExtension>
        </extensions>
      </trkpt>
      <trkpt lat="31.0204377584159374237060546875" lon="121.42364040948450565338134765625">
        <ele>5.400000095367431640625</ele>
        <time>2026-06-02T12:38:37.000Z</time>
        <extensions>
          <ns3:TrackPointExtension>
            <ns3:hr>165</ns3:hr>
            <ns3:cad>84</ns3:cad>
          </ns3:TrackPointExtension>
        </extensions>
      </trkpt>
      <trkpt lat="31.0204303823411464691162109375" lon="121.42367108725011348724365234375">
        <ele>5.400000095367431640625</ele>
        <time>2026-06-02T12:38:38.000Z</time>
        <extensions>
          <ns3:TrackPointExtension>
            <ns3:hr>165</ns3:hr>
            <ns3:cad>84</ns3:cad>
          </ns3:TrackPointExtension>
        </extensions>
      </trkpt>
      <trkpt lat="31.0204293765127658843994140625" lon="121.42369841225445270538330078125">
        <ele>5.599999904632568359375</ele>
        <time>2026-06-02T12:38:39.000Z</time>
        <extensions>
          <ns3:TrackPointExtension>
            <ns3:hr>165</ns3:hr>
            <ns3:cad>84</ns3:cad>
          </ns3:TrackPointExtension>
        </extensions>
      </trkpt>
      <trkpt lat="31.02041889913380146026611328125" lon="121.4237320236861705780029296875">
        <ele>5.599999904632568359375</ele>
        <time>2026-06-02T12:38:40.000Z</time>
        <extensions>
          <ns3:TrackPointExtension>
            <ns3:hr>165</ns3:hr>
            <ns3:cad>84</ns3:cad>
          </ns3:TrackPointExtension>
        </extensions>
      </trkpt>
      <trkpt lat="31.02042007260024547576904296875" lon="121.42375566065311431884765625">
        <ele>5.599999904632568359375</ele>
        <time>2026-06-02T12:38:41.000Z</time>
        <extensions>
          <ns3:TrackPointExtension>
            <ns3:hr>165</ns3:hr>
            <ns3:cad>84</ns3:cad>
          </ns3:TrackPointExtension>
        </extensions>
      </trkpt>
      <trkpt lat="31.02042158134281635284423828125" lon="121.42379321157932281494140625">
        <ele>5.599999904632568359375</ele>
        <time>2026-06-02T12:38:42.000Z</time>
        <extensions>
          <ns3:TrackPointExtension>
            <ns3:hr>166</ns3:hr>
            <ns3:cad>84</ns3:cad>
          </ns3:TrackPointExtension>
        </extensions>
      </trkpt>
      <trkpt lat="31.02042644284665584564208984375" lon="121.423821710050106048583984375">
        <ele>5.599999904632568359375</ele>
        <time>2026-06-02T12:38:43.000Z</time>
        <extensions>
          <ns3:TrackPointExtension>
            <ns3:hr>165</ns3:hr>
            <ns3:cad>84</ns3:cad>
          </ns3:TrackPointExtension>
        </extensions>
      </trkpt>
      <trkpt lat="31.020434238016605377197265625" lon="121.42385247163474559783935546875">
        <ele>5.599999904632568359375</ele>
        <time>2026-06-02T12:38:44.000Z</time>
        <extensions>
          <ns3:TrackPointExtension>
            <ns3:hr>165</ns3:hr>
            <ns3:cad>85</ns3:cad>
          </ns3:TrackPointExtension>
        </extensions>
      </trkpt>
      <trkpt lat="31.02043926715850830078125" lon="121.42388599924743175506591796875">
        <ele>5.599999904632568359375</ele>
        <time>2026-06-02T12:38:45.000Z</time>
        <extensions>
          <ns3:TrackPointExtension>
            <ns3:hr>165</ns3:hr>
            <ns3:cad>85</ns3:cad>
          </ns3:TrackPointExtension>
        </extensions>
      </trkpt>
      <trkpt lat="31.02044957689940929412841796875" lon="121.4239137433469295501708984375">
        <ele>5.599999904632568359375</ele>
        <time>2026-06-02T12:38:46.000Z</time>
        <extensions>
          <ns3:TrackPointExtension>
            <ns3:hr>165</ns3:hr>
            <ns3:cad>85</ns3:cad>
          </ns3:TrackPointExtension>
        </extensions>
      </trkpt>
      <trkpt lat="31.020458377897739410400390625" lon="121.4239502884447574615478515625">
        <ele>5.599999904632568359375</ele>
        <time>2026-06-02T12:38:47.000Z</time>
        <extensions>
          <ns3:TrackPointExtension>
            <ns3:hr>165</ns3:hr>
            <ns3:cad>85</ns3:cad>
          </ns3:TrackPointExtension>
        </extensions>
      </trkpt>
      <trkpt lat="31.02046734653413295745849609375" lon="121.42397501505911350250244140625">
        <ele>5.80000019073486328125</ele>
        <time>2026-06-02T12:38:48.000Z</time>
        <extensions>
          <ns3:TrackPointExtension>
            <ns3:hr>165</ns3:hr>
            <ns3:cad>85</ns3:cad>
          </ns3:TrackPointExtension>
        </extensions>
      </trkpt>
      <trkpt lat="31.0204820148646831512451171875" lon="121.424009799957275390625">
        <ele>5.80000019073486328125</ele>
        <time>2026-06-02T12:38:49.000Z</time>
        <extensions>
          <ns3:TrackPointExtension>
            <ns3:hr>165</ns3:hr>
            <ns3:cad>86</ns3:cad>
          </ns3:TrackPointExtension>
        </extensions>
      </trkpt>
      <trkpt lat="31.0204971022903919219970703125" lon="121.42403192818164825439453125">
        <ele>5.80000019073486328125</ele>
        <time>2026-06-02T12:38:50.000Z</time>
        <extensions>
          <ns3:TrackPointExtension>
            <ns3:hr>165</ns3:hr>
            <ns3:cad>86</ns3:cad>
          </ns3:TrackPointExtension>
        </extensions>
      </trkpt>
      <trkpt lat="31.02052182890474796295166015625" lon="121.4240622706711292266845703125">
        <ele>5.80000019073486328125</ele>
        <time>2026-06-02T12:38:51.000Z</time>
        <extensions>
          <ns3:TrackPointExtension>
            <ns3:hr>165</ns3:hr>
            <ns3:cad>86</ns3:cad>
          </ns3:TrackPointExtension>
        </extensions>
      </trkpt>
      <trkpt lat="31.02053825743496417999267578125" lon="121.4240854047238826751708984375">
        <ele>5.80000019073486328125</ele>
        <time>2026-06-02T12:38:52.000Z</time>
        <extensions>
          <ns3:TrackPointExtension>
            <ns3:hr>165</ns3:hr>
            <ns3:cad>86</ns3:cad>
          </ns3:TrackPointExtension>
        </extensions>
      </trkpt>
      <trkpt lat="31.02056155912578105926513671875" lon="121.4241058565676212310791015625">
        <ele>5.80000019073486328125</ele>
        <time>2026-06-02T12:38:53.000Z</time>
        <extensions>
          <ns3:TrackPointExtension>
            <ns3:hr>165</ns3:hr>
            <ns3:cad>86</ns3:cad>
          </ns3:TrackPointExtension>
        </extensions>
      </trkpt>
      <trkpt lat="31.0205836035311222076416015625" lon="121.42412723042070865631103515625">
        <ele>5.80000019073486328125</ele>
        <time>2026-06-02T12:38:54.000Z</time>
        <extensions>
          <ns3:TrackPointExtension>
            <ns3:hr>165</ns3:hr>
            <ns3:cad>86</ns3:cad>
          </ns3:TrackPointExtension>
        </extensions>
      </trkpt>
      <trkpt lat="31.0206053964793682098388671875" lon="121.4241356961429119110107421875">
        <ele>6</ele>
        <time>2026-06-02T12:38:55.000Z</time>
        <extensions>
          <ns3:TrackPointExtension>
            <ns3:hr>165</ns3:hr>
            <ns3:cad>86</ns3:cad>
          </ns3:TrackPointExtension>
        </extensions>
      </trkpt>
      <trkpt lat="31.02063816972076892852783203125" lon="121.42415606416761875152587890625">
        <ele>6</ele>
        <time>2026-06-02T12:38:56.000Z</time>
        <extensions>
          <ns3:TrackPointExtension>
            <ns3:hr>165</ns3:hr>
            <ns3:cad>86</ns3:cad>
          </ns3:TrackPointExtension>
        </extensions>
      </trkpt>
      <trkpt lat="31.02065929211676120758056640625" lon="121.42417031340301036834716796875">
        <ele>6</ele>
        <time>2026-06-02T12:38:57.000Z</time>
        <extensions>
          <ns3:TrackPointExtension>
            <ns3:hr>165</ns3:hr>
            <ns3:cad>86</ns3:cad>
          </ns3:TrackPointExtension>
        </extensions>
      </trkpt>
      <trkpt lat="31.02068561129271984100341796875" lon="121.42418204806745052337646484375">
        <ele>5.80000019073486328125</ele>
        <time>2026-06-02T12:38:58.000Z</time>
        <extensions>
          <ns3:TrackPointExtension>
            <ns3:hr>165</ns3:hr>
            <ns3:cad>86</ns3:cad>
          </ns3:TrackPointExtension>
        </extensions>
      </trkpt>
      <trkpt lat="31.0207168757915496826171875" lon="121.42419344745576381683349609375">
        <ele>6</ele>
        <time>2026-06-02T12:38:59.000Z</time>
        <extensions>
          <ns3:TrackPointExtension>
            <ns3:hr>166</ns3:hr>
            <ns3:cad>86</ns3:cad>
          </ns3:TrackPointExtension>
        </extensions>
      </trkpt>
      <trkpt lat="31.020741350948810577392578125" lon="121.4241879992187023162841796875">
        <ele>6</ele>
        <time>2026-06-02T12:39:00.000Z</time>
        <extensions>
          <ns3:TrackPointExtension>
            <ns3:hr>165</ns3:hr>
            <ns3:cad>86</ns3:cad>
          </ns3:TrackPointExtension>
        </extensions>
      </trkpt>
      <trkpt lat="31.02077655494213104248046875" lon="121.42418841831386089324951171875">
        <ele>6</ele>
        <time>2026-06-02T12:39:01.000Z</time>
        <extensions>
          <ns3:TrackPointExtension>
            <ns3:hr>165</ns3:hr>
            <ns3:cad>86</ns3:cad>
          </ns3:TrackPointExtension>
        </extensions>
      </trkpt>
      <trkpt lat="31.02080203592777252197265625" lon="121.4241916872560977935791015625">
        <ele>6</ele>
        <time>2026-06-02T12:39:02.000Z</time>
        <extensions>
          <ns3:TrackPointExtension>
            <ns3:hr>166</ns3:hr>
            <ns3:cad>86</ns3:cad>
          </ns3:TrackPointExtension>
        </extensions>
      </trkpt>
      <trkpt lat="31.02082458324730396270751953125" lon="121.42418959178030490875244140625">
        <ele>6</ele>
        <time>2026-06-02T12:39:03.000Z</time>
        <extensions>
          <ns3:TrackPointExtension>
            <ns3:hr>165</ns3:hr>
            <ns3:cad>85</ns3:cad>
          </ns3:TrackPointExtension>
        </extensions>
      </trkpt>
      <trkpt lat="31.02085433900356292724609375" lon="121.42419378273189067840576171875">
        <ele>6</ele>
        <time>2026-06-02T12:39:04.000Z</time>
        <extensions>
          <ns3:TrackPointExtension>
            <ns3:hr>165</ns3:hr>
            <ns3:cad>84</ns3:cad>
          </ns3:TrackPointExtension>
        </extensions>
      </trkpt>
      <trkpt lat="31.02087772451341152191162109375" lon="121.4241983927786350250244140625">
        <ele>5.80000019073486328125</ele>
        <time>2026-06-02T12:39:05.000Z</time>
        <extensions>
          <ns3:TrackPointExtension>
            <ns3:hr>165</ns3:hr>
            <ns3:cad>84</ns3:cad>
          </ns3:TrackPointExtension>
        </extensions>
      </trkpt>
      <trkpt lat="31.02090270258486270904541015625" lon="121.424199230968952178955078125">
        <ele>5.80000019073486328125</ele>
        <time>2026-06-02T12:39:06.000Z</time>
        <extensions>
          <ns3:TrackPointExtension>
            <ns3:hr>165</ns3:hr>
            <ns3:cad>84</ns3:cad>
          </ns3:TrackPointExtension>
        </extensions>
      </trkpt>
      <trkpt lat="31.02092315442860126495361328125" lon="121.4242069423198699951171875">
        <ele>5.80000019073486328125</ele>
        <time>2026-06-02T12:39:07.000Z</time>
        <extensions>
          <ns3:TrackPointExtension>
            <ns3:hr>165</ns3:hr>
            <ns3:cad>83</ns3:cad>
          </ns3:TrackPointExtension>
        </extensions>
      </trkpt>
      <trkpt lat="31.02094092406332492828369140625" lon="121.4242161624133586883544921875">
        <ele>5.599999904632568359375</ele>
        <time>2026-06-02T12:39:08.000Z</time>
        <extensions>
          <ns3:TrackPointExtension>
            <ns3:hr>165</ns3:hr>
            <ns3:cad>82</ns3:cad>
          </ns3:TrackPointExtension>
        </extensions>
      </trkpt>
      <trkpt lat="31.02095467038452625274658203125" lon="121.4242188446223735809326171875">
        <ele>5.599999904632568359375</ele>
        <time>2026-06-02T12:39:09.000Z</time>
        <extensions>
          <ns3:TrackPointExtension>
            <ns3:hr>165</ns3:hr>
            <ns3:cad>82</ns3:cad>
          </ns3:TrackPointExtension>
        </extensions>
      </trkpt>
      <trkpt lat="31.0209663212299346923828125" lon="121.4242203533649444580078125">
        <ele>5.599999904632568359375</ele>
        <time>2026-06-02T12:39:10.000Z</time>
        <extensions>
          <ns3:TrackPointExtension>
            <ns3:hr>166</ns3:hr>
            <ns3:cad>82</ns3:cad>
          </ns3:TrackPointExtension>
        </extensions>
      </trkpt>
      <trkpt lat="31.020985431969165802001953125" lon="121.42421574331820011138916015625">
        <ele>5.599999904632568359375</ele>
        <time>2026-06-02T12:39:11.000Z</time>
        <extensions>
          <ns3:TrackPointExtension>
            <ns3:hr>165</ns3:hr>
            <ns3:cad>82</ns3:cad>
          </ns3:TrackPointExtension>
        </extensions>
      </trkpt>
      <trkpt lat="31.02099490351974964141845703125" lon="121.42421163618564605712890625">
        <ele>5.599999904632568359375</ele>
        <time>2026-06-02T12:39:12.000Z</time>
        <extensions>
          <ns3:TrackPointExtension>
            <ns3:hr>165</ns3:hr>
            <ns3:cad>82</ns3:cad>
          </ns3:TrackPointExtension>
        </extensions>
      </trkpt>
      <trkpt lat="31.02101468481123447418212890625" lon="121.42421708442270755767822265625">
        <ele>5.599999904632568359375</ele>
        <time>2026-06-02T12:39:13.000Z</time>
        <extensions>
          <ns3:TrackPointExtension>
            <ns3:hr>165</ns3:hr>
            <ns3:cad>66</ns3:cad>
          </ns3:TrackPointExtension>
        </extensions>
      </trkpt>
      <trkpt lat="31.02102424018085002899169921875" lon="121.42421423457562923431396484375">
        <ele>5.599999904632568359375</ele>
        <time>2026-06-02T12:39:14.000Z</time>
        <extensions>
          <ns3:TrackPointExtension>
            <ns3:hr>164</ns3:hr>
            <ns3:cad>66</ns3:cad>
          </ns3:TrackPointExtension>
        </extensions>
      </trkpt>
      <trkpt lat="31.02103111334145069122314453125" lon="121.42420568503439426422119140625">
        <ele>5.80000019073486328125</ele>
        <time>2026-06-02T12:39:15.000Z</time>
        <extensions>
          <ns3:TrackPointExtension>
            <ns3:hr>164</ns3:hr>
            <ns3:cad>66</ns3:cad>
          </ns3:TrackPointExtension>
        </extensions>
      </trkpt>
      <trkpt lat="31.021031700074672698974609375" lon="121.42419948242604732513427734375">
        <ele>5.80000019073486328125</ele>
        <time>2026-06-02T12:39:16.000Z</time>
        <extensions>
          <ns3:TrackPointExtension>
            <ns3:hr>163</ns3:hr>
            <ns3:cad>55</ns3:cad>
          </ns3:TrackPointExtension>
        </extensions>
      </trkpt>
      <trkpt lat="31.02103932760655879974365234375" lon="121.42419965006411075592041015625">
        <ele>5.80000019073486328125</ele>
        <time>2026-06-02T12:39:17.000Z</time>
        <extensions>
          <ns3:TrackPointExtension>
            <ns3:hr>160</ns3:hr>
            <ns3:cad>55</ns3:cad>
          </ns3:TrackPointExtension>
        </extensions>
      </trkpt>
      <trkpt lat="31.02104435674846172332763671875" lon="121.4242044277489185333251953125">
        <ele>5.80000019073486328125</ele>
        <time>2026-06-02T12:39:18.000Z</time>
        <extensions>
          <ns3:TrackPointExtension>
            <ns3:hr>160</ns3:hr>
            <ns3:cad>55</ns3:cad>
          </ns3:TrackPointExtension>
        </extensions>
      </trkpt>
      <trkpt lat="31.02105190046131610870361328125" lon="121.42421356402337551116943359375">
        <ele>5.80000019073486328125</ele>
        <time>2026-06-02T12:39:19.000Z</time>
        <extensions>
          <ns3:TrackPointExtension>
            <ns3:hr>159</ns3:hr>
            <ns3:cad>52</ns3:cad>
          </ns3:TrackPointExtension>
        </extensions>
      </trkpt>
      <trkpt lat="31.02105609141290187835693359375" lon="121.42422311939299106597900390625">
        <ele>6</ele>
        <time>2026-06-02T12:39:20.000Z</time>
        <extensions>
          <ns3:TrackPointExtension>
            <ns3:hr>159</ns3:hr>
            <ns3:cad>52</ns3:cad>
          </ns3:TrackPointExtension>
        </extensions>
      </trkpt>
      <trkpt lat="31.02105818688869476318359375" lon="121.42423066310584545135498046875">
        <ele>6</ele>
        <time>2026-06-02T12:39:21.000Z</time>
        <extensions>
          <ns3:TrackPointExtension>
            <ns3:hr>158</ns3:hr>
            <ns3:cad>52</ns3:cad>
          </ns3:TrackPointExtension>
        </extensions>
      </trkpt>
      <trkpt lat="31.02106011472642421722412109375" lon="121.424237452447414398193359375">
        <ele>6</ele>
        <time>2026-06-02T12:39:22.000Z</time>
        <extensions>
          <ns3:TrackPointExtension>
            <ns3:hr>157</ns3:hr>
            <ns3:cad>52</ns3:cad>
          </ns3:TrackPointExtension>
        </extensions>
      </trkpt>
      <trkpt lat="31.02106497623026371002197265625" lon="121.42424692399799823760986328125">
        <ele>6</ele>
        <time>2026-06-02T12:39:23.000Z</time>
        <extensions>
          <ns3:TrackPointExtension>
            <ns3:hr>157</ns3:hr>
            <ns3:cad>52</ns3:cad>
          </ns3:TrackPointExtension>
        </extensions>
      </trkpt>
      <trkpt lat="31.02107000537216663360595703125" lon="121.42425362952053546905517578125">
        <ele>6</ele>
        <time>2026-06-02T12:39:24.000Z</time>
        <extensions>
          <ns3:TrackPointExtension>
            <ns3:hr>151</ns3:hr>
            <ns3:cad>52</ns3:cad>
          </ns3:TrackPointExtension>
        </extensions>
      </trkpt>
    </trkseg>
  </trk>
</gpx>
